rank,ticker,price,expected_irr,median_irr,p10_irr,p90_irr,above_hurdle_weight,hurdle_rate,permanent_loss_weight,worst_case_shortfall,worst_case_hurdle_gap,expected_shortfall,hurdle_cvar,intrinsic_value_low,intrinsic_value_base,intrinsic_value_high,intrinsic_value_bear,intrinsic_value_bull,scenario_order_inversion,scenario_order_note,upside_to_base,model_confidence,data_confidence,model_uncertainty,business_quality,valuation_excess,evidence_confidence,valuation_status,invalid_reason,invalid_fields,assumption_flags,valuation_alerts,requires_manual_review,roic_status,catastrophic_tail_floor_applied,catastrophic_tail_scenarios,name,sector,industry,model_family,market_cap,financial_persistence_score,roic,incremental_roic,wacc,roic_minus_wacc,normalized_operating_margin,current_operating_margin,revenue_cagr,net_debt_to_ebitda,sbc_intensity,net_share_change_cagr,risk_flags,years_of_data,latest_fiscal_year,anchor_source,latest_filing_date,price_as_of,is_price_fresh,shares_outstanding,beta,specialist_model_note,downside_penalty,ambiguity_penalty,permanent_loss_penalty,hurdle_penalty,robust_return,ineligible_reasons,eligible
24,EOG,129.73,0.24283312837360432,0.26081142142065805,-0.01010927601018918,0.4598189466632904,0.75,0.12,0.0,0.01010927601018918,0.13010927601018918,0.01010927601018918,0.13010927601018918,93.15163353138344,283.357599944843,618.414093051425,93.15163353138344,618.414093051425,False,,1.1842102824700764,0.40392,1.0,0.2528465113367398,0.8322,0.14081142142065806,0.40392,valid,,,reinvestment_cap_hit;intrinsic_2x_price,,False,ok,False,,"EOG Resources, Inc.",Energy,Oil & Gas Exploration & Production,general_dcf,69097960170.0,0.8322,0.1921508373909426,0.11979666979573474,0.06733942186842494,0.12481141552251766,0.3240782636756039,0.3692076821530469,0.03975957813758413,0.36241358830596976,0.00851227649927282,-0.03044624297727938,cyclical_revenue,8.0,2025.0,ttm,2026-05-05,2026-06-30,True,,,,0.01010927601018918,0.1264232556683699,0.0,0.13010927601018918,-0.07323272666995698,robust_return<=0,False
134,FISV,49.05,0.2412228890054394,0.3193213952705265,-0.2275748483138159,0.5538236137945205,0.75,0.12,0.25,0.2275748483138159,0.3475748483138159,0.2275748483138159,0.3475748483138159,11.439061740596417,123.54763671804095,274.10510917119666,11.439061740596417,274.10510917119666,False,,1.5188101267694383,0.368388,1.0,0.4096475910541682,0.6673,0.1993213952705265,0.368388,valid,,,forward_roic_cap_hit;share_change_floor_hit;intrinsic_2x_price,,False,ok,False,,"Fiserv, Inc.",Technology,Information Technology Services,general_dcf,26156108700.0,0.6673,0.0767878766895658,1.0079318519076124,0.07642516225063012,0.00036271443893567956,0.2367339951540479,0.24376481744902798,0.20267803207389457,3.4091943014485815,0.01791232388833604,-0.06159539790027424,elevated_leverage;thin_interest_coverage;cyclical_revenue,8.0,2025.0,ttm,2026-05-06,2026-06-30,True,,,,0.2275748483138159,0.2048237955270841,0.125,0.3475748483138159,-0.2741472381528972,robust_return<=0,False
18,IT,129.62,0.20012019830028296,0.21992268727626657,0.022895071841776398,0.3377403468068223,0.75,0.12,0.0,0.0,0.0971049281582236,0.0,0.0971049281582236,100.0623858248142,211.90441342375075,318.5515120411686,100.0623858248142,318.5515120411686,False,,0.6348126324930623,0.741,1.0,0.16519263748252294,0.9097,0.09992268727626658,0.741,valid,,,,,False,ok,False,,"Gartner, Inc.",Industrials,Consulting Services,general_dcf,8678305148.147429,0.9097,0.5156024176736608,,0.07954494677366607,0.4360574708999947,0.17117715207499506,0.1643040718597466,0.07269833519446389,1.2645148373893313,0.02399120490250038,-0.04790800813604068,,8.0,2025.0,ttm,2026-05-05,2026-06-30,True,,,,0.0,0.08259631874126147,0.0,0.0971049281582236,-0.023062216886510056,robust_return<=0,False
27,LDOS,102.97,0.18606939112942206,0.2175851955951658,-0.03857649721321647,0.34768367054057314,0.75,0.12,0.0,0.03857649721321647,0.15857649721321646,0.03857649721321647,0.15857649721321646,62.759260776536706,185.42903981016724,301.788012788041,62.759260776536706,301.788012788041,False,,0.8008064466365663,0.6343920000000001,1.0,0.2040983238768948,0.792,0.09758519559516579,0.6343920000000001,valid,,,forward_roic_cap_hit;wacc_floor_hit,,False,ok,False,,"Leidos Holdings, Inc.",Technology,Information Technology Services,general_dcf,12952129434.399633,0.792,0.14105264323409952,1.803534724862237,0.065,0.07605264323409952,0.08168230208944804,0.12032915921288015,0.07736031877777316,2.727711564790613,0.005101428399951986,-0.024762720249560388,,8.0,2025.0,ttm,2026-05-05,2026-06-30,True,,,,0.03857649721321647,0.1020491619384474,0.0,0.15857649721321646,-0.09666922980920803,robust_return<=0,False
17,UDR,39.92,0.17304559299110195,0.21277898060768585,0.05384543014135024,0.21277898060768585,0.75,0.12,0.0,0.0,0.06615456985864976,0.0,0.06615456985864976,51.88897784396521,104.73668868730988,104.73668868730988,51.88897784396521,104.73668868730988,False,,1.6236645462752977,0.6,0.8,0.0974667752331678,0.49542312721838216,0.09277898060768586,0.48,valid,,,specialist_model_v1,,False,specialist,False,,"UDR, Inc.",Real Estate,REIT - Residential,reit,12970646720.0,,,,,,,,,,,,,,,,,2026-06-30,True,324916000.0,0.712,P/AFFO Gordon proxy; no property-level NOI or maintenance-capex detail,0.0,0.0487333876165839,0.0,0.06615456985864976,-0.02162065916696055,robust_return<=0,False
14,ADBE,205.02,0.16741113043972297,0.17841574845078872,0.06995414749253545,0.24285887736477896,0.75,0.12,0.0,0.0,0.050045852507464544,0.0,0.050045852507464544,174.61431614485707,257.76350045571013,322.7956602812045,174.61431614485707,322.7956602812045,False,,0.25726026951375536,0.78426,1.0,0.09292456493612175,0.9778,0.05841574845078873,0.78426,valid,,,share_change_floor_hit,,False,ok,False,,Adobe Inc.,Technology,Software - Application,general_dcf,81495450000.0,0.9778,0.5828394717436669,,0.10978911384687147,0.47305035789679545,0.33594547644152983,0.36074291610445275,0.14827553206887933,0.14610620367550006,0.08746803069053709,-0.05143219139045718,heavy_sbc,8.0,2025.0,ttm,2026-06-15,2026-06-30,True,,,,0.0,0.046462282468060875,0.0,0.050045852507464544,-0.004232717627448979,robust_return<=0,False
19,EQR,67.93,0.15720577694139587,0.16635273479588264,0.052831831744177826,0.24328580642964037,0.75,0.12,0.0,0.0,0.06716816825582217,0.0,0.06716816825582217,87.87324210704504,146.6260633303947,201.79783058299518,87.87324210704504,201.79783058299518,False,,1.1584876097511358,0.6,0.8,0.11322698734273126,0.5993016528653502,0.046352734795882644,0.48,valid,,,specialist_model_v1,,False,specialist,False,,Equity Residential,Real Estate,REIT - Residential,reit,25451468960.000004,,,,,,,,,,,,,,,,,2026-06-30,True,374672000.0,0.764,P/AFFO Gordon proxy; no property-level NOI or maintenance-capex detail,0.0,0.05661349367136563,0.0,0.06716816825582217,-0.0449188555537985,robust_return<=0,False
22,MO,71.95,0.15514033634390217,0.17455113917822018,0.006915821507573156,0.2645432455115952,0.75,0.12,0.0,0.0,0.11308417849242684,0.0,0.11308417849242684,54.91664548212606,109.64981969583317,154.10255373890456,54.91664548212606,154.10255373890456,False,,0.5239724766620315,0.8869,1.0,0.13220671200201103,0.9577,0.05455113917822019,0.8869,valid,,,,,False,ok,False,,"Altria Group, Inc.",Consumer Defensive,Tobacco,general_dcf,120148674358.35056,0.9577,0.4597417918845177,,0.0655189938936029,0.3942227979909148,0.5487126521180992,0.5073114829245932,0.003685641666252071,1.8617246863403427,0.0,-0.024816219778510784,,8.0,2025.0,ttm,2026-04-30,2026-06-30,True,,,,0.0,0.06610335600100552,0.0,0.11308417849242684,-0.06470277315526335,robust_return<=0,False
20,HUM,397.22,0.14533247339604716,0.15201094693475173,0.041089317780279126,0.2362186819344061,0.75,0.12,0.0,0.0,0.07891068221972086,0.0,0.07891068221972086,334.89625088407354,554.5789490038088,792.1297349288928,334.89625088407354,792.1297349288928,False,,0.3961506193137525,0.60102,1.0,0.10953408207706349,0.6588,0.03201094693475173,0.60102,valid,,,forward_roic_floor_hit;reinvestment_cap_hit,,False,ok,False,,Humana Inc.,Healthcare,Medical - Healthcare Plans,general_dcf,47690829030.0,0.6588,0.1021763675998857,-3.1877500630455566,0.07950751022102676,0.022668857378858945,0.03738824841318843,0.010087463556851311,0.12474239016717803,-3.6451760402377684,0.0017570515486669326,-0.017189413989020408,thin_interest_coverage;incremental_roic_below_wacc,8.0,2025.0,ttm,2026-04-29,2026-06-30,True,,,,0.0,0.05476704103853174,0.0,0.07891068221972086,-0.05967146289299638,robust_return<=0,False
15,ELV,386.73,0.136722985040251,0.12581660187570387,0.10765874106436972,0.18759999534522653,0.75,0.12,0.0,0.0,0.012341258935630275,0.0,0.012341258935630275,452.8294710010512,503.94224964448586,662.4088733470079,452.8294710010512,662.4088733470079,False,,0.30308548507870037,0.669789,1.0,0.049876957140428405,0.8355,0.005816601875703875,0.669789,valid,,,forward_roic_floor_hit;reinvestment_cap_hit,,False,ok,False,,Elevance Health Inc.,Healthcare,Medical - Healthcare Plans,general_dcf,83983207217.21416,0.8355,0.14661352873315672,-0.055718693137273054,0.06989938394689472,0.076714144786262,0.05862056864328994,0.038080981962427964,0.11643811436572027,-0.4061578774975434,0.0013860640301318267,-0.03174970957167689,incremental_roic_below_wacc,8.0,2025.0,ttm,2026-04-22,2026-06-30,True,,,,0.0,0.024938478570214202,0.0,0.012341258935630275,-0.008445362981904453,robust_return<=0,False
68,KDP,32.73,0.12910638450412082,0.1538983451202512,-0.0884501803666353,0.29707902814261616,0.75,0.12,0.25,0.0884501803666353,0.2084501803666353,0.0884501803666353,0.2084501803666353,13.503917974998528,48.00794542948736,88.938494667616,13.503917974998528,88.938494667616,False,,0.46678721141116286,0.4823064,1.0,0.20829541225462572,0.5562,0.033898345120251194,0.4823064,valid,,,base_growth_cap_hit;wacc_floor_hit;reinvestment_cap_hit,,False,ok,False,,Keurig Dr Pepper Inc.,Consumer Defensive,Beverages - Non-Alcoholic,general_dcf,44531111485.56518,0.5562,0.0548537827757298,0.19519455993230328,0.065,-0.010146217224270206,0.2147024553505525,0.2129367327667611,0.12146383175230757,5.922415851038434,0.006383948928408573,-0.01535533550693835,elevated_leverage;thin_interest_coverage;cyclical_revenue,8.0,2025.0,ttm,2026-04-23,2026-06-30,True,,,,0.0884501803666353,0.10414770612731286,0.125,0.2084501803666353,-0.19210079156572937,robust_return<=0,False
34,MKC,50.42,0.1273559800902149,0.14756082869134846,-0.030118235049303586,0.2444204980274663,0.75,0.12,0.0,0.030118235049303586,0.15011823504930358,0.030118235049303586,0.15011823504930358,30.97718842450371,68.8363801297799,102.51097309978344,30.97718842450371,102.51097309978344,False,,0.36525942343871276,0.8488,1.0,0.14180536653838496,0.7395,0.02756082869134846,0.8488,valid,,,,,False,ok,False,,"McCormick & Company, Incorporated",Consumer Defensive,Packaged Foods,general_dcf,13555494747.430357,0.7395,0.07875956249661487,0.32789539622469666,0.06920608957913695,0.00955347291747792,0.1601489888335239,0.15342955400904437,0.03704045899573383,3.3107690094237823,0.007049689902880854,-0.0012351791227026565,elevated_leverage,8.0,2025.0,ttm,2026-06-25,2026-06-30,True,,,,0.030118235049303586,0.07090268326919248,0.0,0.15011823504930358,-0.126724603656087,robust_return<=0,False
16,HPQ,21.94,0.12715354381361982,0.10831596897915008,0.10831596897915008,0.15956539940088993,0.5,0.12,0.0,0.0,0.011684031020849917,0.0,0.011684031020849917,23.332692194270024,23.332692194270024,30.061022616249605,25.06355361149146,30.061022616249605,True,"growth destroys value: forward ROIC 2.0% at/below WACC 8.8%, so higher-growth scenarios reinvest below the cost of capital and are worth less than the bear case",0.06347731058660089,0.669951,1.0,0.03552618521086993,0.9686,-0.011684031020849917,0.669951,valid,,,forward_roic_floor_hit;reinvestment_cap_hit,,False,ok,False,,HP Inc.,Technology,Computer Hardware,general_dcf,20064634620.0,0.9686,0.48920776765767315,-0.3893044128646223,0.08768551878560607,0.4015222488720671,0.06576206509215812,0.055088214291934445,-0.007949026438381246,1.435138387484958,0.008439291248903079,-0.041370451935990316,incremental_roic_below_wacc,8.0,2025.0,ttm,2026-05-28,2026-06-30,True,,,,0.0,0.017763092605434964,0.0,0.011684031020849917,-0.011684031020849917,robust_return<=0; median_irr<=hurdle,False
29,TSN,57.25,0.12666835423733575,0.12690690682502465,0.0019272984936833657,0.25093230480561035,0.75,0.12,0.0,0.0,0.11807270150631663,0.0,0.11807270150631663,42.46805954564479,75.77144338431191,131.2783358899664,42.46805954564479,131.2783358899664,False,,0.3235186617347059,0.580446,1.0,0.1370891231559635,0.6055,0.00690690682502465,0.580446,valid,,,forward_roic_floor_hit;reinvestment_cap_hit,,False,ok,False,,"Tyson Foods, Inc.",Consumer Defensive,Agricultural Farm Products,general_dcf,20380968913.730103,0.6055,0.0388686065450989,-2.0474368084662204,0.06869924201238052,-0.029830635467281624,0.06748815026900128,0.0230479267635972,0.04482396796231858,2.8701741105223317,0.0018368509028122188,-0.00833372078387895,thin_interest_coverage;incremental_roic_below_wacc,8.0,2025.0,ttm,2026-05-04,2026-06-30,True,,,,0.0,0.06854456157798175,0.0,0.11807270150631663,-0.11406361506735838,robust_return<=0,False
25,INTU,261.0,0.1260835832443263,0.13849187427258586,0.02774263787141539,0.19960794656071812,0.75,0.12,0.0,0.0,0.09225736212858461,0.0,0.09225736212858461,198.8707838128757,315.68249983851223,402.74967433255955,198.8707838128757,402.74967433255955,False,,0.20951149363414645,0.8317,1.0,0.09098165434465136,0.9487,0.018491874272585862,0.8317,valid,,,,,False,ok,False,,Intuit Inc.,Technology,Software - Application,general_dcf,71393157000.0,0.9487,0.2272296769211967,0.14923128059271104,0.08912674897752569,0.13810292794367102,0.25922285642412646,0.2746953405017921,0.17679911512930202,0.018226002430133656,0.11912803193122505,-0.009479243496282042,heavy_sbc,8.0,2025.0,ttm,2026-05-20,2026-06-30,True,,,,0.0,0.04549082717232568,0.0,0.09225736212858461,-0.07687767029607495,robust_return<=0,False
23,INVH,30.21,0.12566677066737664,0.1566333100123134,0.032767152632566354,0.1566333100123134,0.75,0.12,0.0,0.0,0.08723284736743364,0.0,0.08723284736743364,35.494642680018444,62.53587091484125,62.53587091484125,35.494642680018444,62.53587091484125,False,,1.070038759180445,0.6,0.8,0.07993307868987351,0.5675885241664512,0.0366333100123134,0.48,valid,,,specialist_model_v1,,False,specialist,False,,Invitation Homes Inc.,Real Estate,REIT - Residential,reit,17946008820.0,,,,,,,,,,,,,,,,,2026-06-30,True,594042000.0,0.853,P/AFFO Gordon proxy; no property-level NOI or maintenance-capex detail,0.0,0.039966539344936755,0.0,0.08723284736743364,-0.06964885856152321,robust_return<=0,False
32,MCK,755.6,0.12462489705176272,0.14154556495486764,-0.011603418171580386,0.22701187646889598,0.75,0.12,0.0,0.011603418171580386,0.1316034181715804,0.011603418171580386,0.1316034181715804,530.1847266424687,1000.8972952142173,1382.4826075418687,530.1847266424687,1382.4826075418687,False,,0.32463908842538003,0.7735500000000001,1.0,0.1261011473202382,0.9592,0.021545564954867646,0.7735500000000001,valid,,,forward_roic_cap_hit,,False,ok,False,,McKesson Corporation,Healthcare,Medical - Distribution,general_dcf,88464136800.00002,0.9592,2.07770431466415,4.1175891113896075,0.06787549813531674,2.009828816528833,0.01369892604062704,0.015792082889224898,0.09457098304352618,0.6866489046773239,0.0,-0.04797506777090055,,8.0,2026.0,ttm,2026-05-08,2026-06-30,True,,,,0.011603418171580386,0.0630505736601191,0.0,0.1316034181715804,-0.11493684640074252,robust_return<=0,False
26,O,61.96,0.11989566318336708,0.15649261914499357,0.010104795298487623,0.15649261914499357,0.75,0.12,0.0,0.0,0.10989520470151237,0.0,0.10989520470151237,65.15437353193448,128.18161411761167,128.18161411761167,65.15437353193448,128.18161411761167,False,,1.0687800858232999,0.6,0.8,0.09119391192325296,0.5082973403046148,0.03649261914499358,0.48,valid,,,specialist_model_v1,,False,specialist,False,,Realty Income Corporation,Real Estate,REIT - Retail,reit,57777237159.20091,,,,,,,,,,,,,,,,,2026-06-30,True,932492530.0064704,0.734,P/AFFO Gordon proxy; no property-level NOI or maintenance-capex detail,0.0,0.04559695596162648,0.0,0.10989520470151237,-0.09237874751191545,robust_return<=0,False
33,HCA,389.89,0.1192476360512956,0.13641062724345832,-0.008438956807367474,0.2126082465256332,0.75,0.12,0.0,0.008438956807367474,0.12843895680736747,0.008438956807367474,0.12843895680736747,239.42686119826197,458.00904514274464,631.5120112379656,239.42686119826197,631.5120112379656,False,,0.1747134964804038,0.80514,1.0,0.11636940166650034,0.9682,0.01641062724345832,0.80514,valid,,,share_change_floor_hit,,False,ok,False,,"HCA Healthcare, Inc.",Healthcare,Medical - Care Facilities,general_dcf,86493119622.0,0.9682,0.22229449002053037,0.20581754978431388,0.08168439672832291,0.14061009329220747,0.1487826149175951,0.15673927842069435,0.07131449251891953,3.1417833740203007,0.0,-0.08375874484786883,elevated_leverage,8.0,2025.0,ttm,2026-04-29,2026-06-30,True,,,,0.008438956807367474,0.05818470083325017,0.0,0.12843895680736747,-0.11522610438856944,robust_return<=0,False
21,HST,23.71,0.11577978816875384,0.13845706250378775,0.047747965163652095,0.13845706250378775,0.75,0.12,0.0,0.0,0.0722520348363479,0.0,0.0722520348363479,29.937510583113177,45.343478327105636,45.343478327105636,29.937510583113177,45.343478327105636,False,,0.9124200053608449,0.6,0.8,0.06335454867006782,0.6602385103133341,0.018457062503787758,0.48,valid,,,specialist_model_v1,,False,specialist,False,,"Host Hotels & Resorts, Inc.",Real Estate,REIT - Hotel & Motel,reit,16238487752.154602,,,,,,,,,,,,,,,,,2026-06-30,True,684879280.9850106,1.127,P/AFFO Gordon proxy; no property-level NOI or maintenance-capex detail,0.0,0.03167727433503391,0.0,0.0722520348363479,-0.06339264483452978,robust_return<=0,False
83,BMY,57.62,0.11250839185668157,0.1375943828257733,-0.10133974545169619,0.2761845472268759,0.75,0.12,0.25,0.10133974545169619,0.22133974545169618,0.10133974545169619,0.22133974545169618,26.644554214204494,77.14627681178352,136.1548366470935,26.644554214204494,136.1548366470935,False,,0.3388801945814566,0.48384,1.0,0.20424694633928606,0.8828,0.017594382825773303,0.48384,valid,,,wacc_floor_hit,,False,ok,False,,Bristol-Myers Squibb Company,Healthcare,Drug Manufacturers - General,general_dcf,117664073400.0,0.8828,0.1901788524522589,,0.065,0.1251788524522589,0.20325958745177736,0.2567138319376263,0.11452717234836363,2.1182118585946754,0.011474457401336267,-0.016179757587517773,cyclical_revenue,8.0,2025.0,ttm,2026-04-30,2026-06-30,True,,,,0.10133974545169619,0.10212347316964303,0.125,0.22133974545169618,-0.21282687926527402,robust_return<=0,False
61,CLX,95.44,0.10719542904698756,0.12901940005249346,-0.06373834771802647,0.23448126380098983,0.75,0.12,0.0,0.06373834771802647,0.18373834771802647,0.06373834771802647,0.18373834771802647,52.10316503400492,122.05364126221767,185.4686606289056,52.10316503400492,185.4686606289056,False,,0.278852066871518,0.7283700000000001,1.0,0.15725870575950815,0.936,0.009019400052493465,0.7283700000000001,valid,,,wacc_floor_hit,,False,ok,False,,The Clorox Company,Consumer Defensive,Household & Personal Products,general_dcf,11540700240.0,0.936,0.2552891596695252,,0.065,0.1902891596695252,0.16627615240393642,0.15680473372781065,0.021432522079732008,2.5653188180404354,0.010432821091216692,-0.00573336662121704,,8.0,2025.0,ttm,2026-04-30,2026-06-30,True,,,,0.06373834771802647,0.07862935287975407,0.0,0.18373834771802647,-0.1771688873017918,robust_return<=0,False
38,REGN,623.54,0.10466981432182366,0.09975245519090094,-0.016093383010593213,0.235267729916086,0.25,0.12,0.0,0.016093383010593213,0.1360933830105932,0.016093383010593213,0.1360933830105932,435.04154730881487,723.2611826489015,1304.6717587045325,435.04154730881487,1304.6717587045325,False,,0.15992748283815228,0.37260000000000004,1.0,0.14450255646333962,0.7721,-0.020247544809099058,0.37260000000000004,valid,,,forward_roic_floor_hit;reinvestment_cap_hit,,False,ok,False,,"Regeneron Pharmaceuticals, Inc.",Healthcare,Biotechnology,general_dcf,64238337880.0,0.7721,0.12871126768888835,-0.5041851875039128,0.06915401636385154,0.05955725132503681,0.3573214670473511,0.24324378669669428,0.1146107805044887,-1.450552877119762,0.06920152091254753,-0.01733245212203738,heavy_sbc;cyclical_revenue;incremental_roic_below_wacc,8.0,2025.0,ttm,2026-04-29,2026-06-30,True,,,,0.016093383010593213,0.07225127823166981,0.0,0.1360933830105932,-0.1360933830105932,robust_return<=0; median_irr<=hurdle,False
28,DECK,99.29,0.10325868811924015,0.11209850976010789,0.0107759537175298,0.178061779239215,0.25,0.12,0.0,0.0,0.10922404628247019,0.0,0.10922404628247019,70.85069059047171,104.86914809929584,133.16334194787632,70.85069059047171,133.16334194787632,False,,0.05619043306773941,0.7479899999999999,1.0,0.09120321276084262,0.9559,-0.007901490239892103,0.7479899999999999,valid,,,forward_roic_cap_hit,,False,ok,False,,Deckers Outdoor Corporation,Consumer Cyclical,Apparel - Footwear & Accessories,general_dcf,13789494490.0,0.9559,1.0092935769104932,10.520224177237193,0.10062550043414234,0.9086680764763508,0.18901089246657682,0.23004941381117394,0.15243133665375241,-1.1484377459644957,0.008219898369165564,-0.04035792293318252,,8.0,2026.0,ttm,2026-05-22,2026-06-30,True,,,,0.0,0.04560160638042131,0.0,0.10922404628247019,-0.10922404628247019,robust_return<=0; median_irr<=hurdle,False
44,AZO,3195.94,0.10179470080188369,0.11852808234398254,-0.02692917073600253,0.19705180925557217,0.25,0.12,0.0,0.02692917073600253,0.14692917073600253,0.02692917073600253,0.14692917073600253,2050.4664756665034,3894.6432131959455,5326.663871074226,2050.4664756665034,5326.663871074226,False,,0.2186221309523788,0.81,1.0,0.11769048999578735,0.98,-0.0014719176560174518,0.81,valid,,,share_change_floor_hit,,False,ok,False,,"AutoZone, Inc.",Consumer Cyclical,Specialty Retail,general_dcf,52174995680.20897,0.98,0.2991518828607477,0.1586407035521743,0.065480195745393,0.2336716871153547,0.19519689421872288,0.1802466316602026,0.07764003168086742,2.902763589288981,0.0057460497597979655,-0.06675336159101442,,8.0,2025.0,ttm,2026-06-12,2026-06-30,True,,,,0.02692917073600253,0.058845244997893675,0.0,0.14692917073600253,-0.14692917073600253,robust_return<=0; median_irr<=hurdle,False
37,META,563.29,0.09802676317140142,0.11199325410052556,-0.013957943957211654,0.18207848844176622,0.25,0.12,0.0,0.013957943957211654,0.13395794395721164,0.013957943957211654,0.13395794395721164,332.64405904495675,578.5637839508901,767.6253983030773,332.64405904495675,767.6253983030773,False,,0.027115311741536585,0.7459,1.0,0.10564121619948894,0.9547,-0.008006745899474435,0.7459,valid,,,,,False,ok,False,,"Meta Platforms, Inc.",Communication Services,Internet Content & Information,general_dcf,1429868457277.6826,0.9547,0.2944559017512747,0.23494255125411584,0.10300577499801913,0.19145012675325554,0.3882502134788519,0.41213139005317195,0.20075970336662885,0.05113074980788231,0.10164405919409253,-0.01732277205233923,heavy_sbc,8.0,2025.0,ttm,2026-04-30,2026-06-30,True,,,,0.013957943957211654,0.05282060809974447,0.0,0.13395794395721164,-0.13395794395721164,robust_return<=0; median_irr<=hurdle,False
36,AFL,117.25,0.09753208958109402,0.11524334892164823,-0.013520879847951028,0.17316254032903067,0.25,0.12,0.0,0.013520879847951028,0.13352087984795102,0.013520879847951028,0.13352087984795102,109.5348551734654,202.28378011839277,260.55762552596804,109.5348551734654,260.55762552596804,False,,0.7252347984511109,0.6,0.8,0.11134171008849084,0.5414910434704986,-0.00475665107835177,0.48,valid,,,specialist_model_v1,,False,specialist,False,,Aflac Incorporated,Financial Services,Insurance - Life,insurance,59678491250.0,,,,,,,,,,,,,,,,,2026-06-30,True,508985000.0,0.61,Justified P/B residual-income proxy; no regulatory-capital or reserve-detail model,0.013520879847951028,0.05567085504424542,0.0,0.13352087984795102,-0.13352087984795102,robust_return<=0; median_irr<=hurdle,False
30,REG,79.74,0.09550652697331824,0.12650107484640438,0.002522883354059813,0.12650107484640438,0.75,0.12,0.0,0.0,0.11747711664594018,0.0,0.11747711664594018,80.7509618175646,144.6552777547748,144.6552777547748,80.7509618175646,144.6552777547748,False,,0.8140867538848107,0.6,0.8,0.07998909574617227,0.5582303188028628,0.006501074846404387,0.48,valid,,,specialist_model_v1,,False,specialist,False,,Regency Centers Corporation,Real Estate,REIT - Retail,reit,14600138034.298601,,,,,,,,,,,,,,,,,2026-06-30,True,183096789.99622023,0.832,P/AFFO Gordon proxy; no property-level NOI or maintenance-capex detail,0.0,0.039994547873086136,0.0,0.11747711664594018,-0.11435660071966608,robust_return<=0,False
59,STZ,139.09,0.09242720131151147,0.11058993111946619,-0.05156790538458149,0.20009684839169503,0.25,0.12,0.0,0.05156790538458149,0.1715679053845815,0.05156790538458149,0.1715679053845815,79.51833817315519,162.9916635291688,235.41717050868323,79.51833817315519,235.41717050868323,False,,0.1718431485309424,0.78615,1.0,0.13224787688813824,0.8291,-0.009410068880533806,0.78615,valid,,,wacc_floor_hit,,False,ok,False,,"Constellation Brands, Inc.",Consumer Defensive,Beverages - Alcoholic,general_dcf,23856541964.032585,0.8291,0.1193747389147867,,0.065,0.0543747389147867,0.32804807294105043,0.32137533538706153,0.017110861284923784,3.1415585588297263,0.006384324275489616,-0.036150883637098064,elevated_leverage,8.0,2026.0,ttm,2026-07-01,2026-06-30,True,,,,0.05156790538458149,0.06612393844406912,0.0,0.1715679053845815,-0.1715679053845815,robust_return<=0; median_irr<=hurdle,False
49,PEP,135.4,0.0880892472836422,0.10427114819176499,-0.03710691896849308,0.18092161171953194,0.25,0.12,0.0,0.03710691896849308,0.15710691896849308,0.03710691896849308,0.15710691896849308,83.79201924150198,158.09164280739935,218.36700126460454,83.79201924150198,218.36700126460454,False,,0.16758968099999527,0.8063100000000001,1.0,0.11482496534401251,0.9233,-0.01572885180823501,0.8063100000000001,valid,,,wacc_floor_hit,,False,ok,False,,"PepsiCo, Inc.",Consumer Defensive,Beverages - Non-Alcoholic,general_dcf,185083799078.17795,0.9233,0.17936782048978478,0.1883050065357062,0.065,0.11436782048978478,0.14184361835179532,0.14794288049115234,0.054781936748586224,2.3006808697562047,0.003941036862847563,-0.0038601107950168023,,8.0,2025.0,ttm,2026-04-16,2026-06-30,True,,,,0.03710691896849308,0.05741248267200626,0.0,0.15710691896849308,-0.15710691896849308,robust_return<=0; median_irr<=hurdle,False
56,ULTA,450.98,0.08596885559854858,0.09711248305102348,-0.04984429560572604,0.19949475189787338,0.25,0.12,0.0,0.04984429560572604,0.16984429560572603,0.04984429560572604,0.16984429560572603,246.76876249866493,465.2410826993473,699.9796387536362,246.76876249866493,699.9796387536362,False,,0.031622428265881686,0.5637599999999999,1.0,0.1377567237517997,0.9296,-0.02288751694897652,0.5637599999999999,valid,,,share_change_floor_hit,,False,ok,False,,"Ulta Beauty, Inc.",Consumer Cyclical,Specialty Retail,general_dcf,19387319475.196495,0.9296,0.26004953487698196,0.14727490186479877,0.08330954562500414,0.1767399892519778,0.13493027782983869,0.1253874826786567,0.09144740440932342,1.0514073036716398,0.003787917016580005,-0.05282726615963795,cyclical_revenue,8.0,2025.0,ttm,2026-06-02,2026-06-30,True,,,,0.04984429560572604,0.06887836187589985,0.0,0.16984429560572603,-0.16984429560572603,robust_return<=0; median_irr<=hurdle,False
31,FRT,123.44,0.0858221605820022,0.11264337996746399,0.005358502425616862,0.11264337996746399,0.0,0.12,0.0,0.0,0.11464149757438313,0.0,0.11464149757438313,126.78290213723281,210.49212598425194,210.49212598425194,126.78290213723281,210.49212598425194,False,,0.7052181301381395,0.6,0.8,0.07164243877092355,0.6023166023166022,-0.00735662003253601,0.48,valid,,,specialist_model_v1,,False,specialist,False,,Federal Realty Investment Trust,Real Estate,REIT - Retail,reit,10663882477.915789,,,,,,,,,,,,,,,,,2026-06-30,True,86389197.00191015,0.94,P/AFFO Gordon proxy; no property-level NOI or maintenance-capex detail,0.0,0.035821219385461775,0.0,0.11464149757438313,-0.11464149757438313,robust_return<=0; median_irr<=hurdle,False
40,GL,178.68,0.08580974763037569,0.1029605555495483,-0.02114987744958352,0.15846775687198966,0.25,0.12,0.0,0.02114987744958352,0.14114987744958352,0.02114987744958352,0.14114987744958352,160.56723968350923,291.65931432341483,372.8169915824461,160.56723968350923,372.8169915824461,False,,0.6322997219801592,0.6,0.8,0.10780881716078658,0.5505301281256515,-0.01703944445045169,0.48,valid,,,specialist_model_v1,,False,specialist,False,,Globe Life Inc.,Financial Services,Insurance - Life,insurance,13873572864.0,,,,,,,,,,,,,,,,,2026-06-30,True,77644800.0,0.499,Justified P/B residual-income proxy; no regulatory-capital or reserve-detail model,0.02114987744958352,0.05390440858039329,0.0,0.14114987744958352,-0.14114987744958352,robust_return<=0; median_irr<=hurdle,False
41,LEN,90.49,0.08190675771184033,0.08372099327971227,-0.02121444909134876,0.18139949337928557,0.25,0.12,0.0,0.02121444909134876,0.14121444909134875,0.02121444909134876,0.14121444909134875,51.8908320118775,80.31063708003933,128.30854708897482,51.8908320118775,128.30854708897482,False,,-0.1124915782955096,0.4536567,1.0,0.11769727023531716,0.4944,-0.03627900672028772,0.4536567,valid,,,forward_roic_floor_hit;share_change_floor_hit;reinvestment_cap_hit,,False,ok,False,,Lennar Corporation,Consumer Cyclical,Residential Construction,general_dcf,22468239072.519753,0.4944,0.057819436282628055,-39.218177040906106,0.09984623144219293,-0.042026795159564874,0.13824940334022323,0.06016531328928665,0.07525893763257141,2.0796652158213473,0.004782353398523541,-0.057554321947309584,weak_cash_conversion;incremental_roic_below_wacc,8.0,2025.0,ttm,2026-06-29,2026-06-30,True,,,,0.02121444909134876,0.05884863511765858,0.0,0.14121444909134875,-0.14121444909134875,robust_return<=0; median_irr<=hurdle,False
69,YUM,159.86,0.07968237672612306,0.10076457239629237,-0.07317469893023368,0.1903750610421412,0.25,0.12,0.0,0.07317469893023368,0.19317469893023367,0.07317469893023368,0.19317469893023367,81.07666539346135,180.60479180383436,262.88785901518196,81.07666539346135,262.88785901518196,False,,0.12976849620814668,0.8471,1.0,0.13636187998618743,0.9664,-0.019235427603707625,0.8471,valid,,,,,False,ok,False,,"Yum! Brands, Inc.",Consumer Cyclical,Restaurants,general_dcf,44060805351.54193,0.9664,0.5756180142001835,0.5520743240101674,0.06877011710859393,0.5068478970915896,0.32226093622302104,0.3146729522687095,0.05389975012472825,3.896575579384296,0.009140283481255795,-0.012806997138931409,elevated_leverage,8.0,2025.0,ttm,2026-05-06,2026-06-30,True,,,,0.07317469893023368,0.06818093999309371,0.0,0.19317469893023367,-0.19317469893023367,robust_return<=0; median_irr<=hurdle,False
48,HIG,132.52,0.07323512766901302,0.09075543838718403,-0.03437772294598451,0.14580735684766855,0.25,0.12,0.0,0.03437772294598451,0.1543777229459845,0.03437772294598451,0.1543777229459845,111.25455717019805,204.60599866055534,261.72153520972006,111.25455717019805,261.72153520972006,False,,0.5439631652622647,0.6,0.8,0.10809253989682652,0.5437502218826495,-0.029244561612815967,0.48,valid,,,specialist_model_v1,,False,specialist,False,,"The Hartford Insurance Group, Inc.",Financial Services,Insurance - Diversified,insurance,36327816266.59796,,,,,,,,,,,,,,,,,2026-06-30,True,274130820.0014938,0.475,Justified P/B residual-income proxy; no regulatory-capital or reserve-detail model,0.03437772294598451,0.05404626994841326,0.0,0.1543777229459845,-0.1543777229459845,robust_return<=0; median_irr<=hurdle,False
51,GD,354.24,0.07323365080374064,0.08614484961581187,-0.03984286286868152,0.16048776685202037,0.25,0.12,0.0,0.03984286286868152,0.15984286286868152,0.03984286286868152,0.15984286286868152,218.0289145559863,381.2144324294428,520.5839670303236,218.0289145559863,520.5839670303236,False,,0.07614733635231152,0.8618,1.0,0.10431131486035095,0.8676,-0.033855150384188126,0.8618,valid,,,,,False,ok,False,,General Dynamics Corporation,Industrials,Aerospace & Defense,general_dcf,95797189443.05571,0.8676,0.1506532692968267,0.2569839233208686,0.06825504163615222,0.08239822766067449,0.10753809667743043,0.10236396074933095,0.054715790973965284,0.6769135227449153,0.0038351915500041914,-0.004899902567511161,,8.0,2025.0,ttm,2026-04-29,2026-06-30,True,,,,0.03984286286868152,0.05215565743017547,0.0,0.15984286286868152,-0.15984286286868152,robust_return<=0; median_irr<=hurdle,False
60,CL,91.68,0.06425930101249837,0.08019813105929646,-0.05561924129142421,0.15226018322282475,0.25,0.12,0.0,0.05561924129142421,0.1756192412914242,0.05561924129142421,0.1756192412914242,52.080762907095185,96.0101863257374,129.37186356899832,52.080762907095185,129.37186356899832,False,,0.047231526240591126,0.9173,1.0,0.10642071225712448,0.9792,-0.03980186894070353,0.9173,valid,,,,,False,ok,False,,Colgate-Palmolive Company,Consumer Defensive,Household & Personal Products,general_dcf,73361355941.19534,0.9792,0.4926913679182282,,0.06734496261475427,0.42534640530347395,0.22055648565468225,0.21207020918490022,0.03947009967583437,1.298335974643423,0.006270236932723441,-0.013575610736816568,,8.0,2025.0,ttm,2026-03-31,2026-06-30,True,,,,0.05561924129142421,0.05321035612856224,0.0,0.1756192412914242,-0.1756192412914242,robust_return<=0; median_irr<=hurdle,False
35,CPRT,28.19,0.06383099226513882,0.0706795095931739,-0.007812841841950982,0.12177779171615842,0.25,0.12,0.0,0.007812841841950982,0.12781284184195096,0.007812841841950982,0.12781284184195096,18.769410251449447,25.9330935046523,31.89910285163377,18.769410251449447,31.89910285163377,False,,-0.0800605354859063,0.8392,0.95,0.0711193167790547,0.978,-0.049320490406826095,0.79724,valid,,,,,False,ok,False,,"Copart, Inc.",Industrials,Specialty Business Services,general_dcf,26098625677.795418,0.978,0.2961389065373297,0.3038365386306291,0.09480828601663062,0.2013306205206991,0.3705266255577967,0.36566622841310176,0.14458048241388965,-2.1418830709916064,0.00831613687897748,0.0002110956201459846,,8.0,2025.0,ttm,2026-05-29,2026-06-30,True,,,,0.007812841841950982,0.03555965838952735,0.0,0.12781284184195096,-0.12781284184195096,robust_return<=0; median_irr<=hurdle,False
55,BRO,64.15,0.06337307994865829,0.08164250715523069,-0.04817701969624266,0.13838432518041444,0.25,0.12,0.0,0.04817701969624266,0.16817701969624266,0.04817701969624266,0.16817701969624266,50.11613731699871,94.97633164734518,122.64255696729347,50.11613731699871,122.64255696729347,False,,0.48053517766711096,0.6,0.8,0.11128067243832854,0.5276697514817059,-0.0383574928447693,0.48,valid,,,specialist_model_v1,,False,specialist,False,,"Brown & Brown, Inc.",Financial Services,Insurance - Brokers,insurance,21743514200.000004,,,,,,,,,,,,,,,,,2026-06-30,True,338948000.0,0.624,Justified P/B residual-income proxy; no regulatory-capital or reserve-detail model,0.04817701969624266,0.05564033621916427,0.0,0.16817701969624266,-0.16817701969624266,robust_return<=0; median_irr<=hurdle,False
66,COR,282.98,0.06008326857481737,0.07735822290705986,-0.06847018237458538,0.15408681085973513,0.25,0.12,0.0,0.06847018237458538,0.18847018237458538,0.06847018237458538,0.18847018237458538,147.79738779543203,287.40409672671,393.2179597398515,147.79738779543203,393.2179597398515,False,,0.015633955497597052,0.9128,1.0,0.11389449661716027,0.973,-0.042641777092940134,0.9128,valid,,,,,False,ok,False,,"Cencora, Inc.",Healthcare,Medical - Distribution,general_dcf,55056888758.603775,0.973,0.23676178645995674,0.5179923594370694,0.06895712400898989,0.16780466245096687,0.010527337797762354,0.012782797158055408,0.097128283927292,1.9227698549026733,0.0004753495006402461,-0.025629562300649278,,8.0,2025.0,ttm,2026-05-06,2026-06-30,True,,,,0.06847018237458538,0.05694724830858013,0.0,0.18847018237458538,-0.18847018237458538,robust_return<=0; median_irr<=hurdle,False
52,DG,115.11,0.059445777005748865,0.058274984522722686,-0.041039389575598724,0.1622725285531488,0.25,0.12,0.0,0.041039389575598724,0.1610393895755987,0.041039389575598724,0.1610393895755987,66.52315544897081,106.25639856561222,178.60025833523247,66.52315544897081,178.60025833523247,False,,-0.07691426839012927,0.5347944000000001,1.0,0.11561212706437375,0.6944,-0.06172501547727731,0.5347944000000001,valid,,,forward_roic_floor_hit;wacc_floor_hit;reinvestment_cap_hit,,False,ok,False,,Dollar General Corporation,Consumer Defensive,Discount Stores,general_dcf,25391728935.77031,0.6944,0.07596806166822054,-0.2711183121925683,0.065,0.010968061668220536,0.08277072295880822,0.05260713463649922,0.07576117177707786,4.016148906687545,0.001446310315582163,-0.007028310455815645,elevated_leverage;incremental_roic_below_wacc,8.0,2025.0,ttm,2026-06-02,2026-06-30,True,,,,0.041039389575598724,0.057806063532186876,0.0,0.1610393895755987,-0.1610393895755987,robust_return<=0; median_irr<=hurdle,False
117,DRI,206.01,0.05919935173878912,0.08195699334901291,-0.1395970344892703,0.21248045474640095,0.25,0.12,0.25,0.1395970344892703,0.2595970344892703,0.1395970344892703,0.2595970344892703,75.32217504403584,213.72056468235826,371.57645252464937,75.32217504403584,371.57645252464937,False,,0.03742810874403313,0.6278,1.0,0.18720474461783565,0.8271,-0.03804300665098709,0.6278,valid,,,,,False,ok,False,,"Darden Restaurants, Inc.",Consumer Cyclical,Restaurants,general_dcf,23595355968.183014,0.8271,0.17276114672245155,0.2681590505748327,0.06972723369224176,0.10303391303020978,0.11369714016231727,0.11981015676448993,0.06483717505613917,2.7212556555809506,0.006014047410008779,-0.021336182737631826,,8.0,2026.0,ttm,2026-06-25,2026-06-30,True,,,,0.1395970344892703,0.09360237230891783,0.125,0.2595970344892703,-0.2595970344892703,robust_return<=0; median_irr<=hurdle,False
42,PHM,137.21,0.0580500923591899,0.06569123453227806,-0.02253575522336175,0.12335365559556524,0.25,0.12,0.0,0.02253575522336175,0.14253575522336176,0.02253575522336175,0.14253575522336176,83.21678296571223,118.97425935634726,147.99100521178028,83.21678296571223,147.99100521178028,False,,-0.1329038746713268,0.6591600000000001,1.0,0.08316990540946348,0.7958,-0.05430876546772194,0.6591600000000001,valid,,,share_change_floor_hit,,False,ok,False,,"PulteGroup, Inc.",Consumer Cyclical,Residential Construction,general_dcf,26136632494.850594,0.7958,0.16115075426634143,0.06851001784951659,0.10053835998150672,0.06061239428483471,0.17968502312346285,0.16402297759063325,0.0786780957076989,0.03128347128391695,0.0030473144461872353,-0.06369353690428192,incremental_roic_below_wacc,8.0,2025.0,ttm,2026-04-23,2026-06-30,True,,,,0.02253575522336175,0.04158495270473174,0.0,0.14253575522336176,-0.14253575522336176,robust_return<=0; median_irr<=hurdle,False
85,DPZ,296.04,0.05776476334904147,0.08187519607745347,-0.09745823098783146,0.1647668922290904,0.25,0.12,0.25,0.09745823098783146,0.21745823098783146,0.09745823098783146,0.21745823098783146,120.6355449962321,283.7883079388189,406.05489168837335,120.6355449962321,406.05489168837335,False,,-0.04138525895548284,0.8114399999999999,1.0,0.13676936160846093,0.9859,-0.038124803922546524,0.8114399999999999,valid,,,forward_roic_cap_hit,,False,ok,False,,"Domino's Pizza, Inc.",Consumer Cyclical,Restaurants,general_dcf,9846852580.135183,0.9859,0.7953510962735598,,0.07800300455239564,0.7173480917211642,0.17766900952576264,0.19588967189524945,0.05337097893699405,4.607327781442702,0.009036448222406748,-0.02150386947508398,elevated_leverage;thin_interest_coverage,8.0,2025.0,ttm,2026-04-27,2026-06-30,True,,,,0.09745823098783146,0.06838468080423046,0.125,0.21745823098783146,-0.21745823098783146,robust_return<=0; median_irr<=hurdle,False
43,PAYX,98.33,0.05715745222260013,0.06682516203727573,-0.025759541831212082,0.12073902664706113,0.25,0.12,0.0,0.025759541831212082,0.1457595418312121,0.025759541831212082,0.1457595418312121,58.99403524270554,90.73272447535949,114.99477826681718,58.99403524270554,114.99477826681718,False,,-0.07726304815051876,0.893,1.0,0.0764592842391366,0.9848,-0.053174837962724264,0.893,valid,,,,,False,ok,False,,"Paychex, Inc.",Industrials,Staffing & Employment Services,general_dcf,35230754030.0,0.9848,0.2669146749755449,0.11548299094211043,0.08157317417702867,0.18534150079851622,0.39087679209438503,0.3855190417690418,0.08110856046543469,1.1618299414174935,0.01157569672053502,-0.003786515759150011,,8.0,2026.0,ttm,2026-06-24,2026-06-30,True,,,,0.025759541831212082,0.0382296421195683,0.0,0.1457595418312121,-0.1457595418312121,robust_return<=0; median_irr<=hurdle,False
57,NVR,6813.4,0.05198502685229872,0.06028412502037102,-0.05124344678624763,0.13861530415470047,0.25,0.12,0.0,0.05124344678624763,0.17124344678624762,0.05124344678624763,0.17124344678624762,3799.34964738505,6102.369028185288,8181.277453164531,3799.34964738505,8181.277453164531,False,,-0.1043577320889294,0.67896,1.0,0.10456057547047404,0.9453,-0.05971587497962898,0.67896,valid,,,share_change_floor_hit,,False,ok,False,,"NVR, Inc.",Consumer Cyclical,Residential Construction,general_dcf,18391356112.635914,0.9453,0.43890376158831373,0.15018659962693287,0.08870225914971397,0.35020150243859977,0.16300107727747046,0.1571284113498671,0.05334976012067316,-0.4386105831452657,0.007011381627723662,-0.05851037133837722,,8.0,2025.0,ttm,2026-05-06,2026-06-30,True,,,,0.05124344678624763,0.05228028773523702,0.0,0.17124344678624762,-0.17124344678624762,robust_return<=0; median_irr<=hurdle,False
81,MDT,78.23,0.050279908510856355,0.06674142089323143,-0.09117944911122317,0.15881624136818573,0.25,0.12,0.25,0.09117944911122317,0.21117944911122316,0.09117944911122317,0.21117944911122316,36.910811527357744,76.16360331856197,112.08660416580986,36.910811527357744,112.08660416580986,False,,-0.02641437660025614,0.8362,1.0,0.12991184523970445,0.6313,-0.05325857910676857,0.8362,valid,,,,,False,ok,False,,Medtronic plc,Healthcare,Medical - Devices,general_dcf,100138311500.0,0.6313,0.08194382638780877,0.2925737460150389,0.06963625067206043,0.012307575715748337,0.1766071776228682,0.17784072159278408,0.025166531246856305,1.9884350132625994,0.012567374326256738,-0.011306834455227177,,8.0,2026.0,ttm,2026-06-18,2026-06-30,True,,,,0.09117944911122317,0.06495592261985222,0.125,0.21117944911122316,-0.21117944911122316,robust_return<=0; median_irr<=hurdle,False
79,FIS,38.88,0.04921312320802829,0.055546007002703866,-0.08971781223081048,0.1754782910575159,0.25,0.12,0.25,0.08971781223081048,0.20971781223081049,0.08971781223081048,0.20971781223081049,17.802711518710733,33.91452376755051,59.5454328864788,17.802711518710733,59.5454328864788,False,,-0.12771286606094367,0.464049,1.0,0.1486765816441632,0.3092,-0.06445399299729612,0.464049,valid,,,share_change_floor_hit;reinvestment_cap_hit,,False,ok,False,,"Fidelity National Information Services, Inc.",Technology,Information Technology Services,general_dcf,20096255520.000004,0.3092,0.0717757196636924,,0.07705279748825007,-0.005277077824557677,0.16954243194082974,0.17901869960542116,0.03445541525790263,0.8243306716768436,0.016952327432799476,-0.05052281217146859,cyclical_revenue,8.0,2025.0,ttm,2026-05-08,2026-06-30,True,,,,0.08971781223081048,0.0743382908220816,0.125,0.20971781223081049,-0.20971781223081049,robust_return<=0; median_irr<=hurdle,False
50,JKHY,137.74,0.04784686658094872,0.05858823398011737,-0.03972408308181909,0.11393508144537923,0.0,0.12,0.0,0.03972408308181909,0.15972408308181907,0.03972408308181909,0.15972408308181907,83.34875473180456,129.22129771756093,163.2404253209723,83.34875473180456,163.2404253209723,False,,-0.061846248601997056,0.9242,1.0,0.07910358226359915,0.9852,-0.06141176601988262,0.9242,valid,,,,,False,ok,False,,"Jack Henry & Associates, Inc.",Technology,Information Technology Services,general_dcf,9786537192.0,0.9852,0.23084539916000513,0.22769864648284072,0.0733037781307264,0.1575416210292787,0.22906459806807788,0.2599518461940248,0.06419713505886548,0.08034156186208843,0.013032019689981193,-0.006887635794286973,,8.0,2025.0,ttm,2026-05-07,2026-06-30,True,,,,0.03972408308181909,0.039551791131799574,0.0,0.15972408308181907,-0.15972408308181907,robust_return<=0; median_irr<=hurdle,False
96,CDW,140.64,0.04324578660452974,0.062193660426419245,-0.1078019290056545,0.15639775457093497,0.25,0.12,0.25,0.1078019290056545,0.2278019290056545,0.1078019290056545,0.2278019290056545,55.5698446248165,123.26232500877072,185.4984266778591,55.5698446248165,185.4984266778591,False,,-0.1235613978329726,0.7952,1.0,0.13824384178829474,0.8468,-0.05780633957358075,0.7952,valid,,,,,False,ok,False,,CDW Corporation,Technology,Information Technology Services,general_dcf,17967245348.73145,0.8468,0.156690489729125,0.3479403851802383,0.08176098085064573,0.07492950887847927,0.0706090264135506,0.07296287241102302,0.04716837528114315,2.8305541433655312,0.003081143118383519,-0.01859168381327636,,8.0,2025.0,ttm,2026-05-06,2026-06-30,True,,,,0.1078019290056545,0.06912192089414737,0.125,0.2278019290056545,-0.2278019290056545,robust_return<=0; median_irr<=hurdle,False
53,RMD,194.88,0.043180831634526864,0.05291500319726768,-0.04212351407331877,0.10901683421689087,0.0,0.12,0.0,0.04212351407331877,0.16212351407331876,0.04212351407331877,0.16212351407331876,112.80772175262344,172.1232908416105,218.29965561974166,112.80772175262344,218.29965561974166,False,,-0.11677293287350932,0.895,0.85,0.08322017414510482,0.9669,-0.06708499680273232,0.76075,valid,,,,,False,ok,False,,ResMed Inc.,Healthcare,Medical - Devices,general_dcf,28268588113.53237,0.9669,0.27077765352323035,0.2842006080502414,0.08287179068147936,0.18790586284175098,0.276682754846858,0.34282310142188516,0.11915995881196073,-0.3780847543321518,0.017113963106287607,-1.3601648521488485e-05,,8.0,2025.0,ttm,2026-04-30,2026-06-30,True,,,,0.04212351407331877,0.04161008707255241,0.0,0.16212351407331876,-0.16212351407331876,robust_return<=0; median_irr<=hurdle,False
148,BRK-B,500.39,0.04176549252764103,0.08012684271222126,-0.17271580686895394,0.17952409155507554,0.25,0.12,0.25,0.17271580686895394,0.29271580686895393,0.17271580686895394,0.29271580686895393,193.90198446366904,735.6689345608003,1142.4644642683015,193.90198446366904,1142.4644642683015,False,,0.47019112004796315,0.6,0.8,0.19411994921201473,0.2635723426046662,-0.03987315728777874,0.48,valid,,,specialist_model_v1,,False,specialist,False,,Berkshire Hathaway Inc.,Financial Services,Insurance - Diversified,insurance,1079268080988.4,,,,,,,,,,,,,,,,,2026-06-30,True,2156853816.00032,0.617,Justified P/B residual-income proxy; no regulatory-capital or reserve-detail model,0.17271580686895394,0.09705997460600736,0.125,0.29271580686895393,-0.29271580686895393,robust_return<=0; median_irr<=hurdle,False
80,SWKS,67.8,0.041719364878372314,0.06489615642931315,-0.0898578781983815,0.12694302485324443,0.25,0.12,0.25,0.0898578781983815,0.20985787819838148,0.0898578781983815,0.20985787819838148,29.096686887111023,56.523190945581476,71.78982844695058,29.096686887111023,71.78982844695058,False,,-0.16632461732180714,0.44172,1.0,0.12514885152581295,0.6714,-0.055103843570686845,0.44172,valid,,,reinvestment_cap_hit,,False,ok,False,,"Skyworks Solutions, Inc.",Technology,Semiconductors,general_dcf,10197526799.999998,0.6714,0.06385357176294354,,0.11315155237119523,-0.04929798060825169,0.27206351044866306,0.09368741191306283,0.007895169321973539,-0.5052881758764112,0.04315461943513643,-0.026626326824619295,cyclical_revenue,8.0,2025.0,ttm,2026-05-05,2026-06-30,True,,,,0.0898578781983815,0.06257442576290648,0.125,0.20985787819838148,-0.20985787819838148,robust_return<=0; median_irr<=hurdle,False
146,SYY,83.58,0.04086149525537624,0.06772203617729249,-0.16852095557260324,0.19652286423952323,0.25,0.12,0.25,0.16852095557260324,0.28852095557260327,0.16852095557260324,0.28852095557260327,25.244970500846343,80.48442707189042,140.47987064362712,25.244970500846343,140.47987064362712,False,,-0.03703724489243332,0.6612,1.0,0.19268590990606324,0.8102,-0.05227796382270751,0.6612,valid,,,,,False,ok,False,,Sysco Corporation,Consumer Defensive,Food Distribution,general_dcf,39966504465.649704,0.8102,0.14470530960124747,0.2579916819709189,0.06888809611334448,0.07581721348790299,0.03835616996896853,0.03588737180944631,0.04768810912481891,3.3451153657339225,0.0012577792335407795,-0.021751722499201764,elevated_leverage;thin_interest_coverage,8.0,2025.0,ttm,2026-04-29,2026-06-30,True,,,,0.16852095557260324,0.09634295495303162,0.125,0.28852095557260327,-0.28852095557260327,robust_return<=0; median_irr<=hurdle,False
91,AMGN,362.12,0.03943196478903704,0.05557912229269281,-0.10457581457594642,0.15114542914670895,0.25,0.12,0.25,0.10457581457594642,0.22457581457594641,0.10457581457594642,0.22457581457594641,161.05492914511385,341.24537750936855,520.2351473264949,161.05492914511385,520.2351473264949,False,,-0.057645593976116904,0.7781,1.0,0.13451762186132768,0.8942,-0.06442087770730719,0.7781,valid,,,,,False,ok,False,,Amgen Inc.,Healthcare,Drug Manufacturers - General,general_dcf,195439060960.0,0.8942,0.19013813892861603,0.12051756984447885,0.0658968120514403,0.12424132687717573,0.3267543447010294,0.3162898114828938,0.06433283393956057,2.715905001799208,0.015289109613338063,0.0018450226334196795,thin_interest_coverage,8.0,2025.0,ttm,2026-04-30,2026-06-30,True,,,,0.10457581457594642,0.06725881093066384,0.125,0.22457581457594641,-0.22457581457594641,robust_return<=0; median_irr<=hurdle,False
147,CINF,185.14,0.035905305072534255,0.07201533961758066,-0.1692876248082016,0.16887816586317728,0.25,0.12,0.25,0.1692876248082016,0.2892876248082016,0.1692876248082016,0.2892876248082016,73.24089800997803,262.1230775487306,403.96755964933016,73.24089800997803,403.96755964933016,False,,0.41581007642179224,0.6,0.8,0.18708289533568942,0.2794141542015201,-0.04798466038241933,0.48,valid,,,specialist_model_v1,,False,specialist,False,,Cincinnati Financial Corporation,Financial Services,Insurance - Property & Casualty,insurance,28638751179.999996,,,,,,,,,,,,,,,,,2026-06-30,True,154687000.0,0.584,Justified P/B residual-income proxy; no regulatory-capital or reserve-detail model,0.1692876248082016,0.09354144766784471,0.125,0.2892876248082016,-0.2892876248082016,robust_return<=0; median_irr<=hurdle,False
87,INCY,113.36,0.035181595326866974,0.04346997775137427,-0.0994255775294732,0.15321200333419258,0.25,0.12,0.25,0.0994255775294732,0.2194255775294732,0.0994255775294732,0.2194255775294732,52.70697768950213,98.54860423508033,150.111862805722,52.70697768950213,150.111862805722,False,,-0.13065804309209306,0.66411,1.0,0.13639549043183288,0.813,-0.07653002224862573,0.66411,valid,,,forward_roic_cap_hit,,False,ok,False,,Incyte Corporation,Healthcare,Biotechnology,general_dcf,22647305091.248222,0.813,0.713941769836407,3.085292852414928,0.08424321651201909,0.629698553324388,0.17580748591964146,0.27051643157458843,0.15439286151799103,-2.5773950303242135,0.05841707369936918,-0.026171866110031528,heavy_sbc;peak_cycle_margins,8.0,2025.0,ttm,2026-04-28,2026-06-30,True,,,,0.0994255775294732,0.06819774521591644,0.125,0.2194255775294732,-0.2194255775294732,robust_return<=0; median_irr<=hurdle,False
182,SMCI,29.33,0.029536855441983804,0.050368490233086066,-0.2141227980842814,0.23153323938604448,0.25,0.12,0.25,0.2141227980842814,0.33412279808428136,0.2141227980842814,0.33412279808428136,6.3237487520361215,24.365524529068296,58.11392807604718,6.3237487520361215,58.11392807604718,False,,-0.16926271636316748,0.353322,1.0,0.24222835873516294,0.6167,-0.06963150976691393,0.353322,valid,,,base_growth_cap_hit;reinvestment_cap_hit,,False,ok,False,,"Super Micro Computer, Inc.",Technology,Computer Hardware,general_dcf,18972785090.0,0.6167,0.0982617544235215,0.1579646662553063,0.11526856464338969,-0.01700681021986819,0.06076516287429895,0.04483097224984322,0.30766158270397415,3.4655876864843336,0.014311459990837447,0.06369020658712676,elevated_leverage;ongoing_dilution;cyclical_revenue,8.0,2025.0,ttm,2026-05-11,2026-06-30,True,,,,0.2141227980842814,0.12111417936758147,0.125,0.33412279808428136,-0.33412279808428136,robust_return<=0; median_irr<=hurdle,False
64,WRB,70.53,0.028031779246305982,0.042760119385625295,-0.06105584364343597,0.08766272185740931,0.0,0.12,0.0,0.06105584364343597,0.18105584364343597,0.06105584364343597,0.18105584364343597,51.472196418441754,86.95527830748253,107.3606429170153,51.472196418441754,107.3606429170153,False,,0.23288357163593543,0.6,0.8,0.09235928275042263,0.5919387232185139,-0.0772398806143747,0.48,valid,,,specialist_model_v1,,False,specialist,False,,W. R. Berkley Corporation,Financial Services,Insurance - Property & Casualty,insurance,26256696810.0,,,,,,,,,,,,,,,,,2026-06-30,True,372277000.0,0.311,Justified P/B residual-income proxy; no regulatory-capital or reserve-detail model,0.06105584364343597,0.046179641375211314,0.0,0.18105584364343597,-0.18105584364343597,robust_return<=0; median_irr<=hurdle,False
39,BF-B,26.65,0.026502024469664348,0.03700272764544937,-0.018934286409057643,0.0509369289968163,0.0,0.12,0.0,0.018934286409057643,0.13893428640905764,0.018934286409057643,0.13893428640905764,18.185684652145767,23.192617803378184,24.359229763743127,18.185684652145767,24.359229763743127,False,,-0.1297329154454715,0.683235,1.0,0.04443855770293697,0.8718,-0.08299727235455062,0.683235,valid,,,forward_roic_floor_hit;reinvestment_cap_hit,,False,ok,False,,Brown-Forman Corporation,Consumer Defensive,Beverages - Wineries & Distilleries,general_dcf,12428018510.555555,0.8718,0.15606011445148024,-0.044201954155991735,0.06658307107817392,0.08947704337330632,0.2998562717978978,0.29022403258655805,0.024138370352259964,1.4959415584415585,0.007044025157232704,-0.014965924395725527,weak_cash_conversion;incremental_roic_below_wacc,8.0,2026.0,ttm,2026-06-12,2026-06-30,True,,,,0.018934286409057643,0.022219278851468485,0.0,0.13893428640905764,-0.13893428640905764,robust_return<=0; median_irr<=hurdle,False
54,VEEV,177.47,0.02363905874954074,0.02994301240541975,-0.04334808161947873,0.07801829180680218,0.0,0.12,0.0,0.04334808161947873,0.16334808161947872,0.04334808161947873,0.16334808161947872,104.2989916199132,143.2794289492632,175.45497562857346,104.2989916199132,175.45497562857346,False,,-0.19265549698955764,0.72972,0.95,0.07029158671314045,0.963,-0.09005698759458025,0.693234,valid,,,forward_roic_cap_hit,,False,ok,False,,Veeva Systems Inc.,Healthcare,Medical - Healthcare Information Services,general_dcf,28828810853.750732,0.963,9.082956009376781,2.3158502216989403,0.09219325092486912,8.990762758451913,0.2581749952379913,0.2879442012812664,0.2057893393406618,-7.174425570449095,0.0,0.007236486671113429,,8.0,2026.0,ttm,2026-06-05,2026-06-30,True,,,,0.04334808161947873,0.035145793356570226,0.0,0.16334808161947872,-0.16334808161947872,robust_return<=0; median_irr<=hurdle,False
88,PG,146.64,0.022877610730938636,0.03581045803730379,-0.09964543971582315,0.11953496656497012,0.0,0.12,0.25,0.09964543971582315,0.21964543971582315,0.09964543971582315,0.21964543971582315,67.56764262099381,127.07197651068834,181.18044841735824,67.56764262099381,181.18044841735824,False,,-0.1334426042642638,0.8372,1.0,0.11447420314039664,0.9108,-0.08418954196269621,0.8372,valid,,,,,False,ok,False,,The Procter & Gamble Company,Consumer Defensive,Household & Personal Products,general_dcf,341465754133.7111,0.9108,0.2036508111217449,0.2194914528090526,0.06765519600886985,0.13599561511287506,0.22124866058976383,0.23239696487465117,0.03369968261776646,1.0644161212538752,0.0066458551813281955,-0.01636116975751145,,8.0,2025.0,ttm,2026-04-24,2026-06-30,True,,,,0.09964543971582315,0.05723710157019832,0.125,0.21964543971582315,-0.21964543971582315,robust_return<=0; median_irr<=hurdle,False
70,GEHC,64.01,0.021980706197791754,0.03256609442178162,-0.07557464763522145,0.09836528358282523,0.0,0.12,0.0,0.07557464763522145,0.19557464763522145,0.07557464763522145,0.19557464763522145,30.627326254891678,50.38848072073076,68.20329128583688,30.627326254891678,68.20329128583688,False,,-0.21280298827166444,0.8666,0.95,0.09247196560902335,0.6504,-0.08743390557821837,0.82327,valid,,,,,False,ok,False,,GE HealthCare Technologies Inc.,Healthcare,Medical - Healthcare Information Services,general_dcf,29117623221.89948,0.6504,0.10203341077046901,,0.07687794344136623,0.025155467329102787,0.13391515151515151,0.12458654906284454,0.036502995670744776,2.825212947189097,0.006303030303030303,0.002252164158787817,,7.0,2025.0,ttm,2026-04-29,2026-06-30,True,,,,0.07557464763522145,0.046235982804511674,0.0,0.19557464763522145,-0.19557464763522145,robust_return<=0; median_irr<=hurdle,False
45,UNH,415.63,0.021776252298150233,0.016568416406516948,-0.027521477003756414,0.08148965338332345,0.0,0.12,0.0,0.027521477003756414,0.1475214770037564,0.027521477003756414,0.1475214770037564,261.45131385133556,309.80973717064467,429.5609674093124,261.45131385133556,429.5609674093124,False,,-0.2546020807674021,0.6666300000000001,1.0,0.06450666519353992,0.7428,-0.10343158359348305,0.6666300000000001,valid,,,forward_roic_floor_hit;reinvestment_cap_hit,,False,ok,False,,UnitedHealth Group Incorporated,Healthcare,Medical - Healthcare Plans,general_dcf,377452058634.3641,0.7428,0.09852363261447654,-0.07804786860320123,0.07213313309515614,0.026390499519320404,0.08231835080659637,0.041882267134817096,0.10236402697783231,2.0155413572785355,0.0025432324534448558,-0.014236812683171118,thin_interest_coverage;incremental_roic_below_wacc,8.0,2025.0,ttm,2026-05-05,2026-06-30,True,,,,0.027521477003756414,0.03225333259676996,0.0,0.1475214770037564,-0.1475214770037564,robust_return<=0; median_irr<=hurdle,False
100,VRTX,496.73,0.02010304321520383,0.030927122899447594,-0.11932867892755888,0.13788660598947902,0.25,0.12,0.25,0.11932867892755888,0.23932867892755888,0.11932867892755888,0.23932867892755888,202.73884398411434,418.79112636239284,670.4618545123438,202.73884398411434,670.4618545123438,False,,-0.156903898773191,0.6201,1.0,0.14000464245851896,0.8782,-0.0890728771005524,0.6201,valid,,,,,False,ok,False,,Vertex Pharmaceuticals Incorporated,Healthcare,Biotechnology,general_dcf,126072764786.24045,0.8782,0.28702754980861045,0.13529162365860806,0.06950342832931172,0.21752412147929873,0.37779085295187886,0.3896989824644434,0.2173528009112493,-1.0534938214736336,0.05889028492684311,-0.0036152671940365977,heavy_sbc,8.0,2025.0,ttm,2026-05-05,2026-06-30,True,,,,0.11932867892755888,0.07000232122925948,0.125,0.23932867892755888,-0.23932867892755888,robust_return<=0; median_irr<=hurdle,False
58,TSCO,31.61,0.01882758293068039,0.0242355428170413,-0.051506651379168,0.07834589746780696,0.0,0.12,0.0,0.051506651379168,0.17150665137916798,0.051506651379168,0.17150665137916798,17.891497335393368,25.108815916412173,32.832958702202056,17.891497335393368,32.832958702202056,False,,-0.20566858853488856,0.656586,1.0,0.07522869442348748,0.842,-0.0957644571829587,0.656586,valid,,,wacc_floor_hit;reinvestment_cap_hit,,False,ok,False,,Tractor Supply Company,Consumer Cyclical,Specialty Retail,general_dcf,16577864500.000002,0.842,0.1298717697760939,0.03805267903443068,0.065,0.06487176977609391,0.096563335188451,0.09276439472073225,0.1010940863197809,3.1679429940129578,0.0036757814296607986,-0.019772715036902033,elevated_leverage;incremental_roic_below_wacc,8.0,2025.0,ttm,2026-05-07,2026-06-30,True,,,,0.051506651379168,0.03761434721174374,0.0,0.17150665137916798,-0.17150665137916798,robust_return<=0; median_irr<=hurdle,False
102,KMB,109.77,0.016715004018624347,0.03371007466921587,-0.11990851520095017,0.11934838193701582,0.0,0.12,0.25,0.11990851520095017,0.23990851520095016,0.11990851520095017,0.23990851520095016,45.108294549876646,93.83633981727951,136.10332158430535,45.108294549876646,136.10332158430535,False,,-0.1451549620362621,0.8324,1.0,0.124656448568983,0.9446,-0.08628992533078413,0.8324,valid,,,,,False,ok,False,,Kimberly-Clark Corporation,Consumer Defensive,Household & Personal Products,general_dcf,36437053800.0,0.9446,0.20750129347232701,,0.06611088058552796,0.14139041288679904,0.13873102540272614,0.13271660922667633,-0.010116269221897567,2.1989915966386553,0.008131970260223048,-0.005050591154868278,,8.0,2025.0,ttm,2026-04-28,2026-06-30,True,,,,0.11990851520095017,0.0623282242844915,0.125,0.23990851520095016,-0.23990851520095016,robust_return<=0; median_irr<=hurdle,False
86,BIIB,216.06,0.01659800016932425,0.03674454229767437,-0.0993423261097632,0.09224524219171146,0.0,0.12,0.25,0.0993423261097632,0.21934232610976317,0.0993423261097632,0.21934232610976317,100.4214391518033,188.77454509613008,243.29928410599686,100.4214391518033,243.29928410599686,False,,-0.12628647090562772,0.545535,1.0,0.10942773415073734,0.6394,-0.08325545770232562,0.545535,valid,,,forward_roic_floor_hit;reinvestment_cap_hit,,False,ok,False,,Biogen Inc.,Healthcare,Drug Manufacturers - General,general_dcf,31898450220.0,0.6394,0.0623382006553154,-0.11553738708399777,0.06652268716772883,-0.004184486512413425,0.2706785477390644,0.15646113579645748,-0.04410238223859042,0.9726039088503883,0.029641408272684647,0.005449698886245358,incremental_roic_below_wacc,8.0,2025.0,ttm,2026-04-29,2026-06-30,True,,,,0.0993423261097632,0.05471386707536867,0.125,0.21934232610976317,-0.21934232610976317,robust_return<=0; median_irr<=hurdle,False
119,GILD,126.34,0.016285353680723383,0.03347956836223605,-0.1416790191957261,0.13986129719414753,0.25,0.12,0.25,0.1416790191957261,0.2616790191957261,0.1416790191957261,0.2616790191957261,47.64077255137331,108.4670577735605,170.9600966169084,47.64077255137331,170.9600966169084,False,,-0.14146701144878504,0.7626,1.0,0.1478921581949368,0.8797,-0.08652043163776395,0.7626,valid,,,,,False,ok,False,,"Gilead Sciences, Inc.",Healthcare,Drug Manufacturers - General,general_dcf,156859937881.38065,0.8797,0.2432851750969466,,0.06683739025807496,0.17644778483887164,0.27457344275875006,0.3825586870249546,0.04164727434795856,0.8746460928652322,0.029039437991236,-0.0021175288352626165,,8.0,2025.0,ttm,2026-05-07,2026-06-30,True,,,,0.1416790191957261,0.0739460790974684,0.125,0.2616790191957261,-0.2616790191957261,robust_return<=0; median_irr<=hurdle,False
177,GDDY,84.88,0.015843078689067664,0.04977824912057261,-0.20732879881979893,0.17114461533492437,0.25,0.12,0.25,0.20732879881979893,0.3273287988197989,0.20732879881979893,0.3273287988197989,21.862745833902558,72.63817459315501,120.7156754398272,21.862745833902558,120.7156754398272,False,,-0.1442250872625469,0.6130890000000001,1.0,0.20084403707736165,0.733,-0.07022175087942739,0.6130890000000001,valid,,,forward_roic_cap_hit;share_change_floor_hit,,False,ok,False,,GoDaddy Inc.,Technology,Software - Infrastructure,general_dcf,11238947813.584627,0.733,0.3819031766830754,6.204132231404959,0.08021322987210004,0.30168994681097533,0.11102806941403387,0.23850946513525886,0.09280680491839521,1.9770677266473016,0.06557771363596607,-0.05956701407576903,heavy_sbc;peak_cycle_margins,8.0,2025.0,ttm,2026-05-01,2026-06-30,True,,,,0.20732879881979893,0.10042201853868082,0.125,0.3273287988197989,-0.3273287988197989,robust_return<=0; median_irr<=hurdle,False
73,RSG,213.08,0.015538135957467628,0.026498994944267933,-0.07987218523921907,0.08902673918055372,0.0,0.12,0.25,0.07987218523921907,0.19987218523921907,0.07987218523921907,0.19987218523921907,108.22399362122019,176.4733910427944,231.49008988562534,108.22399362122019,231.49008988562534,False,,-0.17179748900509495,0.8645,1.0,0.08851446220988639,0.9818,-0.09350100505573206,0.8645,valid,,,,,False,ok,False,,"Republic Services, Inc.",Industrials,Waste Management,general_dcf,65557063658.188255,0.9818,0.22720087111398243,,0.06962943111645374,0.1575714399975287,0.1819383189583541,0.20047918538484577,0.0743948770161611,0.02582469368520264,0.002619760479041916,-0.00846042704530936,,8.0,2025.0,ttm,2026-05-08,2026-06-30,True,,,,0.07987218523921907,0.044257231104943194,0.125,0.19987218523921907,-0.19987218523921907,robust_return<=0; median_irr<=hurdle,False
46,VZ,42.34,0.014184518021647845,0.002458683052100269,-0.02797212358564136,0.0797928295680322,0.0,0.12,0.0,0.02797212358564136,0.14797212358564135,0.02797212358564136,0.14797212358564135,25.28137737817838,26.516787036021906,42.43307778717983,25.28137737817838,42.43307778717983,False,,-0.3737178309867287,0.6580683,1.0,0.06414042757683677,0.7606,-0.11754131694789972,0.6580683,valid,,,forward_roic_floor_hit;wacc_floor_hit;reinvestment_cap_hit,,False,ok,False,,Verizon Communications Inc.,Communication Services,Telecommunications Services,general_dcf,176793210400.0,0.7606,0.0784689418881008,-0.07161350908395321,0.065,0.0134689418881008,0.22817686263697068,0.2121728256651287,0.007814059039057186,3.891215473052898,0.0,0.0004755112461742872,elevated_leverage;thin_interest_coverage;incremental_roic_below_wacc,8.0,2025.0,ttm,2026-05-01,2026-06-30,True,,,,0.02797212358564136,0.032070213788418386,0.0,0.14797212358564135,-0.14797212358564135,robust_return<=0; median_irr<=hurdle,False
67,SNA,402.4,0.013592327692094869,0.0219359109309153,-0.06879076232871736,0.07928825123526624,0.0,0.12,0.0,0.06879076232871736,0.18879076232871736,0.06879076232871736,0.18879076232871736,210.6371405169632,315.423523189093,402.5027823821039,210.6371405169632,402.5027823821039,False,,-0.21614432607084244,0.8255,0.85,0.0837745067819918,0.9143,-0.0980640890690847,0.7016749999999999,valid,,,,,False,ok,False,,Snap-on Incorporated,Industrials,Manufacturing - Tools & Accessories,general_dcf,20845090997.921047,0.9143,0.1826697670219214,0.16516481002067349,0.0794914601538672,0.1031783068680542,0.2560587847667042,0.2575008242664029,0.046911038224504376,-0.20915720095358295,0.005598621877691645,-0.007435219273921656,,8.0,2025.0,annual,2026-02-12,2026-06-30,True,,,,0.06879076232871736,0.0418872533909959,0.0,0.18879076232871736,-0.18879076232871736,robust_return<=0; median_irr<=hurdle,False
47,LMT,509.46,0.012510959718201802,0.01046764700731731,-0.03364232690364585,0.06275087176181844,0.0,0.12,0.0,0.03364232690364585,0.15364232690364585,0.03364232690364585,0.15364232690364585,306.839970028822,377.67444358132997,493.61038903051,306.839970028822,493.61038903051,False,,-0.2586769450372355,0.706806,1.0,0.05699241933273214,0.9652,-0.10953235299268269,0.706806,valid,,,forward_roic_floor_hit;reinvestment_cap_hit,,False,ok,False,,Lockheed Martin Corporation,Industrials,Aerospace & Defense,general_dcf,117462935732.10956,0.9652,0.24169910069956116,-0.22619799174616526,0.06701379135245762,0.17468530934710352,0.129345407397142,0.09880849364308061,0.04882312670059519,2.063995609220637,0.003921800772520756,-0.04412001399874721,incremental_roic_below_wacc,8.0,2025.0,ttm,2026-04-23,2026-06-30,True,,,,0.03364232690364585,0.02849620966636607,0.0,0.15364232690364585,-0.15364232690364585,robust_return<=0; median_irr<=hurdle,False
82,MTB,238.01,0.011832527733119325,0.029853984604213624,-0.09183172764429437,0.07945386936834442,0.0,0.12,0.25,0.09183172764429437,0.21183172764429437,0.09183172764429437,0.21183172764429437,147.03706704033792,275.7233031284573,348.83145662091783,147.03706704033792,348.83145662091783,False,,0.15845259917002363,0.6,0.8,0.10364279850631938,0.533277620614586,-0.09014601539578637,0.48,valid,,,specialist_model_v1,,False,specialist,False,,M&T Bank Corporation,Financial Services,Banks - Regional,bank,34855388730.6,,,,,,,,,,,,,,,,,2026-06-30,True,146445060.0,0.587,Justified P/B residual-income proxy; no regulatory-capital or reserve-detail model,0.09183172764429437,0.05182139925315969,0.125,0.21183172764429437,-0.21183172764429437,robust_return<=0; median_irr<=hurdle,False
133,TXT,91.73,0.008812642421980876,0.023024908546358372,-0.15410838661482557,0.14330913921003233,0.25,0.12,0.25,0.15410838661482557,0.27410838661482556,0.15410838661482557,0.27410838661482556,30.553413673728876,70.59758601720121,114.03108913104552,30.553413673728876,114.03108913104552,False,,-0.23037625621714586,0.62226,0.85,0.16454096291242895,0.6863,-0.09697509145364162,0.528921,valid,,,share_change_floor_hit,,False,ok,False,,Textron Inc.,Industrials,Aerospace & Defense,general_dcf,15950837970.0,0.6863,0.10606703326884692,0.25759232874061827,0.08196040720960679,0.024106626059240133,0.07336775937487461,0.08439759443205622,0.008248732569438255,1.376219512195122,0.0,-0.05701769422892122,,8.0,2025.0,annual,2026-02-11,2026-06-30,True,,,,0.15410838661482557,0.08227048145621448,0.125,0.27410838661482556,-0.27410838661482556,robust_return<=0; median_irr<=hurdle,False
109,MCD,270.31,0.008064012233808218,0.0257050025800709,-0.1283632327016675,0.10920927647675857,0.0,0.12,0.25,0.1283632327016675,0.2483632327016675,0.1283632327016675,0.2483632327016675,104.89853835734895,220.6481680661979,323.44932293649566,104.89853835734895,323.44932293649566,False,,-0.18372177105472265,0.7364700000000001,1.0,0.12669215458921304,0.9395,-0.0942949974199291,0.7364700000000001,valid,,,wacc_floor_hit,,False,ok,False,,McDonald's Corporation,Consumer Cyclical,Restaurants,general_dcf,192056876860.0,0.9395,0.18973077036347563,0.13139506502445034,0.065,0.12473077036347563,0.43523389640373805,0.46012314642766056,0.03411765915312581,3.611066290170768,0.006635802469135803,-0.012660165475957386,elevated_leverage,8.0,2025.0,ttm,2026-05-07,2026-06-30,True,,,,0.1283632327016675,0.06334607729460652,0.125,0.2483632327016675,-0.2483632327016675,robust_return<=0; median_irr<=hurdle,False
62,HRL,24.82,0.007948719500564059,0.0032044281251728812,-0.05807828488759695,0.08346430663950742,0.0,0.12,0.0,0.05807828488759695,0.17807828488759694,0.05807828488759695,0.17807828488759694,13.954682476969829,17.81441366501424,26.733767600918878,13.954682476969829,26.733767600918878,False,,-0.28225569439910403,0.6025590000000001,1.0,0.08269452576355217,0.6897,-0.11679557187482711,0.6025590000000001,valid,,,forward_roic_floor_hit;reinvestment_cap_hit,,False,ok,False,,Hormel Foods Corporation,Consumer Defensive,Packaged Foods,general_dcf,13658817282.459806,0.6897,0.056166924608703754,-0.8173585816308039,0.06594958255887975,-0.009782657950176,0.1019744015582596,0.05751382294355734,0.0345289804796276,2.052479806562443,0.0019489468699114664,0.0007539661826108102,incremental_roic_below_wacc,8.0,2025.0,ttm,2026-05-28,2026-06-30,True,,,,0.05807828488759695,0.041347262881776085,0.0,0.17807828488759694,-0.17807828488759694,robust_return<=0; median_irr<=hurdle,False
103,OTIS,71.6,0.006406785859144327,0.025103122787550114,-0.12164403711212794,0.09706493497360502,0.0,0.12,0.25,0.12164403711212794,0.24164403711212795,0.12164403711212794,0.24164403711212795,26.69918490374148,54.057412280474026,74.59425179547449,26.69918490374148,74.59425179547449,False,,-0.24500820837326776,0.80577,1.0,0.11518138604286648,0.9848,-0.09489687721244988,0.80577,valid,,,forward_roic_cap_hit,,False,ok,False,,Otis Worldwide Corporation,Industrials,Industrial - Machinery,general_dcf,27474071041.96489,0.9848,0.961473185663269,,0.07894689088529201,0.882526294777977,0.1447580284207614,0.15436608179149314,0.015981973389793902,3.0324435318275156,0.0,-0.027044762448158233,elevated_leverage,8.0,2025.0,ttm,2026-04-23,2026-06-30,True,,,,0.12164403711212794,0.05759069302143324,0.125,0.24164403711212795,-0.24164403711212795,robust_return<=0; median_irr<=hurdle,False
63,KIM,25.35,0.005586204530262789,-0.0016113995571793716,-0.06095390310732929,0.08652152034273919,0.0,0.12,0.0,0.06095390310732929,0.18095390310732928,0.06095390310732929,0.18095390310732928,18.510260176910386,25.14641228655685,38.38571433305865,18.510260176910386,38.38571433305865,False,,-0.008031073508605657,0.6,0.8,0.09173771172503423,0.7360994469499683,-0.12161139955717937,0.48,valid,,,specialist_model_v1,,False,specialist,False,,Kimco Realty Corporation,Real Estate,REIT - Retail,reit,17095786500.000002,,,,,,,,,,,,,,,,,2026-06-30,True,674390000.0,0.981,P/AFFO Gordon proxy; no property-level NOI or maintenance-capex detail,0.06095390310732929,0.04586885586251711,0.0,0.18095390310732928,-0.18095390310732928,robust_return<=0; median_irr<=hurdle,False
77,ADP,223.95,0.0040214451313659305,0.014377385270199765,-0.08557694331393573,0.07290795329899992,0.0,0.12,0.25,0.08557694331393573,0.20557694331393572,0.08557694331393573,0.20557694331393572,103.74379530699585,165.30423647533755,211.88923914237617,103.74379530699585,211.88923914237617,False,,-0.26186989740862887,0.81504,1.0,0.08479124830646782,0.9696,-0.10562261472980022,0.81504,valid,,,forward_roic_cap_hit,,False,ok,False,,"Automatic Data Processing, Inc.",Industrials,Staffing & Employment Services,general_dcf,89520492454.033,0.9696,0.4302288063895208,1.6727003162548022,0.08517113768307238,0.34505766870644844,0.22604047931542276,0.19199092613596908,0.06389343834085914,0.21501974691706294,0.012680574505535709,-0.015108784872464032,,8.0,2025.0,ttm,2026-04-30,2026-06-30,True,,,,0.08557694331393573,0.04239562415323391,0.125,0.20557694331393572,-0.20557694331393572,robust_return<=0; median_irr<=hurdle,False
206,GEN,24.89,0.0032636456191540222,0.03964919245336208,-0.2573755919700488,0.19113178953994073,0.25,0.12,0.25,0.2573755919700488,0.3773755919700488,0.2573755919700488,0.3773755919700488,4.254094366182756,18.196799589586995,38.408849808980584,4.254094366182756,38.408849808980584,False,,-0.26891122581008464,0.41202,1.0,0.24189309075499474,0.6431,-0.08035080754663793,0.41202,valid,,,reinvestment_cap_hit,,False,ok,False,,Gen Digital Inc.,Technology,Software - Infrastructure,general_dcf,14994582260.0,0.6431,0.15378059645713996,0.10027188194900236,0.09038580278705019,0.06339479367008977,0.355338434982158,0.4282,0.007931476795870251,2.9832953682612,0.03631578947368421,-0.008077897235781228,thin_interest_coverage;cyclical_revenue,8.0,2026.0,ttm,2026-05-21,2026-06-30,True,,,,0.2573755919700488,0.12094654537749737,0.125,0.3773755919700488,-0.3773755919700488,robust_return<=0; median_irr<=hurdle,False
92,PM,180.91,0.0023303848065552545,0.015849312199861774,-0.10498523004353041,0.08260814487002789,0.0,0.12,0.25,0.10498523004353041,0.2249852300435304,0.10498523004353041,0.2249852300435304,79.74579152500561,143.03313737782793,194.4498937996836,79.74579152500561,194.4498937996836,False,,-0.20936854028064822,0.8815,1.0,0.09735168745677916,0.9783,-0.10415068780013823,0.8815,valid,,,,,False,ok,False,,Philip Morris International Inc.,Consumer Defensive,Tobacco,general_dcf,281958880830.1247,0.9783,0.3218184560068495,0.0740186415125545,0.06623266348606872,0.2555857925207808,0.375011668771804,0.3683030872677319,0.046226778751697895,2.686503351051537,0.0,0.0023186132197321463,,8.0,2025.0,ttm,2026-04-24,2026-06-30,True,,,,0.10498523004353041,0.04867584372838958,0.125,0.2249852300435304,-0.2249852300435304,robust_return<=0; median_irr<=hurdle,False
186,SLB,46.49,0.002161353069823256,0.025392777216620768,-0.21598505213623864,0.17384490998229013,0.25,0.12,0.25,0.21598505213623864,0.33598505213623864,0.21598505213623864,0.33598505213623864,12.11590594591418,39.12899880470841,74.01298959550377,12.11590594591418,74.01298959550377,False,,-0.15833515154423727,0.5545,1.0,0.20827998105926437,0.6395,-0.09460722278337923,0.5545,valid,,,,,False,ok,False,,Slb N.V.,Energy,Oil & Gas Equipment & Services,general_dcf,69505339400.0,0.6395,0.12231466083063716,0.26793802341834855,0.07566300331739362,0.046651657513243544,0.13417969730870635,0.14435169727323316,0.012147044721517952,1.0438039614017267,0.008842613550626226,0.01777541240220315,cyclical_revenue,8.0,2025.0,ttm,2026-04-29,2026-06-30,True,,,,0.21598505213623864,0.10413999052963219,0.125,0.33598505213623864,-0.33598505213623864,robust_return<=0; median_irr<=hurdle,False
169,MRK,128.5,0.0016856631926203194,0.023072171752573943,-0.19428150970197738,0.15487981896731076,0.25,0.12,0.25,0.19428150970197738,0.3142815097019774,0.19428150970197738,0.3142815097019774,35.884143362251585,104.76283218231809,184.35467715580108,35.884143362251585,184.35467715580108,False,,-0.1847250413827386,0.6751,1.0,0.1843276643346441,0.7946,-0.09692782824742605,0.6751,valid,,,,,False,ok,False,,"Merck & Co., Inc.",Healthcare,Drug Manufacturers - General,general_dcf,317372437327.1926,0.7946,0.16631601978689647,0.3538441559451518,0.0670218520126053,0.09929416777429118,0.24108456958368574,0.27591358834021923,0.0631423349445206,1.7830301039057046,0.01072943524910588,-0.009264693518373779,,8.0,2025.0,ttm,2026-05-04,2026-06-30,True,,,,0.19428150970197738,0.09216383216732205,0.125,0.3142815097019774,-0.3142815097019774,robust_return<=0; median_irr<=hurdle,False
93,ORLY,92.09,-0.000728605012409362,0.012374330492457402,-0.10539976452128028,0.07773668348672802,0.0,0.12,0.25,0.10539976452128028,0.22539976452128027,0.10539976452128028,0.22539976452128027,39.74057177980266,71.21907524448945,94.58352734713588,39.74057177980266,94.58352734713588,False,,-0.2266361684820345,0.9176,1.0,0.09404022400400415,0.9852,-0.1076256695075426,0.9176,valid,,,,,False,ok,False,,"O'Reilly Automotive, Inc.",Consumer Cyclical,Specialty Retail,general_dcf,76316371625.59683,0.9852,0.37451865338884893,0.19740063058460058,0.06845186938115101,0.30606678400769793,0.19813277759802017,0.19558556877559755,0.09309116056016165,2.0754814848813536,0.0017398535945232336,-0.031709650607369966,,8.0,2025.0,ttm,2026-05-08,2026-06-30,True,,,,0.10539976452128028,0.047020112002002075,0.125,0.22539976452128027,-0.22539976452128027,robust_return<=0; median_irr<=hurdle,False
127,AIZ,268.53,-0.0019130128348217312,0.02221438777299456,-0.1482522536074532,0.09617142672217716,0.0,0.12,0.25,0.1482522536074532,0.2682522536074532,0.1482522536074532,0.2682522536074532,120.3781813043734,299.7110525403358,424.9963485496272,120.3781813043734,424.9963485496272,False,,0.11611757546767887,0.6,0.8,0.14021184016481517,0.4016474543866634,-0.09778561222700544,0.48,valid,,,specialist_model_v1,,False,specialist,False,,"Assurant, Inc.",Financial Services,Insurance - Specialty,insurance,13305026963.433683,,,,,,,,,,,,,,,,,2026-06-30,True,49547636.9993434,0.569,Justified P/B residual-income proxy; no regulatory-capital or reserve-detail model,0.1482522536074532,0.07010592008240758,0.125,0.2682522536074532,-0.2682522536074532,robust_return<=0; median_irr<=hurdle,False
76,AOS,62.72,-0.004138609641813652,0.0020894934074022157,-0.08536270471522582,0.06462927933316678,0.0,0.12,0.25,0.08536270471522582,0.20536270471522583,0.08536270471522582,0.20536270471522583,28.027249476956808,41.820756365010965,53.540174696051736,28.027249476956808,53.540174696051736,False,,-0.3332149814252078,0.8202,1.0,0.08038999202419629,0.9525,-0.11791050659259777,0.8202,valid,,,,,False,ok,False,,A. O. Smith Corporation,Industrials,Industrial - Machinery,general_dcf,8762410182.0972,0.9525,0.23595830407238708,0.2108640304651065,0.0995744479573766,0.13638385611501047,0.17426573959201086,0.18547181195729165,0.026568913605153677,0.5690934238652081,0.0036029450159260614,-0.03689098878566355,,8.0,2025.0,ttm,2026-04-30,2026-06-30,True,,,,0.08536270471522582,0.040194996012098146,0.125,0.20536270471522583,-0.20536270471522583,robust_return<=0; median_irr<=hurdle,False
89,VTR,88.8,-0.004623724649657018,0.027904074958653213,-0.10220712347458771,0.027904074958653213,0.0,0.12,0.25,0.10220712347458771,0.2222071234745877,0.10220712347458771,0.2222071234745877,51.795704174631126,101.90040369597595,101.90040369597595,51.795704174631126,101.90040369597595,False,,0.14752706864837783,0.6,0.8,0.08305559921662045,0.5082973403046149,-0.09209592504134678,0.48,valid,,,specialist_model_v1,,False,specialist,False,,"Ventas, Inc.",Real Estate,REIT - Healthcare Facilities,reit,43171871402.06816,,,,,,,,,,,,,,,,,2026-06-30,True,486169722.9962631,0.734,P/AFFO Gordon proxy; no property-level NOI or maintenance-capex detail,0.10220712347458771,0.041527799608310226,0.125,0.2222071234745877,-0.2222071234745877,robust_return<=0; median_irr<=hurdle,False
95,BR,136.95,-0.005830422754661377,0.005254454369423938,-0.1066953252680832,0.07286472551058981,0.0,0.12,0.25,0.1066953252680832,0.2266953252680832,0.1066953252680832,0.2266953252680832,54.87043320528304,94.31363203385224,127.97184521433539,54.87043320528304,127.97184521433539,False,,-0.31132798806971707,0.8733,1.0,0.0935810253893365,0.8677,-0.11474554563057605,0.8733,valid,,,,,False,ok,False,,"Broadridge Financial Solutions, Inc.",Technology,Information Technology Services,general_dcf,15839403773.945929,0.8677,0.16823569567196237,,0.08180989441965891,0.08642580125230345,0.14387942785845714,0.17143520478538163,0.0685924193098515,1.9448971915747242,0.010850187496157866,-0.004237338963661075,,8.0,2025.0,ttm,2026-04-30,2026-06-30,True,,,,0.1066953252680832,0.04679051269466825,0.125,0.2266953252680832,-0.2266953252680832,robust_return<=0; median_irr<=hurdle,False
72,MSFT,373.02,-0.006983064271480523,0.00011765503586505543,-0.0782635170413414,0.05009594988368919,0.0,0.12,0.25,0.0782635170413414,0.19826351704134137,0.0782635170413414,0.19826351704134137,165.52281583397587,241.80665623195492,301.8695547980397,165.52281583397587,301.8695547980397,False,,-0.351759540421546,0.8866,1.0,0.0675817334625153,0.9665,-0.11988234496413494,0.8866,valid,,,,,False,ok,False,,Microsoft Corporation,Technology,Software - Infrastructure,general_dcf,2770952958600.0,0.9665,0.314282938036682,0.18198460153252746,0.09893561785199904,0.21534732018468294,0.416838797545377,0.4680164512855316,0.14325890661039442,-0.1106362871652145,0.04379043904667879,-0.004217586191098577,,8.0,2025.0,ttm,2026-04-29,2026-06-30,True,,,,0.0782635170413414,0.03379086673125765,0.125,0.19826351704134137,-0.19826351704134137,robust_return<=0; median_irr<=hurdle,False
107,L,113.21,-0.008712305620605515,0.011776418364361607,-0.12629969788220674,0.06789763867106147,0.0,0.12,0.25,0.12629969788220674,0.24629969788220674,0.12629969788220674,0.24629969788220674,57.63644951556319,120.03490566458797,157.22909744365893,57.63644951556319,157.22909744365893,False,,0.06028536052104916,0.6,0.8,0.11509866827663409,0.4801640755782822,-0.10822358163563839,0.48,valid,,,specialist_model_v1,,False,specialist,False,,Loews Corporation,Financial Services,Insurance - Property & Casualty,insurance,23295094112.568085,,,,,,,,,,,,,,,,,2026-06-30,True,205768873.00210303,0.535,Justified P/B residual-income proxy; no regulatory-capital or reserve-detail model,0.12629969788220674,0.057549334138317046,0.125,0.24629969788220674,-0.24629969788220674,robust_return<=0; median_irr<=hurdle,False
65,HSY,175.45,-0.008813986483437446,-0.01098771216638849,-0.06585090774169654,0.052570386140723735,0.0,0.12,0.0,0.06585090774169654,0.18585090774169655,0.06585090774169654,0.18585090774169655,91.76158395597449,116.46181889582463,161.74808628144353,91.76158395597449,161.74808628144353,False,,-0.33621077859319093,0.655371,0.85,0.07404951694121013,0.8435,-0.1309877121663885,0.55706535,valid,,,forward_roic_floor_hit;reinvestment_cap_hit,,False,ok,False,,The Hershey Company,Consumer Defensive,Food Confectioners,general_dcf,35588871021.39279,0.8435,0.15424605174584108,-0.4027921326222956,0.06725371730604837,0.0869923344397927,0.21786215855119656,0.14080405132911095,0.05971136737461946,2.0316431247126587,0.005598424162477114,-0.003725755580062051,incremental_roic_below_wacc,8.0,2025.0,ttm,2026-04-30,2026-06-30,True,,,,0.06585090774169654,0.03702475847060507,0.0,0.18585090774169655,-0.18585090774169655,robust_return<=0; median_irr<=hurdle,False
106,TRV,330.12,-0.010209799209328574,0.008620874883648044,-0.1247459348185449,0.06666498821393452,0.0,0.12,0.25,0.1247459348185449,0.2447459348185449,0.1247459348185449,0.2447459348185449,169.56746172361375,344.5970837707986,455.83958605615464,169.56746172361375,455.83958605615464,False,,0.04385400391008898,0.6,0.8,0.1137054615162397,0.49207456972096125,-0.11137912511635195,0.48,valid,,,specialist_model_v1,,False,specialist,False,,"The Travelers Companies, Inc.",Financial Services,Insurance - Property & Casualty,insurance,70198266053.49542,,,,,,,,,,,,,,,,,2026-06-30,True,212644693.00101608,0.495,Justified P/B residual-income proxy; no regulatory-capital or reserve-detail model,0.1247459348185449,0.05685273075811985,0.125,0.2447459348185449,-0.2447459348185449,robust_return<=0; median_irr<=hurdle,False
150,BSX,42.68,-0.011769422615179777,0.00492051972541961,-0.17463869326747955,0.11771996335592122,0.0,0.12,0.25,0.17463869326747955,0.29463869326747955,0.17463869326747955,0.29463869326747955,13.698017414769737,32.40516672551944,54.52994761509671,13.698017414769737,54.52994761509671,False,,-0.24074117325399613,0.6654,1.0,0.15621732831170038,0.5049,-0.11507948027458038,0.6654,valid,,,,,False,ok,False,,Boston Scientific Corporation,Healthcare,Medical - Devices,general_dcf,63437639039.9777,0.5049,0.10017304374020378,0.16740732851380255,0.06954209657379881,0.030630947166404965,0.15840997764783987,0.20116420082464226,0.1074940369415851,1.7153943331528605,0.015883441810473516,0.012643072407720446,,8.0,2025.0,ttm,2026-03-31,2026-06-30,True,,,,0.17463869326747955,0.07810866415585019,0.125,0.29463869326747955,-0.29463869326747955,robust_return<=0; median_irr<=hurdle,False
75,DLR,179.58,-0.018236283112754714,0.0033640967700090396,-0.08303742276104598,0.0033640967700090396,0.0,0.12,0.25,0.08303742276104598,0.20303742276104597,0.08303742276104598,0.20303742276104597,116.41689878780926,182.62101430725025,182.62101430725025,116.41689878780926,182.62101430725025,False,,0.01693403668142457,0.6,0.8,0.0612007597655275,0.637478108581436,-0.11663590322999096,0.48,valid,,,specialist_model_v1,,False,specialist,False,,"Digital Realty Trust, Inc.",Real Estate,REIT - Industrial,reit,63105489480.00001,,,,,,,,,,,,,,,,,2026-06-30,True,351406000.0,1.046,P/AFFO Gordon proxy; no property-level NOI or maintenance-capex detail,0.08303742276104598,0.03060037988276375,0.125,0.20303742276104597,-0.20303742276104597,robust_return<=0; median_irr<=hurdle,False
189,KVUE,19.11,-0.020232006441801745,0.004949209466576605,-0.22455714223906395,0.13373069753870376,0.25,0.12,0.25,0.22455714223906395,0.344557142239064,0.22455714223906395,0.344557142239064,4.544300879320831,14.265087779222089,25.41640775649757,4.544300879320831,25.41640775649757,False,,-0.2535275887377243,0.66708,0.95,0.19063151988888383,0.5196,-0.11505079053342339,0.633726,valid,,,wacc_floor_hit,,False,ok,False,,Kenvue Inc.,Consumer Defensive,Household & Personal Products,general_dcf,36691365645.04501,0.5196,0.12068022198095033,,0.065,0.05568022198095032,0.16265216265216265,0.1962464033481559,0.009098884434247001,2.1279102384291724,0.012173012173012173,0.0012354431745782435,,7.0,2025.0,ttm,2026-05-07,2026-06-30,True,,,,0.22455714223906395,0.09531575994444191,0.125,0.344557142239064,-0.344557142239064,robust_return<=0; median_irr<=hurdle,False
114,HII,279.89,-0.021050594811458708,-0.010988886508857803,-0.1366845028111129,0.07445989658299369,0.0,0.12,0.25,0.1366845028111129,0.2566845028111129,0.1366845028111129,0.2566845028111129,102.2367642782583,186.29605457463646,287.71867536915516,102.2367642782583,287.71867536915516,False,,-0.33439546045004653,0.6583500000000001,1.0,0.1158216996970533,0.6457,-0.1309888865088578,0.6583500000000001,valid,,,reinvestment_cap_hit,,False,ok,False,,"Huntington Ingalls Industries, Inc.",Industrials,Aerospace & Defense,general_dcf,11028785559.999998,0.6457,0.06621902324690654,0.04451518236260853,0.06557002599136022,0.0006489972555463186,0.06102485467315274,0.048797571795470465,0.06232886601518706,2.8488982161594962,0.002968395320412083,-0.006694761373249314,incremental_roic_below_wacc,8.0,2025.0,ttm,2026-05-05,2026-06-30,True,,,,0.1366845028111129,0.05791084984852665,0.125,0.2566845028111129,-0.2566845028111129,robust_return<=0; median_irr<=hurdle,False
84,AVY,162.35,-0.02183928355298119,-0.013919599202927176,-0.09620617663313166,0.036688240827061264,0.0,0.12,0.25,0.09620617663313166,0.21620617663313166,0.09620617663313166,0.21620617663313166,70.37055898511346,101.88505952146292,128.79613292881942,70.37055898511346,128.79613292881942,False,,-0.37243572823244275,0.828,1.0,0.07160720873009646,0.8496,-0.13391959920292718,0.828,valid,,,,,False,ok,False,,Avery Dennison Corporation,Basic Materials,Packaging & Containers,general_dcf,12418216440.0,0.8496,0.14469532757525053,0.0533767593904854,0.0767656634306829,0.06792966414456762,0.12112797327355174,0.12449892845642205,0.03084742229791626,2.424055406980731,0.0031505843825870928,-0.02154775086462868,incremental_roic_below_wacc,8.0,2025.0,ttm,2026-05-05,2026-06-30,True,,,,0.09620617663313166,0.03580360436504823,0.125,0.21620617663313166,-0.21620617663313166,robust_return<=0; median_irr<=hurdle,False
159,ABBV,251.64,-0.022230704334287997,-0.0051205593044869315,-0.18370874123793327,0.10502704250975514,0.0,0.12,0.25,0.18370874123793327,0.30370874123793323,0.18370874123793327,0.30370874123793323,71.94415635940351,177.30088045871773,295.9204755168977,71.94415635940351,295.9204755168977,False,,-0.2954185325913299,0.6379,1.0,0.1552308918738442,0.8468,-0.12512055930448693,0.6379,valid,,,,,False,ok,False,,AbbVie Inc.,Healthcare,Drug Manufacturers - General,general_dcf,444595745475.96893,0.8468,0.17156849812017677,,0.06755000016875118,0.10401849795142559,0.28007514501636444,0.2760470558270587,0.09331472871090596,2.5009654411474957,0.015614780902550687,-0.000750469325035974,,8.0,2025.0,ttm,2026-05-08,2026-06-30,True,,,,0.18370874123793327,0.0776154459369221,0.125,0.30370874123793323,-0.30370874123793323,robust_return<=0; median_irr<=hurdle,False
141,VRSK,179.53,-0.02268505701067621,-0.007604780604015074,-0.16455850119818927,0.08902783436351458,0.0,0.12,0.25,0.16455850119818927,0.28455850119818926,0.16455850119818927,0.28455850119818926,55.85678309438755,123.96941724171944,186.0722870317597,55.85678309438755,186.0722870317597,False,,-0.3094779856195653,0.7063200000000001,1.0,0.13560356778085192,0.943,-0.12760478060401506,0.7063200000000001,valid,,,share_change_floor_hit,,False,ok,False,,"Verisk Analytics, Inc.",Technology,Software - Services,general_dcf,23522350935.39544,0.943,0.3719066841025896,,0.07417720226772453,0.29772948183486503,0.42172227797197337,0.44866711794475067,0.03623115196750715,2.3841367680409373,0.017639209815471735,-0.05242106460720275,,8.0,2025.0,ttm,2026-04-29,2026-06-30,True,,,,0.16455850119818927,0.06780178389042596,0.125,0.28455850119818926,-0.28455850119818926,robust_return<=0; median_irr<=hurdle,False
294,UAL,135.99,-0.022856840098393172,0.13501123394817116,-0.95,0.588550171710085,0.75,0.12,0.25,0.95,1.0699999999999998,0.95,1.0699999999999998,-55.419390900302055,160.3339396414067,826.0379305221584,-55.419390900302055,826.0379305221584,False,,0.17901271888673187,0.4144,1.0,0.7868430858550425,0.5118,0.015011233948171165,0.4144,valid,,,,,False,ok,True,bear,"United Airlines Holdings, Inc.",Industrials,"Airlines, Airports & Air Services",general_dcf,44138274300.0,0.5118,0.12037131919057413,0.5465351348676303,0.08326823696406468,0.037103082226509446,0.07828532791915829,0.08439453577216949,0.05244136817293299,2.082280049566295,0.0,-0.0033434900048592286,thin_interest_coverage;cyclical_revenue,8.0,2025.0,ttm,2026-04-22,2026-06-30,True,,,,0.95,0.39342154292752124,0.125,1.0699999999999998,-1.0637793446518777,robust_return<=0,False
78,MRSH,166.67,-0.02422646729120667,-0.005490268453114289,-0.08788751495377489,0.001962182695176784,0.0,0.12,0.25,0.08788751495377489,0.2078875149537749,0.08788751495377489,0.2078875149537749,105.22027620462039,162.14464913064126,168.31161461605492,105.22027620462039,168.31161461605492,False,,-0.027151562184908662,0.6,0.8,0.06292484882447583,0.6489284522725357,-0.12549026845311428,0.48,valid,,,specialist_model_v1,,False,specialist,False,,"Marsh & McLennan Companies, Inc.",Financial Services,Insurance - Brokers,insurance,80300772650.0,,,,,,,,,,,,,,,,,2026-06-30,True,481795000.00000006,0.611,Justified P/B residual-income proxy; no regulatory-capital or reserve-detail model,0.08788751495377489,0.03146242441223791,0.125,0.2078875149537749,-0.2078875149537749,robust_return<=0; median_irr<=hurdle,False
122,HBAN,17.73,-0.024568450017982385,-0.004145405684126358,-0.1443943026797586,0.05441131397608179,0.0,0.12,0.25,0.1443943026797586,0.2643943026797586,0.1443943026797586,0.2643943026797586,8.129747826302115,17.36554397411318,23.10782246104146,8.129747826302115,23.10782246104146,False,,-0.02055589542508862,0.6,0.8,0.11740280832792019,0.46815393968775937,-0.12414540568412635,0.48,valid,,,specialist_model_v1,,False,specialist,False,,Huntington Bancshares Incorporated,Financial Services,Banks - Regional,bank,35941014900.0,,,,,,,,,,,,,,,,,2026-06-30,True,2027130000.0,0.969,Justified P/B residual-income proxy; no regulatory-capital or reserve-detail model,0.1443943026797586,0.058701404163960094,0.125,0.2643943026797586,-0.2643943026797586,robust_return<=0; median_irr<=hurdle,False
105,RF,30.2,-0.027166493148594317,-0.010907209285967778,-0.12315360668212416,0.03630205265968245,0.0,0.12,0.25,0.12315360668212416,0.24315360668212416,0.12315360668212416,0.24315360668212416,15.6539716426832,28.588549753748612,36.09430924254903,15.6539716426832,36.09430924254903,False,,-0.053359279677198224,0.6,0.8,0.0977278296709033,0.5475608863520824,-0.13090720928596777,0.48,valid,,,specialist_model_v1,,False,specialist,False,,Regions Financial Corporation,Financial Services,Banks - Regional,bank,25772076000.0,,,,,,,,,,,,,,,,,2026-06-30,True,853380000.0,1.027,Justified P/B residual-income proxy; no regulatory-capital or reserve-detail model,0.12315360668212416,0.04886391483545165,0.125,0.24315360668212416,-0.24315360668212416,robust_return<=0; median_irr<=hurdle,False
111,EBAY,111.75,-0.03052910011465425,-0.021246876328950712,-0.13266457064892162,0.05304192284820604,0.0,0.12,0.25,0.13266457064892162,0.2526645706489216,0.13266457064892162,0.2526645706489216,37.18839659194047,64.60611011291002,87.88203291075772,37.18839659194047,87.88203291075772,False,,-0.42186926073458597,0.66852,1.0,0.10279764674856381,0.9513,-0.14124687632895072,0.66852,valid,,,share_change_floor_hit,,False,ok,False,,eBay Inc.,Consumer Cyclical,Specialty Retail,general_dcf,49617000000.0,0.9513,0.25351022037760845,,0.10558420120567344,0.147926019171935,0.2318380411812394,0.19579455360220613,0.036268770373628634,1.240995172669885,0.0568631329113924,-0.06439184111788199,heavy_sbc,8.0,2025.0,ttm,2026-04-29,2026-06-30,True,,,,0.13266457064892162,0.05139882337428191,0.125,0.2526645706489216,-0.2526645706489216,robust_return<=0; median_irr<=hurdle,False
98,JNJ,253.97,-0.03287889217026529,-0.02469930856605057,-0.11375706019171045,0.031640108642750436,0.0,0.12,0.25,0.11375706019171045,0.23375706019171044,0.11375706019171045,0.23375706019171044,107.42465632102216,167.83931006069395,215.13066551777496,107.42465632102216,215.13066551777496,False,,-0.33913726006735456,0.9161,1.0,0.07521558441723045,0.9491,-0.14469930856605057,0.9161,valid,,,,,False,ok,False,,Johnson & Johnson,Healthcare,Drug Manufacturers - General,general_dcf,611361663400.0,0.9491,0.195388949220565,0.12066491948116082,0.068289864286182,0.127099084934383,0.26112666111616145,0.2686951287852058,0.020747946632048597,0.979451036369584,0.013645063939219578,-0.02815093071096164,,8.0,2025.0,ttm,2026-04-22,2026-06-30,True,,,,0.11375706019171045,0.03760779220861522,0.125,0.23375706019171044,-0.23375706019171044,robust_return<=0; median_irr<=hurdle,False
190,SWK,94.12,-0.033288509657722884,0.00034841659362430677,-0.22492807236267254,0.0910772005445324,0.0,0.12,0.25,0.22492807236267254,0.34492807236267253,0.22492807236267254,0.34492807236267253,19.009743455276883,59.451078252533605,88.92853517057176,19.009743455276883,88.92853517057176,False,,-0.3683480848647088,0.6687,1.0,0.16794163645360247,0.6511,-0.11965158340637569,0.6687,valid,,,,,False,ok,False,,"Stanley Black & Decker, Inc.",Industrials,Manufacturing - Tools & Accessories,general_dcf,14631477683.927305,0.6511,0.07053716551040634,,0.09610772583678237,-0.02557056032637603,0.11132867047083822,0.07787450269823137,0.011336139540656154,3.6586858365019013,0.0054724263733939614,-0.008945795663361622,elevated_leverage;thin_interest_coverage,8.0,2025.0,ttm,2026-04-29,2026-06-30,True,,,,0.22492807236267254,0.08397081822680123,0.125,0.34492807236267253,-0.34492807236267253,robust_return<=0; median_irr<=hurdle,False
145,QCOM,184.79,-0.0347786136968352,-0.024914963278570183,-0.16710840067826205,0.07782387244806162,0.0,0.12,0.25,0.16710840067826205,0.28710840067826204,0.16710840067826205,0.28710840067826204,51.87458806224157,101.97455060164674,153.79570645458736,51.87458806224157,153.79570645458736,False,,-0.4481597997638035,0.5368,1.0,0.13636213656316182,0.8972,-0.14491496327857017,0.5368,valid,,,,,False,ok,False,,QUALCOMM Incorporated,Technology,Semiconductors,general_dcf,194768660000.0,0.8972,0.30269917712161976,0.19884242462262983,0.1193369163443779,0.18336226077724185,0.27240711397066963,0.25524310472722367,0.09994948852052121,0.4231245166279969,0.06796365689646322,-0.01943111813623355,heavy_sbc;cyclical_revenue,8.0,2025.0,ttm,2026-04-29,2026-06-30,True,,,,0.16710840067826205,0.06818106828158091,0.125,0.28710840067826204,-0.28710840067826204,robust_return<=0; median_irr<=hurdle,False
90,DHI,162.88,-0.03604849718540206,-0.04506599268643183,-0.10325296964147126,0.04919096627272668,0.0,0.12,0.25,0.10325296964147126,0.22325296964147126,0.10325296964147126,0.22325296964147126,64.47270157930775,71.40337226251603,120.17463717174722,64.47270157930775,120.17463717174722,False,,-0.561619767543492,0.46218600000000004,1.0,0.09235638795709897,0.6812,-0.16506599268643182,0.46218600000000004,valid,,,forward_roic_floor_hit;share_change_floor_hit;reinvestment_cap_hit,,False,ok,False,,"D.R. Horton, Inc.",Consumer Cyclical,Residential Construction,general_dcf,46189447365.668144,0.6812,0.10598139767609463,-0.07310092748107339,0.10541500819214462,0.0005663894839500055,0.15579730005557357,0.11755286610452076,0.11418597975037237,1.1532294097204985,0.003209117044460265,-0.0660906060779104,incremental_roic_below_wacc,8.0,2025.0,ttm,2026-04-23,2026-06-30,True,,,,0.10325296964147126,0.046178193978549484,0.125,0.22325296964147126,-0.22325296964147126,robust_return<=0; median_irr<=hurdle,False
104,ERIE,239.75,-0.03722071178785802,-0.02358029240084647,-0.12177530141670956,0.020053039066970424,0.0,0.12,0.25,0.12177530141670956,0.24177530141670955,0.12177530141670956,0.24177530141670955,125.25262877972519,212.7851412611756,264.7722013911,125.25262877972519,264.7722013911,False,,-0.11247073509415806,0.6,0.8,0.08891417024183998,0.5886342816859955,-0.14358029240084647,0.48,valid,,,specialist_model_v1,,False,specialist,False,,Erie Indemnity Company,Financial Services,Insurance - Property & Casualty,insurance,11073836725.480913,,,,,,,,,,,,,,,,,2026-06-30,True,46189100.0020059,0.307,Justified P/B residual-income proxy; no regulatory-capital or reserve-detail model,0.12177530141670956,0.04445708512091999,0.125,0.24177530141670955,-0.24177530141670955,robust_return<=0; median_irr<=hurdle,False
74,BBY,75.88,-0.03871561386768004,-0.03664925715420391,-0.08135168589651584,-0.00021225526579652903,0.0,0.12,0.25,0.08135168589651584,0.20135168589651584,0.08135168589651584,0.20135168589651584,33.70043298261696,39.11815301754424,43.94778742240822,33.70043298261696,43.94778742240822,False,,-0.4844734710392167,0.636255,1.0,0.051482065315359656,0.8683,-0.1566492571542039,0.636255,valid,,,forward_roic_floor_hit;reinvestment_cap_hit,,False,ok,False,,"Best Buy Co., Inc.",Consumer Cyclical,Specialty Retail,general_dcf,15992999959.999998,0.8683,0.20029965448790993,-0.924970503328091,0.09790647919060075,0.10239317529730918,0.04287632678200361,0.03397037744863832,-0.004005800635851875,1.0630590339892665,0.0033370155573966675,-0.02173620837992507,incremental_roic_below_wacc,8.0,2026.0,ttm,2026-06-05,2026-06-30,True,,,,0.08135168589651584,0.025741032657679828,0.125,0.20135168589651584,-0.20135168589651584,robust_return<=0; median_irr<=hurdle,False
116,USB,60.4,-0.03937608383337582,-0.022489707524214197,-0.1393857280397539,0.026860807754679028,0.0,0.12,0.25,0.1393857280397539,0.2593857280397539,0.1393857280397539,0.2593857280397539,28.515412484416544,53.906810052177164,68.9596154180238,28.515412484416544,68.9596154180238,False,,-0.10750314483150392,0.6,0.8,0.10112326789721646,0.5289760691982344,-0.1424897075242142,0.48,valid,,,specialist_model_v1,,False,specialist,False,,U.S. Bancorp,Financial Services,Banks - Diversified,bank,93758920000.0,,,,,,,,,,,,,,,,,2026-06-30,True,1552300000.0,0.999,Justified P/B residual-income proxy; no regulatory-capital or reserve-detail model,0.1393857280397539,0.05056163394860823,0.125,0.2593857280397539,-0.2593857280397539,robust_return<=0; median_irr<=hurdle,False
293,LVS,46.19,-0.03973566578351889,0.13979818079387768,-0.95,0.511460975278169,0.75,0.12,0.25,0.95,1.0699999999999998,0.95,1.0699999999999998,-10.699049018448271,58.96284022856113,254.12855867138418,-10.699049018448271,254.12855867138418,False,,0.27652825781686796,0.4433,1.0,0.7474314876390845,0.6915,0.019798180793877684,0.4433,valid,,,,,False,ok,True,bear,Las Vegas Sands Corp.,Consumer Cyclical,"Gambling, Resorts & Casinos",general_dcf,30607218041.50032,0.6915,0.21912608503751654,,0.07424337155912736,0.14488271347838919,0.22266116299469607,0.24636098981077148,-0.007578875588428513,2.5083991094920055,0.004242190512919399,-0.04234358866962151,thin_interest_coverage;cyclical_revenue,8.0,2025.0,ttm,2026-04-24,2026-06-30,True,,,,0.95,0.37371574381954226,0.125,1.0699999999999998,-1.0612234664540738,robust_return<=0,False
172,PTC,113.61,-0.04203205934172726,-0.02565738382400011,-0.2006122271704953,0.08379875745158646,0.0,0.12,0.25,0.2006122271704953,0.3206122271704953,0.2006122271704953,0.3206122271704953,30.08010929752734,67.59697764135902,109.94522648602081,30.08010929752734,109.94522648602081,False,,-0.40500855874166874,0.6764,1.0,0.15191349231104087,0.6306,-0.14565738382400012,0.6764,valid,,,,,False,ok,False,,PTC Inc.,Technology,Software - Application,general_dcf,13122636660.0,0.6306,0.19333345910402724,0.29146960792156157,0.08879073672343307,0.10454272238059417,0.21465823542404253,0.38705276430520436,0.11964698925178596,0.7267853670731369,0.09722154544410373,0.0009013606968777399,heavy_sbc;peak_cycle_margins,8.0,2025.0,ttm,2026-05-07,2026-06-30,True,,,,0.2006122271704953,0.07595674615552044,0.125,0.3206122271704953,-0.3206122271704953,robust_return<=0; median_irr<=hurdle,False
125,WFC,82.64,-0.04374518743387332,-0.026488611959831543,-0.14563569263191256,0.02363216681608238,0.0,0.12,0.25,0.14563569263191256,0.26563569263191256,0.14563569263191256,0.26563569263191256,37.61887394768632,72.25958942644154,92.87737500489226,37.61887394768632,92.87737500489226,False,,-0.12561000210017503,0.6,0.8,0.10263392972399746,0.5206073580861041,-0.14648861195983154,0.48,valid,,,specialist_model_v1,,False,specialist,False,,Wells Fargo & Company,Financial Services,Banks - Diversified,bank,252894101600.0,,,,,,,,,,,,,,,,,2026-06-30,True,3060190000.0,0.93,Justified P/B residual-income proxy; no regulatory-capital or reserve-detail model,0.14563569263191256,0.05131696486199873,0.125,0.26563569263191256,-0.26563569263191256,robust_return<=0; median_irr<=hurdle,False
138,EXPD,162.98,-0.045601709596667164,-0.03996872751740735,-0.1574557844869559,0.054986401135101934,0.0,0.12,0.25,0.1574557844869559,0.2774557844869559,0.1574557844869559,0.2774557844869559,52.34969887089517,93.89373586930415,137.50351089364327,52.34969887089517,137.50351089364327,False,,-0.4238941227800702,0.54648,0.95,0.12132669281102892,0.9805,-0.15996872751740734,0.519156,valid,,,share_change_floor_hit,,False,ok,False,,"Expeditors International of Washington, Inc.",Industrials,Integrated Freight & Logistics,general_dcf,21316338856.603798,0.9805,0.5229825541212312,,0.0962645361131727,0.4267180180080585,0.09817747651779296,0.09668865693887972,0.04491666064397681,-0.6606408827345642,0.006254489448874782,-0.0657581801049153,cyclical_revenue,8.0,2025.0,ttm,2026-05-06,2026-06-30,True,,,,0.1574557844869559,0.06066334640551446,0.125,0.2774557844869559,-0.2774557844869559,robust_return<=0; median_irr<=hurdle,False
110,GPC,117.98,-0.04918627738370556,-0.04943619030527767,-0.13022178377141239,0.03234905484714548,0.0,0.12,0.25,0.13022178377141239,0.25022178377141235,0.13022178377141239,0.25022178377141235,42.74202590371314,58.09279534921253,93.52806061695878,42.74202590371314,93.52806061695878,False,,-0.5076047181792462,0.7055100000000001,1.0,0.09012011930927893,0.7253,-0.16943619030527768,0.7055100000000001,valid,,,reinvestment_cap_hit,,False,ok,False,,Genuine Parts Company,Consumer Cyclical,Specialty Retail,general_dcf,16413626420.221975,0.7253,0.07687457478450052,0.00652465213536238,0.06896030704955705,0.00791426773494347,0.061460954263392015,0.04418528967879363,0.053860976464620514,3.7774988768648754,0.002010152945203075,-0.010155099630790865,elevated_leverage;incremental_roic_below_wacc,8.0,2025.0,ttm,2026-04-21,2026-06-30,True,,,,0.13022178377141239,0.04506005965463947,0.125,0.25022178377141235,-0.25022178377141235,robust_return<=0; median_irr<=hurdle,False
113,FITB,56.37,-0.04982054711477593,-0.035094095138825665,-0.1354608907389877,0.006366892557535309,0.0,0.12,0.25,0.1354608907389877,0.2554608907389877,0.1354608907389877,0.2554608907389877,27.225211122683913,47.149040104036,58.1875055079922,27.225211122683913,58.1875055079922,False,,-0.163579206953415,0.6,0.8,0.0889138916482615,0.5774287464306916,-0.15509409513882566,0.48,valid,,,specialist_model_v1,,False,specialist,False,,Fifth Third Bancorp,Financial Services,Banks - Regional,bank,51088781961.230644,,,,,,,,,,,,,,,,,2026-06-30,True,906311548.0083493,0.947,Justified P/B residual-income proxy; no regulatory-capital or reserve-detail model,0.1354608907389877,0.04445694582413075,0.125,0.2554608907389877,-0.2554608907389877,robust_return<=0; median_irr<=hurdle,False
118,MNST,96.12,-0.05079306429834101,-0.04220221012947146,-0.14053720287047322,0.021769365936052082,0.0,0.12,0.25,0.14053720287047322,0.2605372028704732,0.14053720287047322,0.2605372028704732,34.52766680446974,57.792510169285244,77.19555209714157,34.52766680446974,77.19555209714157,False,,-0.3987462529204615,0.8507,1.0,0.08563228440326265,0.9638,-0.16220221012947145,0.8507,valid,,,,,False,ok,False,,Monster Beverage Corporation,Consumer Defensive,Beverages - Non-Alcoholic,general_dcf,94006139533.6937,0.9638,0.3448739651544251,0.23892665820974032,0.0719,0.27297396515442507,0.30803030191925174,0.29336332359688466,0.11766377971547848,-1.106553369175614,0.012143138082634732,-0.025060425936664577,,8.0,2025.0,ttm,2026-05-08,2026-06-30,True,,,,0.14053720287047322,0.042816142201631324,0.125,0.2605372028704732,-0.2605372028704732,robust_return<=0; median_irr<=hurdle,False
165,LLY,1199.43,-0.05110394047296718,-0.03770378028857516,-0.1871269313211087,0.058118730006390285,0.0,0.12,0.25,0.1871269313211087,0.3071269313211087,0.1871269313211087,0.3071269313211087,328.83652488077064,730.9895105772845,1132.9517926480812,328.83652488077064,1132.9517926480812,False,,-0.3905525869977535,0.58716,0.85,0.13950803066374948,0.9387,-0.15770378028857515,0.499086,valid,,,base_growth_cap_hit,,False,ok,False,,Eli Lilly and Company,Healthcare,Drug Manufacturers - General,general_dcf,1129552407630.0,0.9387,0.4095918883332159,0.46811342852770665,0.06993128297803479,0.3396606053551811,0.2985125860686211,0.45865507719776605,0.17173452760489116,1.0826359832635983,0.014333066179425301,-0.01941725719694465,peak_cycle_margins,8.0,2025.0,ttm,2026-04-30,2026-06-30,True,,,,0.1871269313211087,0.06975401533187474,0.125,0.3071269313211087,-0.3071269313211087,robust_return<=0; median_irr<=hurdle,False
135,EA,205.04,-0.05359750851857821,-0.04229312096140343,-0.15509694721258704,0.025293155061081075,0.0,0.12,0.25,0.15509694721258704,0.27509694721258704,0.15509694721258704,0.27509694721258704,66.5833513271646,120.64135007916882,163.24278793328625,66.5833513271646,163.24278793328625,False,,-0.4116204151425633,0.7673,0.95,0.09867605113683406,0.8563,-0.16229312096140341,0.728935,valid,,,,,False,ok,False,,Electronic Arts Inc.,Communication Services,Electronic Gaming & Multimedia,general_dcf,51413985040.0,0.8563,0.16920346878140427,,0.07672234530345279,0.09248112347795148,0.19328197964511903,0.15429557827645732,0.06178197842882893,-0.9643097643097643,0.08602438697574702,-0.030922355340933794,heavy_sbc,8.0,2026.0,ttm,2026-05-11,2026-06-30,True,,,,0.15509694721258704,0.04933802556841703,0.125,0.27509694721258704,-0.27509694721258704,robust_return<=0; median_irr<=hurdle,False
193,PGR,218.45,-0.05475463775882189,-0.02474512282147545,-0.23011402206274822,0.06058571667041157,0.0,0.12,0.25,0.23011402206274822,0.3501140220627482,0.23011402206274822,0.3501140220627482,59.08593306613604,192.72706308845412,293.14393890992693,59.08593306613604,293.14393890992693,False,,-0.1177520572741857,0.6,0.8,0.1633498693665799,0.3065782880685414,-0.14474512282147545,0.48,valid,,,specialist_model_v1,,False,specialist,False,,The Progressive Corporation,Financial Services,Insurance - Property & Casualty,insurance,127648417650.0,,,,,,,,,,,,,,,,,2026-06-30,True,584337000.0,0.27,Justified P/B residual-income proxy; no regulatory-capital or reserve-detail model,0.23011402206274822,0.08167493468328994,0.125,0.3501140220627482,-0.3501140220627482,robust_return<=0; median_irr<=hurdle,False
124,MDLZ,57.84,-0.056579317859723186,-0.05610671172617,-0.14533252516994244,0.031228677183389685,0.0,0.12,0.25,0.14533252516994244,0.26533252516994243,0.14533252516994244,0.26533252516994243,20.171940018133164,29.15564034107657,47.56464650789506,20.171940018133164,47.56464650789506,False,,-0.4959259968693539,0.5606010000000001,1.0,0.10146257117666606,0.5866,-0.17610671172616998,0.5606010000000001,valid,,,forward_roic_floor_hit;wacc_floor_hit;reinvestment_cap_hit,,False,ok,False,,"Mondelez International, Inc.",Consumer Defensive,Food Confectioners,general_dcf,74246302465.34254,0.5866,0.062365886079228945,-0.5531695634595382,0.065,-0.002634113920771057,0.1467575459152321,0.09553734988805211,0.05818855387889599,3.916212003117693,0.004033917839795834,-0.022903224484404072,elevated_leverage;incremental_roic_below_wacc,8.0,2025.0,ttm,2026-04-28,2026-06-30,True,,,,0.14533252516994244,0.05073128558833303,0.125,0.26533252516994243,-0.26533252516994243,robust_return<=0; median_irr<=hurdle,False
149,WM,222.88,-0.05772617536640608,-0.0443149674509186,-0.17455379409366287,0.03227902752987577,0.0,0.12,0.25,0.17455379409366287,0.2945537940936629,0.17455379409366287,0.2945537940936629,65.87028716410447,127.73998384860774,186.55267654976683,65.87028716410447,186.55267654976683,False,,-0.42686654770007293,0.85,1.0,0.10791641081176932,0.8158,-0.1643149674509186,0.85,valid,,,,,False,ok,False,,"Waste Management, Inc.",Industrials,Waste Management,general_dcf,89503258880.0,0.8158,0.11323527244135807,0.10289034716402387,0.06521175768929442,0.04802351475206365,0.18049160262802283,0.18462991382363358,0.07783831760085991,2.88197261663286,0.00455302065994321,-0.008587591856509813,,8.0,2025.0,ttm,2026-04-29,2026-06-30,True,,,,0.17455379409366287,0.05395820540588466,0.125,0.2945537940936629,-0.2945537940936629,robust_return<=0; median_irr<=hurdle,False
130,PNC,246.22,-0.05948956458457272,-0.043676944822583774,-0.15143232734889978,0.0008279586557764507,0.0,0.12,0.25,0.15143232734889978,0.27143232734889977,0.15143232734889978,0.27143232734889977,108.33174542328702,196.94567893695537,247.2409891755488,108.33174542328702,247.2409891755488,False,,-0.20012314622307137,0.6,0.8,0.0941301430023381,0.5500590112361149,-0.16367694482258377,0.48,valid,,,specialist_model_v1,,False,specialist,False,,"The PNC Financial Services Group, Inc.",Financial Services,Banks - Regional,bank,98873334300.0,,,,,,,,,,,,,,,,,2026-06-30,True,401565000.0,0.918,Justified P/B residual-income proxy; no regulatory-capital or reserve-detail model,0.15143232734889978,0.04706507150116905,0.125,0.27143232734889977,-0.27143232734889977,robust_return<=0; median_irr<=hurdle,False
152,PPG,121.29,-0.06021886085218281,-0.04803313249140044,-0.17807069754344404,0.033261519117513696,0.0,0.12,0.25,0.17807069754344404,0.29807069754344406,0.17807069754344404,0.29807069754344406,32.87350625707043,63.644177418273,91.28877871309851,32.87350625707043,91.28877871309851,False,,-0.47527267360645564,0.7543,1.0,0.11303710833047888,0.7602,-0.16803313249140045,0.7543,valid,,,,,False,ok,False,,"PPG Industries, Inc.",Basic Materials,Chemicals - Specialty,general_dcf,27035541000.0,0.7602,0.11179084222607207,,0.0863706832275615,0.025420158998510564,0.12688760969798327,0.12796972892500466,0.004591619879200204,2.344854070660522,0.0026506784474597664,-0.018459166786427894,,8.0,2025.0,ttm,2026-04-29,2026-06-30,True,,,,0.17807069754344404,0.05651855416523944,0.125,0.29807069754344406,-0.29807069754344406,robust_return<=0; median_irr<=hurdle,False
151,MMM,161.91,-0.06065072911587774,-0.05006475629634221,-0.17566798460902644,0.033194580738199905,0.0,0.12,0.25,0.17566798460902644,0.29566798460902644,0.17566798460902644,0.29566798460902644,45.326322758176104,86.1600566608689,123.46364312298013,45.326322758176104,123.46364312298013,False,,-0.4678521607011987,0.7419,1.0,0.11217428267361318,0.9489,-0.1700647562963422,0.7419,valid,,,,,False,ok,False,,3M Company,Industrials,Conglomerates,general_dcf,84446955228.90463,0.9489,0.3375467097765881,,0.09288063053914342,0.2446660792374447,0.2067602674975359,0.19601182864450128,-0.0381898272428316,1.3453352536405825,0.011133685493701747,-0.020869430778441722,weak_cash_conversion,8.0,2025.0,ttm,2026-04-21,2026-06-30,True,,,,0.17566798460902644,0.05608714133680659,0.125,0.29566798460902644,-0.29566798460902644,robust_return<=0; median_irr<=hurdle,False
164,KO,81.27,-0.060707069050113166,-0.045250119420234075,-0.18711822240147735,0.034790185041492845,0.0,0.12,0.25,0.18711822240147735,0.30711822240147735,0.18711822240147735,0.30711822240147735,23.286066578944347,47.83572788525348,69.59784832765183,23.286066578944347,69.59784832765183,False,,-0.411397466651243,0.8097,1.0,0.1166632037214851,0.91,-0.16525011942023407,0.8097,valid,,,,,False,ok,False,,The Coca-Cola Company,Consumer Defensive,Beverages - Non-Alcoholic,general_dcf,349662549600.0,0.91,0.1777041809221706,0.3070694854507463,0.06746028514258781,0.1102438957795828,0.2667444120505345,0.29344209073938804,0.04899466931403018,2.115352376039719,0.0058196533238772654,-0.0027662658604344914,weak_cash_conversion,8.0,2025.0,ttm,2026-04-30,2026-06-30,True,,,,0.18711822240147735,0.05833160186074255,0.125,0.30711822240147735,-0.30711822240147735,robust_return<=0; median_irr<=hurdle,False
183,TJX,151.5,-0.06078355241770622,-0.047273556998698014,-0.2141518082411494,0.06556471256772058,0.0,0.12,0.25,0.2141518082411494,0.33415180824114943,0.2141518082411494,0.33415180824114943,37.00047649339969,87.68594392420397,145.32888028189993,37.00047649339969,145.32888028189993,False,,-0.4212148915894127,0.541,1.0,0.153628260404435,0.9153,-0.167273556998698,0.541,valid,,,,,False,ok,False,,"The TJX Companies, Inc.",Consumer Cyclical,Apparel - Retail,general_dcf,167362723568.8999,0.9153,0.30122773677764214,0.3518534824190332,0.07333659360649003,0.2278911431711521,0.1063916885959994,0.12392829306313329,0.06451848879760735,0.9642336584818926,0.003246983676366217,-0.016688970043847173,cyclical_revenue,8.0,2026.0,ttm,2026-05-29,2026-06-30,True,,,,0.2141518082411494,0.0768141302022175,0.125,0.33415180824114943,-0.33415180824114943,robust_return<=0; median_irr<=hurdle,False
136,NTAP,154.76,-0.06229047338783855,-0.05395235908799802,-0.15664113406674002,0.015383958691381878,0.0,0.12,0.25,0.15664113406674002,0.27664113406674,0.15664113406674002,0.27664113406674,48.36825876431004,80.36691949812021,105.93417301453582,48.36825876431004,105.93417301453582,False,,-0.48069966723881996,0.7137,1.0,0.09460154637906094,0.7371,-0.173952359087998,0.7137,valid,,,forward_roic_cap_hit,,False,ok,False,,"NetApp, Inc.",Technology,Computer Hardware,general_dcf,30320579200.0,0.7371,2.861150546261354,0.538397152151984,0.11110293740226017,2.7500476088590937,0.1884048836470307,0.24115523465703972,0.017194231969849705,-0.4550802139037433,0.056955966815571156,-0.03288794110663151,heavy_sbc,8.0,2026.0,ttm,2026-06-05,2026-06-30,True,,,,0.15664113406674002,0.04730077318953047,0.125,0.27664113406674,-0.27664113406674,robust_return<=0; median_irr<=hurdle,False
158,ADSK,194.42,-0.0632278933371708,-0.052324069291353206,-0.1834873162093572,0.0352238814433804,0.0,0.12,0.25,0.1834873162093572,0.3034873162093572,0.1834873162093572,0.3034873162093572,51.18930974436589,99.63601371588754,144.68720549541968,51.18930974436589,144.68720549541968,False,,-0.48752178934323864,0.66276,1.0,0.1194727988263688,0.8164,-0.1723240692913532,0.66276,valid,,,forward_roic_cap_hit,,False,ok,False,,"Autodesk, Inc.",Technology,Software - Application,general_dcf,41050859699.65358,0.8164,0.536810308317395,0.9112533635999258,0.10572284700171275,0.4310874613156822,0.1817827291442067,0.26601838284268015,0.1586991935968085,-0.09111617312072894,0.11140107649649324,-0.009259790999624373,heavy_sbc,8.0,2026.0,ttm,2026-05-29,2026-06-30,True,,,,0.1834873162093572,0.0597363994131844,0.125,0.3034873162093572,-0.3034873162093572,robust_return<=0; median_irr<=hurdle,False
99,UPS,107.5,-0.06377989607135527,-0.07262534018373111,-0.1161728066275827,0.006303902709623827,0.0,0.12,0.75,0.1161728066275827,0.2361728066275827,0.1161728066275827,0.2361728066275827,41.12475440893399,42.419408225011146,68.56357994766164,41.12475440893399,68.56357994766164,False,,-0.6054008537208265,0.619893,1.0,0.07264156466860326,0.8142,-0.19262534018373112,0.619893,valid,,,forward_roic_floor_hit;reinvestment_cap_hit,,False,ok,False,,"United Parcel Service, Inc.",Industrials,Integrated Freight & Logistics,general_dcf,80257565000.0,0.8142,0.15050198608941556,-0.30342497292373505,0.08346529423643531,0.06703669185298025,0.10081949793917383,0.0845590316700069,0.030364868438471193,2.0253388854434307,0.0008233608914855461,-0.008102207860337884,incremental_roic_below_wacc,8.0,2025.0,ttm,2026-05-06,2026-06-30,True,,,,0.1161728066275827,0.03632078233430163,0.375,0.2361728066275827,-0.2361728066275827,robust_return<=0; median_irr<=hurdle,False
112,NOC,509.31,-0.06549470680292864,-0.06767715482055787,-0.13397691158024816,0.007352394009649316,0.0,0.12,0.75,0.13397691158024816,0.25397691158024815,0.13397691158024816,0.25397691158024815,192.29040683577028,242.66872867172722,371.02652723411455,192.29040683577028,371.02652723411455,False,,-0.5235343333692108,0.631638,1.0,0.08171551279494874,0.7778,-0.18767715482055786,0.631638,valid,,,forward_roic_floor_hit;reinvestment_cap_hit,,False,ok,False,,Northrop Grumman Corporation,Industrials,Aerospace & Defense,general_dcf,72338827230.0,0.7778,0.12393943707660934,-0.18236401268334634,0.0661452831132309,0.05779415396337845,0.10848230245639823,0.11084098472868034,0.048603467408775636,2.4156053522489116,0.002461433480369459,-0.028890005351792758,incremental_roic_below_wacc,8.0,2025.0,ttm,2026-04-21,2026-06-30,True,,,,0.13397691158024816,0.04085775639747437,0.375,0.25397691158024815,-0.25397691158024815,robust_return<=0; median_irr<=hurdle,False
71,CCI,75.73,-0.06604581442104973,-0.07626611317839727,-0.07626611317839727,-0.03538491814900713,0.0,0.12,0.75,0.07626611317839727,0.19626611317839726,0.07626611317839727,0.19626611317839726,50.93336107066084,50.93336107066084,63.24674744486416,50.93336107066084,63.24674744486416,False,,-0.3274348201418086,0.6,0.8,0.038440597514695064,1.0,-0.19626611317839726,0.48,valid,,,specialist_model_v1,,False,specialist,False,,Crown Castle Inc.,Real Estate,REIT - Specialty,reit,33052508672.599895,,,,,,,,,,,,,,,,,2026-06-30,True,436451983.00013065,0.948,P/AFFO Gordon proxy; no property-level NOI or maintenance-capex detail,0.07626611317839727,0.019220298757347532,0.375,0.19626611317839726,-0.19626611317839726,robust_return<=0; median_irr<=hurdle,False
178,MET,84.61,-0.06655804710100682,-0.04251599306072462,-0.2090177617431801,0.027817559460602048,0.0,0.12,0.25,0.2090177617431801,0.3290177617431801,0.2090177617431801,0.3290177617431801,26.197228733086334,68.08937346797873,97.051412381607,26.197228733086334,97.051412381607,False,,-0.1952561934998377,0.6,0.8,0.13641766060189106,0.38474768379836016,-0.16251599306072462,0.48,valid,,,specialist_model_v1,,False,specialist,False,,"MetLife, Inc.",Financial Services,Insurance - Life,insurance,54441185871.38406,,,,,,,,,,,,,,,,,2026-06-30,True,643436779.0022936,0.783,Justified P/B residual-income proxy; no regulatory-capital or reserve-detail model,0.2090177617431801,0.06820883030094553,0.125,0.3290177617431801,-0.3290177617431801,robust_return<=0; median_irr<=hurdle,False
233,TFC,49.82,-0.06838367174884677,-0.021405918890987308,-0.3063907541357068,0.07566790492229436,0.0,0.12,0.25,0.3063907541357068,0.4263907541357068,0.3063907541357068,0.4263907541357068,7.997939076722757,44.71123299519562,71.7455181297659,7.997939076722757,71.7455181297659,False,,-0.10254450029715734,0.6,0.8,0.20902932952900058,0.17887985951052085,-0.1414059188909873,0.48,valid,,,specialist_model_v1,,False,specialist,False,,Truist Financial Corporation,Financial Services,Banks - Regional,bank,62069705480.74474,,,,,,,,,,,,,,,,,2026-06-30,True,1245879275.0049126,0.884,Justified P/B residual-income proxy; no regulatory-capital or reserve-detail model,0.3063907541357068,0.10451466476450029,0.125,0.4263907541357068,-0.4263907541357068,robust_return<=0; median_irr<=hurdle,False
128,JPM,327.33,-0.06906140974843564,-0.05545944347148313,-0.1500736635076121,-0.015253088543164206,0.0,0.12,0.25,0.1500736635076121,0.2700736635076121,0.1500736635076121,0.2700736635076121,145.1751370540068,246.08710778129222,303.1160600961918,145.1751370540068,303.1160600961918,False,,-0.24819873588949304,0.6,0.8,0.08541028748222393,0.5899339399080993,-0.17545944347148312,0.48,valid,,,specialist_model_v1,,False,specialist,False,,JPMorgan Chase & Co.,Financial Services,Banks - Diversified,bank,877084472453.6852,,,,,,,,,,,,,,,,,2026-06-30,True,2679511417.999222,1.0,Justified P/B residual-income proxy; no regulatory-capital or reserve-detail model,0.1500736635076121,0.042705143741111964,0.125,0.2700736635076121,-0.2700736635076121,robust_return<=0; median_irr<=hurdle,False
126,SYK,314.84,-0.07035993016797872,-0.0632756205537589,-0.14565446345659433,-0.009234016107802716,0.0,0.12,0.25,0.14565446345659433,0.2656544634565943,0.14565446345659433,0.2656544634565943,103.94009907376257,156.01265443566726,203.28662927758717,103.94009907376257,203.28662927758717,False,,-0.5044700341898511,0.8487,1.0,0.0727492236743958,0.8191,-0.1832756205537589,0.8487,valid,,,,,False,ok,False,,Stryker Corporation,Healthcare,Medical - Devices,general_dcf,120697302308.04382,0.8191,0.13148921238418004,0.09753873624329018,0.08038997293358557,0.05109923945059447,0.2154756628818411,0.21341511673921645,0.09157664076422001,1.84801928001205,0.010000975704946824,0.003736241152631381,,8.0,2025.0,ttm,2026-05-11,2026-06-30,True,,,,0.14565446345659433,0.0363746118371979,0.125,0.2656544634565943,-0.2656544634565943,robust_return<=0; median_irr<=hurdle,False
131,TGT,130.61,-0.07197938640310893,-0.07264301318791694,-0.15289301341981626,0.01026149418321441,0.0,0.12,0.75,0.15289301341981626,0.27289301341981625,0.15289301341981626,0.27289301341981625,41.29776091511264,53.608155894896946,85.39170904561469,41.29776091511264,85.39170904561469,False,,-0.5895555019148845,0.579474,1.0,0.09419303380151532,0.7317,-0.19264301318791693,0.579474,valid,,,forward_roic_floor_hit;reinvestment_cap_hit,,False,ok,False,,Target Corporation,Consumer Defensive,Discount Stores,general_dcf,59321886510.00001,0.7317,0.11774949277174536,-0.3941557238297022,0.0828652000129623,0.03488429275878306,0.053836488804846115,0.044934525320323,0.048217746472034584,1.9265743073047858,0.0026818095056308456,-0.006425242375689977,incremental_roic_below_wacc,8.0,2025.0,ttm,2026-05-29,2026-06-30,True,,,,0.15289301341981626,0.04709651690075766,0.375,0.27289301341981625,-0.27289301341981625,robust_return<=0; median_irr<=hurdle,False
101,PLD,135.47,-0.07239776276812754,-0.05657723617569954,-0.11985934254541153,-0.05657723617569954,0.0,0.12,0.25,0.11985934254541153,0.23985934254541152,0.11985934254541153,0.23985934254541152,71.54899660843697,101.24530345320083,101.24530345320083,71.54899660843697,101.24530345320083,False,,-0.25263672065253684,0.6,0.8,0.04964105318485599,0.7066895368782162,-0.17657723617569954,0.48,valid,,,specialist_model_v1,,False,specialist,False,,"Prologis, Inc.",Real Estate,REIT - Industrial,reit,126303828859.99998,,,,,,,,,,,,,,,,,2026-06-30,True,932337999.9999999,1.334,P/AFFO Gordon proxy; no property-level NOI or maintenance-capex detail,0.11985934254541153,0.024820526592427995,0.125,0.23985934254541152,-0.23985934254541152,robust_return<=0; median_irr<=hurdle,False
295,DAL,93.66,-0.07459517406823579,0.07351379913743586,-0.95,0.5045917054521851,0.25,0.12,0.25,0.95,1.0699999999999998,0.95,1.0699999999999998,-29.241221265991573,83.91064226480405,441.7497452721233,-29.241221265991573,441.7497452721233,False,,-0.10409307853081295,0.4034,1.0,0.7451938527260925,0.5346,-0.046486200862564137,0.4034,valid,,,,,False,ok,True,bear,"Delta Air Lines, Inc.",Industrials,"Airlines, Airports & Air Services",general_dcf,61534058040.0,0.5346,0.1490707562135266,0.2925212432198165,0.09833132512946399,0.05073943108406262,0.09349638415522864,0.08828132191843874,0.05199235309385486,1.1077203647416414,0.0,0.005687816219807518,cyclical_revenue,8.0,2025.0,ttm,2026-04-08,2026-06-30,True,,,,0.95,0.37259692636304625,0.125,1.0699999999999998,-1.0699999999999998,robust_return<=0; median_irr<=hurdle,False
167,ROST,212.85,-0.07761535739773531,-0.0708486726711271,-0.19097340585431077,0.02220932160562372,0.0,0.12,0.75,0.19097340585431077,0.31097340585431077,0.19097340585431077,0.31097340585431077,57.745177452136375,106.7623889508548,160.9073374613575,57.745177452136375,160.9073374613575,False,,-0.49841489804625416,0.5573,1.0,0.11987236372996725,0.9243,-0.1908486726711271,0.5573,valid,,,,,False,ok,False,,"Ross Stores, Inc.",Consumer Cyclical,Apparel - Retail,general_dcf,68278252026.198204,0.9243,0.3208454271649035,0.13945448458229762,0.08534717109866373,0.23549825606623975,0.12068597176322433,0.12217804427175162,0.061478219668546163,0.1725957565874324,0.007397244545574543,-0.02372314116180152,cyclical_revenue,8.0,2025.0,ttm,2026-06-02,2026-06-30,True,,,,0.19097340585431077,0.059936181864983624,0.375,0.31097340585431077,-0.31097340585431077,robust_return<=0; median_irr<=hurdle,False
288,HAL,33.95,-0.07914622008393052,0.0393149449490011,-0.6639153240830638,0.26870055384933944,0.25,0.12,0.25,0.6639153240830638,0.7839153240830637,0.6639153240830638,0.7839153240830637,0.6948180125408082,28.879442506612747,73.87229355711676,0.6948180125408082,73.87229355711676,False,,-0.14935368169034624,0.4761,1.0,0.4820249389662016,0.4718,-0.0806850550509989,0.4761,valid,,,,,False,ok,False,,Halliburton Company,Energy,Oil & Gas Equipment & Services,general_dcf,28361753102.890038,0.4718,0.11644098717542561,0.14439759535311975,0.07266671799933183,0.04377426917609378,0.11024930210138989,0.11313094862194957,-0.011147990725109747,1.6597487711632988,0.0,-0.02600056690526298,cyclical_revenue,8.0,2025.0,ttm,2026-04-24,2026-06-30,True,,,,0.6639153240830638,0.2410124694831008,0.125,0.7839153240830637,-0.7839153240830637,robust_return<=0; median_irr<=hurdle,False
123,EQIX,1042.39,-0.07937886987749587,-0.057405287694192286,-0.14529961642740663,-0.057405287694192286,0.0,0.12,0.25,0.14529961642740663,0.2652996164274066,0.14529961642740663,0.2652996164274066,475.4443937089411,775.6311317789257,775.6311317789257,475.4443937089411,775.6311317789257,False,,-0.2559108090264435,0.6,0.8,0.06194716436660717,0.6129774505292223,-0.17740528769419228,0.48,valid,,,specialist_model_v1,,False,specialist,False,,"Equinix, Inc.",Real Estate,REIT - Specialty,reit,102804879838.00002,,,,,,,,,,,,,,,,,2026-06-30,True,98624200.0,0.97,P/AFFO Gordon proxy; no property-level NOI or maintenance-capex detail,0.14529961642740663,0.030973582183303584,0.125,0.2652996164274066,-0.2652996164274066,robust_return<=0; median_irr<=hurdle,False
153,DGX,211.95,-0.08130311076311042,-0.08071136291546278,-0.17967493710166305,0.015885219880146934,0.0,0.12,0.75,0.17967493710166305,0.29967493710166304,0.17967493710166305,0.29967493710166304,61.006959440715384,89.45649370647843,157.61220487474012,61.006959440715384,157.61220487474012,False,,-0.5779358636165207,0.56214,1.0,0.11091587849090499,0.7229,-0.20071136291546277,0.56214,valid,,,forward_roic_floor_hit;reinvestment_cap_hit,,False,ok,False,,Quest Diagnostics Incorporated,Healthcare,Medical - Diagnostics & Research,general_dcf,23462017200.0,0.7229,0.09016698804137668,-0.182444261713831,0.06783622825390918,0.0223307597874675,0.14573039501972124,0.14311048058166342,0.056094577724565386,3.0063897763578273,0.00832252485948984,-0.017244827160577514,elevated_leverage;incremental_roic_below_wacc,8.0,2025.0,ttm,2026-04-22,2026-06-30,True,,,,0.17967493710166305,0.055457939245452496,0.375,0.29967493710166304,-0.29967493710166304,robust_return<=0; median_irr<=hurdle,False
142,ROL,41.74,-0.08495033175568095,-0.07566542247077447,-0.16464226706884805,-0.02382821501232681,0.0,0.12,0.75,0.16464226706884805,0.28464226706884804,0.16464226706884805,0.28464226706884804,12.480755711173783,20.094191509188047,25.81191178874918,12.480755711173783,25.81191178874918,False,,-0.5185866912029697,0.924,1.0,0.07268702602826062,0.9778,-0.19566542247077445,0.924,valid,,,,,False,ok,False,,"Rollins, Inc.",Consumer Cyclical,Personal Products & Services,general_dcf,20096307360.0,0.9778,0.23191815668701563,0.2277945761618683,0.07929238401329555,0.15262577267372007,0.18720936478423789,0.18985583762682154,0.10912535473277218,1.1078922126796136,0.00884820999625816,-0.007512778424072053,,8.0,2025.0,ttm,2026-04-23,2026-06-30,True,,,,0.16464226706884805,0.03634351301413031,0.375,0.28464226706884804,-0.28464226706884804,robust_return<=0; median_irr<=hurdle,False
115,SPG,223.65,-0.08717356606971582,-0.08931212292838475,-0.13764204798885837,-0.03242797043323542,0.0,0.12,0.75,0.13764204798885837,0.25764204798885837,0.13764204798885837,0.25764204798885837,106.66127351776795,140.09307863598895,189.66422870637626,106.66127351776795,189.66422870637626,False,,-0.373605729327123,0.6,0.8,0.07060703877781146,0.7613600511622093,-0.20931212292838475,0.48,valid,,,specialist_model_v1,,False,specialist,False,,"Simon Property Group, Inc.",Real Estate,REIT - Retail,reit,72525669300.0,,,,,,,,,,,,,,,,,2026-06-30,True,324282000.0,1.346,P/AFFO Gordon proxy; no property-level NOI or maintenance-capex detail,0.13764204798885837,0.03530351938890573,0.375,0.25764204798885837,-0.25764204798885837,robust_return<=0; median_irr<=hurdle,False
143,FAST,48.03,-0.08752882911066988,-0.07736838629934933,-0.1657387282582931,-0.02963981558568773,0.0,0.12,0.75,0.1657387282582931,0.2857387282582931,0.1657387282582931,0.2857387282582931,14.726461390187346,22.9635215374005,28.93119098958765,14.726461390187346,28.93119098958765,False,,-0.5218921187299501,0.9179,1.0,0.07051245633630268,0.995,-0.19736838629934933,0.9179,valid,,,,,False,ok,False,,Fastenal Company,Industrials,Industrial - Distribution,general_dcf,55140361200.0,0.995,0.31469657159522996,0.4999846681073931,0.08096287635339168,0.2337336952418383,0.20204371901989834,0.2024826181197958,0.07431176869979028,0.07248371896013131,0.001024327784891165,-0.00010019134877115032,,8.0,2025.0,ttm,2026-04-16,2026-06-30,True,,,,0.1657387282582931,0.03525622816815134,0.375,0.2857387282582931,-0.2857387282582931,robust_return<=0; median_irr<=hurdle,False
171,TPL,437.64,-0.0889908702132743,-0.07903284503699978,-0.19990916954920973,0.0020113787701120872,0.0,0.12,0.75,0.19990916954920973,0.3199091695492097,0.19990916954920973,0.3199091695492097,109.62049864825636,207.7921560086312,309.9102005357234,109.62049864825636,309.9102005357234,False,,-0.5251984370518434,0.6166,1.0,0.11246227415966091,0.9816,-0.19903284503699978,0.6166,valid,,,,,False,ok,False,,Texas Pacific Land Corporation,Energy,Oil & Gas Exploration & Production,general_dcf,30185956416.0,0.9816,0.37095281994358054,0.16116902136869546,0.07533515062561982,0.29561766931796074,0.786585672348183,0.7442162033312476,0.14991745407168078,-0.33619581523426506,0.017706988862646867,-0.002553389969461861,cyclical_revenue,8.0,2025.0,ttm,2026-05-06,2026-06-30,True,,,,0.19990916954920973,0.056231137079830455,0.375,0.3199091695492097,-0.3199091695492097,robust_return<=0; median_irr<=hurdle,False
155,ITW,270.47,-0.089790960810933,-0.08044788435508961,-0.18142361958161926,-0.01684445495193355,0.0,0.12,0.75,0.18142361958161926,0.30142361958161923,0.18142361958161926,0.30142361958161923,72.95498353411433,124.67935139931193,165.91382230955034,72.95498353411433,165.91382230955034,False,,-0.5390270588260735,0.8499,1.0,0.08679258231484285,0.9848,-0.2004478843550896,0.8499,valid,,,,,False,ok,False,,Illinois Tool Works Inc.,Industrials,Industrial - Machinery,general_dcf,77814219000.00002,0.9848,0.28815826409433676,0.4208160594421664,0.09105577301540652,0.19710249107893024,0.24190478911019891,0.2641637383638493,0.011909252837439377,1.7757148954332054,0.00428385174147886,-0.02373224311752742,,8.0,2025.0,ttm,2026-05-07,2026-06-30,True,,,,0.18142361958161926,0.04339629115742143,0.375,0.30142361958161923,-0.30142361958161923,robust_return<=0; median_irr<=hurdle,False
108,EW,90.46,-0.09030979511007894,-0.09003864932456049,-0.12678038544254372,-0.05438149634865109,0.0,0.12,0.75,0.12678038544254372,0.24678038544254371,0.12678038544254372,0.24678038544254371,32.75838334642379,39.1652150171838,45.934448430785245,32.75838334642379,45.934448430785245,False,,-0.5670438313377868,0.7382700000000001,0.95,0.045551344546946315,0.9357,-0.21003864932456048,0.7013565,valid,,,reinvestment_cap_hit,,False,ok,False,,Edwards Lifesciences Corporation,Healthcare,Medical - Devices,general_dcf,52086868000.0,0.9357,0.21134871678303058,0.01311753128077258,0.087935484304947,0.12341323247808357,0.28914920347335843,0.27619576425795195,0.07227640149460335,-1.561385982438614,0.027824351297405188,-0.023791269762517775,weak_cash_conversion;incremental_roic_below_wacc,8.0,2025.0,ttm,2026-05-06,2026-06-30,True,,,,0.12678038544254372,0.022775672273473158,0.375,0.24678038544254371,-0.24678038544254371,robust_return<=0; median_irr<=hurdle,False
166,ROP,338.39,-0.0914121488964156,-0.07921336262952536,-0.1908138926621177,-0.01640797766449393,0.0,0.12,0.75,0.1908138926621177,0.3108138926621177,0.1908138926621177,0.3108138926621177,87.72043514779823,146.30398531103052,202.1523551222342,87.72043514779823,202.1523551222342,False,,-0.567646841481632,0.71163,1.0,0.09585405749881189,0.5733,-0.19921336262952535,0.71163,valid,,,reinvestment_cap_hit,,False,ok,False,,"Roper Technologies, Inc.",Technology,Software - Application,general_dcf,34149425111.89551,0.5733,0.062017847482421465,0.07287317514358209,0.07448535232614042,-0.01246750484371896,0.28084670952713225,0.2808626001232286,0.06186905149521538,3.1555701630826056,0.020726787134901694,-0.006914111743746454,elevated_leverage;incremental_roic_below_wacc,8.0,2025.0,ttm,2026-05-01,2026-06-30,True,,,,0.1908138926621177,0.047927028749405944,0.375,0.3108138926621177,-0.3108138926621177,robust_return<=0; median_irr<=hurdle,False
156,UNP,272.0,-0.09263528129013135,-0.08290706291736565,-0.18224692826624955,-0.022480071059544544,0.0,0.12,0.75,0.18224692826624955,0.30224692826624955,0.18224692826624955,0.30224692826624955,72.07758437110527,117.37578950883521,156.62866356752156,72.07758437110527,156.62866356752156,False,,-0.5684713620998705,0.8265,0.85,0.0895884286033525,0.8542,-0.20290706291736565,0.702525,valid,,,,,False,ok,False,,Union Pacific Corporation,Industrials,Railroads,general_dcf,161489936000.0,0.8542,0.15539717537189446,0.0937992238101382,0.08569052613301119,0.06970664923888327,0.39960472465419883,0.4014279885760914,0.010182656377619725,2.461719765929779,0.0,-0.0165656401599229,,8.0,2025.0,annual,2026-02-06,2026-06-30,True,,,,0.18224692826624955,0.04479421430167625,0.375,0.30224692826624955,-0.30224692826624955,robust_return<=0; median_irr<=hurdle,False
161,BAC,56.98,-0.09301364199663756,-0.07702034333959107,-0.18541588264604758,-0.032597998661320515,0.0,0.12,0.75,0.18541588264604758,0.3054158826460476,0.18541588264604758,0.3054158826460476,20.436293675989074,38.16656624494426,48.278898444893045,20.436293675989074,48.278898444893045,False,,-0.3301760925773207,0.6,0.8,0.09440894199236352,0.5354501514449487,-0.19702034333959106,0.48,valid,,,specialist_model_v1,,False,specialist,False,,Bank of America Corporation,Financial Services,Banks - Diversified,bank,404363735293.6285,,,,,,,,,,,,,,,,,2026-06-30,True,7096590650.993832,1.196,Justified P/B residual-income proxy; no regulatory-capital or reserve-detail model,0.18541588264604758,0.04720447099618176,0.375,0.3054158826460476,-0.3054158826460476,robust_return<=0; median_irr<=hurdle,False
226,DVA,222.48,-0.09324977695760026,-0.057849705539410906,-0.3025311729245005,0.04523147617292127,0.0,0.12,0.25,0.3025311729245005,0.4225311729245005,0.3025311729245005,0.4225311729245005,27.093578983470774,109.22988655639016,183.4628561752503,27.093578983470774,183.4628561752503,False,,-0.5090350298616049,0.8734,0.85,0.18217932454871089,0.7851,-0.1778497055394109,0.74239,valid,,,,,False,ok,False,,DaVita Inc.,Healthcare,Medical - Care Facilities,general_dcf,14279878800.0,0.7851,0.11645443881875096,0.1227338483621266,0.07823412896061635,0.03822030985813461,0.14550525066336295,0.14737263294644334,0.025929444209832786,5.234091218406119,0.009256477701629148,-0.027658629253879186,elevated_leverage;thin_interest_coverage,8.0,2025.0,annual,2026-02-11,2026-06-30,True,,,,0.3025311729245005,0.09108966227435544,0.125,0.4225311729245005,-0.4225311729245005,robust_return<=0; median_irr<=hurdle,False
292,ZBH,86.09,-0.0936858147251769,0.0499705112539232,-0.75104452908854,0.276360247679986,0.25,0.12,0.25,0.75104452908854,0.87104452908854,0.75104452908854,0.87104452908854,-1.6527144748681997,78.79379414299295,200.8083157675587,-1.6527144748681997,200.8083157675587,False,,-0.08475091017547975,0.461619,1.0,0.529853818384263,0.2145,-0.0700294887460768,0.461619,valid,,,forward_roic_cap_hit;wacc_floor_hit,,False,ok,False,,"Zimmer Biomet Holdings, Inc.",Healthcare,Medical - Devices,general_dcf,16655143580.0,0.2145,0.058761228839764416,1.620416730156763,0.065,-0.006238771160235586,0.13425669510777075,0.15605527279646103,0.005292468669956474,2.909856712226948,0.013153439429062589,-0.02353247349355425,thin_interest_coverage,8.0,2025.0,ttm,2026-05-01,2026-06-30,True,,,,0.75104452908854,0.2649269091921315,0.125,0.87104452908854,-0.87104452908854,robust_return<=0; median_irr<=hurdle,False
94,DOC,21.4,-0.09604472392953642,-0.10558926019886239,-0.10558926019886239,-0.0674111151215585,0.0,0.12,0.75,0.10558926019886239,0.22558926019886238,0.10558926019886239,0.22558926019886238,12.248948271284048,12.248948271284048,15.096106403782356,12.248948271284048,15.096106403782356,False,,-0.4276192396596239,0.6,0.8,0.037089072538651936,1.0,-0.22558926019886238,0.48,valid,,,specialist_model_v1,,False,specialist,False,,"Healthpeak Properties, Inc.",Real Estate,REIT - Healthcare Facilities,reit,14753587999.999998,,,,,,,,,,,,,,,,,2026-06-30,True,689420000.0,1.029,P/AFFO Gordon proxy; no property-level NOI or maintenance-capex detail,0.10558926019886239,0.018544536269325968,0.375,0.22558926019886238,-0.22558926019886238,robust_return<=0; median_irr<=hurdle,False
200,DXCM,67.35,-0.09728128724964331,-0.0865523189597297,-0.24571262287208806,0.0296921117929742,0.0,0.12,0.75,0.24571262287208806,0.36571262287208806,0.24571262287208806,0.36571262287208806,12.794873787116835,29.31114531661226,47.938927415855105,12.794873787116835,47.938927415855105,False,,-0.5647936849797733,0.59121,1.0,0.14996606733253112,0.7084,-0.2065523189597297,0.59121,valid,,,forward_roic_cap_hit,,False,ok,False,,"DexCom, Inc.",Healthcare,Medical - Devices,general_dcf,25988545000.734825,0.7084,0.4530686126358633,0.8165646582952667,0.11358877437720305,0.33947983825866024,0.14160742777167754,0.21449179102928662,0.24045248560262444,-0.7973380793933297,0.041631007923142754,-0.02716394732763383,peak_cycle_margins,8.0,2025.0,ttm,2026-04-30,2026-06-30,True,,,,0.24571262287208806,0.07498303366626556,0.375,0.36571262287208806,-0.36571262287208806,robust_return<=0; median_irr<=hurdle,False
129,CHD,96.88,-0.09792750435153717,-0.09515353598399084,-0.1507185858616139,-0.050684359576553074,0.0,0.12,0.75,0.1507185858616139,0.2707185858616139,0.1507185858616139,0.2707185858616139,33.93670808083714,42.18931220792999,52.12132884003882,33.93670808083714,52.12132884003882,False,,-0.564519898762077,0.74331,1.0,0.05771781314253042,0.8168,-0.21515353598399084,0.74331,valid,,,reinvestment_cap_hit,,False,ok,False,,"Church & Dwight Co., Inc.",Consumer Defensive,Household & Personal Products,general_dcf,22955096161.341427,0.8168,0.1400260760267632,-0.016516850136827292,0.067686384541888,0.07233969148487521,0.18558024830582392,0.17296225867792567,0.05925266631317894,1.4624629311690338,0.009693635276972704,-0.01122306342429269,incremental_roic_below_wacc,8.0,2025.0,ttm,2026-05-01,2026-06-30,True,,,,0.1507185858616139,0.02885890657126521,0.375,0.2707185858616139,-0.2707185858616139,robust_return<=0; median_irr<=hurdle,False
97,MAA,138.94,-0.09891482515002475,-0.10978584858075002,-0.10978584858075002,-0.06630175485784895,0.0,0.12,0.75,0.10978584858075002,0.22978584858075002,0.10978584858075002,0.22978584858075002,77.67830916884401,77.67830916884401,98.59616146368951,77.67830916884401,98.59616146368951,False,,-0.4409219147197063,0.6,0.8,0.03974204686145053,1.0,-0.22978584858075002,0.48,valid,,,specialist_model_v1,,False,specialist,False,,"Mid-America Apartment Communities, Inc.",Real Estate,REIT - Residential,reit,16170504389.999144,,,,,,,,,,,,,,,,,2026-06-30,True,116384802.00085752,0.744,P/AFFO Gordon proxy; no property-level NOI or maintenance-capex detail,0.10978584858075002,0.019871023430725266,0.375,0.22978584858075002,-0.22978584858075002,robust_return<=0; median_irr<=hurdle,False
121,AMT,163.57,-0.10207818144866804,-0.10499014789562544,-0.14427320046389258,-0.054059229539528686,0.0,0.12,0.75,0.14427320046389258,0.2642732004638926,0.14427320046389258,0.2642732004638926,75.05494664665493,93.93830801694598,123.88632623978573,75.05494664665493,123.88632623978573,False,,-0.42569965142174004,0.6,0.8,0.06310698546218194,0.798981248769303,-0.22499014789562544,0.48,valid,,,specialist_model_v1,,False,specialist,False,,American Tower Corporation,Real Estate,REIT - Specialty,reit,76206118009.99998,,,,,,,,,,,,,,,,,2026-06-30,True,465892999.99999994,0.891,P/AFFO Gordon proxy; no property-level NOI or maintenance-capex detail,0.14427320046389258,0.03155349273109097,0.375,0.2642732004638926,-0.2642732004638926,robust_return<=0; median_irr<=hurdle,False
157,AAPL,289.36,-0.102243972089127,-0.0967616653477307,-0.18339889830094755,-0.03205365936009908,0.0,0.12,0.75,0.18339889830094755,0.3033988983009476,0.18339889830094755,0.3033988983009476,77.3537319881347,124.62318272815027,165.54518477310722,77.3537319881347,165.54518477310722,False,,-0.5693144085977666,0.69309,0.95,0.08637991947042424,0.9712,-0.2167616653477307,0.6584355,valid,,,forward_roic_cap_hit,,False,ok,False,,Apple Inc.,Technology,Consumer Electronics,general_dcf,4249933332160.0,0.9712,1.0115830694535688,,0.0985590787613253,0.9130239906922435,0.2980189489629316,0.32643396050876966,0.06625988170490915,0.10129019352902935,0.02988990755303234,-0.032873323384973285,,8.0,2025.0,ttm,2026-05-01,2026-06-30,True,,,,0.18339889830094755,0.04318995973521212,0.375,0.3033988983009476,-0.3033988983009476,robust_return<=0; median_irr<=hurdle,False
132,LOW,220.49,-0.10301845740832502,-0.11178540289110966,-0.1538988247804809,-0.034604199070599834,0.0,0.12,0.75,0.1538988247804809,0.2738988247804809,0.1538988247804809,0.2738988247804809,66.80613927004732,66.80613927004732,112.81810790747542,68.98950198461405,112.81810790747542,True,"growth destroys value: forward ROIC 2.0% at/below WACC 7.7%, so higher-growth scenarios reinvest below the cost of capital and are worth less than the bear case",-0.6970105706832631,0.6261300000000001,1.0,0.07086341285494052,0.9586,-0.23178540289110966,0.6261300000000001,valid,,,forward_roic_floor_hit;reinvestment_cap_hit,,False,ok,False,,"Lowe's Companies, Inc.",Consumer Cyclical,Home Improvement,general_dcf,123630286430.0,0.9586,0.24129120095403037,-0.15525800247472332,0.07679478815196755,0.1644964128020628,0.1211524623855642,0.11548725603274758,0.027609235184565373,3.292091836734694,0.002641202763104429,-0.039008478793996604,elevated_leverage;incremental_roic_below_wacc,8.0,2025.0,ttm,2026-05-28,2026-06-30,True,,,,0.1538988247804809,0.03543170642747026,0.375,0.2738988247804809,-0.2738988247804809,robust_return<=0; median_irr<=hurdle,False
162,GOOGL,357.37,-0.10359745222558556,-0.09638683958037288,-0.1854798330707126,-0.03613629667088387,0.0,0.12,0.75,0.1854798330707126,0.3054798330707126,0.1854798330707126,0.3054798330707126,86.63315479255624,143.10365824181085,189.36309037808277,86.63315479255624,189.36309037808277,False,,-0.5995644339429419,0.7379,1.0,0.08253476819991437,0.9495,-0.21638683958037286,0.7379,valid,,,,,False,ok,False,,Alphabet Inc.,Communication Services,Internet Content & Information,general_dcf,4322343796609.8755,0.9495,0.26221298953631045,0.20436649731136108,0.10549240727663695,0.1567205822596735,0.2694154064384683,0.32704240284357944,0.16685519908060154,-0.2253545571754438,0.065096652172174,-0.02389653605051978,heavy_sbc,8.0,2025.0,ttm,2026-04-30,2026-06-30,True,,,,0.1854798330707126,0.041267384099957186,0.375,0.3054798330707126,-0.3054798330707126,robust_return<=0; median_irr<=hurdle,False
160,FFIV,415.96,-0.1053214665378618,-0.09819243912061208,-0.18457489616557715,-0.04032609174464593,0.0,0.12,0.75,0.18457489616557715,0.30457489616557715,0.18457489616557715,0.30457489616557715,113.52369563873499,181.19399646187006,233.80661540009282,113.52369563873499,233.80661540009282,False,,-0.5643956234689151,0.7338600000000001,0.95,0.0816086022104656,0.9286,-0.2181924391206121,0.697167,valid,,,forward_roic_cap_hit,,False,ok,False,,"F5, Inc.",Technology,Software - Infrastructure,general_dcf,23468149981.66891,0.9286,0.2622348993366424,1.0870605327209826,0.09679238591651428,0.1654425134201281,0.19959417324742823,0.2464835445982091,0.052290955682298135,-1.3272722795939251,0.07780492308566396,-0.021171680882617117,heavy_sbc,8.0,2025.0,ttm,2026-05-05,2026-06-30,True,,,,0.18457489616557715,0.0408043011052328,0.375,0.30457489616557715,-0.30457489616557715,robust_return<=0; median_irr<=hurdle,False
275,DIS,96.25,-0.1063639452353527,-0.053652007994241975,-0.42405336377269115,0.10590159881976435,0.0,0.12,0.25,0.42405336377269115,0.5440533637726912,0.42405336377269115,0.5440533637726912,5.606305651554736,44.92044790730971,94.1205126426404,5.606305651554736,94.1205126426404,False,,-0.5332940477162628,0.6222,1.0,0.2763114812962278,0.4227,-0.17365200799424196,0.6222,valid,,,,,False,ok,False,,The Walt Disney Company,Communication Services,Entertainment,general_dcf,167139224560.0,0.4227,0.07847227337332668,0.42600419020964775,0.09955348372819592,-0.021081210354869234,0.11577769258226561,0.15502297893340736,0.06837008516307796,2.0304993909866016,0.014434736563410114,-0.010137078334304772,,8.0,2025.0,ttm,2026-05-06,2026-06-30,True,,,,0.42405336377269115,0.1381557406481139,0.125,0.5440533637726912,-0.5440533637726912,robust_return<=0; median_irr<=hurdle,False
229,CTVA,84.69,-0.10643766072462307,-0.0897415782848838,-0.30508750656154004,0.05882002023281532,0.0,0.12,0.75,0.30508750656154004,0.42508750656154004,0.30508750656154004,0.42508750656154004,12.954409372520345,41.48554285102882,79.77037790521831,12.954409372520345,79.77037790521831,False,,-0.5101482719207838,0.58338,1.0,0.19445236339717767,0.2785,-0.2097415782848838,0.58338,valid,,,forward_roic_cap_hit,,False,ok,False,,"Corteva, Inc.",Basic Materials,Agricultural Inputs,general_dcf,56642365800.0,0.2785,0.09266578347916789,4.51371823474996,0.07201943503980028,0.020646348439367607,0.09729096702649447,0.16261389680809435,0.028568710822397314,0.2949185509360564,0.0,-0.023989335881232088,peak_cycle_margins,8.0,2025.0,ttm,2026-05-06,2026-06-30,True,,,,0.30508750656154004,0.09722618169858883,0.375,0.42508750656154004,-0.42508750656154004,robust_return<=0; median_irr<=hurdle,False
120,HD,352.68,-0.10822228254437502,-0.1103166102315299,-0.1438562085793819,-0.06839970113505839,0.0,0.12,1.0,0.1438562085793819,0.26385620857938186,0.1438562085793819,0.26385620857938186,111.94239312736187,115.48344862324468,147.68449845170758,111.94239312736187,147.68449845170758,False,,-0.6725545859610846,0.76914,1.0,0.044654053722161746,0.963,-0.23031661023152988,0.76914,valid,,,reinvestment_cap_hit,,False,ok,False,,"The Home Depot, Inc.",Consumer Cyclical,Home Improvement,general_dcf,351663111407.8807,0.963,0.22465481408068422,-0.04736403118234224,0.08670776349932713,0.1379470505813571,0.14279601693997807,0.12448376872839031,0.06183856728649273,2.259841257115369,0.002770916659352784,-0.009521261005304371,incremental_roic_below_wacc,8.0,2025.0,ttm,2026-05-27,2026-06-30,True,,,,0.1438562085793819,0.022327026861080873,0.5,0.26385620857938186,-0.26385620857938186,robust_return<=0; median_irr<=hurdle,False
144,ALGN,168.66,-0.10937684627642735,-0.11456701255519872,-0.16676131645508574,-0.04161204354022627,0.0,0.12,0.75,0.16676131645508574,0.28676131645508574,0.16676131645508574,0.28676131645508574,49.56923338113064,52.46686246106469,76.59868420088111,49.56923338113064,76.59868420088111,False,,-0.6889193498098856,0.42857100000000004,0.7999999999999999,0.08571750645742973,0.7147,-0.2345670125551987,0.3428568,valid,,,forward_roic_floor_hit;reinvestment_cap_hit,,False,ok,False,,"Align Technology, Inc.",Healthcare,Medical - Devices,general_dcf,12079113299.60626,0.7147,0.14695696076029993,-0.5358257089366919,0.12772780839015743,0.0192291523701425,0.1693170094374621,0.15271908249986865,0.10813455367511038,-1.1485499946113873,0.04343647881026613,-0.025430839830211993,cyclical_revenue;incremental_roic_below_wacc,8.0,2025.0,annual,2026-02-27,2026-06-30,True,,,,0.16676131645508574,0.042858753228714866,0.375,0.28676131645508574,-0.28676131645508574,robust_return<=0; median_irr<=hurdle,False
170,GWW,1360.4,-0.11120056791905877,-0.1044433955714339,-0.19898010195829552,-0.03693537857507178,0.0,0.12,0.75,0.19898010195829552,0.3189801019582955,0.19898010195829552,0.3189801019582955,331.13673034208557,558.368491164861,759.8450602993673,331.13673034208557,759.8450602993673,False,,-0.5895556518929279,0.8171,1.0,0.08650936169161186,0.9434,-0.2244433955714339,0.8171,valid,,,,,False,ok,False,,"W.W. Grainger, Inc.",Industrials,Industrial - Distribution,general_dcf,64228727088.04729,0.9434,0.3289200251333505,0.4509324118893471,0.0952350212848554,0.2336850038484951,0.13212734752047384,0.14234410708455764,0.06935006106097008,0.7265761058864507,0.0036113699906803356,-0.024742840573265146,,8.0,2025.0,ttm,2026-05-07,2026-06-30,True,,,,0.19898010195829552,0.04325468084580593,0.375,0.3189801019582955,-0.3189801019582955,robust_return<=0; median_irr<=hurdle,False
154,PKG,238.28,-0.112307151882851,-0.11398292733938428,-0.18067131079442333,-0.04059144205821209,0.0,0.12,0.75,0.18067131079442333,0.30067131079442333,0.18067131079442333,0.30067131079442333,65.00484892717454,77.21215099879669,122.04760229952257,65.00484892717454,122.04760229952257,False,,-0.6759604205187314,0.6975,1.0,0.07911493436810563,0.7696,-0.23398292733938428,0.6975,valid,,,reinvestment_cap_hit,,False,ok,False,,Packaging Corporation of America,Consumer Cyclical,Packaging & Containers,general_dcf,21230438236.0,0.7696,0.10895146025628281,-0.007728144868957102,0.07949184111001761,0.0294596191462652,0.1454775627681674,0.13161749546988422,0.03606975223775488,1.9576036866359448,0.005126627704296114,-0.013116268150041743,incremental_roic_below_wacc,8.0,2025.0,ttm,2026-05-08,2026-06-30,True,,,,0.18067131079442333,0.039557467184052814,0.375,0.30067131079442333,-0.30067131079442333,robust_return<=0; median_irr<=hurdle,False
140,IRM,126.31,-0.11335422585692584,-0.09674253247806697,-0.16318930599350245,-0.09674253247806697,0.0,0.12,1.0,0.16318930599350245,0.28318930599350245,0.16318930599350245,0.28318930599350245,51.82912097277718,75.94436211888042,75.94436211888042,51.82912097277718,75.94436211888042,False,,-0.39874624242830803,0.6,0.8,0.05122338675771774,0.6824617328623531,-0.21674253247806696,0.48,valid,,,specialist_model_v1,,False,specialist,False,,Iron Mountain Incorporated,Real Estate,REIT - Specialty,reit,37580342457.213615,,,,,,,,,,,,,,,,,2026-06-30,True,297524681.00082034,1.218,P/AFFO Gordon proxy; no property-level NOI or maintenance-capex detail,0.16318930599350245,0.02561169337885887,0.5,0.28318930599350245,-0.28318930599350245,robust_return<=0; median_irr<=hurdle,False
218,FSLR,235.96,-0.11365598405973285,-0.10523804404947436,-0.2836155426077312,0.039467694467748546,0.0,0.12,0.75,0.2836155426077312,0.4036155426077312,0.2836155426077312,0.4036155426077312,42.785066872407036,93.3791569169915,169.43134384731704,42.785066872407036,169.43134384731704,False,,-0.6042585314587579,0.4756,1.0,0.17727361853773987,0.3847,-0.22523804404947434,0.4756,valid,,,,,False,ok,False,,"First Solar, Inc.",Energy,Solar,general_dcf,25354609880.0,0.3847,0.2053476593605079,0.3726158317919293,0.12815175840153098,0.07719590095897691,0.15890352931345095,0.33168685717491336,0.1281571554750882,-0.8520650211229218,0.006681423934494278,0.0033424521659295436,cyclical_revenue;peak_cycle_margins,8.0,2025.0,ttm,2026-04-30,2026-06-30,True,,,,0.2836155426077312,0.08863680926886994,0.375,0.4036155426077312,-0.4036155426077312,robust_return<=0; median_irr<=hurdle,False
266,KEY,23.05,-0.11373404615492552,-0.06165119395762564,-0.3694681155655516,0.03783431886110078,0.0,0.12,0.25,0.3694681155655516,0.4894681155655516,0.3694681155655516,0.4894681155655516,2.2972390654767056,16.768432168405486,27.753072388254214,2.2972390654767056,27.753072388254214,False,,-0.27251921178284233,0.6,0.8,0.22165121721332617,0.13699784466463633,-0.18165119395762563,0.48,valid,,,specialist_model_v1,,False,specialist,False,,KeyCorp,Financial Services,Banks - Regional,bank,24879478500.0,,,,,,,,,,,,,,,,,2026-06-30,True,1079370000.0,1.041,Justified P/B residual-income proxy; no regulatory-capital or reserve-detail model,0.3694681155655516,0.11082560860666309,0.125,0.4894681155655516,-0.4894681155655516,robust_return<=0; median_irr<=hurdle,False
174,CTAS,170.08,-0.11479426709774997,-0.1057850468991091,-0.2013461290538544,-0.04626084553892721,0.0,0.12,0.75,0.2013461290538544,0.3213461290538544,0.2013461290538544,0.3213461290538544,41.44465211234674,69.4522042732135,92.09234243257482,41.44465211234674,92.09234243257482,False,,-0.591649786728519,0.8673,1.0,0.0815236417574636,0.9597,-0.2257850468991091,0.8673,valid,,,,,False,ok,False,,Cintas Corporation,Industrials,Specialty Business Services,general_dcf,68055280720.841194,0.9597,0.27336008880403845,0.6799586534569824,0.08973578656538594,0.1836243022386525,0.1983947976835504,0.22951671365649154,0.06911779918813399,0.901169583706489,0.012190340031354805,-0.012196065681276402,,8.0,2025.0,ttm,2026-04-07,2026-06-30,True,,,,0.2013461290538544,0.0407618208787318,0.375,0.3213461290538544,-0.3213461290538544,robust_return<=0; median_irr<=hurdle,False
184,NFLX,71.4,-0.11788296521408481,-0.11086153295473192,-0.21416915773879738,-0.03563963720807803,0.0,0.12,0.75,0.21416915773879738,0.3341691577387974,0.21416915773879738,0.3341691577387974,15.360348237696364,26.51361159493172,37.21405063764447,15.360348237696364,37.21405063764447,False,,-0.6286609020317686,0.64899,1.0,0.09979506026535968,0.9074,-0.2308615329547319,0.64899,valid,,,forward_roic_cap_hit,,False,ok,False,,"Netflix, Inc.",Communication Services,Entertainment,general_dcf,300651120000.0,0.9074,0.34195123765986724,1.526529513517013,0.11580765214062615,0.22614358551924107,0.19482409221340108,0.2972190952815688,0.16201185019113717,0.14295863631880354,0.00815458704457133,-0.01609850932772472,peak_cycle_margins,8.0,2025.0,ttm,2026-04-17,2026-06-30,True,,,,0.21416915773879738,0.04989753013267984,0.375,0.3341691577387974,-0.3341691577387974,robust_return<=0; median_irr<=hurdle,False
214,PODD,152.25,-0.12013613489034468,-0.10192376198247072,-0.2795787104056217,0.0028816948091844362,0.0,0.12,0.75,0.2795787104056217,0.3995787104056217,0.2795787104056217,0.3995787104056217,20.81071490545089,57.79467860250042,97.86207226497723,20.81071490545089,97.86207226497723,False,,-0.6203961996551697,0.6943,1.0,0.15040120260740308,0.5098,-0.2219237619824707,0.6943,valid,,,,,False,ok,False,,Insulet Corp.,Healthcare,Medical - Devices,general_dcf,10545546616.061707,0.5098,0.2188662763781082,0.33265370660312693,0.09648276834379566,0.12238350803431255,0.09120143577728251,0.17484229032369264,0.2512966236922243,0.7767812655705032,0.028460314654410464,0.0013903323272508317,peak_cycle_margins,8.0,2025.0,ttm,2026-05-06,2026-06-30,True,,,,0.2795787104056217,0.07520060130370154,0.375,0.3995787104056217,-0.3995787104056217,robust_return<=0; median_irr<=hurdle,False
179,ABT,90.74,-0.12223225854104382,-0.11851662660483267,-0.2098013304406777,-0.04209445051383224,0.0,0.12,0.75,0.2098013304406777,0.3298013304406777,0.2098013304406777,0.3298013304406777,19.20712344804805,30.79277332675555,49.03332269532424,19.20712344804805,49.03332269532424,False,,-0.6606482992422795,0.601182,1.0,0.09581797996342273,0.7314,-0.23851662660483267,0.601182,valid,,,forward_roic_floor_hit;reinvestment_cap_hit,,False,ok,False,,Abbott Laboratories,Healthcare,Medical - Devices,general_dcf,158051839400.0,0.7314,0.08949712593777351,-0.07363566932580261,0.07148014613387288,0.01801697980390063,0.16156574496594517,0.18172552842646342,0.05448021910170198,2.369110874955721,0.01604290822407628,-0.003222771166020877,incremental_roic_below_wacc,8.0,2025.0,ttm,2026-04-29,2026-06-30,True,,,,0.2098013304406777,0.047908989981711364,0.375,0.3298013304406777,-0.3298013304406777,robust_return<=0; median_irr<=hurdle,False
201,FICO,1194.78,-0.12396480337429236,-0.10853985647627265,-0.2511221517179365,-0.02765734882668764,0.0,0.12,0.75,0.2511221517179365,0.3711221517179365,0.2511221517179365,0.3711221517179365,184.6930551648813,421.84327613458436,638.4899930684478,184.6930551648813,638.4899930684478,False,,-0.6469280736749993,0.69057,1.0,0.12101530144562443,0.9176,-0.22853985647627265,0.69057,valid,,,forward_roic_cap_hit,,False,ok,False,,Fair Isaac Corporation,Technology,Software - Application,general_dcf,27708030670.779015,0.9176,0.6852768089297788,2.028945268637725,0.10186402358933014,0.5834127853404487,0.3888932635167768,0.5036736380231953,0.09834200068390975,2.9834336578146767,0.08182513113150017,-0.03402632822753349,heavy_sbc,8.0,2025.0,ttm,2026-04-28,2026-06-30,True,,,,0.2511221517179365,0.060507650722812216,0.375,0.3711221517179365,-0.3711221517179365,robust_return<=0; median_irr<=hurdle,False
203,TDY,666.9,-0.1240916803868458,-0.11212140113420899,-0.25354919338715254,-0.018574725891812676,0.0,0.12,0.75,0.25354919338715254,0.37354919338715253,0.25354919338715254,0.37354919338715253,122.02515956930458,256.84036227819877,402.2271865174433,122.02515956930458,402.2271865174433,False,,-0.6148742505949936,0.6462,1.0,0.12810123374766993,0.6606,-0.23212140113420898,0.6462,valid,,,,,False,ok,False,,Teledyne Technologies Incorporated,Technology,"Hardware, Equipment & Parts",general_dcf,30896876790.0,0.6606,0.07977628073225122,0.28773128831523037,0.08872464824757978,-0.008948367515328556,0.1650039602819721,0.19029491133384735,0.11237458070703754,1.2798036006546645,0.005731523378582202,-0.006329283488911153,cyclical_revenue,8.0,2025.0,ttm,2026-04-24,2026-06-30,True,,,,0.25354919338715254,0.06405061687383497,0.375,0.37354919338715253,-0.37354919338715253,robust_return<=0; median_irr<=hurdle,False
168,TYL,292.46,-0.12431895456902564,-0.11988719931396186,-0.19307263170776423,-0.06442878794041462,0.0,0.12,0.75,0.19307263170776423,0.3130726317077642,0.19307263170776423,0.3130726317077642,76.48343379684837,106.62833409220546,140.1050843880811,76.48343379684837,140.1050843880811,False,,-0.635408828242476,0.64152,1.0,0.0750763218836748,0.7401,-0.23988719931396185,0.64152,valid,,,reinvestment_cap_hit,,False,ok,False,,"Tyler Technologies, Inc.",Technology,Software - Application,general_dcf,12332307050.0,0.7401,0.10124837334196077,,0.0853763751398615,0.015871998202099266,0.14201850877509714,0.15471012879524237,0.13944339404503459,-0.5732371259187539,0.0574482307303339,0.006188189271232547,heavy_sbc,8.0,2025.0,ttm,2026-04-29,2026-06-30,True,,,,0.19307263170776423,0.0375381609418374,0.375,0.3130726317077642,-0.3130726317077642,robust_return<=0; median_irr<=hurdle,False
221,PCAR,120.12,-0.12542933156219077,-0.10687450307304966,-0.29146432240377185,0.00349600230110812,0.0,0.12,0.75,0.29146432240377185,0.41146432240377184,0.29146432240377185,0.41146432240377184,17.4435439014564,45.80196056585728,79.66786502037971,17.4435439014564,79.66786502037971,False,,-0.6186982969875352,0.43776,1.0,0.16434736235244,0.6287,-0.22687450307304965,0.43776,valid,,,reinvestment_cap_hit,,False,ok,False,,PACCAR Inc,Industrials,Industrial - Machinery,general_dcf,63217501827.51964,0.6287,0.07973302626910145,,0.08528923265031338,-0.005556206381211931,0.11531679288096988,0.09676767973448273,0.027683097680262003,1.7603018998872213,0.0,0.0025729235493343605,cyclical_revenue,8.0,2025.0,ttm,2026-04-29,2026-06-30,True,,,,0.29146432240377185,0.08217368117622,0.375,0.41146432240377184,-0.41146432240377184,robust_return<=0; median_irr<=hurdle,False
175,MTD,1277.51,-0.12678359125775385,-0.12188497201896095,-0.2014592793933843,-0.06190514159970915,0.0,0.12,0.75,0.2014592793933843,0.32145927939338426,0.2014592793933843,0.32145927939338426,292.1737765581318,466.3279816871319,611.3574362682551,292.1737765581318,611.3574362682551,False,,-0.6349711691594336,0.8528,1.0,0.07419306889683758,0.9773,-0.24188497201896095,0.8528,valid,,,,,False,ok,False,,Mettler-Toledo International Inc.,Healthcare,Medical - Diagnostics & Research,general_dcf,25815412353.13668,0.9773,0.4376220756426632,0.26524520333931784,0.10323258480219971,0.3343894908404635,0.2726700953622288,0.28000612257572655,0.046172122400079285,1.753196375648433,0.005159384675137468,-0.03704082269681719,,8.0,2025.0,ttm,2026-05-08,2026-06-30,True,,,,0.2014592793933843,0.03709653444841879,0.375,0.32145927939338426,-0.32145927939338426,robust_return<=0; median_irr<=hurdle,False
199,AKAM,118.21,-0.13042765837817566,-0.11359011828317306,-0.24488441333814986,-0.049645983608206705,0.0,0.12,0.75,0.24488441333814986,0.36488441333814986,0.24488441333814986,0.36488441333814986,16.021963502850365,40.67168469809256,60.85235821336329,16.021963502850365,60.85235821336329,False,,-0.6559370214187246,0.673029,1.0,0.10742834486497158,0.6961,-0.23359011828317305,0.673029,valid,,,forward_roic_floor_hit;reinvestment_cap_hit,,False,ok,False,,"Akamai Technologies, Inc.",Technology,Software - Infrastructure,general_dcf,17186014162.38516,0.6961,0.05124025743522671,-0.030526924258574523,0.06885142722609512,-0.01761116979086841,0.17709245816795977,0.1367158184672457,0.06463602570036953,3.793054704077415,0.09856212517238061,-0.022185651472434675,elevated_leverage;heavy_sbc;incremental_roic_below_wacc,8.0,2025.0,ttm,2026-05-08,2026-06-30,True,,,,0.24488441333814986,0.05371417243248579,0.375,0.36488441333814986,-0.36488441333814986,robust_return<=0; median_irr<=hurdle,False
213,RL,401.41,-0.13081596319825614,-0.12291325422702352,-0.2748561025538946,-0.0025812417850829376,0.0,0.12,0.75,0.2748561025538946,0.3948561025538946,0.2748561025538946,0.3948561025538946,63.73981224159219,148.68617713054357,251.55741809608043,63.73981224159219,251.55741809608043,False,,-0.6295902515369733,0.5353,1.0,0.15007843038440583,0.8591,-0.24291325422702353,0.5353,valid,,,,,False,ok,False,,Ralph Lauren Corporation,Consumer Cyclical,Apparel - Manufacturers,general_dcf,24485934534.67796,0.8591,0.24913408189677175,0.696809468882311,0.1061929385764837,0.14294114332028807,0.11167506474262193,0.14532010598311665,0.03651392104845108,0.6540858235377426,0.015004373133878215,-0.033475237244851574,cyclical_revenue,8.0,2026.0,ttm,2026-05-21,2026-06-30,True,,,,0.2748561025538946,0.07503921519220291,0.375,0.3948561025538946,-0.3948561025538946,robust_return<=0; median_irr<=hurdle,False
207,FDX,313.13,-0.13135895428349612,-0.12244274762342683,-0.2577583008911461,-0.022792020995984753,0.0,0.12,0.75,0.2577583008911461,0.3777583008911461,0.2577583008911461,0.3777583008911461,47.498080190880295,75.40048688982112,156.03946972143854,47.498080190880295,156.03946972143854,False,,-0.7592038869165486,0.65925,1.0,0.12770563994758066,0.5949,-0.24244274762342682,0.65925,valid,,,reinvestment_cap_hit,,False,ok,False,,FedEx Corporation,Industrials,Integrated Freight & Logistics,general_dcf,74714933506.43962,0.5949,0.07994678442098742,0.012706893705180085,0.08645287816844854,-0.006506093747461125,0.0694637784171968,0.06735641891891891,0.044807004966957775,2.7567215554935345,0.0017514728294247435,-0.01992564426454624,incremental_roic_below_wacc,8.0,2026.0,ttm,2026-06-23,2026-06-30,True,,,,0.2577583008911461,0.06385281997379033,0.375,0.3777583008911461,-0.3777583008911461,robust_return<=0; median_irr<=hurdle,False
244,KR,55.53,-0.13275432843074664,-0.09852860688697543,-0.32550627901218826,-0.008453820936847451,0.0,0.12,0.75,0.32550627901218826,0.44550627901218826,0.32550627901218826,0.44550627901218826,6.117238065479322,23.577172343794647,37.15763824757185,6.117238065479322,37.15763824757185,False,,-0.5754155889826283,0.71073,1.0,0.1672043290376704,0.6865,-0.21852860688697542,0.71073,valid,,,share_change_floor_hit,,False,ok,False,,The Kroger Co.,Consumer Defensive,Grocery Stores,general_dcf,34020303569.77596,0.6865,0.05637432991555355,,0.06811023699186353,-0.011735907076309976,0.021216851165038214,0.013286689764203304,0.027805735425239453,3.627437203583348,0.0011463686108278514,-0.054241539698790975,elevated_leverage;thin_interest_coverage,8.0,2025.0,ttm,2026-06-26,2026-06-30,True,,,,0.32550627901218826,0.0836021645188352,0.375,0.44550627901218826,-0.44550627901218826,robust_return<=0; median_irr<=hurdle,False
204,AJG,229.57,-0.13480940685662623,-0.11405291136867846,-0.2548403515650979,-0.05629145312405015,0.0,0.12,0.75,0.2548403515650979,0.3748403515650979,0.2548403515650979,0.3748403515650979,52.74262974355895,125.30086260514614,171.83221005913614,52.74262974355895,171.83221005913614,False,,-0.45419321947490465,0.6,0.8,0.11727444922052385,0.42092790621692655,-0.23405291136867845,0.48,valid,,,specialist_model_v1,,False,specialist,False,,Arthur J. Gallagher & Co.,Financial Services,Insurance - Brokers,insurance,58986174940.0,,,,,,,,,,,,,,,,,2026-06-30,True,256942000.0,0.533,Justified P/B residual-income proxy; no regulatory-capital or reserve-detail model,0.2548403515650979,0.058637224610261926,0.375,0.3748403515650979,-0.3748403515650979,robust_return<=0; median_irr<=hurdle,False
176,COST,935.47,-0.13708060742919767,-0.12958066829378367,-0.20342995134269581,-0.08573114178652755,0.0,0.12,1.0,0.20342995134269581,0.3234299513426958,0.20342995134269581,0.3234299513426958,230.90804169346083,339.3801588530998,421.9555038740985,230.90804169346083,421.9555038740985,False,,-0.6372089336343232,0.8944,1.0,0.06201740477808414,0.981,-0.24958066829378367,0.8944,valid,,,,,False,ok,False,,Costco Wholesale Corporation,Consumer Defensive,Discount Stores,general_dcf,414861300130.0,0.981,0.38993330020520345,0.4250510050253514,0.08736280744453133,0.3025704927606721,0.03386284317762697,0.03823398174987312,0.09962564637566751,-0.8530819434372734,0.0031945189648768003,-0.0002451377367429508,,8.0,2025.0,ttm,2026-05-28,2026-06-30,True,,,,0.20342995134269581,0.03100870238904207,0.5,0.3234299513426958,-0.3234299513426958,robust_return<=0; median_irr<=hurdle,False
163,IEX,226.95,-0.13718476656431444,-0.13448759111925024,-0.1870152398303616,-0.09274864418839567,0.0,0.12,1.0,0.1870152398303616,0.3070152398303616,0.1870152398303616,0.3070152398303616,59.65389981297062,71.15623181934396,85.6228264566666,59.65389981297062,85.6228264566666,False,,-0.6864673636512714,0.73503,1.0,0.055082397820982974,0.7632,-0.25448759111925023,0.73503,valid,,,reinvestment_cap_hit,,False,ok,False,,IDEX Corporation,Industrials,Industrial - Machinery,general_dcf,16797716051.480707,0.7632,0.10724302086651309,0.02470218066916018,0.08952291670122829,0.0177201041652848,0.2322517632887101,0.2080394323106994,0.048393072016545746,1.389965068275643,0.0078928046989721,-0.007067373967917012,incremental_roic_below_wacc,8.0,2025.0,ttm,2026-04-29,2026-06-30,True,,,,0.1870152398303616,0.027541198910491487,0.5,0.3070152398303616,-0.3070152398303616,robust_return<=0; median_irr<=hurdle,False
212,CFG,70.07,-0.13946776090201315,-0.11509079187294324,-0.2730922337155429,-0.05459722614662321,0.0,0.12,0.75,0.2730922337155429,0.3930922337155429,0.2730922337155429,0.3930922337155429,14.220951717404441,38.02118855050559,52.91959094386813,14.220951717404441,52.91959094386813,False,,-0.4573827807834223,0.6,0.8,0.12724750378445984,0.3740270165019693,-0.23509079187294324,0.48,valid,,,specialist_model_v1,,False,specialist,False,,"Citizens Financial Group, Inc.",Financial Services,Banks - Regional,bank,29631341740.0,,,,,,,,,,,,,,,,,2026-06-30,True,422882000.00000006,1.021,Justified P/B residual-income proxy; no regulatory-capital or reserve-detail model,0.2730922337155429,0.06362375189222992,0.375,0.3930922337155429,-0.3930922337155429,robust_return<=0; median_irr<=hurdle,False
197,MSI,415.29,-0.14165110205394738,-0.1301995678528328,-0.24114848411409184,-0.06505678839603204,0.0,0.12,0.75,0.24114848411409184,0.36114848411409184,0.24114848411409184,0.36114848411409184,75.12609149948781,139.9540353083898,197.21036495856703,75.12609149948781,197.21036495856703,False,,-0.6629968568749794,0.8342,1.0,0.09301984785902989,0.9203,-0.2501995678528328,0.8342,valid,,,,,False,ok,False,,"Motorola Solutions, Inc.",Technology,Communication Equipment,general_dcf,68936478840.0,0.9203,0.21194133906846221,0.15088799315472587,0.0842998655175542,0.12764147355090802,0.20223532193357102,0.24839905628581058,0.06857802574283212,2.533624454148472,0.022464638994175834,-0.007620460262660167,,8.0,2025.0,ttm,2026-05-07,2026-06-30,True,,,,0.24114848411409184,0.046509923929514946,0.375,0.36114848411409184,-0.36114848411409184,robust_return<=0; median_irr<=hurdle,False
137,MAS,81.37,-0.14216747045284134,-0.15343040345469489,-0.15745459606405338,-0.10435447883792218,0.0,0.12,1.0,0.15745459606405338,0.27745459606405337,0.15745459606405338,0.27745459606405337,17.068780050982948,17.068780050982948,23.954094170643945,23.751778762560843,23.954094170643945,True,"growth destroys value: forward ROIC 2.0% at/below WACC 10.0%, so higher-growth scenarios reinvest below the cost of capital and are worth less than the bear case",-0.7902325175005168,0.6931170000000001,1.0,0.0357565486130656,0.9855,-0.2734304034546949,0.6931170000000001,valid,,,forward_roic_floor_hit;reinvestment_cap_hit,,False,ok,False,,Masco Corporation,Consumer Cyclical,"Furnishings, Fixtures & Appliances",general_dcf,16415131139.008942,0.9855,0.3647712535529071,-0.24970968064271476,0.09952558440880277,0.26524566914410436,0.16795059838708515,0.16786039848938664,0.018441922577974612,2.0236111111111112,0.0,-0.043758825476734486,incremental_roic_below_wacc,8.0,2025.0,ttm,2026-04-22,2026-06-30,True,,,,0.15745459606405338,0.0178782743065328,0.5,0.27745459606405337,-0.27745459606405337,robust_return<=0; median_irr<=hurdle,False
290,PRU,107.93,-0.1425271824701138,3.8693643267473377e-05,-0.6944572412902554,0.12427112412326524,0.25,0.12,0.25,0.6944572412902554,0.8144572412902554,0.6944572412902554,0.8144572412902554,0.28741018522527256,107.95088264057763,193.86412923437533,0.28741018522527256,193.86412923437533,False,,0.0001934831888967814,0.6,0.8,0.42736418270676035,0.002662416260015256,-0.11996130635673252,0.48,valid,,,specialist_model_v1,,False,specialist,False,,"Prudential Financial, Inc.",Financial Services,Insurance - Life,insurance,37486798798.03385,,,,,,,,,,,,,,,,,2026-06-30,True,347325106.99558836,0.855,Justified P/B residual-income proxy; no regulatory-capital or reserve-detail model,0.6944572412902554,0.21368209135338018,0.125,0.8144572412902554,-0.8144572412902554,robust_return<=0; median_irr<=hurdle,False
185,ISRG,397.68,-0.14254181349315329,-0.13536265526927307,-0.21498144599463553,-0.08446049743943149,0.0,0.12,1.0,0.21498144599463553,0.33498144599463553,0.21498144599463553,0.33498144599463553,81.80201426746676,124.46982855382468,158.87504297217868,81.80201426746676,158.87504297217868,False,,-0.6870100871207385,0.7602,1.0,0.07245447427760203,0.8888,-0.25536265526927304,0.7602,valid,,,,,False,ok,False,,"Intuitive Surgical, Inc.",Healthcare,Medical - Devices,general_dcf,140843541840.0,0.8888,0.2197763862470826,0.22610213095241274,0.11745000000000001,0.10232638624708258,0.2869455859558496,0.3045425766152276,0.1526066469941605,-1.148778701154361,0.08103351252978293,-0.0020299003963198947,heavy_sbc,8.0,2025.0,ttm,2026-04-22,2026-06-30,True,,,,0.21498144599463553,0.036227237138801015,0.5,0.33498144599463553,-0.33498144599463553,robust_return<=0; median_irr<=hurdle,False
181,WMT,113.26,-0.1432325152767589,-0.13705088315182362,-0.21400299592060032,-0.084825298882788,0.0,0.12,1.0,0.21400299592060032,0.33400299592060034,0.21400299592060032,0.33400299592060034,26.37330908982204,40.37138021783773,52.52491123582034,26.37330908982204,52.52491123582034,False,,-0.6435512959752981,0.9078,1.0,0.06735484851890616,0.843,-0.2570508831518236,0.9078,valid,,,,,False,ok,False,,Walmart Inc.,Consumer Defensive,Discount Stores,general_dcf,901332140800.0001,0.843,0.14254615440729357,0.09590727000201303,0.07245432557401847,0.0700918288332751,0.0417489397208882,0.041614217467134514,0.04777754991382177,1.4150943396226414,0.0,-0.008319034749429188,,8.0,2026.0,ttm,2026-05-29,2026-06-30,True,,,,0.21400299592060032,0.03367742425945308,0.5,0.33400299592060034,-0.33400299592060034,robust_return<=0; median_irr<=hurdle,False
187,AME,241.94,-0.14410128517265544,-0.13801435774075796,-0.22010443705948998,-0.08027198814961592,0.0,0.12,1.0,0.22010443705948998,0.34010443705949,0.22010443705948998,0.34010443705949,53.130095189490035,79.33174426462028,104.9080774284662,53.130095189490035,104.9080774284662,False,,-0.672101577810117,0.7887,1.0,0.07625522445493703,0.789,-0.258014357740758,0.7887,valid,,,,,False,ok,False,,"AMETEK, Inc.",Industrials,Electrical Equipment & Parts,general_dcf,55453373820.0,0.789,0.12772128848845107,0.15542265014439383,0.09324184324899494,0.03447944523945613,0.23996926366993981,0.2616589067416449,0.062368142586528785,0.7038871290201842,0.006895513442959266,-0.002454884771549426,,8.0,2025.0,ttm,2026-04-30,2026-06-30,True,,,,0.22010443705948998,0.038127612227468514,0.5,0.34010443705949,-0.34010443705949,robust_return<=0; median_irr<=hurdle,False
208,HSIC,83.52,-0.14415188745915652,-0.1418614799738861,-0.2590486393426545,-0.033835950546199416,0.0,0.12,0.75,0.2590486393426545,0.3790486393426545,0.2590486393426545,0.3790486393426545,14.220856070152989,19.949832675898115,43.26022388189608,14.220856070152989,43.26022388189608,False,,-0.7611370608728674,0.5079672000000001,1.0,0.12736732839822754,0.7239,-0.2618614799738861,0.5079672000000001,valid,,,forward_roic_floor_hit;share_change_floor_hit;reinvestment_cap_hit,,False,ok,False,,"Henry Schein, Inc.",Healthcare,Medical - Distribution,general_dcf,9514347840.0,0.7239,0.08389398884621356,-0.03311241926184948,0.07471137199708913,0.009182616849124428,0.05769458738710034,0.05596234309623431,-0.0001948354983694056,3.3810861423220975,0.003077408664089008,-0.05552040579331741,elevated_leverage;thin_interest_coverage;incremental_roic_below_wacc,8.0,2025.0,ttm,2026-05-05,2026-06-30,True,,,,0.2590486393426545,0.06368366419911377,0.375,0.3790486393426545,-0.3790486393426545,robust_return<=0; median_irr<=hurdle,False
196,CMI,713.21,-0.14725957826613006,-0.14111368825833775,-0.2384097083726373,-0.06840122817520747,0.0,0.12,0.75,0.2384097083726373,0.3584097083726373,0.2384097083726373,0.3584097083726373,135.03487041609304,220.36633284978922,312.53282007578906,135.03487041609304,312.53282007578906,False,,-0.691021812860463,0.6784,1.0,0.09465224009871492,0.8104,-0.26111368825833775,0.6784,valid,,,,,False,ok,False,,Cummins Inc.,Industrials,Industrial - Machinery,general_dcf,98415182474.61008,0.8104,0.17083794841286554,0.13010139299735682,0.10215525926736352,0.06868268914550202,0.11359188026109883,0.11240927597804921,0.05099192828886134,1.02637987012987,0.0,-0.008266792915946009,,8.0,2025.0,ttm,2026-05-05,2026-06-30,True,,,,0.2384097083726373,0.04732612004935746,0.375,0.3584097083726373,-0.3584097083726373,robust_return<=0; median_irr<=hurdle,False
173,A,132.83,-0.14881069884286258,-0.147428436455084,-0.2006238993344595,-0.09976202312682286,0.0,0.12,1.0,0.2006238993344595,0.3206238993344595,0.2006238993344595,0.3206238993344595,31.538144860303092,40.75346440666941,49.63012936937105,31.538144860303092,49.63012936937105,False,,-0.6931908122662847,0.8058,1.0,0.05625693810381832,0.8032,-0.26742843645508396,0.8058,valid,,,,,False,ok,False,,"Agilent Technologies, Inc.",Healthcare,Medical - Diagnostics & Research,general_dcf,37515442560.0,0.8032,0.1563631525438916,0.06527467842826057,0.10304690230843304,0.053316250235458565,0.20521881264522696,0.215016592920354,0.05072541423244137,0.8449781659388647,0.018422567645365574,-0.01810353813094956,incremental_roic_below_wacc,8.0,2025.0,ttm,2026-06-01,2026-06-30,True,,,,0.2006238993344595,0.02812846905190916,0.5,0.3206238993344595,-0.3206238993344595,robust_return<=0; median_irr<=hurdle,False
271,ADM,76.4,-0.15072969240427478,-0.1138510657998267,-0.40267045546788716,0.027453817450441446,0.0,0.12,0.75,0.40267045546788716,0.5226704554678872,0.40267045546788716,0.5226704554678872,5.2394515318183625,27.0961912626886,60.023122812690026,5.2394515318183625,60.023122812690026,False,,-0.6453378106977932,0.48006,1.0,0.2306603364591643,0.4975,-0.2338510657998267,0.48006,valid,,,reinvestment_cap_hit,,False,ok,False,,Archer-Daniels-Midland Company,Consumer Defensive,Agricultural Farm Products,general_dcf,36821478662.33129,0.4975,0.03150652178244641,,0.07420215648681758,-0.04269563470437117,0.029387294404086977,0.01519737984765402,0.03210258008547795,4.159618573797678,0.0010340230973352104,-0.04914931813618828,elevated_leverage;thin_interest_coverage,8.0,2025.0,ttm,2026-05-05,2026-06-30,True,,,,0.40267045546788716,0.11533016822958216,0.375,0.5226704554678872,-0.5226704554678872,robust_return<=0; median_irr<=hurdle,False
198,LII,572.95,-0.15148462727811413,-0.14355337765518916,-0.2413827079129987,-0.07744904588907954,0.0,0.12,1.0,0.2413827079129987,0.3613827079129987,0.2413827079129987,0.3613827079129987,106.65357423619557,179.26278917215194,247.74321362519345,106.65357423619557,247.74321362519345,False,,-0.687123153552401,0.7942,1.0,0.08814083101195959,0.9501,-0.26355337765518916,0.7942,valid,,,,,False,ok,False,,Lennox International Inc.,Industrials,Construction,general_dcf,19938660000.0,0.9501,0.2652154711658351,0.1663844299821386,0.09929099724186426,0.16592447392397086,0.1496697217049871,0.19515767050857774,0.04243489707952652,1.6675713535282788,0.005601216484129886,-0.007504973290857975,,8.0,2025.0,ttm,2026-04-29,2026-06-30,True,,,,0.2413827079129987,0.044070415505979794,0.5,0.3613827079129987,-0.3613827079129987,robust_return<=0; median_irr<=hurdle,False
139,PSA,318.31,-0.15382565940932472,-0.16302317680026057,-0.16302317680026057,-0.12623310723651715,0.0,0.12,1.0,0.16302317680026057,0.28302317680026057,0.16302317680026057,0.28302317680026057,130.74269804614582,130.74269804614582,162.11686933190077,130.74269804614582,162.11686933190077,False,,-0.5892598471736803,0.6,0.8,0.036395034781871706,1.0,-0.28302317680026057,0.48,valid,,,specialist_model_v1,,False,specialist,False,,Public Storage,Real Estate,REIT - Industrial,reit,55888760301.12351,,,,,,,,,,,,,,,,,2026-06-30,True,175579655.99925706,0.963,P/AFFO Gordon proxy; no property-level NOI or maintenance-capex detail,0.16302317680026057,0.018197517390935853,0.5,0.28302317680026057,-0.28302317680026057,robust_return<=0; median_irr<=hurdle,False
248,IBM,281.21,-0.15680093279552232,-0.1328887033276259,-0.3329030962209799,-0.028523228305857604,0.0,0.12,0.75,0.3329030962209799,0.4529030962209799,0.3329030962209799,0.4529030962209799,32.338353642850905,103.81128809858282,176.8600051803242,32.338353642850905,176.8600051803242,False,,-0.630840695215025,0.7036,0.85,0.16558193395756113,0.7564,-0.2528887033276259,0.59806,valid,,,,,False,ok,False,,International Business Machines Corporation,Technology,Information Technology Services,general_dcf,264305060849.99997,0.7564,0.10889946209466665,0.1679611650485437,0.07314097317832458,0.03575848891634208,0.1439620828678379,0.1528836899385504,-0.023191843102530085,3.4330118597680177,0.018315551244746202,0.013138108297700457,elevated_leverage,8.0,2025.0,annual,2026-02-24,2026-06-30,True,,,,0.3329030962209799,0.08279096697878056,0.375,0.4529030962209799,-0.4529030962209799,robust_return<=0; median_irr<=hurdle,False
194,ANET,169.88,-0.1569517048934358,-0.1501651619910262,-0.23648410417663396,-0.09099239141505674,0.0,0.12,1.0,0.23648410417663396,0.35648410417663395,0.23648410417663396,0.35648410417663395,31.81662979767252,49.1955499166932,65.520912458615,31.81662979767252,65.520912458615,False,,-0.7104099957811796,0.502281,1.0,0.08767742638078861,0.9218,-0.2701651619910262,0.502281,valid,,,base_growth_cap_hit;forward_roic_cap_hit,,False,ok,False,,"Arista Networks, Inc.",Technology,Computer Hardware,general_dcf,213907704127.8886,0.9218,3.1794789421061704,2.541673972213756,0.12535000000000002,3.0541289421061704,0.34139911629930414,0.4279240774879247,0.22695585796283524,-2.9154158406494854,0.05063950385040156,0.0020930458623871218,heavy_sbc;cyclical_revenue,8.0,2025.0,ttm,2026-05-06,2026-06-30,True,,,,0.23648410417663396,0.043838713190394306,0.5,0.35648410417663395,-0.35648410417663395,robust_return<=0; median_irr<=hurdle,False
210,APH,176.32,-0.15754170646687263,-0.1464925857872003,-0.2646346871741114,-0.07254696711897848,0.0,0.12,1.0,0.2646346871741114,0.3846346871741114,0.2646346871741114,0.3846346871741114,26.252652154016552,52.752033976827335,78.51493378974732,26.252652154016552,78.51493378974732,False,,-0.7008165042149085,0.59742,0.85,0.11262126002756648,0.8626,-0.2664925857872003,0.5078069999999999,valid,,,base_growth_cap_hit,,False,ok,False,,Amphenol Corporation,Technology,"Hardware, Equipment & Parts",general_dcf,216914153600.0,0.8626,0.18794224474011875,0.4045780359553282,0.10365022539962652,0.08429201934049223,0.20659165612487077,0.26000046325249576,0.15938454986222794,1.7915744476343447,0.007193204884810185,0.012641452647415896,cyclical_revenue,8.0,2025.0,ttm,2026-05-01,2026-06-30,True,,,,0.2646346871741114,0.05631063001378324,0.5,0.3846346871741114,-0.3846346871741114,robust_return<=0; median_irr<=hurdle,False
296,PEG,81.16,-0.16206566301698327,0.030054717289749563,-0.95,0.24162791335256772,0.25,0.12,0.25,0.95,1.0699999999999998,0.95,1.0699999999999998,0.5802706350208855,67.54808068602138,164.07956912413337,0.5802706350208855,164.07956912413337,False,,-0.1677170935679968,0.5912,1.0,0.608077956676284,0.3389,-0.08994528271025043,0.5912,valid,,,,,False,ok,True,bear,Public Service Enterprise Group Incorporated,Utilities,Regulated Electric,general_dcf,40443764986.7851,0.3389,0.08395750519997351,0.4178713766367468,0.07208775444419425,0.011869750755779257,0.23252653674492513,0.25465061747694234,0.0329742925901062,3.7970342910101946,0.0,-0.0006657791581933248,elevated_leverage;thin_interest_coverage,8.0,2025.0,ttm,2026-05-05,2026-06-30,True,,,,0.95,0.304038978338142,0.125,1.0699999999999998,-1.0699999999999998,robust_return<=0; median_irr<=hurdle,False
180,DOV,224.28,-0.16230216454059698,-0.1601335630621179,-0.212187013606308,-0.11675451843184415,0.0,0.12,1.0,0.212187013606308,0.332187013606308,0.212187013606308,0.332187013606308,50.92404091654676,62.77745451528721,72.92934979881889,50.92404091654676,72.92934979881889,False,,-0.7200933898908186,0.72297,1.0,0.05602714758723193,0.7605,-0.2801335630621179,0.72297,valid,,,reinvestment_cap_hit,,False,ok,False,,Dover Corporation,Industrials,Industrial - Machinery,general_dcf,30201861931.527557,0.7605,0.12229215992717236,0.0309088815527848,0.0980344541435993,0.024257705783573058,0.1572083358717778,0.16702155218483758,0.021099944953815397,0.929849859608325,0.005210363302744713,-0.018203709976368554,incremental_roic_below_wacc,8.0,2025.0,ttm,2026-04-23,2026-06-30,True,,,,0.212187013606308,0.028013573793615965,0.5,0.332187013606308,-0.332187013606308,robust_return<=0; median_irr<=hurdle,False
261,LH,280.0,-0.16367276064556785,-0.14144816225161772,-0.36649114044557785,-0.005303577633458161,0.0,0.12,0.75,0.36649114044557785,0.48649114044557784,0.36649114044557785,0.48649114044557784,24.014624883757662,70.25240299390178,172.30514398959838,24.014624883757662,172.30514398959838,False,,-0.7490985607360651,0.5068980000000001,1.0,0.19538684140605983,0.4512,-0.2614481622516177,0.5068980000000001,valid,,,forward_roic_floor_hit;reinvestment_cap_hit,,False,ok,False,,Labcorp Holdings Inc.,Healthcare,Medical - Diagnostics & Research,general_dcf,22960000000.0,0.4512,0.07847412560497373,-7.794511381847969,0.07820364154402067,0.00027048406095306343,0.11604691500812825,0.11031376818766703,0.030137680570719194,2.7845989590284264,0.009016822322727696,-0.03271819414794375,incremental_roic_below_wacc,8.0,2025.0,ttm,2026-05-04,2026-06-30,True,,,,0.36649114044557785,0.09769342070302992,0.375,0.48649114044557784,-0.48649114044557784,robust_return<=0; median_irr<=hurdle,False
237,NWSA,24.83,-0.1637846405908931,-0.14545968109741803,-0.3078160513658077,-0.056403148802928606,0.0,0.12,0.75,0.3078160513658077,0.4278160513658077,0.3078160513658077,0.4278160513658077,3.624174234285962,8.644378019727027,12.345285521400864,3.624174234285962,12.345285521400864,False,,-0.6518575102808286,0.4968000000000001,0.7,0.14980245128143954,0.2107,-0.265459681097418,0.34776,valid,,,reinvestment_cap_hit,,False,ok,False,,News Corporation,Communication Services,Entertainment,general_dcf,13937870754.344841,0.2107,0.06930110598314645,,0.08089934923935209,-0.011598243256205634,0.07525118018893645,0.11310932323710364,-0.009311320802890988,0.3795053003533569,0.0,-0.012879660099238022,peak_cycle_margins,8.0,2025.0,annual,2025-08-06,2026-06-30,True,,,,0.3078160513658077,0.07490122564071977,0.375,0.4278160513658077,-0.4278160513658077,robust_return<=0; median_irr<=hurdle,False
256,BKR,55.5,-0.16400875335093584,-0.1444907439872622,-0.3520775894634426,-0.014975935965776416,0.0,0.12,0.75,0.3520775894634426,0.4720775894634426,0.3520775894634426,0.4720775894634426,6.082995922933066,18.77241107195872,35.01203929733274,6.082995922933066,35.01203929733274,False,,-0.6617583590638068,0.6027,0.85,0.18496982674883308,0.3655,-0.2644907439872622,0.512295,valid,,,,,False,ok,False,,Baker Hughes Company,Energy,Oil & Gas Equipment & Services,general_dcf,55059829500.0,0.3655,0.10998239939111407,0.44018987341772153,0.08563256776899884,0.024349831622115223,0.07661628186406616,0.12825875311001333,0.027880293666787903,0.46111696522655427,0.0073197995168211155,0.002358499301831074,peak_cycle_margins,8.0,2025.0,annual,2026-02-05,2026-06-30,True,,,,0.3520775894634426,0.09248491337441654,0.375,0.4720775894634426,-0.4720775894634426,robust_return<=0; median_irr<=hurdle,False
224,CASY,794.79,-0.16491920365788243,-0.15195473623825811,-0.2988180390631897,-0.05694930309182379,0.0,0.12,0.75,0.2988180390631897,0.4188180390631897,0.2988180390631897,0.4188180390631897,114.74486250730973,254.4893584637231,414.6870460734557,114.74486250730973,414.6870460734557,False,,-0.6798030190821184,0.6227,0.95,0.13375336798568296,0.7851,-0.2719547362382581,0.591565,valid,,,,,False,ok,False,,"Casey's General Stores, Inc.",Consumer Cyclical,Specialty Retail,general_dcf,29411124471.0,0.7851,0.12555122029931043,0.16134749944440768,0.07502382164973967,0.05052739864957076,0.04542217167062353,0.05886060333005317,0.09417408999463706,1.596025249138085,0.0029943104212629412,-0.002122010404048913,cyclical_revenue,8.0,2026.0,ttm,2026-06-22,2026-06-30,True,,,,0.2988180390631897,0.06687668399284148,0.375,0.4188180390631897,-0.4188180390631897,robust_return<=0; median_irr<=hurdle,False
209,EME,829.88,-0.16730142288670322,-0.16307396159172638,-0.26215070756006753,-0.08090706080329253,0.0,0.12,1.0,0.26215070756006753,0.3821507075600675,0.26215070756006753,0.3821507075600675,146.4882099997825,262.3212946147076,382.1496118814108,146.4882099997825,382.1496118814108,False,,-0.683904546904724,0.7287,0.85,0.1032608233783875,0.874,-0.2830739615917264,0.619395,valid,,,,,False,ok,False,,"EMCOR Group, Inc.",Industrials,Engineering & Construction,general_dcf,36956687531.38602,0.874,0.3670004557692413,0.5760422920959553,0.10020491300350655,0.26679554276573475,0.05229815894925574,0.09894669334631148,0.11102584323305242,-0.20471701686974453,0.0010918810036467824,-0.035021816601687794,peak_cycle_margins,8.0,2025.0,ttm,2026-04-29,2026-06-30,True,,,,0.26215070756006753,0.05163041168919375,0.5,0.3821507075600675,-0.3821507075600675,robust_return<=0; median_irr<=hurdle,False
192,NDSN,301.69,-0.16823069830352322,-0.1640084528538864,-0.23003525247477224,-0.11487063503154785,0.0,0.12,1.0,0.23003525247477224,0.35003525247477224,0.23003525247477224,0.35003525247477224,60.987701869565065,82.55695230193554,101.49368720494,60.987701869565065,101.49368720494,False,,-0.7263517110214606,0.73809,1.0,0.0654396087216122,0.7633,-0.28400845285388643,0.73809,valid,,,reinvestment_cap_hit,,False,ok,False,,Nordson Corporation,Industrials,Industrial - Machinery,general_dcf,16809563420.0,0.7633,0.11998824591370559,0.03974633978397207,0.0889402222820624,0.03104802363164319,0.2532505691538013,0.2636817205456467,0.03099100141540756,2.046836845276565,0.007047418864717588,-0.012375917292465122,incremental_roic_below_wacc,8.0,2025.0,ttm,2026-05-21,2026-06-30,True,,,,0.23003525247477224,0.0327198043608061,0.5,0.35003525247477224,-0.35003525247477224,robust_return<=0; median_irr<=hurdle,False
225,CHRW,188.34,-0.16896385036088762,-0.15850589117326308,-0.2998848012706732,-0.058958817826351116,0.0,0.12,0.75,0.2998848012706732,0.4198848012706732,0.2998848012706732,0.4198848012706732,25.6118465553833,59.503556361550814,94.9595620012534,25.6118465553833,94.9595620012534,False,,-0.6840630967317043,0.5706,1.0,0.13334499172216102,0.8871,-0.2785058911732631,0.5706,valid,,,,,False,ok,False,,"C.H. Robinson Worldwide, Inc.",Industrials,Integrated Freight & Logistics,general_dcf,22200208729.945206,0.8871,0.20038066020268494,,0.0880905672707112,0.11229009293197374,0.04790639549170544,0.049002784561993716,-0.0034578874655647462,1.657495573897493,0.0047723672769624925,-0.016362753358798665,cyclical_revenue,8.0,2025.0,ttm,2026-05-01,2026-06-30,True,,,,0.2998848012706732,0.06667249586108051,0.375,0.4198848012706732,-0.4198848012706732,robust_return<=0; median_irr<=hurdle,False
297,TMUS,167.73,-0.17005606552702368,0.011815974005730851,-0.95,0.24614378988044344,0.25,0.12,0.25,0.95,1.0699999999999998,0.95,1.0699999999999998,-31.352758573377095,123.89159029435895,347.2266041836199,-31.352758573377095,347.2266041836199,False,,-0.2613629625328865,0.41204700000000005,1.0,0.6157104849402217,0.4858,-0.10818402599426914,0.41204700000000005,valid,,,forward_roic_cap_hit;wacc_floor_hit,,False,ok,True,bear,"T-Mobile US, Inc.",Communication Services,Telecommunications Services,general_dcf,181518197182.3906,0.4858,0.08348408532410032,1.990527861070957,0.065,0.018484085324100313,0.12487129857199122,0.20364520048602675,0.10713963255832692,3.507324263734914,0.008490542019908858,-0.04249120632732084,elevated_leverage;thin_interest_coverage;cyclical_revenue;peak_cycle_margins,8.0,2025.0,ttm,2026-04-28,2026-06-30,True,,,,0.95,0.30785524247011087,0.125,1.0699999999999998,-1.0699999999999998,robust_return<=0; median_irr<=hurdle,False
230,COO,71.71,-0.17038290500640865,-0.15346801675623278,-0.3051122513774317,-0.06948333513573737,0.0,0.12,1.0,0.3051122513774317,0.4251122513774317,0.3051122513774317,0.4251122513774317,8.695929073655527,18.590444646212376,30.765994634422796,8.695929073655527,30.765994634422796,False,,-0.7407551994671262,0.62811,1.0,0.12897115812084717,0.2599,-0.2734680167562328,0.62811,valid,,,reinvestment_cap_hit,,False,ok,False,,"The Cooper Companies, Inc.",Healthcare,Medical - Instruments & Supplies,general_dcf,13985673009.999998,0.2599,0.035931474516320165,0.052212610579211796,0.0820360403469439,-0.04610456583062373,0.16301111144007413,0.11767625442974079,0.07094746791504969,2.6301835486063903,0.0,-0.006412596201342491,incremental_roic_below_wacc,8.0,2025.0,ttm,2026-06-05,2026-06-30,True,,,,0.3051122513774317,0.06448557906042358,0.5,0.4251122513774317,-0.4251122513774317,robust_return<=0; median_irr<=hurdle,False
222,HUBB,523.2,-0.1710367947316626,-0.1594087286342983,-0.29283077413929265,-0.07249894751876124,0.0,0.12,1.0,0.29283077413929265,0.41283077413929264,0.29283077413929265,0.41283077413929264,75.77831732515077,156.49093415202609,242.90637797684,75.77831732515077,242.90637797684,False,,-0.700896532584048,0.6977,0.85,0.1237349133102657,0.807,-0.27940872863429833,0.5930449999999999,valid,,,,,False,ok,False,,Hubbell Incorporated,Industrials,Electrical Equipment & Parts,general_dcf,27646829760.000004,0.807,0.1630342726923971,0.2157911849580883,0.0864401305372598,0.0765941421551373,0.13879854972726194,0.20773502776804922,0.038659372864209285,1.5163800163800163,0.005436617215954517,-0.004867878368850498,,8.0,2025.0,ttm,2026-04-30,2026-06-30,True,,,,0.29283077413929265,0.06186745665513285,0.5,0.41283077413929264,-0.41283077413929264,robust_return<=0; median_irr<=hurdle,False
223,CMG,34.0,-0.17157086806255387,-0.16148305195383722,-0.29515875848010176,-0.0681586098624393,0.0,0.12,0.75,0.29515875848010176,0.41515875848010175,0.29515875848010176,0.41515875848010175,4.227435866599774,9.889217046127674,15.890437074747117,4.227435866599774,15.890437074747117,False,,-0.709140675113892,0.7294,0.95,0.12311807430883123,0.8417,-0.2814830519538372,0.69293,valid,,,,,False,ok,False,,"Chipotle Mexican Grill, Inc.",Consumer Cyclical,Restaurants,general_dcf,43612956000.0,0.8417,0.21575282868818774,0.13387818191996204,0.09059210574391847,0.12516072294426928,0.12052278617695131,0.15786372222803471,0.13665429055320644,1.9126390606226489,0.011643248325747205,-0.024654596262011608,,8.0,2025.0,ttm,2026-04-29,2026-06-30,True,,,,0.29515875848010176,0.061559037154415616,0.375,0.41515875848010175,-0.41515875848010175,robust_return<=0; median_irr<=hurdle,False
238,ECL,278.61,-0.17234237552038392,-0.15498586667526976,-0.3125896513345652,-0.06680811739643103,0.0,0.12,0.75,0.3125896513345652,0.4325896513345652,0.3125896513345652,0.4325896513345652,33.90035926900621,83.2198525691755,132.05674420519367,33.90035926900621,132.05674420519367,False,,-0.7013034256876081,0.7519,1.0,0.13033376696906707,0.7762,-0.27498586667526975,0.7519,valid,,,,,False,ok,False,,Ecolab Inc.,Basic Materials,Chemicals - Specialty,general_dcf,78411441180.0,0.7762,0.12640814610997408,0.3991607246694041,0.08609522842048946,0.040312917689484626,0.14301889947341256,0.17494210535912913,0.013225117332945624,2.4447146291016826,0.008494390965848319,-0.003384318101478545,,8.0,2025.0,ttm,2026-05-07,2026-06-30,True,,,,0.3125896513345652,0.06516688348453353,0.375,0.4325896513345652,-0.4325896513345652,robust_return<=0; median_irr<=hurdle,False
191,WSM,233.1,-0.17503121491972704,-0.1755784178574686,-0.22806027244951105,-0.12090775151445991,0.0,0.12,1.0,0.22806027244951105,0.34806027244951104,0.22806027244951105,0.34806027244951104,47.024693919308106,61.18804017867846,74.34463100992907,47.024693919308106,74.34463100992907,False,,-0.7375030451365145,0.7133,0.95,0.06367726046752556,0.9245,-0.29557841785746863,0.677635,valid,,,,,False,ok,False,,"Williams-Sonoma, Inc.",Consumer Cyclical,Specialty Retail,general_dcf,27446735024.457592,0.9245,0.3966256074794315,-0.06734620042273971,0.11750890244280517,0.27911670503662633,0.16663394849440455,0.1797346386948043,0.0467045849233334,0.47794949520752267,0.012835696522912865,-0.046260428596221814,incremental_roic_below_wacc,8.0,2025.0,ttm,2026-05-22,2026-06-30,True,,,,0.22806027244951105,0.03183863023376278,0.5,0.34806027244951104,-0.34806027244951104,robust_return<=0; median_irr<=hurdle,False
188,CSCO,117.46,-0.1757226101646665,-0.17325083236210043,-0.22014203628059476,-0.1362467396538704,0.0,0.12,1.0,0.22014203628059476,0.34014203628059475,0.22014203628059476,0.34014203628059475,22.961642999173584,27.70961656328239,34.61123991946374,22.961642999173584,34.61123991946374,False,,-0.7640931673481833,0.76932,1.0,0.048868048313362174,0.8715,-0.2932508323621004,0.76932,valid,,,reinvestment_cap_hit,,False,ok,False,,"Cisco Systems, Inc.",Technology,Communication Equipment,general_dcf,462960915751.25134,0.8715,0.18079819819324663,-0.02843197082884546,0.09204852445956004,0.0887496737336866,0.2606543314348322,0.23361208968491753,0.019972575142745974,0.8770261379269095,0.0571343605375165,-0.016574072843876686,heavy_sbc;incremental_roic_below_wacc,8.0,2025.0,ttm,2026-05-19,2026-06-30,True,,,,0.22014203628059476,0.024434024156681087,0.5,0.34014203628059475,-0.34014203628059475,robust_return<=0; median_irr<=hurdle,False
254,TPR,146.38,-0.17631258679684828,-0.16217434301215683,-0.3481337791279656,-0.03276788203511383,0.0,0.12,0.75,0.3481337791279656,0.4681337791279656,0.3481337791279656,0.4681337791279656,12.067931650732639,40.91456910786518,75.96704517065194,12.067931650732639,75.96704517065194,False,,-0.7204907152079165,0.58338,1.0,0.1701815485464259,0.7294,-0.2821743430121568,0.58338,valid,,,share_change_floor_hit,,False,ok,False,,"Tapestry, Inc.",Consumer Cyclical,Luxury Goods,general_dcf,29575347100.0,0.7294,0.20571353778161833,,0.10912042664221153,0.0965931111394068,0.15222930660687622,0.1131859173587405,0.02544414133287609,2.678614994839073,0.012452394197441055,-0.08296010729535341,,8.0,2025.0,ttm,2026-05-07,2026-06-30,True,,,,0.3481337791279656,0.08509077427321295,0.375,0.4681337791279656,-0.4681337791279656,robust_return<=0; median_irr<=hurdle,False
253,C,139.96,-0.17695353169111563,-0.14572631294489224,-0.3414145802804709,-0.07494692059420716,0.0,0.12,1.0,0.3414145802804709,0.4614145802804709,0.3414145802804709,0.4614145802804709,17.34061485699267,63.6779512253567,94.80630046237717,17.34061485699267,94.80630046237717,False,,-0.5450274991043391,0.6,0.8,0.15123382984313186,0.27231741165201934,-0.26572631294489224,0.48,valid,,,specialist_model_v1,,False,specialist,False,,Citigroup Inc.,Financial Services,Banks - Diversified,bank,240018803600.0,,,,,,,,,,,,,,,,,2026-06-30,True,1714910000.0,1.115,Justified P/B residual-income proxy; no regulatory-capital or reserve-detail model,0.3414145802804709,0.07561691492156593,0.5,0.4614145802804709,-0.4614145802804709,robust_return<=0; median_irr<=hurdle,False
298,AIG,74.53,-0.17703712678314165,0.027099401499253162,-0.95,0.18765268986892703,0.25,0.12,0.25,0.95,1.0699999999999998,0.95,1.0699999999999998,0.0,85.19095798733868,176.10772416315112,0.0,176.10772416315112,False,,0.1430425062033902,0.6,0.8,0.5868263449344635,0.0,-0.09290059850074683,0.48,valid,,,specialist_model_v1,,False,specialist,False,,"American International Group, Inc.",Financial Services,Insurance - Diversified,insurance,39516269650.75049,,,,,,,,,,,,,,,,,2026-06-30,True,530206220.9949079,0.541,Justified P/B residual-income proxy; no regulatory-capital or reserve-detail model,0.95,0.29341317246723175,0.125,1.0699999999999998,-1.0699999999999998,robust_return<=0; median_irr<=hurdle,False
216,SHW,344.32,-0.17710928457890984,-0.16476974427059754,-0.2814021965605206,-0.09749545321392357,0.0,0.12,1.0,0.2814021965605206,0.4014021965605206,0.2814021965605206,0.4014021965605206,46.91005998821577,90.67967772246247,130.40946932977846,46.91005998821577,130.40946932977846,False,,-0.736641270555116,0.8556,1.0,0.09628537167329854,0.837,-0.28476974427059754,0.8556,valid,,,,,False,ok,False,,The Sherwin-Williams Company,Basic Materials,Chemicals - Specialty,general_dcf,84921707520.0,0.837,0.16762051245448076,0.17270819297715267,0.09350581822642408,0.07411469422805668,0.145467137345766,0.1613252282175012,0.04319057856107422,2.973094956399807,0.005238755763691817,-0.017756777877273366,,8.0,2025.0,ttm,2026-04-28,2026-06-30,True,,,,0.2814021965605206,0.04814268583664927,0.5,0.4014021965605206,-0.4014021965605206,robust_return<=0; median_irr<=hurdle,False
264,RTX,189.73,-0.17772662305578704,-0.15449741043848914,-0.36911673461727335,-0.032794936728896544,0.0,0.12,0.75,0.36911673461727335,0.48911673461727334,0.36911673461727335,0.48911673461727334,17.178094469426387,56.2444136272676,112.70070555906482,17.178094469426387,112.70070555906482,False,,-0.7035555071561292,0.55935,1.0,0.1813803989441884,0.4493,-0.27449741043848913,0.55935,valid,,,reinvestment_cap_hit,,False,ok,False,,RTX Corporation,Industrials,Aerospace & Defense,general_dcf,255505596400.0,0.4493,0.08096890432951227,,0.06698560705613461,0.01398329727337766,0.0815182999861138,0.10866077257587996,0.1432943634046051,2.259056059646902,0.006166569936157864,-0.027987325139707364,,8.0,2025.0,ttm,2026-04-21,2026-06-30,True,,,,0.36911673461727335,0.0906901994720942,0.375,0.48911673461727334,-0.48911673461727334,robust_return<=0; median_irr<=hurdle,False
299,T,20.7,-0.17825616672635075,0.026888840412721063,-0.95,0.18319765226915483,0.25,0.12,0.25,0.95,1.0699999999999998,0.95,1.0699999999999998,-2.843809105089393,17.179513565670636,35.086679410255485,-2.843809105089393,35.086679410255485,False,,-0.17007180842170844,0.6327,1.0,0.5776178261345774,0.524,-0.09311115958727893,0.6327,valid,,,,,False,ok,True,bear,AT&T Inc.,Communication Services,Telecommunications Services,general_dcf,143830638000.0,0.524,0.07543117481009164,,0.06905047201349696,0.006380702796594681,0.17997454287874726,0.19353028578654527,-0.042875319057744776,3.3701964606082084,0.0,-0.02523493375363184,elevated_leverage;thin_interest_coverage,8.0,2025.0,ttm,2026-04-27,2026-06-30,True,,,,0.95,0.2888089130672887,0.125,1.0699999999999998,-1.0699999999999998,robust_return<=0; median_irr<=hurdle,False
195,IDXX,526.44,-0.1783128354258224,-0.17458504226669902,-0.23757944665849207,-0.1265018105113995,0.0,0.12,1.0,0.23757944665849207,0.35757944665849206,0.23757944665849207,0.35757944665849206,93.7931686326884,137.4139814981281,173.46691666495323,93.7931686326884,173.46691666495323,False,,-0.738975037044814,0.8727,1.0,0.05935781807354628,0.9662,-0.294585042266699,0.8727,valid,,,,,False,ok,False,,"IDEXX Laboratories, Inc.",Healthcare,Medical - Diagnostics & Research,general_dcf,41527166520.00001,0.9662,0.46257641645358455,0.37422638754222093,0.12004328832791106,0.3425331281256735,0.27820512448371637,0.3162512272004984,0.09966155300662871,0.6247638812944276,0.01547015731093541,-0.01571045899589718,,8.0,2025.0,ttm,2026-05-05,2026-06-30,True,,,,0.23757944665849207,0.02967890903677314,0.5,0.35757944665849206,-0.35757944665849206,robust_return<=0; median_irr<=hurdle,False
205,WELL,226.97,-0.18127692684688892,-0.15634520158140275,-0.25607210264334745,-0.15634520158140275,0.0,0.12,1.0,0.25607210264334745,0.37607210264334745,0.25607210264334745,0.37607210264334745,51.71573282358934,97.00460744722065,97.00460744722065,51.71573282358934,97.00460744722065,False,,-0.5726104443440955,0.6,0.8,0.06786345053097234,0.5331265615576808,-0.27634520158140274,0.48,valid,,,specialist_model_v1,,False,specialist,False,,Welltower Inc.,Real Estate,REIT - Healthcare Facilities,reit,160221300580.0,,,,,,,,,,,,,,,,,2026-06-30,True,705914000.0,0.78,P/AFFO Gordon proxy; no property-level NOI or maintenance-capex detail,0.25607210264334745,0.03393172526548617,0.5,0.37607210264334745,-0.37607210264334745,robust_return<=0; median_irr<=hurdle,False
220,CBRE,134.69,-0.18433668459911132,-0.1745787003193982,-0.2904229826759547,-0.09776635508169418,0.0,0.12,1.0,0.2904229826759547,0.4104229826759547,0.2904229826759547,0.4104229826759547,7.519664137207436,25.18334064429549,43.936393020095046,7.519664137207436,43.936393020095046,False,,-0.8130273914596815,0.615357,1.0,0.10786760379713024,0.6907,-0.2945787003193982,0.615357,valid,,,forward_roic_floor_hit;reinvestment_cap_hit,,False,ok,False,,"CBRE Group, Inc.",Real Estate,Real Estate - Services,general_dcf,39439521730.0,0.6907,0.08585613162797563,-0.04102788275435944,0.09614215087023123,-0.010286019242255598,0.04487385041355632,0.037564920435411576,0.09604354201767173,2.6547066272688897,0.0,-0.03226693695322658,incremental_roic_below_wacc,8.0,2025.0,ttm,2026-04-23,2026-06-30,True,,,,0.2904229826759547,0.05393380189856512,0.5,0.4104229826759547,-0.4104229826759547,robust_return<=0; median_irr<=hurdle,False
242,NOW,99.28,-0.18679690983553882,-0.16636389708728525,-0.3231013867014554,-0.09135845846612933,0.0,0.12,1.0,0.3231013867014554,0.4431013867014554,0.3231013867014554,0.4431013867014554,10.266411900384265,26.93728251175452,40.722291256675476,10.266411900384265,40.722291256675476,False,,-0.7286736249823276,0.61767,1.0,0.12734136411766303,0.3603,-0.28636389708728527,0.61767,valid,,,reinvestment_cap_hit,,False,ok,False,,"ServiceNow, Inc.",Technology,Software - Application,general_dcf,102388258240.0,0.3603,0.17134313197529602,0.17653142927074073,0.09017315167262334,0.08116998030267268,0.04650028597992858,0.13438395415472779,0.26169854473332754,-1.0143805309734513,0.15895848506919155,0.007222139677373729,heavy_sbc;peak_cycle_margins,8.0,2025.0,ttm,2026-04-23,2026-06-30,True,,,,0.3231013867014554,0.06367068205883152,0.5,0.4431013867014554,-0.4431013867014554,robust_return<=0; median_irr<=hurdle,False
235,TMO,501.36,-0.18689722900471675,-0.18026088840415466,-0.3073516300850314,-0.07971550912552625,0.0,0.12,1.0,0.3073516300850314,0.4273516300850314,0.3073516300850314,0.4273516300850314,60.800315720313556,96.5402429074386,198.60140250158616,60.800315720313556,198.60140250158616,False,,-0.807443268494817,0.549747,1.0,0.12732565047975258,0.6345,-0.30026088840415466,0.549747,valid,,,forward_roic_floor_hit;reinvestment_cap_hit,,False,ok,False,,Thermo Fisher Scientific Inc.,Healthcare,Medical - Diagnostics & Research,general_dcf,186315904560.0,0.6345,0.07863792258696717,-0.1729233713142559,0.08197723692338446,-0.003339314336417293,0.18034227974651323,0.17755603248003185,0.09010006871566945,3.6826319675156887,0.006957536583176228,-0.018091838162383578,elevated_leverage;incremental_roic_below_wacc,8.0,2025.0,ttm,2026-05-01,2026-06-30,True,,,,0.3073516300850314,0.06366282523987629,0.5,0.4273516300850314,-0.4273516300850314,robust_return<=0; median_irr<=hurdle,False
243,URI,1132.89,-0.1884330012278042,-0.16982063377290613,-0.32365898913376445,-0.09043174823164007,0.0,0.12,1.0,0.32365898913376445,0.44365898913376445,0.32365898913376445,0.44365898913376445,90.59612968980944,223.86760584293802,347.1823809762206,90.59612968980944,347.1823809762206,False,,-0.8023924601303409,0.7429,1.0,0.12432662045106219,0.5709,-0.2898206337729061,0.7429,valid,,,,,False,ok,False,,"United Rentals, Inc.",Industrials,Rental & Leasing Services,general_dcf,70971706674.0,0.5709,0.1276037586296446,0.14640983758377604,0.11994695630556133,0.0076568023240832644,0.24881215862584077,0.2467461044912924,0.10413850897536503,2.0671766342141864,0.007298794395568589,-0.03590169898188733,,8.0,2025.0,ttm,2026-04-22,2026-06-30,True,,,,0.32365898913376445,0.06216331022553109,0.5,0.44365898913376445,-0.44365898913376445,robust_return<=0; median_irr<=hurdle,False
278,BALL,62.4,-0.1906923759481287,-0.13687412735307586,-0.46376531249261455,-0.0252559365937486,0.0,0.12,0.75,0.46376531249261455,0.5837653124926145,0.46376531249261455,0.5837653124926145,2.4806974124630417,17.37958721818912,32.46674079760996,2.4806974124630417,32.46674079760996,False,,-0.7214809740674821,0.533223,1.0,0.23325799794943297,0.6476,-0.25687412735307585,0.533223,valid,,,share_change_floor_hit;reinvestment_cap_hit,,False,ok,False,,Ball Corporation,Consumer Cyclical,Packaging & Containers,general_dcf,16613782286.147367,0.6476,0.07962489247493586,,0.08684393209609183,-0.00721903962115597,0.08794729929249331,0.09168865435356201,0.017786620061432057,3.7603613177470776,0.0,-0.0580970780100033,elevated_leverage;thin_interest_coverage,8.0,2025.0,ttm,2026-05-05,2026-06-30,True,,,,0.46376531249261455,0.11662899897471649,0.375,0.5837653124926145,-0.5837653124926145,robust_return<=0; median_irr<=hurdle,False
234,DHR,190.48,-0.19185178847910714,-0.18730138565588272,-0.3068743650452233,-0.08593001755943984,0.0,0.12,1.0,0.3068743650452233,0.4268743650452233,0.3068743650452233,0.4268743650452233,25.55317816884163,39.52202512716445,76.58370774531146,25.55317816884163,76.58370774531146,False,,-0.7925135178120304,0.491832,1.0,0.12571721374289171,0.4746,-0.3073013856558827,0.491832,valid,,,forward_roic_floor_hit;reinvestment_cap_hit,,False,ok,False,,Danaher Corporation,Healthcare,Medical - Diagnostics & Research,general_dcf,134816149031.08777,0.4746,0.06604086454626092,-5.032108954031949,0.08209885884168135,-0.01605799429542043,0.2131120096631041,0.20954072160787796,0.053583813771420186,1.6877475574333245,0.012129599478997069,-0.011852493859673685,cyclical_revenue;incremental_roic_below_wacc,8.0,2025.0,ttm,2026-04-21,2026-06-30,True,,,,0.3068743650452233,0.06285860687144586,0.5,0.4268743650452233,-0.4268743650452233,robust_return<=0; median_irr<=hurdle,False
291,DLTR,120.95,-0.1948497724817571,-0.08808209586422888,-0.7008933622375481,0.09765846403897743,0.0,0.12,0.75,0.7008933622375481,0.820893362237548,0.7008933622375481,0.820893362237548,-1.7437279250873645,55.68487091294463,133.2459853251917,-1.7437279250873645,133.2459853251917,False,,-0.5396042090703214,0.48933,1.0,0.4145960131382627,0.6604,-0.20808209586422888,0.48933,valid,,,base_growth_floor_hit,,False,ok,False,,"Dollar Tree, Inc.",Consumer Defensive,Discount Stores,general_dcf,23243566250.0,0.6604,0.12719708134444005,,0.06980793303379973,0.05738914831064032,0.07816983415618828,0.08544706019374212,-0.022863270003800173,2.6073874658537552,0.005762435120462902,-0.04140513713567551,cyclical_revenue,8.0,2025.0,ttm,2026-05-28,2026-06-30,True,,,,0.7008933622375481,0.20729800656913136,0.375,0.820893362237548,-0.820893362237548,robust_return<=0; median_irr<=hurdle,False
236,JBL,385.48,-0.1953957696965517,-0.188476640949375,-0.30754048415255963,-0.09708931273489721,0.0,0.12,1.0,0.30754048415255963,0.42754048415255963,0.30754048415255963,0.42754048415255963,42.900660523949504,96.11613580533711,152.8528948901083,42.900660523949504,152.8528948901083,False,,-0.7506585664487467,0.6168600000000001,1.0,0.11671978570883121,0.8832,-0.308476640949375,0.6168600000000001,valid,,,share_change_floor_hit,,False,ok,False,,Jabil Inc.,Technology,"Hardware, Equipment & Parts",general_dcf,40669150728.06704,0.8832,0.260780816077851,,0.10323295592924664,0.15754786014860434,0.037843518287798666,0.0432271509377791,0.0436702842341532,1.1782224290367613,0.0030813973617698992,-0.09650142586031651,thin_interest_coverage,8.0,2025.0,ttm,2026-06-30,2026-06-30,True,,,,0.30754048415255963,0.058359892854415604,0.5,0.42754048415255963,-0.42754048415255963,robust_return<=0; median_irr<=hurdle,False
211,CSX,47.53,-0.19783794877585015,-0.20143778941128396,-0.2662912604399025,-0.12218495584093028,0.0,0.12,1.0,0.2662912604399025,0.3862912604399025,0.2662912604399025,0.3862912604399025,6.392771900155824,6.392771900155824,12.523156781475924,7.045678909218777,12.523156781475924,True,"growth destroys value: forward ROIC 2.0% at/below WACC 9.5%, so higher-growth scenarios reinvest below the cost of capital and are worth less than the bear case",-0.8655002756121224,0.6177870000000001,1.0,0.08351954229948609,0.7597,-0.321437789411284,0.6177870000000001,valid,,,forward_roic_floor_hit;reinvestment_cap_hit,,False,ok,False,,CSX Corporation,Industrials,Railroads,general_dcf,88317394200.0,0.7597,0.11386407878473057,-0.12815277880637105,0.09509632876433426,0.01876775002039631,0.3882619842609072,0.33446399547735145,0.02021319242870323,2.8467905669217553,0.0,-0.04547420374920552,incremental_roic_below_wacc,8.0,2025.0,ttm,2026-04-22,2026-06-30,True,,,,0.2662912604399025,0.041759771149743045,0.5,0.3862912604399025,-0.3862912604399025,robust_return<=0; median_irr<=hurdle,False
240,BNY,144.61,-0.20000700835586038,-0.17983023743821058,-0.31587651466515043,-0.12449104388186993,0.0,0.12,1.0,0.31587651466515043,0.4358765146651504,0.31587651466515043,0.4358765146651504,21.670594424601514,53.66820821694738,74.3877275296235,21.670594424601514,74.3877275296235,False,,-0.628876231125459,0.6,0.8,0.11369273539164024,0.40378829747773026,-0.2998302374382106,0.48,valid,,,specialist_model_v1,,False,specialist,False,,Bank of New York Mellon Corp,Financial Services,Investment - Banking & Investment Services,bank,99257267190.00002,,,,,,,,,,,,,,,,,2026-06-30,True,686379000.0,1.065,Justified P/B residual-income proxy; no regulatory-capital or reserve-detail model,0.31587651466515043,0.05684636769582012,0.5,0.4358765146651504,-0.4358765146651504,robust_return<=0; median_irr<=hurdle,False
300,HAS,82.59,-0.2004078282188857,-0.03432315585669128,-0.95,0.21701499883783987,0.25,0.12,0.25,0.95,1.0699999999999998,0.95,1.0699999999999998,-7.5289900627082496,52.08468254645289,156.82150828129974,-7.5289900627082496,156.82150828129974,False,,-0.36935848714792485,0.52002,0.85,0.6024068994189199,0.7,-0.15432315585669126,0.442017,valid,,,wacc_floor_hit,,False,ok,True,bear,"Hasbro, Inc.",Consumer Cyclical,Leisure,general_dcf,11685741690.0,0.7,0.2716024684617174,,0.065,0.20660246846171737,0.10535031530997216,0.22504413672813903,0.00375236020630787,2.0492150004067353,0.0,0.0031100678704076845,peak_cycle_margins,8.0,2025.0,annual,2026-02-25,2026-06-30,True,,,,0.95,0.30120344970945995,0.125,1.0699999999999998,-1.0699999999999998,robust_return<=0; median_irr<=hurdle,False
282,MAR,370.59,-0.20407155851935385,-0.1520879467949271,-0.5091103130500415,-0.00300002743751972,0.0,0.12,0.75,0.5091103130500415,0.6291103130500415,0.5091103130500415,0.6291103130500415,9.02991932358928,106.72049108414328,231.59682499431867,9.02991932358928,231.59682499431867,False,,-0.7120254429851229,0.38296800000000003,1.0,0.2715661028062609,0.891,-0.2720879467949271,0.38296800000000003,valid,,,forward_roic_cap_hit;share_change_floor_hit,,False,ok,False,,"Marriott International, Inc.",Consumer Cyclical,Travel Lodging,general_dcf,97720366797.20778,0.891,0.2635376211998751,1.12170246356831,0.0921212933692005,0.17141632783067462,0.13818482151354172,0.16017609210971892,0.033741498293627714,3.4723473986071283,0.009012449400442985,-0.06139649755319576,elevated_leverage;cyclical_revenue,8.0,2025.0,ttm,2026-05-06,2026-06-30,True,,,,0.5091103130500415,0.13578305140313046,0.375,0.6291103130500415,-0.6291103130500415,robust_return<=0; median_irr<=hurdle,False
301,NRG,146.06,-0.20454549606947686,-0.08012455176212824,-0.95,0.2920671192463488,0.25,0.12,0.75,0.95,1.0699999999999998,0.95,1.0699999999999998,-64.94323792587592,44.759861387757816,356.99860694312963,-64.94323792587592,356.99860694312963,False,,-0.6935515446545405,0.35802,1.0,0.6402929596231745,0.5741,-0.20012455176212823,0.35802,valid,,,reinvestment_cap_hit,,False,ok,True,bear,"NRG Energy, Inc.",Utilities,Independent Power Producers,general_dcf,30816683808.199997,0.5741,0.030341420498202175,,0.08847642517608555,-0.05813500467788337,0.09488985175466122,0.030004934007647713,0.18287155276652345,8.986995515695067,0.0036260220405261285,-0.041224096277523326,elevated_leverage;thin_interest_coverage;cyclical_revenue,8.0,2025.0,ttm,2026-05-06,2026-06-30,True,,,,0.95,0.3201464798115872,0.375,1.0699999999999998,-1.0699999999999998,robust_return<=0; median_irr<=hurdle,False
267,FTV,61.09,-0.2047861591767287,-0.17562394994311042,-0.37597134825773537,-0.09192538856295863,0.0,0.12,1.0,0.37597134825773537,0.49597134825773537,0.37597134825773537,0.49597134825773537,4.807888144802083,16.068688049394602,22.90996807683732,4.807888144802083,22.90996807683732,False,,-0.7369669659617842,0.5740200000000001,1.0,0.15480237984738837,0.5398,-0.2956239499431104,0.5740200000000001,valid,,,reinvestment_cap_hit,,False,ok,False,,Fortive Corporation,Industrials,Industrial - Machinery,general_dcf,18623959773.087704,0.5398,0.07854780003766418,,0.08751024676094137,-0.008962446723277187,0.17465117318383777,0.177297479880387,-0.03190008590079263,2.4938310912998487,0.018680032314972055,-0.0464720994483494,,8.0,2025.0,ttm,2026-04-30,2026-06-30,True,,,,0.37597134825773537,0.07740118992369419,0.5,0.49597134825773537,-0.49597134825773537,robust_return<=0; median_irr<=hurdle,False
249,ZBRA,263.26,-0.20865774882404364,-0.20327348124119446,-0.33404084664944106,-0.09404318616434465,0.0,0.12,1.0,0.33404084664944106,0.45404084664944105,0.33404084664944106,0.45404084664944105,25.310112907369543,28.0504198215128,74.15592071940729,25.310112907369543,74.15592071940729,False,,-0.8934497461767348,0.524151,1.0,0.13427430024254822,0.5296,-0.3232734812411945,0.524151,valid,,,forward_roic_floor_hit;reinvestment_cap_hit,,False,ok,False,,Zebra Technologies Corporation,Technology,Communication Equipment,general_dcf,12539968883.999998,0.5296,0.11102056464296949,-0.061870115414357205,0.11622294341553427,-0.0052023787725647835,0.14730794126744565,0.14382948235715565,0.03581159084964791,2.7268195413758725,0.0178678980124473,-0.012240574462547227,thin_interest_coverage;incremental_roic_below_wacc,8.0,2025.0,ttm,2026-05-12,2026-06-30,True,,,,0.33404084664944106,0.06713715012127411,0.5,0.45404084664944105,-0.45404084664944105,robust_return<=0; median_irr<=hurdle,False
302,LYV,183.11,-0.2097753141788416,-0.2037085190619109,-0.95,0.5183157814084554,0.25,0.12,0.75,0.95,1.0699999999999998,0.95,1.0699999999999998,-16.802093832560093,42.08803812906189,919.7986431622248,-16.802093832560093,919.7986431622248,False,,-0.7701488824801382,0.4202,1.0,0.7515518907042277,0.5312,-0.3237085190619109,0.4202,valid,,,,,False,ok,True,bear,"Live Nation Entertainment, Inc.",Communication Services,Entertainment,general_dcf,42612040624.8701,0.5312,0.742449845013421,0.38241129362642984,0.08954743179546742,0.6529024132179536,0.031868649483831786,0.05452177346853182,0.12886419341228894,0.717585798478136,0.005102410566569146,0.0012136706823184795,thin_interest_coverage;cyclical_revenue;peak_cycle_margins,8.0,2025.0,ttm,2026-05-05,2026-06-30,True,,,,0.95,0.37577594535211384,0.375,1.0699999999999998,-1.0699999999999998,robust_return<=0; median_irr<=hurdle,False
202,ODFL,216.6,-0.21126355127271376,-0.21257897423056415,-0.25130058358190577,-0.16859567304782097,0.0,0.12,1.0,0.25130058358190577,0.37130058358190576,0.25130058358190577,0.37130058358190576,39.31234574229809,46.29133692836995,53.778658964753674,39.31234574229809,53.778658964753674,False,,-0.7862819163048479,0.64476,1.0,0.0520096552670424,0.9407,-0.33257897423056415,0.64476,valid,,,reinvestment_cap_hit,,False,ok,False,,"Old Dominion Freight Line, Inc.",Industrials,Trucking,general_dcf,45045930098.118004,0.9407,0.2413165278436665,-0.017990229634820724,0.10374757092804043,0.13756895691562607,0.2561866213225866,0.2456516196998402,0.044823000248298994,-0.145232918509256,0.0019517404695940195,-0.025461443284672147,incremental_roic_below_wacc,8.0,2025.0,ttm,2026-05-06,2026-06-30,True,,,,0.25130058358190577,0.0260048276335212,0.5,0.37130058358190576,-0.37130058358190576,robust_return<=0; median_irr<=hurdle,False
217,WAT,375.04,-0.21296396568432097,-0.20572074492374665,-0.2829335187925608,-0.15748085409722984,0.0,0.12,1.0,0.2829335187925608,0.4029335187925608,0.2829335187925608,0.4029335187925608,45.86429279882367,91.36038356504135,130.3836665603802,45.86429279882367,130.3836665603802,False,,-0.7563982946751244,0.6143283,0.85,0.07879648334766548,0.7389,-0.32572074492374664,0.5221790550000001,valid,,,base_growth_cap_hit;share_change_cap_hit;reinvestment_cap_hit,,False,ok,False,,Waters Corporation,Healthcare,Medical - Diagnostics & Research,general_dcf,24446466719.752045,0.7389,0.027036962477932854,0.029667878242803907,0.09493950579940233,-0.06790254332146947,0.28803615176012815,0.17077049929440583,0.03910304855053126,5.068606788043327,0.015112627252621108,0.10833137896728617,elevated_leverage;ongoing_dilution;incremental_roic_below_wacc,8.0,2025.0,ttm,2026-05-12,2026-06-30,True,,,,0.2829335187925608,0.03939824167383274,0.5,0.4029335187925608,-0.4029335187925608,robust_return<=0; median_irr<=hurdle,False
231,SBUX,102.19,-0.21337665532482786,-0.21242037892807272,-0.30561569726560267,-0.12305016617756331,0.0,0.12,1.0,0.30561569726560267,0.42561569726560267,0.30561569726560267,0.42561569726560267,11.410354938639154,14.566675172695756,29.629816899304792,11.410354938639154,29.629816899304792,False,,-0.857454984120797,0.5696730000000001,0.85,0.10869257554401968,0.8664,-0.33242037892807275,0.48422205000000007,valid,,,forward_roic_floor_hit;reinvestment_cap_hit,,False,ok,False,,Starbucks Corporation,Consumer Cyclical,Restaurants,general_dcf,116465943000.0,0.8664,0.19546857847923407,-0.297353315146048,0.08549747078976849,0.10997110768946558,0.1516728793480779,0.09283008665042675,0.060062777447075,2.8402573506402473,0.008522177564254952,-0.0044217674909690086,incremental_roic_below_wacc,8.0,2025.0,ttm,2026-04-28,2026-06-30,True,,,,0.30561569726560267,0.05434628777200984,0.5,0.42561569726560267,-0.42561569726560267,robust_return<=0; median_irr<=hurdle,False
270,VMC,295.01,-0.2143443961133016,-0.18688661867927292,-0.3994284995205817,-0.0841758475740789,0.0,0.12,1.0,0.3994284995205817,0.5194284995205817,0.3994284995205817,0.5194284995205817,20.26907095571918,70.39944303597197,117.76316367724097,20.26907095571918,117.76316367724097,False,,-0.7613659095082472,0.6619,1.0,0.16776932597325137,0.3305,-0.3068866186792729,0.6619,valid,,,,,False,ok,False,,Vulcan Materials Company,Basic Materials,Construction Materials,general_dcf,38279022550.0,0.3305,0.09769614388186953,0.1569505195752272,0.09416718310284554,0.0035289607790239957,0.18273980107251592,0.20621795110564806,0.0884530894949942,2.0664354656750095,0.007954316256555063,-0.004166104781237356,thin_interest_coverage,8.0,2025.0,ttm,2026-04-29,2026-06-30,True,,,,0.3994284995205817,0.08388466298662568,0.5,0.5194284995205817,-0.5194284995205817,robust_return<=0; median_irr<=hurdle,False
272,MLM,576.7,-0.21553182324369113,-0.18606925039202898,-0.40823257416122943,-0.08175621802947713,0.0,0.12,1.0,0.40823257416122943,0.5282325741612295,0.40823257416122943,0.5282325741612295,33.36598277047925,128.6790114044015,226.60219493509294,33.36598277047925,226.60219493509294,False,,-0.7768701033389951,0.6507,1.0,0.17371717806587614,0.4157,-0.306069250392029,0.6507,valid,,,,,False,ok,False,,"Martin Marietta Materials, Inc.",Basic Materials,Construction Materials,general_dcf,34628470530.0,0.4157,0.07207327114833631,0.12745319670657848,0.09262589202168936,-0.02055262087335305,0.20423619418469918,0.22737677399664277,0.06380605907772896,2.5303738317757007,0.007377895824110963,-0.01132783532441528,,8.0,2025.0,ttm,2026-04-30,2026-06-30,True,,,,0.40823257416122943,0.08685858903293807,0.5,0.5282325741612295,-0.5282325741612295,robust_return<=0; median_irr<=hurdle,False
252,TRMB,51.18,-0.2186324447073275,-0.19606277876882813,-0.34077805763809016,-0.14162616365356367,0.0,0.12,1.0,0.34077805763809016,0.46077805763809015,0.34077805763809016,0.46077805763809015,5.299949927931351,12.2610100977935,12.507014973760981,5.299949927931351,12.507014973760981,False,,-0.7604335658891461,0.6400800000000001,1.0,0.11037354699226323,0.2532,-0.31606277876882816,0.6400800000000001,valid,,,reinvestment_cap_hit,,False,ok,False,,Trimble Inc.,Technology,"Hardware, Equipment & Parts",general_dcf,11930647542.400534,0.2532,0.08334873016012517,0.021094141713031075,0.10691361345575023,-0.02356488329562506,0.12922263775761822,0.17818586231215755,0.020681196117285916,1.3828015016424213,0.04083851364536002,-0.018042740614959585,incremental_roic_below_wacc,8.0,2025.0,ttm,2026-05-06,2026-06-30,True,,,,0.34077805763809016,0.055186773496131616,0.5,0.46077805763809015,-0.46077805763809015,robust_return<=0; median_irr<=hurdle,False
284,WAB,269.6,-0.21876704139249334,-0.16085425518103874,-0.5526788366099934,-0.000680818597902516,0.0,0.12,0.75,0.5526788366099934,0.6726788366099934,0.5526788366099934,0.6726788366099934,5.431059855554303,74.40222061122087,173.6192619370696,5.431059855554303,173.6192619370696,False,,-0.7240273716201007,0.4611,1.0,0.29216600900604545,0.5122,-0.28085425518103874,0.4611,valid,,,,,False,ok,False,,Westinghouse Air Brake Technologies Corporation,Industrials,Railroads,general_dcf,45745012481.600006,0.5122,0.07956794814663004,0.3547289909129661,0.08574399907181865,-0.006176050925188609,0.11644795394000608,0.16103241505170765,0.143668657691588,3.158259149357072,0.006354096466737268,-0.02256974795321809,elevated_leverage;cyclical_revenue,8.0,2025.0,ttm,2026-04-22,2026-06-30,True,,,,0.5526788366099934,0.14608300450302272,0.375,0.6726788366099934,-0.6726788366099934,robust_return<=0; median_irr<=hurdle,False
232,PH,978.12,-0.22092735846781575,-0.21399068378377703,-0.306381730139401,-0.14934633616430798,0.0,0.12,1.0,0.306381730139401,0.426381730139401,0.306381730139401,0.426381730139401,119.86822101750738,201.97691865372192,283.03394666866393,119.86822101750738,283.03394666866393,False,,-0.7935049700918886,0.7866,1.0,0.08491969698754652,0.7902,-0.33399068378377705,0.7866,valid,,,,,False,ok,False,,Parker-Hannifin Corporation,Industrials,Industrial - Machinery,general_dcf,123327618808.58867,0.7902,0.14533454152170117,0.15501181968334055,0.09776087916812656,0.0475736623535746,0.16818159133227,0.2086778747718715,0.047938934794694577,1.7152416341472099,0.00778615492950538,-0.0060610466495389925,,8.0,2025.0,ttm,2026-04-30,2026-06-30,True,,,,0.306381730139401,0.04245984849377326,0.5,0.426381730139401,-0.426381730139401,robust_return<=0; median_irr<=hurdle,False
274,HPE,45.11,-0.22603486841835546,-0.19694151971489188,-0.4184309515054338,-0.09182548273820429,0.0,0.12,1.0,0.4184309515054338,0.5384309515054337,0.4184309515054338,0.5384309515054337,-2.062836838401949,6.493802800636312,15.569028343853391,-2.062836838401949,15.569028343853391,False,,-0.8560451607041385,0.569268,1.0,0.17622469438361477,0.254,-0.3169415197148919,0.569268,valid,,,forward_roic_floor_hit;reinvestment_cap_hit,,False,ok,False,,Hewlett Packard Enterprise Company,Technology,Computer Hardware,general_dcf,59734820832.14581,0.254,0.05594724336905397,-0.03986654875793874,0.10057172349992445,-0.04462448013087048,0.07724874801730915,0.06595159091493685,0.015120249641591421,2.71465033180194,0.014704366647198269,0.027000182898342162,incremental_roic_below_wacc,8.0,2025.0,ttm,2026-06-02,2026-06-30,True,,,,0.4184309515054338,0.08811234719180738,0.5,0.5384309515054337,-0.5384309515054337,robust_return<=0; median_irr<=hurdle,False
241,NSC,314.59,-0.22676210257268392,-0.2267317634890787,-0.3172300669757533,-0.13635481633682497,0.0,0.12,1.0,0.3172300669757533,0.4372300669757533,0.3172300669757533,0.4372300669757533,30.185781265311252,30.185781265311252,72.19885099901792,32.90251274791222,72.19885099901792,True,"growth destroys value: forward ROIC 2.0% at/below WACC 9.6%, so higher-growth scenarios reinvest below the cost of capital and are worth less than the bear case",-0.9040472320629669,0.604341,1.0,0.10230739531946416,0.7137,-0.3467317634890787,0.604341,valid,,,forward_roic_floor_hit;reinvestment_cap_hit,,False,ok,False,,Norfolk Southern Corporation,Industrials,Railroads,general_dcf,70655026774.59985,0.7137,0.09824994931150086,-0.0692751831503375,0.09643205385546177,0.0018178954560390814,0.3450790239831443,0.3239228559704555,0.008767797689063883,2.947998503554059,0.0,-0.015077809221265337,thin_interest_coverage;incremental_roic_below_wacc,8.0,2025.0,ttm,2026-04-24,2026-06-30,True,,,,0.3172300669757533,0.05115369765973208,0.5,0.4372300669757533,-0.4372300669757533,robust_return<=0; median_irr<=hurdle,False
245,ROK,495.08,-0.2277780410702689,-0.21886975392408198,-0.329409919588943,-0.1439627368439687,0.0,0.12,1.0,0.329409919588943,0.449409919588943,0.329409919588943,0.449409919588943,48.520765904394004,97.9073684495457,144.50353907234003,48.520765904394004,144.50353907234003,False,,-0.8022392977911738,0.6791400000000001,1.0,0.10234939137248714,0.8312,-0.338869753924082,0.6791400000000001,valid,,,forward_roic_cap_hit,,False,ok,False,,"Rockwell Automation, Inc.",Industrials,Industrial - Machinery,general_dcf,55089531920.0,0.8312,0.19645237799480172,0.804075570656804,0.1178578100183758,0.07859456797642593,0.17226625135061094,0.19082235347569287,0.03261237098756298,1.81187624750499,0.010189403020858308,-0.011850827048212609,,8.0,2025.0,ttm,2026-05-05,2026-06-30,True,,,,0.329409919588943,0.05117469568624357,0.5,0.449409919588943,-0.449409919588943,robust_return<=0; median_irr<=hurdle,False
258,ADI,397.17,-0.2283079560693295,-0.22231710346823086,-0.35637636683241003,-0.11222125050844622,0.0,0.12,1.0,0.35637636683241003,0.47637636683241,0.35637636683241003,0.47637636683241,35.92761069485326,68.13886452580512,130.6965480866499,35.92761069485326,130.6965480866499,False,,-0.8284390449283553,0.43299000000000004,1.0,0.1390878581619819,0.4907,-0.34231710346823085,0.43299000000000004,valid,,,reinvestment_cap_hit,,False,ok,False,,"Analog Devices, Inc.",Technology,Semiconductors,general_dcf,193456359676.59576,0.4907,0.09556764162858658,,0.10179620126088913,-0.006228559632302552,0.27015266265536875,0.32495151368586017,0.08501578301136647,0.8593589859528546,0.027867362344766295,-0.021297307348000838,cyclical_revenue,8.0,2025.0,ttm,2026-05-20,2026-06-30,True,,,,0.35637636683241003,0.06954392908099095,0.5,0.47637636683241,-0.47637636683241,robust_return<=0; median_irr<=hurdle,False
215,WST,359.0,-0.22859122551562897,-0.22931877581431756,-0.27962467194447516,-0.17610267848940564,0.0,0.12,1.0,0.27962467194447516,0.39962467194447515,0.27962467194447516,0.39962467194447515,49.73986725519263,57.35782258039435,80.71956034638245,49.73986725519263,80.71956034638245,False,,-0.8402289064612971,0.5709690000000001,1.0,0.06463192672753476,0.8464,-0.3493187758143176,0.5709690000000001,valid,,,forward_roic_floor_hit;reinvestment_cap_hit,,False,ok,False,,"West Pharmaceutical Services, Inc.",Healthcare,Medical - Instruments & Supplies,general_dcf,25362488400.0,0.8464,0.1978689502544038,-0.12951822220621453,0.10323029783180895,0.09463865242259484,0.20320865651832,0.2066823997019004,0.08665376290342741,-0.24399524375743162,0.007743110908676839,-0.015180921258852953,incremental_roic_below_wacc,8.0,2025.0,ttm,2026-04-23,2026-06-30,True,,,,0.27962467194447516,0.03231596336376738,0.5,0.39962467194447515,-0.39962467194447515,robust_return<=0; median_irr<=hurdle,False
219,TXN,298.07,-0.2296728712990443,-0.2298114484539837,-0.2892594377524801,-0.16980915053572965,0.0,0.12,1.0,0.2892594377524801,0.4092594377524801,0.2892594377524801,0.4092594377524801,34.48731079032016,42.552931858369,64.54145657730207,34.48731079032016,64.54145657730207,False,,-0.8572384612394102,0.560196,1.0,0.07291926360837522,0.9004,-0.3498114484539837,0.560196,valid,,,forward_roic_floor_hit;reinvestment_cap_hit,,False,ok,False,,Texas Instruments Incorporated,Technology,Semiconductors,general_dcf,271271420509.99997,0.9004,0.22154213793040595,-0.17168647586355487,0.10740012605979406,0.11414201187061189,0.41301948168070923,0.35291246339082327,0.016353768938195623,1.0350532161036556,0.023696414432756475,-0.004338449350777318,incremental_roic_below_wacc,8.0,2025.0,ttm,2026-04-24,2026-06-30,True,,,,0.2892594377524801,0.03645963180418761,0.5,0.4092594377524801,-0.4092594377524801,robust_return<=0; median_irr<=hurdle,False
268,DELL,431.46,-0.2300618125718756,-0.21613979506655592,-0.38581849997135576,-0.1021491601830348,0.0,0.12,1.0,0.38581849997135576,0.5058184999713558,0.38581849997135576,0.5058184999713558,31.73563466833859,95.86613008786689,169.14281941708848,31.73563466833859,169.14281941708848,False,,-0.7778099242389401,0.5747399999999999,1.0,0.1545924698941605,0.6976,-0.3361397950665559,0.5747399999999999,valid,,,forward_roic_cap_hit,,False,ok,False,,Dell Technologies Inc.,Technology,Computer Hardware,general_dcf,286597711867.0336,0.6976,0.4880433442665101,1.8342847668362352,0.10741569662479863,0.3806276476417114,0.05122543748972912,0.07979731645796331,0.03273164337374879,1.4250473002474167,0.008214132493433926,-0.0449276156905386,peak_cycle_margins,8.0,2026.0,ttm,2026-06-09,2026-06-30,True,,,,0.38581849997135576,0.07729623494708025,0.5,0.5058184999713558,-0.5058184999713558,robust_return<=0; median_irr<=hurdle,False
257,AMZN,238.34,-0.23442554961147832,-0.21989138276258008,-0.35625041718594735,-0.14166901573480567,0.0,0.12,1.0,0.35625041718594735,0.47625041718594735,0.35625041718594735,0.47625041718594735,19.947332184571625,44.62780176747369,69.05995916585935,19.947332184571625,69.05995916585935,False,,-0.8127557196967622,0.6505,0.85,0.12227570072557084,0.6575,-0.3398913827625801,0.552925,valid,,,,,False,ok,False,,"Amazon.com, Inc.",Consumer Cyclical,Specialty Retail,general_dcf,2563847214000.0,0.6575,0.14521036249502256,0.1686968132723965,0.1120597649787645,0.033150597516258054,0.05632443944936712,0.11500371579049404,0.17425150285834046,0.42858059424743844,0.03450221722712588,0.02192554537473068,peak_cycle_margins,8.0,2025.0,ttm,2026-04-30,2026-06-30,True,,,,0.35625041718594735,0.06113785036278542,0.5,0.47625041718594735,-0.47625041718594735,robust_return<=0; median_irr<=hurdle,False
228,CDNS,375.32,-0.23630018060030122,-0.23072348524583502,-0.3033281967887888,-0.1804255551207461,0.0,0.12,1.0,0.3033281967887888,0.4233281967887888,0.3033281967887888,0.4233281967887888,43.05714620028474,69.66839077018992,92.56299953494224,43.05714620028474,92.56299953494224,False,,-0.8143760237392361,0.8493,1.0,0.06597232083402135,0.8378,-0.350723485245835,0.8493,valid,,,,,False,ok,False,,"Cadence Design Systems, Inc.",Technology,Software - Application,general_dcf,103519261120.0,0.8378,0.18238935683361482,0.26272291701168327,0.10077817475344825,0.08161118208016657,0.27587571713297987,0.31105975404681063,0.13837522331577512,0.7744199203135067,0.08429147749406196,-0.0015611614866534174,heavy_sbc,8.0,2025.0,ttm,2026-05-01,2026-06-30,True,,,,0.3033281967887888,0.032986160417010676,0.5,0.4233281967887888,-0.4233281967887888,robust_return<=0; median_irr<=hurdle,False
227,JBHT,289.43,-0.24244553251446627,-0.24534608498506705,-0.3028490241078543,-0.17624093597987667,0.0,0.12,1.0,0.3028490241078543,0.4228490241078543,0.3028490241078543,0.4228490241078543,35.174055235720466,35.174055235720466,58.52902745178666,36.46469093068324,58.52902745178666,True,"growth destroys value: forward ROIC 2.0% at/below WACC 10.7%, so higher-growth scenarios reinvest below the cost of capital and are worth less than the bear case",-0.8784712875800005,0.56133,1.0,0.07646414406398881,0.7773,-0.36534608498506704,0.56133,valid,,,forward_roic_floor_hit;reinvestment_cap_hit,,False,ok,False,,"J.B. Hunt Transport Services, Inc.",Industrials,Integrated Freight & Logistics,general_dcf,27293018324.080467,0.7773,0.13860724012891001,-0.11504860955793367,0.10710409278978651,0.0315031473391235,0.07823289501812905,0.07362968866084647,0.0484726000390483,0.8073061274489991,0.005979867149991966,-0.032965562784714186,incremental_roic_below_wacc,8.0,2025.0,ttm,2026-04-24,2026-06-30,True,,,,0.3028490241078543,0.038232072031994406,0.5,0.4228490241078543,-0.4228490241078543,robust_return<=0; median_irr<=hurdle,False
239,MPWR,1382.36,-0.24367221631109712,-0.2364173806527105,-0.3130792883315735,-0.18877481560739398,0.0,0.12,1.0,0.3130792883315735,0.4330792883315735,0.3130792883315735,0.4330792883315735,142.09410632164796,223.32889527802178,291.4788041958743,142.09410632164796,291.4788041958743,False,,-0.8384437517882304,0.58518,1.0,0.07459683636208976,0.9457,-0.3564173806527105,0.58518,valid,,,base_growth_cap_hit,,False,ok,False,,"Monolithic Power Systems, Inc.",Technology,Semiconductors,general_dcf,67915346799.99999,0.9457,0.30815612094581896,0.23276839249069248,0.12935000000000002,0.17880612094581894,0.2308215064033451,0.2708842138724219,0.2508627848368101,-1.5948560369295812,0.08221036839839391,0.006056684480668428,heavy_sbc;cyclical_revenue,8.0,2025.0,ttm,2026-05-04,2026-06-30,True,,,,0.3130792883315735,0.03729841818104488,0.5,0.4330792883315735,-0.4330792883315735,robust_return<=0; median_irr<=hurdle,False
263,GNRC,292.81,-0.251790132361566,-0.24703518104652167,-0.3689463135538972,-0.14414385379932348,0.0,0.12,1.0,0.3689463135538972,0.48894631355389717,0.3689463135538972,0.48894631355389717,18.871287402975543,27.646171258039743,61.45387893260661,18.871287402975543,61.45387893260661,False,,-0.905583240811312,0.40815900000000005,1.0,0.13015645987728686,0.5485,-0.36703518104652166,0.40815900000000005,valid,,,forward_roic_floor_hit;reinvestment_cap_hit,,False,ok,False,,Generac Holdings Inc.,Industrials,Industrial - Machinery,general_dcf,17237338483.805046,0.5485,0.06778591412929326,-1.435172989305175,0.1336362330567344,-0.06585031892744113,0.1468885095320479,0.07462201174142605,0.11030592847427156,2.006299384658548,0.011866299751469835,-0.028904621280608445,thin_interest_coverage;cyclical_revenue;incremental_roic_below_wacc,8.0,2025.0,ttm,2026-05-05,2026-06-30,True,,,,0.3689463135538972,0.06507822993864343,0.5,0.48894631355389717,-0.48894631355389717,robust_return<=0; median_irr<=hurdle,False
262,EMR,143.15,-0.25296850490412903,-0.23614846717391624,-0.3667171899520326,-0.17285989531665105,0.0,0.12,1.0,0.3667171899520326,0.4867171899520326,0.3667171899520326,0.4867171899520326,11.02999686238029,23.362433890759306,30.191757833317507,11.02999686238029,30.191757833317507,False,,-0.836797527832628,0.738,1.0,0.10478864731769079,0.7259,-0.35614846717391624,0.738,valid,,,,,False,ok,False,,Emerson Electric Co.,Industrials,Industrial - Machinery,general_dcf,80178315000.0,0.7259,0.08967687613346981,0.07026125393498663,0.09825214968674334,-0.008575273553273532,0.16970042527951743,0.19955230399650578,0.00491638614415546,2.3891702376314763,0.014863937800137205,-0.017100800193298404,incremental_roic_below_wacc,8.0,2025.0,ttm,2026-05-05,2026-06-30,True,,,,0.3667171899520326,0.052394323658845394,0.5,0.4867171899520326,-0.4867171899520326,robust_return<=0; median_irr<=hurdle,False
260,KEYS,350.07,-0.25806601200547447,-0.24926812190533384,-0.36317037755870835,-0.17055742665252183,0.0,0.12,1.0,0.36317037755870835,0.48317037755870834,0.36317037755870835,0.48317037755870834,19.840071318251777,47.79282436914318,80.39980426181447,19.840071318251777,80.39980426181447,False,,-0.8634763779554284,0.5422140000000001,1.0,0.11004005545309326,0.6293,-0.36926812190533387,0.5422140000000001,valid,,,forward_roic_floor_hit;reinvestment_cap_hit,,False,ok,False,,"Keysight Technologies, Inc.",Technology,"Hardware, Equipment & Parts",general_dcf,59825341475.96861,0.6293,0.13645567318738172,-0.033775434415324726,0.10335570598005125,0.033099967207330466,0.1788043833986215,0.1816688567674113,0.047738618867254834,0.2689922480620155,0.027515565374573208,-0.016762942620847432,incremental_roic_below_wacc,8.0,2025.0,ttm,2026-06-04,2026-06-30,True,,,,0.36317037755870835,0.05502002772654663,0.5,0.48317037755870834,-0.48317037755870834,robust_return<=0; median_irr<=hurdle,False
269,AVGO,377.75,-0.26529653000452524,-0.2509757627558429,-0.3951257838802121,-0.16410881062620322,0.0,0.12,1.0,0.3951257838802121,0.5151257838802121,0.3951257838802121,0.5151257838802121,24.977714019196835,64.7014303024115,109.62254011856182,24.977714019196835,109.62254011856182,False,,-0.8287189138255155,0.44995500000000005,1.0,0.13200983662700444,0.7054,-0.3709757627558429,0.44995500000000005,valid,,,base_growth_cap_hit;reinvestment_cap_hit,,False,ok,False,,Broadcom Inc.,Technology,Semiconductors,general_dcf,1797175845000.0,0.7054,0.2229863879070467,0.1979041101217094,0.11426689336706178,0.10871949453998492,0.2856942347434634,0.4365599946995296,0.17348704517829217,1.0858794186771548,0.11131577926862372,0.048514505916566586,heavy_sbc;ongoing_dilution;peak_cycle_margins,8.0,2025.0,ttm,2026-06-09,2026-06-30,True,,,,0.3951257838802121,0.06600491831350222,0.5,0.5151257838802121,-0.5151257838802121,robust_return<=0; median_irr<=hurdle,False
285,HLT,330.46,-0.2654315597810636,-0.19902133105497333,-0.6369698351350961,-0.026713741879211703,0.0,0.12,0.75,0.6369698351350961,0.7569698351350961,0.6369698351350961,0.7569698351350961,-8.325129420214168,71.03506802794331,184.759598287327,-8.325129420214168,184.759598287327,False,,-0.7850418567211059,0.42399000000000003,1.0,0.32240834662794216,0.8425,-0.3190213310549733,0.42399000000000003,valid,,,share_change_floor_hit,,False,ok,False,,Hilton Worldwide Holdings Inc.,Consumer Cyclical,Travel Lodging,general_dcf,75228558080.0,0.8425,0.3095148652999893,0.6733492050774321,0.08934612393528193,0.22016874136470735,0.19370316505405474,0.23084439377900823,0.044001453671123514,4.196693657219973,0.01575085018793628,-0.057381254969486206,elevated_leverage;thin_interest_coverage;cyclical_revenue,8.0,2025.0,ttm,2026-04-28,2026-06-30,True,,,,0.6369698351350961,0.16120417331397108,0.375,0.7569698351350961,-0.7569698351350961,robust_return<=0; median_irr<=hurdle,False
250,IBKR,87.04,-0.2677458104651466,-0.2565274032563548,-0.3360199628574192,-0.22190847249045764,0.0,0.12,1.0,0.3360199628574192,0.4560199628574192,0.3360199628574192,0.4560199628574192,11.232954348489008,19.771686286892024,24.824031536775674,11.232954348489008,24.824031536775674,False,,-0.7728436777700824,0.6,0.8,0.07505574518348077,0.5681333491486806,-0.3765274032563548,0.48,valid,,,specialist_model_v1,,False,specialist,False,,"Interactive Brokers Group, Inc.",Financial Services,Investment - Banking & Investment Services,bank,149698235781.12003,,,,,,,,,,,,,,,,,2026-06-30,True,1719878628.0,1.329,Justified P/B residual-income proxy; no regulatory-capital or reserve-detail model,0.3360199628574192,0.03752787259174038,0.5,0.4560199628574192,-0.4560199628574192,robust_return<=0; median_irr<=hurdle,False
283,ATO,172.27,-0.2727715800639998,-0.22057164781144817,-0.5392707950319162,-0.11067222960118668,0.0,0.12,1.0,0.5392707950319162,0.6592707950319162,0.5392707950319162,0.6592707950319162,6.109539526229359,43.2248263677189,86.70696810817955,6.109539526229359,86.70696810817955,False,,-0.7490867454129048,0.58878,1.0,0.22663588271536478,0.5371,-0.34057164781144816,0.58878,valid,,,reinvestment_cap_hit,,False,ok,False,,Atmos Energy Corporation,Utilities,Regulated Gas,general_dcf,28755277736.27851,0.5371,0.059406914641302246,0.07424817774024534,0.06849631752778236,-0.009089402886480115,0.26134417377789865,0.35874483558586845,0.06058493797688347,3.781317227728446,0.0025710730394577722,0.06712174906577117,elevated_leverage;ongoing_dilution,8.0,2025.0,ttm,2026-05-06,2026-06-30,True,,,,0.5392707950319162,0.11331794135768239,0.5,0.6592707950319162,-0.6592707950319162,robust_return<=0; median_irr<=hurdle,False
251,TECH,70.65,-0.2747849920735461,-0.27508625272894277,-0.33944804670754813,-0.20951941612875086,0.0,0.12,1.0,0.33944804670754813,0.45944804670754813,0.33944804670754813,0.45944804670754813,6.9161914020766195,7.661061442775457,12.104622650422103,6.9161914020766195,12.104622650422103,False,,-0.8915631784462072,0.5386500000000001,1.0,0.07880481528939863,0.5567,-0.39508625272894277,0.5386500000000001,valid,,,forward_roic_floor_hit;reinvestment_cap_hit,,False,ok,False,,Bio-Techne Corporation,Healthcare,Biotechnology,general_dcf,11061599850.0,0.5567,0.061430211697803015,-0.2604211226685503,0.11114111892652781,-0.049710907228724795,0.21244651555028604,0.12698431051584433,0.09576559931916306,0.3168374113970632,0.03347968859535845,-0.014786527152423234,incremental_roic_below_wacc,8.0,2025.0,ttm,2026-05-06,2026-06-30,True,,,,0.33944804670754813,0.039402407644699315,0.5,0.45944804670754813,-0.45944804670754813,robust_return<=0; median_irr<=hurdle,False
280,EL,78.95,-0.2793098018635646,-0.2487516244000289,-0.49711837841314255,-0.12261758024105801,0.0,0.12,1.0,0.49711837841314255,0.6171183784131425,0.49711837841314255,0.6171183784131425,1.3222881563189108,6.268687101906223,20.92544884176382,1.3222881563189108,20.92544884176382,False,,-0.9205992767332968,0.5350860000000001,0.7,0.21019781908604226,0.628,-0.3687516244000289,0.3745602,valid,,,forward_roic_floor_hit;reinvestment_cap_hit,,False,ok,False,,The Estée Lauder Companies Inc.,Consumer Defensive,Household & Personal Products,general_dcf,28554212986.148903,0.628,0.06670641833661942,-1.0127790412849715,0.09583633918736362,-0.0291299208507442,0.12251618571963457,0.06704927211646136,0.006199974731573077,3.6474538332400672,0.0,-0.0044041308425162295,elevated_leverage;thin_interest_coverage;incremental_roic_below_wacc,8.0,2025.0,annual,2025-08-20,2026-06-30,True,,,,0.49711837841314255,0.10509890954302113,0.5,0.6171183784131425,-0.6171183784131425,robust_return<=0; median_irr<=hurdle,False
247,KLAC,301.71,-0.27945246195777146,-0.2777808971732157,-0.3317697730584769,-0.23047828042617763,0.0,0.12,1.0,0.3317697730584769,0.4517697730584769,0.3317697730584769,0.4517697730584769,29.363459356175074,45.00218035912948,58.49788446721269,29.363459356175074,58.49788446721269,False,,-0.8508429274497713,0.68922,1.0,0.05996914631614962,0.9699,-0.3977808971732157,0.68922,valid,,,forward_roic_cap_hit,,False,ok,False,,KLA Corporation,Technology,Semiconductors,general_dcf,394117738800.0,0.9699,0.6899220117264848,1.206275773051553,0.11897199030904092,0.5709500214174439,0.37555765765641247,0.41679264661427823,0.17056544479350988,0.20297062535810645,0.021676482461152884,-0.04560801163090278,,8.0,2025.0,ttm,2026-04-29,2026-06-30,True,,,,0.3317697730584769,0.02998457315807481,0.5,0.4517697730584769,-0.4517697730584769,robust_return<=0; median_irr<=hurdle,False
281,DD,135.64,-0.28103519625146867,-0.2371085842663887,-0.5039598241011845,-0.14596379237191281,0.0,0.12,1.0,0.5039598241011845,0.6239598241011844,0.5039598241011845,0.6239598241011844,4.460422854092262,28.03773860710008,34.525596608732215,4.460422854092262,34.525596608732215,False,,-0.7932929916905036,0.43011000000000005,0.85,0.20059471586463581,0.4309,-0.3571085842663887,0.3655935,valid,,,base_growth_floor_hit;share_change_floor_hit;reinvestment_cap_hit,,False,ok,False,,"DuPont de Nemours, Inc.",Basic Materials,Chemicals - Specialty,general_dcf,18314031551.179604,0.4309,0.03700941347828496,,0.09282145774356307,-0.05581204426527811,0.1422084324504564,0.12556577602569718,-0.15676675554909192,1.617120106171201,0.0,-0.05668318057452093,thin_interest_coverage;cyclical_revenue,8.0,2025.0,annual,2026-02-17,2026-06-30,True,,,,0.5039598241011845,0.10029735793231791,0.5,0.6239598241011844,-0.6239598241011844,robust_return<=0; median_irr<=hurdle,False
259,FIX,1981.95,-0.28399638076298284,-0.2799970693522482,-0.3611806367964163,-0.21481074755101864,0.0,0.12,1.0,0.3611806367964163,0.4811806367964163,0.3611806367964163,0.4811806367964163,163.95541731868747,275.7475648166705,389.91898485029986,163.95541731868747,389.91898485029986,False,,-0.8608705745267689,0.540918,0.85,0.09145740462269884,0.8776,-0.3999970693522482,0.4597803,valid,,,base_growth_cap_hit;forward_roic_cap_hit,,False,ok,False,,"Comfort Systems USA, Inc.",Industrials,Engineering & Construction,general_dcf,69769396680.0,0.8776,0.6113593876091934,0.8890094250228319,0.12790616848090453,0.48345321912828887,0.06778238600945254,0.15692207148859272,0.22626488254906207,-0.46347231489451685,0.002396161307614748,-0.007406437133725352,peak_cycle_margins,8.0,2025.0,ttm,2026-04-23,2026-06-30,True,,,,0.3611806367964163,0.04572870231134942,0.5,0.4811806367964163,-0.4811806367964163,robust_return<=0; median_irr<=hurdle,False
246,AMAT,723.0,-0.28694804073074914,-0.28778250789036963,-0.32964045302651357,-0.24258669411574374,0.0,0.12,1.0,0.32964045302651357,0.44964045302651356,0.32964045302651357,0.44964045302651356,69.16003143624253,97.10933836378241,122.98879148052129,69.16003143624253,122.98879148052129,False,,-0.86568556242907,0.7448,0.7,0.06018287945538492,0.9754,-0.4077825078903696,0.5213599999999999,valid,,,,,False,ok,False,,"Applied Materials, Inc.",Technology,Semiconductors,general_dcf,574032357000.0,0.9754,0.3789467821548689,0.19038816312622922,0.12746880638963537,0.2514779757652335,0.28906419392654936,0.2921954314720812,0.07858556936479122,-0.17457588262265017,0.02123196938475125,-0.026945297525425738,,8.0,2025.0,annual,2025-12-12,2026-06-30,True,,,,0.32964045302651357,0.03009143972769246,0.5,0.44964045302651356,-0.44964045302651356,robust_return<=0; median_irr<=hurdle,False
303,KMI,31.97,-0.2900292158068623,-0.12401253012940283,-0.95,0.03790819703135642,0.0,0.12,0.75,0.95,1.0699999999999998,0.95,1.0699999999999998,-2.833127505831693,11.2723431530149,26.856014615626076,-2.833127505831693,26.856014615626076,False,,-0.6474087221452955,0.45566999999999996,1.0,0.5102839985156782,0.2768,-0.24401253012940283,0.45566999999999996,valid,,,reinvestment_cap_hit,,False,ok,True,bear,"Kinder Morgan, Inc.",Energy,Oil & Gas Midstream,general_dcf,71127679451.2497,0.2768,0.06191373921626637,,0.07005763620029505,-0.008143896984028683,0.28441380746680256,0.2860648253823328,0.024819864010472203,4.270797169181466,0.0,-0.0048954945173924624,elevated_leverage;thin_interest_coverage;cyclical_revenue,8.0,2025.0,ttm,2026-04-24,2026-06-30,True,,,,0.95,0.2551419992578391,0.375,1.0699999999999998,-1.0699999999999998,robust_return<=0; median_irr<=hurdle,False
304,CVS,103.45,-0.2950806323380674,-0.13028042568475934,-0.95,0.030238322017248746,0.0,0.12,0.75,0.95,1.0699999999999998,0.95,1.0699999999999998,-0.5134311629388961,26.88122877447911,81.38055714618261,-0.5134311629388961,81.38055714618261,False,,-0.740152452639158,0.5256090000000001,0.85,0.5088508910086244,0.5851,-0.25028042568475933,0.44676765000000007,valid,,,forward_roic_floor_hit;reinvestment_cap_hit,,False,ok,True,bear,CVS Health Corp.,Healthcare,Medical - Healthcare Plans,general_dcf,131994958500.0,0.5851,0.0488343256646087,-0.11097765204606212,0.07060392962407483,-0.02176960395946613,0.032120665582538864,0.025829028495250792,0.10924868668053822,5.532386098325662,0.0014484628858208895,-0.013277036450652147,elevated_leverage;thin_interest_coverage;incremental_roic_below_wacc,8.0,2025.0,annual,2026-02-10,2026-06-30,True,,,,0.95,0.2544254455043122,0.375,1.0699999999999998,-1.0699999999999998,robust_return<=0; median_irr<=hurdle,False
273,ON,94.54,-0.2976602338050725,-0.29337410753360016,-0.4153492247918621,-0.18854349536122755,0.0,0.12,1.0,0.4153492247918621,0.5353492247918621,0.4153492247918621,0.5353492247918621,5.249984037120796,7.330187547348398,15.87417028327171,5.249984037120796,15.87417028327171,False,,-0.9224646969817178,0.417312,1.0,0.13088350471531726,0.4362,-0.41337410753360015,0.417312,valid,,,forward_roic_floor_hit;reinvestment_cap_hit,,False,ok,False,,ON Semiconductor Corporation,Technology,Semiconductors,general_dcf,37050509620.0,0.4362,0.07147640398640859,-0.20507036683135024,0.13672569194185336,-0.06524928795544477,0.16852792331505653,0.10842817087250536,0.0028218172896363747,0.41240850947397223,0.01467345207803223,-0.04197201773083803,cyclical_revenue;incremental_roic_below_wacc,8.0,2025.0,ttm,2026-05-04,2026-06-30,True,,,,0.4153492247918621,0.06544175235765863,0.5,0.5353492247918621,-0.5353492247918621,robust_return<=0; median_irr<=hurdle,False
255,LRCX,433.33,-0.29854764683841495,-0.29846682815696113,-0.34909712441731255,-0.24815980662242504,0.0,0.12,1.0,0.34909712441731255,0.46909712441731255,0.34909712441731255,0.46909712441731255,36.09246871760353,54.41506352641373,72.0200851364487,36.09246871760353,72.0200851364487,False,,-0.8744258105222031,0.6518,1.0,0.060914658897443755,0.9787,-0.4184668281569611,0.6518,valid,,,,,False,ok,False,,Lam Research Corporation,Technology,Semiconductors,general_dcf,541909498100.0,0.9787,0.6868702791765688,0.42787582267146246,0.13761629016172996,0.5492539890148389,0.29351875552048795,0.3425647125509845,0.0754865864010088,-0.12952184475452566,0.018625440323556754,-0.0366326643006597,cyclical_revenue,8.0,2025.0,ttm,2026-04-23,2026-06-30,True,,,,0.34909712441731255,0.030457329448721877,0.5,0.46909712441731255,-0.46909712441731255,robust_return<=0; median_irr<=hurdle,False
277,CAT,1064.9,-0.2990568054437972,-0.27970973353694717,-0.4483394828308519,-0.18846827187044252,0.0,0.12,1.0,0.4483394828308519,0.5683394828308519,0.4483394828308519,0.5683394828308519,36.78558225228427,122.22534887320808,215.08905384900987,36.78558225228427,215.08905384900987,False,,-0.8852236370802816,0.6438,1.0,0.1406216054802047,0.7032,-0.39970973353694716,0.6438,valid,,,,,False,ok,False,,Caterpillar Inc.,Industrials,Agricultural - Machinery,general_dcf,490532341300.00006,0.7032,0.1585949719709314,0.35038510576386805,0.11863215210187017,0.03996281986906122,0.15281852143765806,0.16558547099144938,0.030628169211895928,2.778735836955747,0.0034408801246740423,-0.04236798600512226,,8.0,2025.0,ttm,2026-05-06,2026-06-30,True,,,,0.4483394828308519,0.07031080274010235,0.5,0.5683394828308519,-0.5683394828308519,robust_return<=0; median_irr<=hurdle,False
305,ALL,237.94,-0.30108786218590144,-0.15761536344365823,-0.95,0.060879278143710636,0.0,0.12,0.75,0.95,1.0699999999999998,0.95,1.0699999999999998,0.0,100.92985401732298,319.7402351012138,0.0,319.7402351012138,False,,-0.5758180464935573,0.6,0.8,0.5234396390718553,0.0,-0.2776153634436582,0.48,valid,,,specialist_model_v1,,False,specialist,False,,The Allstate Corporation,Financial Services,Insurance - Property & Casualty,insurance,61250752740.0,,,,,,,,,,,,,,,,,2026-06-30,True,257421000.0,0.192,Justified P/B residual-income proxy; no regulatory-capital or reserve-detail model,0.95,0.26171981953592766,0.375,1.0699999999999998,-1.0699999999999998,robust_return<=0; median_irr<=hurdle,False
306,SO,95.71,-0.31093934454838745,-0.17128278755117213,-0.95,0.048808196908794364,0.0,0.12,0.75,0.95,1.0699999999999998,0.95,1.0699999999999998,-25.172121944876658,27.349631613212274,92.17698787908435,-25.172121944876658,92.17698787908435,False,,-0.7142447851508487,0.5673,1.0,0.5123850984543972,0.3365,-0.2912827875511721,0.5673,valid,,,,,False,ok,True,bear,The Southern Company,Utilities,Regulated Electric,general_dcf,107893883000.0,0.3365,0.054290078300704425,0.16261594866140794,0.07023473698617856,-0.015944658685474136,0.23522993198402714,0.2414993040365878,0.033313976114662136,5.563102476642444,0.004939380332285586,0.014293274404168832,elevated_leverage;thin_interest_coverage,8.0,2025.0,ttm,2026-03-31,2026-06-30,True,,,,0.95,0.2561925492271986,0.375,1.0699999999999998,-1.0699999999999998,robust_return<=0; median_irr<=hurdle,False
265,TER,483.84,-0.3146508190971871,-0.31282027466368156,-0.369383683660999,-0.26357904340038646,0.0,0.12,1.0,0.369383683660999,0.489383683660999,0.369383683660999,0.489383683660999,23.526322743961018,36.70427879767104,52.53352508470296,23.526322743961018,52.53352508470296,False,,-0.9241396354214801,0.45402120000000007,1.0,0.06928168413030626,0.9442,-0.43282027466368156,0.45402120000000007,valid,,,base_growth_cap_hit;forward_roic_floor_hit;reinvestment_cap_hit,,False,ok,False,,"Teradyne, Inc.",Technology,Semiconductors,general_dcf,75741359661.98943,0.9442,0.29898942004408796,-0.32082571804789234,0.13441065847992223,0.16457876156416573,0.23338936981766334,0.26915040991983286,0.0614891194634577,-0.14207587002415828,0.0,-0.024346695038381383,cyclical_revenue;incremental_roic_below_wacc,8.0,2025.0,ttm,2026-05-01,2026-06-30,True,,,,0.369383683660999,0.03464084206515313,0.5,0.489383683660999,-0.489383683660999,robust_return<=0; median_irr<=hurdle,False
276,PWR,720.04,-0.32030432308583834,-0.3052051326543733,-0.4458717976049228,-0.22493522942968405,0.0,0.12,1.0,0.4458717976049228,0.5658717976049228,0.4458717976049228,0.5658717976049228,25.429197503713542,62.08155392465087,113.34826280184551,25.429197503713542,113.34826280184551,False,,-0.9137804095263445,0.60327,1.0,0.12237018408761938,0.2837,-0.4252051326543733,0.60327,valid,,,reinvestment_cap_hit,,False,ok,False,,"Quanta Services, Inc.",Industrials,Engineering & Construction,general_dcf,108049202400.0,0.2837,0.08654623463711195,0.11935196509498437,0.10220133675885143,-0.015655102121739484,0.05513084108909788,0.05758286076370985,0.1423022663027309,2.2092779171710735,0.006358607000145103,0.009137471473922076,,8.0,2025.0,ttm,2026-04-30,2026-06-30,True,,,,0.4458717976049228,0.06118509204380969,0.5,0.5658717976049228,-0.5658717976049228,robust_return<=0; median_irr<=hurdle,False
307,CAH,237.56,-0.32230152863485273,-0.20972723078739364,-0.95,0.08024834703537637,0.0,0.12,0.75,0.95,1.0699999999999998,0.95,1.0699999999999998,-52.21783883767991,56.851413115710855,249.4265303680015,-52.21783883767991,249.4265303680015,False,,-0.7606860872381257,0.5860350000000001,1.0,0.5275431235176882,0.6438,-0.32972723078739363,0.5860350000000001,valid,,,forward_roic_cap_hit;share_change_floor_hit,,False,ok,True,bear,"Cardinal Health, Inc.",Healthcare,Medical - Distribution,general_dcf,55637977360.0,0.6438,0.8041789047600153,,0.06744789401808414,0.7367310107419311,0.0032869369312651603,0.009227735891981208,0.0720014350924516,1.538627935723115,0.0005334461946770006,-0.05426542517926303,peak_cycle_margins,8.0,2025.0,ttm,2026-04-30,2026-06-30,True,,,,0.95,0.2637715617588441,0.375,1.0699999999999998,-1.0699999999999998,robust_return<=0; median_irr<=hurdle,False
308,BDX,151.33,-0.3256915331250638,-0.15398495152767278,-0.95,-0.044796229444909824,0.0,0.12,0.75,0.95,1.0699999999999998,0.95,1.0699999999999998,1.9200541979300052,50.365763506751215,85.22733045516387,1.9200541979300052,85.22733045516387,False,,-0.6671792539037124,0.7077,1.0,0.4613708852775451,0.4155,-0.27398495152767277,0.7077,valid,,,,,False,ok,True,bear,"Becton, Dickinson and Company",Healthcare,Medical - Instruments & Supplies,general_dcf,54826117634.42897,0.4155,0.05025864617203665,0.07352428393524284,0.06597061272405223,-0.01571196655201558,0.11329093663343556,0.10610812075824948,0.04560530592574796,3.5773576705780097,0.01224105461393597,-0.00786126920640362,elevated_leverage;thin_interest_coverage,8.0,2025.0,ttm,2026-05-07,2026-06-30,True,,,,0.95,0.23068544263877255,0.375,1.0699999999999998,-1.0699999999999998,robust_return<=0; median_irr<=hurdle,False
309,ED,110.63,-0.3406833445740631,-0.18588104067603123,-0.95,-0.040971296944189786,0.0,0.12,0.75,0.95,1.0699999999999998,0.95,1.0699999999999998,-2.3037319724782868,18.467277179936,61.13425348960393,-2.3037319724782868,61.13425348960393,False,,-0.83307170586698,0.6649200000000001,1.0,0.4645667515279051,0.4356,-0.3058810406760312,0.6649200000000001,valid,,,reinvestment_cap_hit,,False,ok,True,bear,"Consolidated Edison, Inc.",Utilities,Regulated Electric,general_dcf,40770441264.39928,0.4356,0.047254411350166795,0.01581143566133083,0.0701577538361371,-0.0229033424859703,0.19193011684904407,0.1732791170490851,0.04619218097214417,5.088478915662651,0.0,0.00799290411037279,elevated_leverage;thin_interest_coverage;incremental_roic_below_wacc,8.0,2025.0,ttm,2026-05-07,2026-06-30,True,,,,0.95,0.23228337576395255,0.375,1.0699999999999998,-1.0699999999999998,robust_return<=0; median_irr<=hurdle,False
310,IQV,193.22,-0.3438312622878584,-0.19402083692548328,-0.95,-0.03728337530046698,0.0,0.12,0.75,0.95,1.0699999999999998,0.95,1.0699999999999998,-16.017377008209834,37.891491901355266,95.30241589451728,-16.017377008209834,95.30241589451728,False,,-0.8038945662904706,0.6701,1.0,0.46625531234976647,0.3854,-0.31402083692548327,0.6701,valid,,,,,False,ok,True,bear,IQVIA Holdings Inc.,Healthcare,Medical - Diagnostics & Research,general_dcf,32248418000.0,0.3854,0.09353255896292795,0.2088408077754411,0.09372471980023114,-0.00019216083730319578,0.11262374556294646,0.1385882635882636,0.06621720428944555,4.066244239631336,0.014482114255205552,-0.03778616609216234,elevated_leverage;thin_interest_coverage,8.0,2025.0,ttm,2026-05-05,2026-06-30,True,,,,0.95,0.23312765617488324,0.375,1.0699999999999998,-1.0699999999999998,robust_return<=0; median_irr<=hurdle,False
311,J,126.0,-0.3499024417425971,-0.19227705924422478,-0.95,-0.06505564848193898,0.0,0.12,0.75,0.95,1.0699999999999998,0.95,1.0699999999999998,0.8154369432917242,32.80925922596883,61.815384348730156,0.8154369432917242,61.815384348730156,False,,-0.7396090537621521,0.52092,1.0,0.4568445757590305,0.52,-0.3122770592442248,0.52092,valid,,,base_growth_floor_hit,,False,ok,True,bear,Jacobs Solutions Inc.,Industrials,Engineering & Construction,general_dcf,14878190754.232529,0.52,0.07799016421150091,,0.07190892210507474,0.006081242106426174,0.052005834956734234,0.046887960756679295,-0.030890069801322917,4.013784189627718,0.006451037354247796,-0.027638266062380956,elevated_leverage;thin_interest_coverage,8.0,2025.0,ttm,2026-05-05,2026-06-30,True,,,,0.95,0.22842228787951524,0.375,1.0699999999999998,-1.0699999999999998,robust_return<=0; median_irr<=hurdle,False
312,EFX,158.72,-0.35341924345266296,-0.2019610895687946,-0.95,-0.05975479467306283,0.0,0.12,0.75,0.95,1.0699999999999998,0.95,1.0699999999999998,-3.706398257172731,17.934857620276038,60.958787412965506,-3.706398257172731,60.958787412965506,False,,-0.8870031651948335,0.534357,1.0,0.4590918926634686,0.4206,-0.3219610895687946,0.534357,valid,,,forward_roic_floor_hit;reinvestment_cap_hit,,False,ok,True,bear,Equifax Inc.,Industrials,Consulting Services,general_dcf,19147123394.89277,0.4206,0.09113329555073894,-0.03812143496395194,0.0964834160541626,-0.00535012050342365,0.17880493808027148,0.18260260451491706,0.08588569570479487,2.7251794735442703,0.013636708956924714,-0.0068047834466663515,incremental_roic_below_wacc,8.0,2025.0,ttm,2026-04-21,2026-06-30,True,,,,0.95,0.2295459463317343,0.375,1.0699999999999998,-1.0699999999999998,robust_return<=0; median_irr<=hurdle,False
313,WMB,74.34,-0.36716760875715404,-0.24792760276468462,-0.95,-0.022815229499246897,0.0,0.12,0.75,0.95,1.0699999999999998,0.95,1.0699999999999998,-11.020766106997437,12.204878717222194,44.892844647685365,-11.020766106997437,44.892844647685365,False,,-0.8358235308417784,0.42705,1.0,0.48078088525037654,0.3357,-0.3679276027646846,0.42705,valid,,,reinvestment_cap_hit,,False,ok,True,bear,"The Williams Companies, Inc.",Energy,Oil & Gas Midstream,general_dcf,90917691020.04892,0.3357,0.08283339259965206,0.1539877216489435,0.0722188394560827,0.01061455314356935,0.28025475539685774,0.38788692223806726,0.046628563535081824,4.254529641977098,0.007059686439900981,8.94136432536552e-05,elevated_leverage;thin_interest_coverage,8.0,2025.0,ttm,2026-05-04,2026-06-30,True,,,,0.95,0.24039044262518827,0.375,1.0699999999999998,-1.0699999999999998,robust_return<=0; median_irr<=hurdle,False
279,CIEN,490.56,-0.3932496303050356,-0.3852526551410847,-0.4799914007620827,-0.3225018101758905,0.0,0.12,1.0,0.4799914007620827,0.5999914007620827,0.4799914007620827,0.5999914007620827,9.135954205900642,23.396193135782344,39.27685434902424,9.135954205900642,39.27685434902424,False,,-0.9523071731576518,0.494829,1.0,0.09389992529309608,0.4861,-0.5052526551410847,0.494829,valid,,,forward_roic_floor_hit;reinvestment_cap_hit,,False,ok,False,,Ciena Corporation,Technology,Communication Equipment,general_dcf,69440201416.65945,0.4861,0.15063105331717072,-0.18621580215313555,0.10567110587927271,0.04495994743789801,0.08102395252304644,0.11184507510122729,0.06376260613059448,0.46823469621751607,0.038688484994361054,-0.01304564321384205,incremental_roic_below_wacc,8.0,2025.0,ttm,2026-06-04,2026-06-30,True,,,,0.4799914007620827,0.04694996264654804,0.5,0.5999914007620827,-0.5999914007620827,robust_return<=0; median_irr<=hurdle,False
314,DE,634.33,-0.39806587828534234,-0.26296687875292246,-0.95,-0.11632975563552461,0.0,0.12,1.0,0.95,1.0699999999999998,0.95,1.0699999999999998,-34.25772097456359,49.781590424555915,186.43841449688182,-34.25772097456359,186.43841449688182,False,,-0.9215209899822554,0.51246,1.0,0.43146132218223765,0.5075,-0.38296687875292246,0.51246,valid,,,reinvestment_cap_hit,,False,ok,True,bear,Deere & Company,Industrials,Agricultural - Machinery,general_dcf,171229406800.5027,0.5075,0.08170265368566916,0.02696339984426077,0.08436962795140569,-0.0026669742657365325,0.1770399089665699,0.1838359263290437,0.029428901014733944,5.019408587384418,0.0033807231613119893,-0.04022988902685265,elevated_leverage;thin_interest_coverage;cyclical_revenue;incremental_roic_below_wacc,8.0,2025.0,ttm,2026-05-28,2026-06-30,True,,,,0.95,0.21573066109111882,0.5,1.0699999999999998,-1.0699999999999998,robust_return<=0; median_irr<=hurdle,False
315,WEC,116.77,-0.40075103451381433,-0.26401207754970524,-0.95,-0.1249799829558469,0.0,0.12,1.0,0.95,1.0699999999999998,0.95,1.0699999999999998,-12.048036421946753,12.950169255126154,37.99254227030991,-12.048036421946753,37.99254227030991,False,,-0.8890967778100013,0.65088,1.0,0.4229836085220765,0.4397,-0.38401207754970523,0.65088,valid,,,reinvestment_cap_hit,,False,ok,True,bear,"WEC Energy Group, Inc.",Utilities,Regulated Electric,general_dcf,38034987419.89925,0.4397,0.05749906289040306,0.06076045036824309,0.07116339150989118,-0.013664328619488117,0.21038385074284094,0.23970728224654927,0.03544783221141867,5.687777721027632,0.0,0.012703075648047957,elevated_leverage;thin_interest_coverage;incremental_roic_below_wacc,8.0,2025.0,ttm,2026-05-07,2026-06-30,True,,,,0.95,0.21149180426103825,0.5,1.0699999999999998,-1.0699999999999998,robust_return<=0; median_irr<=hurdle,False
316,AEP,136.81,-0.405924693201814,-0.28256051738571836,-0.95,-0.10857773803581945,0.0,0.12,1.0,0.95,1.0699999999999998,0.95,1.0699999999999998,-25.39983279170867,12.994973403555981,51.92817150464359,-25.39983279170867,51.92817150464359,False,,-0.9050144477482934,0.63936,1.0,0.4315303309820902,0.4842,-0.40256051738571835,0.63936,valid,,,reinvestment_cap_hit,,False,ok,True,bear,"American Electric Power Company, Inc.",Utilities,Regulated Electric,general_dcf,74439005050.0,0.4842,0.056381285000301075,0.08173681135634871,0.07300543999015592,-0.016624154989854846,0.19810734374412714,0.23469802109746524,0.04351225641155998,5.844895258089544,0.0,0.021333592798721934,elevated_leverage;thin_interest_coverage,8.0,2025.0,ttm,2026-05-05,2026-06-30,True,,,,0.95,0.2157651654910451,0.5,1.0699999999999998,-1.0699999999999998,robust_return<=0; median_irr<=hurdle,False
317,CRL,226.79,-0.428354145285266,-0.29792925919755364,-0.95,-0.16755806274595667,0.0,0.12,1.0,0.95,1.0699999999999998,0.95,1.0699999999999998,-3.7695745103113127,2.6815708605429998,35.76031724605327,-3.7695745103113127,35.76031724605327,False,,-0.9881759739823494,0.5469930000000001,0.85,0.40931117862702165,0.4019,-0.41792925919755364,0.46494405000000005,valid,,,forward_roic_floor_hit;reinvestment_cap_hit,,False,ok,True,bear,"Charles River Laboratories International, Inc.",Healthcare,Medical - Diagnostics & Research,general_dcf,10923959486.996988,0.4019,0.06896517348144895,-0.1283123019166573,0.10226336104274061,-0.03329818756129166,0.14711536221006205,0.1264733965535533,0.0851571891397469,3.1298248040116294,0.017447533048918138,-0.011416162516314277,elevated_leverage;thin_interest_coverage;incremental_roic_below_wacc,8.0,2025.0,annual,2026-02-18,2026-06-30,True,,,,0.95,0.20465558931351083,0.5,1.0699999999999998,-1.0699999999999998,robust_return<=0; median_irr<=hurdle,False
318,RVTY,111.26,-0.43777174191855006,-0.32055004517897023,-0.95,-0.15998687731625982,0.0,0.12,1.0,0.95,1.0699999999999998,0.95,1.0699999999999998,-9.158812300833558,9.863515596131737,23.805402952793003,-9.158812300833558,23.805402952793003,False,,-0.9113471544478542,0.47439000000000003,1.0,0.4107748613418701,0.3116,-0.44055004517897023,0.47439000000000003,valid,,,reinvestment_cap_hit,,False,ok,True,bear,"Revvity, Inc.",Healthcare,Medical - Diagnostics & Research,general_dcf,12412165600.0,0.3116,0.03351006242660167,,0.09507846557531728,-0.06156840314871561,0.14712330139003132,0.12413524360987277,0.003966430835526502,3.219929778277822,0.01372364543928079,-0.0399360164596676,elevated_leverage;thin_interest_coverage,8.0,2025.0,ttm,2026-05-12,2026-06-30,True,,,,0.95,0.20538743067093504,0.5,1.0699999999999998,-1.0699999999999998,robust_return<=0; median_irr<=hurdle,False
319,CARR,73.35,-0.4526325851198635,-0.3297743224014994,-0.95,-0.20098169567645519,0.0,0.12,1.0,0.95,1.0699999999999998,0.95,1.0699999999999998,-1.4859213595841154,1.7566867083222932,10.050719223056525,-1.4859213595841154,10.050719223056525,False,,-0.9760506242900846,0.48729600000000006,1.0,0.3898902721617724,0.6046,-0.4497743224014994,0.48729600000000006,valid,,,forward_roic_floor_hit;reinvestment_cap_hit,,False,ok,True,bear,Carrier Global Corporation,Industrials,Industrial - Machinery,general_dcf,60923074027.44693,0.6046,0.04691045978115132,-0.049360741584424696,0.10001835008644928,-0.053107890305297965,0.11922563929220478,0.07242798353909465,0.020139172074632672,3.9020905923344946,0.003746504142261622,-0.007173176923426783,elevated_leverage;thin_interest_coverage;incremental_roic_below_wacc,8.0,2025.0,ttm,2026-04-30,2026-06-30,True,,,,0.95,0.1949451360808862,0.5,1.0699999999999998,-1.0699999999999998,robust_return<=0; median_irr<=hurdle,False
287,VRT,334.82,-0.4572546409493953,-0.4247738346828555,-0.6583320216785068,-0.3211388727533633,0.0,0.12,1.0,0.6583320216785068,0.7783320216785068,0.6583320216785068,0.7783320216785068,2.7000603031355817,14.754590983979444,30.301137856824273,2.7000603031355817,30.301137856824273,False,,-0.9559327669076535,0.5027670000000001,0.85,0.18801356446257175,0.43,-0.5447738346828555,0.42735195000000004,valid,,,forward_roic_cap_hit;wacc_cap_hit,,False,ok,False,,Vertiv Holdings Co,Industrials,Electrical Equipment & Parts,general_dcf,128607313773.42102,0.43,0.2552732521708003,0.8519918106941591,0.14,0.11527325217080031,0.06545753986066255,0.18543680778893246,0.13234812422476638,0.790080738177624,0.004318630020719439,0.010835786410082093,peak_cycle_margins,8.0,2025.0,annual,2026-02-13,2026-06-30,True,,,,0.6583320216785068,0.09400678223128588,0.5,0.7783320216785068,-0.7783320216785068,robust_return<=0; median_irr<=hurdle,False
289,GLW,255.43,-0.4663578913861784,-0.4227341582009103,-0.69252858990003,-0.32743465924286297,0.0,0.12,1.0,0.69252858990003,0.81252858990003,0.69252858990003,0.81252858990003,1.2132847403735225,8.179167028676702,18.377037305030818,1.2132847403735225,18.377037305030818,False,,-0.9679788316616031,0.48969,1.0,0.1978562653285835,0.2056,-0.5427341582009103,0.48969,valid,,,reinvestment_cap_hit,,False,ok,False,,Corning Inc,Technology,"Hardware, Equipment & Parts",general_dcf,219832764340.0,0.2056,0.10397779129905689,0.06963985974859185,0.1003852155704385,0.0035925757286183885,0.10744085629756046,0.1531156179155689,0.0475547969063439,1.8583934088568486,0.01829931537526393,0.002247259151031855,incremental_roic_below_wacc,8.0,2025.0,ttm,2026-05-01,2026-06-30,True,,,,0.69252858990003,0.09892813266429175,0.5,0.81252858990003,-0.81252858990003,robust_return<=0; median_irr<=hurdle,False
286,WDC,638.72,-0.493448234432435,-0.48068702790696977,-0.6541087647987296,-0.35831011711707117,0.0,0.12,1.0,0.6541087647987296,0.7741087647987296,0.6541087647987296,0.7741087647987296,8.98239374351021,25.600394979720505,56.31634835274867,8.98239374351021,56.31634835274867,False,,-0.9599192212867602,0.37602,1.0,0.1666187238408292,0.475,-0.6006870279069698,0.37602,valid,,,wacc_cap_hit,,False,ok,False,,Western Digital Corporation,Technology,Computer Hardware,general_dcf,220155287040.0,0.475,0.35459195087079776,,0.14,0.21459195087079774,0.04605611369385074,0.3078033455039484,-0.10470002969905501,-0.37948332079257585,0.04669938261833149,0.05966092682862967,ongoing_dilution;cyclical_revenue;peak_cycle_margins,8.0,2025.0,ttm,2026-04-30,2026-06-30,True,,,,0.6541087647987296,0.0833093619204146,0.5,0.7741087647987296,-0.7741087647987296,robust_return<=0; median_irr<=hurdle,False
320,XEL,80.3,-0.5406060101420734,-0.49256292195932466,-0.95,-0.22729819664964446,0.0,0.12,1.0,0.95,1.0699999999999998,0.95,1.0699999999999998,-20.286570500199137,-9.785663957018128,8.734739869808463,-20.286570500199137,8.734739869808463,False,,-1.121863810174572,0.67374,0.85,0.37563870167517777,0.506,-0.6125629219593247,0.5726789999999999,valid,,,reinvestment_cap_hit,,False,ok,True,bear,Xcel Energy Inc.,Utilities,Regulated Electric,general_dcf,50128845668.0,0.506,0.0445849679950444,0.03392438942790231,0.07247073998563944,-0.02788577199059504,0.17608053511468033,0.19626423069057194,0.03490643646473668,5.788793826539171,0.0024551744661855516,0.024965677922967222,elevated_leverage;thin_interest_coverage;incremental_roic_below_wacc,8.0,2025.0,annual,2026-02-25,2026-06-30,True,,,,0.95,0.18781935083758888,0.5,1.0699999999999998,-1.0699999999999998,robust_return<=0; median_irr<=hurdle,False
321,CRM,156.66,-0.5943613929084676,-0.6528674842935285,-0.95,-0.12171060304681301,0.0,0.12,1.0,0.95,1.0699999999999998,0.95,1.0699999999999998,-30.886585047988792,-0.5222150728762218,53.044472407468376,-30.886585047988792,53.044472407468376,False,,-1.0033334295472758,0.5484600000000001,0.85,0.4321908984765935,0.1667,-0.7728674842935285,0.466191,valid,,,forward_roic_cap_hit,,False,ok,True,bear,"Salesforce, Inc.",Technology,Software - Application,general_dcf,128304540000.0,0.1667,0.12198230527609223,1.3495777818937513,0.0894404962220759,0.03254180905401634,0.036566423432434825,0.21943075953209273,0.17684937422531677,2.2812998253739276,0.08399525003298589,-0.04403718618447794,heavy_sbc;peak_cycle_margins,8.0,2026.0,ttm,2026-05-28,2026-06-30,True,,,,0.95,0.21609544923829674,0.5,1.0699999999999998,-1.0699999999999998,robust_return<=0; median_irr<=hurdle,False
322,MCHP,91.2,-0.610717835381365,-0.588551560245105,-0.95,-0.31576822103525043,0.0,0.12,1.0,0.95,1.0699999999999998,0.95,1.0699999999999998,-6.772788683009274,-2.0496558489603127,3.5282736075820913,-6.772788683009274,3.5282736075820913,False,,-1.022474296589477,0.3852,1.0,0.3355598894823748,0.3807,-0.708551560245105,0.3852,valid,,,reinvestment_cap_hit,,False,ok,True,bear,Microchip Technology Incorporated,Technology,Semiconductors,general_dcf,49437604800.0,0.3807,0.035691234785719554,,0.12514676327113827,-0.08945552848541871,0.15852737070229608,0.10398676030638009,-0.017931178829099226,4.489486179413261,0.04098509632860778,-0.005654256190469442,elevated_leverage;thin_interest_coverage;cyclical_revenue,8.0,2026.0,ttm,2026-05-21,2026-06-30,True,,,,0.95,0.1677799447411874,0.5,1.0699999999999998,-1.0699999999999998,robust_return<=0; median_irr<=hurdle,False
323,GM,77.08,-0.7142418446348878,-0.9326653713321111,-0.95,-0.041636635875329356,0.0,0.12,0.75,0.95,1.0699999999999998,0.95,1.0699999999999998,-70.47963516631927,-33.62976861256682,26.330375995848577,-70.47963516631927,26.330375995848577,False,,-1.4362969461931347,0.40918770000000004,1.0,0.4719060510623353,0.2487,-1.052665371332111,0.40918770000000004,valid,,,forward_roic_floor_hit;share_change_floor_hit;reinvestment_cap_hit,,False,ok,True,bear,General Motors Company,Consumer Cyclical,Auto - Manufacturers,general_dcf,69500353230.19174,0.2487,0.012923644576468926,-0.24899975272828603,0.08615753917885646,-0.07323389460238754,0.054134788670623685,0.013443612117666813,0.03335752810947534,6.019923103809857,0.0,-0.14167131736471228,elevated_leverage;thin_interest_coverage;incremental_roic_below_wacc,8.0,2025.0,ttm,2026-04-28,2026-06-30,True,,,,0.95,0.23595302553116765,0.375,1.0699999999999998,-1.0699999999999998,robust_return<=0; median_irr<=hurdle,False
