rank,ticker,price,expected_irr,median_irr,p10_irr,p90_irr,above_hurdle_weight,hurdle_rate,permanent_loss_weight,worst_case_shortfall,worst_case_hurdle_gap,expected_shortfall,hurdle_cvar,intrinsic_value_low,intrinsic_value_base,intrinsic_value_high,intrinsic_value_bear,intrinsic_value_bull,scenario_order_inversion,scenario_order_note,upside_to_base,model_confidence,data_confidence,model_uncertainty,business_quality,valuation_excess,evidence_confidence,valuation_status,invalid_reason,invalid_fields,assumption_flags,valuation_alerts,requires_manual_review,roic_status,catastrophic_tail_floor_applied,catastrophic_tail_scenarios,name,sector,industry,model_family,market_cap,financial_persistence_score,roic,incremental_roic,wacc,roic_minus_wacc,normalized_operating_margin,current_operating_margin,revenue_cagr,net_debt_to_ebitda,sbc_intensity,net_share_change_cagr,risk_flags,years_of_data,latest_fiscal_year,anchor_source,latest_filing_date,price_as_of,is_price_fresh,shares_outstanding,beta,specialist_model_note,downside_penalty,ambiguity_penalty,permanent_loss_penalty,hurdle_penalty,robust_return,ineligible_reasons,eligible
1,UHS,158.33,0.2800254860034329,0.2983985316357575,0.12720271989819595,0.3961021608440206,1.0,0.12,0.0,0.0,0.0,0.0,0.0,177.83874716293,329.48191198832575,465.7948726291507,177.83874716293,465.7948726291507,False,,1.0809822016568291,0.7677,1.0,0.14141872047291232,0.7829,0.17839853163575753,0.7677,valid,,,share_change_floor_hit;intrinsic_2x_price,,False,ok,False,,"Universal Health Services, Inc.",Healthcare,Medical - Care Facilities,general_dcf,9912461179.0,0.7829,0.12468849972603302,0.22875878037240152,0.08085338218367222,0.0438351175423608,0.10734202554714209,0.11497840885602606,0.0705902397892153,1.87669620079509,0.006142007240454682,-0.05801175829131966,,8.0,2025.0,ttm,2026-05-07,2026-07-02,True,,,,0.0,0.07070936023645616,0.0,0.0,0.13695655273677107,,True
2,FOXA,56.48,0.28794399957405403,0.31076018144376577,0.11767130412627014,0.41258433128241445,0.75,0.12,0.0,0.0,0.002328695873729858,0.0,0.002328695873729858,69.06284458791374,136.2470136578029,192.13934402233303,69.06284458791374,192.13934402233303,False,,1.412305482609825,0.6848550000000001,1.0,0.15691086357807216,0.901,0.19076018144376578,0.6848550000000001,valid,,,forward_roic_cap_hit;share_change_floor_hit;intrinsic_2x_price,,False,ok,False,,Fox Corporation,Communication Services,Entertainment,general_dcf,24766753533.0,0.901,0.16895503711597137,0.8856477997370426,0.06524894817809566,0.10370608893787571,0.2005283937430593,0.19727177334732424,0.06996718821585945,0.8351403947734223,0.006437768240343348,-0.0882628934835914,,8.0,2025.0,ttm,2026-05-11,2026-07-02,True,,,,0.0,0.07845543178903608,0.0,0.002328695873729858,0.12831436818894038,,True
3,CTSH,41.99,0.24386668883380486,0.2534032388124616,0.15112320713233204,0.31753707057796415,1.0,0.12,0.0,0.0,0.0,0.0,0.0,54.4688090043784,77.81627197054618,98.27331617629844,54.4688090043784,98.27331617629844,False,,0.8532096206369655,0.8728,1.0,0.08702293172281605,0.8706,0.13340323881246158,0.8728,valid,,,,,False,ok,False,,Cognizant Technology Solutions Corporation,Technology,Information Technology Services,general_dcf,19897759310.0,0.8706,0.1723955492618894,0.1406886596808351,0.08330323084059112,0.08909231842129829,0.14961661544644123,0.1566383257030739,0.03921825270499446,-0.10875127942681678,0.008867044993919741,-0.02773719033995936,,8.0,2025.0,ttm,2026-04-29,2026-07-02,True,,,,0.0,0.04351146586140803,0.0,0.0,0.11643434683551647,,True
4,VICI,27.19,0.2861634629782821,0.3323514014556084,0.14759964754630328,0.3323514014556084,1.0,0.12,0.0,0.0,0.0,0.0,0.0,54.120430004309334,114.15715135935713,114.15715135935713,54.120430004309334,114.15715135935713,False,,3.1984976594099717,0.6,0.8,0.11037587695465254,0.4740870752279265,0.21235140145560838,0.48,valid,,,specialist_model_v1,,False,specialist,False,,VICI Properties Inc.,Real Estate,REIT - Specialty,reit,29277652709.829323,,,,,,,,,,,,,,,,,2026-07-02,True,1076780165.8635278,0.676,P/AFFO Gordon proxy; no property-level NOI or maintenance-capex detail,0.0,0.05518793847732627,0.0,0.0,0.10192867269869202,,True
5,OMC,78.62,0.2497908066638047,0.2565579729154706,0.1656032134662383,0.3204440673580393,1.0,0.12,0.0,0.0,0.0,0.0,0.0,123.75580364490641,183.6905451429708,237.98982573398303,123.75580364490641,237.98982573398303,False,,1.3364353236195723,0.679266,0.85,0.09154244694590051,0.8027,0.13655797291547062,0.5773761000000001,valid,,,base_growth_cap_hit;reinvestment_cap_hit;intrinsic_2x_price,,False,ok,False,,Omnicom Group Inc.,Communication Services,Advertising Agencies,general_dcf,22407187130.0,0.8027,0.10625854426677338,0.02465586598481794,0.06561597413140141,0.040642570135371966,0.14642359336986555,0.14972875016645534,0.017562263432874925,2.06084951795445,0.005825700645671198,-0.0033931429086506704,incremental_roic_below_wacc,8.0,2025.0,annual,2026-02-20,2026-07-02,True,,,,0.0,0.045771223472950255,0.0,0.0,0.07884530982584007,,True
6,ARE,52.58,0.23084687824900696,0.25418679410476974,0.1608271306817186,0.25418679410476974,1.0,0.12,0.0,0.0,0.0,0.0,0.0,110.83025458642908,163.16676369668727,163.16676369668727,110.83025458642908,163.16676369668727,False,,2.103209655699644,0.6,0.8,0.06467983171152555,0.6792452830188679,0.13418679410476975,0.48,valid,,,specialist_model_v1,,False,specialist,False,,"Alexandria Real Estate Equities, Inc.",Real Estate,REIT - Office,reit,9163064020.0,,,,,,,,,,,,,,,,,2026-07-02,True,174269000.0,1.202,P/AFFO Gordon proxy; no property-level NOI or maintenance-capex detail,0.0,0.03233991585576278,0.0,0.0,0.06440966117028947,,True
7,TTD,19.1,0.242271580779925,0.27161832181736834,0.07106442879885437,0.35478525068610905,0.75,0.12,0.0,0.0,0.048935571201145625,0.0,0.048935571201145625,17.65605480243949,36.79460031754332,48.7544788117607,17.65605480243949,48.7544788117607,False,,0.926418864792844,0.713,1.0,0.15047041094362734,0.9118,0.15161832181736834,0.713,valid,,,,,False,ok,False,,"The Trade Desk, Inc.",Communication Services,Advertising Agencies,general_dcf,8979069943.0,0.9118,0.3288207697076124,0.48860470771143266,0.09470487684370815,0.23411589286390427,0.1711063344506371,0.20259066659481598,0.29379367691523206,-1.3554265927034115,0.20234486555512426,-0.015605915567558415,heavy_sbc,8.0,2025.0,ttm,2026-05-07,2026-07-02,True,,,,0.0,0.07523520547181367,0.0,0.048935571201145625,0.059168292254638,,True
8,ACN,137.35,0.18987851096026137,0.20051923185237686,0.10535149106290195,0.2531240890733898,0.75,0.12,0.0,0.0,0.014648508937098043,0.0,0.014648508937098043,144.3847794734566,203.05669703395648,246.04749894898868,144.3847794734566,246.04749894898868,False,,0.4783887661736912,0.8805,1.0,0.07747129900524392,0.9914,0.08051923185237686,0.8805,valid,,,,,False,ok,False,,Accenture plc,Technology,Information Technology Services,general_dcf,84050248671.0,0.9914,0.27626761611460315,0.1529257172134055,0.09358422909195305,0.1826833870226501,0.14685586785883348,0.14870495924143984,0.0787194628184662,-0.14013902069557826,0.029918271047864795,-0.01433226453267622,,8.0,2025.0,ttm,2026-06-18,2026-07-02,True,,,,0.0,0.03873564950262196,0.0,0.014648508937098043,0.05624867470891978,,True
9,CMCSA,23.79,0.18892252802033915,0.18433135792147373,0.14855256511364134,0.2384748311247677,1.0,0.12,0.0,0.0,0.0,0.0,0.0,30.82128497316937,38.948187444777375,52.3852948171852,30.82128497316937,52.3852948171852,False,,0.6371663490869011,0.54318519,0.85,0.06316557730556317,0.7638,0.06433135792147374,0.4617074115,valid,,,forward_roic_floor_hit;share_change_floor_hit;wacc_floor_hit;reinvestment_cap_hit,,False,ok,False,,Comcast Corporation,Communication Services,Telecommunications Services,general_dcf,84983317109.0,0.7638,0.08412354861205212,-0.010702595763399403,0.065,0.01912354861205212,0.1873066409912772,0.1528360925302128,0.039212419385326935,2.407101662331788,0.010207942618366071,-0.06535161292900282,thin_interest_coverage;incremental_roic_below_wacc,8.0,2025.0,ttm,2026-04-23,2026-07-02,True,,,,0.0,0.031582788652781586,0.0,0.0,0.02970226474420366,,True
10,BXP,69.32,0.1812841148906808,0.20680439848341248,0.10472326411248578,0.20680439848341248,0.75,0.12,0.0,0.0,0.015276735887514215,0.0,0.015276735887514215,114.05807908098647,177.43650561485447,177.43650561485447,114.05807908098647,177.43650561485447,False,,1.5596726141785124,0.6,0.8,0.06904056718546334,0.6428106701366297,0.08680439848341248,0.48,valid,,,specialist_model_v1,,False,specialist,False,,"BXP, Inc.",Real Estate,REIT - Office,reit,11054972744.0,,,,,,,,,,,,,,,,,2026-07-02,True,159477390.9982689,1.062,P/AFFO Gordon proxy; no property-level NOI or maintenance-capex detail,0.0,0.03452028359273167,0.0,0.015276735887514215,0.026389375384523774,,True
11,AVB,193.96,0.17459171495212888,0.20978992142684083,0.06899709552799305,0.20978992142684083,0.75,0.12,0.0,0.0,0.05100290447200695,0.0,0.05100290447200695,270.7664191993365,502.64571682909525,502.64571682909525,270.7664191993365,502.64571682909525,False,,1.5914916314141845,0.6,0.8,0.08839641294942388,0.5386824360256111,0.08978992142684084,0.48,valid,,,specialist_model_v1,,False,specialist,False,,"AvalonBay Communities, Inc.",Real Estate,REIT - Residential,reit,27517493120.0,,,,,,,,,,,,,,,,,2026-07-02,True,141872000.0,0.789,P/AFFO Gordon proxy; no property-level NOI or maintenance-capex detail,0.0,0.04419820647471194,0.0,0.05100290447200695,-0.00790374218712335,robust_return<=0,False
12,ZTS,74.8,0.17194917712477037,0.18758130253991112,0.0506547866505571,0.2619793167687022,0.75,0.12,0.0,0.0,0.0693452133494429,0.0,0.0693452133494429,66.0513547171306,113.13882031191943,149.5207543307128,66.0513547171306,149.5207543307128,False,,0.5125510736887624,0.8991,1.0,0.10868926505907253,0.9836,0.06758130253991113,0.8991,valid,,,,,False,ok,False,,Zoetis Inc.,Healthcare,Drug Manufacturers - General,general_dcf,31358263226.000004,0.9836,0.2738915773093571,0.23669392751065474,0.07430521063528557,0.19958636667407154,0.359833772599066,0.3757492901461773,0.0718423707978999,1.7975369458128079,0.007994814174589455,-0.03523068558743281,,8.0,2025.0,ttm,2026-05-07,2026-07-02,True,,,,0.0,0.054344632529536266,0.0,0.0693452133494429,-0.008582864235808799,robust_return<=0,False
13,HPQ,21.93,0.1269559338630643,0.10810252197552475,0.10810252197552475,0.15935075453016911,0.5,0.12,0.0,0.0,0.011897478024475244,0.0,0.011897478024475244,23.287314389290795,23.287314389290795,30.003735205472786,25.028153723180118,30.003735205472786,True,"growth destroys value: forward ROIC 2.0% at/below WACC 8.8%, so higher-growth scenarios reinvest below the cost of capital and are worth less than the bear case",0.06189304100733217,0.669951,1.0,0.035525586277322184,0.9686,-0.011897478024475244,0.669951,valid,,,forward_roic_floor_hit;reinvestment_cap_hit,,False,ok,False,,HP Inc.,Technology,Computer Hardware,general_dcf,20055489390.0,0.9686,0.48920776765767315,-0.3893044128646223,0.08777724666707895,0.4014305209905942,0.06576206509215812,0.055088214291934445,-0.007949026438381246,1.435138387484958,0.008439291248903079,-0.041370451935990316,incremental_roic_below_wacc,8.0,2025.0,ttm,2026-05-28,2026-07-02,True,,,,0.0,0.017762793138661092,0.0,0.011897478024475244,-0.011897478024475244,robust_return<=0; median_irr<=hurdle,False
14,CPAY,352.46,0.16856966796622153,0.1835066478903173,0.04977855889010246,0.257486817194149,0.75,0.12,0.0,0.0,0.07022144110989753,0.0,0.07022144110989753,313.4295965769422,531.085557163483,701.4057152388998,313.4295965769422,701.4057152388998,False,,0.5067966781010131,0.8363,1.0,0.10876512915202327,0.9886,0.06350664789031729,0.8363,valid,,,,,False,ok,False,,"Corpay, Inc.",Technology,Software - Infrastructure,general_dcf,23037461971.0,0.9886,0.3029615309342451,,0.07519192162510221,0.2277696093091429,0.43970602965951056,0.4299182874928168,0.09277496065239532,0.6245828700803341,0.029367564797265832,-0.037931964668205365,thin_interest_coverage,8.0,2025.0,ttm,2026-05-08,2026-07-02,True,,,,0.0,0.054382564576011636,0.0,0.07022144110989753,-0.01711083147922518,robust_return<=0,False
15,UDR,41.09,0.1652744050612155,0.20461370780672516,0.04725649682468647,0.20461370780672516,0.75,0.12,0.0,0.0,0.07274350317531353,0.0,0.07274350317531353,51.76085691101714,104.2257780107864,104.2257780107864,51.76085691101714,104.2257780107864,False,,1.5365241667263665,0.6,0.8,0.09667860549101934,0.4966224085720941,0.08461370780672517,0.48,valid,,,specialist_model_v1,,False,specialist,False,,"UDR, Inc.",Real Estate,REIT - Residential,reit,13350798440.000002,,,,,,,,,,,,,,,,,2026-07-02,True,324916000.0,0.712,P/AFFO Gordon proxy; no property-level NOI or maintenance-capex detail,0.0,0.04833930274550967,0.0,0.07274350317531353,-0.032128923428085446,robust_return<=0,False
16,ELV,417.89,0.11710616662312531,0.10695738859212725,0.08673582797637211,0.16777406133187467,0.25,0.12,0.0,0.0,0.033264172023627886,0.0,0.033264172023627886,448.4942318543423,497.8383632025277,654.4855497992626,448.4942318543423,654.4855497992626,False,,0.191314372687855,0.6697080000000001,1.0,0.050427876677751275,0.8345,-0.013042611407872745,0.6697080000000001,valid,,,forward_roic_floor_hit;reinvestment_cap_hit,,False,ok,False,,Elevance Health Inc.,Healthcare,Medical - Healthcare Plans,general_dcf,90749986978.0,0.8345,0.14661352873315672,-0.055718693137273054,0.0705272847217987,0.07608624401135802,0.05862056864328994,0.038080981962427964,0.11643811436572027,-0.4061578774975434,0.0013860640301318267,-0.03174970957167689,incremental_roic_below_wacc,8.0,2025.0,ttm,2026-04-22,2026-07-02,True,,,,0.0,0.025213938338875638,0.0,0.033264172023627886,-0.033264172023627886,robust_return<=0; median_irr<=hurdle,False
17,ADBE,219.72,0.14720665136410394,0.15768238426535397,0.05227393721579578,0.22118789970991207,0.75,0.12,0.0,0.0,0.06772606278420422,0.0,0.06772606278420422,173.89343179581724,256.41674757281356,320.98469290480875,173.89343179581724,320.98469290480875,False,,0.1670159638303912,0.78426,1.0,0.09092918124705814,0.9778,0.037682384265353974,0.78426,valid,,,share_change_floor_hit,,False,ok,False,,Adobe Inc.,Technology,Software - Application,general_dcf,87338700000.0,0.9778,0.5828394717436669,,0.11021038262460543,0.4726290891190615,0.33594547644152983,0.36074291610445275,0.14827553206887933,0.14610620367550006,0.08746803069053709,-0.05143219139045718,heavy_sbc,8.0,2025.0,ttm,2026-06-15,2026-07-02,True,,,,0.0,0.04546459062352907,0.0,0.06772606278420422,-0.03817327610025771,robust_return<=0,False
18,APA,32.36,0.24473885662155231,0.2523830928839744,0.02648188704624775,0.4477073536720127,0.75,0.12,0.0,0.0,0.09351811295375224,0.0,0.09351811295375224,29.109547215908385,81.74180240839956,177.82503781347586,29.109547215908385,177.82503781347586,False,,1.5260136714585775,0.352431,1.0,0.23003980331288246,0.7238,0.13238309288397443,0.352431,valid,,,wacc_floor_hit;reinvestment_cap_hit;intrinsic_2x_price,,False,ok,False,,APA Corporation,Energy,Oil & Gas Exploration & Production,general_dcf,11438289200.0,0.7238,0.19597132963435437,0.008723172606689075,0.065,0.13097132963435437,0.3184182911929025,0.34630124259667866,0.028082479749838907,0.7987575301204819,0.0,0.020593996919940682,cyclical_revenue;incremental_roic_below_wacc,8.0,2025.0,ttm,2026-05-07,2026-07-02,True,,,,0.0,0.11501990165644123,0.0,0.09351811295375224,-0.046862207145560254,robust_return<=0,False
19,IT,136.32,0.18376873334636917,0.20302201236481784,0.009749055019347025,0.319281853636494,0.75,0.12,0.0,0.0,0.11025094498065297,0.0,0.11025094498065297,99.26214380252301,209.65899971823575,314.90165360541357,99.26214380252301,314.90165360541357,False,,0.5379914885433961,0.741,1.0,0.16253639930857347,0.9097,0.08302201236481785,0.741,valid,,,,,False,ok,False,,"Gartner, Inc.",Industrials,Consulting Services,general_dcf,9126882872.0,0.9097,0.5156024176736608,,0.0800691095501917,0.4355333081234691,0.17117715207499506,0.1643040718597466,0.07269833519446389,1.2645148373893313,0.02399120490250038,-0.04790800813604068,,8.0,2025.0,ttm,2026-05-05,2026-07-02,True,,,,0.0,0.08126819965428674,0.0,0.11025094498065297,-0.04873163381832294,robust_return<=0,False
20,EQR,69.83,0.15010034951356066,0.15919813863231447,0.04663224550873224,0.23537287528088147,0.75,0.12,0.0,0.0,0.07336775449126776,0.0,0.07336775449126776,87.70262566794995,146.1606337847264,200.9242469008178,87.70262566794995,200.9242469008178,False,,1.093092278171651,0.6,0.8,0.1123703148860746,0.6000427296800266,0.03919813863231447,0.48,valid,,,specialist_model_v1,,False,specialist,False,,Equity Residential,Real Estate,REIT - Residential,reit,26163345760.0,,,,,,,,,,,,,,,,,2026-07-02,True,374672000.0,0.764,P/AFFO Gordon proxy; no property-level NOI or maintenance-capex detail,0.0,0.0561851574430373,0.0,0.07336775449126776,-0.05455264794775681,robust_return<=0,False
21,HST,23.35,0.11869777968020234,0.14139184889995593,0.05061557202094158,0.14139184889995593,0.75,0.12,0.0,0.0,0.06938442797905842,0.0,0.06938442797905842,29.88863301481422,45.23355474328236,45.23355474328236,29.88863301481422,45.23355474328236,False,,0.9371972052797584,0.6,0.8,0.06338813843950716,0.6607624181748171,0.021391848899955934,0.48,valid,,,specialist_model_v1,,False,specialist,False,,"Host Hotels & Resorts, Inc.",Real Estate,REIT - Hotel & Motel,reit,15991931210.999998,,,,,,,,,,,,,,,,,2026-07-02,True,684879280.9850106,1.127,P/AFFO Gordon proxy; no property-level NOI or maintenance-capex detail,0.0,0.03169406921975358,0.0,0.06938442797905842,-0.05911634050707957,robust_return<=0,False
22,HUM,396.75,0.14536491097933324,0.15204155710962372,0.04113452541496375,0.2362420042831218,0.75,0.12,0.0,0.0,0.07886547458503625,0.0,0.07886547458503625,334.4399421575094,553.7658707406933,790.9366941789971,334.4399421575094,790.9366941789971,False,,0.3957551877522201,0.60102,1.0,0.10952313943407903,0.6587,0.032041557109623725,0.60102,valid,,,forward_roic_floor_hit;reinvestment_cap_hit,,False,ok,False,,Humana Inc.,Healthcare,Medical - Healthcare Plans,general_dcf,47634400125.0,0.6587,0.1021763675998857,-3.1877500630455566,0.07959906822434405,0.02257729937554165,0.03738824841318843,0.010087463556851311,0.12474239016717803,-3.6451760402377684,0.0017570515486669326,-0.017189413989020408,thin_interest_coverage;incremental_roic_below_wacc,8.0,2025.0,ttm,2026-04-29,2026-07-02,True,,,,0.0,0.054761569717039514,0.0,0.07886547458503625,-0.0596078579310102,robust_return<=0,False
23,MO,72.71,0.15189897649688647,0.17121488699922338,0.004247380921151517,0.2609187510679476,0.75,0.12,0.0,0.0,0.11575261907884848,0.0,0.11575261907884848,54.82190542737032,109.37413702069843,153.67001270579559,54.82190542737032,153.67001270579559,False,,0.504251643800006,0.8869,1.0,0.13172868507339805,0.9577,0.051214886999223386,0.8869,valid,,,,,False,ok,False,,"Altria Group, Inc.",Consumer Defensive,Tobacco,general_dcf,121417791697.0,0.9577,0.4597417918845177,,0.0656107126357819,0.3941310792487358,0.5487126521180992,0.5073114829245932,0.003685641666252071,1.8617246863403427,0.0,-0.024816219778510784,,8.0,2025.0,ttm,2026-04-30,2026-07-02,True,,,,0.0,0.06586434253669902,0.0,0.11575261907884848,-0.07033013579923726,robust_return<=0,False
24,INVH,30.53,0.12255928548236722,0.15335931830552685,0.030159187012888333,0.15335931830552685,0.75,0.12,0.0,0.0,0.08984081298711166,0.0,0.08984081298711166,35.419995692258155,62.30888045780007,62.30888045780007,35.419995692258155,62.30888045780007,False,,1.0409066641925997,0.6,0.8,0.07960006564631925,0.5684582266928556,0.03335931830552685,0.48,valid,,,specialist_model_v1,,False,specialist,False,,Invitation Homes Inc.,Real Estate,REIT - Residential,reit,18136102260.0,,,,,,,,,,,,,,,,,2026-07-02,True,594042000.0,0.853,P/AFFO Gordon proxy; no property-level NOI or maintenance-capex detail,0.0,0.03980003282315962,0.0,0.08984081298711166,-0.07382834020045878,robust_return<=0,False
25,EOG,130.78,0.2383019257234992,0.256674308545189,-0.014653325080871556,0.45451241088449035,0.75,0.12,0.0,0.014653325080871556,0.13465332508087155,0.014653325080871556,0.13465332508087155,92.01830294402455,280.5288328612211,611.5408852686862,92.01830294402455,611.5408852686862,False,,1.145043835916968,0.40383,1.0,0.25246796798268095,0.832,0.13667430854518903,0.40383,valid,,,reinvestment_cap_hit;intrinsic_2x_price,,False,ok,False,,"EOG Resources, Inc.",Energy,Oil & Gas Exploration & Production,general_dcf,69657220620.0,0.832,0.1921508373909426,0.11979666979573474,0.06745476894982637,0.12469606844111623,0.3240782636756039,0.3692076821530469,0.03975957813758413,0.36241358830596976,0.00851227649927282,-0.03044624297727938,cyclical_revenue,8.0,2025.0,ttm,2026-05-05,2026-07-02,True,,,,0.014653325080871556,0.12623398399134048,0.0,0.13465332508087155,-0.07946013906106786,robust_return<=0,False
26,INTU,275.35,0.1119593630130112,0.12395312025037131,0.015533682977547897,0.1843975285737543,0.75,0.12,0.0,0.0,0.1044663170224521,0.0,0.1044663170224521,198.10268118180792,314.12410306536265,400.62477480977026,198.10268118180792,400.62477480977026,False,,0.14081751612624882,0.8316,1.0,0.0894839227981032,0.9482,0.003953120250371311,0.8316,valid,,,,,False,ok,False,,Intuit Inc.,Technology,Software - Application,general_dcf,75318412950.0,0.9482,0.2272296769211967,0.14923128059271104,0.0894101564718859,0.13781952044931078,0.25922285642412646,0.2746953405017921,0.17679911512930202,0.018226002430133656,0.11912803193122505,-0.009479243496282042,heavy_sbc,8.0,2025.0,ttm,2026-05-20,2026-07-02,True,,,,0.0,0.0447419613990516,0.0,0.1044663170224521,-0.10117890222224332,robust_return<=0,False
27,O,63.84,0.11230007399289127,0.14853309339004084,0.003601015801442564,0.14853309339004084,0.75,0.12,0.0,0.0,0.11639898419855743,0.0,0.11639898419855743,64.9977524417135,127.58818071891909,127.58818071891909,64.9977524417135,127.58818071891909,False,,0.9985617280532437,0.6,0.8,0.09046603879429913,0.5094339622641509,0.028533093390040842,0.48,valid,,,specialist_model_v1,,False,specialist,False,,Realty Income Corporation,Real Estate,REIT - Retail,reit,59530323115.0,,,,,,,,,,,,,,,,,2026-07-02,True,932492529.9968671,0.734,P/AFFO Gordon proxy; no property-level NOI or maintenance-capex detail,0.0,0.04523301939714956,0.0,0.11639898419855743,-0.10270309937133783,robust_return<=0,False
28,LDOS,108.84,0.1713629429257708,0.2025481340126135,-0.05078691801754755,0.33114242169540375,0.75,0.12,0.0,0.05078691801754755,0.17078691801754753,0.05078691801754755,0.17078691801754753,62.759260776536706,185.42903981016724,301.788012788041,62.759260776536706,301.788012788041,False,,0.7036846730077841,0.6343920000000001,1.0,0.20193290985647563,0.792,0.08254813401261352,0.6343920000000001,valid,,,forward_roic_cap_hit;wacc_floor_hit,,False,ok,False,,"Leidos Holdings, Inc.",Technology,Information Technology Services,general_dcf,13690490119.0,0.792,0.14105264323409952,1.803534724862237,0.065,0.07605264323409952,0.08168230208944804,0.12032915921288015,0.07736031877777316,2.727711564790613,0.005101428399951986,-0.024762720249560388,,8.0,2025.0,ttm,2026-05-05,2026-07-02,True,,,,0.05078691801754755,0.10096645492823782,0.0,0.17078691801754753,-0.11841904218501761,robust_return<=0,False
29,REG,80.96,0.09144053462070759,0.12223644225984387,-0.0009471882967012624,0.12223644225984387,0.75,0.12,0.0,0.0009471882967012624,0.12094718829670126,0.0009471882967012624,0.12094718829670126,80.57730383516125,144.10940878211534,144.10940878211534,80.57730383516125,144.10940878211534,False,,0.7800075195419387,0.6,0.8,0.07959181527827255,0.5591397849462364,0.002236442259843874,0.48,valid,,,specialist_model_v1,,False,specialist,False,,Regency Centers Corporation,Real Estate,REIT - Retail,reit,14823516118.0,,,,,,,,,,,,,,,,,2026-07-02,True,183096789.9950593,0.832,P/AFFO Gordon proxy; no property-level NOI or maintenance-capex detail,0.0009471882967012624,0.03979590763913628,0.0,0.12094718829670126,-0.1198736960119762,robust_return<=0,False
30,DECK,104.69,0.08919476305018181,0.09768265250604602,-0.0015118885203264374,0.16292563570896168,0.25,0.12,0.0,0.0015118885203264374,0.12151188852032643,0.0015118885203264374,0.12151188852032643,70.74379750718,104.64793086483134,132.85004919775204,70.74379750718,132.85004919775204,False,,-0.00040184482919725095,0.7479899999999999,1.0,0.08977906211464406,0.9559,-0.022317347493953976,0.7479899999999999,valid,,,forward_roic_cap_hit,,False,ok,False,,Deckers Outdoor Corporation,Consumer Cyclical,Apparel - Footwear & Accessories,general_dcf,14539451890.0,0.9559,1.0092935769104932,10.520224177237193,0.10079908081809011,0.9084944960924031,0.18901089246657682,0.23004941381117394,0.15243133665375241,-1.1484377459644957,0.008219898369165564,-0.04035792293318252,,8.0,2026.0,ttm,2026-05-22,2026-07-02,True,,,,0.0015118885203264374,0.04488953105732203,0.0,0.12151188852032643,-0.12151188852032643,robust_return<=0; median_irr<=hurdle,False
31,TSN,58.89,0.12002537088119426,0.12049094383837658,-0.004715535987634184,0.24383513183565808,0.75,0.12,0.0,0.004715535987634184,0.12471553598763419,0.004715535987634184,0.12471553598763419,42.351110452639986,75.54298069193598,130.92080244239608,42.351110452639986,130.92080244239608,False,,0.2827811290870432,0.580446,1.0,0.13686195391164613,0.6055,0.0004909438383765841,0.580446,valid,,,forward_roic_floor_hit;reinvestment_cap_hit,,False,ok,False,,"Tyson Foods, Inc.",Consumer Defensive,Agricultural Farm Products,general_dcf,20964808023.0,0.6055,0.0388686065450989,-2.0474368084662204,0.06881517229959906,-0.029946565754500165,0.06748815026900128,0.0230479267635972,0.04482396796231858,2.8701741105223317,0.0018368509028122188,-0.00833372078387895,thin_interest_coverage;incremental_roic_below_wacc,8.0,2025.0,ttm,2026-05-04,2026-07-02,True,,,,0.004715535987634184,0.06843097695582306,0.0,0.12471553598763419,-0.12443056960042385,robust_return<=0,False
32,MCK,786.3,0.11363809885915546,0.13015436513087483,-0.020643015745736168,0.2148866809206084,0.75,0.12,0.0,0.020643015745736168,0.14064301574573618,0.020643015745736168,0.14064301574573618,528.7515099154748,996.8012032343624,1376.0952142189499,528.7515099154748,1376.0952142189499,False,,0.26771105587480926,0.7735500000000001,1.0,0.12455834833317227,0.9592,0.010154365130874837,0.7735500000000001,valid,,,forward_roic_cap_hit,,False,ok,False,,McKesson Corporation,Healthcare,Medical - Distribution,general_dcf,92058431400.0,0.9592,2.07770431466415,4.1175891113896075,0.06804253588898881,2.009661778775161,0.01369892604062704,0.015792082889224898,0.09457098304352618,0.6866489046773239,0.0,-0.04797506777090055,,8.0,2026.0,ttm,2026-05-08,2026-07-02,True,,,,0.020643015745736168,0.06227917416658613,0.0,0.14064301574573618,-0.13278810659874796,robust_return<=0,False
33,LEN,88.21,0.0880871620916878,0.08981217459077016,-0.01492407257901502,0.1876483717642259,0.25,0.12,0.0,0.01492407257901502,0.134924072579015,0.01492407257901502,0.134924072579015,52.04322370945926,80.60774895112259,128.78461662724098,52.04322370945926,128.78461662724098,False,,-0.08618355117194654,0.4536567,1.0,0.11767652117162046,0.4944,-0.030187825409229832,0.4536567,valid,,,forward_roic_floor_hit;share_change_floor_hit;reinvestment_cap_hit,,False,ok,False,,Lennar Corporation,Consumer Cyclical,Residential Construction,general_dcf,21902125855.0,0.4944,0.057819436282628055,-39.218177040906106,0.09963976020177345,-0.0418203239191454,0.13824940334022323,0.06016531328928665,0.07525893763257141,2.0796652158213473,0.004782353398523541,-0.057554321947309584,weak_cash_conversion;incremental_roic_below_wacc,8.0,2025.0,ttm,2026-06-29,2026-07-02,True,,,,0.01492407257901502,0.05883826058581023,0.0,0.134924072579015,-0.134924072579015,robust_return<=0; median_irr<=hurdle,False
34,BF-B,26.16,0.030432064313208718,0.04110876740887765,-0.014988598739728302,0.05449932117480787,0.0,0.12,0.0,0.014988598739728302,0.1349885987397283,0.014988598739728302,0.1349885987397283,18.169145367572373,23.17103678341174,24.33266446187077,18.169145367572373,24.33266446187077,False,,-0.11425700369221181,0.683235,1.0,0.044246909957268085,0.8717,-0.07889123259112235,0.683235,valid,,,forward_roic_floor_hit;reinvestment_cap_hit,,False,ok,False,,Brown-Forman Corporation,Consumer Defensive,Beverages - Wineries & Distilleries,general_dcf,12199510853.580114,0.8717,0.15606011445148024,-0.044201954155991735,0.06662888830137476,0.08943122615010549,0.2998562717978978,0.29022403258655805,0.024138370352259964,1.4959415584415585,0.007044025157232704,-0.014965924395725527,weak_cash_conversion;incremental_roic_below_wacc,8.0,2026.0,ttm,2026-06-12,2026-07-02,True,,,,0.014988598739728302,0.022123454978634043,0.0,0.1349885987397283,-0.1349885987397283,robust_return<=0; median_irr<=hurdle,False
35,PHM,133.67,0.06471110038692136,0.07260914744692859,-0.016547390952473477,0.13017349760630176,0.25,0.12,0.0,0.016547390952473477,0.13654739095247348,0.016547390952473477,0.13654739095247348,83.23714163185485,119.0063682526211,148.0352190615863,83.23714163185485,148.0352190615863,False,,-0.10970024498675013,0.6591600000000001,1.0,0.08358564427938761,0.7958,-0.047390852553071405,0.6591600000000001,valid,,,share_change_floor_hit,,False,ok,False,,"PulteGroup, Inc.",Consumer Cyclical,Residential Construction,general_dcf,25462310806.0,0.7958,0.16115075426634143,0.06851001784951659,0.10051382381627152,0.060636930450069904,0.17968502312346285,0.16402297759063325,0.0786780957076989,0.03128347128391695,0.0030473144461872353,-0.06369353690428192,incremental_roic_below_wacc,8.0,2025.0,ttm,2026-04-23,2026-07-02,True,,,,0.016547390952473477,0.041792822139693805,0.0,0.13654739095247348,-0.13654739095247348,robust_return<=0; median_irr<=hurdle,False
36,AFL,120.88,0.09042649836776198,0.10802309229676066,-0.01990749709115469,0.1655673059686813,0.25,0.12,0.0,0.01990749709115469,0.1399074970911547,0.01990749709115469,0.1399074970911547,109.31752411161331,201.8824234118087,260.040646110242,109.31752411161331,260.040646110242,False,,0.6701060838170807,0.6,0.8,0.11073740152991798,0.5414910434704986,-0.011976907703239337,0.48,valid,,,specialist_model_v1,,False,specialist,False,,Aflac Incorporated,Financial Services,Insurance - Life,insurance,61526106800.0,,,,,,,,,,,,,,,,,2026-07-02,True,508985000.0,0.61,Justified P/B residual-income proxy; no regulatory-capital or reserve-detail model,0.01990749709115469,0.05536870076495899,0.0,0.1399074970911547,-0.1399074970911547,robust_return<=0; median_irr<=hurdle,False
37,META,582.9,0.08940180793197218,0.10313733333023269,-0.02136787004928916,0.17270043511671251,0.25,0.12,0.0,0.02136787004928916,0.14136787004928916,0.02136787004928916,0.14136787004928916,331.89318098946063,576.9103450763638,765.2660099496949,331.89318098946063,765.2660099496949,False,,-0.010275613181739862,0.7459,1.0,0.10465715258300085,0.9547,-0.01686266666976731,0.7459,valid,,,,,False,ok,False,,"Meta Platforms, Inc.",Communication Services,Internet Content & Information,general_dcf,1479647034834.0,0.9547,0.2944559017512747,0.23494255125411584,0.1032079220564941,0.19124797969478058,0.3882502134788519,0.41213139005317195,0.20075970336662885,0.05113074980788231,0.10164405919409253,-0.01732277205233923,heavy_sbc,8.0,2025.0,ttm,2026-04-30,2026-07-02,True,,,,0.02136787004928916,0.05232857629150042,0.0,0.14136787004928916,-0.14136787004928916,robust_return<=0; median_irr<=hurdle,False
38,CPRT,30.01,0.04892263408401053,0.055682633910328176,-0.021803584718145398,0.10612885323353116,0.0,0.12,0.0,0.021803584718145398,0.1418035847181454,0.021803584718145398,0.1418035847181454,18.752745752938694,25.899497718978914,31.852167568122873,18.752745752938694,31.852167568122873,False,,-0.13697108567214555,0.8392,0.95,0.07029021897583827,0.978,-0.06431736608967181,0.79724,valid,,,,,False,ok,False,,"Copart, Inc.",Industrials,Specialty Business Services,general_dcf,27783602575.0,0.978,0.2961389065373297,0.3038365386306291,0.09491376773308816,0.20122513880424156,0.3705266255577967,0.36566622841310176,0.14458048241388965,-2.1418830709916064,0.00831613687897748,0.0002110956201459846,,8.0,2025.0,ttm,2026-05-29,2026-07-02,True,,,,0.021803584718145398,0.035145109487919136,0.0,0.1418035847181454,-0.1418035847181454,robust_return<=0; median_irr<=hurdle,False
39,HCA,410.5,0.10313070653319303,0.12003397454100198,-0.022889159414626166,0.19534403646539433,0.75,0.12,0.0,0.022889159414626166,0.14288915941462615,0.022889159414626166,0.14288915941462615,235.0747967871212,449.1890743327886,619.4127005719904,235.0747967871212,619.4127005719904,False,,0.09424865854516096,0.80496,1.0,0.11496779794001025,0.9669,3.397454100198538e-05,0.80496,valid,,,share_change_floor_hit,,False,ok,False,,"HCA Healthcare, Inc.",Healthcare,Medical - Care Facilities,general_dcf,91065237900.0,0.9669,0.22229449002053037,0.20581754978431388,0.08241995972287058,0.13987453029765978,0.1487826149175951,0.15673927842069435,0.07131449251891953,3.1417833740203007,0.0,-0.08375874484786883,elevated_leverage,8.0,2025.0,ttm,2026-04-29,2026-07-02,True,,,,0.022889159414626166,0.05748389897000512,0.0,0.14288915941462615,-0.14286181126810119,robust_return<=0,False
40,GL,180.49,0.08314008982260004,0.10024872940761376,-0.02355655585527272,0.15561945633044538,0.25,0.12,0.0,0.02355655585527272,0.14355655585527272,0.02355655585527272,0.14355655585527272,160.2096289047041,291.00973901311767,371.9866642069841,160.2096289047041,371.9866642069841,False,,0.6123316472553475,0.6,0.8,0.10758800609285904,0.5505301281256516,-0.01975127059238624,0.48,valid,,,specialist_model_v1,,False,specialist,False,,Globe Life Inc.,Financial Services,Insurance - Life,insurance,14014109952.0,,,,,,,,,,,,,,,,,2026-07-02,True,77644800.0,0.47,Justified P/B residual-income proxy; no regulatory-capital or reserve-detail model,0.02355655585527272,0.05379400304642952,0.0,0.14355655585527272,-0.14355655585527272,robust_return<=0; median_irr<=hurdle,False
41,AZO,3159.28,0.10429980003273163,0.1211048869239676,-0.024721646089346877,0.1997110723723382,0.75,0.12,0.0,0.024721646089346877,0.14472164608934687,0.024721646089346877,0.14472164608934687,2047.959094235335,3888.095946904415,5316.825261619865,2047.959094235335,5316.825261619865,False,,0.23069052027816928,0.81,1.0,0.11791635923084254,0.98,0.0011048869239676101,0.81,valid,,,share_change_floor_hit,,False,ok,False,,"AutoZone, Inc.",Consumer Cyclical,Specialty Retail,general_dcf,51576506553.0,0.98,0.2991518828607477,0.1586407035521743,0.06553592882704676,0.23361595403370092,0.19519689421872288,0.1802466316602026,0.07764003168086742,2.902763589288981,0.0057460497597979655,-0.06675336159101442,,8.0,2025.0,ttm,2026-06-12,2026-07-02,True,,,,0.024721646089346877,0.05895817961542127,0.0,0.14472164608934687,-0.1438266876809331,robust_return<=0,False
42,REGN,654.27,0.0936034247528369,0.08901099665527001,-0.026880331090069345,0.22327203679087687,0.25,0.12,0.0,0.026880331090069345,0.14688033109006934,0.026880331090069345,0.14688033109006934,434.23651025395753,721.526338353747,1301.5925537666212,434.23651025395753,1301.5925537666212,False,,0.10279599913452708,0.37260000000000004,1.0,0.1438981839404731,0.7719,-0.030989003344729982,0.37260000000000004,valid,,,forward_roic_floor_hit;reinvestment_cap_hit,,False,ok,False,,"Regeneron Pharmaceuticals, Inc.",Healthcare,Biotechnology,general_dcf,67404203940.0,0.7719,0.12871126768888835,-0.5041851875039128,0.06928280004723647,0.05942846764165188,0.3573214670473511,0.24324378669669428,0.1146107805044887,-1.450552877119762,0.06920152091254753,-0.01733245212203738,heavy_sbc;cyclical_revenue;incremental_roic_below_wacc,8.0,2025.0,ttm,2026-04-29,2026-07-02,True,,,,0.026880331090069345,0.07194909197023655,0.0,0.14688033109006934,-0.14688033109006934,robust_return<=0; median_irr<=hurdle,False
43,VZ,42.56,0.013114525470882687,0.0014705738867633324,-0.029230981622822554,0.07874793573282664,0.0,0.12,0.0,0.029230981622822554,0.14923098162282256,0.029230981622822554,0.14923098162282256,25.28137737817838,26.516787036021906,42.43307778717983,25.28137737817838,42.43307778717983,False,,-0.3769551918227936,0.6580683,1.0,0.0642474096778246,0.7606,-0.11852942611323666,0.6580683,valid,,,forward_roic_floor_hit;wacc_floor_hit;reinvestment_cap_hit,,False,ok,False,,Verizon Communications Inc.,Communication Services,Telecommunications Services,general_dcf,177711833600.0,0.7606,0.0784689418881008,-0.07161350908395321,0.065,0.0134689418881008,0.22817686263697068,0.2121728256651287,0.007814059039057186,3.891215473052898,0.0,0.0004755112461742872,elevated_leverage;thin_interest_coverage;incremental_roic_below_wacc,8.0,2025.0,ttm,2026-05-01,2026-07-02,True,,,,0.029230981622822554,0.0321237048389123,0.0,0.14923098162282256,-0.14923098162282256,robust_return<=0; median_irr<=hurdle,False
44,UNH,425.36,0.016352275854660585,0.011252347745175967,-0.032971826291759446,0.07587623422004985,0.0,0.12,0.0,0.032971826291759446,0.15297182629175943,0.032971826291759446,0.15297182629175943,260.56179888735267,308.196662277814,427.455502237178,260.56179888735267,427.455502237178,False,,-0.27544512347702177,0.6666300000000001,1.0,0.06442513025590464,0.7425,-0.10874765225482402,0.6666300000000001,valid,,,forward_roic_floor_hit;reinvestment_cap_hit,,False,ok,False,,UnitedHealth Group Incorporated,Healthcare,Medical - Healthcare Plans,general_dcf,386288303685.0,0.7425,0.09852363261447654,-0.07804786860320123,0.07232792171777444,0.0261957108967021,0.08231835080659637,0.041882267134817096,0.10236402697783231,2.0155413572785355,0.0025432324534448558,-0.014236812683171118,thin_interest_coverage;incremental_roic_below_wacc,8.0,2025.0,ttm,2026-05-05,2026-07-02,True,,,,0.032971826291759446,0.03221256512795232,0.0,0.15297182629175943,-0.15297182629175943,robust_return<=0; median_irr<=hurdle,False
45,MKC,53.45,0.11109026918129536,0.13103097297716895,-0.044824175327084936,0.22712330609792847,0.75,0.12,0.0,0.044824175327084936,0.16482417532708493,0.044824175327084936,0.16482417532708493,30.54708852362428,68.00766902406181,101.47085524576195,30.54708852362428,101.47085524576195,False,,0.27236050559516944,0.8472,1.0,0.1405577407125067,0.7388,0.011030972977168957,0.8472,valid,,,,,False,ok,False,,"McCormick & Company, Incorporated",Consumer Defensive,Packaged Foods,general_dcf,14370114919.999998,0.7388,0.07875956249661487,0.32789539622469666,0.06962370943096988,0.009135853065644989,0.1601489888335239,0.15342955400904437,0.03704045899573383,3.3107690094237823,0.007049689902880854,-0.0012351791227026565,elevated_leverage,8.0,2025.0,ttm,2026-06-25,2026-07-02,True,,,,0.044824175327084936,0.07027887035625335,0.0,0.16482417532708493,-0.1554787350208274,robust_return<=0,False
46,PAYX,106.35,0.039964343627798396,0.04943924655090088,-0.04169095166143958,0.10266983307083141,0.0,0.12,0.0,0.04169095166143958,0.16169095166143957,0.04169095166143958,0.16169095166143957,59.05363176109725,90.85253574314122,115.15920936956711,59.05363176109725,115.15920936956711,False,,-0.14572133762913753,0.893,1.0,0.0753903923661355,0.9848,-0.07056075344909912,0.893,valid,,,,,False,ok,False,,"Paychex, Inc.",Industrials,Staffing & Employment Services,general_dcf,37818060744.0,0.9848,0.2669146749755449,0.11548299094211043,0.08151057417758518,0.18540410079795971,0.39087679209438503,0.3855190417690418,0.08110856046543469,1.1618299414174935,0.01157569672053502,-0.003786515759150011,,8.0,2026.0,ttm,2026-06-24,2026-07-02,True,,,,0.04169095166143958,0.03769519618306775,0.0,0.16169095166143957,-0.16169095166143957,robust_return<=0; median_irr<=hurdle,False
47,HIG,137.85,0.06432961094474082,0.0817045411995887,-0.042390287123148074,0.13629964850293397,0.25,0.12,0.0,0.042390287123148074,0.16239028712314807,0.042390287123148074,0.16239028712314807,111.0067741920907,204.1503060132044,261.1386364676049,111.0067741920907,261.1386364676049,False,,0.4809597824679319,0.6,0.8,0.10734496781304101,0.5437502218826495,-0.0382954588004113,0.48,valid,,,specialist_model_v1,,False,specialist,False,,"The Hartford Insurance Group, Inc.",Financial Services,Insurance - Diversified,insurance,37788933537.0,,,,,,,,,,,,,,,,,2026-07-02,True,274130820.0,0.475,Justified P/B residual-income proxy; no regulatory-capital or reserve-detail model,0.042390287123148074,0.053672483906520504,0.0,0.16239028712314807,-0.16239028712314807,robust_return<=0; median_irr<=hurdle,False
48,DG,118.17,0.05408189591544217,0.05313032015110368,-0.046529584686504644,0.15659652804606597,0.25,0.12,0.0,0.046529584686504644,0.16652958468650464,0.046529584686504644,0.16652958468650464,66.52315544897081,106.25639856561222,178.60025833523247,66.52315544897081,178.60025833523247,False,,-0.10081747850036205,0.5347944000000001,1.0,0.1155192243662853,0.6944,-0.06686967984889632,0.5347944000000001,valid,,,forward_roic_floor_hit;wacc_floor_hit;reinvestment_cap_hit,,False,ok,False,,Dollar General Corporation,Consumer Defensive,Discount Stores,general_dcf,26066724076.0,0.6944,0.07596806166822054,-0.2711183121925683,0.065,0.010968061668220536,0.08277072295880822,0.05260713463649922,0.07576117177707786,4.016148906687545,0.001446310315582163,-0.007028310455815645,elevated_leverage;incremental_roic_below_wacc,8.0,2025.0,ttm,2026-06-02,2026-07-02,True,,,,0.046529584686504644,0.05775961218314265,0.0,0.16652958468650464,-0.16652958468650464,robust_return<=0; median_irr<=hurdle,False
49,NVR,6750.79,0.0569570207268271,0.06552295292203784,-0.04767848726341978,0.1444606643266525,0.25,0.12,0.0,0.04767848726341978,0.16767848726341977,0.04767848726341978,0.16767848726341977,3837.904677353886,6190.512305130581,8315.4397738755,3837.904677353886,8315.4397738755,False,,-0.08299438952617677,0.67896,1.0,0.10570077579503614,0.9453,-0.05447704707796215,0.67896,valid,,,share_change_floor_hit,,False,ok,False,,"NVR, Inc.",Consumer Cyclical,Residential Construction,general_dcf,18222353441.0,0.9453,0.43890376158831373,0.15018659962693287,0.08774099821957701,0.35116276336873675,0.16300107727747046,0.1571284113498671,0.05334976012067316,-0.4386105831452657,0.007011381627723662,-0.05851037133837722,,8.0,2025.0,ttm,2026-05-06,2026-07-02,True,,,,0.04767848726341978,0.05285038789751807,0.0,0.16767848726341977,-0.16767848726341977,robust_return<=0; median_irr<=hurdle,False
50,LMT,545.91,-0.0019165043417160386,-0.0037720774642366174,-0.04791852111375191,0.04779665867536099,0.0,0.12,0.0,0.04791852111375191,0.1679185211137519,0.04791852111375191,0.1679185211137519,304.97313519436193,375.2246950063601,490.55203574237925,304.97313519436193,490.55203574237925,False,,-0.31266198639636544,0.706806,1.0,0.056653409894556445,0.9652,-0.12377207746423662,0.706806,valid,,,forward_roic_floor_hit;reinvestment_cap_hit,,False,ok,False,,Lockheed Martin Corporation,Industrials,Aerospace & Defense,general_dcf,125866979243.68015,0.9652,0.24169910069956116,-0.22619799174616526,0.06727152319150623,0.17442757750805493,0.129345407397142,0.09880849364308061,0.04882312670059519,2.063995609220637,0.003921800772520756,-0.04412001399874721,incremental_roic_below_wacc,8.0,2025.0,ttm,2026-04-23,2026-07-02,True,,,,0.04791852111375191,0.028326704947278222,0.0,0.1679185211137519,-0.1679185211137519,robust_return<=0; median_irr<=hurdle,False
51,STZ,137.47,0.09527201185846937,0.11348831479554067,-0.04908554527792145,0.20319696312071756,0.25,0.12,0.0,0.04908554527792145,0.16908554527792144,0.04908554527792145,0.16908554527792144,79.51833817315519,162.9916635291688,235.41717050868323,79.51833817315519,235.41717050868323,False,,0.1856526044167366,0.78615,1.0,0.1325567541993195,0.8291,-0.006511685204459328,0.78615,valid,,,wacc_floor_hit,,False,ok,False,,"Constellation Brands, Inc.",Consumer Defensive,Beverages - Alcoholic,general_dcf,23480473582.0,0.8291,0.1193747389147867,,0.065,0.0543747389147867,0.32804807294105043,0.32137533538706153,0.017110861284923784,3.1415585588297263,0.006384324275489616,-0.036150883637098064,elevated_leverage,8.0,2026.0,ttm,2026-07-01,2026-07-02,True,,,,0.04908554527792145,0.06627837709965975,0.0,0.16908554527792144,-0.16908554527792144,robust_return<=0; median_irr<=hurdle,False
52,GD,373.54,0.06029680707979427,0.07300438211532315,-0.05130609715852185,0.14648456124705264,0.25,0.12,0.0,0.05130609715852185,0.17130609715852185,0.05130609715852185,0.17130609715852185,217.4830072537434,379.76465080803445,518.3456123785261,217.4830072537434,518.3456123785261,False,,0.016663947122220968,0.8617,1.0,0.10304432920278725,0.8673,-0.04699561788467685,0.8617,valid,,,,,False,ok,False,,General Dynamics Corporation,Industrials,Aerospace & Defense,general_dcf,101016492052.0,0.8673,0.1506532692968267,0.2569839233208686,0.06842776824534944,0.08222550105147727,0.10753809667743043,0.10236396074933095,0.054715790973965284,0.6769135227449153,0.0038351915500041914,-0.004899902567511161,,8.0,2025.0,ttm,2026-04-29,2026-07-02,True,,,,0.05130609715852185,0.051522164601393625,0.0,0.17130609715852185,-0.17130609715852185,robust_return<=0; median_irr<=hurdle,False
53,PEP,144.22,0.07138700800278461,0.08725118350703273,-0.051697946770582315,0.16274361176765528,0.25,0.12,0.0,0.051697946770582315,0.1716979467705823,0.051697946770582315,0.1716979467705823,83.10980376177689,156.40255001579266,215.85478876123884,83.10980376177689,215.85478876123884,False,,0.08447198735121808,0.8958,1.0,0.1103467792691188,0.9228,-0.032748816492967264,0.8958,valid,,,,,False,ok,False,,"PepsiCo, Inc.",Consumer Defensive,Beverages - Non-Alcoholic,general_dcf,197140219194.0,0.9228,0.17936782048978478,0.1883050065357062,0.06531016668080725,0.11405765380897753,0.14184361835179532,0.14794288049115234,0.054781936748586224,2.3006808697562047,0.003941036862847563,-0.0038601107950168023,,8.0,2025.0,ttm,2026-04-16,2026-07-02,True,,,,0.051697946770582315,0.0551733896345594,0.0,0.1716979467705823,-0.1716979467705823,robust_return<=0; median_irr<=hurdle,False
54,TSCO,31.76,0.01782407011487524,0.0232381330104545,-0.05252473263535646,0.07734474707394842,0.0,0.12,0.0,0.05252473263535646,0.17252473263535645,0.05252473263535646,0.17252473263535645,17.891497338762708,25.1088159292363,32.832958737247026,17.891497338762708,32.832958737247026,False,,-0.2094201533615775,0.656586,1.0,0.07523715985465243,0.842,-0.0967618669895455,0.656586,valid,,,wacc_floor_hit;reinvestment_cap_hit,,False,ok,False,,Tractor Supply Company,Consumer Cyclical,Specialty Retail,general_dcf,16656532000.0,0.842,0.1298717697760939,0.03805267903443068,0.065,0.06487176977609391,0.096563335188451,0.09276439472073225,0.1010940863197809,3.1679429940129578,0.0036757814296607986,-0.019772715036902033,elevated_leverage;incremental_roic_below_wacc,8.0,2025.0,ttm,2026-05-07,2026-07-02,True,,,,0.05252473263535646,0.037618579927326215,0.0,0.17252473263535645,-0.17252473263535645,robust_return<=0; median_irr<=hurdle,False
55,JKHY,146.87,0.03282725872559243,0.04334748656838204,-0.05307430087123064,0.09768836263683628,0.0,0.12,0.0,0.05307430087123064,0.17307430087123063,0.05307430087123064,0.17307430087123063,83.30845636959532,128.90690672004183,162.61116549021992,83.30845636959532,162.61116549021992,False,,-0.1223060753044064,0.9253,1.0,0.07762233175403345,0.9852,-0.07665251343161796,0.9253,valid,,,,,False,ok,False,,"Jack Henry & Associates, Inc.",Technology,Information Technology Services,general_dcf,10435230996.0,0.9852,0.23084539916000513,0.22769864648284072,0.07341876358913128,0.15742663557087383,0.22906459806807788,0.2599518461940248,0.06419713505886548,0.08034156186208843,0.013032019689981193,-0.006887635794286973,,8.0,2025.0,ttm,2026-05-07,2026-07-02,True,,,,0.05307430087123064,0.038811165877016725,0.0,0.17307430087123063,-0.17307430087123063,robust_return<=0; median_irr<=hurdle,False
56,ULTA,461.33,0.07971545438958857,0.09065624418726657,-0.05506970602436919,0.19261903520819038,0.25,0.12,0.0,0.05506970602436919,0.1750697060243692,0.05506970602436919,0.1750697060243692,246.09014294266225,463.5157065967178,697.1335175558016,246.09014294266225,697.1335175558016,False,,0.004737837549515067,0.5637599999999999,1.0,0.13693157061627978,0.9296,-0.02934375581273342,0.5637599999999999,valid,,,share_change_floor_hit,,False,ok,False,,"Ulta Beauty, Inc.",Consumer Cyclical,Specialty Retail,general_dcf,19832258844.0,0.9296,0.26004953487698196,0.14727490186479877,0.08349732252812636,0.1765522123488556,0.13493027782983869,0.1253874826786567,0.09144740440932342,1.0514073036716398,0.003787917016580005,-0.05282726615963795,cyclical_revenue,8.0,2025.0,ttm,2026-06-02,2026-07-02,True,,,,0.05506970602436919,0.06846578530813989,0.0,0.1750697060243692,-0.1750697060243692,robust_return<=0; median_irr<=hurdle,False
57,RMD,209.63,0.02727009707450637,0.036873926367843556,-0.05690675592923068,0.09223929149156905,0.0,0.12,0.0,0.05690675592923068,0.17690675592923066,0.05690675592923068,0.17690675592923066,113.043119025405,172.63290637320674,219.01825811966594,113.043119025405,219.01825811966594,False,,-0.17648759064443664,0.895,0.85,0.08222302371039987,0.9669,-0.08312607363215643,0.76075,valid,,,,,False,ok,False,,ResMed Inc.,Healthcare,Medical - Devices,general_dcf,30408169777.999996,0.9669,0.27077765352323035,0.2842006080502414,0.08270111439874583,0.18807653912448452,0.276682754846858,0.34282310142188516,0.11915995881196073,-0.3780847543321518,0.017113963106287607,-1.3601648521488485e-05,,8.0,2025.0,ttm,2026-04-30,2026-07-02,True,,,,0.05690675592923068,0.041111511855199935,0.0,0.17690675592923066,-0.17690675592923066,robust_return<=0; median_irr<=hurdle,False
58,KIM,25.32,0.007632803971701602,0.0002922386594657045,-0.0595559257443693,0.0895026643122443,0.0,0.12,0.0,0.0595559257443693,0.1795559257443693,0.0595559257443693,0.1795559257443693,18.62638489007383,25.357019044758204,38.86916261839137,18.62638489007383,38.86916261839137,False,,0.001462047581287651,0.6,0.8,0.09252929502830678,0.7345652443292332,-0.11970776134053429,0.48,valid,,,specialist_model_v1,,False,specialist,False,,Kimco Realty Corporation,Real Estate,REIT - Retail,reit,17075554800.0,,,,,,,,,,,,,,,,,2026-07-02,True,674390000.0,0.969,P/AFFO Gordon proxy; no property-level NOI or maintenance-capex detail,0.0595559257443693,0.04626464751415339,0.0,0.1795559257443693,-0.1795559257443693,robust_return<=0; median_irr<=hurdle,False
59,HRL,25.0,0.006064354017144089,0.0013628256041556873,-0.05996518656611441,0.08149695142637939,0.0,0.12,0.0,0.05996518656611441,0.1799651865661144,0.05996518656611441,0.1799651865661144,13.920976043800191,17.760787049309805,26.65809930587274,13.920976043800191,26.65809930587274,False,,-0.28956851802760786,0.6025590000000001,1.0,0.08265429899624689,0.6897,-0.11863717439584431,0.6025590000000001,valid,,,forward_roic_floor_hit;reinvestment_cap_hit,,False,ok,False,,Hormel Foods Corporation,Consumer Defensive,Packaged Foods,general_dcf,13757873975.0,0.6897,0.056166924608703754,-0.8173585816308039,0.06606901389033411,-0.009902089281630354,0.1019744015582596,0.05751382294355734,0.0345289804796276,2.052479806562443,0.0019489468699114664,0.0007539661826108102,incremental_roic_below_wacc,8.0,2025.0,ttm,2026-05-28,2026-07-02,True,,,,0.05996518656611441,0.041327149498123446,0.0,0.1799651865661144,-0.1799651865661144,robust_return<=0; median_irr<=hurdle,False
60,VEEV,192.74,0.005122293964086592,0.011304839857621147,-0.06066679205687249,0.05854628819797657,0.0,0.12,0.0,0.06066679205687249,0.18066679205687247,0.06066679205687249,0.18066679205687247,104.22538336187094,143.11678891786013,175.21986567699992,104.22538336187094,175.21986567699992,False,,-0.2574619232237204,0.72972,0.95,0.06921494012742453,0.963,-0.10869516014237884,0.693234,valid,,,forward_roic_cap_hit,,False,ok,False,,Veeva Systems Inc.,Healthcare,Medical - Healthcare Information Services,general_dcf,31309319907.000004,0.963,9.082956009376781,2.3158502216989403,0.0922976993587,8.990658310018082,0.2581749952379913,0.2879442012812664,0.2057893393406618,-7.174425570449095,0.0,0.007236486671113429,,8.0,2026.0,ttm,2026-06-05,2026-07-02,True,,,,0.06066679205687249,0.034607470063712266,0.0,0.18066679205687247,-0.18066679205687247,robust_return<=0; median_irr<=hurdle,False
61,CL,95.13,0.05482546478888256,0.07054239467834125,-0.06369901076541279,0.14191608056426053,0.25,0.12,0.0,0.06369901076541279,0.18369901076541278,0.06369901076541279,0.18369901076541278,51.91899927353677,95.57019133062848,128.70920660522708,51.91899927353677,128.70920660522708,False,,0.00462726091273491,0.9173,1.0,0.10528854566483666,0.9792,-0.04945760532165874,0.9173,valid,,,,,False,ok,False,,Colgate-Palmolive Company,Consumer Defensive,Household & Personal Products,general_dcf,76122009060.0,0.9792,0.4926913679182282,,0.0675231708612235,0.4251681970570047,0.22055648565468225,0.21207020918490022,0.03947009967583437,1.298335974643423,0.006270236932723441,-0.013575610736816568,,8.0,2025.0,ttm,2026-03-31,2026-07-02,True,,,,0.06369901076541279,0.05264427283241833,0.0,0.18369901076541278,-0.18369901076541278,robust_return<=0; median_irr<=hurdle,False
62,CLX,97.26,0.10251237716729523,0.12422922123223547,-0.06769716728013006,0.22928823348484006,0.75,0.12,0.0,0.06769716728013006,0.18769716728013006,0.06769716728013006,0.18769716728013006,52.10316503400492,122.05364126221767,185.4686606289056,52.10316503400492,185.4686606289056,False,,0.2549212550094351,0.7283700000000001,1.0,0.15664160038248506,0.936,0.004229221232235472,0.7283700000000001,valid,,,wacc_floor_hit,,False,ok,False,,The Clorox Company,Consumer Defensive,Household & Personal Products,general_dcf,11760776460.0,0.936,0.2552891596695252,,0.065,0.1902891596695252,0.16627615240393642,0.15680473372781065,0.021432522079732008,2.5653188180404354,0.010432821091216692,-0.00573336662121704,,8.0,2025.0,ttm,2026-04-30,2026-07-02,True,,,,0.06769716728013006,0.07832080019124253,0.0,0.18769716728013006,-0.18461672941120671,robust_return<=0,False
63,BRO,70.0,0.04456444929176051,0.0625107322368117,-0.06501258496007778,0.11824891765349643,0.0,0.12,0.0,0.06501258496007778,0.18501258496007777,0.06501258496007778,0.18501258496007777,50.01806268428444,94.79046798463024,122.4025519634436,50.01806268428444,122.4025519634436,False,,0.3541495426375749,0.6,0.8,0.1096307513067871,0.5276697514817059,-0.0574892677631883,0.48,valid,,,specialist_model_v1,,False,specialist,False,,"Brown & Brown, Inc.",Financial Services,Insurance - Brokers,insurance,23726360000.0,,,,,,,,,,,,,,,,,2026-07-02,True,338948000.0,0.624,Justified P/B residual-income proxy; no regulatory-capital or reserve-detail model,0.06501258496007778,0.05481537565339355,0.0,0.18501258496007777,-0.18501258496007777,robust_return<=0; median_irr<=hurdle,False
64,WRB,72.08,0.023115574600693023,0.03777348157279237,-0.0655460176989846,0.08246135295617196,0.0,0.12,0.0,0.0655460176989846,0.1855460176989846,0.0655460176989846,0.1855460176989846,51.357559009937425,86.76161399053936,107.12153235372573,51.357559009937425,107.12153235372573,False,,0.203684988769969,0.6,0.8,0.09200368532757827,0.5919387232185139,-0.08222651842720763,0.48,valid,,,specialist_model_v1,,False,specialist,False,,W. R. Berkley Corporation,Financial Services,Insurance - Property & Casualty,insurance,26833726160.000004,,,,,,,,,,,,,,,,,2026-07-02,True,372277000.00000006,0.311,Justified P/B residual-income proxy; no regulatory-capital or reserve-detail model,0.0655460176989846,0.046001842663789136,0.0,0.1855460176989846,-0.1855460176989846,robust_return<=0; median_irr<=hurdle,False
65,SWKS,62.56,0.061725899850716845,0.08662450257688763,-0.07281247257487845,0.1464670668239706,0.25,0.12,0.0,0.07281247257487845,0.19281247257487844,0.07281247257487845,0.19281247257487844,29.178486129040333,56.70588852755225,72.08899206292114,29.178486129040333,72.08899206292114,False,,-0.09357595064654345,0.44172,1.0,0.1263881696994245,0.6714,-0.03337549742311237,0.44172,valid,,,reinvestment_cap_hit,,False,ok,False,,"Skyworks Solutions, Inc.",Technology,Semiconductors,general_dcf,9409399360.0,0.6714,0.06385357176294354,,0.11281143302011507,-0.048957861257171525,0.27206351044866306,0.09368741191306283,0.007895169321973539,-0.5052881758764112,0.04315461943513643,-0.026626326824619295,cyclical_revenue,8.0,2025.0,ttm,2026-05-05,2026-07-02,True,,,,0.07281247257487845,0.06319408484971226,0.0,0.19281247257487844,-0.19281247257487844,robust_return<=0; median_irr<=hurdle,False
66,HSY,182.14,-0.016745222669851473,-0.0188015651045134,-0.07367031163303178,0.044292551162652696,0.0,0.12,0.25,0.07367031163303178,0.19367031163303178,0.07367031163303178,0.19367031163303178,91.4512148865626,115.90579792244817,161.0252704157292,91.4512148865626,161.0252704157292,False,,-0.36364446073104106,0.65529,0.85,0.07382273139784223,0.8432,-0.13880156510451339,0.5569965,valid,,,forward_roic_floor_hit;reinvestment_cap_hit,,False,ok,False,,The Hershey Company,Consumer Defensive,Food Confectioners,general_dcf,36945891230.0,0.8432,0.15424605174584108,-0.4027921326222956,0.06743339344783414,0.08681265829800694,0.21786215855119656,0.14080405132911095,0.05971136737461946,2.0316431247126587,0.005598424162477114,-0.003725755580062051,incremental_roic_below_wacc,8.0,2025.0,ttm,2026-04-30,2026-07-02,True,,,,0.07367031163303178,0.03691136569892112,0.125,0.19367031163303178,-0.19367031163303178,robust_return<=0; median_irr<=hurdle,False
67,SNA,412.09,0.007843493096515906,0.01609460536565168,-0.0739835481261252,0.07316830978088547,0.0,0.12,0.0,0.0739835481261252,0.1939835481261252,0.0739835481261252,0.1939835481261252,210.2433254306206,314.59755295986474,401.3189740169872,210.2433254306206,401.3189740169872,False,,-0.236580472809666,0.8254,0.85,0.08331392895350534,0.9141,-0.10390539463434831,0.70159,valid,,,,,False,ok,False,,Snap-on Incorporated,Industrials,Manufacturing - Tools & Accessories,general_dcf,21347051564.0,0.9141,0.1826697670219214,0.16516481002067349,0.07963682526630014,0.10303294175562125,0.2560587847667042,0.2575008242664029,0.046911038224504376,-0.20915720095358295,0.005598621877691645,-0.007435219273921656,,8.0,2025.0,annual,2026-02-12,2026-07-02,True,,,,0.0739835481261252,0.04165696447675267,0.0,0.1939835481261252,-0.1939835481261252,robust_return<=0; median_irr<=hurdle,False
68,DLR,173.3,-0.011710549841529527,0.009988971408750213,-0.07680911359236875,0.009988971408750213,0.0,0.12,0.25,0.07680911359236875,0.19680911359236875,0.07680911359236875,0.19680911359236875,116.21337274097745,182.13009760212327,182.13009760212327,116.21337274097745,182.13009760212327,False,,0.05095266937174414,0.6,0.8,0.06139904250055948,0.6380789022298455,-0.11001102859124978,0.48,valid,,,specialist_model_v1,,False,specialist,False,,"Digital Realty Trust, Inc.",Real Estate,REIT - Industrial,reit,60898659800.00001,,,,,,,,,,,,,,,,,2026-07-02,True,351406000.0,1.046,P/AFFO Gordon proxy; no property-level NOI or maintenance-capex detail,0.07680911359236875,0.03069952125027974,0.125,0.19680911359236875,-0.19680911359236875,robust_return<=0; median_irr<=hurdle,False
69,KDP,33.3,0.12529722930048598,0.15002887449227276,-0.0916381580289453,0.29276932624634366,0.75,0.12,0.25,0.0916381580289453,0.2116381580289453,0.0916381580289453,0.2116381580289453,13.503917974998528,48.00794542948736,88.938494667616,13.503917974998528,88.938494667616,False,,0.4416800429275485,0.4823064,1.0,0.2077345501376445,0.5562,0.03002887449227276,0.4823064,valid,,,base_growth_cap_hit;wacc_floor_hit;reinvestment_cap_hit,,False,ok,False,,Keurig Dr Pepper Inc.,Consumer Defensive,Beverages - Non-Alcoholic,general_dcf,45306630384.0,0.5562,0.0548537827757298,0.19519455993230328,0.065,-0.010146217224270206,0.2147024553505525,0.2129367327667611,0.12146383175230757,5.922415851038434,0.006383948928408573,-0.01535533550693835,elevated_leverage;thin_interest_coverage;cyclical_revenue,8.0,2025.0,ttm,2026-04-23,2026-07-02,True,,,,0.0916381580289453,0.10386727506882225,0.125,0.2116381580289453,-0.1971550396765254,robust_return<=0,False
70,COR,296.51,0.047642655096569814,0.06453504088276533,-0.07884226113674228,0.14034279975749087,0.25,0.12,0.25,0.07884226113674228,0.19884226113674228,0.07884226113674228,0.19884226113674228,146.93602732190965,285.1408998819534,389.8469380290503,146.93602732190965,389.8469380290503,False,,-0.03834305796784798,0.9128,1.0,0.11220853044711658,0.973,-0.05546495911723466,0.9128,valid,,,,,False,ok,False,,"Cencora, Inc.",Healthcare,Medical - Distribution,general_dcf,57689299901.0,0.973,0.23676178645995674,0.5179923594370694,0.06924989454412805,0.1675118919158287,0.010527337797762354,0.012782797158055408,0.097128283927292,1.9227698549026733,0.0004753495006402461,-0.025629562300649278,,8.0,2025.0,ttm,2026-05-06,2026-07-02,True,,,,0.07884226113674228,0.05610426522355829,0.125,0.19884226113674228,-0.19884226113674228,robust_return<=0; median_irr<=hurdle,False
71,YUM,164.73,0.07168437868094771,0.09259314256487415,-0.07991895271115934,0.1814701823052019,0.25,0.12,0.25,0.07991895271115934,0.19991895271115934,0.07991895271115934,0.19991895271115934,80.70109679007255,179.543044504161,261.2315933144169,80.70109679007255,261.2315933144169,False,,0.0899231743104536,0.8471,1.0,0.13528156750818063,0.9664,-0.027406857435125845,0.8471,valid,,,,,False,ok,False,,"Yum! Brands, Inc.",Consumer Cyclical,Restaurants,general_dcf,45403080605.0,0.9664,0.5756180142001835,0.5520743240101674,0.06897785651850488,0.5066401576816787,0.32226093622302104,0.3146729522687095,0.05389975012472825,3.896575579384296,0.009140283481255795,-0.012806997138931409,elevated_leverage,8.0,2025.0,ttm,2026-05-06,2026-07-02,True,,,,0.07991895271115934,0.06764078375409031,0.125,0.19991895271115934,-0.19991895271115934,robust_return<=0; median_irr<=hurdle,False
72,CCI,76.6,-0.07044055860868326,-0.08049496356203611,-0.08049496356203611,-0.04027734374862468,0.0,0.12,0.75,0.08049496356203611,0.2004949635620361,0.08049496356203611,0.2004949635620361,50.34998336676781,50.34998336676781,62.36738090285001,50.34998336676781,62.36738090285001,False,,-0.34268951218318777,0.6,0.8,0.03810880990670571,1.0,-0.2004949635620361,0.48,valid,,,specialist_model_v1,,False,specialist,False,,Crown Castle Inc.,Real Estate,REIT - Specialty,reit,33432221898.0,,,,,,,,,,,,,,,,,2026-07-02,True,436451983.002611,0.972,P/AFFO Gordon proxy; no property-level NOI or maintenance-capex detail,0.08049496356203611,0.019054404953352855,0.375,0.2004949635620361,-0.2004949635620361,robust_return<=0; median_irr<=hurdle,False
73,GEHC,65.57,0.015521710831671979,0.026049748249352002,-0.08148823793744665,0.09147558476543056,0.0,0.12,0.25,0.08148823793744665,0.20148823793744663,0.08148823793744665,0.20148823793744663,30.43499230866058,50.019605748249404,67.65633743282008,30.43499230866058,67.65633743282008,False,,-0.23715714887525685,0.8666,0.95,0.0919839113514386,0.65,-0.093950251750648,0.82327,valid,,,,,False,ok,False,,GE HealthCare Technologies Inc.,Healthcare,Medical - Healthcare Information Services,general_dcf,29827254407.92999,0.65,0.10203341077046901,,0.07716572008294602,0.024867690687522995,0.13391515151515151,0.12458654906284454,0.036502995670744776,2.825212947189097,0.006303030303030303,0.002252164158787817,,7.0,2025.0,ttm,2026-04-29,2026-07-02,True,,,,0.08148823793744665,0.0459919556757193,0.125,0.20148823793744663,-0.20148823793744663,robust_return<=0; median_irr<=hurdle,False
74,RSG,217.34,0.010779053988517286,0.021654355755890746,-0.08406506109458856,0.0838725655368762,0.0,0.12,0.25,0.08406506109458856,0.20406506109458855,0.08406506109458856,0.20406506109458855,108.06076841845402,176.0612996040348,230.87349759162703,108.06076841845402,230.87349759162703,False,,-0.18992684455675535,0.8645,1.0,0.08803381331573239,0.9818,-0.09834564424410924,0.8645,valid,,,,,False,ok,False,,"Republic Services, Inc.",Industrials,Waste Management,general_dcf,66867712669.0,0.9818,0.22720087111398243,,0.06973260324426715,0.1574682678697153,0.1819383189583541,0.20047918538484577,0.0743948770161611,0.02582469368520264,0.002619760479041916,-0.00846042704530936,,8.0,2025.0,ttm,2026-05-08,2026-07-02,True,,,,0.08406506109458856,0.044016906657866194,0.125,0.20406506109458855,-0.20406506109458855,robust_return<=0; median_irr<=hurdle,False
75,AOS,62.72,-0.004383568654884557,0.0018306332291104176,-0.0855484558502212,0.06435291477246213,0.0,0.12,0.25,0.0855484558502212,0.2055484558502212,0.0855484558502212,0.2055484558502212,27.993887417177877,41.76133955440799,53.45986466363457,27.993887417177877,53.45986466363457,False,,-0.33416231577793387,0.8202,1.0,0.08034468531134166,0.9523,-0.11816936677088957,0.8202,valid,,,,,False,ok,False,,A. O. Smith Corporation,Industrials,Industrial - Machinery,general_dcf,8762410182.0,0.9523,0.23595830407238708,0.2108640304651065,0.0996728991815209,0.13628540489086616,0.17426573959201086,0.18547181195729165,0.026568913605153677,0.5690934238652081,0.0036029450159260614,-0.03689098878566355,,8.0,2025.0,ttm,2026-04-30,2026-07-02,True,,,,0.0855484558502212,0.04017234265567083,0.125,0.2055484558502212,-0.2055484558502212,robust_return<=0; median_irr<=hurdle,False
76,MSFT,390.49,-0.017131802980293265,-0.01016626690689006,-0.08750714043562764,0.03931246232823472,0.0,0.12,0.25,0.08750714043562764,0.20750714043562762,0.08750714043562764,0.20750714043562762,165.1745821814047,241.159079008157,301.00162954355244,165.1745821814047,301.00162954355244,False,,-0.38241932185675176,0.8866,1.0,0.06681180138193119,0.9665,-0.13016626690689007,0.8866,valid,,,,,False,ok,False,,Microsoft Corporation,Technology,Software - Infrastructure,general_dcf,2900727630700.0,0.9665,0.314282938036682,0.18198460153252746,0.09907979715368188,0.21520314088300013,0.416838797545377,0.4680164512855316,0.14325890661039442,-0.1106362871652145,0.04379043904667879,-0.004217586191098577,,8.0,2025.0,ttm,2026-04-29,2026-07-02,True,,,,0.08750714043562764,0.03340590069096559,0.125,0.20750714043562762,-0.20750714043562762,robust_return<=0; median_irr<=hurdle,False
77,BBY,77.99,-0.04517670696077399,-0.04317564920056608,-0.08800758289871735,-0.006347946543246479,0.0,0.12,0.25,0.08800758289871735,0.20800758289871735,0.08800758289871735,0.20800758289871735,33.506586715168375,38.85846661213795,43.6148199573677,33.506586715168375,43.6148199573677,False,,-0.5017506524921406,0.636174,1.0,0.05174459817773543,0.8677,-0.16317564920056607,0.636174,valid,,,forward_roic_floor_hit;reinvestment_cap_hit,,False,ok,False,,"Best Buy Co., Inc.",Consumer Cyclical,Specialty Retail,general_dcf,16437718329.999998,0.8677,0.20029965448790993,-0.924970503328091,0.09829149906492747,0.10200815542298246,0.04287632678200361,0.03397037744863832,-0.004005800635851875,1.0630590339892665,0.0033370155573966675,-0.02173620837992507,incremental_roic_below_wacc,8.0,2026.0,ttm,2026-06-05,2026-07-02,True,,,,0.08800758289871735,0.025872299088867717,0.125,0.20800758289871735,-0.20800758289871735,robust_return<=0; median_irr<=hurdle,False
78,MTB,238.88,0.010683503083562806,0.028684495008533872,-0.09286303243266647,0.07822805474984995,0.0,0.12,0.25,0.09286303243266647,0.21286303243266647,0.09286303243266647,0.21286303243266647,146.73851461995145,275.1634588581457,348.1231693993525,146.73851461995145,348.1231693993525,False,,0.15188989810007403,0.6,0.8,0.1035455435912582,0.533277620614586,-0.09131550499146612,0.48,valid,,,specialist_model_v1,,False,specialist,False,,M&T Bank Corporation,Financial Services,Banks - Regional,bank,34982795933.0,,,,,,,,,,,,,,,,,2026-07-02,True,146445060.00083724,0.587,Justified P/B residual-income proxy; no regulatory-capital or reserve-detail model,0.09286303243266647,0.0517727717956291,0.125,0.21286303243266647,-0.21286303243266647,robust_return<=0; median_irr<=hurdle,False
79,CDW,133.37,0.05714369774286755,0.07632949323742652,-0.0957008549565216,0.17161665945313875,0.25,0.12,0.25,0.0957008549565216,0.21570085495652158,0.0957008549565216,0.21570085495652158,56.08597396635789,124.4657370434635,187.3204511453598,56.08597396635789,187.3204511453598,False,,-0.06676361218067406,0.7953,1.0,0.13979975720483018,0.8474,-0.043670506762573474,0.7953,valid,,,,,False,ok,False,,CDW Corporation,Technology,Information Technology Services,general_dcf,17038477760.0,0.8474,0.156690489729125,0.3479403851802383,0.08135836497168861,0.07533212475743639,0.0706090264135506,0.07296287241102302,0.04716837528114315,2.8305541433655312,0.003081143118383519,-0.01859168381327636,,8.0,2025.0,ttm,2026-05-06,2026-07-02,True,,,,0.0957008549565216,0.06989987860241509,0.125,0.21570085495652158,-0.21570085495652158,robust_return<=0; median_irr<=hurdle,False
80,BMY,58.13,0.11036167132842825,0.13539876455906785,-0.10315193291753529,0.2738010891131126,0.75,0.12,0.25,0.10315193291753529,0.22315193291753527,0.10315193291753529,0.22315193291753527,26.644554214204494,77.14627681178352,136.1548366470935,26.644554214204494,136.1548366470935,False,,0.3271336110748928,0.48384,1.0,0.20396131101532392,0.8828,0.015398764559067857,0.48384,valid,,,wacc_floor_hit,,False,ok,False,,Bristol-Myers Squibb Company,Healthcare,Drug Manufacturers - General,general_dcf,118705529100.0,0.8828,0.1901788524522589,,0.065,0.1251788524522589,0.20325958745177736,0.2567138319376263,0.11452717234836363,2.1182118585946754,0.011474457401336267,-0.016179757587517773,cyclical_revenue,8.0,2025.0,ttm,2026-04-30,2026-07-02,True,,,,0.10315193291753529,0.10198065550766196,0.125,0.22315193291753527,-0.21570139467327587,robust_return<=0,False
81,DHI,158.57,-0.03065102803739134,-0.039943970166495965,-0.09751529271597972,0.05479912089940629,0.0,0.12,0.25,0.09751529271597972,0.21751529271597972,0.09751529271597972,0.21751529271597972,64.5590629586586,71.54424550314393,120.38744148511667,64.5590629586586,120.38744148511667,False,,-0.5488160086829543,0.46218600000000004,1.0,0.092291626807693,0.6813,-0.15994397016649597,0.46218600000000004,valid,,,forward_roic_floor_hit;share_change_floor_hit;reinvestment_cap_hit,,False,ok,False,,"D.R. Horton, Inc.",Consumer Cyclical,Residential Construction,general_dcf,44967219233.0,0.6813,0.10598139767609463,-0.07310092748107339,0.10531075658482252,0.0006706410912721145,0.15579730005557357,0.11755286610452076,0.11418597975037237,1.1532294097204985,0.003209117044460265,-0.0660906060779104,incremental_roic_below_wacc,8.0,2025.0,ttm,2026-04-23,2026-07-02,True,,,,0.09751529271597972,0.0461458134038465,0.125,0.21751529271597972,-0.21751529271597972,robust_return<=0; median_irr<=hurdle,False
82,BIIB,216.12,0.016220439878816276,0.03636305116233419,-0.09967679615365338,0.09183245334425011,0.0,0.12,0.25,0.09967679615365338,0.21967679615365338,0.09967679615365338,0.21967679615365338,100.24699086097917,188.4290466448058,242.77635907437218,100.24699086097917,242.77635907437218,False,,-0.1281276760836304,0.545535,1.0,0.10938857474895175,0.6394,-0.08363694883766581,0.545535,valid,,,forward_roic_floor_hit;reinvestment_cap_hit,,False,ok,False,,Biogen Inc.,Healthcare,Drug Manufacturers - General,general_dcf,31907308440.0,0.6394,0.0623382006553154,-0.11553738708399777,0.06662081506424616,-0.004282614408930761,0.2706785477390644,0.15646113579645748,-0.04410238223859042,0.9726039088503883,0.029641408272684647,0.005449698886245358,incremental_roic_below_wacc,8.0,2025.0,ttm,2026-04-29,2026-07-02,True,,,,0.09967679615365338,0.054694287374475875,0.125,0.21967679615365338,-0.21967679615365338,robust_return<=0; median_irr<=hurdle,False
83,MRSH,178.54,-0.03794239766224897,-0.019469563621485997,-0.10070859578461355,-0.01212186762141032,0.0,0.12,0.25,0.10070859578461355,0.22070859578461355,0.10070859578461355,0.22070859578461355,105.01171272354087,161.82325240292937,167.9779939726138,105.01171272354087,167.9779939726138,False,,-0.09363026547031827,0.6,0.8,0.06229336408160161,0.6489284522725358,-0.139469563621486,0.48,valid,,,specialist_model_v1,,False,specialist,False,,"Marsh & McLennan Companies, Inc.",Financial Services,Insurance - Brokers,insurance,86019679300.0,,,,,,,,,,,,,,,,,2026-07-02,True,481795000.0,0.611,Justified P/B residual-income proxy; no regulatory-capital or reserve-detail model,0.10070859578461355,0.031146682040800806,0.125,0.22070859578461355,-0.22070859578461355,robust_return<=0; median_irr<=hurdle,False
84,ADP,242.27,-0.014033196488890079,-0.004034223148482823,-0.10155424814438448,0.0534899084857898,0.0,0.12,0.25,0.10155424814438448,0.22155424814438446,0.10155424814438448,0.22155424814438446,103.44049804127212,164.63702751737767,210.95197689155185,103.44049804127212,210.95197689155185,False,,-0.32043989137170237,0.81504,1.0,0.08307087831508715,0.9696,-0.12403422314848282,0.81504,valid,,,forward_roic_cap_hit,,False,ok,False,,"Automatic Data Processing, Inc.",Industrials,Staffing & Employment Services,general_dcf,96843624500.0,0.9696,0.4302288063895208,1.6727003162548022,0.08540620050116356,0.3448226058883573,0.22604047931542276,0.19199092613596908,0.06389343834085914,0.21501974691706294,0.012680574505535709,-0.015108784872464032,,8.0,2025.0,ttm,2026-04-30,2026-07-02,True,,,,0.10155424814438448,0.041535439157543576,0.125,0.22155424814438446,-0.22155424814438446,robust_return<=0; median_irr<=hurdle,False
85,ORLY,90.25,0.0034669207976549127,0.016668296989519174,-0.10169603570247998,0.08222712491406128,0.0,0.12,0.25,0.10169603570247998,0.22169603570247998,0.10169603570247998,0.22169603570247998,39.7007000515539,71.11926416340066,94.43755136540102,39.7007000515539,94.43755136540102,False,,-0.21197491231689025,0.9176,1.0,0.09443358030827063,0.9852,-0.10333170301048082,0.9176,valid,,,,,False,ok,False,,"O'Reilly Automotive, Inc.",Consumer Cyclical,Specialty Retail,general_dcf,74791535880.0,0.9852,0.37451865338884893,0.19740063058460058,0.0685039575881502,0.30601469580069873,0.19813277759802017,0.19558556877559755,0.09309116056016165,2.0754814848813536,0.0017398535945232336,-0.031709650607369966,,8.0,2025.0,ttm,2026-05-08,2026-07-02,True,,,,0.10169603570247998,0.04721679015413532,0.125,0.22169603570247998,-0.22169603570247998,robust_return<=0; median_irr<=hurdle,False
86,AVY,166.97,-0.028976859123940782,-0.02112423712969755,-0.10293239921738857,0.02927343698102052,0.0,0.12,0.25,0.10293239921738857,0.22293239921738855,0.10293239921738857,0.22293239921738855,69.8888263215488,101.04174163856912,127.59108805476052,69.8888263215488,127.59108805476052,False,,-0.39485092149147083,0.8279,1.0,0.07126591809920454,0.8491,-0.14112423712969754,0.8279,valid,,,,,False,ok,False,,Avery Dennison Corporation,Consumer Cyclical,Packaging & Containers,general_dcf,12771602088.0,0.8491,0.14469532757525053,0.0533767593904854,0.07706665279114369,0.06762867478410683,0.12112797327355174,0.12449892845642205,0.03084742229791626,2.424055406980731,0.0031505843825870928,-0.02154775086462868,incremental_roic_below_wacc,8.0,2025.0,ttm,2026-05-05,2026-07-02,True,,,,0.10293239921738857,0.03563295904960227,0.125,0.22293239921738855,-0.22293239921738855,robust_return<=0; median_irr<=hurdle,False
87,INCY,116.86,0.02849258887290492,0.03663446799619126,-0.10498994595836841,0.14569136545760558,0.25,0.12,0.25,0.10498994595836841,0.2249899459583684,0.10498994595836841,0.2249899459583684,52.784772597441304,98.72604075619493,150.3782017854615,52.784772597441304,150.3782017854615,False,,-0.15517678627250608,0.66411,1.0,0.135417355707987,0.813,-0.08336553200380874,0.66411,valid,,,forward_roic_cap_hit,,False,ok,False,,Incyte Corporation,Healthcare,Biotechnology,general_dcf,23346542633.0,0.813,0.713941769836407,3.085292852414928,0.08434488189772353,0.6295968879386835,0.17580748591964146,0.27051643157458843,0.15439286151799103,-2.5773950303242135,0.05841707369936918,-0.026171866110031528,heavy_sbc;peak_cycle_margins,8.0,2025.0,ttm,2026-04-28,2026-07-02,True,,,,0.10498994595836841,0.0677086778539935,0.125,0.2249899459583684,-0.2249899459583684,robust_return<=0; median_irr<=hurdle,False
88,FIS,41.8,0.03219976859982128,0.03871025147382171,-0.10588106017094101,0.15725963162258272,0.25,0.12,0.25,0.10588106017094101,0.225881060170941,0.10588106017094101,0.225881060170941,17.625917604103964,33.52703453963846,58.9021266732454,17.625917604103964,58.9021266732454,False,,-0.19791783397994112,0.464049,1.0,0.14764887589676187,0.3092,-0.08128974852617829,0.464049,valid,,,share_change_floor_hit;reinvestment_cap_hit,,False,ok,False,,"Fidelity National Information Services, Inc.",Technology,Information Technology Services,general_dcf,21605542200.0,0.3092,0.0717757196636924,,0.07760516588411745,-0.005829446220425055,0.16954243194082974,0.17901869960542116,0.03445541525790263,0.8243306716768436,0.016952327432799476,-0.05052281217146859,cyclical_revenue,8.0,2025.0,ttm,2026-05-08,2026-07-02,True,,,,0.10588106017094101,0.07382443794838094,0.125,0.225881060170941,-0.225881060170941,robust_return<=0; median_irr<=hurdle,False
89,PG,151.41,0.015025062701897724,0.027772110965452197,-0.10630377675406631,0.11085980563075282,0.0,0.12,0.25,0.10630377675406631,0.22630377675406632,0.10630377675406631,0.22630377675406632,67.39308943285141,126.5842521013643,180.40197873092708,67.39308943285141,180.40197873092708,False,,-0.16396372695750416,0.8372,1.0,0.11346579119240957,0.9106,-0.0922278890345478,0.8372,valid,,,,,False,ok,False,,The Procter & Gamble Company,Consumer Defensive,Household & Personal Products,general_dcf,352573171258.7799,0.9106,0.2036508111217449,0.2194914528090526,0.06781444892509106,0.13583636219665385,0.22124866058976383,0.23239696487465117,0.03369968261776646,1.0644161212538752,0.0066458551813281955,-0.01636116975751145,,8.0,2025.0,ttm,2026-04-24,2026-07-02,True,,,,0.10630377675406631,0.056732895596204785,0.125,0.22630377675406632,-0.22630377675406632,robust_return<=0; median_irr<=hurdle,False
90,PM,182.27,0.00014750280679439245,0.013615170726552633,-0.10681747834896667,0.08017714812303897,0.0,0.12,0.25,0.10681747834896667,0.22681747834896665,0.10681747834896667,0.22681747834896665,79.54077062729874,142.52446874498196,193.68922027532028,79.54077062729874,193.68922027532028,False,,-0.21805854641475864,0.8815,1.0,0.09705231323600283,0.9783,-0.10638482927344736,0.8815,valid,,,,,False,ok,False,,Philip Morris International Inc.,Consumer Defensive,Tobacco,general_dcf,284078520860.0,0.9783,0.3218184560068495,0.0740186415125545,0.06635182346651432,0.2554666325403352,0.375011668771804,0.3683030872677319,0.046226778751697895,2.686503351051537,0.0,0.0023186132197321463,,8.0,2025.0,ttm,2026-04-24,2026-07-02,True,,,,0.10681747834896667,0.048526156618001415,0.125,0.22681747834896665,-0.22681747834896665,robust_return<=0; median_irr<=hurdle,False
91,DOC,21.89,-0.1002914232204539,-0.10978291990953681,-0.10978291990953681,-0.07181693315320514,0.0,0.12,1.0,0.10978291990953681,0.2297829199095368,0.10978291990953681,0.2297829199095368,12.23842059765166,12.23842059765166,15.08043841581787,12.23842059765166,15.08043841581787,False,,-0.4409127182434144,0.6,0.8,0.03698299337816583,1.0,-0.2297829199095368,0.48,valid,,,specialist_model_v1,,False,specialist,False,,"Healthpeak Properties, Inc.",Real Estate,REIT - Healthcare Facilities,reit,15091403800.0,,,,,,,,,,,,,,,,,2026-07-02,True,689420000.0,1.029,P/AFFO Gordon proxy; no property-level NOI or maintenance-capex detail,0.10978291990953681,0.018491496689082915,0.5,0.2297829199095368,-0.2297829199095368,robust_return<=0; median_irr<=hurdle,False
92,VTR,92.52,-0.01357640789913836,0.018556202699451685,-0.1099742396949085,0.018556202699451685,0.0,0.12,0.25,0.1099742396949085,0.2299742396949085,0.1099742396949085,0.2299742396949085,51.671195270365196,101.4286425677539,101.4286425677539,51.671195270365196,101.4286425677539,False,,0.096288830174599,0.6,0.8,0.08226522119718008,0.5094339622641509,-0.10144379730054831,0.48,valid,,,specialist_model_v1,,False,specialist,False,,"Ventas, Inc.",Real Estate,REIT - Healthcare Facilities,reit,44980422771.85006,,,,,,,,,,,,,,,,,2026-07-02,True,486169722.9988117,0.734,P/AFFO Gordon proxy; no property-level NOI or maintenance-capex detail,0.1099742396949085,0.04113261059859004,0.125,0.2299742396949085,-0.2299742396949085,robust_return<=0; median_irr<=hurdle,False
93,MDT,83.19,0.032176083679951284,0.04857240116689356,-0.11025553755462167,0.1418150699406397,0.25,0.12,0.25,0.11025553755462167,0.23025553755462166,0.11025553755462167,0.23025553755462166,35.61042008308188,74.79143245037663,111.16477366691463,35.61042008308188,111.16477366691463,False,,-0.10095645569928313,0.8277,1.0,0.13120430374763067,0.5745,-0.07142759883310643,0.8277,valid,,,,,False,ok,False,,Medtronic plc,Healthcare,Medical - Devices,general_dcf,106487359500.0,0.5745,0.08194382638780877,0.2925737460150389,0.06997019086104261,0.011973635526766155,0.1766071776228682,0.17784072159278408,0.025166531246856305,1.9884350132625994,0.012567374326256738,-0.011306834455227177,,8.0,2026.0,ttm,2026-06-18,2026-07-02,True,,,,0.11025553755462167,0.06560215187381534,0.125,0.23025553755462166,-0.23025553755462166,robust_return<=0; median_irr<=hurdle,False
94,DPZ,311.66,0.04291161791625202,0.06671163751452697,-0.11026018392585679,0.14848338056181093,0.25,0.12,0.25,0.11026018392585679,0.2302601839258568,0.11026018392585679,0.2302601839258568,118.56105999872901,278.89854327000893,399.046173393098,118.56105999872901,399.046173393098,False,,-0.10511922200472024,0.8114399999999999,1.0,0.13502858224383385,0.9859,-0.05328836248547303,0.8114399999999999,valid,,,forward_roic_cap_hit,,False,ok,False,,"Domino's Pizza, Inc.",Consumer Cyclical,Restaurants,general_dcf,10366403442.0,0.9859,0.7953510962735598,,0.07861113760815436,0.7167399586654055,0.17766900952576264,0.19588967189524945,0.05337097893699405,4.607327781442702,0.009036448222406748,-0.02150386947508398,elevated_leverage;thin_interest_coverage,8.0,2025.0,ttm,2026-04-27,2026-07-02,True,,,,0.11026018392585679,0.06751429112191693,0.125,0.2302601839258568,-0.2302601839258568,robust_return<=0; median_irr<=hurdle,False
95,AMGN,374.15,0.031200949741105474,0.04720889460295441,-0.11167630159907274,0.14206231135758582,0.25,0.12,0.25,0.11167630159907274,0.23167630159907274,0.11167630159907274,0.23167630159907274,160.2861684555512,339.18796034022637,516.8835713386239,160.2861684555512,516.8835713386239,False,,-0.09344391195983859,0.778,1.0,0.13352930647832928,0.8938,-0.07279110539704559,0.778,valid,,,,,False,ok,False,,Amgen Inc.,Healthcare,Drug Manufacturers - General,general_dcf,201931748200.0,0.8938,0.19013813892861603,0.12051756984447885,0.06609189598588217,0.12404624294273386,0.3267543447010294,0.3162898114828938,0.06433283393956057,2.715905001799208,0.015289109613338063,0.0018450226334196795,thin_interest_coverage,8.0,2025.0,ttm,2026-04-30,2026-07-02,True,,,,0.11167630159907274,0.06676465323916464,0.125,0.23167630159907274,-0.23167630159907274,robust_return<=0; median_irr<=hurdle,False
96,MAA,142.19,-0.10325904644822259,-0.11406669632873023,-0.11406669632873023,-0.07083609680669967,0.0,0.12,1.0,0.11406669632873023,0.23406669632873023,0.11406669632873023,0.23406669632873023,77.60222855261597,77.60222855261597,98.47606869698589,77.60222855261597,98.47606869698589,False,,-0.4542356807608413,0.6,0.8,0.03961529976101528,1.0,-0.23406669632873023,0.48,valid,,,specialist_model_v1,,False,specialist,False,,"Mid-America Apartment Communities, Inc.",Real Estate,REIT - Residential,reit,16548754996.0,,,,,,,,,,,,,,,,,2026-07-02,True,116384801.99732752,0.744,P/AFFO Gordon proxy; no property-level NOI or maintenance-capex detail,0.11406669632873023,0.01980764988050764,0.5,0.23406669632873023,-0.23406669632873023,robust_return<=0; median_irr<=hurdle,False
97,BR,143.95,-0.020236209880386,-0.00946219596662556,-0.11919848531833849,0.05717803773004563,0.0,0.12,0.25,0.11919848531833849,0.23919848531833848,0.11919848531833849,0.23919848531833848,53.7907442708931,92.1238200111602,124.8782509302107,53.7907442708931,124.8782509302107,False,,-0.3600290377828398,0.873,1.0,0.09199826152419205,0.866,-0.12946219596662556,0.873,valid,,,,,False,ok,False,,"Broadridge Financial Solutions, Inc.",Technology,Information Technology Services,general_dcf,16649011853.0,0.866,0.16823569567196237,,0.08282728705070025,0.08540840862126212,0.14387942785845714,0.17143520478538163,0.0685924193098515,1.9448971915747242,0.010850187496157866,-0.004237338963661075,,8.0,2025.0,ttm,2026-04-30,2026-07-02,True,,,,0.11919848531833849,0.045999130762096024,0.125,0.23919848531833848,-0.23919848531833848,robust_return<=0; median_irr<=hurdle,False
98,JNJ,263.04,-0.04091189363571172,-0.03293121385795526,-0.1207594903054996,0.022974343478563263,0.0,0.12,0.25,0.1207594903054996,0.2407594903054996,0.1207594903054996,0.2407594903054996,107.16385998953314,167.2436993614586,214.27543936744533,107.16385998953314,214.27543936744533,False,,-0.36418909914287334,0.9161,1.0,0.07438391689203143,0.9489,-0.15293121385795527,0.9161,valid,,,,,False,ok,False,,Johnson & Johnson,Healthcare,Drug Manufacturers - General,general_dcf,633195148800.0,0.9489,0.195388949220565,0.12066491948116082,0.0684366662903474,0.1269522829302176,0.26112666111616145,0.2686951287852058,0.020747946632048597,0.979451036369584,0.013645063939219578,-0.02815093071096164,,8.0,2025.0,ttm,2026-04-22,2026-07-02,True,,,,0.1207594903054996,0.037191958446015715,0.125,0.2407594903054996,-0.2407594903054996,robust_return<=0; median_irr<=hurdle,False
99,RF,30.28,-0.025894731401989807,-0.009614192170281033,-0.12200732657065994,0.037656785303262774,0.0,0.12,0.25,0.12200732657065994,0.24200732657065993,0.12200732657065994,0.24200732657065993,15.798299040807231,28.85213212736474,36.42709365400516,15.798299040807231,36.42709365400516,False,,-0.047155477960213354,0.6,0.8,0.09783205593696134,0.5475608863520824,-0.12961419217028103,0.48,valid,,,specialist_model_v1,,False,specialist,False,,Regions Financial Corporation,Financial Services,Banks - Regional,bank,25840346400.0,,,,,,,,,,,,,,,,,2026-07-02,True,853380000.0,1.012,Justified P/B residual-income proxy; no regulatory-capital or reserve-detail model,0.12200732657065994,0.04891602796848067,0.125,0.24200732657065993,-0.24200732657065993,robust_return<=0; median_irr<=hurdle,False
100,UPS,110.66,-0.07000374382478183,-0.07856336072436532,-0.12284102709963915,-4.722675075751724e-05,0.0,0.12,0.75,0.12284102709963915,0.24284102709963915,0.12284102709963915,0.24284102709963915,40.85354229494358,42.047102547783346,68.06348171472092,40.85354229494358,68.06348171472092,False,,-0.6200334127256159,0.619812,1.0,0.07280254017444081,0.8136,-0.1985633607243653,0.619812,valid,,,forward_roic_floor_hit;reinvestment_cap_hit,,False,ok,False,,"United Parcel Service, Inc.",Industrials,Integrated Freight & Logistics,general_dcf,82616764120.0,0.8136,0.15050198608941556,-0.30342497292373505,0.08383911197208678,0.06666287411732878,0.10081949793917383,0.0845590316700069,0.030364868438471193,2.0253388854434307,0.0008233608914855461,-0.008102207860337884,incremental_roic_below_wacc,8.0,2025.0,ttm,2026-05-06,2026-07-02,True,,,,0.12284102709963915,0.036401270087220404,0.375,0.24284102709963915,-0.24284102709963915,robust_return<=0; median_irr<=hurdle,False
101,PLD,139.43,-0.07806172337558931,-0.06236191915857592,-0.12516113602662948,-0.06236191915857592,0.0,0.12,0.25,0.12516113602662948,0.24516113602662948,0.12516113602662948,0.24516113602662948,71.44906784222407,101.04909162480318,101.04909162480318,71.44906784222407,101.04909162480318,False,,-0.27527008803841946,0.6,0.8,0.04939960843402678,0.7070728365131232,-0.1823619191585759,0.48,valid,,,specialist_model_v1,,False,specialist,False,,"Prologis, Inc.",Real Estate,REIT - Industrial,reit,129995887340.00003,,,,,,,,,,,,,,,,,2026-07-02,True,932338000.0000001,1.334,P/AFFO Gordon proxy; no property-level NOI or maintenance-capex detail,0.12516113602662948,0.02469980421701339,0.125,0.24516113602662948,-0.24516113602662948,robust_return<=0; median_irr<=hurdle,False
102,OTIS,73.14,0.001397530952817791,0.020009060058509956,-0.12605582352261985,0.0916278272168711,0.0,0.12,0.25,0.12605582352261985,0.24605582352261984,0.12605582352261985,0.24605582352261984,26.65649054093915,53.957693227990895,74.45173258754589,26.65649054093915,74.45173258754589,False,,-0.26226834525579856,0.80577,1.0,0.11466872536974547,0.9848,-0.09999093994149004,0.80577,valid,,,forward_roic_cap_hit,,False,ok,False,,Otis Worldwide Corporation,Industrials,Industrial - Machinery,general_dcf,28064993799.000004,0.9848,0.961473185663269,,0.07902077956801999,0.882452406095249,0.1447580284207614,0.15436608179149314,0.015981973389793902,3.0324435318275156,0.0,-0.027044762448158233,elevated_leverage,8.0,2025.0,ttm,2026-04-23,2026-07-02,True,,,,0.12605582352261985,0.057334362684872735,0.125,0.24605582352261984,-0.24605582352261984,robust_return<=0; median_irr<=hurdle,False
103,L,116.52,-0.011202364257892922,0.009234893210930517,-0.12849438363894972,0.065215140185517,0.0,0.12,0.25,0.12849438363894972,0.2484943836389497,0.12849438363894972,0.2484943836389497,58.580277837324594,122.00054276608232,159.803809738042,58.580277837324594,159.803809738042,False,,0.04703521083146511,0.6,0.8,0.11485476191223334,0.48016407557828217,-0.11076510678906948,0.48,valid,,,specialist_model_v1,,False,specialist,False,,Loews Corporation,Financial Services,Insurance - Property & Casualty,insurance,23976189082.0,,,,,,,,,,,,,,,,,2026-07-02,True,205768873.0003433,0.518,Justified P/B residual-income proxy; no regulatory-capital or reserve-detail model,0.12849438363894972,0.05742738095611667,0.125,0.2484943836389497,-0.2484943836389497,robust_return<=0; median_irr<=hurdle,False
104,KMB,114.72,0.0058176141727017475,0.022557907970622203,-0.12914048102684317,0.10729512177640575,0.0,0.12,0.25,0.12914048102684317,0.24914048102684316,0.12914048102684317,0.24914048102684316,44.87226391008361,93.20495776515187,135.11497649046396,44.87226391008361,135.11497649046396,False,,-0.187543952535287,0.8323,1.0,0.12324880140162446,0.9442,-0.09744209202937779,0.8323,valid,,,,,False,ok,False,,Kimberly-Clark Corporation,Consumer Defensive,Household & Personal Products,general_dcf,38080156800.0,0.9442,0.20750129347232701,,0.06634177153036576,0.14115952194196124,0.13873102540272614,0.13271660922667633,-0.010116269221897567,2.1989915966386553,0.008131970260223048,-0.005050591154868278,,8.0,2025.0,ttm,2026-04-28,2026-07-02,True,,,,0.12914048102684317,0.06162440070081223,0.125,0.24914048102684316,-0.24914048102684316,robust_return<=0; median_irr<=hurdle,False
105,VRTX,528.04,0.006636740775502432,0.017249270601314516,-0.13084869891754344,0.12289712081692414,0.25,0.12,0.25,0.13084869891754344,0.25084869891754347,0.13084869891754344,0.25084869891754347,202.4084746927815,417.67674322771,668.372396113755,202.4084746927815,668.372396113755,False,,-0.20900548589555712,0.6201,1.0,0.13826990986723378,0.8782,-0.10275072939868549,0.6201,valid,,,,,False,ok,False,,Vertex Pharmaceuticals Incorporated,Healthcare,Biotechnology,general_dcf,134019412393.0,0.8782,0.28702754980861045,0.13529162365860806,0.06962053390923954,0.2174070158993709,0.37779085295187886,0.3896989824644434,0.2173528009112493,-1.0534938214736336,0.05889028492684311,-0.0036152671940365977,heavy_sbc,8.0,2025.0,ttm,2026-05-05,2026-07-02,True,,,,0.13084869891754344,0.06913495493361689,0.125,0.25084869891754347,-0.25084869891754347,robust_return<=0; median_irr<=hurdle,False
106,TRV,342.31,-0.017799989488509582,0.0008862818822166219,-0.13145780657889072,0.05848528486041915,0.0,0.12,0.25,0.13145780657889072,0.2514578065788907,0.13145780657889072,0.2514578065788907,169.18980590685734,343.82960696952733,454.82435312507187,169.18980590685734,454.82435312507187,False,,0.004439271331621475,0.6,0.8,0.11297154571965493,0.49207456972096114,-0.11911371811778337,0.48,valid,,,specialist_model_v1,,False,specialist,False,,"The Travelers Companies, Inc.",Financial Services,Insurance - Property & Casualty,insurance,72790404861.0,,,,,,,,,,,,,,,,,2026-07-02,True,212644693.00049663,0.495,Justified P/B residual-income proxy; no regulatory-capital or reserve-detail model,0.13145780657889072,0.05648577285982746,0.125,0.2514578065788907,-0.2514578065788907,robust_return<=0; median_irr<=hurdle,False
107,EW,94.37,-0.0985909966853796,-0.09840404588030648,-0.13469618724193416,-0.06285970773897132,0.0,0.12,0.75,0.13469618724193416,0.25469618724193416,0.13469618724193416,0.25469618724193416,32.718815010022006,39.111890059901334,45.86887503568787,32.718815010022006,45.86887503568787,False,,-0.585547419096097,0.7381800000000001,0.95,0.04527283975148142,0.9355,-0.21840404588030649,0.701271,valid,,,reinvestment_cap_hit,,False,ok,False,,Edwards Lifesciences Corporation,Healthcare,Medical - Devices,general_dcf,54338246000.0,0.9355,0.21134871678303058,0.01311753128077258,0.08804207720752685,0.12330663957550372,0.28914920347335843,0.27619576425795195,0.07227640149460335,-1.561385982438614,0.027824351297405188,-0.023791269762517775,weak_cash_conversion;incremental_roic_below_wacc,8.0,2025.0,ttm,2026-05-06,2026-07-02,True,,,,0.13469618724193416,0.02263641987574071,0.375,0.25469618724193416,-0.25469618724193416,robust_return<=0; median_irr<=hurdle,False
108,FITB,57.16,-0.04918239573846353,-0.03444605330911721,-0.13488025639589007,0.0070427800602703705,0.0,0.12,0.25,0.13488025639589007,0.25488025639589007,0.13488025639589007,0.25488025639589007,27.699589801336742,47.970576408879054,59.2013787100254,27.699589801336742,59.2013787100254,False,,-0.16076668283976459,0.6,0.8,0.08896151822808021,0.5774287464306916,-0.1544460533091172,0.48,valid,,,specialist_model_v1,,False,specialist,False,,Fifth Third Bancorp,Financial Services,Banks - Regional,bank,51804768084.0,,,,,,,,,,,,,,,,,2026-07-02,True,906311548.0055984,0.922,Justified P/B residual-income proxy; no regulatory-capital or reserve-detail model,0.13488025639589007,0.044480759114040105,0.125,0.25488025639589007,-0.25488025639589007,robust_return<=0; median_irr<=hurdle,False
109,MCD,280.63,9.698326430227985e-05,0.017622723097156297,-0.13547332781745353,0.10061581468035005,0.0,0.12,0.25,0.13547332781745353,0.2554733278174535,0.13547332781745353,0.2554733278174535,104.89853835734895,220.6481680661979,323.44932293649566,104.89853835734895,323.44932293649566,False,,-0.2137399135295659,0.7364700000000001,1.0,0.1259504712489018,0.9395,-0.1023772769028437,0.7364700000000001,valid,,,wacc_floor_hit,,False,ok,False,,McDonald's Corporation,Consumer Cyclical,Restaurants,general_dcf,199389298780.0,0.9395,0.18973077036347563,0.13139506502445034,0.065,0.12473077036347563,0.43523389640373805,0.46012314642766056,0.03411765915312581,3.611066290170768,0.006635802469135803,-0.012660165475957386,elevated_leverage,8.0,2025.0,ttm,2026-05-07,2026-07-02,True,,,,0.13547332781745353,0.0629752356244509,0.125,0.2554733278174535,-0.2554733278174535,robust_return<=0; median_irr<=hurdle,False
110,ERIE,259.25,-0.052583282583849617,-0.039160516309119986,-0.13578867838894182,0.003776580671783325,0.0,0.12,0.25,0.13578867838894182,0.2557886783889418,0.13578867838894182,0.2557886783889418,124.97366969558325,212.3112322605939,264.18250829223336,124.97366969558325,264.18250829223336,False,,-0.18105599899481617,0.6,0.8,0.08778262953036256,0.5886342816859955,-0.15916051630911998,0.48,valid,,,specialist_model_v1,,False,specialist,False,,Erie Indemnity Company,Financial Services,Insurance - Property & Casualty,insurance,11974524175.0,,,,,,,,,,,,,,,,,2026-07-02,True,46189100.0,0.307,Justified P/B residual-income proxy; no regulatory-capital or reserve-detail model,0.13578867838894182,0.04389131476518128,0.125,0.2557886783889418,-0.2557886783889418,robust_return<=0; median_irr<=hurdle,False
111,DRI,204.32,0.06069925829215213,0.08348463208822068,-0.13832923022564492,0.21415699921781206,0.25,0.12,0.25,0.13832923022564492,0.2583292302256449,0.13832923022564492,0.2583292302256449,75.19314498913944,213.30724247394298,370.8267481321969,75.19314498913944,370.8267481321969,False,,0.04398611234310379,0.6278,1.0,0.1874091147217285,0.827,-0.03651536791177931,0.6278,valid,,,,,False,ok,False,,"Darden Restaurants, Inc.",Consumer Cyclical,Restaurants,general_dcf,23401791813.0,0.827,0.17276114672245155,0.2681590505748327,0.06979565697830012,0.10296548974415143,0.11369714016231727,0.11981015676448993,0.06483717505613917,2.7212556555809506,0.006014047410008779,-0.021336182737631826,,8.0,2026.0,ttm,2026-06-25,2026-07-02,True,,,,0.13832923022564492,0.09370455736086425,0.125,0.2583292302256449,-0.2583292302256449,robust_return<=0; median_irr<=hurdle,False
112,EBAY,114.84,-0.0373543445472023,-0.028314134903484924,-0.1383941698702983,0.045605061488458914,0.0,0.12,0.25,0.1383941698702983,0.2583941698702983,0.1383941698702983,0.2583941698702983,37.050148570809526,64.3255391759805,87.4903520819792,37.050148570809526,87.4903520819792,False,,-0.4398681715780173,0.6684300000000001,1.0,0.1019467156793786,0.9509,-0.1483141349034849,0.6684300000000001,valid,,,share_change_floor_hit,,False,ok,False,,eBay Inc.,Consumer Cyclical,Specialty Retail,general_dcf,50988960000.0,0.9509,0.25351022037760845,,0.10586680474467858,0.14764341563292988,0.2318380411812394,0.19579455360220613,0.036268770373628634,1.240995172669885,0.0568631329113924,-0.06439184111788199,heavy_sbc,8.0,2025.0,ttm,2026-04-29,2026-07-02,True,,,,0.1383941698702983,0.0509733578396893,0.125,0.2583941698702983,-0.2583941698702983,robust_return<=0; median_irr<=hurdle,False
113,EQIX,1002.02,-0.07258540841955108,-0.05049922888182967,-0.1388439470327153,-0.05049922888182967,0.0,0.12,0.25,0.1388439470327153,0.2588439470327153,0.1388439470327153,0.2588439470327153,474.55404840237003,773.308882881384,773.308882881384,474.55404840237003,773.308882881384,False,,-0.22825005201354864,0.6,0.8,0.06217235907544281,0.6136668786658187,-0.17049922888182967,0.48,valid,,,specialist_model_v1,,False,specialist,False,,"Equinix, Inc.",Real Estate,REIT - Specialty,reit,98823420884.0,,,,,,,,,,,,,,,,,2026-07-02,True,98624200.0,0.97,P/AFFO Gordon proxy; no property-level NOI or maintenance-capex detail,0.1388439470327153,0.031086179537721404,0.125,0.2588439470327153,-0.2588439470327153,robust_return<=0; median_irr<=hurdle,False
114,SPG,226.06,-0.08939973872132662,-0.09152391868673304,-0.13968105053482371,-0.03487006697701667,0.0,0.12,0.75,0.13968105053482371,0.2596810505348237,0.13968105053482371,0.2596810505348237,106.54207906074204,139.89146262332216,189.30088727207286,106.54207906074204,189.30088727207286,False,,-0.3811755170161809,0.6,0.8,0.07040549177890351,0.7616052978702631,-0.21152391868673304,0.48,valid,,,specialist_model_v1,,False,specialist,False,,"Simon Property Group, Inc.",Real Estate,REIT - Retail,reit,73307188920.0,,,,,,,,,,,,,,,,,2026-07-02,True,324282000.0,1.346,P/AFFO Gordon proxy; no property-level NOI or maintenance-capex detail,0.13968105053482371,0.035202745889451756,0.375,0.2596810505348237,-0.2596810505348237,robust_return<=0; median_irr<=hurdle,False
115,MNST,97.6,-0.051660142953915036,-0.042970166914164984,-0.1420283001381904,0.021328062150860236,0.0,0.12,0.25,0.1420283001381904,0.2620283001381904,0.1420283001381904,0.2620283001381904,34.839637320251136,58.6009710835599,78.42928420985763,34.839637320251136,78.42928420985763,False,,-0.3995802143077879,0.8507,1.0,0.08615718114452532,0.9638,-0.162970166914165,0.8507,valid,,,,,False,ok,False,,Monster Beverage Corporation,Consumer Defensive,Beverages - Non-Alcoholic,general_dcf,95453591536.0,0.9638,0.3448739651544251,0.23892665820974032,0.07125000000000001,0.2736239651544251,0.30803030191925174,0.29336332359688466,0.11766377971547848,-1.106553369175614,0.012143138082634732,-0.025060425936664577,,8.0,2025.0,ttm,2026-05-08,2026-07-02,True,,,,0.1420283001381904,0.04307859057226266,0.125,0.2620283001381904,-0.2620283001381904,robust_return<=0; median_irr<=hurdle,False
116,USB,61.73,-0.04382565397751731,-0.027017494663168606,-0.14337205765917194,0.022104431075439912,0.0,0.12,0.25,0.14337205765917194,0.26337205765917193,0.14337205765917194,0.26337205765917193,28.4745887013322,53.82963494830863,68.86089012751842,28.4745887013322,68.86089012751842,False,,-0.12798258629015657,0.6,0.8,0.10073824436730591,0.5289760691982344,-0.1470174946631686,0.48,valid,,,specialist_model_v1,,False,specialist,False,,U.S. Bancorp,Financial Services,Banks - Diversified,bank,95823479000.0,,,,,,,,,,,,,,,,,2026-07-02,True,1552300000.0,0.999,Justified P/B residual-income proxy; no regulatory-capital or reserve-detail model,0.14337205765917194,0.050369122183652956,0.125,0.26337205765917193,-0.26337205765917193,robust_return<=0; median_irr<=hurdle,False
117,HII,291.5,-0.029800878333844573,-0.01968433090805772,-0.1450787795372889,0.06524392801802606,0.0,0.12,0.25,0.1450787795372889,0.26507877953728887,0.1450787795372889,0.26507877953728887,101.58695843809679,185.17192528735004,286.10507083849564,101.58695843809679,286.10507083849564,False,,-0.36476183434871345,0.6582600000000001,1.0,0.11541355377765748,0.6453,-0.1396843309080577,0.6582600000000001,valid,,,reinvestment_cap_hit,,False,ok,False,,"Huntington Ingalls Industries, Inc.",Industrials,Aerospace & Defense,general_dcf,11486266000.0,0.6453,0.06621902324690654,0.04451518236260853,0.0658007996564227,0.0004182235904838377,0.06102485467315274,0.048797571795470465,0.06232886601518706,2.8488982161594962,0.002968395320412083,-0.006694761373249314,incremental_roic_below_wacc,8.0,2025.0,ttm,2026-05-05,2026-07-02,True,,,,0.1450787795372889,0.05770677688882874,0.125,0.26507877953728887,-0.26507877953728887,robust_return<=0; median_irr<=hurdle,False
118,HBAN,17.86,-0.02627777644543766,-0.005890521039476737,-0.14589364871786636,0.05256358501506919,0.0,0.12,0.25,0.14589364871786636,0.26589364871786636,0.14589364871786636,0.26589364871786636,8.117853535407745,17.340137179710677,23.074014381361813,8.117853535407745,23.074014381361813,False,,-0.029107660710488426,0.6,0.8,0.11722861686646777,0.4681539396877593,-0.12589052103947673,0.48,valid,,,specialist_model_v1,,False,specialist,False,,Huntington Bancshares Incorporated,Financial Services,Banks - Regional,bank,36204541800.0,,,,,,,,,,,,,,,,,2026-07-02,True,2027130000.0,0.969,Justified P/B residual-income proxy; no regulatory-capital or reserve-detail model,0.14589364871786636,0.05861430843323388,0.125,0.26589364871786636,-0.26589364871786636,robust_return<=0; median_irr<=hurdle,False
119,AMT,166.03,-0.10496434820023268,-0.10786026579034902,-0.14698167720697142,-0.05715518401326125,0.0,0.12,0.75,0.14698167720697142,0.2669816772069714,0.14698167720697142,0.2669816772069714,74.9856857296822,93.83200148752803,123.70511450844978,74.9856857296822,123.70511450844978,False,,-0.43484911469295895,0.6,0.8,0.06291324659685507,0.7991483133784496,-0.22786026579034901,0.48,valid,,,specialist_model_v1,,False,specialist,False,,American Tower Corporation,Real Estate,REIT - Specialty,reit,77352214790.0,,,,,,,,,,,,,,,,,2026-07-02,True,465893000.0,0.891,P/AFFO Gordon proxy; no property-level NOI or maintenance-capex detail,0.14698167720697142,0.031456623298427536,0.375,0.2669816772069714,-0.2669816772069714,robust_return<=0; median_irr<=hurdle,False
120,HD,357.9,-0.11133014533224919,-0.1133668227892485,-0.14706089688261267,-0.0715260388678871,0.0,0.12,1.0,0.14706089688261267,0.2670608968826127,0.14706089688261267,0.2670608968826127,111.56173078986781,114.97676422666932,147.0755798454872,111.56173078986781,147.0755798454872,False,,-0.67874611839433,0.76905,1.0,0.044695929007362786,0.9626,-0.2333668227892485,0.76905,valid,,,reinvestment_cap_hit,,False,ok,False,,"The Home Depot, Inc.",Consumer Cyclical,Home Improvement,general_dcf,356868060488.0,0.9626,0.22465481408068422,-0.04736403118234224,0.08688964416032169,0.13776516992036253,0.14279601693997807,0.12448376872839031,0.06183856728649273,2.259841257115369,0.002770916659352784,-0.009521261005304371,incremental_roic_below_wacc,8.0,2025.0,ttm,2026-05-27,2026-07-02,True,,,,0.14706089688261267,0.022347964503681393,0.5,0.2670608968826127,-0.2670608968826127,robust_return<=0; median_irr<=hurdle,False
121,NOC,549.01,-0.08025642220927688,-0.08198807803273661,-0.14901148543358422,-0.00803804733805006,0.0,0.12,0.75,0.14901148543358422,0.2690114854335842,0.14901148543358422,0.2690114854335842,190.69720087940448,240.560451649177,368.19988342083354,190.69720087940448,368.19988342083354,False,,-0.5618286522118413,0.631557,1.0,0.08154000904776708,0.7772,-0.2019880780327366,0.631557,valid,,,forward_roic_floor_hit;reinvestment_cap_hit,,False,ok,False,,Northrop Grumman Corporation,Industrials,Aerospace & Defense,general_dcf,77977537330.0,0.7772,0.12393943707660934,-0.18236401268334634,0.06645934545804702,0.05748009161856232,0.10848230245639823,0.11084098472868034,0.048603467408775636,2.4156053522489116,0.002461433480369459,-0.028890005351792758,incremental_roic_below_wacc,8.0,2025.0,ttm,2026-04-21,2026-07-02,True,,,,0.14901148543358422,0.04077000452388354,0.375,0.2690114854335842,-0.2690114854335842,robust_return<=0; median_irr<=hurdle,False
122,GILD,131.27,0.00696044961223382,0.023958271957235433,-0.14937796480953688,0.1293032193440013,0.25,0.12,0.25,0.14937796480953688,0.2693779648095369,0.14937796480953688,0.2693779648095369,47.478369948381705,107.92146745568222,169.9918043713785,47.478369948381705,169.9918043713785,False,,-0.17786647782675247,0.7626,1.0,0.14646259207676907,0.8797,-0.09604172804276456,0.7626,valid,,,,,False,ok,False,,"Gilead Sciences, Inc.",Healthcare,Drug Manufacturers - General,general_dcf,162980877360.0,0.8797,0.2432851750969466,,0.06703254188722517,0.17625263320972145,0.27457344275875006,0.3825586870249546,0.04164727434795856,0.8746460928652322,0.029039437991236,-0.0021175288352626165,,8.0,2025.0,ttm,2026-05-07,2026-07-02,True,,,,0.14937796480953688,0.07323129603838453,0.125,0.2693779648095369,-0.2693779648095369,robust_return<=0; median_irr<=hurdle,False
123,GPC,132.57,-0.068578899030399,-0.06810514542739834,-0.14986323182820338,0.011757926561404047,0.0,0.12,0.75,0.14986323182820338,0.2698632318282034,0.14986323182820338,0.2698632318282034,43.41191392353301,59.07055505539447,94.82561340180408,43.41191392353301,94.82561340180408,False,,-0.5544198909602891,0.7056,1.0,0.0896425791948037,0.7261,-0.18810514542739834,0.7056,valid,,,reinvestment_cap_hit,,False,ok,False,,Genuine Parts Company,Consumer Cyclical,Specialty Retail,general_dcf,18443419581.0,0.7261,0.07687457478450052,0.00652465213536238,0.0684873055570079,0.008387269227492625,0.061460954263392015,0.04418528967879363,0.053860976464620514,3.7774988768648754,0.002010152945203075,-0.010155099630790865,elevated_leverage;incremental_roic_below_wacc,8.0,2025.0,ttm,2026-04-21,2026-07-02,True,,,,0.14986323182820338,0.04482128959740185,0.375,0.2698632318282034,-0.2698632318282034,robust_return<=0; median_irr<=hurdle,False
124,IRM,117.16,-0.10046593012667393,-0.0836558594653154,-0.15089614211074953,-0.0836558594653154,0.0,0.12,1.0,0.15089614211074953,0.2708961421107495,0.15089614211074953,0.2708961421107495,51.711059193795926,75.69590728097789,75.69590728097789,51.711059193795926,75.69590728097789,False,,-0.3539099754098848,0.6,0.8,0.05162014132271706,0.6831420753284336,-0.2036558594653154,0.48,valid,,,specialist_model_v1,,False,specialist,False,,Iron Mountain Incorporated,Real Estate,REIT - Specialty,reit,34857991626.0,,,,,,,,,,,,,,,,,2026-07-02,True,297524681.0003414,1.219,P/AFFO Gordon proxy; no property-level NOI or maintenance-capex detail,0.15089614211074953,0.02581007066135853,0.5,0.2708961421107495,-0.2708961421107495,robust_return<=0; median_irr<=hurdle,False
125,WFC,85.51,-0.05053840166050663,-0.033404416538401094,-0.15170507883658513,0.016360305271360787,0.0,0.12,0.25,0.15170507883658513,0.2717050788365851,0.15170507883658513,0.2717050788365851,37.56221901704222,72.1507647435704,92.73749944012587,37.56221901704222,92.73749944012587,False,,-0.1562300930467735,0.6,0.8,0.10203269205397295,0.5206073580861041,-0.1534044165384011,0.48,valid,,,specialist_model_v1,,False,specialist,False,,Wells Fargo & Company,Financial Services,Banks - Diversified,bank,261676846900.00003,,,,,,,,,,,,,,,,,2026-07-02,True,3060190000.0,0.93,Justified P/B residual-income proxy; no regulatory-capital or reserve-detail model,0.15170507883658513,0.05101634602698647,0.125,0.2717050788365851,-0.2717050788365851,robust_return<=0; median_irr<=hurdle,False
126,SYK,326.54,-0.07710183932067592,-0.07005368265672585,-0.1520759864972206,-0.0162240054720314,0.0,0.12,0.25,0.1520759864972206,0.2720759864972206,0.1520759864972206,0.2720759864972206,104.12441599619967,156.36066141602566,203.7838029462379,104.12441599619967,203.7838029462379,False,,-0.5211592410852403,0.8488,1.0,0.0724619905125946,0.8193,-0.19005368265672584,0.8488,valid,,,,,False,ok,False,,Stryker Corporation,Healthcare,Medical - Devices,general_dcf,125182623223.0,0.8193,0.13148921238418004,0.09753873624329018,0.0802933315737627,0.051195880810417344,0.2154756628818411,0.21341511673921645,0.09157664076422001,1.84801928001205,0.010000975704946824,0.003736241152631381,,8.0,2025.0,ttm,2026-05-11,2026-07-02,True,,,,0.1520759864972206,0.0362309952562973,0.125,0.2720759864972206,-0.2720759864972206,robust_return<=0; median_irr<=hurdle,False
127,TGT,130.21,-0.0716564810310956,-0.07233450299827379,-0.152571440365864,0.010614522238029193,0.0,0.12,0.75,0.152571440365864,0.272571440365864,0.152571440365864,0.272571440365864,41.23142772986368,53.50708794002961,85.24990977081701,41.23142772986368,85.24990977081701,False,,-0.5890708245140188,0.579474,1.0,0.0942087613019466,0.7316,-0.1923345029982738,0.579474,valid,,,forward_roic_floor_hit;reinvestment_cap_hit,,False,ok,False,,Target Corporation,Consumer Defensive,Discount Stores,general_dcf,59140210110.00001,0.7316,0.11774949277174536,-0.3941557238297022,0.0829331434064651,0.03481634936528026,0.053836488804846115,0.044934525320323,0.048217746472034584,1.9265743073047858,0.0026818095056308456,-0.006425242375689977,incremental_roic_below_wacc,8.0,2025.0,ttm,2026-05-29,2026-07-02,True,,,,0.152571440365864,0.0471043806509733,0.375,0.272571440365864,-0.272571440365864,robust_return<=0; median_irr<=hurdle,False
128,PNC,249.49,-0.0622532868534354,-0.0464871330185852,-0.15392587264646684,-0.0021130087301043377,0.0,0.12,0.25,0.15392587264646684,0.27392587264646684,0.15392587264646684,0.27392587264646684,108.1671075123094,196.64636939449804,246.86524299139148,108.1671075123094,246.86524299139148,False,,-0.21180660790212824,0.6,0.8,0.09390643195818124,0.5500590112361149,-0.1664871330185852,0.48,valid,,,specialist_model_v1,,False,specialist,False,,"The PNC Financial Services Group, Inc.",Financial Services,Banks - Regional,bank,100186451850.0,,,,,,,,,,,,,,,,,2026-07-02,True,401565000.0,0.918,Justified P/B residual-income proxy; no regulatory-capital or reserve-detail model,0.15392587264646684,0.04695321597909062,0.125,0.27392587264646684,-0.27392587264646684,robust_return<=0; median_irr<=hurdle,False
129,JPM,334.47,-0.07333574497417839,-0.05979623111267596,-0.1539760370018446,-0.019774480669517036,0.0,0.12,0.25,0.1539760370018446,0.2739760370018446,0.1539760370018446,0.2739760370018446,144.96744730142595,245.7350518331072,302.6824176640083,144.96744730142595,302.6824176640083,False,,-0.2653001709178485,0.6,0.8,0.08510077816616377,0.5899339399080994,-0.17979623111267595,0.48,valid,,,specialist_model_v1,,False,specialist,False,,JPMorgan Chase & Co.,Financial Services,Banks - Diversified,bank,896216183978.0,,,,,,,,,,,,,,,,,2026-07-02,True,2679511417.9986243,1.0,Justified P/B residual-income proxy; no regulatory-capital or reserve-detail model,0.1539760370018446,0.04255038908308188,0.125,0.2739760370018446,-0.2739760370018446,robust_return<=0; median_irr<=hurdle,False
130,MDLZ,60.91,-0.06631469025160185,-0.06561946130823343,-0.1542298629763536,0.020210024586413085,0.0,0.12,0.75,0.1542298629763536,0.2742298629763536,0.1542298629763536,0.2742298629763536,20.236571408147498,29.109758762751913,47.3432617968608,20.236571408147498,47.3432617968608,False,,-0.5220857205261548,0.5614758000000001,1.0,0.10037566978138333,0.5866,-0.18561946130823342,0.5614758000000001,valid,,,forward_roic_floor_hit;wacc_floor_hit;reinvestment_cap_hit,,False,ok,False,,"Mondelez International, Inc.",Consumer Defensive,Food Confectioners,general_dcf,78187107247.0,0.5866,0.062365886079228945,-0.5531695634595382,0.065,-0.002634113920771057,0.1467575459152321,0.09553734988805211,0.05818855387889599,3.916212003117693,0.004033917839795834,-0.022903224484404072,elevated_leverage;incremental_roic_below_wacc,8.0,2025.0,ttm,2026-04-28,2026-07-02,True,,,,0.1542298629763536,0.05018783489069167,0.375,0.2742298629763536,-0.2742298629763536,robust_return<=0; median_irr<=hurdle,False
131,CHD,98.6,-0.10155261223844712,-0.09876714590936896,-0.1543295620591379,-0.05434659507591274,0.0,0.12,0.75,0.1543295620591379,0.2743295620591379,0.1543295620591379,0.2743295620591379,33.849415573554055,42.0670870853438,51.96398462679605,33.849415573554055,51.96398462679605,False,,-0.5733561147531054,0.74322,1.0,0.05769488349161257,0.8166,-0.21876714590936897,0.74322,valid,,,reinvestment_cap_hit,,False,ok,False,,"Church & Dwight Co., Inc.",Consumer Defensive,Household & Personal Products,general_dcf,23362639157.0,0.8166,0.1400260760267632,-0.016516850136827292,0.06781791549543728,0.07220816053132592,0.18558024830582392,0.17296225867792567,0.05925266631317894,1.4624629311690338,0.009693635276972704,-0.01122306342429269,incremental_roic_below_wacc,8.0,2025.0,ttm,2026-05-01,2026-07-02,True,,,,0.1543295620591379,0.028847441745806286,0.375,0.2743295620591379,-0.2743295620591379,robust_return<=0; median_irr<=hurdle,False
132,AIZ,279.48,-0.010269448034655959,0.013655947074328711,-0.1553834705663577,0.08699378427907645,0.0,0.12,0.25,0.1553834705663577,0.2753834705663577,0.1553834705663577,0.2753834705663577,120.12920885079664,299.09117445855645,424.1173488628649,120.12920885079664,424.1173488628649,False,,0.0701702249125391,0.6,0.8,0.13918862742271707,0.40164745438666344,-0.10634405292567128,0.48,valid,,,specialist_model_v1,,False,specialist,False,,"Assurant, Inc.",Financial Services,Insurance - Specialty,insurance,13847573589.0,,,,,,,,,,,,,,,,,2026-07-02,True,49547637.00085873,0.569,Justified P/B residual-income proxy; no regulatory-capital or reserve-detail model,0.1553834705663577,0.06959431371135853,0.125,0.2753834705663577,-0.2753834705663577,robust_return<=0; median_irr<=hurdle,False
133,TXT,92.5,0.006559916837431984,0.020686548686353515,-0.15590638958965425,0.14077295956667515,0.25,0.12,0.25,0.15590638958965425,0.27590638958965424,0.15590638958965425,0.27590638958965424,30.51307592558776,70.49307135494902,113.85241497801863,30.51307592558776,113.85241497801863,False,,-0.2379127421086592,0.62226,0.85,0.1641718745781647,0.6861,-0.09931345131364648,0.528921,valid,,,share_change_floor_hit,,False,ok,False,,Textron Inc.,Industrials,Aerospace & Defense,general_dcf,16084732500.0,0.6861,0.10606703326884692,0.25759232874061827,0.08203233704835916,0.02403469622048776,0.07336775937487461,0.08439759443205622,0.008248732569438255,1.376219512195122,0.0,-0.05701769422892122,,8.0,2025.0,annual,2026-02-11,2026-07-02,True,,,,0.15590638958965425,0.08208593728908235,0.125,0.27590638958965424,-0.27590638958965424,robust_return<=0; median_irr<=hurdle,False
134,QCOM,176.25,-0.023831736923602843,-0.013644731117528838,-0.15803956594318147,0.09000208048382778,0.0,0.12,0.25,0.15803956594318147,0.27803956594318147,0.15803956594318147,0.27803956594318147,51.93907507038932,102.13420501226018,154.06123733272284,51.93907507038932,154.06123733272284,False,,-0.4205151488666089,0.5368,1.0,0.13791682321350462,0.8972,-0.13364473111752884,0.5368,valid,,,,,False,ok,False,,QUALCOMM Incorporated,Technology,Semiconductors,general_dcf,185767500000.0,0.8972,0.30269917712161976,0.19884242462262983,0.11920030495185517,0.18349887216976457,0.27240711397066963,0.25524310472722367,0.09994948852052121,0.4231245166279969,0.06796365689646322,-0.01943111813623355,heavy_sbc;cyclical_revenue,8.0,2025.0,ttm,2026-04-29,2026-07-02,True,,,,0.15803956594318147,0.06895841160675231,0.125,0.27803956594318147,-0.27803956594318147,robust_return<=0; median_irr<=hurdle,False
135,MAS,82.77,-0.14250817478023234,-0.1535462091793306,-0.15829577144468204,-0.10464450931758615,0.0,0.12,1.0,0.15829577144468204,0.27829577144468204,0.15829577144468204,0.27829577144468204,17.590567848558866,17.590567848558866,24.601795970599078,24.17772259538856,24.601795970599078,True,"growth destroys value: forward ROIC 2.0% at/below WACC 9.8%, so higher-growth scenarios reinvest below the cost of capital and are worth less than the bear case",-0.7874765271407651,0.6931170000000001,1.0,0.036032121063547945,0.9855,-0.2735462091793306,0.6931170000000001,valid,,,forward_roic_floor_hit;reinvestment_cap_hit,,False,ok,False,,Masco Corporation,Consumer Cyclical,"Furnishings, Fixtures & Appliances",general_dcf,16697559349.999998,0.9855,0.3647712535529071,-0.24970968064271476,0.0984817404418666,0.26628951311104054,0.16795059838708515,0.16786039848938664,0.018441922577974612,2.0236111111111112,0.0,-0.043758825476734486,incremental_roic_below_wacc,8.0,2025.0,ttm,2026-04-22,2026-07-02,True,,,,0.15829577144468204,0.018016060531773972,0.5,0.27829577144468204,-0.27829577144468204,robust_return<=0; median_irr<=hurdle,False
136,LOW,227.5,-0.1098429898775066,-0.11832064740883648,-0.16117935641377695,-0.041551308278576435,0.0,0.12,0.75,0.16117935641377695,0.28117935641377695,0.16117935641377695,0.28117935641377695,65.89010043947798,65.89010043947798,111.60908632917791,68.31804267998189,111.60908632917791,True,"growth destroys value: forward ROIC 2.0% at/below WACC 7.7%, so higher-growth scenarios reinvest below the cost of capital and are worth less than the bear case",-0.7103731848814154,0.6261300000000001,1.0,0.07103012406760026,0.9586,-0.23832064740883646,0.6261300000000001,valid,,,forward_roic_floor_hit;reinvestment_cap_hit,,False,ok,False,,"Lowe's Companies, Inc.",Consumer Cyclical,Home Improvement,general_dcf,127560842500.0,0.9586,0.24129120095403037,-0.15525800247472332,0.07713953577519372,0.16415166517883664,0.1211524623855642,0.11548725603274758,0.027609235184565373,3.292091836734694,0.002641202763104429,-0.039008478793996604,elevated_leverage;incremental_roic_below_wacc,8.0,2025.0,ttm,2026-05-28,2026-07-02,True,,,,0.16117935641377695,0.03551506203380013,0.375,0.28117935641377695,-0.28117935641377695,robust_return<=0; median_irr<=hurdle,False
137,NTAP,154.17,-0.07127982012825668,-0.06424903403967618,-0.16156673076620787,0.004945518332533566,0.0,0.12,0.25,0.16156673076620787,0.28156673076620786,0.16156673076620787,0.28156673076620786,47.022376738792914,76.64296364093585,100.96748206001875,47.022376738792914,100.96748206001875,False,,-0.5028672008760728,0.7137,1.0,0.09184512454937072,0.7371,-0.18424903403967618,0.7137,valid,,,forward_roic_cap_hit,,False,ok,False,,"NetApp, Inc.",Technology,Computer Hardware,general_dcf,30204986400.000004,0.7371,2.861150546261354,0.538397152151984,0.1119622793382579,2.749188266923096,0.1884048836470307,0.24115523465703972,0.017194231969849705,-0.4550802139037433,0.056955966815571156,-0.03288794110663151,heavy_sbc,8.0,2026.0,ttm,2026-06-05,2026-07-02,True,,,,0.16156673076620787,0.04592256227468536,0.125,0.28156673076620786,-0.28156673076620786,robust_return<=0; median_irr<=hurdle,False
138,EA,205.21,-0.06511300886122623,-0.05534751331433651,-0.16206736331514543,0.012310354498913541,0.0,0.12,0.25,0.16206736331514543,0.2820673633151454,0.16206736331514543,0.2820673633151454,64.19146478475156,113.57558879691815,154.12112399916236,64.19146478475156,154.12112399916236,False,,-0.4465396969108808,0.7673,0.95,0.09566985890702949,0.8562,-0.1753475133143365,0.728935,valid,,,,,False,ok,False,,Electronic Arts Inc.,Technology,Electronic Gaming & Multimedia,general_dcf,51456612710.0,0.8562,0.16920346878140427,,0.07682195582830258,0.0923815129531017,0.19328197964511903,0.15429557827645732,0.06178197842882893,-0.9643097643097643,0.08602438697574702,-0.030922355340933794,heavy_sbc,8.0,2026.0,ttm,2026-05-11,2026-07-02,True,,,,0.16206736331514543,0.047834929453514745,0.125,0.2820673633151454,-0.2820673633151454,robust_return<=0; median_irr<=hurdle,False
139,EXPD,167.57,-0.052039823723316635,-0.046605416748207035,-0.1627348567242734,0.047786395327420926,0.0,0.12,0.25,0.1627348567242734,0.2827348567242734,0.1627348567242734,0.2827348567242734,52.291140908877296,93.73991421925865,137.24739951592758,52.291140908877296,137.24739951592758,False,,-0.4405925033164728,0.54648,0.95,0.12036622602584716,0.9805,-0.16660541674820703,0.519156,valid,,,share_change_floor_hit,,False,ok,False,,"Expeditors International of Washington, Inc.",Industrials,Integrated Freight & Logistics,general_dcf,21916670157.0,0.9805,0.5229825541212312,,0.09638753050392954,0.4265950236173016,0.09817747651779296,0.09668865693887972,0.04491666064397681,-0.6606408827345642,0.006254489448874782,-0.0657581801049153,cyclical_revenue,8.0,2025.0,ttm,2026-05-06,2026-07-02,True,,,,0.1627348567242734,0.06018311301292358,0.125,0.2827348567242734,-0.2827348567242734,robust_return<=0; median_irr<=hurdle,False
140,FAST,48.6,-0.0900920943560777,-0.07997203422710297,-0.16801884698215871,-0.03240546198794615,0.0,0.12,0.75,0.16801884698215871,0.28801884698215874,0.16801884698215871,0.28801884698215874,14.706755888794685,22.919972633596117,28.87059430133535,14.706755888794685,28.87059430133535,False,,-0.5283956248231252,0.9179,1.0,0.07026969249710627,0.995,-0.19997203422710297,0.9179,valid,,,,,False,ok,False,,Fastenal Company,Industrials,Industrial - Distribution,general_dcf,55794744000.0,0.995,0.31469657159522996,0.4999846681073931,0.08106602676075021,0.23363054483447976,0.20204371901989834,0.2024826181197958,0.07431176869979028,0.07248371896013131,0.001024327784891165,-0.00010019134877115032,,8.0,2025.0,ttm,2026-04-16,2026-07-02,True,,,,0.16801884698215871,0.035134846248553134,0.375,0.28801884698215874,-0.28801884698215874,robust_return<=0; median_irr<=hurdle,False
141,PSA,329.64,-0.1598810256716128,-0.16900455891491462,-0.16900455891491462,-0.13251042594170737,0.0,0.12,1.0,0.16900455891491462,0.2890045589149146,0.16900455891491462,0.2890045589149146,130.6270477161625,130.6270477161625,161.9426437872131,130.6270477161625,161.9426437872131,False,,-0.6037281649188129,0.6,0.8,0.03624706648660362,1.0,-0.2890045589149146,0.48,valid,,,specialist_model_v1,,False,specialist,False,,Public Storage,Real Estate,REIT - Industrial,reit,57878077804.0,,,,,,,,,,,,,,,,,2026-07-02,True,175579656.0004854,0.963,P/AFFO Gordon proxy; no property-level NOI or maintenance-capex detail,0.16900455891491462,0.01812353324330181,0.5,0.2890045589149146,-0.2890045589149146,robust_return<=0; median_irr<=hurdle,False
142,SYY,84.83,0.036483332919306145,0.06325207044719722,-0.1721412021899596,0.19157039297278974,0.25,0.12,0.25,0.1721412021899596,0.2921412021899596,0.1721412021899596,0.2921412021899596,25.090906414329456,80.01443216510289,139.64738557973638,25.090906414329456,139.64738557973638,False,,-0.05676727378164692,0.6612,1.0,0.19201979758137466,0.8099,-0.05674792955280278,0.6612,valid,,,,,False,ok,False,,Sysco Corporation,Consumer Defensive,Food Distribution,general_dcf,40564232757.0,0.8099,0.14470530960124747,0.2579916819709189,0.06907665149070236,0.07562865811054512,0.03835616996896853,0.03588737180944631,0.04768810912481891,3.3451153657339225,0.0012577792335407795,-0.021751722499201764,elevated_leverage;thin_interest_coverage,8.0,2025.0,ttm,2026-04-29,2026-07-02,True,,,,0.1721412021899596,0.09600989879068733,0.125,0.2921412021899596,-0.2921412021899596,robust_return<=0; median_irr<=hurdle,False
143,ROL,43.38,-0.0959141232073307,-0.08695898350561036,-0.17370528692845255,-0.036033238889649474,0.0,0.12,0.75,0.17370528692845255,0.29370528692845255,0.17370528692845255,0.29370528692845255,12.263991945479221,19.63062470845659,25.16648261667217,12.263991945479221,25.16648261667217,False,,-0.5474729205058417,0.924,1.0,0.07111602401940154,0.9778,-0.20695898350561037,0.924,valid,,,,,False,ok,False,,"Rollins, Inc.",Consumer Cyclical,Personal Products & Services,general_dcf,20885908320.0,0.9778,0.23191815668701563,0.2277945761618683,0.08040932895056693,0.1515088277364487,0.18720936478423789,0.18985583762682154,0.10912535473277218,1.1078922126796136,0.00884820999625816,-0.007512778424072053,,8.0,2025.0,ttm,2026-04-23,2026-07-02,True,,,,0.17370528692845255,0.03555801200970077,0.375,0.29370528692845255,-0.29370528692845255,robust_return<=0; median_irr<=hurdle,False
144,VRSK,188.35,-0.03469164289635954,-0.020027287933044105,-0.17416235513228456,0.07545035941293464,0.0,0.12,0.25,0.17416235513228456,0.29416235513228456,0.17416235513228456,0.29416235513228456,55.501014394015655,123.00437485369203,184.5423233235259,55.501014394015655,184.5423233235259,False,,-0.34693721872210226,0.7063200000000001,1.0,0.1336167572726096,0.943,-0.1400272879330441,0.7063200000000001,valid,,,share_change_floor_hit,,False,ok,False,,"Verisk Analytics, Inc.",Technology,Software - Services,general_dcf,24677963564.0,0.943,0.3719066841025896,,0.07448566895548511,0.2974210151471045,0.42172227797197337,0.44866711794475067,0.03623115196750715,2.3841367680409373,0.017639209815471735,-0.05242106460720275,,8.0,2025.0,ttm,2026-04-29,2026-07-02,True,,,,0.17416235513228456,0.0668083786363048,0.125,0.29416235513228456,-0.29416235513228456,robust_return<=0; median_irr<=hurdle,False
145,MMM,160.44,-0.05888314352559972,-0.04819560901378279,-0.1749686754308641,0.03582731935603081,0.0,0.12,0.25,0.1749686754308641,0.29496867543086414,0.1749686754308641,0.29496867543086414,45.08949030398529,86.0926844776794,123.69169971089867,45.08949030398529,123.69169971089867,False,,-0.4633963819641025,0.7398,1.0,0.11320399739344746,0.9489,-0.16819560901378278,0.7398,valid,,,,,False,ok,False,,3M Company,Industrials,Conglomerates,general_dcf,83680251355.0,0.9489,0.3375467097765881,,0.09292492732930624,0.2446217824472819,0.2067602674975359,0.19601182864450128,-0.0381898272428316,1.3453352536405825,0.011133685493701747,-0.020869430778441722,weak_cash_conversion,8.0,2025.0,ttm,2026-04-21,2026-07-02,True,,,,0.1749686754308641,0.05660199869672373,0.125,0.29496867543086414,-0.29496867543086414,robust_return<=0; median_irr<=hurdle,False
146,BRK-B,507.78,0.038305739082033746,0.07653968937246192,-0.17546325757471404,0.1756068351579252,0.25,0.12,0.25,0.17546325757471404,0.29546325757471403,0.17546325757471404,0.29546325757471403,193.51991158787854,734.2193406010745,1140.2133027623543,193.51991158787854,1140.2133027623543,False,,0.4459398570268118,0.6,0.8,0.1935350463663196,0.2635723426046663,-0.04346031062753808,0.48,valid,,,specialist_model_v1,,False,specialist,False,,Berkshire Hathaway Inc.,Financial Services,Insurance - Diversified,insurance,1095207173309.0,,,,,,,,,,,,,,,,,2026-07-02,True,2156853702.9993305,0.617,Justified P/B residual-income proxy; no regulatory-capital or reserve-detail model,0.17546325757471404,0.0967675231831598,0.125,0.29546325757471403,-0.29546325757471403,robust_return<=0; median_irr<=hurdle,False
147,CINF,192.03,0.027943418465470132,0.06377591412832628,-0.1756724147132006,0.15989426031842857,0.25,0.12,0.25,0.1756724147132006,0.2956724147132006,0.1756724147132006,0.2956724147132006,73.09173121158705,261.58922199364156,403.14481512865945,73.09173121158705,403.14481512865945,False,,0.36223101595397367,0.6,0.8,0.18578333751581458,0.27941415420152016,-0.05622408587167371,0.48,valid,,,specialist_model_v1,,False,specialist,False,,Cincinnati Financial Corporation,Financial Services,Insurance - Property & Casualty,insurance,29704544610.0,,,,,,,,,,,,,,,,,2026-07-02,True,154687000.0,0.584,Justified P/B residual-income proxy; no regulatory-capital or reserve-detail model,0.1756724147132006,0.09289166875790729,0.125,0.2956724147132006,-0.2956724147132006,robust_return<=0; median_irr<=hurdle,False
148,FISV,52.33,0.22082318798638872,0.29842070660088205,-0.24326928239315743,0.5297206211369483,0.75,0.12,0.25,0.24326928239315743,0.3632692823931574,0.24326928239315743,0.3632692823931574,11.134347904148294,122.37309322356263,271.6929456907688,11.134347904148294,271.6929456907688,False,,1.3384883092597484,0.368307,1.0,0.4054457417650529,0.6667,0.17842070660088205,0.368307,valid,,,forward_roic_cap_hit;share_change_floor_hit;intrinsic_2x_price,,False,ok,False,,"Fiserv, Inc.",Technology,Information Technology Services,general_dcf,27905181820.0,0.6667,0.0767878766895658,1.0079318519076124,0.07676136556235161,2.6511127214190466e-05,0.2367339951540479,0.24376481744902798,0.20267803207389457,3.4091943014485815,0.01791232388833604,-0.06159539790027424,elevated_leverage;thin_interest_coverage;cyclical_revenue,8.0,2025.0,ttm,2026-05-06,2026-07-02,True,,,,0.24326928239315743,0.20272287088252644,0.125,0.3632692823931574,-0.29755568720710635,robust_return<=0,False
149,PKG,238.2,-0.11038089646681327,-0.11206477860396259,-0.17866866658150687,-0.03872536207782101,0.0,0.12,0.75,0.17866866658150687,0.29866866658150687,0.17866866658150687,0.29866866658150687,65.92823261864132,78.5572118814417,123.84745931871386,65.92823261864132,123.84745931871386,False,,-0.6702048199771549,0.69768,1.0,0.07904125225184293,0.7706,-0.23206477860396257,0.69768,valid,,,reinvestment_cap_hit,,False,ok,False,,Packaging Corporation of America,Consumer Cyclical,Packaging & Containers,general_dcf,21223310340.0,0.7706,0.10895146025628281,-0.007728144868957102,0.07888075256672682,0.030070707689555998,0.1454775627681674,0.13161749546988422,0.03606975223775488,1.9576036866359448,0.005126627704296114,-0.013116268150041743,incremental_roic_below_wacc,8.0,2025.0,ttm,2026-05-08,2026-07-02,True,,,,0.17866866658150687,0.039520626125921464,0.375,0.29866866658150687,-0.29866866658150687,robust_return<=0; median_irr<=hurdle,False
150,WM,230.4,-0.06539214353251734,-0.052093751181382666,-0.18131495607085524,0.023933884303551194,0.0,0.12,0.25,0.18131495607085524,0.30131495607085523,0.18131495607085524,0.30131495607085523,65.44527068485675,126.74014156029396,184.9896403870773,65.44527068485675,184.9896403870773,False,,-0.44991258003344636,0.8499,1.0,0.10712742018720323,0.8155,-0.17209375118138265,0.8499,valid,,,,,False,ok,False,,"Waste Management, Inc.",Industrials,Waste Management,general_dcf,92523110400.0,0.8155,0.11323527244135807,0.10289034716402387,0.06542765549200301,0.047807616949355064,0.18049160262802283,0.18462991382363358,0.07783831760085991,2.88197261663286,0.00455302065994321,-0.008587591856509813,,8.0,2025.0,ttm,2026-04-29,2026-07-02,True,,,,0.18131495607085524,0.05356371009360161,0.125,0.30131495607085523,-0.30131495607085523,robust_return<=0; median_irr<=hurdle,False
151,FFIV,408.14,-0.10165307988536365,-0.09445113469118946,-0.18132173871854318,-0.036388311440532534,0.0,0.12,0.75,0.18132173871854318,0.3013217387185432,0.18132173871854318,0.3013217387185432,113.43236969451537,180.97927232941097,233.49670481989673,113.43236969451537,233.49670481989673,False,,-0.5565755075968761,0.7338600000000001,0.95,0.08195091363900532,0.9286,-0.21445113469118945,0.697167,valid,,,forward_roic_cap_hit,,False,ok,False,,"F5, Inc.",Technology,Software - Infrastructure,general_dcf,23026951471.0,0.9286,0.2622348993366424,1.0870605327209826,0.09688635000843486,0.16534854932820753,0.19959417324742823,0.2464835445982091,0.052290955682298135,-1.3272722795939251,0.07780492308566396,-0.021171680882617117,heavy_sbc,8.0,2025.0,ttm,2026-05-05,2026-07-02,True,,,,0.18132173871854318,0.04097545681950266,0.375,0.3013217387185432,-0.3013217387185432,robust_return<=0; median_irr<=hurdle,False
152,ITW,272.76,-0.08949943398474712,-0.08007282205362568,-0.1815112797223264,-0.016340812109410737,0.0,0.12,0.75,0.1815112797223264,0.3015112797223264,0.1815112797223264,0.3015112797223264,73.75369656925116,126.3463455293697,168.2479245600668,73.75369656925116,168.2479245600668,False,,-0.5367856521140574,0.8499,1.0,0.08708823380645783,0.9848,-0.20007282205362567,0.8499,valid,,,,,False,ok,False,,Illinois Tool Works Inc.,Industrials,Industrial - Machinery,general_dcf,78473052000.0,0.9848,0.28815826409433676,0.4208160594421664,0.0903420577243634,0.19781620636997335,0.24190478911019891,0.2641637383638493,0.011909252837439377,1.7757148954332054,0.00428385174147886,-0.02373224311752742,,8.0,2025.0,ttm,2026-05-07,2026-07-02,True,,,,0.1815112797223264,0.043544116903228916,0.375,0.3015112797223264,-0.3015112797223264,robust_return<=0; median_irr<=hurdle,False
153,DGX,215.72,-0.08523174586880483,-0.0845204870391171,-0.18309417763666713,0.011208168239682008,0.0,0.12,0.75,0.18309417763666713,0.30309417763666713,0.18309417763666713,0.30309417763666713,60.78969974497482,88.90537203896125,156.3422791624283,60.78969974497482,156.3422791624283,False,,-0.587866808645646,0.5631120000000001,1.0,0.11025781293817458,0.7226,-0.2045204870391171,0.5631120000000001,valid,,,forward_roic_floor_hit;reinvestment_cap_hit,,False,ok,False,,Quest Diagnostics Incorporated,Healthcare,Medical - Diagnostics & Research,general_dcf,23879341120.0,0.7226,0.09016698804137668,-0.182444261713831,0.0680166244404804,0.022150363600896283,0.14573039501972124,0.14311048058166342,0.056094577724565386,3.0063897763578273,0.00832252485948984,-0.017244827160577514,elevated_leverage;incremental_roic_below_wacc,8.0,2025.0,ttm,2026-04-22,2026-07-02,True,,,,0.18309417763666713,0.05512890646908729,0.375,0.30309417763666713,-0.30309417763666713,robust_return<=0; median_irr<=hurdle,False
154,ALGN,184.52,-0.1255449369840789,-0.13022298782016142,-0.18326591719524,-0.05846785510075276,0.0,0.12,0.75,0.18326591719524,0.30326591719524,0.18326591719524,0.30326591719524,49.55187202089249,52.43813630435009,76.55526082003963,49.55187202089249,76.55526082003963,False,,-0.7158132652051263,0.42857100000000004,0.7999999999999999,0.08554190104724362,0.7146,-0.2502229878201614,0.3428568,valid,,,forward_roic_floor_hit;reinvestment_cap_hit,,False,ok,False,,"Align Technology, Inc.",Healthcare,Medical - Devices,general_dcf,13214976794.0,0.7146,0.14695696076029993,-0.5358257089366919,0.12778145664148632,0.019175504118813608,0.1693170094374621,0.15271908249986865,0.10813455367511038,-1.1485499946113873,0.04343647881026613,-0.025430839830211993,cyclical_revenue;incremental_roic_below_wacc,8.0,2025.0,annual,2026-02-27,2026-07-02,True,,,,0.18326591719524,0.04277095052362181,0.375,0.30326591719524,-0.30326591719524,robust_return<=0; median_irr<=hurdle,False
155,IEX,223.82,-0.13479547923707283,-0.13209186293825037,-0.18464584686735175,-0.09035234420443883,0.0,0.12,1.0,0.18464584686735175,0.30464584686735174,0.18464584686735175,0.30464584686735174,59.61799754398087,71.10879639814085,85.56349947419895,59.61799754398087,85.56349947419895,False,,-0.6822947171917575,0.73503,1.0,0.05509585133145646,0.7631,-0.25209186293825037,0.73503,valid,,,reinvestment_cap_hit,,False,ok,False,,IDEX Corporation,Industrials,Industrial - Machinery,general_dcf,16566048938.999998,0.7631,0.10724302086651309,0.02470218066916018,0.08956012526327055,0.017682895603242543,0.2322517632887101,0.2080394323106994,0.048393072016545746,1.389965068275643,0.0078928046989721,-0.007067373967917012,incremental_roic_below_wacc,8.0,2025.0,ttm,2026-04-29,2026-07-02,True,,,,0.18464584686735175,0.02754792566572823,0.5,0.30464584686735174,-0.30464584686735174,robust_return<=0; median_irr<=hurdle,False
156,GOOGL,359.91,-0.10492396238696526,-0.09774652244814203,-0.18521438762836623,-0.03898841702321075,0.0,0.12,0.75,0.18521438762836623,0.3052143876283662,0.18521438762836623,0.3052143876283662,87.08173189407812,143.04893301269036,188.15119190449997,87.08173189407812,188.15119190449997,False,,-0.602542488364618,0.7447,1.0,0.08077198530257773,0.9495,-0.21774652244814202,0.7447,valid,,,,,False,ok,False,,Alphabet Inc.,Communication Services,Internet Content & Information,general_dcf,4353064767154.0005,0.9495,0.26221298953631045,0.20436649731136108,0.10560008336155274,0.1566129061747577,0.2694154064384683,0.32704240284357944,0.16685519908060154,-0.2253545571754438,0.065096652172174,-0.02389653605051978,heavy_sbc,8.0,2025.0,ttm,2026-04-30,2026-07-02,True,,,,0.18521438762836623,0.040385992651288866,0.375,0.3052143876283662,-0.3052143876283662,robust_return<=0; median_irr<=hurdle,False
157,PPG,125.33,-0.06845073497825067,-0.05649279479985123,-0.18530111674335784,0.02448376643005761,0.0,0.12,0.25,0.18530111674335784,0.3053011167433578,0.18530111674335784,0.3053011167433578,32.58784897350436,63.088124107675895,90.42888004458997,32.58784897350436,90.42888004458997,False,,-0.4966239199898197,0.7542,1.0,0.11226644158670773,0.7595,-0.17649279479985122,0.7542,valid,,,,,False,ok,False,,"PPG Industries, Inc.",Basic Materials,Chemicals - Specialty,general_dcf,27936057000.0,0.7595,0.11179084222607207,,0.08675679723258563,0.025034044993486437,0.12688760969798327,0.12796972892500466,0.004591619879200204,2.344854070660522,0.0026506784474597664,-0.018459166786427894,,8.0,2025.0,ttm,2026-04-29,2026-07-02,True,,,,0.18530111674335784,0.056133220793353866,0.125,0.3053011167433578,-0.3053011167433578,robust_return<=0; median_irr<=hurdle,False
158,TPL,407.2,-0.0756383551561157,-0.06552775149757505,-0.18795312254515006,0.016455204915837403,0.0,0.12,0.25,0.18795312254515006,0.30795312254515006,0.18795312254515006,0.30795312254515006,109.46841745080299,207.3537048114038,309.16663647911105,109.46841745080299,309.16663647911105,False,,-0.49078166794841893,0.6166,1.0,0.11370616373049373,0.9816,-0.18552775149757506,0.6166,valid,,,,,False,ok,False,,Texas Pacific Land Corporation,Energy,Oil & Gas Exploration & Production,general_dcf,28086375680.0,0.9816,0.37095281994358054,0.16116902136869546,0.07543402916878457,0.295518790774796,0.786585672348183,0.7442162033312476,0.14991745407168078,-0.33619581523426506,0.017706988862646867,-0.002553389969461861,cyclical_revenue,8.0,2025.0,ttm,2026-05-06,2026-07-02,True,,,,0.18795312254515006,0.05685308186524687,0.125,0.30795312254515006,-0.30795312254515006,robust_return<=0; median_irr<=hurdle,False
159,BSX,45.14,-0.02803255457256453,-0.011592624918557674,-0.18819498472148555,0.09925001626834276,0.0,0.12,0.25,0.18819498472148555,0.30819498472148554,0.18819498472148555,0.30819498472148554,13.399230365141268,31.54133794749769,52.91496965345756,13.399230365141268,52.91496965345756,False,,-0.301255251495399,0.6651,1.0,0.15376950049491414,0.5032,-0.13159262491855767,0.6651,valid,,,,,False,ok,False,,Boston Scientific Corporation,Healthcare,Medical - Devices,general_dcf,67094072780.0,0.5032,0.10017304374020378,0.16740732851380255,0.07056312438422392,0.029609919355979855,0.15840997764783987,0.20116420082464226,0.1074940369415851,1.7153943331528605,0.015883441810473516,0.012643072407720446,,8.0,2025.0,ttm,2026-03-31,2026-07-02,True,,,,0.18819498472148555,0.07688475024745707,0.125,0.30819498472148554,-0.30819498472148554,robust_return<=0; median_irr<=hurdle,False
160,LLY,1213.91,-0.05184904510097109,-0.03839303831264257,-0.18820422942735598,0.05759412564875677,0.0,0.12,0.25,0.18820422942735598,0.308204229427356,0.18820422942735598,0.308204229427356,331.24023862444153,738.691019569471,1146.2464788960422,331.24023862444153,1146.2464788960422,False,,-0.391477935292179,0.58716,0.85,0.13978437753805636,0.9387,-0.15839303831264256,0.499086,valid,,,base_growth_cap_hit,,False,ok,False,,Eli Lilly and Company,Healthcare,Drug Manufacturers - General,general_dcf,1143188817310.0,0.9387,0.4095918883332159,0.46811342852770665,0.06950912097359392,0.340082767359622,0.2985125860686211,0.45865507719776605,0.17173452760489116,1.0826359832635983,0.014333066179425301,-0.01941725719694465,peak_cycle_margins,8.0,2025.0,ttm,2026-04-30,2026-07-02,True,,,,0.18820422942735598,0.06989218876902818,0.125,0.308204229427356,-0.308204229427356,robust_return<=0; median_irr<=hurdle,False
161,UNP,282.25,-0.10093298382380451,-0.09130563074140807,-0.18987562488182447,-0.03124504893057744,0.0,0.12,0.75,0.18987562488182447,0.30987562488182446,0.18987562488182447,0.30987562488182446,71.56851735500726,116.45355079611697,155.3194429991684,71.56851735500726,155.3194429991684,False,,-0.5874099174628273,0.8264,0.85,0.0890232879756235,0.8537,-0.21130563074140807,0.70244,valid,,,,,False,ok,False,,Union Pacific Corporation,Industrials,Railroads,general_dcf,167575494250.0,0.8537,0.15539717537189446,0.0937992238101382,0.08602520977427255,0.0693719655976219,0.39960472465419883,0.4014279885760914,0.010182656377619725,2.461719765929779,0.0,-0.0165656401599229,,8.0,2025.0,annual,2026-02-06,2026-07-02,True,,,,0.18987562488182447,0.04451164398781175,0.375,0.30987562488182446,-0.30987562488182446,robust_return<=0; median_irr<=hurdle,False
162,BAC,58.73,-0.09871074616518224,-0.08281790711002923,-0.19053257544925983,-0.03867459499141068,0.0,0.12,0.75,0.19053257544925983,0.31053257544925983,0.19053257544925983,0.31053257544925983,20.41065215318357,38.11867845793681,48.21832266265354,20.41065215318357,48.21832266265354,False,,-0.3509504774742582,0.6,0.8,0.09392899022892456,0.5354501514449488,-0.20281790711002923,0.48,valid,,,specialist_model_v1,,False,specialist,False,,Bank of America Corporation,Financial Services,Banks - Diversified,bank,416782768933.0,,,,,,,,,,,,,,,,,2026-07-02,True,7096590650.996084,1.196,Justified P/B residual-income proxy; no regulatory-capital or reserve-detail model,0.19053257544925983,0.04696449511446228,0.375,0.31053257544925983,-0.31053257544925983,robust_return<=0; median_irr<=hurdle,False
163,ABBV,261.07,-0.030488633593631645,-0.013527075189631407,-0.19065720912185494,0.09575682512659117,0.0,0.12,0.25,0.19065720912185494,0.3106572091218549,0.19065720912185494,0.3106572091218549,71.6556688075913,176.42230066377817,294.36043418666833,71.6556688075913,294.36043418666833,False,,-0.32423372787460003,0.6378,1.0,0.15407301712422306,0.8465,-0.13352707518963142,0.6378,valid,,,,,False,ok,False,,AbbVie Inc.,Healthcare,Drug Manufacturers - General,general_dcf,461256601778.0,0.8465,0.17156849812017677,,0.06771882124899439,0.10384967687118238,0.28007514501636444,0.2760470558270587,0.09331472871090596,2.5009654411474957,0.015614780902550687,-0.000750469325035974,,8.0,2025.0,ttm,2026-05-08,2026-07-02,True,,,,0.19065720912185494,0.07703650856211153,0.125,0.3106572091218549,-0.3106572091218549,robust_return<=0; median_irr<=hurdle,False
164,ROST,213.43,-0.08010595464365905,-0.07347592507139777,-0.1926220549270511,0.01915008649521045,0.0,0.12,0.75,0.1926220549270511,0.3126220549270511,0.1926220549270511,0.3126220549270511,57.256439509190926,105.46347118075033,158.68680007020643,57.256439509190926,158.68680007020643,False,,-0.505863884267674,0.5573,1.0,0.11916707071113077,0.9243,-0.19347592507139777,0.5573,valid,,,,,False,ok,False,,"Ross Stores, Inc.",Consumer Cyclical,Apparel - Retail,general_dcf,68464305051.0,0.9243,0.3208454271649035,0.13945448458229762,0.0860606838458382,0.2347847433190653,0.12068597176322433,0.12217804427175162,0.061478219668546163,0.1725957565874324,0.007397244545574543,-0.02372314116180152,cyclical_revenue,8.0,2025.0,ttm,2026-06-02,2026-07-02,True,,,,0.1926220549270511,0.05958353535556538,0.375,0.3126220549270511,-0.3126220549270511,robust_return<=0; median_irr<=hurdle,False
165,KO,84.14,-0.06838346502190687,-0.05308585506863889,-0.19366727123851887,0.0263051212881692,0.0,0.12,0.25,0.19366727123851887,0.3136672712385189,0.19366727123851887,0.3136672712385189,23.204938364873314,47.61509052560782,69.24954983900027,23.204938364873314,69.24954983900027,False,,-0.43409685612541216,0.8096,1.0,0.11569819626334403,0.9097,-0.17308585506863888,0.8096,valid,,,,,False,ok,False,,The Coca-Cola Company,Consumer Defensive,Beverages - Non-Alcoholic,general_dcf,362010667200.0,0.9097,0.1777041809221706,0.3070694854507463,0.06762947749033822,0.11007470343183239,0.2667444120505345,0.29344209073938804,0.04899466931403018,2.115352376039719,0.0058196533238772654,-0.0027662658604344914,weak_cash_conversion,8.0,2025.0,ttm,2026-04-30,2026-07-02,True,,,,0.19366727123851887,0.057849098131672015,0.125,0.3136672712385189,-0.3136672712385189,robust_return<=0; median_irr<=hurdle,False
166,AAPL,308.63,-0.11671210711538149,-0.11161712188186354,-0.1956188139534788,-0.04799537074432007,0.0,0.12,0.75,0.1956188139534788,0.3156188139534788,0.1956188139534788,0.3156188139534788,76.80858302342921,123.45292721594357,163.84925984667822,76.80858302342921,163.84925984667822,False,,-0.5999969957037761,0.69309,0.95,0.08451902160457936,0.9712,-0.23161712188186354,0.6584355,valid,,,forward_roic_cap_hit,,False,ok,False,,Apple Inc.,Technology,Consumer Electronics,general_dcf,4532958682280.0,0.9712,1.0115830694535688,,0.09923185364596745,0.9123512158076014,0.2980189489629316,0.32643396050876966,0.06625988170490915,0.10129019352902935,0.02988990755303234,-0.032873323384973285,,8.0,2025.0,ttm,2026-05-01,2026-07-02,True,,,,0.1956188139534788,0.04225951080228968,0.375,0.3156188139534788,-0.3156188139534788,robust_return<=0; median_irr<=hurdle,False
167,MRK,129.56,-0.0007054862289805758,0.020614000456407693,-0.1961481899896171,0.15209824416087941,0.25,0.12,0.25,0.1961481899896171,0.31614818998961713,0.1961481899896171,0.31614818998961713,35.78442462773545,104.41462684013784,183.69665927325147,35.78442462773545,183.69665927325147,False,,-0.1940828431604057,0.6751,1.0,0.18387021707524825,0.7944,-0.0993859995435923,0.6751,valid,,,,,False,ok,False,,"Merck & Co., Inc.",Healthcare,Drug Manufacturers - General,general_dcf,319990451207.60004,0.7944,0.16631601978689647,0.3538441559451518,0.06713916938895802,0.09917685039793846,0.24108456958368574,0.27591358834021923,0.0631423349445206,1.7830301039057046,0.01072943524910588,-0.009264693518373779,,8.0,2025.0,ttm,2026-05-04,2026-07-02,True,,,,0.1961481899896171,0.09193510853762413,0.125,0.31614818998961713,-0.31614818998961713,robust_return<=0; median_irr<=hurdle,False
168,ADSK,207.48,-0.0795217158309242,-0.06910122995614071,-0.1966322809486883,0.016747877537272894,0.0,0.12,0.25,0.1966322809486883,0.3166322809486883,0.1966322809486883,0.3166322809486883,50.509259578713895,97.86386725617743,141.88023322797625,50.509259578713895,141.88023322797625,False,,-0.5283214417959445,0.66276,1.0,0.1168072792429806,0.8164,-0.1891012299561407,0.66276,valid,,,forward_roic_cap_hit,,False,ok,False,,"Autodesk, Inc.",Technology,Software - Application,general_dcf,43808416677.0,0.8164,0.536810308317395,0.9112533635999258,0.10713117656462423,0.4296791317527707,0.1817827291442067,0.26601838284268015,0.1586991935968085,-0.09111617312072894,0.11140107649649324,-0.009259790999624373,heavy_sbc,8.0,2026.0,ttm,2026-05-29,2026-07-02,True,,,,0.1966322809486883,0.0584036396214903,0.125,0.3166322809486883,-0.3166322809486883,robust_return<=0; median_irr<=hurdle,False
169,GWW,1342.98,-0.10864443940881754,-0.10183249594156221,-0.19685550775757293,-0.03405725799457282,0.0,0.12,0.75,0.19685550775757293,0.31685550775757293,0.19685550775757293,0.31685550775757293,330.85583975623047,558.1194761311443,759.8337498975942,330.85583975623047,759.8337498975942,False,,-0.5844171349304201,0.8166,1.0,0.08690112488150006,0.9434,-0.2218324959415622,0.8166,valid,,,,,False,ok,False,,"W.W. Grainger, Inc.",Industrials,Industrial - Distribution,general_dcf,63406274555.0,0.9434,0.3289200251333505,0.4509324118893471,0.09530709547739007,0.23361292965596042,0.13212734752047384,0.14234410708455764,0.06935006106097008,0.7265761058864507,0.0036113699906803356,-0.024742840573265146,,8.0,2025.0,ttm,2026-05-07,2026-07-02,True,,,,0.19685550775757293,0.04345056244075003,0.375,0.31685550775757293,-0.31685550775757293,robust_return<=0; median_irr<=hurdle,False
170,A,130.69,-0.14584222208359274,-0.14440806780476118,-0.19783830696833313,-0.09671444575651547,0.0,0.12,1.0,0.19783830696833313,0.31783830696833315,0.19783830696833313,0.31783830696833315,31.52686333696176,40.737216174032966,49.60901976772193,31.52686333696176,49.60901976772193,False,,-0.6882912527811389,0.8058,1.0,0.056387930605908826,0.8032,-0.26440806780476117,0.8058,valid,,,,,False,ok,False,,"Agilent Technologies, Inc.",Healthcare,Medical - Diagnostics & Research,general_dcf,36911038080.0,0.8032,0.1563631525438916,0.06527467842826057,0.1030774909716919,0.0532856615721997,0.20521881264522696,0.215016592920354,0.05072541423244137,0.8449781659388647,0.018422567645365574,-0.01810353813094956,incremental_roic_below_wacc,8.0,2025.0,ttm,2026-06-01,2026-07-02,True,,,,0.19783830696833313,0.028193965302954413,0.5,0.31783830696833315,-0.31783830696833315,robust_return<=0; median_irr<=hurdle,False
171,DOV,213.71,-0.15337888761423524,-0.15106952125497625,-0.2035463256936054,-0.10783018225338306,0.0,0.12,1.0,0.2035463256936054,0.3235463256936054,0.2035463256936054,0.3235463256936054,51.02318637902924,62.91187552301893,73.10150161768456,51.02318637902924,73.10150161768456,False,,-0.7056203475596887,0.72306,1.0,0.05616627172011117,0.7608,-0.27106952125497624,0.72306,valid,,,reinvestment_cap_hit,,False,ok,False,,Dover Corporation,Industrials,Industrial - Machinery,general_dcf,28778490785.999996,0.7608,0.12229215992717236,0.0309088815527848,0.09789211487354843,0.024400045053623934,0.1572083358717778,0.16702155218483758,0.021099944953815397,0.929849859608325,0.005210363302744713,-0.018203709976368554,incremental_roic_below_wacc,8.0,2025.0,ttm,2026-04-23,2026-07-02,True,,,,0.2035463256936054,0.028083135860055584,0.5,0.3235463256936054,-0.3235463256936054,robust_return<=0; median_irr<=hurdle,False
172,MTD,1308.43,-0.1301209125623245,-0.12523187218212112,-0.20459584179588997,-0.06542406408916573,0.0,0.12,0.75,0.20459584179588997,0.32459584179588996,0.20459584179588997,0.32459584179588996,294.657683089038,471.039852855321,617.7935074811045,294.657683089038,617.7935074811045,False,,-0.6399961382303059,0.8528,1.0,0.07400188885336212,0.9773,-0.2452318721821211,0.8528,valid,,,,,False,ok,False,,Mettler-Toledo International Inc.,Healthcare,Medical - Diagnostics & Research,general_dcf,26440231376.000004,0.9773,0.4376220756426632,0.26524520333931784,0.10260390378339047,0.33501817185927274,0.2726700953622288,0.28000612257572655,0.046172122400079285,1.753196375648433,0.005159384675137468,-0.03704082269681719,,8.0,2025.0,ttm,2026-05-08,2026-07-02,True,,,,0.20459584179588997,0.03700094442668106,0.375,0.32459584179588996,-0.32459584179588996,robust_return<=0; median_irr<=hurdle,False
173,ROP,364.2,-0.1067954825444758,-0.09460521352302745,-0.2058964581694454,-0.03207504496240287,0.0,0.12,0.75,0.2058964581694454,0.3258964581694454,0.2058964581694454,0.3258964581694454,86.32968469436919,144.12131142652822,199.2253870868941,86.32968469436919,199.2253870868941,False,,-0.6042797599491263,0.71163,1.0,0.09556180660352126,0.5733,-0.21460521352302744,0.71163,valid,,,reinvestment_cap_hit,,False,ok,False,,"Roper Technologies, Inc.",Technology,Software - Application,general_dcf,36754102148.0,0.5733,0.062017847482421465,0.07287317514358209,0.07504479225049401,-0.013026944768072549,0.28084670952713225,0.2808626001232286,0.06186905149521538,3.1555701630826056,0.020726787134901694,-0.006914111743746454,elevated_leverage;incremental_roic_below_wacc,8.0,2025.0,ttm,2026-05-01,2026-07-02,True,,,,0.2058964581694454,0.04778090330176063,0.375,0.3258964581694454,-0.3258964581694454,robust_return<=0; median_irr<=hurdle,False
174,COST,951.67,-0.14087979722235103,-0.13344745393769702,-0.20675404006651654,-0.08987024094749355,0.0,0.12,1.0,0.20675404006651654,0.32675404006651654,0.20675404006651654,0.32675404006651654,230.1559331160904,337.7951365753103,419.7579149024911,230.1559331160904,419.7579149024911,False,,-0.6450501365228385,0.8944,1.0,0.0616098995595115,0.981,-0.253447453937697,0.8944,valid,,,,,False,ok,False,,Costco Wholesale Corporation,Consumer Defensive,Discount Stores,general_dcf,422045659930.0,0.981,0.38993330020520345,0.4250510050253514,0.08767249169901609,0.30226080850618736,0.03386284317762697,0.03823398174987312,0.09962564637566751,-0.8530819434372734,0.0031945189648768003,-0.0002451377367429508,,8.0,2025.0,ttm,2026-05-28,2026-07-02,True,,,,0.20675404006651654,0.03080494977975575,0.5,0.32675404006651654,-0.32675404006651654,robust_return<=0; median_irr<=hurdle,False
175,TYL,318.1,-0.13954463055124502,-0.13515468169061928,-0.20750175144203237,-0.08036740738170917,0.0,0.12,1.0,0.20750175144203237,0.32750175144203236,0.20750175144203237,0.32750175144203236,76.38496796914869,106.43157368242657,139.79893996534034,76.38496796914869,139.79893996534034,False,,-0.6654147322149432,0.64152,1.0,0.0743215720301616,0.7399,-0.2551546816906193,0.64152,valid,,,reinvestment_cap_hit,,False,ok,False,,"Tyler Technologies, Inc.",Technology,Software - Application,general_dcf,13413481750.000002,0.7399,0.10124837334196077,,0.08548626723399982,0.015762106107960944,0.14201850877509714,0.15471012879524237,0.13944339404503459,-0.5732371259187539,0.0574482307303339,0.006188189271232547,heavy_sbc,8.0,2025.0,ttm,2026-04-29,2026-07-02,True,,,,0.20750175144203237,0.0371607860150808,0.5,0.32750175144203236,-0.32750175144203236,robust_return<=0; median_irr<=hurdle,False
176,SLB,45.13,0.008490055147558462,0.03194578334223482,-0.2112777126254514,0.1813463665312156,0.25,0.12,0.25,0.2112777126254514,0.33127771262545136,0.2112777126254514,0.33127771262545136,12.069950259572828,39.08140299059625,73.98307611458087,12.069950259572828,73.98307611458087,False,,-0.1340260804210891,0.5542,1.0,0.20968603957833348,0.6379,-0.08805421665776517,0.5542,valid,,,,,False,ok,False,,Slb N.V.,Energy,Oil & Gas Equipment & Services,general_dcf,67472057800.00001,0.6379,0.12134802607850606,0.26793802341834855,0.07564357494198662,0.04570445113651944,0.13417969730870635,0.14321090706733444,0.012147044721517952,1.0492661135928525,0.008842613550626226,0.01777541240220315,cyclical_revenue,8.0,2025.0,ttm,2026-04-29,2026-07-02,True,,,,0.2112777126254514,0.10484301978916674,0.125,0.33127771262545136,-0.33127771262545136,robust_return<=0; median_irr<=hurdle,False
177,WMT,111.84,-0.14188508822408036,-0.13571650471130847,-0.21256396019598467,-0.08354338327771982,0.0,0.12,1.0,0.21256396019598467,0.33256396019598466,0.21256396019598467,0.33256396019598466,26.24412469470797,40.10991765905305,52.14951915584097,26.24412469470797,52.14951915584097,False,,-0.6413633971830021,0.9077,1.0,0.06727928845913243,0.8426,-0.25571650471130847,0.9077,valid,,,,,False,ok,False,,Walmart Inc.,Consumer Defensive,Discount Stores,general_dcf,890031667200.0,0.8426,0.14254615440729357,0.09590727000201303,0.07271007337441208,0.06983608103288148,0.0417489397208882,0.041614217467134514,0.04777754991382177,1.4150943396226414,0.0,-0.008319034749429188,,8.0,2026.0,ttm,2026-05-29,2026-07-02,True,,,,0.21256396019598467,0.033639644229566217,0.5,0.33256396019598466,-0.33256396019598466,robust_return<=0; median_irr<=hurdle,False
178,CTAS,181.37,-0.1277419160302088,-0.11900661743711677,-0.21266977293416855,-0.060284656312433044,0.0,0.12,0.75,0.21266977293416855,0.33266977293416855,0.21266977293416855,0.33266977293416855,41.33291563961078,69.20891564015884,91.746124432071,41.33291563961078,91.746124432071,False,,-0.6184103454807364,0.8673,1.0,0.08017355831086775,0.9597,-0.23900661743711676,0.8673,valid,,,,,False,ok,False,,Cintas Corporation,Industrials,Specialty Business Services,general_dcf,72572826107.0,0.9597,0.27336008880403845,0.6799586534569824,0.0899406364267629,0.18341945237727555,0.1983947976835504,0.22951671365649154,0.06911779918813399,0.901169583706489,0.012190340031354805,-0.012196065681276402,,8.0,2025.0,ttm,2026-04-07,2026-07-02,True,,,,0.21266977293416855,0.04008677915543388,0.375,0.33266977293416855,-0.33266977293416855,robust_return<=0; median_irr<=hurdle,False
179,CSCO,112.69,-0.1691339711847831,-0.16670465868082826,-0.21369356260402123,-0.12943300477345468,0.0,0.12,1.0,0.21369356260402123,0.3336935626040212,0.21369356260402123,0.3336935626040212,22.919079989500236,27.648706492928135,34.53702047939878,22.919079989500236,34.53702047939878,False,,-0.7546480921738563,0.76932,1.0,0.04905067891528327,0.8713,-0.2867046586808283,0.76932,valid,,,reinvestment_cap_hit,,False,ok,False,,"Cisco Systems, Inc.",Technology,Communication Equipment,general_dcf,444160272399.0,0.8713,0.18079819819324663,-0.02843197082884546,0.09217068707245793,0.0886275111207887,0.2606543314348322,0.23361208968491753,0.019972575142745974,0.8770261379269095,0.0571343605375165,-0.016574072843876686,heavy_sbc;incremental_roic_below_wacc,8.0,2025.0,ttm,2026-05-19,2026-07-02,True,,,,0.21369356260402123,0.024525339457641637,0.5,0.3336935626040212,-0.3336935626040212,robust_return<=0; median_irr<=hurdle,False
180,AME,234.62,-0.1370526672671985,-0.13087432341708333,-0.2138143307369318,-0.0726476914976956,0.0,0.12,1.0,0.2138143307369318,0.3338143307369318,0.2138143307369318,0.3338143307369318,53.566215232735146,80.16356415331201,106.13042098886064,53.566215232735146,106.13042098886064,False,,-0.6583259562129742,0.7888,1.0,0.07691931961961809,0.79,-0.2508743234170833,0.7888,valid,,,,,False,ok,False,,"AMETEK, Inc.",Industrials,Electrical Equipment & Parts,general_dcf,53775607860.0,0.79,0.12772128848845107,0.15542265014439383,0.09261562930524173,0.03510565918320935,0.23996926366993981,0.2616589067416449,0.062368142586528785,0.7038871290201842,0.006895513442959266,-0.002454884771549426,,8.0,2025.0,ttm,2026-04-30,2026-07-02,True,,,,0.2138143307369318,0.038459659809809046,0.5,0.3338143307369318,-0.3338143307369318,robust_return<=0; median_irr<=hurdle,False
181,GDDY,88.51,0.005071845403290379,0.0387142595893238,-0.21594646282028404,0.15880532525479796,0.25,0.12,0.25,0.21594646282028404,0.33594646282028406,0.21594646282028404,0.33594646282028406,21.70172118516709,72.08357773039039,119.7637529576415,21.70172118516709,119.7637529576415,False,,-0.1855883207503064,0.6130890000000001,1.0,0.198983224037541,0.733,-0.0812857404106762,0.6130890000000001,valid,,,forward_roic_cap_hit;share_change_floor_hit,,False,ok,False,,GoDaddy Inc.,Technology,Software - Infrastructure,general_dcf,11719595558.0,0.733,0.3819031766830754,6.204132231404959,0.08055212472888983,0.30135105195418554,0.11102806941403387,0.23850946513525886,0.09280680491839521,1.9770677266473016,0.06557771363596607,-0.05956701407576903,heavy_sbc;peak_cycle_margins,8.0,2025.0,ttm,2026-05-01,2026-07-02,True,,,,0.21594646282028404,0.0994916120187705,0.125,0.33594646282028406,-0.33594646282028406,robust_return<=0; median_irr<=hurdle,False
182,TJX,154.26,-0.06500445833735283,-0.051618430786766076,-0.21751676681742538,0.06073579504154625,0.0,0.12,0.25,0.21751676681742538,0.3375167668174254,0.21751676681742538,0.3375167668174254,36.91864916561391,87.41231251080289,144.82509454307785,36.91864916561391,144.82509454307785,False,,-0.4333442725865234,0.541,1.0,0.15289628092948582,0.9153,-0.17161843078676609,0.541,valid,,,,,False,ok,False,,"The TJX Companies, Inc.",Consumer Cyclical,Apparel - Retail,general_dcf,170411707840.28036,0.9153,0.30122773677764214,0.3518534824190332,0.073474536703047,0.22775320007459515,0.1063916885959994,0.12392829306313329,0.06451848879760735,0.9642336584818926,0.003246983676366217,-0.016688970043847173,cyclical_revenue,8.0,2026.0,ttm,2026-05-29,2026-07-02,True,,,,0.21751676681742538,0.07644814046474291,0.125,0.3375167668174254,-0.3375167668174254,robust_return<=0; median_irr<=hurdle,False
183,PTC,124.55,-0.06229984224191864,-0.046244936366565494,-0.21784101704251949,0.061131520807975924,0.0,0.12,0.25,0.21784101704251949,0.33784101704251945,0.21784101704251949,0.33784101704251945,29.893970327662732,67.07579854933455,109.03212004494894,29.893970327662732,109.03212004494894,False,,-0.46145484906194656,0.6763,1.0,0.1491972689252477,0.6298,-0.16624493636656548,0.6763,valid,,,,,False,ok,False,,PTC Inc.,Technology,Software - Application,general_dcf,14386272300.0,0.6298,0.19333345910402724,0.29146960792156157,0.08923434150280037,0.10409911760122688,0.21465823542404253,0.38705276430520436,0.11964698925178596,0.7267853670731369,0.09722154544410373,0.0009013606968777399,heavy_sbc;peak_cycle_margins,8.0,2025.0,ttm,2026-05-07,2026-07-02,True,,,,0.21784101704251949,0.07459863446262385,0.125,0.33784101704251945,-0.33784101704251945,robust_return<=0; median_irr<=hurdle,False
184,ABT,95.4,-0.131194202912593,-0.12791118159657344,-0.21822764186945276,-0.050726806587772406,0.0,0.12,0.75,0.21822764186945276,0.33822764186945276,0.21822764186945276,0.33822764186945276,19.66559275609842,30.53086593494117,49.096812210139774,19.66559275609842,49.096812210139774,False,,-0.6799699587532373,0.598104,1.0,0.09580729764084019,0.731,-0.24791118159657344,0.598104,valid,,,forward_roic_floor_hit;reinvestment_cap_hit,,False,ok,False,,Abbott Laboratories,Healthcare,Medical - Devices,general_dcf,166168674000.0,0.731,0.08949712593777351,-0.07363566932580261,0.07175289387467923,0.01774423206309428,0.16156574496594517,0.18172552842646342,0.05448021910170198,2.369110874955721,0.01604290822407628,-0.003222771166020877,incremental_roic_below_wacc,8.0,2025.0,ttm,2026-04-29,2026-07-02,True,,,,0.21822764186945276,0.04790364882042009,0.375,0.33822764186945276,-0.33822764186945276,robust_return<=0; median_irr<=hurdle,False
185,MET,90.06,-0.07845181516344224,-0.05471610113028269,-0.2190963309076739,0.014721272514470307,0.0,0.12,0.25,0.2190963309076739,0.3390963309076739,0.2190963309076739,0.3390963309076739,26.15286424750955,67.9740654688797,96.88705774590571,26.15286424750955,96.88705774590571,False,,-0.24523578204663887,0.6,0.8,0.13490880171107208,0.38474768379836005,-0.17471610113028269,0.48,valid,,,specialist_model_v1,,False,specialist,False,,"MetLife, Inc.",Financial Services,Insurance - Life,insurance,57947916316.99999,,,,,,,,,,,,,,,,,2026-07-02,True,643436779.0028869,0.783,Justified P/B residual-income proxy; no regulatory-capital or reserve-detail model,0.2190963309076739,0.06745440085553604,0.125,0.3390963309076739,-0.3390963309076739,robust_return<=0; median_irr<=hurdle,False
186,SWK,91.9,-0.02819115150632567,0.005725612794049113,-0.2206400457478594,0.0964242141344585,0.0,0.12,0.25,0.2206400457478594,0.3406400457478594,0.2206400457478594,0.3406400457478594,19.040169632209885,59.50722040073076,89.01206565185495,19.040169632209885,89.01206565185495,False,,-0.3524785592956392,0.6687,1.0,0.16847112994115895,0.6511,-0.11427438720595089,0.6687,valid,,,,,False,ok,False,,"Stanley Black & Decker, Inc.",Industrials,Manufacturing - Tools & Accessories,general_dcf,14286366332.0,0.6511,0.07053716551040634,,0.0960586306722266,-0.02552146516182026,0.11132867047083822,0.07787450269823137,0.011336139540656154,3.6586858365019013,0.0054724263733939614,-0.008945795663361622,elevated_leverage;thin_interest_coverage,8.0,2025.0,ttm,2026-04-29,2026-07-02,True,,,,0.2206400457478594,0.08423556497057948,0.125,0.3406400457478594,-0.3406400457478594,robust_return<=0; median_irr<=hurdle,False
187,WSM,227.53,-0.16885625752111078,-0.16935443479451348,-0.22236239936319172,-0.11435376113222441,0.0,0.12,1.0,0.22236239936319172,0.3423623993631917,0.22236239936319172,0.3423623993631917,47.6027174973274,62.05882532118337,75.52966758638318,47.6027174973274,75.52966758638318,False,,-0.7272499216754565,0.7133,0.95,0.06410531911548364,0.9245,-0.2893544347945135,0.677635,valid,,,,,False,ok,False,,"Williams-Sonoma, Inc.",Consumer Cyclical,Specialty Retail,general_dcf,26790886401.0,0.9245,0.3966256074794315,-0.06734620042273971,0.11626188019245035,0.2803637272869811,0.16663394849440455,0.1797346386948043,0.0467045849233334,0.47794949520752267,0.012835696522912865,-0.046260428596221814,incremental_roic_below_wacc,8.0,2025.0,ttm,2026-05-22,2026-07-02,True,,,,0.22236239936319172,0.03205265955774182,0.5,0.3423623993631917,-0.3423623993631917,robust_return<=0; median_irr<=hurdle,False
188,NDSN,290.38,-0.16131473396198995,-0.15698376672662556,-0.22345779988390851,-0.10783360251080007,0.0,0.12,1.0,0.22345779988390851,0.3434577998839085,0.22345779988390851,0.3434577998839085,61.06779264188089,82.66800526849653,101.63594298654856,61.06779264188089,101.63594298654856,False,,-0.7153109536865606,0.73809,1.0,0.06566939868655422,0.7634,-0.27698376672662556,0.73809,valid,,,reinvestment_cap_hit,,False,ok,False,,Nordson Corporation,Industrials,Industrial - Machinery,general_dcf,16179392840.0,0.7634,0.11998824591370559,0.03974633978397207,0.08886929232283088,0.031118953590874715,0.2532505691538013,0.2636817205456467,0.03099100141540756,2.046836845276565,0.007047418864717588,-0.012375917292465122,incremental_roic_below_wacc,8.0,2025.0,ttm,2026-05-21,2026-07-02,True,,,,0.22345779988390851,0.03283469934327711,0.5,0.3434577998839085,-0.3434577998839085,robust_return<=0; median_irr<=hurdle,False
189,CMI,661.7,-0.13289051512092553,-0.12652944190194826,-0.225470478637726,-0.05303269804207955,0.0,0.12,0.75,0.225470478637726,0.345470478637726,0.225470478637726,0.345470478637726,135.45876234854498,221.18893405802822,313.79159993364016,135.45876234854498,313.79159993364016,False,,-0.6657262595465797,0.6785,1.0,0.09586389029782323,0.8108,-0.24652944190194825,0.6785,valid,,,,,False,ok,False,,Cummins Inc.,Industrials,Industrial - Machinery,general_dcf,91307365634.0,0.8108,0.17083794841286554,0.13010139299735682,0.10192180247620374,0.0689161459366618,0.11359188026109883,0.11240927597804921,0.05099192828886134,1.02637987012987,0.0,-0.008266792915946009,,8.0,2025.0,ttm,2026-05-05,2026-07-02,True,,,,0.225470478637726,0.047931945148911616,0.375,0.345470478637726,-0.345470478637726,robust_return<=0; median_irr<=hurdle,False
190,ISRG,426.01,-0.1548925803712336,-0.14785109568620097,-0.22625205437798282,-0.09761607573454961,0.0,0.12,1.0,0.22625205437798282,0.3462520543779828,0.22625205437798282,0.3462520543779828,81.77748021084737,124.42552577463643,158.80883420570288,81.77748021084737,158.80883420570288,False,,-0.707928157145052,0.7602,1.0,0.07151198932171661,0.8887,-0.26785109568620097,0.7602,valid,,,,,False,ok,False,,"Intuitive Surgical, Inc.",Healthcare,Medical - Devices,general_dcf,150876979630.0,0.8887,0.2197763862470826,0.22610213095241274,0.11755000000000002,0.10222638624708258,0.2869455859558496,0.3045425766152276,0.1526066469941605,-1.148778701154361,0.08103351252978293,-0.0020299003963198947,heavy_sbc,8.0,2025.0,ttm,2026-04-22,2026-07-02,True,,,,0.22625205437798282,0.035755994660858305,0.5,0.3462520543779828,-0.3462520543779828,robust_return<=0; median_irr<=hurdle,False
191,NFLX,77.65,-0.1350223654560977,-0.1283990249910857,-0.22885286123491816,-0.05443855060730125,0.0,0.12,0.75,0.22885286123491816,0.34885286123491815,0.22885286123491816,0.34885286123491815,15.306261298251936,26.396416966396995,37.03694317173426,15.306261298251936,37.03694317173426,False,,-0.6600590216819446,0.64899,1.0,0.09773745531380847,0.9074,-0.24839902499108568,0.64899,valid,,,forward_roic_cap_hit,,False,ok,False,,"Netflix, Inc.",Communication Services,Entertainment,general_dcf,326968620000.0,0.9074,0.34195123765986724,1.526529513517013,0.11617826576536797,0.22577297189449927,0.19482409221340108,0.2972190952815688,0.16201185019113717,0.14295863631880354,0.00815458704457133,-0.01609850932772472,peak_cycle_margins,8.0,2025.0,ttm,2026-04-17,2026-07-02,True,,,,0.22885286123491816,0.04886872765690423,0.375,0.34885286123491815,-0.34885286123491815,robust_return<=0; median_irr<=hurdle,False
192,ANET,159.99,-0.14991662169704795,-0.14357055677101013,-0.22890919721976388,-0.0836161760264076,0.0,0.12,1.0,0.22890919721976388,0.3489091972197639,0.22890919721976388,0.3489091972197639,31.459697501117695,48.16978413032854,64.1890498443324,31.459697501117695,64.1890498443324,False,,-0.6989200316874271,0.502281,1.0,0.08757808059667815,0.9218,-0.26357055677101016,0.502281,valid,,,base_growth_cap_hit;forward_roic_cap_hit,,False,ok,False,,"Arista Networks, Inc.",Technology,Computer Hardware,general_dcf,201454518386.0,0.9218,3.1794789421061704,2.541673972213756,0.12545,3.0540289421061706,0.34139911629930414,0.4279240774879247,0.22695585796283524,-2.9154158406494854,0.05063950385040156,0.0020930458623871218,heavy_sbc;cyclical_revenue,8.0,2025.0,ttm,2026-05-06,2026-07-02,True,,,,0.22890919721976388,0.04378904029833908,0.5,0.3489091972197639,-0.3489091972197639,robust_return<=0; median_irr<=hurdle,False
193,KVUE,19.83,-0.029196105420123745,-0.004214773280546041,-0.23183400076813987,0.12347912564873696,0.25,0.12,0.25,0.23183400076813987,0.35183400076813987,0.23183400076813987,0.35183400076813987,4.514210300641635,14.167691204804392,25.224670902173482,4.514210300641635,25.224670902173482,False,,-0.2855425514470805,0.7411,0.95,0.18692356320843842,0.5192,-0.12421477328054603,0.7040449999999999,valid,,,,,False,ok,False,,Kenvue Inc.,Consumer Defensive,Household & Personal Products,general_dcf,38073771886.0,0.5192,0.12068022198095033,,0.0652307137014415,0.05544950827950883,0.16265216265216265,0.1962464033481559,0.009098884434247001,2.1279102384291724,0.012173012173012173,0.0012354431745782435,,7.0,2025.0,ttm,2026-05-07,2026-07-02,True,,,,0.23183400076813987,0.09346178160421921,0.125,0.35183400076813987,-0.35183400076813987,robust_return<=0; median_irr<=hurdle,False
194,PGR,232.22,-0.06665678330988103,-0.03702513599185209,-0.2398081134946305,0.04723125223881053,0.0,0.12,0.25,0.2398081134946305,0.3598081134946305,0.2398081134946305,0.3598081134946305,58.95433856042081,192.29782686776716,292.4910570860741,58.95433856042081,292.4910570860741,False,,-0.17191530932836463,0.6,0.8,0.1615196828667205,0.3065782880685413,-0.15702513599185208,0.48,valid,,,specialist_model_v1,,False,specialist,False,,The Progressive Corporation,Financial Services,Insurance - Property & Casualty,insurance,135694738140.0,,,,,,,,,,,,,,,,,2026-07-02,True,584337000.0,0.27,Justified P/B residual-income proxy; no regulatory-capital or reserve-detail model,0.2398081134946305,0.08075984143336025,0.125,0.3598081134946305,-0.3598081134946305,robust_return<=0; median_irr<=hurdle,False
195,LII,570.03,-0.15053220527115624,-0.14259328181215092,-0.24049131080391814,-0.07645094665640496,0.0,0.12,1.0,0.24049131080391814,0.36049131080391816,0.24049131080391814,0.36049131080391816,106.60767530616776,179.17569764151133,247.60999142014134,106.60767530616776,247.60999142014134,False,,-0.6856732143194019,0.7942,1.0,0.08819418207375658,0.9501,-0.2625932818121509,0.7942,valid,,,,,False,ok,False,,Lennox International Inc.,Industrials,Construction,general_dcf,19837044000.0,0.9501,0.2652154711658351,0.1663844299821386,0.09936590046201896,0.16584957070381615,0.1496697217049871,0.19515767050857774,0.04243489707952652,1.6675713535282788,0.005601216484129886,-0.007504973290857975,,8.0,2025.0,ttm,2026-04-29,2026-07-02,True,,,,0.24049131080391814,0.04409709103687829,0.5,0.36049131080391816,-0.36049131080391816,robust_return<=0; median_irr<=hurdle,False
196,MSI,422.66,-0.144675253704554,-0.13325652116036502,-0.24387537154834713,-0.0683126009491388,0.0,0.12,0.75,0.24387537154834713,0.36387537154834715,0.24387537154834713,0.36387537154834715,75.20186872647926,140.10790411823604,197.42836848237283,75.20186872647926,197.42836848237283,False,,-0.6685091938715846,0.8342,1.0,0.09275538529960416,0.9204,-0.253256521160365,0.8342,valid,,,,,False,ok,False,,"Motorola Solutions, Inc.",Technology,Communication Equipment,general_dcf,70159869360.0,0.9204,0.21194133906846221,0.15088799315472587,0.08425432866463564,0.12768701040382657,0.20223532193357102,0.24839905628581058,0.06857802574283212,2.533624454148472,0.022464638994175834,-0.007620460262660167,,8.0,2025.0,ttm,2026-05-07,2026-07-02,True,,,,0.24387537154834713,0.04637769264980208,0.375,0.36387537154834715,-0.36387537154834715,robust_return<=0; median_irr<=hurdle,False
197,AKAM,113.17,-0.12834128323811456,-0.11121466523909475,-0.24439355364011134,-0.046542248834157335,0.0,0.12,0.75,0.24439355364011134,0.36439355364011133,0.24439355364011134,0.36439355364011133,14.945061310064528,38.925661732864874,58.629361479360206,14.945061310064528,58.629361479360206,False,,-0.6560425754805613,0.673029,1.0,0.108734782402977,0.6961,-0.23121466523909473,0.673029,valid,,,forward_roic_floor_hit;reinvestment_cap_hit,,False,ok,False,,"Akamai Technologies, Inc.",Technology,Software - Infrastructure,general_dcf,16453271490.000002,0.6961,0.05124025743522671,-0.030526924258574523,0.0700458443003949,-0.018805586865168186,0.17709245816795977,0.1367158184672457,0.06463602570036953,3.793054704077415,0.09856212517238061,-0.022185651472434675,elevated_leverage;heavy_sbc;incremental_roic_below_wacc,8.0,2025.0,ttm,2026-05-08,2026-07-02,True,,,,0.24439355364011134,0.0543673912014885,0.375,0.36439355364011133,-0.36439355364011133,robust_return<=0; median_irr<=hurdle,False
198,IDXX,557.8,-0.18922503877820412,-0.18573067525794612,-0.2472614081038045,-0.13817739649311983,0.0,0.12,1.0,0.2472614081038045,0.3672614081038045,0.2472614081038045,0.3672614081038045,93.60626889420861,137.08436938165997,173.0276787639662,93.60626889420861,173.0276787639662,False,,-0.7542410014670851,0.8727,1.0,0.058361005805342335,0.9662,-0.3057306752579461,0.8727,valid,,,,,False,ok,False,,"IDEXX Laboratories, Inc.",Healthcare,Medical - Diagnostics & Research,general_dcf,44000937400.0,0.9662,0.46257641645358455,0.37422638754222093,0.12024739162564314,0.3423290248279414,0.27820512448371637,0.3162512272004984,0.09966155300662871,0.6247638812944276,0.01547015731093541,-0.01571045899589718,,8.0,2025.0,ttm,2026-05-05,2026-07-02,True,,,,0.2472614081038045,0.029180502902671168,0.5,0.3672614081038045,-0.3672614081038045,robust_return<=0; median_irr<=hurdle,False
199,TDY,652.08,-0.11808709785018433,-0.10596608357882356,-0.24866163592232618,-0.011754588320763985,0.0,0.12,0.75,0.24866163592232618,0.36866163592232615,0.24866163592232618,0.36866163592232615,123.22128700338246,259.99353271447313,407.64397282295846,123.22128700338246,407.64397282295846,False,,-0.6012858349980477,0.6462,1.0,0.1290675238007811,0.6606,-0.22596608357882356,0.6462,valid,,,,,False,ok,False,,Teledyne Technologies Incorporated,Technology,"Hardware, Equipment & Parts",general_dcf,30210279528.0,0.6606,0.07977628073225122,0.28773128831523037,0.08806680074443535,-0.008290520012184124,0.1650039602819721,0.19029491133384735,0.11237458070703754,1.2798036006546645,0.005731523378582202,-0.006329283488911153,cyclical_revenue,8.0,2025.0,ttm,2026-04-24,2026-07-02,True,,,,0.24866163592232618,0.06453376190039055,0.375,0.36866163592232615,-0.36866163592232615,robust_return<=0; median_irr<=hurdle,False
200,EME,774.66,-0.15433794195596418,-0.14992471957739323,-0.2511460550776974,-0.06635627359137285,0.0,0.12,0.75,0.2511460550776974,0.3711460550776974,0.2511460550776974,0.3711460550776974,146.43061338489161,262.17425822494135,381.9099398727317,146.43061338489161,381.9099398727317,False,,-0.6615621585922322,0.7287,0.85,0.10503389074316226,0.874,-0.2699247195773932,0.619395,valid,,,,,False,ok,False,,"EMCOR Group, Inc.",Industrials,Engineering & Construction,general_dcf,34497597578.0,0.874,0.3670004557692413,0.5760422920959553,0.1002486663232247,0.2667517894460166,0.05229815894925574,0.09894669334631148,0.11102584323305242,-0.20471701686974453,0.0010918810036467824,-0.035021816601687794,peak_cycle_margins,8.0,2025.0,ttm,2026-04-29,2026-07-02,True,,,,0.2511460550776974,0.05251694537158113,0.375,0.3711460550776974,-0.3711460550776974,robust_return<=0; median_irr<=hurdle,False
201,ODFL,217.65,-0.21221088569291163,-0.21353847487480374,-0.252201004960807,-0.16956558806123206,0.0,0.12,1.0,0.252201004960807,0.372201004960807,0.252201004960807,0.372201004960807,39.274389033966685,46.236145568824895,53.7092635321299,39.274389033966685,53.7092635321299,False,,-0.787566526217207,0.64476,1.0,0.051974908449787464,0.9405,-0.3335384748748037,0.64476,valid,,,reinvestment_cap_hit,,False,ok,False,,"Old Dominion Freight Line, Inc.",Industrials,Trucking,general_dcf,45264296795.0,0.9405,0.2413165278436665,-0.017990229634820724,0.10384780134213871,0.1374687265015278,0.2561866213225866,0.2456516196998402,0.044823000248298994,-0.145232918509256,0.0019517404695940195,-0.025461443284672147,incremental_roic_below_wacc,8.0,2025.0,ttm,2026-05-06,2026-07-02,True,,,,0.252201004960807,0.025987454224893732,0.5,0.372201004960807,-0.372201004960807,robust_return<=0; median_irr<=hurdle,False
202,APH,164.59,-0.14486461271444567,-0.13364268940349572,-0.25350626609579197,-0.05866680595499926,0.0,0.12,0.75,0.25350626609579197,0.37350626609579196,0.25350626609579197,0.37350626609579196,26.34609210356039,52.952707190807416,78.81678497674285,26.34609210356039,78.81678497674285,False,,-0.6782750641545208,0.59742,0.85,0.11399713007039636,0.863,-0.2536426894034957,0.5078069999999999,valid,,,base_growth_cap_hit,,False,ok,False,,Amphenol Corporation,Technology,"Hardware, Equipment & Parts",general_dcf,202483555700.0,0.863,0.18794224474011875,0.4045780359553282,0.103428802562257,0.08451344217786175,0.20659165612487077,0.26000046325249576,0.15938454986222794,1.7915744476343447,0.007193204884810185,0.012641452647415896,cyclical_revenue,8.0,2025.0,ttm,2026-05-01,2026-07-02,True,,,,0.25350626609579197,0.05699856503519818,0.375,0.37350626609579196,-0.37350626609579196,robust_return<=0; median_irr<=hurdle,False
203,DXCM,71.25,-0.10995308985002336,-0.09967220352846196,-0.25544132028007877,0.014973367936909225,0.0,0.12,0.75,0.25544132028007877,0.37544132028007876,0.25544132028007877,0.37544132028007876,12.729189249661514,29.07451059751007,47.49879177160461,12.729189249661514,47.49879177160461,False,,-0.5919366933682797,0.59121,1.0,0.147471044108494,0.7084,-0.21967220352846195,0.59121,valid,,,forward_roic_cap_hit,,False,ok,False,,"DexCom, Inc.",Healthcare,Medical - Devices,general_dcf,27493449611.0,0.7084,0.4530686126358633,0.8165646582952667,0.1143392131269952,0.3387293995088681,0.14160742777167754,0.21449179102928662,0.24045248560262444,-0.7973380793933297,0.041631007923142754,-0.02716394732763383,peak_cycle_margins,8.0,2025.0,ttm,2026-04-30,2026-07-02,True,,,,0.25544132028007877,0.073735522054247,0.375,0.37544132028007876,-0.37544132028007876,robust_return<=0; median_irr<=hurdle,False
204,FDX,313.0,-0.13166195576122844,-0.122717709292192,-0.2581800317580928,-0.023032372702436958,0.0,0.12,0.75,0.2581800317580928,0.3781800317580928,0.2581800317580928,0.3781800317580928,47.32548249507318,75.11806578837373,155.63571229868987,47.32548249507318,155.63571229868987,False,,-0.7600061795898603,0.65925,1.0,0.1277963295278279,0.5949,-0.242717709292192,0.65925,valid,,,reinvestment_cap_hit,,False,ok,False,,FedEx Corporation,Industrials,Integrated Freight & Logistics,general_dcf,74683914628.0,0.5949,0.07994678442098742,0.012706893705180085,0.08653826030760121,-0.006591475886613796,0.0694637784171968,0.06735641891891891,0.044807004966957775,2.7567215554935345,0.0017514728294247435,-0.01992564426454624,incremental_roic_below_wacc,8.0,2026.0,ttm,2026-06-23,2026-07-02,True,,,,0.2581800317580928,0.06389816476391395,0.375,0.3781800317580928,-0.3781800317580928,robust_return<=0; median_irr<=hurdle,False
205,FICO,1270.83,-0.13655515118925904,-0.1213564152450999,-0.26190465570362,-0.04160311856321637,0.0,0.12,0.75,0.26190465570362,0.38190465570362,0.26190465570362,0.38190465570362,183.07401695668474,418.1917089826784,632.9954109111593,183.07401695668474,632.9954109111593,False,,-0.6709302511093707,0.69057,1.0,0.11943366857020181,0.9176,-0.24135641524509988,0.69057,valid,,,forward_roic_cap_hit,,False,ok,False,,Fair Isaac Corporation,Technology,Software - Application,general_dcf,29471699072.0,0.9176,0.6852768089297788,2.028945268637725,0.10233911654387352,0.5829376923859053,0.3888932635167768,0.5036736380231953,0.09834200068390975,2.9834336578146767,0.08182513113150017,-0.03402632822753349,heavy_sbc,8.0,2025.0,ttm,2026-04-28,2026-07-02,True,,,,0.26190465570362,0.059716834285100905,0.375,0.38190465570362,-0.38190465570362,robust_return<=0; median_irr<=hurdle,False
206,WELL,236.06,-0.18829206677054847,-0.16364664544513563,-0.262228330746787,-0.16364664544513563,0.0,0.12,1.0,0.262228330746787,0.38222833074678697,0.262228330746787,0.38222833074678697,51.59792933196386,96.59873042861308,96.59873042861308,51.59792933196386,96.59873042861308,False,,-0.5907873827475512,0.6,0.8,0.06729084265082566,0.5341470752568014,-0.2836466454451356,0.48,valid,,,specialist_model_v1,,False,specialist,False,,Welltower Inc.,Real Estate,REIT - Healthcare Facilities,reit,166638058840.0,,,,,,,,,,,,,,,,,2026-07-02,True,705914000.0,0.78,P/AFFO Gordon proxy; no property-level NOI or maintenance-capex detail,0.262228330746787,0.03364542132541283,0.5,0.38222833074678697,-0.38222833074678697,robust_return<=0; median_irr<=hurdle,False
207,AJG,252.44,-0.14681996383916043,-0.12635160956979663,-0.26518464158574706,-0.06939199463130141,0.0,0.12,1.0,0.26518464158574706,0.38518464158574706,0.26518464158574706,0.38518464158574706,54.08157067523871,128.4817895807735,176.19439640721583,54.08157067523871,176.19439640721583,False,,-0.4910402884615216,0.6,0.8,0.11589632347722281,0.4209279062169265,-0.24635160956979663,0.48,valid,,,specialist_model_v1,,False,specialist,False,,Arthur J. Gallagher & Co.,Financial Services,Insurance - Brokers,insurance,64862438480.0,,,,,,,,,,,,,,,,,2026-07-02,True,256942000.0,0.508,Justified P/B residual-income proxy; no regulatory-capital or reserve-detail model,0.26518464158574706,0.057948161738611406,0.5,0.38518464158574706,-0.38518464158574706,robust_return<=0; median_irr<=hurdle,False
208,HSIC,86.43,-0.15155235046986484,-0.1489040291053242,-0.26697856141254306,-0.04142278225626793,0.0,0.12,0.75,0.26697856141254306,0.38697856141254305,0.26697856141254306,0.38697856141254305,13.982150073129047,19.586915864482194,42.748646859426685,13.982150073129047,42.748646859426685,False,,-0.7733782730014788,0.5078943,1.0,0.12754106057813755,0.7233,-0.2689040291053242,0.5078943,valid,,,forward_roic_floor_hit;share_change_floor_hit;reinvestment_cap_hit,,False,ok,False,,"Henry Schein, Inc.",Healthcare,Medical - Distribution,general_dcf,9845846310.0,0.7233,0.08389398884621356,-0.03311241926184948,0.07508030041453784,0.008813688431675723,0.05769458738710034,0.05596234309623431,-0.0001948354983694056,3.3810861423220975,0.003077408664089008,-0.05552040579331741,elevated_leverage;thin_interest_coverage;incremental_roic_below_wacc,8.0,2025.0,ttm,2026-05-05,2026-07-02,True,,,,0.26697856141254306,0.06377053028906877,0.375,0.38697856141254305,-0.38697856141254305,robust_return<=0; median_irr<=hurdle,False
209,CSX,48.89,-0.20197499966307078,-0.2053779276728164,-0.2705443356418983,-0.126599807664752,0.0,0.12,1.0,0.2705443356418983,0.3905443356418983,0.2705443356418983,0.3905443356418983,6.422118227715936,6.422118227715936,12.562045015359299,7.067377824629877,12.562045015359299,True,"growth destroys value: forward ROIC 2.0% at/below WACC 9.5%, so higher-growth scenarios reinvest below the cost of capital and are worth less than the bear case",-0.8686414762177146,0.6178680000000001,1.0,0.08343622398857313,0.7599,-0.32537792767281637,0.6178680000000001,valid,,,forward_roic_floor_hit;reinvestment_cap_hit,,False,ok,False,,CSX Corporation,Industrials,Railroads,general_dcf,90844464600.0,0.7599,0.11386407878473057,-0.12815277880637105,0.09498651994081418,0.018877558843916384,0.3882619842609072,0.33446399547735145,0.02021319242870323,2.8467905669217553,0.0,-0.04547420374920552,incremental_roic_below_wacc,8.0,2025.0,ttm,2026-04-22,2026-07-02,True,,,,0.2705443356418983,0.041718111994286565,0.5,0.3905443356418983,-0.3905443356418983,robust_return<=0; median_irr<=hurdle,False
210,RL,398.22,-0.12931624486336657,-0.1213751285700709,-0.2736702484718989,-0.0008444738414254691,0.0,0.12,0.75,0.2736702484718989,0.3936702484718989,0.2736702484718989,0.3936702484718989,63.70245255334917,148.5909123903825,251.39388349349917,63.70245255334917,251.39388349349917,False,,-0.6268622560635264,0.5353,1.0,0.15035388731523674,0.859,-0.2413751285700709,0.5353,valid,,,,,False,ok,False,,Ralph Lauren Corporation,Consumer Cyclical,Apparel - Manufacturers,general_dcf,24291345135.0,0.859,0.24913408189677175,0.696809468882311,0.10623964393608677,0.14289443796068496,0.11167506474262193,0.14532010598311665,0.03651392104845108,0.6540858235377426,0.015004373133878215,-0.033475237244851574,cyclical_revenue,8.0,2026.0,ttm,2026-05-21,2026-07-02,True,,,,0.2736702484718989,0.07517694365761837,0.375,0.3936702484718989,-0.3936702484718989,robust_return<=0; median_irr<=hurdle,False
211,GEN,26.67,-0.014292776701040517,0.02241443728562447,-0.27440445960965,0.17240447823423896,0.25,0.12,0.25,0.27440445960965,0.39440445960965,0.27440445960965,0.39440445960965,4.0941125454568095,17.784129169370605,37.62482540413009,4.0941125454568095,37.62482540413009,False,,-0.333178508834998,0.41184000000000004,1.0,0.24104926892194448,0.6418,-0.09758556271437552,0.41184000000000004,valid,,,reinvestment_cap_hit,,False,ok,False,,Gen Digital Inc.,Technology,Software - Infrastructure,general_dcf,16066914780.000002,0.6418,0.15378059645713996,0.10027188194900236,0.09118982544965783,0.06259077100748213,0.355338434982158,0.4282,0.007931476795870251,2.9832953682612,0.03631578947368421,-0.008077897235781228,thin_interest_coverage;cyclical_revenue,8.0,2026.0,ttm,2026-05-21,2026-07-02,True,,,,0.27440445960965,0.12052463446097224,0.125,0.39440445960965,-0.39440445960965,robust_return<=0; median_irr<=hurdle,False
212,CFG,70.98,-0.14192774259676477,-0.11762045939102661,-0.27517022651765677,-0.0572998250873491,0.0,0.12,0.75,0.27517022651765677,0.39517022651765676,0.27517022651765677,0.39517022651765676,14.20090809271465,37.96759984218915,52.84500378256598,14.20090809271465,52.84500378256598,False,,-0.4650943950100148,0.6,0.8,0.12693520071515382,0.37402701650196934,-0.2376204593910266,0.48,valid,,,specialist_model_v1,,False,specialist,False,,"Citizens Financial Group, Inc.",Financial Services,Banks - Regional,bank,30016164360.0,,,,,,,,,,,,,,,,,2026-07-02,True,422882000.0,1.021,Justified P/B residual-income proxy; no regulatory-capital or reserve-detail model,0.27517022651765677,0.06346760035757691,0.375,0.39517022651765676,-0.39517022651765676,robust_return<=0; median_irr<=hurdle,False
213,FSLR,224.57,-0.10572269644435435,-0.09723091432824726,-0.2765965066835634,0.048167549562640515,0.0,0.12,0.75,0.2765965066835634,0.3965965066835634,0.2765965066835634,0.3965965066835634,42.49927540877119,92.12013674561308,166.4309765943244,42.49927540877119,166.4309765943244,False,,-0.589793219283016,0.4752,1.0,0.17812602812310196,0.3815,-0.21723091432824726,0.4752,valid,,,,,False,ok,False,,"First Solar, Inc.",Energy,Solar,general_dcf,24130720210.0,0.3815,0.2053476593605079,0.3726158317919293,0.13005642956723754,0.07529122979327035,0.15890352931345095,0.33168685717491336,0.1281571554750882,-0.8520650211229218,0.006681423934494278,0.0033424521659295436,cyclical_revenue;peak_cycle_margins,8.0,2025.0,ttm,2026-04-30,2026-07-02,True,,,,0.2765965066835634,0.08906301406155098,0.375,0.3965965066835634,-0.3965965066835634,robust_return<=0; median_irr<=hurdle,False
214,HUBB,487.1,-0.15515983339992087,-0.1432093919429462,-0.27933345969577206,-0.054887090018019044,0.0,0.12,0.75,0.27933345969577206,0.39933345969577205,0.27933345969577206,0.39933345969577205,77.21024082457404,159.873829578039,248.34870021578078,77.21024082457404,248.34870021578078,False,,-0.671784377790928,0.6979,0.85,0.1257861848388765,0.8087,-0.26320939194294624,0.5932149999999999,valid,,,,,False,ok,False,,Hubbell Incorporated,Industrials,Electrical Equipment & Parts,general_dcf,25739240780.0,0.8087,0.1630342726923971,0.2157911849580883,0.08541752623713425,0.07761674645526284,0.13879854972726194,0.20773502776804922,0.038659372864209285,1.5163800163800163,0.005436617215954517,-0.004867878368850498,,8.0,2025.0,ttm,2026-04-30,2026-07-02,True,,,,0.27933345969577206,0.06289309241943825,0.375,0.39933345969577205,-0.39933345969577205,robust_return<=0; median_irr<=hurdle,False
215,WST,365.74,-0.23160616755412772,-0.23230314337270097,-0.2825359761351137,-0.17928240733599524,0.0,0.12,1.0,0.2825359761351137,0.4025359761351137,0.2825359761351137,0.4025359761351137,49.68674404185861,57.2622069321733,80.58864798908517,49.68674404185861,80.58864798908517,False,,-0.8434346614202075,0.5709690000000001,1.0,0.06449771439955924,0.8462,-0.35230314337270097,0.5709690000000001,valid,,,forward_roic_floor_hit;reinvestment_cap_hit,,False,ok,False,,"West Pharmaceutical Services, Inc.",Healthcare,Medical - Instruments & Supplies,general_dcf,25838653224.0,0.8462,0.1978689502544038,-0.12951822220621453,0.10334228220017086,0.09452666805423293,0.20320865651832,0.2066823997019004,0.08665376290342741,-0.24399524375743162,0.007743110908676839,-0.015180921258852953,incremental_roic_below_wacc,8.0,2025.0,ttm,2026-04-23,2026-07-02,True,,,,0.2825359761351137,0.03224885719977962,0.5,0.4025359761351137,-0.4025359761351137,robust_return<=0; median_irr<=hurdle,False
216,WAT,379.29,-0.21512158765526684,-0.2078876421117456,-0.28495877605237174,-0.1597522903452045,0.0,0.12,1.0,0.28495877605237174,0.40495877605237174,0.28495877605237174,0.40495877605237174,45.53965587395228,90.90361173929641,129.80982745353194,45.53965587395228,129.80982745353194,False,,-0.7603321686854481,0.6143283,0.85,0.07867339385358363,0.7389,-0.3278876421117456,0.5221790550000001,valid,,,base_growth_cap_hit;share_change_cap_hit;reinvestment_cap_hit,,False,ok,False,,Waters Corporation,Healthcare,Medical - Diagnostics & Research,general_dcf,24723497126.0,0.7389,0.027036962477932854,0.029667878242803907,0.09512795625855933,-0.06809099378062647,0.28803615176012815,0.17077049929440583,0.03910304855053126,5.068606788043327,0.015112627252621108,0.10833137896728617,elevated_leverage;ongoing_dilution;incremental_roic_below_wacc,8.0,2025.0,ttm,2026-05-12,2026-07-02,True,,,,0.28495877605237174,0.039336696926791814,0.5,0.40495877605237174,-0.40495877605237174,robust_return<=0; median_irr<=hurdle,False
217,SHW,352.48,-0.18198394456012462,-0.16970476438582405,-0.28578162785270245,-0.10274462161614789,0.0,0.12,1.0,0.28578162785270245,0.40578162785270244,0.28578162785270245,0.40578162785270244,46.628105086086265,90.14892667907128,129.6654457057102,46.628105086086265,129.6654457057102,False,,-0.7442438530439421,0.8556,1.0,0.09585050311827728,0.8366,-0.28970476438582404,0.8556,valid,,,,,False,ok,False,,The Sherwin-Williams Company,Basic Materials,Chemicals - Specialty,general_dcf,86934257280.0,0.8366,0.16762051245448076,0.17270819297715267,0.09375456879181834,0.07386594366266241,0.145467137345766,0.1613252282175012,0.04319057856107422,2.973094956399807,0.005238755763691817,-0.017756777877273366,,8.0,2025.0,ttm,2026-04-28,2026-07-02,True,,,,0.28578162785270245,0.04792525155913864,0.5,0.40578162785270244,-0.40578162785270244,robust_return<=0; median_irr<=hurdle,False
218,TXN,293.08,-0.22727699334172935,-0.22744965617748672,-0.28695892386458577,-0.16724973714735825,0.0,0.12,1.0,0.28695892386458577,0.40695892386458576,0.28695892386458577,0.40695892386458576,34.43980571522929,42.47267310818911,64.43110619584729,34.43980571522929,64.43110619584729,False,,-0.8550816394561583,0.560115,1.0,0.07305114335861376,0.9003,-0.3474496561774867,0.560115,valid,,,forward_roic_floor_hit;reinvestment_cap_hit,,False,ok,False,,Texas Instruments Incorporated,Technology,Semiconductors,general_dcf,266730056440.0,0.9003,0.22154213793040595,-0.17168647586355487,0.10750090873758075,0.1140412291928252,0.41301948168070923,0.35291246339082327,0.016353768938195623,1.0350532161036556,0.023696414432756475,-0.004338449350777318,incremental_roic_below_wacc,8.0,2025.0,ttm,2026-04-24,2026-07-02,True,,,,0.28695892386458577,0.03652557167930688,0.5,0.40695892386458576,-0.40695892386458576,robust_return<=0; median_irr<=hurdle,False
219,JBL,341.3,-0.1713695311114861,-0.1642446432771976,-0.28766859898896646,-0.06932023890258275,0.0,0.12,0.75,0.28766859898896646,0.40766859898896646,0.28766859898896646,0.40766859898896646,43.580331179265215,97.74842984115959,155.50307063354776,43.580331179265215,155.50307063354776,False,,-0.713599678168299,0.6168600000000001,1.0,0.12066838004319184,0.8832,-0.28424464327719756,0.6168600000000001,valid,,,share_change_floor_hit,,False,ok,False,,Jabil Inc.,Technology,"Hardware, Equipment & Parts",general_dcf,35763833476.0,0.8832,0.260780816077851,,0.10223727238057795,0.15854354369727303,0.037843518287798666,0.0432271509377791,0.0436702842341532,1.1782224290367613,0.0030813973617698992,-0.09650142586031651,thin_interest_coverage,8.0,2025.0,ttm,2026-06-30,2026-07-02,True,,,,0.28766859898896646,0.06033419002159592,0.375,0.40766859898896646,-0.40766859898896646,robust_return<=0; median_irr<=hurdle,False
220,PCAR,119.5,-0.12464510118807083,-0.10606061419821342,-0.29082249144266825,0.004363315086811809,0.0,0.12,0.75,0.29082249144266825,0.41082249144266825,0.29082249144266825,0.41082249144266825,17.424420938379523,45.75541706427975,79.58410283762575,17.424420938379523,79.58410283762575,False,,-0.6171094806336423,0.43776,1.0,0.16446010326474003,0.6287,-0.2260606141982134,0.43776,valid,,,reinvestment_cap_hit,,False,ok,False,,PACCAR Inc,Industrials,Industrial - Machinery,general_dcf,62891204366.0,0.6287,0.07973302626910145,,0.08534685012000214,-0.005613823850900687,0.11531679288096988,0.09676767973448273,0.027683097680262003,1.7603018998872213,0.0,0.0025729235493343605,cyclical_revenue,8.0,2025.0,ttm,2026-04-29,2026-07-02,True,,,,0.29082249144266825,0.08223005163237002,0.375,0.41082249144266825,-0.41082249144266825,robust_return<=0; median_irr<=hurdle,False
221,PODD,164.48,-0.13511353750582203,-0.11721982643648513,-0.2918626592319925,-0.014151837918325298,0.0,0.12,0.75,0.2918626592319925,0.4118626592319925,0.2918626592319925,0.4118626592319925,20.67704272979113,57.39199017394988,97.15068277662674,20.67704272979113,97.15068277662674,False,,-0.6510700986505966,0.6942,1.0,0.1480294106568336,0.5091,-0.23721982643648512,0.6942,valid,,,,,False,ok,False,,Insulet Corp.,Healthcare,Medical - Devices,general_dcf,11392653580.0,0.5091,0.2188662763781082,0.33265370660312693,0.09689446330938856,0.12197181306871965,0.09120143577728251,0.17484229032369264,0.2512966236922243,0.7767812655705032,0.028460314654410464,0.0013903323272508317,peak_cycle_margins,8.0,2025.0,ttm,2026-05-06,2026-07-02,True,,,,0.2918626592319925,0.0740147053284168,0.375,0.4118626592319925,-0.4118626592319925,robust_return<=0; median_irr<=hurdle,False
222,KLAC,235.55,-0.2400879239081405,-0.23831941720854954,-0.29567117549304384,-0.18804168572241903,0.0,0.12,1.0,0.29567117549304384,0.41567117549304383,0.29567117549304384,0.41567117549304383,29.412611524435036,45.096304405031496,58.629388133182175,29.412611524435036,58.629388133182175,False,,-0.8085489093397092,0.68922,1.0,0.0631381448853124,0.9699,-0.35831941720854954,0.68922,valid,,,forward_roic_cap_hit,,False,ok,False,,KLA Corporation,Technology,Semiconductors,general_dcf,307694254000.0,0.9699,0.6899220117264848,1.206275773051553,0.11878868121256629,0.5711333305139186,0.37555765765641247,0.41679264661427823,0.17056544479350988,0.20297062535810645,0.021676482461152884,-0.04560801163090278,,8.0,2025.0,ttm,2026-04-29,2026-07-02,True,,,,0.29567117549304384,0.0315690724426562,0.5,0.41567117549304383,-0.41567117549304383,robust_return<=0; median_irr<=hurdle,False
223,CBRE,141.58,-0.19335523029440077,-0.18366715184529306,-0.29850526482041456,-0.10758135266660245,0.0,0.12,1.0,0.29850526482041456,0.41850526482041456,0.29850526482041456,0.41850526482041456,7.290832445203313,24.812886146795236,43.419857916278126,7.290832445203313,43.419857916278126,False,,-0.8247429993869527,0.615357,1.0,0.10700124607690605,0.6907,-0.303667151845293,0.615357,valid,,,forward_roic_floor_hit;reinvestment_cap_hit,,False,ok,False,,"CBRE Group, Inc.",Real Estate,Real Estate - Services,general_dcf,41457030860.0,0.6907,0.08585613162797563,-0.04102788275435944,0.09663536545603443,-0.010779233828058801,0.04487385041355632,0.037564920435411576,0.09604354201767173,2.6547066272688897,0.0,-0.03226693695322658,incremental_roic_below_wacc,8.0,2025.0,ttm,2026-04-23,2026-07-02,True,,,,0.29850526482041456,0.05350062303845302,0.5,0.41850526482041456,-0.41850526482041456,robust_return<=0; median_irr<=hurdle,False
224,CASY,797.42,-0.16587137321512274,-0.15292460476048292,-0.29961323281459046,-0.05802305052493465,0.0,0.12,0.75,0.29961323281459046,0.41961323281459045,0.29961323281459046,0.41961323281459045,114.49027528960912,253.82564431204946,413.53039263964774,114.49027528960912,413.53039263964774,False,,-0.6816913993729158,0.6227,0.95,0.13361409114482792,0.7849,-0.2729246047604829,0.591565,valid,,,,,False,ok,False,,"Casey's General Stores, Inc.",Consumer Cyclical,Specialty Retail,general_dcf,29508447358.0,0.7849,0.12555122029931043,0.16134749944440768,0.07512468031724166,0.050426539982068766,0.04542217167062353,0.05886060333005317,0.09417408999463706,1.596025249138085,0.0029943104212629412,-0.002122010404048913,cyclical_revenue,8.0,2026.0,ttm,2026-06-22,2026-07-02,True,,,,0.29961323281459046,0.06680704557241396,0.375,0.41961323281459045,-0.41961323281459045,robust_return<=0; median_irr<=hurdle,False
225,CHRW,189.85,-0.17032045064406698,-0.15994025099207645,-0.30083998523186883,-0.06056131536024619,0.0,0.12,0.75,0.30083998523186883,0.42083998523186883,0.30083998523186883,0.42083998523186883,25.641507768551083,59.485194096703935,94.91230580411376,25.641507768551083,94.91230580411376,False,,-0.6866726673863369,0.5706,1.0,0.1330213349358113,0.8869,-0.2799402509920764,0.5706,valid,,,,,False,ok,False,,"C.H. Robinson Worldwide, Inc.",Industrials,Integrated Freight & Logistics,general_dcf,22378197024.0,0.8869,0.20038066020268494,,0.08821115933025106,0.11216950087243388,0.04790639549170544,0.049002784561993716,-0.0034578874655647462,1.657495573897493,0.0047723672769624925,-0.016362753358798665,cyclical_revenue,8.0,2025.0,ttm,2026-05-01,2026-07-02,True,,,,0.30083998523186883,0.06651066746790565,0.375,0.42083998523186883,-0.42083998523186883,robust_return<=0; median_irr<=hurdle,False
226,JBHT,285.83,-0.24060772791126503,-0.24356387458974488,-0.3010160339181311,-0.17428712854743933,0.0,0.12,1.0,0.3010160339181311,0.4210160339181311,0.3010160339181311,0.4210160339181311,35.144571947919864,35.144571947919864,58.48705886089641,36.44382120336917,58.48705886089641,True,"growth destroys value: forward ROIC 2.0% at/below WACC 10.7%, so higher-growth scenarios reinvest below the cost of capital and are worth less than the bear case",-0.8770437954451252,0.56133,1.0,0.07652455268534587,0.7772,-0.3635638745897449,0.56133,valid,,,forward_roic_floor_hit;reinvestment_cap_hit,,False,ok,False,,"J.B. Hunt Transport Services, Inc.",Industrials,Integrated Freight & Logistics,general_dcf,26953541193.0,0.7772,0.13860724012891001,-0.11504860955793367,0.10716758912755864,0.031439651001351376,0.07823289501812905,0.07362968866084647,0.0484726000390483,0.8073061274489991,0.005979867149991966,-0.032965562784714186,incremental_roic_below_wacc,8.0,2025.0,ttm,2026-04-24,2026-07-02,True,,,,0.3010160339181311,0.038262276342672936,0.5,0.4210160339181311,-0.4210160339181311,robust_return<=0; median_irr<=hurdle,False
227,PH,962.89,-0.21525814819060538,-0.20820686240258507,-0.30147952833722225,-0.14313933962002914,0.0,0.12,1.0,0.30147952833722225,0.42147952833722224,0.30147952833722225,0.42147952833722224,122.47631330240512,206.8633814898042,290.19283878212275,122.47631330240512,290.19283878212275,False,,-0.7851640566525728,0.7869,1.0,0.08556309435859655,0.7923,-0.32820686240258506,0.7869,valid,,,,,False,ok,False,,Parker-Hannifin Corporation,Industrials,Industrial - Machinery,general_dcf,121407323104.0,0.7923,0.14533454152170117,0.15501181968334055,0.09650398502785026,0.0488305564938509,0.16818159133227,0.2086778747718715,0.047938934794694577,1.7152416341472099,0.00778615492950538,-0.0060610466495389925,,8.0,2025.0,ttm,2026-04-30,2026-07-02,True,,,,0.30147952833722225,0.042781547179298274,0.5,0.42147952833722224,-0.42147952833722224,robust_return<=0; median_irr<=hurdle,False
228,CMG,35.39,-0.1792601522669429,-0.16933795004151758,-0.3015522964880802,-0.07681241249665616,0.0,0.12,1.0,0.3015522964880802,0.4215522964880802,0.3015522964880802,0.4215522964880802,4.208299333231325,9.844751419227851,15.819015625028308,4.208299333231325,15.819015625028308,False,,-0.7218210958115894,0.7293,0.95,0.12199094199571202,0.8414,-0.2893379500415176,0.6928349999999999,valid,,,,,False,ok,False,,"Chipotle Mexican Grill, Inc.",Consumer Cyclical,Restaurants,general_dcf,45395956260.0,0.8414,0.21575282868818774,0.13387818191996204,0.09079907988844693,0.1249537487997408,0.12052278617695131,0.15786372222803471,0.13665429055320644,1.9126390606226489,0.011643248325747205,-0.024654596262011608,,8.0,2025.0,ttm,2026-04-29,2026-07-02,True,,,,0.3015522964880802,0.06099547099785601,0.5,0.4215522964880802,-0.4215522964880802,robust_return<=0; median_irr<=hurdle,False
229,CDNS,373.14,-0.23554563124271224,-0.22996767043077848,-0.3026206561378786,-0.17962652797141343,0.0,0.12,1.0,0.3026206561378786,0.4226206561378786,0.3026206561378786,0.4226206561378786,43.00464401185243,69.56955489622813,92.42633400248762,43.00464401185243,92.42633400248762,False,,-0.813556426820421,0.8493,1.0,0.06601806408323257,0.8376,-0.3499676704307785,0.8493,valid,,,,,False,ok,False,,"Cadence Design Systems, Inc.",Technology,Software - Application,general_dcf,102917982240.0,0.8376,0.18238935683361482,0.26272291701168327,0.10086941565787101,0.0815199411757438,0.27587571713297987,0.31105975404681063,0.13837522331577512,0.7744199203135067,0.08429147749406196,-0.0015611614866534174,heavy_sbc,8.0,2025.0,ttm,2026-05-01,2026-07-02,True,,,,0.3026206561378786,0.03300903204161629,0.5,0.4226206561378786,-0.4226206561378786,robust_return<=0; median_irr<=hurdle,False
230,AMAT,603.04,-0.2581295851183313,-0.25874124747424504,-0.3034470553058781,-0.211588790218957,0.0,0.12,1.0,0.3034470553058781,0.4234470553058781,0.3034470553058781,0.4234470553058781,69.20757132107086,97.19322707029639,123.10446475490446,69.20757132107086,123.10446475490446,False,,-0.8388278935554916,0.7448,0.7,0.06258513254346057,0.9754,-0.37874124747424504,0.5213599999999999,valid,,,,,False,ok,False,,"Applied Materials, Inc.",Technology,Semiconductors,general_dcf,478789035360.0,0.9754,0.3789467821548689,0.19038816312622922,0.1273860584627386,0.2515607236921303,0.28906419392654936,0.2921954314720812,0.07858556936479122,-0.17457588262265017,0.02123196938475125,-0.026945297525425738,,8.0,2025.0,annual,2025-12-12,2026-07-02,True,,,,0.3034470553058781,0.031292566271730285,0.5,0.4234470553058781,-0.4234470553058781,robust_return<=0; median_irr<=hurdle,False
231,MPWR,1288.16,-0.23354039524274411,-0.22622885102609866,-0.30360323607164896,-0.17810064284713006,0.0,0.12,1.0,0.30360323607164896,0.42360323607164896,0.30360323607164896,0.42360323607164896,140.96618400856073,220.99756026534524,288.1279910039205,140.96618400856073,288.1279910039205,False,,-0.8284393551535949,0.58518,1.0,0.07519589661225945,0.9457,-0.3462288510260987,0.58518,valid,,,base_growth_cap_hit,,False,ok,False,,"Monolithic Power Systems, Inc.",Technology,Semiconductors,general_dcf,63287300800.00001,0.9457,0.30815612094581896,0.23276839249069248,0.13040000000000002,0.17775612094581894,0.2308215064033451,0.2708842138724219,0.2508627848368101,-1.5948560369295812,0.08221036839839391,0.006056684480668428,heavy_sbc;cyclical_revenue,8.0,2025.0,ttm,2026-05-04,2026-07-02,True,,,,0.30360323607164896,0.037597948306129725,0.5,0.42360323607164896,-0.42360323607164896,robust_return<=0; median_irr<=hurdle,False
232,URI,1098.59,-0.1773529319921181,-0.16081722711896873,-0.3041208860689949,-0.08365638766154002,0.0,0.12,1.0,0.3041208860689949,0.4241208860689949,0.3041208860689949,0.4241208860689949,102.35308865799215,231.59338475542464,354.3089026959646,102.35308865799215,354.3089026959646,False,,-0.7891903396577207,0.7517,1.0,0.11768124920372744,0.6295,-0.2808172271189687,0.7517,valid,,,,,False,ok,False,,"United Rentals, Inc.",Industrials,Rental & Leasing Services,general_dcf,68822928294.0,0.6295,0.1276037586296446,0.14640983758377604,0.1185691117424239,0.009034646887220693,0.24881215862584077,0.2467461044912924,0.10413850897536503,2.0671766342141864,0.007298794395568589,-0.03590169898188733,,8.0,2025.0,ttm,2026-04-22,2026-07-02,True,,,,0.3041208860689949,0.05884062460186372,0.5,0.4241208860689949,-0.4241208860689949,robust_return<=0; median_irr<=hurdle,False
233,COO,74.2,-0.1727391440115752,-0.15603295413893645,-0.3064666221442166,-0.0724240456242114,0.0,0.12,1.0,0.3064666221442166,0.4264666221442166,0.3064666221442166,0.4264666221442166,8.98955321383219,19.151515894784975,31.60368802711938,8.98955321383219,31.60368802711938,False,,-0.7418933167818736,0.62811,1.0,0.1281779882600026,0.2599,-0.27603295413893647,0.62811,valid,,,reinvestment_cap_hit,,False,ok,False,,"The Cooper Companies, Inc.",Healthcare,Medical - Instruments & Supplies,general_dcf,14471300200.0,0.2599,0.035931474516320165,0.052212610579211796,0.08090629828666676,-0.044974823770346596,0.16301111144007413,0.11767625442974079,0.07094746791504969,2.6301835486063903,0.0,-0.006412596201342491,incremental_roic_below_wacc,8.0,2025.0,ttm,2026-06-05,2026-07-02,True,,,,0.3064666221442166,0.0640889941300013,0.5,0.4264666221442166,-0.4264666221442166,robust_return<=0; median_irr<=hurdle,False
234,CTVA,85.8,-0.1094707285519689,-0.09290123779210258,-0.3072884843219072,0.0552080456982367,0.0,0.12,0.75,0.3072884843219072,0.4272884843219072,0.3072884843219072,0.4272884843219072,12.932265806199043,41.3828631105197,79.54608367244148,12.932265806199043,79.54608367244148,False,,-0.517682248129141,0.58338,1.0,0.19374686501007196,0.2783,-0.21290123779210257,0.58338,valid,,,forward_roic_cap_hit,,False,ok,False,,"Corteva, Inc.",Basic Materials,Agricultural Inputs,general_dcf,57384756000.0,0.2783,0.09266578347916789,4.51371823474996,0.07213528481276126,0.020530498666406632,0.09729096702649447,0.16261389680809435,0.028568710822397314,0.2949185509360564,0.0,-0.023989335881232088,peak_cycle_margins,8.0,2025.0,ttm,2026-05-06,2026-07-02,True,,,,0.3072884843219072,0.09687343250503598,0.375,0.4272884843219072,-0.4272884843219072,robust_return<=0; median_irr<=hurdle,False
235,DVA,234.91,-0.10165657657635165,-0.06684386486886065,-0.308264875819441,0.035326299251755726,0.0,0.12,0.25,0.308264875819441,0.428264875819441,0.308264875819441,0.428264875819441,27.71697271783335,110.4665108560903,185.28558129185964,27.71697271783335,185.28558129185964,False,,-0.5297496451573356,0.8734,0.85,0.18009358753559837,0.7855,-0.18684386486886065,0.74239,valid,,,,,False,ok,False,,DaVita Inc.,Healthcare,Medical - Care Facilities,general_dcf,15077698350.0,0.7855,0.11645443881875096,0.1227338483621266,0.07798984665413197,0.03846459216461899,0.14550525066336295,0.14737263294644334,0.025929444209832786,5.234091218406119,0.009256477701629148,-0.027658629253879186,elevated_leverage;thin_interest_coverage,8.0,2025.0,annual,2026-02-11,2026-07-02,True,,,,0.308264875819441,0.09004679376779919,0.125,0.428264875819441,-0.428264875819441,robust_return<=0; median_irr<=hurdle,False
236,TFC,50.98,-0.0716447808418107,-0.02483147290871912,-0.3088187229787369,0.07190254542893237,0.0,0.12,0.25,0.3088187229787369,0.4288187229787369,0.3088187229787369,0.4288187229787369,8.041918317521702,44.9570920925769,72.14003394037731,8.041918317521702,72.14003394037731,False,,-0.11814256389609845,0.6,0.8,0.20836063420383463,0.17887985951052082,-0.14483147290871912,0.48,valid,,,specialist_model_v1,,False,specialist,False,,Truist Financial Corporation,Financial Services,Banks - Regional,bank,63514925439.00001,,,,,,,,,,,,,,,,,2026-07-02,True,1245879274.9901924,0.875,Justified P/B residual-income proxy; no regulatory-capital or reserve-detail model,0.3088187229787369,0.10418031710191732,0.125,0.4288187229787369,-0.4288187229787369,robust_return<=0; median_irr<=hurdle,False
237,SBUX,104.27,-0.21725852759482217,-0.21618302886490703,-0.30957471103465645,-0.12709334161481817,0.0,0.12,1.0,0.30957471103465645,0.42957471103465644,0.30957471103465645,0.42957471103465644,11.314062931621711,14.427440879105987,29.43657116270533,11.314062931621711,29.43657116270533,False,,-0.8616338268043926,0.5695920000000001,0.85,0.10865292470991914,0.866,-0.33618302886490703,0.48415320000000006,valid,,,forward_roic_floor_hit;reinvestment_cap_hit,,False,ok,False,,Starbucks Corporation,Consumer Cyclical,Restaurants,general_dcf,118836519000.0,0.866,0.19546857847923407,-0.297353315146048,0.08572863632613793,0.10973994215309614,0.1516728793480779,0.09283008665042675,0.060062777447075,2.8402573506402473,0.008522177564254952,-0.0044217674909690086,incremental_roic_below_wacc,8.0,2025.0,ttm,2026-04-28,2026-07-02,True,,,,0.30957471103465645,0.05432646235495957,0.5,0.42957471103465644,-0.42957471103465644,robust_return<=0; median_irr<=hurdle,False
238,DHR,197.93,-0.19862910601477776,-0.19394885929650627,-0.31326918669074066,-0.09334951877535781,0.0,0.12,1.0,0.31326918669074066,0.43326918669074066,0.31326918669074066,0.43326918669074066,25.42453143054965,39.26768426630035,76.16974052388814,25.42453143054965,76.16974052388814,False,,-0.8016082237846696,0.491832,1.0,0.12520487395769142,0.4746,-0.3139488592965063,0.491832,valid,,,forward_roic_floor_hit;reinvestment_cap_hit,,False,ok,False,,Danaher Corporation,Healthcare,Medical - Diagnostics & Research,general_dcf,140089040202.0,0.4746,0.06604086454626092,-5.032108954031949,0.08234329558695361,-0.01630243104069269,0.2131120096631041,0.20954072160787796,0.053583813771420186,1.6877475574333245,0.012129599478997069,-0.011852493859673685,cyclical_revenue;incremental_roic_below_wacc,8.0,2025.0,ttm,2026-04-21,2026-07-02,True,,,,0.31326918669074066,0.06260243697884571,0.5,0.43326918669074066,-0.43326918669074066,robust_return<=0; median_irr<=hurdle,False
239,ECL,283.36,-0.17538938057259654,-0.15812090105027887,-0.31502716697868893,-0.07028855321113947,0.0,0.12,0.75,0.31502716697868893,0.43502716697868893,0.31502716697868893,0.43502716697868893,33.89001829813347,83.0944648541664,131.834388426706,33.89001829813347,131.834388426706,False,,-0.7067530178777301,0.7518,1.0,0.12981530688377474,0.7759,-0.27812090105027887,0.7518,valid,,,,,False,ok,False,,Ecolab Inc.,Basic Materials,Chemicals - Specialty,general_dcf,79748271680.0,0.7759,0.12640814610997408,0.3991607246694041,0.08625879144019541,0.040149354669778675,0.14301889947341256,0.17494210535912913,0.013225117332945624,2.4447146291016826,0.008494390965848319,-0.003384318101478545,,8.0,2025.0,ttm,2026-05-07,2026-07-02,True,,,,0.31502716697868893,0.06490765344188737,0.375,0.43502716697868893,-0.43502716697868893,robust_return<=0; median_irr<=hurdle,False
240,TMO,523.44,-0.19483263225884,-0.18798506211896887,-0.3151192896722933,-0.08824111512512894,0.0,0.12,1.0,0.3151192896722933,0.4351192896722933,0.3151192896722933,0.4351192896722933,60.10499755418349,95.35227398163754,196.83206605892323,60.10499755418349,196.83206605892323,False,,-0.8178353316872278,0.549747,1.0,0.12694667727358216,0.6345,-0.30798506211896887,0.549747,valid,,,forward_roic_floor_hit;reinvestment_cap_hit,,False,ok,False,,Thermo Fisher Scientific Inc.,Healthcare,Medical - Diagnostics & Research,general_dcf,194521296240.0,0.6345,0.07863792258696717,-0.1729233713142559,0.08230060322672017,-0.003662680639753002,0.18034227974651323,0.17755603248003185,0.09010006871566945,3.6826319675156887,0.006957536583176228,-0.018091838162383578,elevated_leverage;incremental_roic_below_wacc,8.0,2025.0,ttm,2026-05-01,2026-07-02,True,,,,0.3151192896722933,0.06347333863679108,0.5,0.4351192896722933,-0.4351192896722933,robust_return<=0; median_irr<=hurdle,False
241,LRCX,351.41,-0.2623867370028165,-0.2624980447159032,-0.31705886238778475,-0.20749199619167483,0.0,0.12,1.0,0.31705886238778475,0.43705886238778474,0.31705886238778475,0.43705886238778474,36.96832938400873,56.07432078320047,74.3994084558644,36.96832938400873,74.3994084558644,False,,-0.8404304920656769,0.6518,1.0,0.06522943309805496,0.9787,-0.3824980447159032,0.6518,valid,,,,,False,ok,False,,Lam Research Corporation,Technology,Semiconductors,general_dcf,439462803700.00006,0.9787,0.6868702791765688,0.42787582267146246,0.13445780904630725,0.5524124701302616,0.29351875552048795,0.3425647125509845,0.0754865864010088,-0.12952184475452566,0.018625440323556754,-0.0366326643006597,cyclical_revenue,8.0,2025.0,ttm,2026-04-23,2026-07-02,True,,,,0.31705886238778475,0.03261471654902748,0.5,0.43705886238778474,-0.43705886238778474,robust_return<=0; median_irr<=hurdle,False
242,BNY,146.62,-0.20243078497170558,-0.1823151445715031,-0.3179492359557423,-0.1271436147880738,0.0,0.12,1.0,0.3179492359557423,0.4379492359557423,0.3179492359557423,0.4379492359557423,21.640969551840612,53.59484087830494,74.28603548925491,21.640969551840612,74.28603548925491,False,,-0.6344643235690565,0.6,0.8,0.11340281058383425,0.4037882974777302,-0.3023151445715031,0.48,valid,,,specialist_model_v1,,False,specialist,False,,Bank of New York Mellon Corp,Financial Services,Investment - Banking & Investment Services,bank,100636888980.0,,,,,,,,,,,,,,,,,2026-07-02,True,686379000.0,1.065,Justified P/B residual-income proxy; no regulatory-capital or reserve-detail model,0.3179492359557423,0.056701405291917126,0.5,0.4379492359557423,-0.4379492359557423,robust_return<=0; median_irr<=hurdle,False
243,NWSA,26.64,-0.17814489696174857,-0.1605489038163796,-0.3199262788984924,-0.07155550131574268,0.0,0.12,1.0,0.3199262788984924,0.4399262788984924,0.3199262788984924,0.4399262788984924,3.582738951998023,8.539066829602831,12.162920471495557,3.582738951998023,12.162920471495557,False,,-0.6794644583482421,0.4968000000000001,0.7,0.14828138879137487,0.2107,-0.2805489038163796,0.34776,valid,,,reinvestment_cap_hit,,False,ok,False,,News Corporation,Communication Services,Entertainment,general_dcf,14953881470.0,0.2107,0.06930110598314645,,0.08173022228996563,-0.012429116306819171,0.07525118018893645,0.11310932323710364,-0.009311320802890988,0.3795053003533569,0.0,-0.012879660099238022,peak_cycle_margins,8.0,2025.0,annual,2025-08-06,2026-07-02,True,,,,0.3199262788984924,0.07414069439568743,0.5,0.4399262788984924,-0.4399262788984924,robust_return<=0; median_irr<=hurdle,False
244,ROK,471.7,-0.21912133465793884,-0.2099814345492632,-0.322113546566834,-0.13440892296639498,0.0,0.12,1.0,0.322113546566834,0.442113546566834,0.322113546566834,0.442113546566834,48.615909247311784,98.09319362377136,144.77104506870006,48.615909247311784,144.77104506870006,False,,-0.7920432613445594,0.67923,1.0,0.1034754118002195,0.8314,-0.3299814345492632,0.67923,valid,,,forward_roic_cap_hit,,False,ok,False,,"Rockwell Automation, Inc.",Industrials,Industrial - Machinery,general_dcf,52487945800.0,0.8314,0.19645237799480172,0.804075570656804,0.11772693861698615,0.07872543937781558,0.17226625135061094,0.19082235347569287,0.03261237098756298,1.81187624750499,0.010189403020858308,-0.011850827048212609,,8.0,2025.0,ttm,2026-05-05,2026-07-02,True,,,,0.322113546566834,0.05173770590010975,0.5,0.442113546566834,-0.442113546566834,robust_return<=0; median_irr<=hurdle,False
245,NSC,322.71,-0.2317220075998193,-0.23147039933828634,-0.3225213709883974,-0.14142586073430724,0.0,0.12,1.0,0.3225213709883974,0.4425213709883974,0.3225213709883974,0.4425213709883974,29.630117414357574,29.630117414357574,71.43621331870693,32.51199487646429,71.43621331870693,True,"growth destroys value: forward ROIC 2.0% at/below WACC 9.7%, so higher-growth scenarios reinvest below the cost of capital and are worth less than the bear case",-0.9081834544502569,0.60426,1.0,0.10241995512704508,0.7132,-0.35147039933828633,0.60426,valid,,,forward_roic_floor_hit;reinvestment_cap_hit,,False,ok,False,,Norfolk Southern Corporation,Industrials,Railroads,general_dcf,72478730063.0,0.7132,0.09824994931150086,-0.0692751831503375,0.09677161150774045,0.0014783378037604017,0.3450790239831443,0.3239228559704555,0.008767797689063883,2.947998503554059,0.0,-0.015077809221265337,thin_interest_coverage;incremental_roic_below_wacc,8.0,2025.0,ttm,2026-04-24,2026-07-02,True,,,,0.3225213709883974,0.05120997756352254,0.5,0.4425213709883974,-0.4425213709883974,robust_return<=0; median_irr<=hurdle,False
246,KR,58.22,-0.14185427396878364,-0.10784162827185353,-0.3336939358559903,-0.018039903475437286,0.0,0.12,0.75,0.3336939358559903,0.45369393585599027,0.3336939358559903,0.45369393585599027,6.034422539595863,23.448546206072862,36.98548445232879,6.034422539595863,36.98548445232879,False,,-0.5972424217438532,0.71073,1.0,0.1665051161902765,0.6865,-0.22784162827185353,0.71073,valid,,,share_change_floor_hit,,False,ok,False,,The Kroger Co.,Consumer Defensive,Grocery Stores,general_dcf,35668324758.0,0.6865,0.05638680073292233,,0.0682483161074766,-0.011861515374554273,0.021216851165038214,0.013286689764203304,0.027805735425239453,3.627437203583348,0.0011463686108278514,-0.054241539698790975,elevated_leverage;thin_interest_coverage,8.0,2025.0,ttm,2026-06-26,2026-07-02,True,,,,0.3336939358559903,0.08325255809513825,0.375,0.45369393585599027,-0.45369393585599027,robust_return<=0; median_irr<=hurdle,False
247,NOW,106.32,-0.20118516553411608,-0.18119240753585475,-0.3343629465176491,-0.1079929005471058,0.0,0.12,1.0,0.3343629465176491,0.4543629465176491,0.3343629465176491,0.4543629465176491,10.083764041300146,26.235379557985794,39.52118417540323,10.083764041300146,39.52118417540323,False,,-0.7532413510347461,0.61731,1.0,0.12466572298527163,0.3574,-0.30119240753585474,0.61731,valid,,,reinvestment_cap_hit,,False,ok,False,,"ServiceNow, Inc.",Technology,Software - Application,general_dcf,109648666560.0,0.3574,0.17134313197529602,0.17653142927074073,0.09190133642228107,0.07944179555301495,0.04650028597992858,0.13438395415472779,0.26169854473332754,-1.0143805309734513,0.15895848506919155,0.007222139677373729,heavy_sbc;peak_cycle_margins,8.0,2025.0,ttm,2026-04-23,2026-07-02,True,,,,0.3343629465176491,0.06233286149263582,0.5,0.4543629465176491,-0.4543629465176491,robust_return<=0; median_irr<=hurdle,False
248,TER,369.09,-0.27720590302342313,-0.2752786971352179,-0.3348704222429659,-0.22339579558029068,0.0,0.12,1.0,0.3348704222429659,0.4548704222429659,0.3348704222429659,0.4548704222429659,23.504625102306115,36.66988985478719,52.48450238335097,23.504625102306115,52.48450238335097,False,,-0.9006478369644607,0.45402120000000007,1.0,0.07211667733133761,0.9442,-0.3952786971352179,0.45402120000000007,valid,,,base_growth_cap_hit;forward_roic_floor_hit;reinvestment_cap_hit,,False,ok,False,,"Teradyne, Inc.",Technology,Semiconductors,general_dcf,57778146573.0,0.9442,0.29898942004408796,-0.32082571804789234,0.1344829038843831,0.16450651615970485,0.23338936981766334,0.26915040991983286,0.0614891194634577,-0.14207587002415828,0.0,-0.024346695038381383,cyclical_revenue;incremental_roic_below_wacc,8.0,2025.0,ttm,2026-05-01,2026-07-02,True,,,,0.3348704222429659,0.03605833866566881,0.5,0.4548704222429659,-0.4548704222429659,robust_return<=0; median_irr<=hurdle,False
249,ZBRA,267.18,-0.21149807589063127,-0.20598551381845026,-0.3369841833962709,-0.09703709252935365,0.0,0.12,1.0,0.3369841833962709,0.4569841833962709,0.3369841833962709,0.4569841833962709,25.159930862835814,27.791889344412095,73.75778832332755,25.159930862835814,73.75778832332755,False,,-0.895980652202964,0.524151,1.0,0.13424901543345863,0.5296,-0.32598551381845026,0.524151,valid,,,forward_roic_floor_hit;reinvestment_cap_hit,,False,ok,False,,Zebra Technologies Corporation,Technology,Communication Equipment,general_dcf,12726691812.0,0.5296,0.11102056464296949,-0.061870115414357205,0.11643875109331236,-0.0054181864503428795,0.14730794126744565,0.14382948235715565,0.03581159084964791,2.7268195413758725,0.0178678980124473,-0.012240574462547227,thin_interest_coverage;incremental_roic_below_wacc,8.0,2025.0,ttm,2026-05-12,2026-07-02,True,,,,0.3369841833962709,0.06712450771672931,0.5,0.4569841833962709,-0.4569841833962709,robust_return<=0; median_irr<=hurdle,False
250,TECH,70.83,-0.27526604689628587,-0.2755630103580189,-0.3398989887209609,-0.21003917814814482,0.0,0.12,1.0,0.3398989887209609,0.4598989887209609,0.3398989887209609,0.4598989887209609,6.910000826900258,7.650371150631576,12.088139820846354,6.910000826900258,12.088139820846354,False,,-0.8919896773876665,0.5386500000000001,1.0,0.07877040528640804,0.5567,-0.3955630103580189,0.5386500000000001,valid,,,forward_roic_floor_hit;reinvestment_cap_hit,,False,ok,False,,Bio-Techne Corporation,Healthcare,Biotechnology,general_dcf,11089782270.0,0.5567,0.061430211697803015,-0.2604211226685503,0.11124463584540088,-0.04981442414759787,0.21244651555028604,0.12698431051584433,0.09576559931916306,0.3168374113970632,0.03347968859535845,-0.014786527152423234,incremental_roic_below_wacc,8.0,2025.0,ttm,2026-05-06,2026-07-02,True,,,,0.3398989887209609,0.03938520264320402,0.5,0.4598989887209609,-0.4598989887209609,robust_return<=0; median_irr<=hurdle,False
251,IBM,289.52,-0.16497568230370233,-0.14114093681564555,-0.3400588173491996,-0.03756203823431857,0.0,0.12,0.75,0.3400588173491996,0.4600588173491996,0.3400588173491996,0.4600588173491996,31.579178067552615,101.84789345135016,173.51030482569166,31.579178067552615,173.51030482569166,False,,-0.6482181077253725,0.7035,0.85,0.1646433895574405,0.7554,-0.26114093681564554,0.597975,valid,,,,,False,ok,False,,International Business Machines Corporation,Technology,Information Technology Services,general_dcf,272115505199.99997,0.7554,0.10889946209466665,0.1679611650485437,0.07375303774864585,0.035146424346020805,0.1439620828678379,0.1528836899385504,-0.023191843102530085,3.4330118597680177,0.018315551244746202,0.013138108297700457,elevated_leverage,8.0,2025.0,annual,2026-02-24,2026-07-02,True,,,,0.3400588173491996,0.08232169477872026,0.375,0.4600588173491996,-0.4600588173491996,robust_return<=0; median_irr<=hurdle,False
252,C,139.97,-0.1771829976370912,-0.14596448506186266,-0.3415981943680838,-0.07520482605655565,0.0,0.12,1.0,0.3415981943680838,0.4615981943680838,0.3415981943680838,0.4615981943680838,17.31769269591271,63.59377680205816,94.68097818813743,17.31769269591271,94.68097818813743,False,,-0.5456613788521958,0.6,0.8,0.15119668415576407,0.2723174116520194,-0.26596448506186265,0.48,valid,,,specialist_model_v1,,False,specialist,False,,Citigroup Inc.,Financial Services,Banks - Diversified,bank,240035952700.0,,,,,,,,,,,,,,,,,2026-07-02,True,1714910000.0,1.115,Justified P/B residual-income proxy; no regulatory-capital or reserve-detail model,0.3415981943680838,0.07559834207788203,0.5,0.4615981943680838,-0.4615981943680838,robust_return<=0; median_irr<=hurdle,False
253,IBKR,91.33,-0.27492604982798835,-0.2638176465634281,-0.3425307287457793,-0.22953817743931793,0.0,0.12,1.0,0.3425307287457793,0.4625307287457793,0.3425307287457793,0.4625307287457793,11.219945715775062,19.74878914006296,24.79528338212972,11.219945715775062,24.79528338212972,False,,-0.7837644898712037,0.6,0.8,0.07449627565323066,0.5681333491486806,-0.3838176465634281,0.48,valid,,,specialist_model_v1,,False,specialist,False,,"Interactive Brokers Group, Inc.",Financial Services,Investment - Banking & Investment Services,bank,157076515095.0,,,,,,,,,,,,,,,,,2026-07-02,True,1719878627.9973722,1.329,Justified P/B residual-income proxy; no regulatory-capital or reserve-detail model,0.3425307287457793,0.03724813782661533,0.5,0.4625307287457793,-0.4625307287457793,robust_return<=0; median_irr<=hurdle,False
254,FIX,1741.3,-0.2635825093709172,-0.25917947811904,-0.34352705646087994,-0.1924440247847087,0.0,0.12,1.0,0.34352705646087994,0.46352705646087994,0.34352705646087994,0.46352705646087994,163.90428558819025,275.63014034713075,389.73200469720933,163.90428558819025,389.73200469720933,False,,-0.8417101359058572,0.540918,0.85,0.09381397583808562,0.8776,-0.37917947811904,0.4597803,valid,,,base_growth_cap_hit;forward_roic_cap_hit,,False,ok,False,,"Comfort Systems USA, Inc.",Industrials,Engineering & Construction,general_dcf,61297939120.0,0.8776,0.6113593876091934,0.8890094250228319,0.1279519209298142,0.48340746667937917,0.06778238600945254,0.15692207148859272,0.22626488254906207,-0.46347231489451685,0.002396161307614748,-0.007406437133725352,peak_cycle_margins,8.0,2025.0,ttm,2026-04-23,2026-07-02,True,,,,0.34352705646087994,0.04690698791904281,0.5,0.46352705646087994,-0.46352705646087994,robust_return<=0; median_irr<=hurdle,False
255,BKR,52.78,-0.15438639944477467,-0.1346257644705474,-0.34456772929988794,-0.00372633953811598,0.0,0.12,0.75,0.34456772929988794,0.46456772929988793,0.34456772929988794,0.46456772929988793,6.0992406640363495,18.83067718713092,35.13204126184142,6.0992406640363495,35.13204126184142,False,,-0.6432232438967238,0.6027,0.85,0.18683969488088598,0.3658,-0.2546257644705474,0.512295,valid,,,,,False,ok,False,,Baker Hughes Company,Energy,Oil & Gas Equipment & Services,general_dcf,52361401820.0,0.3658,0.10998239939111407,0.44018987341772153,0.08545322225463799,0.02452917713647608,0.07661628186406616,0.12825875311001333,0.027880293666787903,0.46111696522655427,0.0073197995168211155,0.002358499301831074,peak_cycle_margins,8.0,2025.0,annual,2026-02-05,2026-07-02,True,,,,0.34456772929988794,0.09341984744044299,0.375,0.46456772929988793,-0.46456772929988793,robust_return<=0; median_irr<=hurdle,False
256,TPR,144.21,-0.17351847426616585,-0.15928573579294603,-0.3460323364648502,-0.02947008901392107,0.0,0.12,0.75,0.3460323364648502,0.4660323364648502,0.3460323364648502,0.4660323364648502,12.069822387302516,40.919993808524254,75.97705102066055,12.069822387302516,75.97705102066055,False,,-0.7162471825218484,0.58338,1.0,0.17077972372546457,0.7294,-0.279285735792946,0.58338,valid,,,share_change_floor_hit,,False,ok,False,,"Tapestry, Inc.",Consumer Cyclical,Luxury Goods,general_dcf,29136909450.0,0.7294,0.20571353778161833,,0.10911245290485061,0.09660108487676772,0.15222930660687622,0.1131859173587405,0.02544414133287609,2.678614994839073,0.012452394197441055,-0.08296010729535341,,8.0,2025.0,ttm,2026-05-07,2026-07-02,True,,,,0.3460323364648502,0.08538986186273229,0.375,0.4660323364648502,-0.4660323364648502,robust_return<=0; median_irr<=hurdle,False
257,TRMB,53.04,-0.22515957477444315,-0.2029001983115449,-0.3466623173677363,-0.1481755851069465,0.0,0.12,1.0,0.3466623173677363,0.4666623173677363,0.3466623173677363,0.4666623173677363,5.272360974495879,12.206256191247983,12.430631417450213,5.272360974495879,12.430631417450213,False,,-0.7698669647200607,0.6400800000000001,1.0,0.11004096613039488,0.2532,-0.32290019831154493,0.6400800000000001,valid,,,reinvestment_cap_hit,,False,ok,False,,Trimble Inc.,Technology,"Hardware, Equipment & Parts",general_dcf,12364234968.0,0.2532,0.08334873016012517,0.021094141713031075,0.10721793869742834,-0.023869208537303163,0.12922263775761822,0.17818586231215755,0.020681196117285916,1.3828015016424213,0.04083851364536002,-0.018042740614959585,incremental_roic_below_wacc,8.0,2025.0,ttm,2026-05-06,2026-07-02,True,,,,0.3466623173677363,0.05502048306519744,0.5,0.4666623173677363,-0.4666623173677363,robust_return<=0; median_irr<=hurdle,False
258,GNRC,252.66,-0.22824388449625982,-0.22392127760394936,-0.34714503797440555,-0.11798794480273495,0.0,0.12,1.0,0.34714503797440555,0.46714503797440554,0.34714503797440555,0.46714503797440554,19.136309048567348,28.17889028708694,62.369400931940255,19.136309048567348,62.369400931940255,False,,-0.8884711062808243,0.40815900000000005,1.0,0.13233377658583528,0.5485,-0.34392127760394936,0.40815900000000005,valid,,,forward_roic_floor_hit;reinvestment_cap_hit,,False,ok,False,,Generac Holdings Inc.,Industrials,Industrial - Machinery,general_dcf,14873760941.0,0.5485,0.06778591412929326,-1.435172989305175,0.13276208168857054,-0.06497616755927728,0.1468885095320479,0.07462201174142605,0.11030592847427156,2.006299384658548,0.011866299751469835,-0.028904621280608445,thin_interest_coverage;cyclical_revenue;incremental_roic_below_wacc,8.0,2025.0,ttm,2026-05-05,2026-07-02,True,,,,0.34714503797440555,0.06616688829291764,0.5,0.46714503797440554,-0.46714503797440554,robust_return<=0; median_irr<=hurdle,False
259,KEYS,313.86,-0.24168593789727305,-0.23269506750802965,-0.3490647669808823,-0.15228884959215064,0.0,0.12,1.0,0.3490647669808823,0.4690647669808823,0.3490647669808823,0.4690647669808823,19.903764224312596,47.92802696452799,80.61598266527267,19.903764224312596,80.61598266527267,False,,-0.8472948863680367,0.5422140000000001,1.0,0.11212153869436582,0.6296,-0.35269506750802965,0.5422140000000001,valid,,,forward_roic_floor_hit;reinvestment_cap_hit,,False,ok,False,,"Keysight Technologies, Inc.",Technology,"Hardware, Equipment & Parts",general_dcf,53637220199.99999,0.6296,0.13645567318738172,-0.033775434415324726,0.10318115609990663,0.033274517087475086,0.1788043833986215,0.1816688567674113,0.047738618867254834,0.2689922480620155,0.027515565374573208,-0.016762942620847432,incremental_roic_below_wacc,8.0,2025.0,ttm,2026-06-04,2026-07-02,True,,,,0.3490647669808823,0.05606076934718291,0.5,0.4690647669808823,-0.4690647669808823,robust_return<=0; median_irr<=hurdle,False
260,ADI,377.16,-0.2200366057961219,-0.21397091425460527,-0.34923596530134093,-0.10296862937393597,0.0,0.12,1.0,0.34923596530134093,0.46923596530134093,0.34923596530134093,0.46923596530134093,35.93187314362849,68.14934331383358,130.71587989633537,35.93187314362849,130.71587989633537,False,,-0.8193091968558872,0.43299000000000004,1.0,0.1401439679637025,0.4907,-0.33397091425460523,0.43299000000000004,valid,,,reinvestment_cap_hit,,False,ok,False,,"Analog Devices, Inc.",Technology,Semiconductors,general_dcf,183709748006.0,0.4907,0.09556764162858658,,0.10178663951256167,-0.0062189978839750915,0.27015266265536875,0.32495151368586017,0.08501578301136647,0.8593589859528546,0.027867362344766295,-0.021297307348000838,cyclical_revenue,8.0,2025.0,ttm,2026-05-20,2026-07-02,True,,,,0.34923596530134093,0.07007198398185124,0.5,0.46923596530134093,-0.46923596530134093,robust_return<=0; median_irr<=hurdle,False
261,AMZN,242.67,-0.23768035073444477,-0.22320457823225293,-0.3590350211743499,-0.14527722529892334,0.0,0.12,1.0,0.3590350211743499,0.4790350211743499,0.3590350211743499,0.4790350211743499,19.900896198335502,44.51000114634651,68.86570654451859,19.900896198335502,68.86570654451859,False,,-0.8165821850811945,0.6504,0.85,0.12186689793771327,0.6572,-0.3432045782322529,0.55284,valid,,,,,False,ok,False,,"Amazon.com, Inc.",Consumer Cyclical,Specialty Retail,general_dcf,2610425457000.0,0.6572,0.14521036249502256,0.1686968132723965,0.11224034792080861,0.032970014574213946,0.05632443944936712,0.11500371579049404,0.17425150285834046,0.42858059424743844,0.03450221722712588,0.02192554537473068,peak_cycle_margins,8.0,2025.0,ttm,2026-04-30,2026-07-02,True,,,,0.3590350211743499,0.060933448968856635,0.5,0.4790350211743499,-0.4790350211743499,robust_return<=0; median_irr<=hurdle,False
262,EMR,139.05,-0.24809558181732422,-0.23116213177854655,-0.3622736513061681,-0.1677844124060357,0.0,0.12,1.0,0.3622736513061681,0.4822736513061681,0.3622736513061681,0.4822736513061681,11.070357307171477,23.425882768434203,30.2777147640469,11.070357307171477,30.2777147640469,False,,-0.8315290703456728,0.738,1.0,0.10510461945006622,0.7259,-0.35116213177854655,0.738,valid,,,,,False,ok,False,,Emerson Electric Co.,Industrials,Industrial - Machinery,general_dcf,77881905000.0,0.7259,0.08967687613346981,0.07026125393498663,0.09812808016555732,-0.008451204032087517,0.16970042527951743,0.19955230399650578,0.00491638614415546,2.3891702376314763,0.014863937800137205,-0.017100800193298404,incremental_roic_below_wacc,8.0,2025.0,ttm,2026-05-05,2026-07-02,True,,,,0.3622736513061681,0.05255230972503311,0.5,0.4822736513061681,-0.4822736513061681,robust_return<=0; median_irr<=hurdle,False
263,LH,286.98,-0.16630750821495893,-0.1442607625198434,-0.36782872441690406,-0.008879783403244773,0.0,0.12,0.75,0.36782872441690406,0.48782872441690406,0.36782872441690406,0.48782872441690406,24.451861896308674,71.1397973632964,173.76269604481126,24.451861896308674,173.76269604481126,False,,-0.7521088669478835,0.5069790000000001,1.0,0.19426510050682963,0.4518,-0.26426076251984343,0.5069790000000001,valid,,,forward_roic_floor_hit;reinvestment_cap_hit,,False,ok,False,,Labcorp Holdings Inc.,Healthcare,Medical - Diagnostics & Research,general_dcf,23532360000.0,0.4518,0.07847412560497373,-7.794511381847969,0.07788037830400803,0.0005937473009657024,0.11604691500812825,0.11031376818766703,0.030137680570719194,2.7845989590284264,0.009016822322727696,-0.03271819414794375,incremental_roic_below_wacc,8.0,2025.0,ttm,2026-05-04,2026-07-02,True,,,,0.36782872441690406,0.09713255025341481,0.375,0.48782872441690406,-0.48782872441690406,robust_return<=0; median_irr<=hurdle,False
264,KEY,23.02,-0.11374972488686036,-0.06166779407560097,-0.3694792701635021,0.037815958767262625,0.0,0.12,0.25,0.3694792701635021,0.4894792701635021,0.3694792701635021,0.4894792701635021,2.2940462384225335,16.74512649478713,27.714499667770188,2.2940462384225335,27.714499667770188,False,,-0.2725835580022967,0.6,0.8,0.22164761446538236,0.13699784466463633,-0.18166779407560096,0.48,valid,,,specialist_model_v1,,False,specialist,False,,KeyCorp,Financial Services,Banks - Regional,bank,24847097400.0,,,,,,,,,,,,,,,,,2026-07-02,True,1079370000.0,1.041,Justified P/B residual-income proxy; no regulatory-capital or reserve-detail model,0.3694792701635021,0.11082380723269118,0.125,0.4894792701635021,-0.4894792701635021,robust_return<=0; median_irr<=hurdle,False
265,DELL,394.32,-0.21322654099349164,-0.19921501548378728,-0.37264957067818605,-0.0818265623282059,0.0,0.12,1.0,0.37264957067818605,0.49264957067818604,0.37264957067818605,0.49264957067818604,32.01208069521652,96.66021570437073,170.5491560078554,32.01208069521652,170.5491560078554,False,,-0.7548685947850204,0.5747399999999999,1.0,0.1581693041749901,0.6976,-0.3192150154837873,0.5747399999999999,valid,,,forward_roic_cap_hit,,False,ok,False,,Dell Technologies Inc.,Technology,Computer Hardware,general_dcf,261927431843.28992,0.6976,0.4880433442665101,1.8342847668362352,0.10689554627669323,0.38114779798981685,0.05122543748972912,0.07979731645796331,0.03273164337374879,1.4250473002474167,0.008214132493433926,-0.0449276156905386,peak_cycle_margins,8.0,2026.0,ttm,2026-06-09,2026-07-02,True,,,,0.37264957067818605,0.07908465208749504,0.5,0.49264957067818604,-0.49264957067818604,robust_return<=0; median_irr<=hurdle,False
266,AVGO,360.45,-0.2574392414735484,-0.24364493006287366,-0.3756170923719764,-0.16685001339646985,0.0,0.12,1.0,0.3756170923719764,0.4956170923719764,0.3756170923719764,0.4956170923719764,26.288979021182318,64.70273249397667,103.14436577769253,26.288979021182318,103.14436577769253,False,,-0.8204945693051001,0.4847850000000001,1.0,0.11983998948775326,0.7054,-0.3636449300628737,0.4847850000000001,valid,,,base_growth_cap_hit;reinvestment_cap_hit,,False,ok,False,,Broadcom Inc.,Technology,Semiconductors,general_dcf,1714869711000.0,0.7054,0.2229863879070467,0.1979041101217094,0.11426557046742367,0.10872081743962303,0.2856942347434634,0.4365599946995296,0.17348704517829217,1.0858794186771548,0.11131577926862372,0.048514505916566586,heavy_sbc;ongoing_dilution;peak_cycle_margins,8.0,2025.0,ttm,2026-06-09,2026-07-02,True,,,,0.3756170923719764,0.05991999474387663,0.5,0.4956170923719764,-0.4956170923719764,robust_return<=0; median_irr<=hurdle,False
267,RTX,199.25,-0.18658240396616746,-0.16346013107977342,-0.3764232676592655,-0.04298608604585749,0.0,0.12,0.75,0.3764232676592655,0.4964232676592655,0.3764232676592655,0.4964232676592655,17.05832316878348,55.86802385329117,111.9563147787815,17.05832316878348,111.9563147787815,False,,-0.7196084122795926,0.55935,1.0,0.17993809080670398,0.4489,-0.2834601310797734,0.55935,valid,,,reinvestment_cap_hit,,False,ok,False,,RTX Corporation,Industrials,Aerospace & Defense,general_dcf,268325990000.0,0.4489,0.08096890432951227,,0.06720064598081532,0.013768258348696952,0.0815182999861138,0.10866077257587996,0.1432943634046051,2.259056059646902,0.006166569936157864,-0.027987325139707364,,8.0,2025.0,ttm,2026-04-21,2026-07-02,True,,,,0.3764232676592655,0.08996904540335199,0.375,0.4964232676592655,-0.4964232676592655,robust_return<=0; median_irr<=hurdle,False
268,FTV,62.65,-0.20826670368551273,-0.1794205653190147,-0.3784347653738222,-0.0957909187301993,0.0,0.12,1.0,0.3784347653738222,0.4984347653738222,0.3784347653738222,0.4984347653738222,4.851652572292446,16.15495357085364,23.042402446462468,4.851652572292446,23.042402446462468,False,,-0.7421396078076035,0.5740200000000001,1.0,0.15410132332181145,0.5398,-0.29942056531901473,0.5740200000000001,valid,,,reinvestment_cap_hit,,False,ok,False,,Fortive Corporation,Industrials,Industrial - Machinery,general_dcf,19099542966.0,0.5398,0.07854780003766418,,0.08724268882687837,-0.008694888789214192,0.17465117318383777,0.177297479880387,-0.03190008590079263,2.4938310912998487,0.018680032314972055,-0.0464720994483494,,8.0,2025.0,ttm,2026-04-30,2026-07-02,True,,,,0.3784347653738222,0.07705066166090573,0.5,0.4984347653738222,-0.4984347653738222,robust_return<=0; median_irr<=hurdle,False
269,HPE,41.23,-0.2089502642425941,-0.17975130610866474,-0.4034701231052167,-0.07282832164783029,0.0,0.12,1.0,0.4034701231052167,0.5234701231052167,0.4034701231052167,0.5234701231052167,-1.9145702695886915,6.783479897789185,16.004603743852446,-1.9145702695886915,16.004603743852446,False,,-0.8354722314385354,0.569268,1.0,0.17824286072869322,0.254,-0.29975130610866474,0.569268,valid,,,forward_roic_floor_hit;reinvestment_cap_hit,,False,ok,False,,Hewlett Packard Enterprise Company,Technology,Computer Hardware,general_dcf,54596911170.4198,0.254,0.05594724336905397,-0.03986654875793874,0.09954245457859916,-0.04359521120954519,0.07724874801730915,0.06595159091493685,0.015120249641591421,2.71465033180194,0.014704366647198269,0.027000182898342162,incremental_roic_below_wacc,8.0,2025.0,ttm,2026-06-02,2026-07-02,True,,,,0.4034701231052167,0.08912143036434661,0.5,0.5234701231052167,-0.5234701231052167,robust_return<=0; median_irr<=hurdle,False
270,VMC,303.19,-0.21932648988549774,-0.19198636870132763,-0.40367417305096753,-0.08965904908836816,0.0,0.12,1.0,0.40367417305096753,0.5236741730509675,0.40367417305096753,0.5236741730509675,20.153986934973375,70.14739128767849,117.33311145127018,20.153986934973375,117.33311145127018,False,,-0.7686355378222287,0.6618,1.0,0.16715356198129966,0.3302,-0.3119863687013276,0.6618,valid,,,,,False,ok,False,,Vulcan Materials Company,Basic Materials,Construction Materials,general_dcf,39340418450.0,0.3302,0.09769614388186953,0.1569505195752272,0.09435154880483333,0.0033445950770362026,0.18273980107251592,0.20621795110564806,0.0884530894949942,2.0664354656750095,0.007954316256555063,-0.004166104781237356,thin_interest_coverage,8.0,2025.0,ttm,2026-04-29,2026-07-02,True,,,,0.40367417305096753,0.08357678099064983,0.5,0.5236741730509675,-0.5236741730509675,robust_return<=0; median_irr<=hurdle,False
271,ADM,76.79,-0.15207156017568194,-0.11510152983828445,-0.4041779138555285,0.026094732829369624,0.0,0.12,0.75,0.4041779138555285,0.5241779138555285,0.4041779138555285,0.5241779138555285,5.203811915868873,27.011536845281665,59.87249857188628,5.203811915868873,59.87249857188628,False,,-0.6482414787696098,0.48006,1.0,0.23073452334244907,0.4975,-0.23510152983828445,0.48006,valid,,,reinvestment_cap_hit,,False,ok,False,,Archer-Daniels-Midland Company,Consumer Defensive,Agricultural Farm Products,general_dcf,37009441708.0,0.4975,0.03150652178244641,,0.07430163010007881,-0.042795108317632405,0.029387294404086977,0.01519737984765402,0.03210258008547795,4.159618573797678,0.0010340230973352104,-0.04914931813618828,elevated_leverage;thin_interest_coverage,8.0,2025.0,ttm,2026-05-05,2026-07-02,True,,,,0.4041779138555285,0.11536726167122453,0.375,0.5241779138555285,-0.5241779138555285,robust_return<=0; median_irr<=hurdle,False
272,ON,91.22,-0.29432930411567215,-0.2901475934428163,-0.4122567255166359,-0.18476530406041997,0.0,0.12,1.0,0.4122567255166359,0.5322567255166359,0.4122567255166359,0.5322567255166359,5.180653923712596,7.1629993814320985,15.552468342130672,5.180653923712596,15.552468342130672,False,,-0.9214755603877209,0.417312,1.0,0.13122635072810795,0.4362,-0.4101475934428163,0.417312,valid,,,forward_roic_floor_hit;reinvestment_cap_hit,,False,ok,False,,ON Semiconductor Corporation,Technology,Semiconductors,general_dcf,35501546920.0,0.4362,0.07147640398640859,-0.20507036683135024,0.1381594378822534,-0.06668303389584482,0.16852792331505653,0.10842817087250536,0.0028218172896363747,0.41240850947397223,0.01467345207803223,-0.04197201773083803,cyclical_revenue;incremental_roic_below_wacc,8.0,2025.0,ttm,2026-05-04,2026-07-02,True,,,,0.4122567255166359,0.06561317536405398,0.5,0.5322567255166359,-0.5322567255166359,robust_return<=0; median_irr<=hurdle,False
273,MLM,599.42,-0.22612678824425525,-0.1946089582459535,-0.42545988970887266,-0.08982934677624138,0.0,0.12,1.0,0.42545988970887266,0.5454598897088727,0.42545988970887266,0.5454598897088727,30.40258081904588,126.99102919247858,224.68326541690112,30.40258081904588,224.68326541690112,False,,-0.7881434900529202,0.6444,1.0,0.17848327146631565,0.3595,-0.3146089582459535,0.6444,valid,,,,,False,ok,False,,"Martin Marietta Materials, Inc.",Basic Materials,Construction Materials,general_dcf,35992713378.0,0.3595,0.07207327114833631,0.12745319670657848,0.09291818771174275,-0.020844916563406438,0.20423619418469918,0.22737677399664277,0.06380605907772896,2.5303738317757007,0.007377895824110963,-0.01132783532441528,,8.0,2025.0,ttm,2026-04-30,2026-07-02,True,,,,0.42545988970887266,0.08924163573315783,0.5,0.5454598897088727,-0.5454598897088727,robust_return<=0; median_irr<=hurdle,False
274,DIS,99.5,-0.11488535191747357,-0.06204501250176688,-0.43182275705621576,0.09637137438985521,0.0,0.12,0.25,0.43182275705621576,0.5518227570562158,0.43182275705621576,0.5518227570562158,5.470990089362827,44.47859302128216,93.24946547237126,5.470990089362827,93.24946547237126,False,,-0.5529789646102296,0.6222,1.0,0.2754310657230355,0.4227,-0.18204501250176688,0.6222,valid,,,,,False,ok,False,,The Walt Disney Company,Communication Services,Entertainment,general_dcf,172782885097.32056,0.4227,0.07847227337332668,0.42600419020964775,0.10003198585735332,-0.021559712484026633,0.11577769258226561,0.15502297893340736,0.06837008516307796,2.0304993909866016,0.014434736563410114,-0.010137078334304772,,8.0,2025.0,ttm,2026-05-06,2026-07-02,True,,,,0.43182275705621576,0.13771553286151775,0.125,0.5518227570562158,-0.5518227570562158,robust_return<=0; median_irr<=hurdle,False
275,CAT,963.53,-0.28297878780913377,-0.2633339849013282,-0.4349136433276727,-0.17033353810620605,0.0,0.12,1.0,0.4349136433276727,0.5549136433276727,0.4349136433276727,0.5549136433276727,37.34900021653519,123.39231972592228,216.92393456644885,37.34900021653519,216.92393456644885,False,,-0.871937231092003,0.6439,1.0,0.14297305261073331,0.7041,-0.3833339849013282,0.6439,valid,,,,,False,ok,False,,Caterpillar Inc.,Industrials,Agricultural - Machinery,general_dcf,443837568610.0,0.7041,0.1585949719709314,0.35038510576386805,0.11812431915945118,0.04047065281148021,0.15281852143765806,0.16558547099144938,0.030628169211895928,2.778735836955747,0.0034408801246740423,-0.04236798600512226,,8.0,2025.0,ttm,2026-05-06,2026-07-02,True,,,,0.4349136433276727,0.07148652630536666,0.5,0.5549136433276727,-0.5549136433276727,robust_return<=0; median_irr<=hurdle,False
276,PWR,668.31,-0.30971649276525565,-0.2944811001572815,-0.43682349918162805,-0.2130802715648315,0.0,0.12,1.0,0.43682349918162805,0.5568234991816281,0.43682349918162805,0.5568234991816281,25.527019561525947,62.29305023520265,113.70403545530642,25.527019561525947,113.70403545530642,False,,-0.9067901868366437,0.60327,1.0,0.12377351380839827,0.2837,-0.4144811001572815,0.60327,valid,,,reinvestment_cap_hit,,False,ok,False,,"Quanta Services, Inc.",Industrials,Engineering & Construction,general_dcf,100286598599.99998,0.2837,0.08654623463711195,0.11935196509498437,0.10205602943812425,-0.015509794801012305,0.05513084108909788,0.05758286076370985,0.1423022663027309,2.2092779171710735,0.006358607000145103,0.009137471473922076,,8.0,2025.0,ttm,2026-04-30,2026-07-02,True,,,,0.43682349918162805,0.06188675690419913,0.5,0.5568234991816281,-0.5568234991816281,robust_return<=0; median_irr<=hurdle,False
277,CIEN,422.46,-0.37684691610520527,-0.3686017031082883,-0.46614048152405296,-0.30404377668019145,0.0,0.12,1.0,0.46614048152405296,0.586140481524053,0.46614048152405296,0.586140481524053,8.877331066956264,22.864688088314104,38.45266299207135,8.877331066956264,38.45266299207135,False,,-0.9458772710118968,0.4945860000000001,1.0,0.09621077242193075,0.4838,-0.4886017031082883,0.4945860000000001,valid,,,forward_roic_floor_hit;reinvestment_cap_hit,,False,ok,False,,Ciena Corporation,Technology,Communication Equipment,general_dcf,59800447428.0,0.4838,0.15063105331717072,-0.18621580215313555,0.10702324179473409,0.04360781152243663,0.08102395252304644,0.11184507510122729,0.06376260613059448,0.46823469621751607,0.038688484994361054,-0.01304564321384205,incremental_roic_below_wacc,8.0,2025.0,ttm,2026-06-04,2026-07-02,True,,,,0.46614048152405296,0.04810538621096538,0.5,0.586140481524053,-0.586140481524053,robust_return<=0; median_irr<=hurdle,False
278,BALL,63.39,-0.19446669332683084,-0.14027709811925887,-0.46857800283469253,-0.02873457423411307,0.0,0.12,0.75,0.46857800283469253,0.5885780028346925,0.46857800283469253,0.5885780028346925,2.419665099079114,17.26681853115631,32.29548219751984,2.419665099079114,32.29548219751984,False,,-0.7276097407926123,0.533223,1.0,0.23392502430028972,0.6476,-0.26027709811925887,0.533223,valid,,,share_change_floor_hit;reinvestment_cap_hit,,False,ok,False,,Ball Corporation,Consumer Cyclical,Packaging & Containers,general_dcf,16877366332.0,0.6476,0.07962489247493586,,0.08703025520703613,-0.007405362732100268,0.08794729929249331,0.09168865435356201,0.017786620061432057,3.7603613177470776,0.0,-0.0580970780100033,elevated_leverage;thin_interest_coverage,8.0,2025.0,ttm,2026-05-05,2026-07-02,True,,,,0.46857800283469253,0.11696251215014486,0.375,0.5885780028346925,-0.5885780028346925,robust_return<=0; median_irr<=hurdle,False
279,DD,139.91,-0.286572882130713,-0.24284808237571262,-0.5089431826869262,-0.15165218108450063,0.0,0.12,1.0,0.5089431826869262,0.6289431826869262,0.5089431826869262,0.6289431826869262,4.405268484091315,27.91143893150172,34.322514949718645,4.405268484091315,34.322514949718645,False,,-0.8005043318454598,0.43011000000000005,0.85,0.20024220080121277,0.4309,-0.36284808237571264,0.3655935,valid,,,base_growth_floor_hit;share_change_floor_hit;reinvestment_cap_hit,,False,ok,False,,"DuPont de Nemours, Inc.",Basic Materials,Chemicals - Specialty,general_dcf,18890564394.0,0.4309,0.03700941347828496,,0.09306802774536754,-0.056058614267082585,0.1422084324504564,0.12556577602569718,-0.15676675554909192,1.617120106171201,0.0,-0.05668318057452093,thin_interest_coverage;cyclical_revenue,8.0,2025.0,annual,2026-02-17,2026-07-02,True,,,,0.5089431826869262,0.10012110040060639,0.5,0.6289431826869262,-0.6289431826869262,robust_return<=0; median_irr<=hurdle,False
280,EL,83.71,-0.2902245569617662,-0.258767610724317,-0.5094922460877569,-0.13387076031067402,0.0,0.12,1.0,0.5094922460877569,0.6294922460877569,0.5094922460877569,0.6294922460877569,1.1978488870099504,6.03658208345989,20.556816201185566,1.1978488870099504,20.556816201185566,False,,-0.9278869659125566,0.5350860000000001,0.7,0.21075816288854143,0.628,-0.37876761072431697,0.3745602,valid,,,forward_roic_floor_hit;reinvestment_cap_hit,,False,ok,False,,The Estée Lauder Companies Inc.,Consumer Defensive,Household & Personal Products,general_dcf,30275784282.0,0.628,0.06670641833661942,-1.0127790412849715,0.0964245188398684,-0.02971810050324898,0.12251618571963457,0.06704927211646136,0.006199974731573077,3.6474538332400672,0.0,-0.0044041308425162295,elevated_leverage;thin_interest_coverage;incremental_roic_below_wacc,8.0,2025.0,annual,2025-08-20,2026-07-02,True,,,,0.5094922460877569,0.10537908144427072,0.5,0.6294922460877569,-0.6294922460877569,robust_return<=0; median_irr<=hurdle,False
281,MAR,372.95,-0.2058118604907577,-0.15370610134123128,-0.5110050745723129,-0.004830164708255296,0.0,0.12,0.75,0.5110050745723129,0.6310050745723129,0.5110050745723129,0.6310050745723129,8.92738559518293,106.36871148340295,230.90581800163463,8.92738559518293,230.90581800163463,False,,-0.7147909599586997,0.38296800000000003,1.0,0.27159841493202885,0.891,-0.2737061013412313,0.38296800000000003,valid,,,forward_roic_cap_hit;share_change_floor_hit,,False,ok,False,,"Marriott International, Inc.",Consumer Cyclical,Travel Lodging,general_dcf,98342671948.0,0.891,0.2635376211998751,1.12170246356831,0.09226085499747017,0.17127676620240495,0.13818482151354172,0.16017609210971892,0.033741498293627714,3.4723473986071283,0.009012449400442985,-0.06139649755319576,elevated_leverage;cyclical_revenue,8.0,2025.0,ttm,2026-05-06,2026-07-02,True,,,,0.5110050745723129,0.13579920746601443,0.375,0.6310050745723129,-0.6310050745723129,robust_return<=0; median_irr<=hurdle,False
282,ATO,176.87,-0.27861875043017786,-0.2258229007187765,-0.5464300050167367,-0.11639919526642183,0.0,0.12,1.0,0.5464300050167367,0.6664300050167367,0.5464300050167367,0.6664300050167367,5.916120212226727,42.75277347051437,85.84107765857225,5.916120212226727,85.84107765857225,False,,-0.758281373491749,0.58878,1.0,0.22735200487515742,0.5371,-0.3458229007187765,0.58878,valid,,,reinvestment_cap_hit,,False,ok,False,,Atmos Energy Corporation,Utilities,Regulated Gas,general_dcf,29523108917.0,0.5371,0.059406914641302246,0.07424817774024534,0.0687166951413899,-0.009309780500087649,0.26134417377789865,0.35874483558586845,0.06058493797688347,3.781317227728446,0.0025710730394577722,0.06712174906577117,elevated_leverage;ongoing_dilution,8.0,2025.0,ttm,2026-05-06,2026-07-02,True,,,,0.5464300050167367,0.11367600243757871,0.5,0.6664300050167367,-0.6664300050167367,robust_return<=0; median_irr<=hurdle,False
283,WAB,262.19,-0.21286107435698784,-0.15506774765672154,-0.5473221913169252,0.006013389202416903,0.0,0.12,0.75,0.5473221913169252,0.6673221913169252,0.5473221913169252,0.6673221913169252,5.556512219808681,74.90914385137168,174.7532113657771,5.556512219808681,174.7532113657771,False,,-0.7142944282719719,0.4611,1.0,0.292834790259671,0.5122,-0.27506774765672154,0.4611,valid,,,,,False,ok,False,,Westinghouse Air Brake Technologies Corporation,Industrials,Railroads,general_dcf,44487703348.0,0.5122,0.07956794814663004,0.3547289909129661,0.08547374609830008,-0.005905797951670039,0.11644795394000608,0.16103241505170765,0.143668657691588,3.158259149357072,0.006354096466737268,-0.02256974795321809,elevated_leverage;cyclical_revenue,8.0,2025.0,ttm,2026-04-22,2026-07-02,True,,,,0.5473221913169252,0.1464173951298355,0.375,0.6673221913169252,-0.6673221913169252,robust_return<=0; median_irr<=hurdle,False
284,HLT,338.12,-0.2697573607852973,-0.20378103861585256,-0.6391699678977599,-0.03229739801172396,0.0,0.12,0.75,0.6391699678977599,0.7591699678977599,0.6391699678977599,0.7591699678977599,-8.443476657747203,70.54498365123176,183.69372825206776,-8.443476657747203,183.69372825206776,False,,-0.7913611035986284,0.42399000000000003,1.0,0.32071658494301797,0.8425,-0.32378103861585256,0.42399000000000003,valid,,,share_change_floor_hit,,False,ok,False,,Hilton Worldwide Holdings Inc.,Consumer Cyclical,Travel Lodging,general_dcf,76972341760.0,0.8425,0.3095148652999893,0.6733492050774321,0.08959892919544113,0.21991593610454815,0.19370316505405474,0.23084439377900823,0.044001453671123514,4.196693657219973,0.01575085018793628,-0.057381254969486206,elevated_leverage;thin_interest_coverage;cyclical_revenue,8.0,2025.0,ttm,2026-04-28,2026-07-02,True,,,,0.6391699678977599,0.16035829247150898,0.375,0.7591699678977599,-0.7591699678977599,robust_return<=0; median_irr<=hurdle,False
285,VRT,300.53,-0.4448338845737453,-0.4116443925478961,-0.6503631636049246,-0.3056835895942641,0.0,0.12,1.0,0.6503631636049246,0.7703631636049246,0.6503631636049246,0.7703631636049246,2.7000603031355817,14.754590983979444,30.301137856824273,2.7000603031355817,30.301137856824273,False,,-0.950904764968624,0.5027670000000001,0.85,0.19175677700533025,0.43,-0.5316443925478961,0.42735195000000004,valid,,,forward_roic_cap_hit;wacc_cap_hit,,False,ok,False,,Vertiv Holdings Co,Industrials,Electrical Equipment & Parts,general_dcf,115436222472.0,0.43,0.2552732521708003,0.8519918106941591,0.14,0.11527325217080031,0.06545753986066255,0.18543680778893246,0.13234812422476638,0.790080738177624,0.004318630020719439,0.010835786410082093,peak_cycle_margins,8.0,2025.0,annual,2026-02-13,2026-07-02,True,,,,0.6503631636049246,0.09587838850266513,0.5,0.7703631636049246,-0.7703631636049246,robust_return<=0; median_irr<=hurdle,False
286,WDC,539.0,-0.48872651439924075,-0.4760280556285579,-0.6567850415754944,-0.3460649047643528,0.0,0.12,1.0,0.6567850415754944,0.7767850415754944,0.6567850415754944,0.7767850415754944,8.495714961329316,23.40069956734934,52.36936377222176,8.495714961329316,52.36936377222176,False,,-0.9565849729733779,0.37602,1.0,0.17407946840557081,0.475,-0.5960280556285579,0.37602,valid,,,wacc_cap_hit,,False,ok,False,,Western Digital Corporation,Technology,Computer Hardware,general_dcf,185783598000.0,0.475,0.35459195087079776,,0.14,0.21459195087079774,0.04605611369385074,0.3078033455039484,-0.10470002969905501,-0.37948332079257585,0.04669938261833149,0.05966092682862967,ongoing_dilution;cyclical_revenue;peak_cycle_margins,8.0,2025.0,ttm,2026-04-30,2026-07-02,True,,,,0.6567850415754944,0.08703973420278541,0.5,0.7767850415754944,-0.7767850415754944,robust_return<=0; median_irr<=hurdle,False
287,HAL,32.96,-0.07248636441945563,0.04698704879265281,-0.6611674774088896,0.27724792214576144,0.25,0.12,0.25,0.6611674774088896,0.7811674774088896,0.6611674774088896,0.7811674774088896,0.7095973512927136,28.953410623519346,74.0724491977764,0.7095973512927136,74.0724491977764,False,,-0.1215591437039033,0.4761,1.0,0.4849246997773255,0.4719,-0.07301295120734719,0.4761,valid,,,,,False,ok,False,,Halliburton Company,Energy,Oil & Gas Equipment & Services,general_dcf,27534709346.0,0.4719,0.11644098717542561,0.14439759535311975,0.0725915460612886,0.04384944111413701,0.11024930210138989,0.11313094862194957,-0.011147990725109747,1.6597487711632988,0.0,-0.02600056690526298,cyclical_revenue,8.0,2025.0,ttm,2026-04-24,2026-07-02,True,,,,0.6611674774088896,0.24246234988866275,0.125,0.7811674774088896,-0.7811674774088896,robust_return<=0; median_irr<=hurdle,False
288,GLW,196.79,-0.4352981537071172,-0.39066118300979724,-0.6689542194173553,-0.2909160293915193,0.0,0.12,1.0,0.6689542194173553,0.7889542194173553,0.6689542194173553,0.7889542194173553,1.2643677694509077,8.29165400671347,18.56621611237094,1.2643677694509077,18.56621611237094,False,,-0.9578654707723285,0.48987,1.0,0.20432299501291804,0.2065,-0.5106611830097972,0.48987,valid,,,reinvestment_cap_hit,,False,ok,False,,Corning Inc,Technology,"Hardware, Equipment & Parts",general_dcf,169364952020.0,0.2065,0.10397779129905689,0.06963985974859185,0.09987155619612134,0.004106235102935549,0.10744085629756046,0.1531156179155689,0.0475547969063439,1.8583934088568486,0.01829931537526393,0.002247259151031855,incremental_roic_below_wacc,8.0,2025.0,ttm,2026-05-01,2026-07-02,True,,,,0.6689542194173553,0.10216149750645902,0.5,0.7889542194173553,-0.7889542194173553,robust_return<=0; median_irr<=hurdle,False
289,PRU,112.95,-0.15055982473714746,-0.009329478635789146,-0.6973195077409495,0.11373916606393797,0.0,0.12,0.25,0.6973195077409495,0.8173195077409495,0.6973195077409495,0.8173195077409495,0.286951429941593,107.77857476724871,193.5546892834825,0.286951429941593,193.5546892834825,False,,-0.04578508395530134,0.6,0.8,0.42352933690244376,0.0026624162600152566,-0.12932947863578914,0.48,valid,,,specialist_model_v1,,False,specialist,False,,"Prudential Financial, Inc.",Financial Services,Insurance - Life,insurance,39230370836.0,,,,,,,,,,,,,,,,,2026-07-02,True,347325107.0030987,0.855,Justified P/B residual-income proxy; no regulatory-capital or reserve-detail model,0.6973195077409495,0.21176466845122188,0.125,0.8173195077409495,-0.8173195077409495,robust_return<=0; median_irr<=hurdle,False
290,DLTR,124.05,-0.20073598275921534,-0.09441096415976058,-0.704481009475421,0.09035900675808081,0.0,0.12,0.75,0.704481009475421,0.824481009475421,0.704481009475421,0.824481009475421,-1.8529681548886603,55.240347544580246,132.23209677992156,-1.8529681548886603,132.23209677992156,False,,-0.5546928855737183,0.48924,1.0,0.41274280811675096,0.66,-0.21441096415976058,0.48924,valid,,,base_growth_floor_hit,,False,ok,False,,"Dollar Tree, Inc.",Consumer Defensive,Discount Stores,general_dcf,23839308750.0,0.66,0.12719708134444005,,0.07005268102241571,0.057144400322024336,0.07816983415618828,0.08544706019374212,-0.022863270003800173,2.6073874658537552,0.005762435120462902,-0.04140513713567551,cyclical_revenue,8.0,2025.0,ttm,2026-05-28,2026-07-02,True,,,,0.704481009475421,0.20637140405837548,0.375,0.824481009475421,-0.824481009475421,robust_return<=0; median_irr<=hurdle,False
291,UAL,133.32,-0.017645033868029764,0.1412951025529765,-0.95,0.5968296594219279,0.75,0.12,0.25,0.95,1.0699999999999998,0.95,1.0699999999999998,-55.463667629602554,161.39488400258193,830.7516782777383,-55.463667629602554,830.7516782777383,False,,0.21058268828819338,0.4145,1.0,0.790979829710964,0.5122,0.021295102552976508,0.4145,valid,,,,,False,ok,True,bear,"United Airlines Holdings, Inc.",Industrials,"Airlines, Airports & Air Services",general_dcf,43271672400.0,0.5122,0.12037131919057413,0.5465351348676303,0.08305423758588946,0.037317081604684665,0.07828532791915829,0.08439453577216949,0.05244136817293299,2.082280049566295,0.0,-0.0033434900048592286,thin_interest_coverage;cyclical_revenue,8.0,2025.0,ttm,2026-04-22,2026-07-02,True,,,,0.95,0.395489914855482,0.125,1.0699999999999998,-1.0611731799917912,robust_return<=0,False
292,LVS,46.99,-0.045829769986448804,0.13221121411770587,-0.95,0.502258491818793,0.75,0.12,0.25,0.95,1.0699999999999998,0.95,1.0699999999999998,-10.762785291289807,57.94420194520253,249.88687844997008,-10.762785291289807,249.88687844997008,False,,0.23311772600984315,0.39888,1.0,0.7441628459093964,0.6904,0.01221121411770587,0.39888,valid,,,reinvestment_cap_hit,,False,ok,True,bear,Las Vegas Sands Corp.,Consumer Cyclical,"Gambling, Resorts & Casinos",general_dcf,31137327902.000004,0.6904,0.21912608503751654,,0.07489688358174773,0.1442292014557688,0.22266116299469607,0.24636098981077148,-0.007578875588428513,2.5083991094920055,0.004242190512919399,-0.04234358866962151,thin_interest_coverage;cyclical_revenue,8.0,2025.0,ttm,2026-04-24,2026-07-02,True,,,,0.95,0.3720814229546982,0.125,1.0699999999999998,-1.0651291909127294,robust_return<=0,False
293,DAL,92.75,-0.07263041875557977,0.07589590484276415,-0.95,0.5076865152921526,0.25,0.12,0.25,0.95,1.0699999999999998,0.95,1.0699999999999998,-29.247318252148727,83.93208581101936,441.84912514230797,-29.247318252148727,441.84912514230797,False,,-0.09507185109413085,0.4034,1.0,0.7467412576460762,0.5346,-0.044104095157235845,0.4034,valid,,,,,False,ok,True,bear,"Delta Air Lines, Inc.",Industrials,"Airlines, Airports & Air Services",general_dcf,60936193500.0,0.5346,0.1490707562135266,0.2925212432198165,0.09833039734066876,0.050740358872857855,0.09349638415522864,0.08828132191843874,0.05199235309385486,1.1077203647416414,0.0,0.005687816219807518,cyclical_revenue,8.0,2025.0,ttm,2026-04-08,2026-07-02,True,,,,0.95,0.3733706288230381,0.125,1.0699999999999998,-1.0699999999999998,robust_return<=0; median_irr<=hurdle,False
294,ZBH,87.47,-0.1459751824120758,0.046334275102708516,-0.95,0.2734307201462798,0.25,0.12,0.25,0.95,1.0699999999999998,0.95,1.0699999999999998,-1.8885022058649326,78.79380250860798,201.92861549326702,-1.8885022058649326,201.92861549326702,False,,-0.09919055094766227,0.4601610000000001,1.0,0.6279105300731399,0.2145,-0.07366572489729148,0.4601610000000001,valid,,,forward_roic_cap_hit;wacc_floor_hit,,False,ok,True,bear,"Zimmer Biomet Holdings, Inc.",Healthcare,Medical - Devices,general_dcf,16922121140.0,0.2145,0.058761228839764416,1.620416730156763,0.065,-0.006238771160235586,0.13425669510777075,0.15605527279646103,0.005292468669956474,2.909856712226948,0.013153439429062589,-0.02353247349355425,thin_interest_coverage,8.0,2025.0,ttm,2026-05-01,2026-07-02,True,,,,0.95,0.31395526503656995,0.125,1.0699999999999998,-1.0699999999999998,robust_return<=0; median_irr<=hurdle,False
295,PEG,81.62,-0.16347730817797124,0.02826376517768952,-0.95,0.2395632369327359,0.25,0.12,0.25,0.95,1.0699999999999998,0.95,1.0699999999999998,0.5360283232012176,67.35307099173868,163.63538013515364,0.5360283232012176,163.63538013515364,False,,-0.17479697388215298,0.5911,1.0,0.6070486184663679,0.3387,-0.09173623482231047,0.5911,valid,,,,,False,ok,True,bear,Public Service Enterprise Group Incorporated,Utilities,Regulated Electric,general_dcf,40672992831.0,0.3387,0.08395750519997351,0.4178713766367468,0.07218135922848126,0.01177614597149225,0.23252653674492513,0.25465061747694234,0.0329742925901062,3.7970342910101946,0.0,-0.0006657791581933248,elevated_leverage;thin_interest_coverage,8.0,2025.0,ttm,2026-05-05,2026-07-02,True,,,,0.95,0.30352430923318396,0.125,1.0699999999999998,-1.0699999999999998,robust_return<=0; median_irr<=hurdle,False
296,T,20.58,-0.1778361377888359,0.027439820813015128,-0.95,0.18377580721862619,0.25,0.12,0.25,0.95,1.0699999999999998,0.95,1.0699999999999998,-2.8685675764996144,17.115161795787685,34.9623263094819,-2.8685675764996144,34.9623263094819,False,,-0.16835948514151178,0.6327,1.0,0.5779069036093131,0.5238,-0.09256017918698486,0.6327,valid,,,,,False,ok,True,bear,AT&T Inc.,Communication Services,Telecommunications Services,general_dcf,142996837200.0,0.5238,0.07543117481009164,,0.06913809807564386,0.006293076734447775,0.17997454287874726,0.19353028578654527,-0.042875319057744776,3.3701964606082084,0.0,-0.02523493375363184,elevated_leverage;thin_interest_coverage,8.0,2025.0,ttm,2026-04-27,2026-07-02,True,,,,0.95,0.28895345180465654,0.125,1.0699999999999998,-1.0699999999999998,robust_return<=0; median_irr<=hurdle,False
297,TMUS,177.52,-0.17989608481439062,-0.00041293097310696723,-0.95,0.23124152268865145,0.25,0.12,0.25,0.95,1.0699999999999998,0.95,1.0699999999999998,-31.360253459151487,123.87009505955596,347.18596923219206,-31.360253459151487,347.18596923219206,False,,-0.30221893274247436,0.41204700000000005,1.0,0.6082593513443257,0.4858,-0.12041293097310696,0.41204700000000005,valid,,,forward_roic_cap_hit;wacc_floor_hit,,False,ok,True,bear,"T-Mobile US, Inc.",Communication Services,Telecommunications Services,general_dcf,192112981362.0,0.4858,0.08348408532410032,1.990527861070957,0.065,0.018484085324100313,0.12487129857199122,0.20364520048602675,0.10713963255832692,3.507324263734914,0.008490542019908858,-0.04249120632732084,elevated_leverage;thin_interest_coverage;cyclical_revenue;peak_cycle_margins,8.0,2025.0,ttm,2026-04-28,2026-07-02,True,,,,0.95,0.30412967567216287,0.125,1.0699999999999998,-1.0699999999999998,robust_return<=0; median_irr<=hurdle,False
298,AIG,79.39,-0.1875534154668153,0.013772111416090471,-0.95,0.17224211530055777,0.25,0.12,0.25,0.95,1.0699999999999998,0.95,1.0699999999999998,0.0,85.00950759758928,175.73262783905494,0.0,175.73262783905494,False,,0.07078356968874266,0.6,0.8,0.5791210576502789,0.0,-0.10622788858390952,0.48,valid,,,specialist_model_v1,,False,specialist,False,,"American International Group, Inc.",Financial Services,Insurance - Diversified,insurance,42093071885.0,,,,,,,,,,,,,,,,,2026-07-02,True,530206220.99760675,0.541,Justified P/B residual-income proxy; no regulatory-capital or reserve-detail model,0.95,0.28956052882513944,0.125,1.0699999999999998,-1.0699999999999998,robust_return<=0; median_irr<=hurdle,False
299,NRG,136.7,-0.193567923908995,-0.06706185298389752,-0.95,0.3098520103318151,0.25,0.12,0.75,0.95,1.0699999999999998,0.95,1.0699999999999998,-64.7451087692007,46.07004796583731,361.1733492375113,-64.7451087692007,361.1733492375113,False,,-0.6629842870092368,0.35802,1.0,0.6491854051659075,0.5741,-0.18706185298389752,0.35802,valid,,,reinvestment_cap_hit,,False,ok,True,bear,"NRG Energy, Inc.",Utilities,Independent Power Producers,general_dcf,28841850449.0,0.5741,0.030341420498202175,,0.08791860948764216,-0.05757718898943998,0.09488985175466122,0.030004934007647713,0.18287155276652345,8.986995515695067,0.0036260220405261285,-0.041224096277523326,elevated_leverage;thin_interest_coverage;cyclical_revenue,8.0,2025.0,ttm,2026-05-06,2026-07-02,True,,,,0.95,0.32459270258295375,0.375,1.0699999999999998,-1.0699999999999998,robust_return<=0; median_irr<=hurdle,False
300,HAS,80.15,-0.19534832196368368,-0.028084457968361648,-0.95,0.22477562808198864,0.25,0.12,0.25,0.95,1.0699999999999998,0.95,1.0699999999999998,-7.5289900627082496,52.08468254645289,156.82150828129974,-7.5289900627082496,156.82150828129974,False,,-0.3501599183224843,0.52002,0.85,0.6062872140409943,0.7,-0.14808445796836164,0.442017,valid,,,wacc_floor_hit,,False,ok,True,bear,"Hasbro, Inc.",Consumer Cyclical,Leisure,general_dcf,11340503650.0,0.7,0.2716024684617174,,0.065,0.20660246846171737,0.10535031530997216,0.22504413672813903,0.00375236020630787,2.0492150004067353,0.0,0.0031100678704076845,peak_cycle_margins,8.0,2025.0,annual,2026-02-25,2026-07-02,True,,,,0.95,0.30314360702049714,0.125,1.0699999999999998,-1.0699999999999998,robust_return<=0; median_irr<=hurdle,False
301,LYV,186.59,-0.21344975020183485,-0.20750865111185696,-0.95,0.5112183014163746,0.25,0.12,0.75,0.95,1.0699999999999998,0.95,1.0699999999999998,-16.769364009361507,41.8897513141182,915.0659015156177,-16.769364009361507,915.0659015156177,False,,-0.7754984119507037,0.4202,1.0,0.7480031507081873,0.5312,-0.32750865111185695,0.4202,valid,,,,,False,ok,True,bear,"Live Nation Entertainment, Inc.",Communication Services,Entertainment,general_dcf,43421881165.0,0.5312,0.742449845013421,0.38241129362642984,0.08981380702547678,0.6526360379879442,0.031868649483831786,0.05452177346853182,0.12886419341228894,0.717585798478136,0.005102410566569146,0.0012136706823184795,thin_interest_coverage;cyclical_revenue;peak_cycle_margins,8.0,2025.0,ttm,2026-05-05,2026-07-02,True,,,,0.95,0.3740015753540937,0.375,1.0699999999999998,-1.0699999999999998,robust_return<=0; median_irr<=hurdle,False
302,KMI,32.06,-0.29006884604459626,-0.12403462061192838,-0.95,0.037793857045471696,0.0,0.12,0.75,0.95,1.0699999999999998,0.95,1.0699999999999998,-2.8157468783639885,11.31964340395838,26.94294295878625,-2.8157468783639885,26.94294295878625,False,,-0.6469231626962452,0.45566999999999996,1.0,0.5102268285227358,0.2768,-0.24403462061192838,0.45566999999999996,valid,,,reinvestment_cap_hit,,False,ok,True,bear,"Kinder Morgan, Inc.",Energy,Oil & Gas Midstream,general_dcf,71327913769.0,0.2768,0.06191373921626637,,0.06994717072690129,-0.008033431510634924,0.28441380746680256,0.2860648253823328,0.024819864010472203,4.270797169181466,0.0,-0.0048954945173924624,elevated_leverage;thin_interest_coverage;cyclical_revenue,8.0,2025.0,ttm,2026-04-24,2026-07-02,True,,,,0.95,0.2551134142613679,0.375,1.0699999999999998,-1.0699999999999998,robust_return<=0; median_irr<=hurdle,False
303,CVS,104.72,-0.2974561371534946,-0.1333947012084536,-0.95,0.026964853802928727,0.0,0.12,0.75,0.95,1.0699999999999998,0.95,1.0699999999999998,-0.6957284813887433,26.53395111545004,80.84062427326985,-0.6957284813887433,80.84062427326985,False,,-0.746620023725649,0.5256090000000001,0.85,0.5072141569014643,0.5851,-0.2533947012084536,0.44676765000000007,valid,,,forward_roic_floor_hit;reinvestment_cap_hit,,False,ok,True,bear,CVS Health Corp.,Healthcare,Medical - Healthcare Plans,general_dcf,133615389600.0,0.5851,0.0488343256646087,-0.11097765204606212,0.07073149899155125,-0.02189717332694255,0.032120665582538864,0.025829028495250792,0.10924868668053822,5.532386098325662,0.0014484628858208895,-0.013277036450652147,elevated_leverage;thin_interest_coverage;incremental_roic_below_wacc,8.0,2025.0,annual,2026-02-10,2026-07-02,True,,,,0.95,0.25360707845073216,0.375,1.0699999999999998,-1.0699999999999998,robust_return<=0; median_irr<=hurdle,False
304,ALL,250.33,-0.30832420355728574,-0.1664960088464965,-0.95,0.049695203463850035,0.0,0.12,0.75,0.95,1.0699999999999998,0.95,1.0699999999999998,0.0,100.70506592374318,319.0281187646854,0.0,319.0281187646854,False,,-0.5977107581043296,0.6,0.8,0.517847601731925,0.0,-0.2864960088464965,0.48,valid,,,specialist_model_v1,,False,specialist,False,,The Allstate Corporation,Financial Services,Insurance - Property & Casualty,insurance,64440198930.0,,,,,,,,,,,,,,,,,2026-07-02,True,257421000.0,0.192,Justified P/B residual-income proxy; no regulatory-capital or reserve-detail model,0.95,0.2589238008659625,0.375,1.0699999999999998,-1.0699999999999998,robust_return<=0; median_irr<=hurdle,False
305,SO,97.98,-0.3145794010473764,-0.17591185359051448,-0.95,0.04350610299152325,0.0,0.12,0.75,0.95,1.0699999999999998,0.95,1.0699999999999998,-25.22152291936112,27.18575012829406,91.82317080862784,-25.22152291936112,91.82317080862784,False,,-0.7225377614993462,0.5673,1.0,0.5097340514957616,0.3365,-0.2959118535905145,0.5673,valid,,,,,False,ok,True,bear,The Southern Company,Utilities,Regulated Electric,general_dcf,110452854000.0,0.3365,0.054290078300704425,0.16261594866140794,0.07032206586790174,-0.016031987567197314,0.23522993198402714,0.2414993040365878,0.033313976114662136,5.563102476642444,0.004939380332285586,0.014293274404168832,elevated_leverage;thin_interest_coverage,8.0,2025.0,ttm,2026-03-31,2026-07-02,True,,,,0.95,0.2548670257478808,0.375,1.0699999999999998,-1.0699999999999998,robust_return<=0; median_irr<=hurdle,False
306,CAH,238.94,-0.3193859455808706,-0.20610011394892352,-0.95,0.08465644557436462,0.0,0.12,0.75,0.95,1.0699999999999998,0.95,1.0699999999999998,-52.82833713826828,58.67576031582099,257.1011206057482,-52.82833713826828,257.1011206057482,False,,-0.754433078112409,0.5860350000000001,1.0,0.5297471727871823,0.6438,-0.3261001139489235,0.5860350000000001,valid,,,forward_roic_cap_hit;share_change_floor_hit,,False,ok,True,bear,"Cardinal Health, Inc.",Healthcare,Medical - Distribution,general_dcf,55961181640.0,0.6438,0.8041789047600153,,0.06644126573174587,0.7377376390282694,0.0032869369312651603,0.009227735891981208,0.0720014350924516,1.538627935723115,0.0005334461946770006,-0.05426542517926303,peak_cycle_margins,8.0,2025.0,ttm,2026-04-30,2026-07-02,True,,,,0.95,0.26487358639359115,0.375,1.0699999999999998,-1.0699999999999998,robust_return<=0; median_irr<=hurdle,False
307,BDX,158.08,-0.33279745734180316,-0.16327149294083937,-0.95,-0.054646843485534155,0.0,0.12,0.75,0.95,1.0699999999999998,0.95,1.0699999999999998,1.7212106017303848,49.91660802936301,84.45093185273228,1.7212106017303848,84.45093185273228,False,,-0.6842319836199202,0.7077,1.0,0.45644557825723286,0.4155,-0.28327149294083936,0.7077,valid,,,,,False,ok,True,bear,"Becton, Dickinson and Company",Healthcare,Medical - Instruments & Supplies,general_dcf,57271609566.0,0.4155,0.05025864617203665,0.07352428393524284,0.06619391078612981,-0.015935264614093156,0.11329093663343556,0.10610812075824948,0.04560530592574796,3.5773576705780097,0.01224105461393597,-0.00786126920640362,elevated_leverage;thin_interest_coverage,8.0,2025.0,ttm,2026-05-07,2026-07-02,True,,,,0.95,0.22822278912861643,0.375,1.0699999999999998,-1.0699999999999998,robust_return<=0; median_irr<=hurdle,False
308,ED,113.99,-0.3444282519631087,-0.1906111094402149,-0.95,-0.04649078897200523,0.0,0.12,0.75,0.95,1.0699999999999998,0.95,1.0699999999999998,-2.395739958668373,18.306748168730405,60.90010789237358,-2.395739958668373,60.90010789237358,False,,-0.8394004020639494,0.6649200000000001,1.0,0.4618070055139974,0.4356,-0.31061110944021486,0.6649200000000001,valid,,,reinvestment_cap_hit,,False,ok,True,bear,"Consolidated Edison, Inc.",Utilities,Regulated Electric,general_dcf,42008701073.0,0.4356,0.047254411350166795,0.01581143566133083,0.07024481688840847,-0.02299040553824168,0.19193011684904407,0.1732791170490851,0.04619218097214417,5.088478915662651,0.0,0.00799290411037279,elevated_leverage;thin_interest_coverage;incremental_roic_below_wacc,8.0,2025.0,ttm,2026-05-07,2026-07-02,True,,,,0.95,0.2309035027569987,0.375,1.0699999999999998,-1.0699999999999998,robust_return<=0; median_irr<=hurdle,False
309,J,127.89,-0.35252565576302003,-0.1956787742761662,-0.95,-0.06874507449974772,0.0,0.12,0.75,0.95,1.0699999999999998,0.95,1.0699999999999998,0.7458717070531239,32.62699413926575,61.45982845995186,0.7458717070531239,61.45982845995186,False,,-0.744882366570758,0.52083,1.0,0.45500256275012607,0.5197,-0.3156787742761662,0.52083,valid,,,base_growth_floor_hit,,False,ok,True,bear,Jacobs Solutions Inc.,Industrials,Engineering & Construction,general_dcf,15101363615.0,0.5197,0.07799016421150091,,0.07208463596911054,0.005905528242390379,0.052005834956734234,0.046887960756679295,-0.030890069801322917,4.013784189627718,0.006451037354247796,-0.027638266062380956,elevated_leverage;thin_interest_coverage,8.0,2025.0,ttm,2026-05-05,2026-07-02,True,,,,0.95,0.22750128137506304,0.375,1.0699999999999998,-1.0699999999999998,robust_return<=0; median_irr<=hurdle,False
310,IQV,207.04,-0.35504410788344104,-0.20847008343698686,-0.95,-0.05323626465979029,0.0,0.12,0.75,0.95,1.0699999999999998,0.95,1.0699999999999998,-16.447896561336247,36.840784404984305,93.47880194530424,-16.447896561336247,93.47880194530424,False,,-0.8220595807332675,0.6701,1.0,0.45827886767010484,0.3854,-0.32847008343698686,0.6701,valid,,,,,False,ok,True,bear,IQVIA Holdings Inc.,Healthcare,Medical - Diagnostics & Research,general_dcf,34554976000.0,0.3854,0.09353255896292795,0.2088408077754411,0.094358008644946,-0.000825449682018059,0.11262374556294646,0.1385882635882636,0.06621720428944555,4.066244239631336,0.014482114255205552,-0.03778616609216234,elevated_leverage;thin_interest_coverage,8.0,2025.0,ttm,2026-05-05,2026-07-02,True,,,,0.95,0.22913943383505242,0.375,1.0699999999999998,-1.0699999999999998,robust_return<=0; median_irr<=hurdle,False
311,WMB,73.14,-0.36443072919500985,-0.24442619706387628,-0.95,-0.018870522652287003,0.0,0.12,0.75,0.95,1.0699999999999998,0.95,1.0699999999999998,-10.99137174464632,12.319207920280077,45.17243022142952,-10.99137174464632,45.17243022142952,False,,-0.8315667497910846,0.42714,1.0,0.4827505386738565,0.336,-0.36442619706387624,0.42714,valid,,,reinvestment_cap_hit,,False,ok,True,bear,"The Williams Companies, Inc.",Energy,Oil & Gas Midstream,general_dcf,89450093102.0,0.336,0.08283339259965206,0.1539877216489435,0.07205639577296587,0.010776996826686189,0.28025475539685774,0.38788692223806726,0.046628563535081824,4.254529641977098,0.007059686439900981,8.94136432536552e-05,elevated_leverage;thin_interest_coverage,8.0,2025.0,ttm,2026-05-04,2026-07-02,True,,,,0.95,0.24137526933692824,0.375,1.0699999999999998,-1.0699999999999998,robust_return<=0; median_irr<=hurdle,False
312,EFX,172.07,-0.365094571908412,-0.21688039065047632,-0.95,-0.07661750633269546,0.0,0.12,1.0,0.95,1.0699999999999998,0.95,1.0699999999999998,-4.136103292801585,17.00667829566155,59.38708868184243,-4.136103292801585,59.38708868184243,False,,-0.9011641872745886,0.534357,1.0,0.45066053683365226,0.4206,-0.3368803906504763,0.534357,valid,,,forward_roic_floor_hit;reinvestment_cap_hit,,False,ok,True,bear,Equifax Inc.,Industrials,Consulting Services,general_dcf,20757596138.0,0.4206,0.09113329555073894,-0.03812143496395194,0.09744470716751616,-0.0063114116167772155,0.17880493808027148,0.18260260451491706,0.08588569570479487,2.7251794735442703,0.013636708956924714,-0.0068047834466663515,incremental_roic_below_wacc,8.0,2025.0,ttm,2026-04-21,2026-07-02,True,,,,0.95,0.22533026841682613,0.5,1.0699999999999998,-1.0699999999999998,robust_return<=0; median_irr<=hurdle,False
313,DE,621.27,-0.39579624168200095,-0.2601266709621996,-0.95,-0.11293162480360473,0.0,0.12,1.0,0.95,1.0699999999999998,0.95,1.0699999999999998,-34.23835231402725,49.82173512821947,186.504174664617,-34.23835231402725,186.504174664617,False,,-0.919806629761264,0.51246,1.0,0.4331603875981976,0.5075,-0.3801266709621996,0.51246,valid,,,reinvestment_cap_hit,,False,ok,True,bear,Deere & Company,Industrials,Agricultural - Machinery,general_dcf,167704024030.0,0.5075,0.08170265368566916,0.02696339984426077,0.08435968757555223,-0.002657033889883073,0.1770399089665699,0.1838359263290437,0.029428901014733944,5.019408587384418,0.0033807231613119893,-0.04022988902685265,elevated_leverage;thin_interest_coverage;cyclical_revenue;incremental_roic_below_wacc,8.0,2025.0,ttm,2026-05-28,2026-07-02,True,,,,0.95,0.2165801937990988,0.5,1.0699999999999998,-1.0699999999999998,robust_return<=0; median_irr<=hurdle,False
314,WEC,118.83,-0.40302626346383474,-0.2669883730704896,-0.95,-0.12812830771435976,0.0,0.12,1.0,0.95,1.0699999999999998,0.95,1.0699999999999998,-12.110129472000512,12.840094750227125,37.83410283304283,-12.110129472000512,37.83410283304283,False,,-0.8919456808025993,0.65088,1.0,0.42140944614282005,0.4397,-0.3869883730704896,0.65088,valid,,,reinvestment_cap_hit,,False,ok,True,bear,"WEC Energy Group, Inc.",Utilities,Regulated Electric,general_dcf,38705982317.0,0.4397,0.05749906289040306,0.06076045036824309,0.07124352109997885,-0.013744458209575788,0.21038385074284094,0.23970728224654927,0.03544783221141867,5.687777721027632,0.0,0.012703075648047957,elevated_leverage;thin_interest_coverage;incremental_roic_below_wacc,8.0,2025.0,ttm,2026-05-07,2026-07-02,True,,,,0.95,0.21070472307141003,0.5,1.0699999999999998,-1.0699999999999998,robust_return<=0; median_irr<=hurdle,False
315,AEP,138.51,-0.4078089289134368,-0.2850458154949592,-0.95,-0.1111440846638288,0.0,0.12,1.0,0.95,1.0699999999999998,0.95,1.0699999999999998,-25.472023849311924,12.832688488902907,51.647183029851064,-25.472023849311924,51.647183029851064,False,,-0.9073518988599891,0.63936,1.0,0.4302471576680856,0.4842,-0.4050458154949592,0.63936,valid,,,reinvestment_cap_hit,,False,ok,True,bear,"American Electric Power Company, Inc.",Utilities,Regulated Electric,general_dcf,75363983550.0,0.4842,0.056381285000301075,0.08173681135634871,0.07308459491569598,-0.016703309915394905,0.19810734374412714,0.23469802109746524,0.04351225641155998,5.844895258089544,0.0,0.021333592798721934,elevated_leverage;thin_interest_coverage,8.0,2025.0,ttm,2026-05-05,2026-07-02,True,,,,0.95,0.2151235788340428,0.5,1.0699999999999998,-1.0699999999999998,robust_return<=0; median_irr<=hurdle,False
316,CRL,230.69,-0.43087518996544527,-0.3012167565029812,-0.95,-0.1710672468558187,0.0,0.12,1.0,0.95,1.0699999999999998,0.95,1.0699999999999998,-3.924430714709102,2.4037107085776612,35.3325663589751,-3.924430714709102,35.3325663589751,False,,-0.9895803428472076,0.5469930000000001,0.85,0.4075565865720906,0.4019,-0.4212167565029812,0.46494405000000005,valid,,,forward_roic_floor_hit;reinvestment_cap_hit,,False,ok,True,bear,"Charles River Laboratories International, Inc.",Healthcare,Medical - Diagnostics & Research,general_dcf,11111813634.0,0.4019,0.06896517348144895,-0.1283123019166573,0.10255798256520285,-0.033592809083753894,0.14711536221006205,0.1264733965535533,0.0851571891397469,3.1298248040116294,0.017447533048918138,-0.011416162516314277,elevated_leverage;thin_interest_coverage;incremental_roic_below_wacc,8.0,2025.0,annual,2026-02-18,2026-07-02,True,,,,0.95,0.2037782932860453,0.5,1.0699999999999998,-1.0699999999999998,robust_return<=0; median_irr<=hurdle,False
317,RVTY,113.76,-0.4406566006087815,-0.3243158669909463,-0.95,-0.16399466845323335,0.0,0.12,1.0,0.95,1.0699999999999998,0.95,1.0699999999999998,-9.182849646448004,9.791513543386092,23.669897419201767,-9.182849646448004,23.669897419201767,False,,-0.9139283267986454,0.47439000000000003,1.0,0.4087709657733833,0.3116,-0.4443158669909463,0.47439000000000003,valid,,,reinvestment_cap_hit,,False,ok,True,bear,"Revvity, Inc.",Healthcare,Medical - Diagnostics & Research,general_dcf,12691065600.0,0.3116,0.03351006242660167,,0.0952645453001319,-0.06175448287353023,0.14712330139003132,0.12413524360987277,0.003966430835526502,3.219929778277822,0.01372364543928079,-0.0399360164596676,elevated_leverage;thin_interest_coverage,8.0,2025.0,ttm,2026-05-12,2026-07-02,True,,,,0.95,0.20438548288669164,0.5,1.0699999999999998,-1.0699999999999998,robust_return<=0; median_irr<=hurdle,False
318,CARR,70.07,-0.4444650828707381,-0.318933674984146,-0.95,-0.18999298151466062,0.0,0.12,1.0,0.95,1.0699999999999998,0.95,1.0699999999999998,-1.300161219846572,2.106378179480476,10.612632143635915,-1.300161219846572,10.612632143635915,False,,-0.9699389442060729,0.48729600000000006,1.0,0.3953846292426697,0.6046,-0.438933674984146,0.48729600000000006,valid,,,forward_roic_floor_hit;reinvestment_cap_hit,,False,ok,True,bear,Carrier Global Corporation,Industrials,Industrial - Machinery,general_dcf,58198770240.00001,0.6046,0.04691045978115132,-0.049360741584424696,0.0985145207417053,-0.051604060960553984,0.11922563929220478,0.07242798353909465,0.020139172074632672,3.9020905923344946,0.003746504142261622,-0.007173176923426783,elevated_leverage;thin_interest_coverage;incremental_roic_below_wacc,8.0,2025.0,ttm,2026-04-30,2026-07-02,True,,,,0.95,0.19769231462133485,0.5,1.0699999999999998,-1.0699999999999998,robust_return<=0; median_irr<=hurdle,False
319,XEL,81.96,-0.5428410021937452,-0.49547950871638013,-0.95,-0.23040499134222042,0.0,0.12,1.0,0.95,1.0699999999999998,0.95,1.0699999999999998,-20.320262983957903,-9.842986786543136,8.65272013657593,-20.320262983957903,8.65272013657593,False,,-1.120095007156456,0.67374,0.85,0.3740853043288898,0.506,-0.6154795087163801,0.5726789999999999,valid,,,reinvestment_cap_hit,,False,ok,True,bear,Xcel Energy Inc.,Utilities,Regulated Electric,general_dcf,51165133137.99999,0.506,0.0445849679950444,0.03392438942790231,0.07253449095070329,-0.02794952295565889,0.17608053511468033,0.19626423069057194,0.03490643646473668,5.788793826539171,0.0024551744661855516,0.024965677922967222,elevated_leverage;thin_interest_coverage;incremental_roic_below_wacc,8.0,2025.0,annual,2026-02-25,2026-07-02,True,,,,0.95,0.1870426521644449,0.5,1.0699999999999998,-1.0699999999999998,robust_return<=0; median_irr<=hurdle,False
320,CRM,166.11,-0.6003923249045329,-0.6582323153837933,-0.95,-0.13510466885054478,0.0,0.12,1.0,0.95,1.0699999999999998,0.95,1.0699999999999998,-30.859317281702936,-0.8095255752320667,52.09946855844936,-30.859317281702936,52.09946855844936,False,,-1.0048734307099636,0.54828,0.85,0.42549926557472756,0.1656,-0.7782323153837933,0.46603799999999995,valid,,,forward_roic_cap_hit,,False,ok,True,bear,"Salesforce, Inc.",Technology,Software - Application,general_dcf,136044089999.99998,0.1656,0.12198230527609223,1.3495777818937513,0.09009813701769151,0.03188416825840072,0.036566423432434825,0.21943075953209273,0.17684937422531677,2.2812998253739276,0.08399525003298589,-0.04403718618447794,heavy_sbc;peak_cycle_margins,8.0,2026.0,ttm,2026-05-28,2026-07-02,True,,,,0.95,0.21274963278736378,0.5,1.0699999999999998,-1.0699999999999998,robust_return<=0; median_irr<=hurdle,False
321,MCHP,84.64,-0.6045941021264297,-0.5813698816666146,-0.95,-0.3056366451724898,0.0,0.12,1.0,0.95,1.0699999999999998,0.95,1.0699999999999998,-6.767997672108538,-2.031766514703556,3.5665985122547785,-6.767997672108538,3.5665985122547785,False,,-1.0240048028674806,0.3852,1.0,0.3406256774137551,0.3807,-0.7013698816666146,0.3852,valid,,,reinvestment_cap_hit,,False,ok,True,bear,Microchip Technology Incorporated,Technology,Semiconductors,general_dcf,45881566560.0,0.3807,0.035691234785719554,,0.12492615240094325,-0.0892349176152237,0.15852737070229608,0.10398676030638009,-0.017931178829099226,4.489486179413261,0.04098509632860778,-0.005654256190469442,elevated_leverage;thin_interest_coverage;cyclical_revenue,8.0,2026.0,ttm,2026-05-21,2026-07-02,True,,,,0.95,0.17031283870687755,0.5,1.0699999999999998,-1.0699999999999998,robust_return<=0; median_irr<=hurdle,False
