ticker,scenario,probability,revenue_growth_y1,terminal_growth,operating_margin,forward_roic,terminal_roic,share_change_rate,sbc_fade_speed,reinvestment_rate_y1,intrinsic_value_per_share,irr_3y,irr_5y,exit_value_per_share,total_return_5y,irr_5y_status,scenario_is_finite
LLY,bear,0.25,0.16033491515329237,0.02,0.2428805385203756,0.3379177248520196,0.06993128297803479,0.0,0.5,0.3914205216093843,328.83652488077064,-0.33795270985574466,-0.1871269313211087,357.80749057385924,-0.6225921996572443,valid,True
LLY,base,0.5,0.25,0.025,0.2985125860686211,0.45055696646935944,0.4272246120713412,-0.020380951980774487,1.0,0.4549924099640822,730.9895105772845,-0.13645844501952525,-0.03770378028857516,931.212966880434,-0.1730153848211412,valid,True
LLY,bull,0.25,0.3217320678773661,0.030000000000000002,0.34692212159693625,0.4956126631162954,0.45055696646935944,-0.020380951980774487,1.5,0.5314344727307532,1132.9517926480812,-0.00425908633551441,0.058118730006390285,1488.3209580442044,0.3220493061364571,valid,True
JNJ,bear,0.25,0.007980583411957703,0.02,0.23401841038647997,0.10731159630223655,0.068289864286182,0.0,0.5,0.0967692876389514,107.42465632102216,-0.21022226825298274,-0.11375706019171045,112.93713149105243,-0.4260661682532949,valid,True
JNJ,base,0.5,0.04862344318554557,0.025,0.26112666111616145,0.14308212840298207,0.13927520215943695,-0.03026824132295984,1.0,0.3068080901396595,167.83931006069395,-0.08163793835556131,-0.02469930856605057,212.31164577090132,-0.11610068926578021,valid,True
JNJ,bull,0.25,0.08113773100441586,0.030000000000000002,0.2823243098714786,0.15739034124328027,0.14308212840298207,-0.03026824132295984,1.5,0.450537080251487,215.13066551777496,-0.0008144216466461959,0.031640108642750436,281.47450213829126,0.16653944613089045,valid,True
CAT,bear,0.25,-0.023871456182919096,0.02,0.1200004724823091,0.21963604921949026,0.11863215210187017,0.0,0.5,0.0,36.78558225228427,-0.642896336400372,-0.4483394828308519,34.73594043998343,-0.9183957917914916,valid,True
CAT,base,0.5,0.09199487618294255,0.025,0.15281852143765806,0.29284806562598703,0.24114078249202914,-0.04285880161522398,1.0,0.2683845658271595,122.22534887320808,-0.4635111461855558,-0.27970973353694717,159.86723197287532,-0.7794653539367121,valid,True
CAT,bull,0.25,0.18468794207563188,0.030000000000000002,0.17654081199703764,0.3221328721885858,0.27598396519685253,-0.04285880161522398,1.5,0.4772886188730707,215.08905384900987,-0.35926264532827185,-0.18846827187044252,301.67302106645275,-0.6271641992345128,valid,True
ABBV,bear,0.25,0.007410012452660986,0.02,0.21687186156600224,0.12867637359013256,0.06755000016875118,0.0,0.5,0.07715487843752933,71.94415635940351,-0.3112133435963188,-0.18370874123793327,75.2444637590653,-0.6070309116863588,valid,True
ABBV,base,0.5,0.09875588627854526,0.025,0.28007514501636444,0.17156849812017677,0.15563286423401837,-0.0029477909078928647,1.0,0.48962781596417726,177.30088045871773,-0.06352051053836473,-0.0051205593044869315,216.23506324255726,-0.02444584589234844,valid,True
ABBV,bull,0.25,0.17183258533925266,0.030000000000000002,0.33264117445900515,0.18872534793219448,0.17156849812017677,-0.0029477909078928647,1.5,0.7601844153067707,295.9204755168977,0.09883797127986328,0.10502704250975514,376.5811269468671,0.6316793776277105,valid,True
UNH,bear,0.25,-0.011545197296580358,0.02,0.06594814299140928,0.02,0.07213313309515614,0.0,0.5,0.0,261.45131385133556,-0.053761451938771604,-0.027521477003756414,313.5786255566755,-0.12024734747116084,valid,True
UNH,base,0.5,0.04679650229957161,0.025,0.08231835080659637,0.02,0.07213313309515614,-0.017260753028295404,1.0,1.2,309.80973717064467,0.018557865021284693,0.016568416406516948,497.5296976174289,0.08894378360621014,valid,True
UNH,bull,0.25,0.09346986197649318,0.030000000000000002,0.09427794138556603,0.022000000000000002,0.07213313309515614,-0.017260753028295404,1.5,1.2,429.5609674093124,0.11656452747411095,0.08148965338332345,676.5971978191686,0.49930588574426693,valid,True
HD,bear,0.25,-0.003534095191931881,0.02,0.1272576254798736,0.02568121679742428,0.08670776349932713,0.0,0.5,0.04566465271895197,111.94239312736187,-0.23743593510589556,-0.1438562085793819,139.59370630994403,-0.5062021914589441,valid,True
HD,base,0.5,0.04898224493067871,0.025,0.14279601693997807,0.0342416223965657,0.08670776349932713,-0.010835388298516288,1.0,1.2,115.48344862324468,-0.20520178179722276,-0.1103166102315299,205.00509566088172,-0.4552052039690325,valid,True
HD,bull,0.25,0.09099531702876718,0.030000000000000002,0.15539995025196598,0.03766578463622228,0.08670776349932713,-0.010835388298516288,1.5,1.2,147.68449845170758,-0.14519014898105523,-0.06839970113505839,268.72715944040783,-0.31042219384495573,valid,True
KO,bear,0.25,-0.034653792627647104,0.02,0.23257645725604462,0.2011949205691302,0.06746028514258781,0.0,0.5,0.0,23.286066578944347,-0.3088316046691034,-0.18711822240147735,23.129213104591003,-0.6096074286207648,valid,True
KO,base,0.5,0.03319762756815581,0.025,0.2667444120505345,0.2682598940921736,0.25018792928671085,-0.003584339997526375,1.0,0.11764003024500316,47.83572788525348,-0.11121802101843056,-0.045250119420234075,55.70280850542909,-0.19698771457255237,valid,True
KO,bull,0.25,0.08747876372479813,0.030000000000000002,0.29331015110158415,0.295085883501391,0.2682598940921736,-0.003584339997526375,1.5,0.25749456422059014,69.59784832765183,0.0027347543276846683,0.034790185041492845,84.66675870175378,0.1781632679907854,valid,True
PG,bear,0.25,-0.006676378157120771,0.02,0.17742734359882212,0.1610544452271452,0.06765519600886985,0.0,0.5,0.0,67.56764262099381,-0.18865460028173403,-0.09964543971582315,68.15756376839953,-0.3777108555947275,valid,True
PG,base,0.5,0.03444302939488186,0.025,0.22124866058976383,0.21473926030286028,0.20161936176783635,-0.01798754545093762,1.0,0.1515997748618112,127.07197651068834,0.014330634969519475,0.03581045803730379,154.51027461161365,0.18424455317830102,valid,True
PG,bull,0.25,0.06733855543648397,0.030000000000000002,0.25879094059316804,0.23621318633314634,0.21473926030286028,-0.01798754545093762,1.5,0.25346105896369203,181.18044841735824,0.1434411439578981,0.11953496656497012,229.10987962600606,0.7260745523722361,valid,True
MRK,bear,0.25,-0.034350394976303586,0.02,0.1669990722498313,0.22318928632325638,0.0670218520126053,0.0,0.5,0.0,35.884143362251585,-0.3184386698005255,-0.19428150970197738,34.342109534654966,-0.6188549019577224,valid,True
MRK,base,0.5,0.04562256990180247,0.025,0.24108456958368574,0.2975857150976752,0.2502278976200018,-0.011480249681390546,1.0,0.13944908581321272,104.76283218231809,-0.008739119704114246,0.023072171752573943,125.6588080476856,0.11504033031192384,valid,True
MRK,bull,0.25,0.10960094180428731,0.030000000000000002,0.30412598278491154,0.3273442866074427,0.29634067023701577,-0.011480249681390546,1.5,0.2861841714554607,184.35467715580108,0.19293653704226016,0.15487981896731076,231.76509898826325,1.0014614020012935,valid,True
DELL,bear,0.25,0.00014760723910121898,0.02,0.03364605021821081,0.44999999999999996,0.10741569662479863,0.0,0.5,0.009151301758402168,31.73563466833859,-0.5726161081285681,-0.38581849997135576,26.51974652527831,-0.8724005405792276,valid,True
DELL,base,0.5,0.09728557444001784,0.025,0.05122543748972912,0.6,0.4510425066593391,-0.048816532075352886,1.0,0.13804743258669047,95.86613008786689,-0.3691797505656724,-0.21613979506655592,121.14960798372233,-0.6962663996701975,valid,True
DELL,bull,0.25,0.17499594820075115,0.030000000000000002,0.06571285735436738,0.6,0.5495593673343793,-0.048816532075352886,1.5,0.24332793093433489,169.14281941708848,-0.22923557101457842,-0.1021491601830348,236.15546205223558,-0.41138895461738323,valid,True
PM,bear,0.25,0.013365335042215105,0.02,0.3321265371633962,0.11126893939563225,0.06623266348606872,0.0023186132197321463,0.5,0.13204285143342362,79.74579152500561,-0.1996841995569411,-0.10498523004353041,84.50195589360864,-0.40006227569109587,valid,True
PM,base,0.5,0.057983476540497736,0.025,0.375011668771804,0.148358585860843,0.1465764533453104,0.0023186132197321463,1.0,0.3463687722165122,143.03313737782793,-0.021021994983311715,0.015849312199861774,168.56173756215318,0.07769981152376881,valid,True
PM,bull,0.25,0.09367798973912383,0.030000000000000002,0.4110509623667825,0.1631944444469273,0.148358585860843,0.0023186132197321463,1.5,0.4959874220327547,194.4498937996836,0.07940528315957635,0.08260814487002789,237.10382246237683,0.4660510557330302,valid,True
IBM,bear,0.25,-0.0705277423070797,0.02,0.11514793293154205,0.11268199062178544,0.07314097317832458,0.008501619258711481,0.5,0.0,32.338353642850905,-0.4872996225545648,-0.3329030962209799,29.442995417513423,-0.8324939350616308,valid,True
IBM,base,0.5,0.021626816787626624,0.025,0.1439620828678379,0.15024265416238058,0.13146068467466454,0.008501619258711481,1.0,0.14843623173748074,103.81128809858282,-0.23933682655333538,-0.1328887033276259,117.54952726297431,-0.488007234022269,valid,True
IBM,bull,0.25,0.09535046406339168,0.030000000000000002,0.1653564270531254,0.16526691957861867,0.14688102087147575,0.008501619258711481,1.5,0.49786352562571956,176.8600051803242,-0.09850788254989307,-0.028523228305857604,216.16953244379783,-0.13064719447409556,valid,True
RTX,bear,0.25,-0.005320989040267371,0.02,0.04757202883129661,0.06072667824713421,0.06698560705613461,0.0,0.5,0.0,17.178094469426387,-0.5430344218417302,-0.36911673461727335,16.32544986528688,-0.870779697647514,valid,True
RTX,base,0.5,0.11252355356855093,0.025,0.0815182999861138,0.08096890432951227,0.0732683025210632,-0.0301398143683874,1.0,1.1735226460290316,56.2444136272676,-0.2912176703044679,-0.15449741043848914,78.64935050699167,-0.5734200451727605,valid,True
RTX,bull,0.25,0.20679918765560557,0.030000000000000002,0.10750797747078636,0.08906579476246351,0.07606496197573873,-0.0301398143683874,1.5,1.2,112.70070555906482,-0.12706727770273568,-0.032794936728896544,159.94461240188681,-0.1571660981032521,valid,True
APH,bear,0.25,0.141889855032334,0.02,0.1772337593336251,0.25469047394307404,0.10365022539962652,0.011822053265896606,0.5,0.46139096687272385,26.252652154016552,-0.4436342343717115,-0.2646346871741114,30.03245871851107,-0.7610097855481839,valid,True
APH,base,0.5,0.25,0.025,0.20659165612487077,0.33958729859076536,0.30716954473430286,0.011822053265896606,1.0,0.6036739325961784,52.752033976827335,-0.29960976507863957,-0.1464925857872003,66.32399814804893,-0.5301985431534197,valid,True
APH,bull,0.25,0.3364881159741328,0.030000000000000002,0.22859282404150982,0.3735460284498419,0.33958729859076536,0.011822053265896606,1.5,0.7366976806614812,78.51493378974732,-0.20910262328688983,-0.07254696711897848,102.44149511081554,-0.30468857367325963,valid,True
ANET,bear,0.25,0.16166151608868118,0.02,0.2672687626081644,0.44999999999999996,0.12535000000000002,0.0,0.5,0.29628713971321097,31.81662979767252,-0.40146951746428367,-0.23648410417663396,34.67082649765069,-0.7110719116568509,valid,True
ANET,base,0.5,0.25,0.025,0.34139911629930414,0.6,0.56288237,0.0,1.0,0.34166666666666673,49.1955499166932,-0.3037421840184834,-0.1501651619910262,59.763648544596286,-0.5313884286310421,valid,True
ANET,bull,0.25,0.32067078712905506,0.030000000000000002,0.4064038716117635,0.6,0.6,0.0,1.5,0.43756104950540675,65.520912458615,-0.23075884859717904,-0.09099239141505674,84.0009107626722,-0.3610633203842609,valid,True
MCD,bear,0.25,-0.013855081018480375,0.02,0.3852957296361282,0.11167183246961843,0.065,0.0,0.5,0.0,104.89853835734895,-0.22979153417109044,-0.1283632327016675,107.57797861807504,-0.4617567875182197,valid,True
MCD,base,0.5,0.050292916118078956,0.025,0.43523389640373805,0.1488957766261579,0.14382008214027536,-0.013604513861188163,1.0,0.3037986296148337,220.6481680661979,-0.006560462521156269,0.0257050025800709,264.61878172037115,0.12825489482902186,valid,True
MCD,bull,0.25,0.10161131382732641,0.030000000000000002,0.47469380711542797,0.16378535428877372,0.1488957766261579,-0.013604513861188163,1.5,0.5329478416486483,323.44932293649566,0.11888514873571697,0.10920927647675857,404.9186584360598,0.6526315721352238,valid,True
TMO,bear,0.25,-0.023797865923887634,0.02,0.13910636345584054,0.02,0.08197723692338446,0.0,0.5,0.0,60.800315720313556,-0.4363420121153466,-0.3073516300850314,75.84773605148402,-0.8013646482561197,valid,True
TMO,base,0.5,0.08432740413731987,0.025,0.18034227974651323,0.02,0.08197723692338446,-0.019773375805997324,1.0,1.2,96.5402429074386,-0.2978668654497597,-0.18026088840415466,222.81590949812247,-0.6608419773698035,valid,True
TMO,bull,0.25,0.1708276201862859,0.030000000000000002,0.20898579635388567,0.022000000000000002,0.08197723692338446,-0.019773375805997324,1.5,1.2,198.60140250158616,-0.16635869814490428,-0.07971550912552625,383.8214752211419,-0.3568579155658206,valid,True
GLW,bear,0.25,-0.07318212341633065,0.02,0.06861186994041363,0.05995592941029852,0.1003852155704385,0.0008920564778011669,0.5,0.0,1.2132847403735225,-0.8371767433091009,-0.69252858990003,0.31356180773050174,-0.9858957752892796,valid,True
GLW,base,0.5,0.1041293110876832,0.025,0.10744085629756046,0.07994123921373136,0.1003852155704385,0.0008920564778011669,1.0,1.1046044537045259,8.179167028676702,-0.6310662779142149,-0.4227341582009103,14.856487940770375,-0.9370466469406693,valid,True
GLW,bull,0.25,0.24597845869089427,0.030000000000000002,0.13185557737382658,0.08793536313510451,0.1003852155704385,0.0008920564778011669,1.5,1.2,18.377037305030818,-0.538981417575269,-0.32743465924286297,33.67437480344739,-0.870084522089932,valid,True
VZ,bear,0.25,-0.032068003601831124,0.02,0.19836943258862164,0.02,0.065,0.0004755112461742872,0.5,0.0,25.28137737817838,-0.03385297241620716,-0.02797212358564136,30.502336021151528,-0.1152111480646354,valid,True
VZ,base,0.5,0.020974613456683833,0.025,0.22817686263697068,0.02,0.065,0.0004755112461742872,1.0,1.0889845382673533,26.516787036021906,0.01900694498326632,0.002458683052100269,58.10619584834212,0.013999003369143281,valid,True
VZ,bull,0.25,0.0634087071034958,0.030000000000000002,0.24636780860847157,0.022000000000000002,0.065,0.0004755112461742872,1.5,1.2,42.43307778717983,0.13222945274319506,0.0797928295680322,82.55773967358867,0.537179564814616,valid,True
DE,bear,0.25,-0.0899161834490515,0.02,0.12893263297566876,0.03253888199751247,0.08436962795140569,0.0,0.5,0.0,-34.25772097456359,-0.8752692821562958,-0.95,0.0,-0.9947286856625953,below_lower_bound,True
DE,base,0.5,0.05893376292705099,0.025,0.1770399089665699,0.04338517599668329,0.08436962795140569,-0.041152078535600746,1.0,1.2,49.781590424555915,-0.44015317541197874,-0.26296687875292246,159.82209287713636,-0.8267484941312134,valid,True
DE,bull,0.25,0.17801372002793298,0.030000000000000002,0.20941276304806716,0.047723693596351625,0.08436962795140569,-0.041152078535600746,1.5,1.2,186.43841449688182,-0.24671778842166525,-0.11632975563552461,400.25431243241707,-0.49504603610482734,valid,True
TJX,bear,0.25,-0.03855582666337831,0.02,0.08204816938969176,0.2524993190449619,0.07333659360649003,0.0,0.5,0.0,37.00047649339969,-0.3460058027470949,-0.2141518082411494,35.89836433986962,-0.6617183056324165,valid,True
TJX,base,0.5,0.06577316469110916,0.025,0.1063916885959994,0.33666575872661586,0.3143617784409412,-0.01786743682087061,1.0,0.17114461527308322,87.68594392420397,-0.12159913358045736,-0.047273556998698014,107.63005972421057,-0.20970426846712031,valid,True
TJX,bull,0.25,0.14923635777469915,0.030000000000000002,0.12778762606975488,0.3703323345992775,0.33666575872661586,-0.01786743682087061,1.5,0.3385853043468054,145.32888028189993,0.036714208236662695,0.06556471256772058,187.9580492155219,0.363458362406365,valid,True
DIS,bear,0.25,-0.049998515385433095,0.02,0.06647152086838154,0.24130846136906356,0.09955348372819592,0.0,0.5,0.0,5.606305651554736,-0.6077057437505571,-0.42405336377269115,2.6318270885048256,-0.860789925044338,valid,True
DIS,base,0.5,0.07150349749710982,0.025,0.11577769258226561,0.3217446151587514,0.19347367498389173,-0.018368826347361897,1.0,0.19332972508956053,44.92044790730971,-0.15339722239878026,-0.053652007994241975,53.50365640680199,-0.21892639176278406,valid,True
DIS,bull,0.25,0.16870510780314416,0.030000000000000002,0.15332142961825443,0.3539190766746266,0.23791190127000283,-0.018368826347361897,1.5,0.3982946824087412,94.1205126426404,0.0723113404470496,0.10590159881976435,121.76005094381775,0.5946936637573419,valid,True
UNP,bear,0.25,-0.03568449814191012,0.02,0.35293012037642796,0.0842089569589988,0.08569052613301119,0.0,0.5,0.0,72.07758437110527,-0.30415655210672404,-0.18224692826624955,73.76246042083244,-0.5861181097827386,valid,True
UNP,base,0.5,0.03631424104540959,0.025,0.39960472465419883,0.11227860927866506,0.10840206675602873,-0.0165656401599229,1.0,0.3032758693315775,117.37578950883521,-0.17948752241500188,-0.08290706291736565,142.05498169615336,-0.3303489097208503,valid,True
UNP,bull,0.25,0.09391323239526536,0.030000000000000002,0.4315459027339694,0.12350647020653158,0.11227860927866506,-0.0165656401599229,1.5,0.6568934063174429,156.62866356752156,-0.10121546725567894,-0.022480071059544544,207.64869161101703,-0.10352467036660395,valid,True
ABT,bear,0.25,0.008464063865997018,0.02,0.12984996711825,0.02,0.07148014613387288,0.0,0.5,0.5385625546398807,19.20712344804805,-0.326190121693071,-0.2098013304406777,28.616647221872228,-0.6851581533363389,valid,True
ABT,base,0.5,0.09101354409292095,0.025,0.16156574496594517,0.02,0.07148014613387288,-0.007790446674773997,1.0,1.2,30.79277332675555,-0.20791841798927627,-0.11851662660483267,55.02661521530989,-0.48714340886700325,valid,True
ABT,bull,0.25,0.1570531282744601,0.030000000000000002,0.18434855277447323,0.022000000000000002,0.07148014613387288,-0.007790446674773997,1.5,1.2,49.03332269532424,-0.10453658417100083,-0.04209445051383224,82.20239944337098,-0.2017175361380915,valid,True
T,bear,0.25,-0.11914939171197621,0.02,0.1163794602149286,0.056573381107568724,0.06905047201349696,0.0,0.5,0.0,-2.843809105089393,,-0.95,0.0,-1.0161494141327265,below_lower_bound,True
T,base,0.5,-0.0031745707925373012,0.025,0.17997454287874726,0.07543117481009164,0.07239396027891257,-0.02523493375363184,1.0,0.03261706280147979,17.179513565670636,0.00845033596269789,0.026888840412721063,19.792129688175372,0.12950158318171012,valid,True
T,bull,0.25,0.08960528594301383,0.030000000000000002,0.22801982503784218,0.0829742922911008,0.0736701008382315,-0.02523493375363184,1.5,0.936244547671097,35.086679410255485,0.2480133259203285,0.18319765226915483,49.491293639258174,1.3951692559681925,valid,True
DHR,bear,0.25,-0.10546250807878021,0.02,0.16243109192412702,0.02,0.08209885884168135,0.0,0.5,0.0,25.55317816884163,-0.4386710254009812,-0.3068743650452233,26.106921691188276,-0.7995776018991771,valid,True
DHR,base,0.5,0.04707754720112933,0.025,0.2131120096631041,0.02,0.08209885884168135,-0.014071055904947958,1.0,1.2,39.52202512716445,-0.3014266990241594,-0.18730138565588272,75.52090729091528,-0.6638268936826064,valid,True
DHR,bull,0.25,0.16910959142505697,0.030000000000000002,0.24380088977558537,0.022000000000000002,0.08209885884168135,-0.014071055904947958,1.5,1.2,76.58370774531146,-0.17357952736783774,-0.08593001755943984,134.0430807043721,-0.3730895006036179,valid,True
PFE,bear,0.25,-0.23730429109278905,0.02,0.18290165337522338,0.02,0.065,0.0,0.5,0.0,5.1216417546955855,-0.3089758477173745,-0.25795236497651775,4.659580926214356,-0.7091328858164874,valid,True
PFE,base,0.5,0.00941093950150007,0.025,0.251237204699979,0.02,0.065,-0.00416089751130079,1.0,0.6264375800600028,22.9753781544961,0.10157577963545922,0.05881943022832277,33.80760966686415,0.3307767078475581,valid,True
PFE,bull,0.25,0.20678312397693138,0.030000000000000002,0.30476985992381195,0.022000000000000002,0.065,-0.00416089751130079,1.5,1.2,53.29085980021277,0.3768885361030697,0.2401785635389388,81.46900998660584,2.0922142514307476,valid,True
CVS,bear,0.25,-0.03756657169885691,0.02,0.02189348331170021,0.02,0.07060392962407483,0.0,0.5,0.0,-0.5134311629388961,-0.6441232497338205,-0.95,3.8550084863922573,-0.9861175024337321,below_lower_bound,True
CVS,base,0.5,0.06506514367872762,0.025,0.032120665582538864,0.02,0.07060392962407483,-0.017706281981135656,1.0,1.2,26.88122877447911,-0.21261457008076828,-0.13028042568475934,74.07978515671451,-0.5654729257264808,valid,True
CVS,bull,0.25,0.14717051598079525,0.030000000000000002,0.03986700824711013,0.022000000000000002,0.07060392962407483,-0.017706281981135656,1.5,1.2,81.38055714618261,0.019690907176118367,0.030238322017248746,154.90680097579454,0.17937309742597396,valid,True
CRM,bear,0.25,0.002743933155812117,0.02,-0.009801875406147999,0.44999999999999996,0.0894404962220759,0.0,0.5,0.013766992276999322,-30.886585047988792,,-0.95,0.0,-1.0083351148821522,below_lower_bound,True
CRM,base,0.5,0.1351314515343085,0.025,0.036566423432434825,0.6,0.17455076550185583,-0.05,1.0,0.18850860204574466,-0.5222150728762218,-0.8416007260791957,-0.6528674842935285,0.0,-0.9504822929040402,valid,True
CRM,bull,0.25,0.2410414662371056,0.030000000000000002,0.07781560582259395,0.6,0.2766626662574406,-0.05,1.5,0.33138862164947414,53.044472407468376,-0.2817220614175312,-0.12171060304681301,66.91951175859305,-0.4517821373278039,valid,True
LOW,bear,0.25,-0.03193768489397876,0.02,0.10294884992690792,0.02,0.07679478815196755,0.0,0.5,0.0,68.98950198461405,-0.2320836382627021,-0.1538988247804809,80.63917260132727,-0.517182089198847,valid,True
LOW,base,0.5,0.02961743997612698,0.025,0.1211524623855642,0.02,0.07679478815196755,-0.040900143180722735,1.0,1.2,66.80613927004732,-0.18188480167591475,-0.11178540289110966,147.83449570706742,-0.47600237114035693,valid,True
LOW,bull,0.25,0.07886153987221158,0.030000000000000002,0.13678643111702266,0.022000000000000002,0.07679478815196755,-0.040900143180722735,1.5,1.2,112.81810790747542,-0.07447470583138055,-0.034604199070599834,218.54806026660506,-0.17191099749281513,valid,True
PH,bear,0.25,-0.006854484898586338,0.02,0.13931059868426174,0.11408147717613654,0.09776087916812656,0.0,0.5,0.0,119.86822101750738,-0.4730019057584285,-0.306381730139401,120.05920098660299,-0.8011738546967382,valid,True
PH,base,0.5,0.06446448198513666,0.025,0.16818159133227,0.15210863623484872,0.1407064768022504,-0.007366233909929095,1.0,0.3719156715123355,201.97691865372192,-0.3675416403966665,-0.21399068378377703,253.8288506807351,-0.6848465418309325,valid,True
PH,bull,0.25,0.12151965549211505,0.030000000000000002,0.1892371854310677,0.1673194998583336,0.15157602821559485,-0.007366233909929095,1.5,0.6168780356209702,283.03394666866393,-0.2898867291638453,-0.14934633616430798,384.6523776872956,-0.5456792096165397,valid,True
LMT,bear,0.25,0.012869074293851583,0.02,0.1114668473425531,0.02,0.06701379135245762,0.0,0.5,0.7147629717540633,306.839970028822,-0.06410487839311824,-0.03364232690364585,429.08901507386304,-0.15583708425783138,valid,True
LMT,base,0.5,0.05509796001129752,0.025,0.129345407397142,0.02,0.06701379135245762,-0.04662209959362273,1.0,1.2,377.67444358132997,0.006546445125422934,0.01046764700731731,598.2891186751822,0.05582250409430323,valid,True
LMT,bull,0.25,0.08888106858525427,0.030000000000000002,0.1446086033141607,0.022000000000000002,0.06701379135245762,-0.04662209959362273,1.5,1.2,493.61038903051,0.0848964724864345,0.06275087176181844,766.8876489690575,0.3720642639337517,valid,True
SYK,bear,0.25,0.026621205165368228,0.02,0.187699863821258,0.08079290931416785,0.08038997293358557,0.0016593764171809896,0.5,0.3131087164335906,103.94009907376257,-0.26154124021704767,-0.14565446345659433,117.91806959033435,-0.5186703452915572,valid,True
SYK,base,0.5,0.08978645538763264,0.025,0.2154756628818411,0.10772387908555714,0.10277917546266549,0.0016593764171809896,1.0,0.7132045834432528,156.01265443566726,-0.15441501741006497,-0.0632756205537589,197.51174350604458,-0.2707272425986559,valid,True
SYK,bull,0.25,0.14031865556544415,0.030000000000000002,0.23417239488689787,0.11849626699411286,0.10772387908555714,0.0016593764171809896,1.5,0.9979632899172297,203.28662927758717,-0.08206686956109475,-0.009234016107802716,272.51719702742093,-0.04480531613624161,valid,True
VRT,bear,0.25,0.12215554895723502,0.02,0.02362653028224196,0.44999999999999996,0.14,0.01049802111249274,0.5,0.22605430925730674,2.7000603031355817,-0.8559863464401132,-0.6583320216785068,0.8586238228895108,-0.9839264102630642,valid,True
VRT,base,0.5,0.2441396152708203,0.025,0.06545753986066255,0.6,0.3378,0.01049802111249274,1.0,0.33385282036109376,14.754590983979444,-0.6351857508401733,-0.4247738346828555,16.645709195574806,-0.9208628980896428,valid,True
VRT,bull,0.25,0.3417268683216885,0.030000000000000002,0.10071006668308657,0.6,0.4298,0.01049802111249274,1.5,0.4656358244289181,30.301137856824273,-0.528868379976484,-0.3211388727533633,38.8218367547965,-0.8380065438230002,valid,True
MO,bear,0.25,-0.02368945819259438,0.02,0.4653839144253422,0.34480634391338827,0.0655189938936029,0.0,0.5,0.0,54.91664548212606,-0.029563748964574157,0.006915821507573156,55.3203549096323,0.03127124591292074,valid,True
MO,base,0.5,0.012302546723235275,0.025,0.5487126521180992,0.4597417918845177,0.443066167529502,-0.024816219778510784,1.0,0.032283420042692974,109.64981969583317,0.24554232803639028,0.17455113917822018,136.5380107595462,1.1465107589880557,valid,True
MO,bull,0.25,0.041096150655899,0.030000000000000002,0.6203291182513954,0.5057159710729695,0.4597417918845177,-0.024816219778510784,1.5,0.07687501037832493,154.10255373890456,0.39590197623474527,0.2645432455115952,198.15936537716067,2.0632974886340074,valid,True
BMY,bear,0.25,-0.06343542256066922,0.02,0.15876134087871224,0.14263413933919417,0.065,0.0,0.5,0.0,26.644554214204494,-0.17974567530909552,-0.10133974545169619,25.213321576051708,-0.3726302703381209,valid,True
BMY,base,0.5,0.05010290967340442,0.025,0.20325958745177736,0.1901788524522589,0.17550789094485417,-0.020904329366217382,1.0,0.237052265051608,77.14627681178352,0.17568842263426634,0.1375943828257733,89.86006004333628,0.8246331689316777,valid,True
BMY,bull,0.25,0.14093357546066332,0.030000000000000002,0.24113563666566357,0.2091967376974848,0.1901788524522589,-0.020904329366217382,1.5,0.5676324672913786,136.1548366470935,0.3977362466277554,0.2761845472268759,168.64833508314766,2.2330300212865892,valid,True
NOW,bear,0.25,0.15247939017917705,0.02,0.01387778466145305,0.13123120506158048,0.09017315167262334,0.0,0.5,0.9600118514816933,10.266411900384265,-0.5536751070176249,-0.3231013867014554,12.543798780429096,-0.8502879186538792,valid,True
NOW,base,0.5,0.24242379647615608,0.025,0.04650028597992858,0.1749749400821073,0.12072723603656041,0.0,1.0,1.1369573099300527,26.93728251175452,-0.38648813712643454,-0.16636389708728525,35.764683394435785,-0.5919751038811983,valid,True
NOW,bull,0.25,0.3143793215137393,0.030000000000000002,0.07396334806750113,0.19247243409031803,0.1376875937184572,0.0,1.5,1.2,40.722291256675476,-0.25710690261912517,-0.09135845846612933,55.519948691030955,-0.37774328630634413,valid,True
SO,bear,0.25,-0.1074488034880614,0.02,0.1643786935354301,0.09758864066489766,0.07023473698617856,0.012912766370644233,0.5,0.0,-25.172121944876658,,-0.95,0.0,-1.0798698102320556,below_lower_bound,True
SO,base,0.5,0.057635756829636176,0.025,0.23522993198402714,0.13011818755319687,0.09038551810198023,0.012912766370644233,1.0,0.3927860234205457,27.349631613212274,-0.314940300321905,-0.17128278755117213,38.12366426700993,-0.6208381363000424,valid,True
SO,bull,0.25,0.18970340508379424,0.030000000000000002,0.2791414624721535,0.14313000630851658,0.10236220821538389,0.012912766370644233,1.5,1.1022337533261755,92.17698787908435,-0.005101015663240077,0.048808196908794364,128.3657420223795,0.28734612356357947,valid,True
PWR,bear,0.25,0.016241466476080157,0.02,0.04357909036795225,0.08213268446821698,0.10220133675885143,0.007395924916090896,0.5,0.20689903527310133,25.429197503713542,-0.6404254839140774,-0.4458717976049228,30.112444240929797,-0.9320496643674899,valid,True
PWR,base,0.5,0.19486590780109203,0.025,0.05513084108909788,0.10951024595762264,0.10427487429854282,0.007395924916090896,1.0,1.2,62.08155392465087,-0.5087681027172949,-0.3052051326543733,106.1010714853846,-0.8432890504851496,valid,True
PWR,bull,0.25,0.33776546086110154,0.030000000000000002,0.05993209597308893,0.12046127055338492,0.10573665613829707,0.007395924916090896,1.5,1.2,113.34826280184551,-0.42556553494141547,-0.22493522942968405,190.6343500300822,-0.7293089958535885,valid,True
MDT,bear,0.25,-0.014905665945525975,0.02,0.14572461122981864,0.17203857759515237,0.06963625067206043,0.0,0.5,0.0,36.910811527357744,-0.1773474244982935,-0.09117944911122317,37.26947184359898,-0.3485809437679144,valid,True
MDT,base,0.5,0.05188873190060428,0.025,0.1766071776228682,0.22938477012686984,0.1704854910038816,-0.01584200151505247,1.0,0.2027640522723404,76.16360331856197,0.05610372952651236,0.06674142089323143,93.60826887444621,0.36218858875241455,valid,True
MDT,bull,0.25,0.10532425017750849,0.030000000000000002,0.195073376393142,0.25232324713955684,0.20243519489484346,-0.01584200151505247,1.5,0.35771337427377603,112.08660416580986,0.19699063923908405,0.15881624136818573,144.20159726738854,1.0405162704509308,valid,True
GD,bear,0.25,0.00339010075395578,0.02,0.09380750359228725,0.16881354533524204,0.06825504163615222,0.0,0.5,0.03976032012025631,218.0289145559863,-0.10235990717774256,-0.03984286286868152,224.92442779051896,-0.168528089205623,valid,True
GD,base,0.5,0.059790744548911534,0.025,0.10753809667743043,0.22508472711365604,0.20432047675643455,-0.00702523698423972,1.0,0.23472314766364188,381.2144324294428,0.08978604645817542,0.08614484961581187,451.99153134019457,0.4786939618146786,valid,True
GD,bull,0.25,0.10491125958487614,0.030000000000000002,0.1175199117123984,0.24759319982502168,0.225084727113656,-0.00702523698423972,1.5,0.36321275273898984,520.5839670303236,0.20440876847133044,0.16048776685202037,641.8031308693087,1.038939296840835,valid,True
CMI,bear,0.25,-0.012617757077552957,0.02,0.09160753680632082,0.10674176971650706,0.10215525926736352,0.0,0.5,0.0,135.03487041609304,-0.3846401231574417,-0.2384097083726373,138.2526708591777,-0.7009466536465574,valid,True
CMI,base,0.5,0.08297656945117604,0.025,0.11359188026109883,0.14232235962200943,0.13470667739476855,-0.008266792915946009,1.0,0.501546318867398,220.36633284978922,-0.2710318652316345,-0.14111368825833775,284.37842950287455,-0.5187363123899432,valid,True
CMI,bull,0.25,0.15945203067415925,0.030000000000000002,0.1306417924373347,0.1565545955842104,0.14232235962200943,-0.008266792915946009,1.5,0.8531312928944643,312.53282007578906,-0.18126940252113846,-0.06840122817520747,439.595889908128,-0.29332438592750243,valid,True
ELV,bear,0.25,-0.012810033943657644,0.02,0.048643848601505314,0.02,0.06989938394689472,0.0,0.5,0.0,452.8294710010512,0.1607921152433847,0.10765874106436972,515.7960416997012,0.5829089214160661,valid,True
ELV,base,0.5,0.04920276876745372,0.025,0.05862056864328994,0.02,0.06989938394689472,-0.035008782381550876,1.0,1.2,503.94224964448586,0.206034278756124,0.12581660187570387,749.2087688711078,0.8345154566391282,valid,True
ELV,bull,0.25,0.09881301093634282,0.030000000000000002,0.06627151762415204,0.022000000000000002,0.06989938394689472,-0.035008782381550876,1.5,1.2,662.4088733470079,0.3046184864069802,0.18759999534522653,983.2607511563724,1.4118828210429397,valid,True
WM,bear,0.25,-0.0016274667738633564,0.02,0.15769603269636873,0.0794953685604181,0.06521175768929442,0.0,0.5,0.03393941848145228,65.87028716410447,-0.2961353460734244,-0.17455379409366287,70.66760496997554,-0.5845043897209437,valid,True
WM,base,0.5,0.06329040729434099,0.025,0.18049160262802283,0.10599382474722413,0.09848176799515349,-0.009871320735990239,1.0,0.5248638396448633,127.73998384860774,-0.11918193394085388,-0.0443149674509186,159.27965049002017,-0.19720373033609984,valid,True
WM,bull,0.25,0.11522470654890446,0.030000000000000002,0.19559281553964433,0.11659320722194655,0.10599382474722413,-0.009871320735990239,1.5,0.8420710569547059,186.55267654976683,-0.00943795564235185,0.03227902752987577,244.39735481163666,0.17064844089508924,valid,True
MCK,bear,0.25,0.06758181050757642,0.02,0.011657262852150418,0.44999999999999996,0.06787549813531674,0.0,0.5,0.129034329791247,530.1847266424687,-0.07294673242431597,-0.011603418171580386,549.2997846578345,-0.05167685480213047,valid,True
MCK,base,0.5,0.11060884945006477,0.025,0.01369892604062704,0.6,0.5782893203239208,-0.04797506777090055,1.0,0.15581179926675304,1000.8972952142173,0.16709150915703502,0.14154556495486764,1347.7817857624425,0.913921858243872,valid,True
MCK,bull,0.25,0.14503048060405546,0.030000000000000002,0.01545126791112562,0.6,0.5999999999999999,-0.04797506777090055,1.5,0.20337397413874064,1382.4826075418687,0.30338087780401124,0.22701187646889598,1922.6552781395112,1.7252964842018366,valid,True
WMB,bear,0.25,-0.17597254028711373,0.02,0.18718037270126264,0.09948106720061706,0.0722188394560827,0.0,0.5,0.0,-11.020766106997437,,-0.95,0.0,-1.0275299992581144,below_lower_bound,True
WMB,base,0.5,0.05791031536585545,0.025,0.28025475539685774,0.13264142293415607,0.09250270072967193,0.0,1.0,0.386970006482545,12.204878717222194,-0.42053828854695907,-0.24792760276468462,16.847153900100707,-0.7544936372247049,valid,True
WMB,bull,0.25,0.2450165998882308,0.030000000000000002,0.3411993316599801,0.1459055652275717,0.10458721742528661,0.0,1.5,1.2,44.892844647685365,-0.13465245753759514,-0.022815229499246897,67.16540343469174,-0.11345852888661201,valid,True
HCA,bear,0.25,0.007783915876492589,0.02,0.13290040944934264,0.15807047389138412,0.08168439672832291,0.0,0.5,0.06469982944582997,239.42686119826197,-0.07400596735242286,-0.008438956807367474,255.35406817329198,-0.0360815996517907,valid,True
HCA,base,0.5,0.05411590437471314,0.025,0.1487826149175951,0.21076063185517882,0.20665600757814478,-0.05,1.0,0.2291354086134747,458.00904514274464,0.15331822577863935,0.13641062724345832,560.2696696206766,0.7939664175044803,valid,True
HCA,bull,0.25,0.09118149517328958,0.030000000000000002,0.1617233880889267,0.23183669504069673,0.2107606318551788,-0.05,1.5,0.3405207106009408,631.5120112379656,0.2739800325303804,0.2126082465256332,801.2499635143921,1.452747252473137,valid,True
FCX,bear,0.25,-0.10569854728559999,0.02,0.18870942031505977,0.02,0.10441159755300561,0.0,0.5,0.0,10.696126805533902,-0.38184457991737863,-0.2605645538889802,10.855236208835901,-0.7214641728269642,valid,True
FCX,base,0.5,0.08357934566807701,0.025,0.26877164318609914,0.02,0.10441159755300561,-0.003055794254690854,1.0,1.2,16.98994756497102,-0.2158851051004603,-0.12617072672583157,35.783207479502146,-0.5064817660826535,valid,True
FCX,bull,0.25,0.2350016600310186,0.030000000000000002,0.3316593580575468,0.022000000000000002,0.10441159755300561,-0.003055794254690854,1.5,1.2,37.136598142206566,-0.03945791069418188,0.004922618740238279,71.65420839037208,0.0258246330024694,valid,True
SHW,bear,0.25,-0.004348579985429868,0.02,0.12215160214058338,0.12838641661526332,0.09350581822642408,0.0,0.5,0.004059121092364457,46.91005998821577,-0.44638079405995085,-0.2814021965605206,48.480655426419546,-0.7641649125977246,valid,True
SHW,base,0.5,0.04683422503916579,0.025,0.145467137345766,0.1711818888203511,0.158520689313541,-0.019224627757808806,1.0,0.2480833709920127,90.67967772246247,-0.30115970387560087,-0.16476974427059754,111.90507895520547,-0.5645608264171669,valid,True
SHW,bull,0.25,0.08778046905884232,0.030000000000000002,0.16304399398265815,0.18830007770238621,0.1711818888203511,-0.019224627757808806,1.5,0.4048026754802975,130.40946932977846,-0.21372423253487785,-0.09749545321392357,170.085145695474,-0.383360966275609,valid,True
MMM,bear,0.25,-0.06739923979836929,0.02,0.172065593670078,0.2531600323324411,0.09288063053914342,0.0,0.5,0.0,45.326322758176104,-0.29493302063201543,-0.17566798460902644,44.561572406547526,-0.5710277093750568,valid,True
MMM,base,0.5,-0.0014021281751978032,0.025,0.2067602674975359,0.3375467097765881,0.3250442731275547,-0.024099098117106962,1.0,0.011489661571308707,86.1600566608689,-0.12265499366912988,-0.05006475629634221,106.32503401615946,-0.2162910597789135,valid,True
MMM,bull,0.25,0.05139556112333938,0.030000000000000002,0.23676871986216214,0.37130138075424696,0.3375467097765881,-0.024099098117106962,1.5,0.12689543142274615,123.46364312298013,-0.007458750886144087,0.033194580738199905,161.2488654823262,0.1685667490464191,valid,True
RCL,bear,0.25,-1.4267211034843899,0.02,-0.1,0.44999999999999996,0.11766292130638673,0.01839250626687867,0.5,0.0,-82.15577052609397,,-0.95,0.0,-1.0753129111050688,below_lower_bound,True
RCL,base,0.5,0.09364670795794772,0.025,0.1948857423143996,0.6,0.19662150108853121,0.01839250626687867,1.0,0.13319561061059695,64.86567828072641,-0.3635227158869384,-0.1969320195436012,72.7193122797049,-0.6165749645209417,valid,True
RCL,bull,0.25,1.3099409571118177,0.030000000000000002,0.7481553323528385,0.6,0.2930889168272539,0.01839250626687867,1.5,1.2,5206.228513801783,1.2634381304960698,0.91719583068043,7369.380720403475,25.147406225212208,valid,True
UPS,bear,0.25,-0.047765293724852415,0.02,0.08246892448865102,0.02,0.08346529423643531,0.0,0.5,0.0,41.12475440893399,-0.18224244175944473,-0.1161728066275827,46.46382882200205,-0.41490809107474336,valid,True
UPS,base,0.5,0.02555803625738362,0.025,0.10081949793917383,0.02,0.08346529423643531,-0.008898013757501539,1.0,1.2,42.419408225011146,-0.11940078164916482,-0.07262534018373111,86.58090657483301,-0.3321191307361072,valid,True
UPS,bull,0.25,0.08421670024317245,0.030000000000000002,0.11484793951304426,0.022000000000000002,0.08346529423643531,-0.008898013757501539,1.5,1.2,68.56357994766164,-0.007122922595590324,0.006303902709623827,128.25298431680466,0.03381220242562932,valid,True
ACN,bear,0.25,0.021458788715900172,0.02,0.13354876601818713,0.14244621516282358,0.09304119690159478,0.0,0.5,0.14859665417241938,145.258179579577,0.14486060753697533,0.13207552682142704,155.8820743771964,0.7204044249590178,valid,True
ACN,base,0.5,0.06933581436641922,0.025,0.14685586785883348,0.18992828688376479,0.18909505790991812,-0.04288208887739048,1.0,0.31837622760290524,204.7221772341442,0.2945115174748935,0.2313005313801114,280.5254416653192,1.6642545640134956,valid,True
ACN,bull,0.25,0.10763743488683447,0.030000000000000002,0.15777068761205945,0.20892111557214127,0.18992828688376479,-0.04288208887739048,1.5,0.44088386019392883,248.26428553804072,0.384173267998267,0.285002300364431,353.9791856553225,2.2986939392063905,valid,True
ECL,bear,0.25,-0.030472770491501364,0.02,0.1177145817823348,0.2380012133261813,0.08609522842048946,0.0,0.5,0.0,33.90035926900621,-0.4784060368401695,-0.3125896513345652,32.38354064296842,-0.808159151740641,valid,True
ECL,base,0.5,0.05892622935576797,0.025,0.14301889947341256,0.31733495110157506,0.26558350116554813,-0.005152401841011312,1.0,0.16430898425658974,83.2198525691755,-0.2840475972654531,-0.15498586667526976,98.72006563695422,-0.5428930339574204,valid,True
ECL,bull,0.25,0.13044542923358343,0.030000000000000002,0.16137678921706666,0.3490684462117326,0.31183144570176524,-0.005152401841011312,1.5,0.3161452849276685,132.05674420519367,-0.17009608074440621,-0.06680811739643103,165.86071635789463,-0.2790580579570323,valid,True
EMR,bear,0.25,-0.07339379463354248,0.02,0.14317154044375957,0.057064455445898686,0.09825214968674334,0.0,0.5,0.0,11.02999686238029,-0.5293995275715133,-0.3667171899520326,10.3144107464425,-0.8510730359832925,valid,True
EMR,base,0.5,0.023884244619395534,0.025,0.16970042527951743,0.07608594059453158,0.09825214968674334,-0.020478840030869735,1.0,0.31684428827642125,23.362433890759306,-0.3925016236375087,-0.23614846717391624,30.115253003938246,-0.7100086185467795,valid,True
EMR,bull,0.25,0.10170667602174595,0.030000000000000002,0.18670657075071517,0.08369453465398474,0.09825214968674334,-0.020478840030869735,1.5,1.0438595683527974,30.191757833317507,-0.32681847132625996,-0.17285989531665105,50.529027495711674,-0.6141630631089092,valid,True
ITW,bear,0.25,-0.027944773618007755,0.02,0.21706851132199254,0.2857640406283631,0.09105577301540652,0.0,0.5,0.0,72.95498353411433,-0.3091440769552718,-0.18142361958161926,72.57535399990687,-0.5856771768695215,valid,True
ITW,base,0.5,0.024629843330683188,0.025,0.24190478911019891,0.38101872083781746,0.3766112840309168,-0.024620922007019215,1.0,0.06483638024458614,124.67935139931193,-0.1717685793235432,-0.08044788435508961,156.35777388327384,-0.33227863377923705,valid,True
ITW,bull,0.25,0.06668953688963594,0.030000000000000002,0.262560952142581,0.41912059292159926,0.38101872083781746,-0.024620922007019215,1.5,0.14160991016447402,165.91382230955034,-0.0860226865566801,-0.01684445495193355,217.76397713194712,-0.0787470503066523,valid,True
HLT,bear,0.25,-0.09330175883038822,0.02,0.1237636964357573,0.4231491773581495,0.08934612393528193,0.0,0.5,0.0,-8.325129420214168,-0.8138033164053924,-0.6369698351350961,0.0,-0.9661220550292562,valid,True
HLT,base,0.5,0.06879981517952527,0.025,0.19370316505405474,0.5641989031441993,0.48940959041879484,-0.05,1.0,0.10641610929944521,71.03506802794331,-0.3520351958548417,-0.19902133105497333,88.30937562096126,-0.6419061642343511,valid,True
HLT,bull,0.25,0.19848107438745605,0.030000000000000002,0.25616084892213936,0.6,0.5641989031441993,-0.05,1.5,0.2746414325166081,184.759598287327,-0.12812851634516836,-0.026713741879211703,239.36148746984406,-0.12031934886176843,valid,True
FDX,bear,0.25,-0.043189478957076824,0.02,0.0550984804156038,0.02465914568994171,0.08645287816844854,0.0,0.5,0.0,47.498080190880295,-0.3733019117382354,-0.2577583008911461,56.133268458277406,-0.7083403807912825,valid,True
FDX,base,0.5,0.058508803705294654,0.025,0.0694637784171968,0.03287886091992228,0.08645287816844854,-0.022124027347031852,1.0,1.2,75.40048688982112,-0.23047486274444962,-0.12244274762342683,186.88056469329226,-0.5121772424522771,valid,True
FDX,bull,0.25,0.13986742983519185,0.030000000000000002,0.07856615324701088,0.03616674701191451,0.08645287816844854,-0.022124027347031852,1.5,1.2,156.03946972143854,-0.08482444272376592,-0.022792020995984753,322.7342270672491,-0.11697460902228962,valid,True
CL,bear,0.25,0.010696486136698845,0.02,0.19567318862630395,0.3695185259386712,0.06734496261475427,0.0,0.5,0.03398256928380145,52.080762907095185,-0.12980605417396868,-0.05561924129142421,53.399611991838256,-0.22891335879888464,valid,True
CL,base,0.5,0.04943057615698887,0.025,0.22055648565468225,0.4926913679182282,0.4838441626879159,-0.015342130275000393,1.0,0.09041047565701238,96.0101863257374,0.08192191813141107,0.08019813105929646,116.62144378045498,0.44526376888545127,valid,True
CL,bull,0.25,0.0804178481732209,0.030000000000000002,0.24144329916299773,0.5419605047100511,0.4926913679182282,-0.015342130275000393,1.5,0.12977749841052635,129.37186356899832,0.19462244568858297,0.15226018322282475,161.94187450484807,0.973023240954553,valid,True
NOC,bear,0.25,-0.009381151512895342,0.02,0.08433545011828028,0.02,0.0661452831132309,0.0,0.5,0.0,192.29040683577028,-0.21069842660508575,-0.13397691158024816,226.25922841163228,-0.4815095849390183,valid,True
NOC,base,0.5,0.04962701497604316,0.025,0.10848230245639823,0.02,0.0661452831132309,-0.030326879557766136,1.0,1.2,242.66872867172722,-0.1197151610613218,-0.06767715482055787,409.3905128576343,-0.30969216003273825,valid,True
NOC,bull,0.25,0.09683354816719396,0.030000000000000002,0.12738620511679843,0.022000000000000002,0.0661452831132309,-0.030326879557766136,1.5,1.2,371.02652723411455,-0.010959134553559098,0.007352394009649316,595.3839168074695,0.03913583738182025,valid,True
CI,bear,0.25,-0.2269723623636759,0.02,0.033513184855809064,0.08636259814923906,0.065,0.0,0.5,0.0,138.56406431557912,-0.11313201104640028,-0.08433725372597106,129.26942041410615,-0.315960455048236,valid,True
CI,base,0.5,0.16360054925370804,0.025,0.046214788416645225,0.11515013086565208,0.10197569148724528,-0.05,1.0,1.1800285278138398,888.0966929778485,0.5408815578848589,0.3597390336653916,1244.5467591539116,3.7130806790655804,valid,True
CI,bull,0.25,0.4760588785476152,0.030000000000000002,0.056402076413673806,0.1266651439522173,0.1120057176603757,-0.05,1.5,1.2,2615.656890167426,1.074328657990554,0.661699820571812,3654.8597025083855,12.467510107152387,valid,True
NSC,bear,0.25,-0.06365771597782939,0.02,0.28178550272067726,0.02,0.09643205385546177,0.0,0.5,0.0,32.90251274791222,-0.44429254270216906,-0.3172300669757533,38.573956529055884,-0.7945673563839317,valid,True
NSC,base,0.5,0.0272923702100607,0.025,0.3450790239831443,0.02,0.09643205385546177,-0.015077809221265337,1.0,1.2,30.185781265311252,-0.351694284012774,-0.2267317634890787,107.67369461755733,-0.7599440286453496,valid,True
NSC,bull,0.25,0.10005243916037278,0.030000000000000002,0.388376941200908,0.022000000000000002,0.09643205385546177,-0.015077809221265337,1.5,1.2,72.19885099901792,-0.2378132100100629,-0.13635481633682497,179.58357338085918,-0.5460944654569366,valid,True
KMI,bear,0.25,-0.19484315250984077,0.02,0.22121026852827663,0.04643530441219978,0.07005763620029505,0.0,0.5,0.0,-2.833127505831693,,-0.95,0.0,-1.0124910870977637,below_lower_bound,True
KMI,base,0.5,0.04620595900256008,0.025,0.28441380746680256,0.06191373921626637,0.07005763620029505,-0.0048954945173924624,1.0,0.6777941008451128,11.2723431530149,-0.23697252229321744,-0.12401253012940283,16.459081165506895,-0.4907552881985473,valid,True
KMI,bull,0.25,0.23904524821248077,0.030000000000000002,0.31249792945932775,0.06810511313789301,0.07005763620029505,-0.0048954945173924624,1.5,1.2,26.856014615626076,-0.02427366222254929,0.03790819703135642,43.50531144525975,0.2223432388774682,valid,True
URI,bear,0.25,-0.02141683495253742,0.02,0.20455558120091194,0.10557601042315246,0.11994695630556133,0.0,0.5,0.0,90.59612968980944,-0.5018423470872222,-0.32365898913376445,95.16622994809397,-0.7971887777679837,valid,True
URI,base,0.5,0.08696261689126394,0.025,0.24881215862584077,0.1407680138975366,0.13183369808482,-0.037559461364679025,1.0,0.5297374840231095,223.86760584293802,-0.3318682149903907,-0.16982063377290613,336.18650308151604,-0.5782693701613545,valid,True
URI,bull,0.25,0.17366617836630505,0.030000000000000002,0.2733217590814298,0.15484481528729027,0.13599790960321506,-0.037559461364679025,1.5,0.9359883469404107,347.1823809762206,-0.23838437299418724,-0.09043174823164007,582.6191502332921,-0.37078125413576746,valid,True
MSI,bear,0.25,0.03445694508438099,0.02,0.17034554771098562,0.12690299769663507,0.0842998655175542,0.0,0.5,0.24873767082289955,75.12609149948781,-0.3989760694457799,-0.24114848411409184,83.79940888501658,-0.7174424292017416,valid,True
MSI,base,0.5,0.08394853395931356,0.025,0.20223532193357102,0.16920399692884677,0.16243713765536677,-0.011441805065644638,1.0,0.42646053566804865,139.9540353083898,-0.25415623048174896,-0.1301995678528328,174.5336347505863,-0.48326288586674804,valid,True
MSI,bull,0.25,0.12354180505925963,0.030000000000000002,0.22867384305343702,0.18612439662173147,0.16920399692884677,-0.011441805065644638,1.5,0.563243969894313,197.21036495856703,-0.16694114659621845,-0.06505678839603204,255.8371486267476,-0.275929071587495,valid,True
EOG,bear,0.25,-0.0702815993555034,0.02,0.22365630419948257,0.10612719005572283,0.06733942186842494,0.0,0.5,0.0,93.15163353138344,-0.04339424140052868,-0.01010927601018918,89.44909812831315,-0.043269192169099746,valid,True
EOG,base,0.5,0.16512258529972246,0.025,0.3240782636756039,0.1415029200742971,0.12905828507535175,-0.03332632661659099,1.0,0.968870947453195,283.357599944843,0.3630580628989264,0.26081142142065805,381.711438659575,2.147339545547117,valid,True
EOG,bull,0.25,0.35344593302390315,0.030000000000000002,0.4114819992998762,0.15565321208172683,0.1415029200742971,-0.03332632661659099,1.5,1.2,618.414093051425,0.6911675382871181,0.4598189466632904,851.4291849601998,5.793107584824186,valid,True
GM,bear,0.25,-0.15032376029308603,0.02,0.03426668860734129,0.02,0.08615753917885646,0.0,0.5,0.0,-70.47963516631927,,-0.95,0.0,-1.3453801109127694,below_lower_bound,True
GM,base,0.5,0.01668927285873789,0.025,0.054134788670623685,0.02,0.08615753917885646,-0.05,1.0,0.9175709143495158,-33.62976861256682,,-0.9326653713321111,11.025162073533199,-1.445955114969847,valid,True
GM,bull,0.25,0.15029969938019702,0.030000000000000002,0.06709014689461079,0.022000000000000002,0.08615753917885646,-0.05,1.5,1.2,26.330375995848577,-0.09293924225494263,-0.041636635875329356,113.48585873619132,-0.24566962533551107,valid,True
SLB,bear,0.25,-0.11486464677967231,0.02,0.08733545652406344,0.16818826098152634,0.07566300331739362,0.013263231124572821,0.5,0.0,12.11590594591418,-0.329736649687402,-0.21598505213623864,10.343487897416875,-0.6516710725369732,valid,True
SLB,base,0.5,0.01931715256870281,0.025,0.13417969730870635,0.22425101464203512,0.17068503655950185,0.013263231124572821,1.0,0.09120905021371647,39.12899880470841,0.0024795248406008154,0.025392777216620768,41.35891506287067,0.121394707171528,valid,True
SLB,bull,0.25,0.12666259204740293,0.030000000000000002,0.17175547550175038,0.24667611610623866,0.20040263882443016,0.013263231124572821,1.5,0.43510525190731214,74.01298959550377,0.22474870972801006,0.17384490998229013,85.23783813981113,1.1328983177798446,valid,True
RSG,bear,0.25,0.003125883462315085,0.02,0.16229213919350347,0.17040065333548682,0.06962943111645374,0.0,0.5,0.038149541346261154,108.22399362122019,-0.16100220928201447,-0.07987218523921907,110.48871827551577,-0.31476993054223334,valid,True
RSG,base,0.5,0.05303384135559919,0.025,0.1819383189583541,0.22720087111398243,0.22433307090602744,-0.009124485509150482,1.0,0.20874511991059255,176.4733910427944,-0.003415237518493058,0.026498994944267933,208.28829430238852,0.13221621919879034,valid,True
RSG,bull,0.25,0.09296020767022647,0.030000000000000002,0.19835873232807313,0.24992095822538068,0.22720087111398246,-0.009124485509150482,1.5,0.3215743357694097,231.49008988562534,0.08897576457820834,0.08902673918055372,283.9048394998303,0.5047746622915403,valid,True
FIX,bear,0.25,0.17373075807333213,0.02,0.047626388139860594,0.44999999999999996,0.12790616848090453,0.0,0.5,0.31774356990814606,163.95541731868747,-0.5526528939592024,-0.3611806367964163,167.1472627920279,-0.8693203229362043,valid,True
FIX,base,0.5,0.25,0.025,0.06778238600945254,0.6,0.5422157150220628,-0.007754057414553846,1.0,0.34166666666666673,275.7475648166705,-0.46627011942837265,-0.2799970693522482,333.1631609279912,-0.7941366699509804,valid,True
FIX,bull,0.25,0.3110153935413343,0.030000000000000002,0.08567716348176915,0.6,0.6,-0.007754057414553846,1.5,0.42468719138844574,389.91898485029986,-0.39390491023696095,-0.21481074755101864,507.27697511648404,-0.6883695096455,valid,True
CIEN,bear,0.25,0.08083394632600578,0.02,0.053327061744709,0.02,0.10567110587927271,0.0,0.5,1.2,9.135954205900642,-0.6789280044940824,-0.4799914007620827,19.348483093931666,-0.9657846550275062,valid,True
CIEN,base,0.5,0.20298521865898944,0.025,0.08102395252304644,0.02,0.10567110587927271,-0.016047518340195868,1.0,1.2,23.396193135782344,-0.5835323202940343,-0.3852526551410847,45.5083364862118,-0.9171271130419698,valid,True
CIEN,bull,0.25,0.30070623652537637,0.030000000000000002,0.10125975263329914,0.022000000000000002,0.10567110587927271,-0.016047518340195868,1.5,1.2,39.27685434902424,-0.5145047078985954,-0.3225018101758905,73.97829799772896,-0.8630178018374113,valid,True
BSX,bear,0.25,-0.02000195228335372,0.02,0.11596700465227262,0.11042778231129219,0.06954209657379881,0.007511359498351956,0.5,0.0,13.698017414769737,-0.2885697929887101,-0.17463869326747955,12.789174846302803,-0.5725186870999119,valid,True
BSX,base,0.5,0.09221468210466033,0.025,0.15840997764783987,0.14723704308172292,0.1087702750656497,0.007511359498351956,1.0,0.534999508513673,32.40516672551944,-0.04467488427180794,0.00492051972541961,37.5593889058951,0.023697871071128862,valid,True
BSX,bull,0.25,0.18198798961507157,0.030000000000000002,0.18671248398867274,0.16196074738989522,0.12430926436723452,0.007511359498351956,1.5,0.9359699441687995,54.52994761509671,0.12075326093472542,0.11771996335592122,67.7914027051338,0.730481236092539,valid,True
GWW,bear,0.25,0.02862291970787867,0.02,0.10863473294108898,0.3107465218969111,0.0952350212848554,0.0,0.5,0.08656037596850835,331.13673034208557,-0.3397737792845873,-0.19898010195829552,342.38855899248375,-0.6315911607845612,valid,True
GWW,base,0.5,0.07751252107825324,0.025,0.13212734752047384,0.4143286958625481,0.39626799388145073,-0.02577210098080108,1.0,0.1617315371388925,558.368491164861,-0.2138418542490399,-0.1044433955714339,708.0542322893506,-0.41632325639831724,valid,True
GWW,bull,0.25,0.1166242021745529,0.030000000000000002,0.15251629070660278,0.455761565448803,0.4143286958625481,-0.02577210098080108,1.5,0.21787568164476323,759.8450602993673,-0.12331687976038663,-0.03693537857507178,1004.6320925257828,-0.1674787801848472,valid,True
DAL,bear,0.25,-0.25228862884747766,0.02,-0.05716909539660196,0.18711457283844712,0.09833132512946399,0.005687816219807518,0.5,0.0,-29.241221265991573,,-0.95,0.0,-1.0767466409340576,below_lower_bound,True
DAL,base,0.5,0.08309761235789004,0.025,0.09349638415522864,0.24948609711792952,0.17913866623449765,0.005687816219807518,1.0,0.2865012949099327,83.91064226480405,0.04623272770550104,0.07351379913743586,97.97989636254289,0.3797251301358824,valid,True
DAL,bull,0.25,0.3514066053221842,0.030000000000000002,0.2362324353668543,0.2744347068297225,0.20936962063219075,0.005687816219807518,1.5,1.04624261112826,441.7497452721233,0.7380828918656337,0.5045917054521851,597.0904909137755,6.3082593302134145,valid,True
CARR,bear,0.25,-0.10233888205772937,0.02,0.08549807678128847,0.02,0.10001835008644928,0.0,0.5,0.0,-1.4859213595841154,-0.7705508094513788,-0.95,0.0,-0.9702914851145644,below_lower_bound,True
CARR,base,0.5,0.018449194443215244,0.025,0.11922563929220478,0.02,0.10001835008644928,-0.008498587265479092,1.0,0.9879677777286098,1.7566867083222932,-0.4871772673679515,-0.3297743224014994,12.401914779078593,-0.8885523080782882,valid,True
CARR,bull,0.25,0.11507965564397094,0.030000000000000002,0.14409354454731738,0.022000000000000002,0.10001835008644928,-0.008498587265479092,1.5,1.2,10.050719223056525,-0.33645599930314346,-0.20098169567645519,28.16569034609588,-0.700014022200015,valid,True
TGT,bear,0.25,-0.05981092000237036,0.02,0.04077227365834729,0.02,0.0828652000129623,0.0,0.5,0.0,41.29776091511264,-0.23344760776381004,-0.15289301341981626,45.716034544108226,-0.5110722584355298,valid,True
TGT,base,0.5,0.01678906721329415,0.025,0.053836488804846115,0.02,0.0828652000129623,-0.011217331801227408,1.0,0.921562688531766,53.608155894896946,-0.11655710629420352,-0.07264301318791694,100.44829836102274,-0.32285316537547104,valid,True
TGT,bull,0.25,0.07806905698582575,0.030000000000000002,0.06392650712732122,0.022000000000000002,0.0828652000129623,-0.011217331801227408,1.5,1.2,85.39170904561469,0.0010735746996943184,0.01026149418321441,159.04789711554713,0.05551633071531148,valid,True
HPE,bear,0.25,0.03162237102861015,0.02,0.05689089178254892,0.02,0.10057172349992445,0.018150591425741866,0.5,1.2,-2.062836838401949,-0.6100181214336772,-0.4184309515054338,4.536412406512432,-0.9860739037398029,valid,True
HPE,base,0.5,0.15850646707753513,0.025,0.07724874801730915,0.02,0.10057172349992445,0.018150591425741866,1.0,1.2,6.493802800636312,-0.32888916970696314,-0.19694151971489188,18.711913819198536,-0.7030736813363787,valid,True
HPE,bull,0.25,0.2600137439166751,0.030000000000000002,0.08780373812867283,0.022000000000000002,0.10057172349992445,0.018150591425741866,1.5,1.2,15.569028343853391,-0.1926853268989362,-0.09182548273820429,33.13424616905485,-0.403756623705273,valid,True
KEYS,bear,0.25,0.07991908121637462,0.02,0.10305231005777217,0.02,0.10335570598005125,0.0,0.5,1.2,19.840071318251777,-0.5446329116894048,-0.36317037755870835,38.09284130065122,-0.9022112585468435,valid,True
KEYS,base,0.5,0.16998125530768549,0.025,0.1788043833986215,0.02,0.10335570598005125,-0.019528942055153826,1.0,1.2,47.79282436914318,-0.4072950318237417,-0.24926812190533384,88.77291557233357,-0.7699745465216816,valid,True
KEYS,bull,0.25,0.24203099458073418,0.030000000000000002,0.2419319732496112,0.022000000000000002,0.10335570598005125,-0.019528942055153826,1.5,1.2,80.39980426181447,-0.3068168701720424,-0.17055742665252183,146.56992198688047,-0.6159510319179262,valid,True
COR,bear,0.25,0.039631424027395265,0.02,0.009220858630676433,0.32521739065795174,0.06895712400898989,0.0,0.5,0.10978852991127153,147.79738779543203,-0.1572844448470277,-0.06847018237458538,152.85516615797593,-0.2744506862920476,valid,True
COR,base,0.5,0.07487216377483008,0.025,0.010527337797762354,0.43362318754393564,0.4237772038284921,-0.028455377964680374,1.0,0.1496638853365942,287.40409672671,0.06866512676351708,0.07735822290705986,369.49776855338035,0.4358369869257739,valid,True
COR,bull,0.25,0.10306475557277793,0.030000000000000002,0.011633271179800902,0.47698550629832925,0.43362318754393564,-0.028455377964680374,1.5,0.1854391869150431,393.2179597398515,0.18873654867929873,0.15408681085973513,520.5209848749962,1.0068735189530509,valid,True
CTVA,bear,0.25,-0.08721308806829876,0.02,0.05216142678331855,0.44999999999999996,0.07201943503980028,0.0,0.5,0.0,12.954409372520345,-0.4563167403335682,-0.30508750656154004,10.90864881577292,-0.7960573182814359,valid,True
CTVA,base,0.5,0.03141255314901725,0.025,0.09729096702649447,0.6,0.21906202238121592,-0.023989335881232088,1.0,0.050216737532023006,41.48554285102882,-0.17745877256384118,-0.0897415782848838,48.88077756987835,-0.36730400612026504,valid,True
CTVA,bull,0.25,0.12631306612287008,0.030000000000000002,0.1304318278578306,0.6,0.3246581353732559,-0.023989335881232088,1.5,0.1784174214971601,79.77037790521831,0.031037775357253876,0.05882002023281532,101.61187711995512,0.32031219347560524,valid,True
CAH,bear,0.25,0.03906554996609446,0.02,-0.002945902493140191,0.44999999999999996,0.06744789401808414,0.0,0.5,0.07833875549527905,-52.21783883767991,,-0.95,0.0,-1.0314151947445724,below_lower_bound,True
CAH,base,0.5,0.10944174007967644,0.025,0.0032869369312651603,0.6,0.4103049398492416,-0.05,1.0,0.1542556534395686,56.851413115710855,-0.3605368115007878,-0.20972723078739364,63.89575840553412,-0.6674394554187089,valid,True
CAH,bull,0.25,0.16574269217054202,0.030000000000000002,0.009294851261464036,0.6,0.5168153610456248,-0.05,1.5,0.23099025622738936,249.4265303680015,0.05971072353713683,0.08024834703537637,301.7540812767044,0.44557167092412686,valid,True
BDX,bear,0.25,-0.1453429823868159,0.02,0.08479935073554618,0.04990844445471074,0.06597061272405223,0.0,0.5,0.0,1.9200541979300052,-0.6619272800773615,-0.95,0.4181474327326229,-0.9641330094049485,below_lower_bound,True
BDX,base,0.5,-0.03793598212622995,0.025,0.11329093663343556,0.06654459260628098,0.06620910136511828,-0.01401937476364834,1.0,0.0,50.365763506751215,-0.2555966628307943,-0.15398495152767278,54.59724756524763,-0.5330798816156832,valid,True
BDX,bull,0.25,0.04798961808223881,0.030000000000000002,0.13015037561248696,0.07319905186690909,0.06632389734156403,-0.01401937476364834,1.5,0.6064517686172256,85.22733045516387,-0.11942901669535783,-0.044796229444909824,112.12297076204021,-0.20213891281344087,valid,True
TRGP,bear,0.25,-0.22191734513474115,0.02,0.08266821502739027,0.09208681612423791,0.07316833584766065,0.0,0.5,0.0,-42.82753911027905,,-0.95,0.0,-1.003365886048948,below_lower_bound,True
TRGP,base,0.5,0.11572468564333205,0.025,0.12727401277133776,0.12278242149898388,0.10600293773170637,-0.02486330229151008,1.0,0.7947371237948193,75.16853176091057,-0.30074674872448665,-0.15075598332041407,110.99976762297207,-0.5590106008939519,valid,True
TRGP,bull,0.25,0.38583831026579063,0.030000000000000002,0.16351408965582526,0.13506066364888228,0.11592575486197101,-0.02486330229151008,1.5,1.2,314.5215437327091,0.055350433563580756,0.11162202481064018,468.6457532585194,0.7330182888855645,valid,True
LHX,bear,0.25,,0.02,0.05941037672205949,0.02,0.08011927933562078,0.0,0.5,,,,,,,non_finite_input,False
LHX,base,0.5,0.10684905238308928,0.025,0.09833066544706151,0.024780364618550238,0.08011927933562078,-0.015924198577066666,1.0,1.2,56.292018244586,-0.32018251307599715,-0.18963281588221437,121.58822955169518,-0.6852010173411145,valid,True
LHX,bull,0.25,,0.030000000000000002,0.12674333926239054,0.027258401080405264,0.08011927933562078,-0.015924198577066666,1.5,,,,,,,non_finite_input,False
AME,bear,0.25,-0.0074616861179094,0.02,0.2069908037803159,0.11033418123570825,0.09324184324899494,0.0,0.5,0.0,53.130095189490035,-0.3593348339491058,-0.22010443705948998,54.35447460850048,-0.6720663616819534,valid,True
AME,base,0.5,0.0761937095318278,0.025,0.23996926366993981,0.147112241647611,0.135745587585503,-0.0033970306750193205,1.0,0.4483309266909897,79.33174426462028,-0.261421940656146,-0.13801435774075796,96.99369146092373,-0.5056245881525702,valid,True
AME,bull,0.25,0.14311802605161755,0.030000000000000002,0.26175315740936106,0.1618234658123721,0.14651966726522622,-0.0033970306750193205,1.5,0.7446041291749526,104.9080774284662,-0.19067076462961263,-0.08027198814961592,138.76795982013135,-0.3337591180058882,valid,True
ROK,bear,0.25,-0.01331322475345914,0.02,0.1406758519755768,0.44999999999999996,0.1178578100183758,0.0,0.5,0.0,48.520765904394004,-0.5062420199465124,-0.329409919588943,47.36336724335996,-0.8240602287998002,valid,True
ROK,base,0.5,0.061231672869099474,0.025,0.17226625135061094,0.6,0.5186143983311018,-0.013460045491184104,1.0,0.08997556382546597,97.9073684495457,-0.37623133452725577,-0.21886975392408198,121.87223395104719,-0.6920758717641837,valid,True
ROK,bull,0.25,0.12086759096714636,0.030000000000000002,0.19691087547118846,0.6,0.6,-0.013460045491184104,1.5,0.17115678795619516,144.50353907234003,-0.2853565218887525,-0.1439627368439687,191.13546155740812,-0.5242452618288731,valid,True
EW,bear,0.25,0.032068338374820066,0.02,0.2550499639596458,0.05444016519858748,0.087935484304947,0.0,0.5,0.5447204392507149,32.75838334642379,-0.23299091234803193,-0.12678038544254372,38.426286660101766,-0.4706368044013145,valid,True
EW,base,0.5,0.09527684942358983,0.025,0.28914920347335843,0.07258688693144998,0.087935484304947,-0.02713013119526285,1.0,1.1189552682645871,39.1652150171838,-0.18984679742716254,-0.09003864932456049,53.68206641202884,-0.3745497059408992,valid,True
EW,bull,0.25,0.14584365826260565,0.030000000000000002,0.3161223608674702,0.07984557562459497,0.087935484304947,-0.02713013119526285,1.5,1.2,45.934448430785245,-0.14420464813010764,-0.05438149634865109,66.02727529204365,-0.24468587223909743,valid,True
AZO,bear,0.25,0.03890071487208602,0.02,0.17346712026693517,0.15059554300855973,0.065480195745393,0.0,0.5,0.23321123053205228,2050.4664756665034,-0.09251469772680135,-0.02692917073600253,2244.112820011665,-0.11884820988948597,valid,True
AZO,base,0.5,0.0797433368838848,0.025,0.19519689421872288,0.2007940573447463,0.19808778011275924,-0.05,1.0,0.34261307539093766,3894.6432131959455,0.13549225019996805,0.11852808234398254,5296.087854915574,0.7395235881009292,valid,True
AZO,bull,0.25,0.11241743449332382,0.030000000000000002,0.2134131240745736,0.22087346307922096,0.2007940573447463,-0.05,1.5,0.4343389479987024,5326.663871074226,0.2599084509467503,0.19705180925557217,7425.591287086243,1.4346136315875966,valid,True
NUE,bear,0.25,-0.21493341028385227,0.02,0.054591710829329974,0.02,0.12863558869337766,0.0,0.5,0.0,9.848257748342428,-0.5982199192192639,-0.48473589462955713,5.973798394775149,-0.9036767304012892,valid,True
NUE,base,0.5,0.11010887196426711,0.025,0.11697359193322268,0.02,0.12863558869337766,-0.04762920165836371,1.0,1.2,53.71491062884137,-0.20458146110177033,-0.1173785745631903,137.0040857269422,-0.483667937882145,valid,True
NUE,bull,0.25,0.3701426977627626,0.030000000000000002,0.1655274398667295,0.022000000000000002,0.12863558869337766,-0.04762920165836371,1.5,1.2,192.40070329275525,0.10229911724454727,0.10389749522146308,417.21061782708443,0.6750288064242522,valid,True
HUM,bear,0.25,0.12386796149406086,0.02,0.024635417052030158,0.02,0.07950751022102676,0.0,0.5,1.2,334.89625088407354,0.037623123722733035,0.041089317780279126,483.3268071281446,0.2229259100077181,valid,True
HUM,base,0.5,0.1898127323980494,0.025,0.03738824841318843,0.02,0.07950751022102676,-0.02221947186343836,1.0,1.2,554.5789490038088,0.2201956060802332,0.15201094693475173,833.0002315211768,1.0397707851694866,valid,True
HUM,bull,0.25,0.24256854912124026,0.030000000000000002,0.047666725494361885,0.022000000000000002,0.07950751022102676,-0.02221947186343836,1.5,1.2,792.1297349288928,0.35908511860179726,0.2362186819344061,1201.237092176794,1.9211015670926797,valid,True
OXY,bear,0.25,-0.2141478068231964,0.02,0.08757351200821548,0.02,0.06787514130831084,0.0,0.5,0.0,0.13726238804929627,-0.7039309707470237,-0.95,0.0,-0.9883966000730603,below_lower_bound,True
OXY,base,0.5,0.029860631983947727,0.025,0.18189802822830284,0.02,0.06787514130831084,-0.0006324691278082328,1.0,1.2,24.009384313452834,-0.10161907239817079,-0.06103000112343577,41.51862117545804,-0.2856501633814089,valid,True
OXY,bull,0.25,0.22506738302966303,0.030000000000000002,0.2577589850930763,0.022000000000000002,0.06787514130831084,-0.0006324691278082328,1.5,1.2,77.04662061393931,0.23701486466452484,0.16719414443941782,118.89264094940462,1.2376311803857618,valid,True
XYZ,bear,0.25,-0.21930308760642114,0.02,-0.016203470417892406,0.10852572510152664,0.14,0.0,0.5,0.0,9.693998105123578,-0.5332447975408288,-0.3592769458540716,6.9795331319203475,-0.8503879646933729,valid,True
XYZ,base,0.5,0.19932721932350472,0.025,0.007378305230987299,0.1447009668020355,0.14065390448216314,0.0,1.0,1.1365630727526714,13.493733309373576,-0.42111191680887716,-0.2381114490388426,16.670411087827446,-0.7313265460163249,valid,True
XYZ,bull,0.25,0.5342314648674454,0.030000000000000002,0.029896608855398653,0.15917106348223908,0.14159409784257024,0.0,1.5,1.2,31.82343629244723,-0.21550128485541786,-0.055648767959792136,51.7496222284396,-0.2509972838704385,valid,True
CMG,bear,0.25,0.05233702272326643,0.02,0.08514029104481588,0.11883043196282231,0.09059210574391847,0.0,0.5,0.38600901655363895,4.227435866599774,-0.47109653007937585,-0.29515875848010176,4.918363178218123,-0.803305256111016,valid,True
CMG,base,0.5,0.11345097306020058,0.025,0.12052278617695131,0.15844057595042974,0.147700163116739,-0.027847600801593122,1.0,0.6043955462401279,9.889217046127674,-0.2985936808399856,-0.16148305195383722,13.469360474068376,-0.5823458810925675,valid,True
CMG,bull,0.25,0.1623421333297479,0.030000000000000002,0.15123562595866077,0.17428463354547272,0.15844057595042974,-0.027847600801593122,1.5,0.779608069281377,15.890437074747117,-0.17706930297426882,-0.0681586098624393,22.534263630988328,-0.2957101588296043,valid,True
WAB,bear,0.25,-0.10107933483549286,0.02,0.08579731910004586,0.20413550856229895,0.08574399907181865,0.0,0.5,0.0,5.431059855554303,-0.7144073305709754,-0.5526788366099934,1.9945957935622483,-0.9473885206869022,valid,True
WAB,base,0.5,0.13154359755242673,0.025,0.11644795394000608,0.2721806780830653,0.18123686606137918,-0.024158523357921572,1.0,0.40500625841008236,74.40222061122087,-0.3090688967145979,-0.16085425518103874,93.98954477598085,-0.563629916329973,valid,True
WAB,bull,0.25,0.3176419434627624,0.030000000000000002,0.13683137268107598,0.29939874589137183,0.2185242018636285,-0.024158523357921572,1.5,0.8687863871834139,173.6192619370696,-0.108710068865912,-0.000680818597902516,237.9041322710262,-0.003334051724084852,valid,True
DHI,bear,0.25,-0.06412180214723742,0.02,0.11854298689364834,0.02,0.10541500819214462,0.0,0.5,0.0,64.47270157930775,-0.1704874494753312,-0.10325296964147126,70.45472179893986,-0.3716613236638546,valid,True
DHI,base,0.5,0.04990433980297271,0.025,0.15579730005557357,0.02,0.10541500819214462,-0.05,1.0,1.2,71.40337226251603,-0.0805535121588036,-0.04506599268643183,146.4150617175697,-0.21514369199081707,valid,True
DHI,bull,0.25,0.1411252533631408,0.030000000000000002,0.1832644268280077,0.022000000000000002,0.10541500819214462,-0.05,1.5,1.2,120.17463717174722,0.054983064072439476,0.04919096627272668,233.9363127248106,0.2850800114602976,valid,True
YUM,bear,0.25,0.03771505577834949,0.02,0.2784237566382741,0.41935307330037913,0.06877011710859393,0.0,0.5,0.08148752637900054,81.07666539346135,-0.16617069431231354,-0.07317469893023368,84.98536716377447,-0.2927553983331743,valid,True
YUM,base,0.5,0.08800293933990377,0.025,0.32226093622302104,0.5591374310671722,0.542661089318164,-0.014545868681514489,1.0,0.13485477323170755,180.60479180383436,0.10390904993400912,0.10076457239629237,214.30591975361563,0.57056230432657,valid,True
YUM,bull,0.25,0.1282332461891472,0.030000000000000002,0.35964000664585866,0.6,0.5591374310671722,-0.014545868681514489,1.5,0.1809776615855296,262.88785901518196,0.24548795009031896,0.1903750610421412,320.4867403240886,1.2841986882479328,valid,True
LYV,bear,0.25,-0.5535306278019679,0.02,-0.1,0.3678171442818954,0.08954743179546742,0.0,0.5,0.0,-16.802093832560093,,-0.95,0.0,-1.0306727125562958,below_lower_bound,True
LYV,base,0.5,0.11967509781890862,0.025,0.031868649483831786,0.49042285904252714,0.3024924587491056,0.0,1.0,0.2054147281221881,42.08803812906189,-0.35589420643809716,-0.2037085190619109,48.49895757352669,-0.6531279368643985,valid,True
LYV,bull,0.25,0.6582396783156098,0.030000000000000002,0.18581556706804608,0.5394651449467799,0.3826675441985175,0.0,1.5,0.9872588574837952,919.7986431622248,0.6860734522051645,0.5183157814084554,1248.9267280749789,6.6625810504241825,valid,True
ED,bear,0.25,-0.05611659051098651,0.02,0.1506898447743912,0.02,0.0701577538361371,0.00799290411037279,0.5,0.0,-2.3037319724782868,-0.7357427596551134,-0.95,1.4355042752617357,-1.0322843674151654,below_lower_bound,True
ED,base,0.5,0.059054619722199164,0.025,0.19193011684904407,0.025244328367981617,0.0701577538361371,0.00799290411037279,1.0,1.2,18.467277179936,-0.29778137996327125,-0.18588104067603123,61.21627198216197,-0.7367774872267456,valid,True
ED,bull,0.25,0.1511915879087477,0.030000000000000002,0.2140426334785212,0.027768761204779783,0.0701577538361371,0.00799290411037279,1.5,1.2,61.13425348960393,-0.09900779287563634,-0.040971296944189786,122.16355012689897,-0.21422033817336117,valid,True
CBRE,bear,0.25,0.04269047020477698,0.02,0.03499480016881225,0.02,0.09614215087023123,0.0,0.5,1.2,7.519664137207436,-0.44817912740982135,-0.2904229826759547,28.737405820493887,-0.8508626532731561,valid,True
CBRE,base,0.5,0.12203452485824762,0.025,0.04487385041355632,0.02,0.09614215087023123,-0.03226693695322658,1.0,1.2,25.18334064429549,-0.29628458698862226,-0.1745787003193982,60.007432744577216,-0.6410012195999628,valid,True
CBRE,bull,0.25,0.18550976858102414,0.030000000000000002,0.0519978706121601,0.022000000000000002,0.09614215087023123,-0.03226693695322658,1.5,1.2,43.936393020095046,-0.19530318438773975,-0.09776635508169418,91.93603724091282,-0.41856782966703676,valid,True
PEG,bear,0.25,-0.11293198926348616,0.02,0.1340349567848399,0.2382729114042861,0.07208775444419425,0.0,0.5,0.0,0.5802706350208855,,-0.95,0.0,-0.9783492178211136,below_lower_bound,True
PEG,base,0.5,0.04052052135743778,0.025,0.23252653674492513,0.3176972152057148,0.15532480069627358,-0.0006657791581933248,1.0,0.1177738277048554,67.54808068602138,-0.0019613689160905496,0.030054717289749563,78.90319560032734,0.149185976624314,valid,True
PEG,bull,0.25,0.16328252985417693,0.030000000000000002,0.30447172463752603,0.3494669367262863,0.2044466928485777,-0.0006657791581933248,1.5,0.3909555083042131,164.07956912413337,0.3216734485235065,0.24162791335256772,204.50962066153105,1.8273463586001348,valid,True
SYY,bear,0.25,-0.04956156063631169,0.02,0.03016091057767998,0.16800432769501308,0.06888809611334448,0.0,0.5,0.0,25.244970500846343,-0.28268434054334646,-0.16852095557260324,25.01764257394867,-0.5575973817243698,valid,True
SYY,base,0.5,0.04290124787842475,0.025,0.03835616996896853,0.22400577026001744,0.19456443570697893,-0.024365216741682436,1.0,0.17553564918036474,80.48442707189042,0.05793983861804011,0.06772203617729249,95.84940470568314,0.3595692757815292,valid,True
SYY,bull,0.25,0.1168714946902139,0.030000000000000002,0.044884086651706026,0.2464063472860192,0.22400577026001744,-0.024365216741682436,1.5,0.40379315244131486,140.47987064362712,0.25788493079599006,0.19652286423952323,175.28805037356543,1.3608675126394432,valid,True
JBL,bear,0.25,0.054094198860974385,0.02,0.026975360237794527,0.19558561205838823,0.10323295592924664,0.0,0.5,0.241711844706994,42.900660523949504,-0.48767517852975284,-0.30754048415255963,47.17810809385028,-0.8102808643430779,valid,True
JBL,base,0.5,0.12293305554996337,0.025,0.037843518287798666,0.260780816077851,0.24237922601249398,-0.05,1.0,0.39629619231315943,96.11613580533711,-0.33500827037059944,-0.188476640949375,129.84603017193467,-0.6426850524902536,valid,True
JBL,bull,0.25,0.17800414090115455,0.030000000000000002,0.04748100512308359,0.2868588976856361,0.260780816077851,-0.05,1.5,0.5173390608352555,152.8528948901083,-0.22078257974062582,-0.09708931273489721,219.2991989014157,-0.3964656222487627,valid,True
VMC,bear,0.25,-0.1069337376282859,0.02,0.141042173636763,0.10438065515041492,0.09416718310284554,0.0,0.5,0.0,20.26907095571918,-0.5612229705278878,-0.3994284995205817,17.362898785326003,-0.8860248865709771,valid,True
VMC,base,0.5,0.054930729867517014,0.025,0.18273980107251592,0.1391742068672199,0.10904200445697126,-0.005812052222512047,1.0,0.3516785544947242,70.39944303597197,-0.3314642484358047,-0.18688661867927292,86.39830850664185,-0.6205542032153925,valid,True
VMC,bull,0.25,0.18442230386415934,0.030000000000000002,0.2033446869694737,0.1530916275539419,0.11804340920984614,-0.005812052222512047,1.5,1.002914695888437,117.76316367724097,-0.21225897406402505,-0.0841758475740789,170.5729145843611,-0.3541469900714228,valid,True
WEC,bear,0.25,-0.057345226512486705,0.02,0.16672178454606415,0.04483652559366831,0.07116339150989118,0.012703075648047957,0.5,0.0,-12.048036421946753,,-0.95,0.0,-1.0438116402184734,below_lower_bound,True
WEC,base,0.5,0.06113084649894063,0.025,0.21038385074284094,0.05978203412489108,0.07116339150989118,0.012703075648047957,1.0,0.9016869029002903,12.950169255126154,-0.44729329335968937,-0.26401207754970524,31.422111634939146,-0.8422239980288889,valid,True
WEC,bull,0.25,0.15591170490808248,0.030000000000000002,0.23320844844279306,0.0657602375373802,0.07116339150989118,0.012703075648047957,1.5,1.2,37.99254227030991,-0.2718259054177905,-0.1249799829558469,75.26643644570423,-0.544431053422891,valid,True
A,bear,0.25,-0.00403563342460754,0.02,0.17158184196263643,0.06945091549721241,0.10304690230843304,0.0,0.5,0.011108467826387889,31.538144860303092,-0.3327154841506853,-0.2006238993344595,33.313447533369626,-0.6302565273421119,valid,True
A,base,0.5,0.06331850814677276,0.025,0.20521881264522696,0.09260122066294987,0.10304690230843304,-0.021635321560878627,1.0,0.6010159058268864,40.75346440666941,-0.2740667850652244,-0.147428436455084,54.81456405541263,-0.5437507694494935,valid,True
A,bull,0.25,0.117201821403877,0.030000000000000002,0.229719441788852,0.10186134272924487,0.10304690230843304,-0.021635321560878627,1.5,0.9793848623051737,49.63012936937105,-0.2166866351326462,-0.09976202312682286,72.7586607102667,-0.4067747346487779,valid,True
KVUE,bear,0.25,-0.041328902223927017,0.02,0.09686005369592417,0.09051016648571275,0.065,0.0,0.5,0.0,4.544300879320831,-0.35430166737642144,-0.22455714223906395,4.176096759002382,-0.669475177809451,valid,True
KVUE,base,0.5,0.025301395261083992,0.025,0.16265216265216265,0.12068022198095033,0.0939314433413018,0.0,1.0,0.20915702502479294,14.265087779222089,-0.03497623931616542,0.004949209466576605,16.21544457843963,0.023238601802425762,valid,True
KVUE,bull,0.25,0.07860563324909281,0.030000000000000002,0.21428377432790385,0.13274824417904538,0.10506748773749186,0.0,1.5,0.5189108679009393,25.41640775649757,0.16424881797283886,0.13373069753870376,30.997908444115357,0.8253637866122048,valid,True
ADM,bear,0.25,-0.13995195000617414,0.02,0.020865677027382637,0.023629891336834807,0.07420215648681758,0.0,0.5,0.0,5.2394515318183625,-0.5119857718062121,-0.40267045546788716,6.284454824376705,-0.9038276751820615,valid,True
ADM,base,0.5,0.036526039647802544,0.025,0.029387294404086977,0.03150652178244641,0.07420215648681758,-0.05,1.0,1.0861507326812534,27.0961912626886,-0.20152866452699525,-0.1138510657998267,46.078419443852376,-0.47305510861133127,valid,True
ADM,bull,0.25,0.17770843137098388,0.030000000000000002,0.035253035049021955,0.034657173960691054,0.07420215648681758,-0.05,1.5,1.2,60.023122812690026,-0.003331742610316696,0.027453817450441446,99.40676198164881,0.1544688508086567,valid,True
HSY,bear,0.25,0.0017782842287047684,0.02,0.17771267906269142,0.02,0.06725371730604837,0.0,0.5,0.2711313691481907,91.76158395597449,-0.11392152600456026,-0.06585090774169654,117.39366712030815,-0.2773038997632853,valid,True
HSY,base,0.5,0.05894040526094302,0.025,0.21786215855119656,0.02,0.06725371730604837,-0.005598873392226042,1.0,1.2,116.46181889582463,-0.03073830435751003,-0.01098771216638849,182.8524531482072,-0.05572652209720119,valid,True
HSY,bull,0.25,0.10467010208673362,0.030000000000000002,0.24962939148944444,0.022000000000000002,0.06725371730604837,-0.005598873392226042,1.5,1.2,161.74808628144353,0.06326119628502058,0.052570386140723735,248.77697770043454,0.3033541061085774,valid,True
EME,bear,0.25,0.06243900315614039,0.02,0.03640404004207042,0.3849973058984558,0.10020491300350655,0.0,0.5,0.14013397418199622,146.4882099997825,-0.42162260360273646,-0.26215070756006753,140.9244044153911,-0.7417456200848003,valid,True
EME,base,0.5,0.12235465912271426,0.025,0.05229815894925574,0.5133297411979411,0.4612760128454423,-0.035540228546636354,1.0,0.2004242478880631,262.3212946147076,-0.2950174257457546,-0.16307396159172638,322.05271985605697,-0.5823383883437302,valid,True
EME,bull,0.25,0.17028718389597336,0.030000000000000002,0.0664193702680613,0.5646627153177353,0.5133297411979411,-0.035540228546636354,1.5,0.2518844316411898,382.1496118814108,-0.19228015741173293,-0.08090706080329253,503.4867750551054,-0.3391394979131823,valid,True
MLM,bear,0.25,-0.04084291647877558,0.02,0.13381866503708584,0.08312941427932936,0.09262589202168936,0.0,0.5,0.0,33.36598277047925,-0.5854919812802107,-0.40823257416122943,29.178941458313385,-0.8853077606327896,valid,True
MLM,base,0.5,0.06839007321285584,0.025,0.20423619418469918,0.11083921903910582,0.10019717206282938,-0.012715823596790509,1.0,0.5387268070629162,128.6790114044015,-0.33633198056486435,-0.18606925039202898,171.59094497572573,-0.6233840085872526,valid,True
MLM,bull,0.25,0.155776464966161,0.030000000000000002,0.25368989918022405,0.12192314094301641,0.10383983746631267,-0.012715823596790509,1.5,1.0713402801358078,226.60219493509294,-0.20603395248326703,-0.08175621802947713,338.83122469021123,-0.3465410660907121,valid,True
KR,bear,0.25,-0.046123491563959895,0.02,0.016380753328872514,0.04228074743666516,0.06811023699186353,0.0,0.5,0.0,6.117238065479322,-0.4577121826936491,-0.32550627901218826,7.954971998177443,-0.8436194414653846,valid,True
KR,base,0.5,0.01552729977291245,0.025,0.021216851165038214,0.05637432991555355,0.06811023699186353,-0.05,1.0,0.3090385259465996,23.577172343794647,-0.18722116959979757,-0.09852860688697543,32.17983321949633,-0.4026845724892222,valid,True
KR,bull,0.25,0.06484793284241033,0.030000000000000002,0.02473697380769242,0.062011762907108914,0.06811023699186353,-0.05,1.5,0.9333446359302454,37.15763824757185,-0.0632963739102706,-0.008453820936847451,56.14835894455654,-0.043558732515072585,valid,True
IQV,bear,0.25,-0.03617459373697017,0.02,0.07814902738697521,0.13068624984876537,0.09372471980023114,0.0,0.5,0.0,-16.017377008209834,-0.8895240226585882,-0.95,0.0,-0.979830246899514,below_lower_bound,True
IQV,base,0.5,0.06724664334522268,0.025,0.11262374556294646,0.17424833313168714,0.12475852037817428,-0.04512769785559095,1.0,0.33743401511762194,37.891491901355266,-0.36240521355066446,-0.19402083692548328,55.61835766971478,-0.6423788544337073,valid,True
IQV,bull,0.25,0.14998363301097695,0.030000000000000002,0.1350263244520255,0.19167316644485588,0.14086324304446549,-0.04512769785559095,1.5,0.6573006996523314,95.30241589451728,-0.1513482569949701,-0.03728337530046698,141.9802735254259,-0.1711026372643042,valid,True
IR,bear,0.25,-0.23459184077220485,0.02,0.09616680615569534,0.12074375818888622,0.09684434944847882,0.0,0.5,0.0,-0.35627640714100445,-0.809097809754894,-0.6609922038333024,0.0,-0.9636890055281707,valid,True
IR,base,0.5,0.10263162786913815,0.025,0.15142001611754555,0.16099167758518163,0.11286835201702718,-0.01680683115341667,1.0,0.541054690539656,20.98271217098542,-0.32484780102968225,-0.17431932053877974,28.239885485000016,-0.6093004729665406,valid,True
IR,bull,0.25,0.37241040278221255,0.030000000000000002,0.18736263142392517,0.17709084534369982,0.12569781764436774,-0.01680683115341667,1.5,1.2,55.76092490650748,-0.08686858643777665,0.022788000450236746,86.93097206588526,0.121299377548999,valid,True
LVS,bear,0.25,-0.3191905451900803,0.02,0.061928711238512346,0.16434456377813741,0.07424337155912736,0.0,0.5,0.0,-10.699049018448271,,-0.95,0.0,-1.005195883712826,below_lower_bound,True
LVS,base,0.5,0.054816180819781346,0.025,0.22266116299469607,0.21912608503751654,0.1744297679294335,-0.04422423191591331,1.0,0.222944450668486,58.96284022856113,0.1680954178562388,0.13979818079387768,69.77706068342891,0.8292136696090537,valid,True
LVS,bull,0.25,0.3540215616276706,0.030000000000000002,0.36975005198837985,0.24103869354126822,0.2034063106251113,-0.04422423191591331,1.5,1.1998789283705589,254.12855867138418,0.7789244658313692,0.511460975278169,340.3453478080015,6.911993948717355,valid,True
TDY,bear,0.25,-0.04414144902463585,0.02,0.13512523694811582,0.16900858953025247,0.08872464824757978,0.0,0.5,0.0,122.02515956930458,-0.3994112604341352,-0.25354919338715254,118.55935678402703,-0.7268763893972485,valid,True
TDY,base,0.5,0.08520545518555012,0.025,0.1650039602819721,0.22534478604033661,0.17897591127347495,-0.007472542705419393,1.0,0.32467742180351,256.84036227819877,-0.22656472301750907,-0.11212140113420899,314.16331003160354,-0.4325569297922375,valid,True
TDY,bull,0.25,0.18868297855369887,0.030000000000000002,0.18400727259364358,0.2478792646443703,0.2062999388320263,-0.007472542705419393,1.5,0.6331565613934201,402.2271865174433,-0.10778975715802512,-0.018574725891812676,533.3886641938765,-0.08720667997092424,valid,True
VEEV,bear,0.25,0.12753229956328302,0.02,0.2214598477817807,0.44999999999999996,0.09219325092486912,0.007236486671113429,0.5,0.23561297700139208,104.2989916199132,-0.11961102415225466,-0.04334808161947873,105.58625859482432,-0.18088620595386617,valid,True
VEEV,base,0.5,0.18418176409255838,0.025,0.2581749952379913,0.6,0.5812111502842201,0.007236486671113429,1.0,0.2539090187900779,143.2794289492632,-0.01633479907759463,0.02994301240541975,156.9980331358781,0.14429292588058296,valid,True
VEEV,bull,0.25,0.22950133571597867,0.030000000000000002,0.28958464654206123,0.6,0.6,0.007236486671113429,1.5,0.3160017809546382,175.45497562857346,0.04998497838387268,0.07801829180680218,199.81680832959077,0.41371291153101075,valid,True
EL,bear,0.25,-0.06791792547667866,0.02,0.08157250537967238,0.02,0.09583633918736362,0.0,0.5,0.0,1.3222881563189108,-0.6133954208227805,-0.49711837841314255,2.949904776448867,-0.9365417058344863,valid,True
EL,base,0.5,0.025745979326938118,0.025,0.12251618571963457,0.02,0.09583633918736362,-0.0044041308425162295,1.0,1.2,6.268687101906223,-0.37928275637095793,-0.2487516244000289,24.52087103957958,-0.8035682001675137,valid,True
EL,bull,0.25,0.10067710316983154,0.030000000000000002,0.15478572011064667,0.022000000000000002,0.09583633918736362,-0.0044041308425162295,1.5,1.2,20.92544884176382,-0.2146181971766054,-0.12261758024105801,49.52809034029966,-0.5071905944699864,valid,True
NRG,bear,0.25,-0.3114451616454784,0.02,0.06279065324657312,0.02275606537365163,0.08847642517608555,0.0,0.5,0.0,-64.94323792587592,,-0.95,0.0,-1.1273565339533542,below_lower_bound,True
NRG,base,0.5,0.16951494556990554,0.025,0.09488985175466122,0.030341420498202175,0.08847642517608555,-0.045094497361712296,1.0,1.2,44.759861387757816,-0.18500684187165453,-0.08012455176212824,128.99145245006224,-0.3855596132453173,valid,True
NRG,bull,0.25,0.5542830313422127,0.030000000000000002,0.11950366430708288,0.033375562548022396,0.08847642517608555,-0.045094497361712296,1.5,1.2,356.99860694312963,0.36042934355791656,0.2920671192463488,621.7797975065215,2.899023379060548,valid,True
DOV,bear,0.25,-0.025156134180010392,0.02,0.13193719645342464,0.0437428987988258,0.0980344541435993,0.0,0.5,0.0,50.92404091654676,-0.33940635523176754,-0.212187013606308,53.06861462891416,-0.6507328812454173,valid,True
DOV,base,0.5,0.04711796611272545,0.025,0.1572083358717778,0.058323865065101066,0.0980344541435993,-0.019619214946472726,1.0,0.7320223521284971,62.77745451528721,-0.28310446357936603,-0.1601335630621179,89.11937685339092,-0.5787453596050807,valid,True
DOV,bull,0.25,0.10493724634691412,0.030000000000000002,0.17447364078586067,0.06415625157161117,0.0980344541435993,-0.019619214946472726,1.5,1.2,72.92934979881889,-0.23202723015856452,-0.11675451843184415,119.32341194625248,-0.46956444392768315,valid,True
RMD,bear,0.25,0.07358480007894316,0.02,0.2392812702022626,0.21013029126910354,0.08287179068147936,0.0,0.5,0.2991850422109908,112.80772175262344,-0.11987096028169612,-0.04212351407331877,121.25407949946077,-0.17820172751739172,valid,True
RMD,base,0.5,0.11055447389251383,0.025,0.276682754846858,0.28017372169213806,0.2736430277756852,-0.0033210501561848097,1.0,0.333520140824232,172.1232908416105,0.022166626469697828,0.05291500319726768,203.64524159829452,0.27190335755254824,valid,True
RMD,bull,0.25,0.14013021294337036,0.030000000000000002,0.30856026829093597,0.3081910938613519,0.28017372169213806,-0.0033210501561848097,1.5,0.3832173372531934,218.29965561974166,0.10554103464237416,0.10901683421689087,266.8378831122507,0.6262416208359651,valid,True
TPR,bear,0.25,-0.005939311242615819,0.02,0.08855626212116544,0.15428515333621373,0.10912042664221153,0.0,0.5,0.0,12.067931650732639,-0.5292029509873828,-0.3481337791279656,12.410363136717933,-0.8453774045095503,valid,True
TPR,base,0.5,0.08507762923902185,0.025,0.15222930660687622,0.20571353778161833,0.17957544190729485,-0.05,1.0,0.3551642938967821,40.91456910786518,-0.2978870048478711,-0.16217434301215683,57.15963874222965,-0.5814752243591612,valid,True
TPR,bull,0.25,0.15789118162433197,0.030000000000000002,0.2074399239383108,0.22628489155978018,0.1988940641351762,-0.05,1.5,0.5847184245816562,75.96704517065194,-0.13314188668737176,-0.03276788203511383,113.89208997575655,-0.15167453192483726,valid,True
ATO,bear,0.25,-0.07592105582836534,0.02,0.20435657621872005,0.0523468491079218,0.06849631752778236,0.06668762686329768,0.5,0.0,6.109539526229359,-0.6685944960307098,-0.5392707950319162,2.74625951365042,-0.9385875307566612,valid,True
ATO,base,0.5,0.07335216848786885,0.025,0.26134417377789865,0.0697957988105624,0.06919426892476352,0.06668762686329768,1.0,0.9124006870834458,43.2248263677189,-0.3565022711467464,-0.22057164781144817,48.214300934395105,-0.7209662481460185,valid,True
ATO,bull,0.25,0.1927707479408562,0.030000000000000002,0.2962651760241404,0.07677537869161864,0.06945416518131953,0.06668762686329768,1.5,1.2,86.70696810817955,-0.21743964055785908,-0.11067222960118668,101.62386389124214,-0.4661163609615684,valid,True
TPL,bear,0.25,0.07623869470502953,0.02,0.701320041117578,0.16807812070587075,0.07533515062561982,0.0,0.5,0.38667112346975197,109.62049864825636,-0.34153136115637606,-0.19990916954920973,121.28480277083263,-0.6512610268106,valid,True
TPL,base,0.5,0.20940457086455577,0.025,0.786585672348183,0.22410416094116098,0.22136681115135504,-0.0030453059640681824,1.0,0.7698369185431637,207.7921560086312,-0.18959921833738913,-0.07903284503699978,261.3730735852284,-0.3316620746235386,valid,True
TPL,bull,0.25,0.3159372717921768,0.030000000000000002,0.8578815420378842,0.2465145770352771,0.22410416094116098,-0.0030453059640681824,1.5,1.0496329285903179,309.9102005357234,-0.08698481534811434,0.0020113787701120872,406.1011590932198,0.009977161496736109,valid,True
FICO,bear,0.25,0.13645964123549845,0.02,0.30153188868834924,0.44999999999999996,0.10186402358933014,0.0,0.5,0.25148380664088615,184.6930551648813,-0.4373020955950778,-0.2511221517179365,209.71338864977724,-0.7293039530844516,valid,True
FICO,base,0.5,0.1904233651549354,0.025,0.3888932635167768,0.6,0.5589535955437608,-0.040531708718765325,1.0,0.2622311535399139,421.84327613458436,-0.24709939074091375,-0.10853985647627265,533.1353018515515,-0.41348068046559616,valid,True
FICO,bull,0.25,0.23359434429048498,0.030000000000000002,0.46561451865538533,0.6,0.6,-0.040531708718765325,1.5,0.32145912572064667,638.4899930684478,-0.13742843906366023,-0.02765734882668764,833.9983830695667,-0.12329138058320954,valid,True
HAL,bear,0.25,-0.18012419263178434,0.02,0.039057637403725004,0.10200795967485862,0.07266671799933183,0.0,0.5,0.0,0.6948180125408082,-0.7802796339266933,-0.6639153240830638,0.0,-0.9377607219300051,valid,True
HAL,base,0.5,0.0012557677575857351,0.025,0.11024930210138989,0.1360106128998115,0.10255236761337815,-0.02600056690526298,1.0,0.04414812989991982,28.879442506612747,0.019152187742292912,0.0393149449490011,34.91906370967758,0.1996571596496508,valid,True
HAL,bull,0.25,0.1463597360690818,0.030000000000000002,0.17105217506204082,0.14961167418979268,0.11522114659347407,-0.02600056690526298,1.5,0.8227151358464188,73.87229355711676,0.3735598392784596,0.26870055384933944,100.96346035183201,2.2280094937618724,valid,True
PPG,bear,0.25,-0.060794748250067324,0.02,0.1059974390689361,0.08384313166955405,0.0863706832275615,0.0,0.5,0.0,32.87350625707043,-0.29448496510740363,-0.17807069754344404,32.63966174848627,-0.5708162087609444,valid,True
PPG,base,0.5,0.032008772536032404,0.025,0.12688760969798327,0.11179084222607207,0.10569508809822924,-0.02002917229507605,1.0,0.2737882407838922,63.644177418273,-0.12811789849656632,-0.04803313249140044,81.49383966352784,-0.20971835248635418,valid,True
PPG,bull,0.25,0.10625158916491219,0.030000000000000002,0.14131031886072423,0.12296992644867928,0.11077911989793135,-0.02002917229507605,1.5,0.7400286717249405,91.28877871309851,-0.019466815260238912,0.033261519117513696,129.03898602038663,0.17475718843323862,valid,True
OTIS,bear,0.25,-0.012945737287902853,0.02,0.12991219804550586,0.44999999999999996,0.07894689088529201,0.0,0.5,0.0,26.69918490374148,-0.23113473554840308,-0.12164403711212794,26.815203379676984,-0.43403777585874026,valid,True
OTIS,base,0.5,0.030404304793151704,0.025,0.1447580284207614,0.6,0.5920799927414564,-0.027044762448158233,1.0,0.04887240639086894,54.057412280474026,-0.012535842228680821,0.025103122787550114,63.53232884608069,0.12026342765845,valid,True
OTIS,bull,0.25,0.06508433845799536,0.030000000000000002,0.1571024400649062,0.6,0.6,-0.027044762448158233,1.5,0.09677911794399381,74.59425179547449,0.09522265041014183,0.09706493497360502,90.76473407956908,0.536198179540647,valid,True
WSM,bear,0.25,-0.025106595881056765,0.02,0.13129290312012917,0.053884006460933734,0.11750890244280517,0.0,0.5,0.0,47.024693919308106,-0.36404490643762977,-0.22806027244951105,47.85586446771229,-0.6757448830928244,valid,True
WSM,base,0.5,0.040782120448498715,0.025,0.16663394849440455,0.07184534194791165,0.11750890244280517,-0.049880564781202744,1.0,0.5237040473142692,61.18804017867846,-0.3023609426338226,-0.1755784178574686,85.00760769504203,-0.6134271338682993,valid,True
WSM,bull,0.25,0.0934930935121431,0.030000000000000002,0.19758835517456474,0.07902987614270282,0.11750890244280517,-0.049880564781202744,1.5,1.0223282479125408,74.34463100992907,-0.23613278225820972,-0.12090775151445991,118.85605457177844,-0.47460660457933346,valid,True
MTD,bear,0.25,0.002438922357651939,0.02,0.24098788145378072,0.23771869877274107,0.10323258480219971,0.0,0.5,0.02503437010569722,292.1737765581318,-0.3430396453528374,-0.2014592793933843,301.95108128634007,-0.6299159504298824,valid,True
MTD,base,0.5,0.05259318488099951,0.025,0.2726700953622288,0.31695826503032143,0.31210669208914305,-0.037855029059131594,1.0,0.14851970463775815,466.3279816871319,-0.23800321867311133,-0.12188497201896095,612.2284782374135,-0.4705186430942604,valid,True
MTD,bull,0.25,0.09271659489967757,0.030000000000000002,0.29933381616553506,0.3486540915333536,0.31695826503032143,-0.037855029059131594,1.5,0.22995076744158147,611.3574362682551,-0.1612133626775175,-0.06190514159970915,841.8190005111366,-0.268580087716884,valid,True
HUBB,bear,0.25,-0.012815535875035478,0.02,0.10802786026388227,0.14997308345878568,0.0864401305372598,0.0,0.5,0.0,75.77831732515077,-0.4535443745167868,-0.29283077413929265,71.08592445692894,-0.7810884920385981,valid,True
HUBB,base,0.5,0.07002757108214652,0.025,0.13879854972726194,0.19996411127838093,0.17805398299534456,-0.006036544311443459,1.0,0.30516504424519003,156.49093415202609,-0.2904944853478811,-0.1594087286342983,188.61723771991458,-0.5611626807008758,valid,True
HUBB,bull,0.25,0.13630205664789213,0.030000000000000002,0.16346904293012846,0.21996052240621905,0.19996411127838093,-0.006036544311443459,1.5,0.5230104205056256,242.90637797684,-0.17827214011922474,-0.07249894751876124,314.66622944077153,-0.30475141493911473,valid,True
WST,bear,0.25,0.004111650223088417,0.02,0.1625129753593737,0.02,0.10323029783180895,0.0,0.5,0.3644660089235367,49.73986725519263,-0.4234551254892721,-0.27962467194447516,65.1305444590385,-0.7871322184292124,valid,True
WST,base,0.5,0.08672224077228885,0.025,0.20320865651832,0.02,0.10323029783180895,-0.01614030484317646,1.0,1.2,57.35782258039435,-0.3656695709520137,-0.22931877581431756,103.16826770688091,-0.7363731447911004,valid,True
WST,bull,0.25,0.15281071321164919,0.030000000000000002,0.23617428038330945,0.022000000000000002,0.10323029783180895,-0.01614030484317646,1.5,1.2,80.71956034638245,-0.3006154610484373,-0.17610267848940564,144.61157346784603,-0.6287680279863314,valid,True
DG,bear,0.25,-0.010669503890439705,0.02,0.06257618132380742,0.02,0.065,0.0,0.5,0.0,66.52315544897081,-0.06536334234988313,-0.041039389575598724,85.01949513111214,-0.1747773033699237,valid,True
DG,base,0.5,0.06321153293636028,0.025,0.08277072295880822,0.02,0.065,-0.009471110385633226,1.0,1.2,106.25639856561222,0.09163303148234266,0.058274984522722686,185.10431204366398,0.35679606846934564,valid,True
DG,bull,0.25,0.12231636239780028,0.030000000000000002,0.09792949380899514,0.022000000000000002,0.065,-0.009471110385633226,1.5,1.2,178.60025833523247,0.25641692200442784,0.1622725285531488,289.10556161728886,1.2216102020683066,valid,True
PHM,bear,0.25,-0.05873708221473253,0.02,0.14415432495514793,0.07222667908092303,0.10053835998150672,0.0,0.5,0.0,83.21678296571223,-0.07303847795119506,-0.02253575522336175,83.63965693819178,-0.09321389816210102,valid,True
PHM,base,0.5,0.02114038617563524,0.025,0.17968502312346285,0.09630223877456404,0.10053835998150672,-0.05,1.0,0.22753685915654756,118.97425935634726,0.046437330823391694,0.06569123453227806,160.04705702637102,0.3560793092358532,valid,True
PHM,bull,0.25,0.08504236088792946,0.030000000000000002,0.20701669368665418,0.10593246265202044,0.10053835998150672,-0.05,1.5,0.6988781989666274,147.99100521178028,0.12528623797697952,0.12335365559556524,216.86698884780878,0.7667126601346168,valid,True
DVN,bear,0.25,-0.19959129422224275,0.02,0.14453314225308567,0.05282924652946335,0.065,0.0,0.5,0.0,16.230388110436074,-0.19232892366126178,-0.13594380085123697,14.951634253373058,-0.4660456922279874,valid,True
DVN,base,0.5,0.25,0.025,0.24335070512560336,0.0704389953726178,0.0682943994971946,-0.020004909218410173,1.0,1.2,115.90467032007768,0.4456290350295604,0.3026901906589047,162.3767519286738,2.922074510186725,valid,True
DVN,bull,0.25,0.6096730353777942,0.030000000000000002,0.3241250299665832,0.07748289490987958,0.06938219857171816,-0.020004909218410173,1.5,1.2,386.5381326461147,1.025029128883034,0.6464847933035345,534.6532368674634,12.000307855025381,valid,True
WAT,bear,0.25,0.17920891752456808,0.02,0.24984161929676618,0.02165895263500694,0.09493950579940233,0.08,0.5,1.2,45.86429279882367,-0.4339486703102011,-0.2829335187925608,81.25705625965215,-0.8374253111455565,valid,True
WAT,base,0.5,0.25,0.025,0.28803615176012815,0.02887860351334259,0.09493950579940233,0.08,1.0,1.2,91.36038356504135,-0.3377045996589003,-0.20572074492374665,131.1544763355269,-0.7073109455341404,valid,True
WAT,bull,0.25,0.30663286598034556,0.030000000000000002,0.3106292060634028,0.03176646386467685,0.09493950579940233,0.08,1.5,1.2,130.3836665603802,-0.2743996573233743,-0.15748085409722984,175.99694934258156,-0.5957183916281014,valid,True
RL,bear,0.25,-0.026221916815136165,0.02,0.07689725754034343,0.42188013958998694,0.1061929385764837,0.0,0.5,0.0,63.73981224159219,-0.43175161043036503,-0.2748561025538946,58.73472968322513,-0.751699594873425,valid,True
RL,base,0.5,0.08603184065074887,0.025,0.11167506474262193,0.5625068527866492,0.4982122222744369,-0.03834382930194562,1.0,0.13124368557444052,148.68617713054357,-0.24270325378747654,-0.12291325422702352,191.2289890626538,-0.4732407082036365,valid,True
RL,bull,0.25,0.1758348466234569,0.030000000000000002,0.1424174934804258,0.6,0.5625068527866492,-0.03834382930194562,1.5,0.2444464621646092,251.55741809608043,-0.08787375731044447,-0.0025812417850829376,350.72059678977826,-0.012521196697745096,valid,True
DGX,bear,0.25,-0.02379991733030863,0.02,0.11313185329669273,0.02,0.06783622825390918,0.0,0.5,0.0,61.006959440715384,-0.27074842482397793,-0.17967493710166305,70.51788443511627,-0.587351004466324,valid,True
DGX,base,0.5,0.06772189267015305,0.025,0.14573039501972124,0.02,0.06783622825390918,-0.02119881880977571,1.0,1.2,89.45649370647843,-0.14436895167455072,-0.08071136291546278,162.36953120416078,-0.3621201410618011,valid,True
DGX,bull,0.25,0.14093934067052238,0.030000000000000002,0.17008569694845924,0.022000000000000002,0.06783622825390918,-0.02119881880977571,1.5,1.2,157.61220487474012,-0.00764127828879279,0.015885219880146934,261.9240874310924,0.08651682904412938,valid,True
STZ,bear,0.25,-0.10134448162749869,0.02,0.2887384357869511,0.08953105418609003,0.065,0.0,0.5,0.0,79.51833817315519,-0.09639505791710687,-0.05156790538458149,78.1300161016974,-0.20647966796891193,valid,True
STZ,base,0.5,-0.04399910560587522,0.025,0.32804807294105043,0.1193747389147867,0.11008209603424965,-0.03856208853908019,1.0,0.0,162.9916635291688,0.14888134872308006,0.11058993111946619,180.12435527159357,0.6062681425929792,valid,True
STZ,bull,0.25,0.0018771952114235574,0.030000000000000002,0.3540274766511902,0.13131221280626537,0.1193747389147867,-0.03856208853908019,1.5,0.05712915812489385,235.41717050868323,0.291349431668641,0.20009684839169503,274.71967019062686,1.317730957606158,valid,True
LH,bear,0.25,-0.07594855995428412,0.02,0.07255797121465882,0.02,0.07820364154402067,0.0,0.5,0.0,24.014624883757662,-0.4942263993594679,-0.36649114044557785,24.800306833853384,-0.8423490165201728,valid,True
LH,base,0.5,0.040489778398610454,0.025,0.11604691500812825,0.02,0.07820364154402067,-0.038212582322040126,1.0,1.2,70.25240299390178,-0.23104399694420857,-0.14144816225161772,156.02992279833575,-0.5623690574957971,valid,True
LH,bull,0.25,0.13364044908092612,0.030000000000000002,0.14824217303300663,0.022000000000000002,0.07820364154402067,-0.038212582322040126,1.5,1.2,172.30514398959838,-0.039751987237832465,-0.005303577633458161,314.04749322097746,-0.027702790471696326,valid,True
DRI,bear,0.25,-0.009150368662971059,0.02,0.08429581132235897,0.17965475956433877,0.06972723369224176,0.0,0.5,0.0,75.32217504403584,-0.24903132482140788,-0.1395970344892703,75.02219613300444,-0.48852214246505077,valid,True
DRI,base,0.5,0.08000299208784523,0.025,0.11369714016231727,0.23953967941911836,0.2101791075529414,-0.02468397476974415,1.0,0.288062478156464,213.72056468235826,0.07474334514699878,0.08195699334901291,255.51325768379715,0.45033557132031143,valid,True
DRI,bull,0.25,0.15132568068849825,0.030000000000000002,0.13844427656973113,0.2634936473610302,0.23953967941911836,-0.02468397476974415,1.5,0.4822148306926902,371.57645252464937,0.2790365444612689,0.21248045474640095,463.6108182047843,1.522133200591683,valid,True
CHD,bear,0.25,-0.026314372762612843,0.02,0.14994430150235707,0.02283452078418739,0.067686384541888,0.0,0.5,0.0,33.93670808083714,-0.24020470839459446,-0.1507185858616139,36.88330531009761,-0.5239774132910116,valid,True
CHD,base,0.5,0.026801180587667728,0.025,0.18558024830582392,0.030446027712249853,0.067686384541888,-0.013830795273169863,1.0,0.8684530119998466,42.18931220792999,-0.17151663744589313,-0.09515353598399084,58.53120855528915,-0.3930854134261955,valid,True
CHD,bull,0.25,0.06929362326789218,0.030000000000000002,0.21333274616125938,0.033490630483474844,0.067686384541888,-0.013830795273169863,1.5,1.2,52.12132884003882,-0.1087727319449186,-0.050684359576553074,79.05382206826206,-0.23528673799185418,valid,True
CPAY,bear,0.25,0.07687608938926577,0.02,0.39762198677780647,0.22722114820068384,0.07415668840713287,0.0,0.5,0.2882692567575692,318.4617666069424,0.04134824690117969,0.06543095137167261,347.66931210305614,0.3361624338151521,valid,True
CPAY,base,0.5,0.1334515183605599,0.025,0.43970602965951056,0.3029615309342451,0.30035315572943605,-0.04409094335017166,1.0,0.3688957285890684,543.2815654357917,0.2604742240655469,0.20357808988192122,747.5204052960798,1.4666904303518664,valid,True
CPAY,bull,0.25,0.17871186153759522,0.030000000000000002,0.47444258478560425,0.33325768402766964,0.3029615309342451,-0.04409094335017166,1.5,0.44700991565946174,719.2750827036224,0.38014741527149454,0.2791293350310297,1016.9095952684138,2.3272589664045404,valid,True
EXPD,bear,0.25,-0.08469932471478275,0.02,0.08733244003857879,0.3922369155909234,0.0962645361131727,0.0,0.5,0.0,52.34969887089517,-0.26722480311873364,-0.1574557844869559,51.47209048858363,-0.5324962014457438,valid,True
EXPD,base,0.5,0.05034984851223534,0.025,0.09817747651779296,0.5229825541212312,0.5146615527700741,-0.05,1.0,0.08658009421723858,93.89373586930415,-0.11313450465677302,-0.03996872751740735,122.44388478793556,-0.18095842709682608,valid,True
EXPD,bull,0.25,0.1583891870938498,0.030000000000000002,0.10726268173042569,0.5752808095333544,0.5229825541212312,-0.05,1.5,0.23068968662926576,137.50351089364327,0.008633672131691156,0.054986401135101934,191.92225370706115,0.2992673240675756,valid,True
OMC,bear,0.25,0.1837256957835659,0.02,0.12745025010394337,0.036852502102053424,0.065,0.0,0.5,1.2,125.75770647270106,0.2639071478624828,0.18521010607946667,187.62957696578437,1.4464664674378156,valid,True
OMC,base,0.5,0.25,0.025,0.14642359336986555,0.049136669469404565,0.065,-0.010135876659609409,1.0,1.2,186.36944435884396,0.4112326770089567,0.2775315247359685,271.49803512128045,2.601769849838368,valid,True
OMC,bull,0.25,0.3030194433731473,0.030000000000000002,0.15888914002846408,0.054050336416345025,0.065,-0.010135876659609409,1.5,1.2,241.30041129569278,0.5178284328896552,0.3423791389912366,348.1542906972888,3.6432811978815813,valid,True
LEN,bear,0.25,-0.10960458160472555,0.02,0.09737431702087898,0.02,0.09984623144219293,0.0,0.5,0.0,51.8908320118775,-0.0444599797716364,-0.02121444909134876,57.74398389586684,-0.08726970502094877,valid,True
LEN,base,0.5,0.013600616050386649,0.025,0.13824940334022323,0.02,0.09984623144219293,-0.05,1.0,0.7940246420154659,80.31063708003933,0.1450270815286786,0.08372099327971227,143.43681560105114,0.49873717256407146,valid,True
LEN,bull,0.25,0.11216477417447641,0.030000000000000002,0.1665659138601416,0.022000000000000002,0.09984623144219293,-0.05,1.5,1.2,128.30854708897482,0.3002804879914038,0.18139949337928557,240.84698384924747,1.397076027904173,valid,True
PKG,bear,0.25,-0.022793511096388164,0.02,0.12238873120003008,0.020456802501461153,0.07949184111001761,0.0,0.5,0.0,65.00484892717454,-0.27684418845747133,-0.18067131079442333,76.32127674976921,-0.5886580621220499,valid,True
PKG,base,0.5,0.06711597844689388,0.025,0.1454775627681674,0.027275736668614874,0.07949184111001761,-0.015341696740007741,1.0,1.2,77.21215099879669,-0.2039712910249363,-0.11398292733938428,144.35346649589854,-0.4728676676167892,valid,True
PKG,bull,0.25,0.13904357008151952,0.030000000000000002,0.16135652632551434,0.030003310335476364,0.07949184111001761,-0.015341696740007741,1.5,1.2,122.04760229952257,-0.1040475205867551,-0.04059144205821209,214.2754134854054,-0.19521592317702985,valid,True
FIS,bear,0.25,-0.014173192991910583,0.02,0.12596671638901216,0.053831789747769296,0.07705279748825007,0.0,0.5,0.0,17.802711518710733,-0.16993827102705836,-0.08971781223081048,18.341562015709062,-0.337429686087404,valid,True
FIS,base,0.5,0.16763470127683078,0.025,0.16954243194082974,0.0717757196636924,0.07705279748825007,-0.05,1.0,1.2,33.91452376755051,0.016516665834933546,0.055546007002703866,52.34404907563638,0.32243225084570204,valid,True
FIS,bull,0.25,0.31308101669182387,0.030000000000000002,0.1930070242158261,0.07895329163006164,0.07705279748825007,-0.05,1.5,1.2,59.5454328864788,0.19348160366062078,0.1754782910575159,90.95502857118281,1.3052472735741203,valid,True
SNA,bear,0.25,-0.038317725872596936,0.02,0.23029607826087045,0.1278122228407859,0.0794914601538672,0.0,0.5,0.0,210.6371405169632,-0.14039492970914574,-0.06879076232871736,212.09688669652007,-0.2723378131745259,valid,True
SNA,base,0.5,0.02777691043942876,0.025,0.2560587847667042,0.17041629712104786,0.16262403859296048,-0.008788751583065186,1.0,0.15973547607484612,315.423523189093,-0.010837077288306289,0.0219359109309153,366.919174228719,0.10648331627473961,valid,True
SNA,bull,0.25,0.08065261948904931,0.030000000000000002,0.2746889738228614,0.18745792683315265,0.17041629712104786,-0.008788751583065186,1.5,0.37620225926219597,402.5027823821039,0.07021440558310135,0.07928825123526624,496.085175700876,0.4364470393092441,valid,True
TSN,bear,0.25,-0.037493628249083255,0.02,0.04217585249379675,0.02,0.06869924201238052,0.0,0.5,0.0,42.46805954564479,0.0012761052465066593,0.0019272984936833657,49.746929859555024,0.008853347104597953,valid,True
TSN,base,0.5,0.03732345638661061,0.025,0.06748815026900128,0.02,0.06869924201238052,-0.013382987494740161,1.0,1.2,75.77144338431191,0.22363338144496084,0.12690690682502465,123.05331598806976,0.8864003671949565,valid,True
TSN,bull,0.25,0.09717712409516571,0.030000000000000002,0.08779451449800264,0.022000000000000002,0.06869924201238052,-0.013382987494740161,1.5,1.2,131.2783358899664,0.435109162889421,0.25093230480561035,204.5885113646423,2.2448043530763817,valid,True
IFF,bear,0.25,-0.36743982039176326,0.02,0.0028503937226789233,0.026086291770429138,0.0829473428846981,0.0,0.5,0.0,-18.75794253036157,,-0.95,0.0,-1.0432778512319174,below_lower_bound,True
IFF,base,0.5,0.06624472153613836,0.025,0.07201006934549255,0.034781722360572184,0.0829473428846981,0.0,1.0,1.2,5.198276824936206,-0.450273545482196,-0.2717792538518551,18.86350574032753,-0.833993670079273,valid,True
IFF,bull,0.25,0.41319235507845964,0.030000000000000002,0.1317184233667103,0.03825989459662941,0.0829473428846981,0.0,1.5,1.2,94.54350136466589,0.10265149038750682,0.1262695790268481,156.24295891461796,0.8570623184778521,valid,True
ROL,bear,0.25,0.06492612441267517,0.02,0.16562677064677486,0.17177373773955934,0.07929238401329555,0.0,0.5,0.32566619476463193,12.480755711173783,-0.2962123155593872,-0.16464226706884805,13.880436910068635,-0.5678214065867146,valid,True
ROL,base,0.5,0.10117786092257697,0.025,0.18720936478423789,0.22903165031941247,0.22570743860741668,-0.009205913670089404,1.0,0.3752419747148685,20.094191509188047,-0.17224822309799492,-0.07566542247077447,24.93529132333106,-0.31665719106181944,valid,True
ROL,bull,0.25,0.13017925013049841,0.030000000000000002,0.20536041126520585,0.25193481535135376,0.22903165031941247,-0.009205913670089404,1.5,0.43719007216525574,25.81191178874918,-0.10038410027045755,-0.02382821501232681,32.94851079498702,-0.11054414234478382,valid,True
HPQ,bear,0.25,-0.03558595306677347,0.02,0.05708248398505336,0.02,0.08768551878560607,0.0,0.5,0.0,25.06355361149146,0.19597459174692636,0.13241683789528913,28.215450342197972,0.688771203618016,valid,True
HPQ,base,0.5,0.018368524392322616,0.025,0.06576206509215812,0.02,0.08768551878560607,-0.05,1.0,0.9847409756929046,23.332692194270024,0.1927285477519036,0.10831596897915008,41.205680917147575,0.7016250026674369,valid,True
HPQ,bull,0.25,0.061532106359599485,0.030000000000000002,0.07314547589629646,0.022000000000000002,0.08768551878560607,-0.05,1.5,1.2,30.061022616249605,0.2742198693566025,0.15956539940088993,54.48894646985997,1.196463355812226,valid,True
LII,bear,0.25,-0.0029615958138928394,0.02,0.12487838816015821,0.14702530675293563,0.09929099724186426,0.0,0.5,0.01109144666928687,106.65357423619557,-0.3923086881331984,-0.2413827079129987,105.79696602811077,-0.7003905719241458,valid,True
LII,base,0.5,0.05311072217030122,0.025,0.1496697217049871,0.19603374233724752,0.1912062793569879,-0.008973566961722204,1.0,0.24224695794739148,179.26278917215194,-0.2696734786222805,-0.14355337765518916,218.89531810835058,-0.5166121103186205,valid,True
LII,bull,0.25,0.09796857655765646,0.030000000000000002,0.17109573155727936,0.2156371165709723,0.19603374233724752,-0.008973566961722204,1.5,0.3912817171173545,247.74321362519345,-0.18436703025072343,-0.07744904588907954,322.06095399955217,-0.3186168933627149,valid,True
EFX,bear,0.25,-0.0043511606650208645,0.02,0.10198494436412293,0.02,0.0964834160541626,0.0,0.5,0.02595357339916543,-3.706398257172731,-0.8008104137334159,-0.95,1.7978192433930786,-0.9696188901455371,below_lower_bound,True
EFX,base,0.5,0.10090528387784747,0.025,0.17880493808027148,0.02,0.0964834160541626,-0.011272312985649308,1.0,1.2,17.934857620276038,-0.3341721784556284,-0.2019610895687946,64.1280573627411,-0.7145161045531575,valid,True
EFX,bull,0.25,0.18511043951214215,0.030000000000000002,0.23740292055665957,0.022000000000000002,0.0964834160541626,-0.011272312985649308,1.5,1.2,60.958787412965506,-0.13826085564214732,-0.05975479467306283,137.69680944404726,-0.28053390674594647,valid,True
FTV,bear,0.25,-0.133628775346538,0.02,0.13744074772752884,0.058910850028248134,0.08751024676094137,0.0,0.5,0.0,4.807888144802083,-0.5230437414371409,-0.37597134825773537,4.283088358561136,-0.8620035989854609,valid,True
FTV,base,0.5,0.008631953075127596,0.025,0.17465117318383777,0.07854780003766418,0.08751024676094137,-0.05,1.0,0.15157092183859106,16.068688049394602,-0.30395550773246216,-0.17562394994311042,18.77385695765651,-0.5862939784472754,valid,True
FTV,bull,0.25,0.12244053581246007,0.030000000000000002,0.19718566055750883,0.0864025800414306,0.08751024676094137,-0.05,1.5,1.2,22.90996807683732,-0.21143115225713696,-0.09192538856295863,35.56807965702731,-0.3876390028443526,valid,True
DD,bear,0.25,-0.2239339670352366,0.02,0.11044339443968584,0.02775706010871372,0.09282145774356307,0.0,0.5,0.0,4.460422854092262,-0.6110090703819879,-0.5039598241011845,3.5375999943690215,-0.9355637999091676,valid,True
DD,base,0.5,-0.05,0.025,0.1422084324504564,0.03700941347828496,0.09282145774356307,-0.05,1.0,0.0,28.03773860710008,-0.36708695157140026,-0.2371085842663887,33.673643522694356,-0.7325657963507721,valid,True
DD,bull,0.25,0.08914717362818926,0.030000000000000002,0.1597007211383369,0.04071035482611346,0.09282145774356307,-0.05,1.5,1.2,34.525596608732215,-0.265212866506772,-0.14596379237191281,66.75750154870342,-0.5651949928772333,valid,True
NVR,bear,0.25,-0.06671953899850432,0.02,0.13457830358203945,0.17760131116151034,0.08870225914971397,0.0,0.5,0.0,3799.34964738505,-0.11427617116278266,-0.05124344678624763,3757.0852711421,-0.20596168964189765,valid,True
NVR,base,0.5,-0.0045291649973507875,0.025,0.16300107727747046,0.2368017482153471,0.22870070616345697,-0.05,1.0,0.005813588845921147,6102.369028185288,0.049269105733219506,0.06028412502037102,7980.089148892332,0.325646646037435,valid,True
NVR,bull,0.25,0.04522313420357203,0.030000000000000002,0.18764141097467776,0.26048192303688184,0.2368017482153471,-0.05,1.5,0.16192489241138447,8181.277453164531,0.16382651270578213,0.13861530415470047,11318.353984346266,0.871392516070864,valid,True
IEX,bear,0.25,-0.02338625781802206,0.02,0.20025010745849048,0.03709832454627454,0.08952291670122829,0.0,0.5,0.0,59.65389981297062,-0.3027709864836652,-0.1870152398303616,64.57239941348844,-0.6032571843917149,valid,True
IEX,base,0.5,0.05197013521589966,0.025,0.2322517632887101,0.04946443272836605,0.08952291670122829,-0.00871749288164685,1.0,0.9416080525676387,71.15623181934396,-0.24741038724314415,-0.13448759111925024,104.8923765405124,-0.5130875472731687,valid,True
IEX,bull,0.25,0.11225524964303704,0.030000000000000002,0.25252006003758415,0.05441087600120266,0.08952291670122829,-0.00871749288164685,1.5,1.2,85.6228264566666,-0.1970129336114041,-0.09274864418839567,141.26681864007242,-0.39450845262387235,valid,True
CF,bear,0.25,-0.07769698711740997,0.02,0.2276359016091426,0.13475001550580507,0.06605749558555447,0.0,0.5,0.0,106.78583748566,0.0724359873100184,0.06432505062548446,102.63380966899106,0.3082994896356128,valid,True
CF,base,0.5,0.14919431277437456,0.025,0.31057439237664275,0.17966668734107344,0.16765819577251506,-0.05,1.0,0.6921452833569935,332.47729298887003,0.5565165543346664,0.3699648955429439,469.5191646479501,3.6793325137855044,valid,True
CF,bull,0.25,0.33070735268780216,0.030000000000000002,0.38393011026736157,0.1976333560751808,0.17966668734107344,-0.05,1.5,1.2,696.5948079881219,0.8889464059611785,0.5643036410561764,983.0250751635247,8.495657092488036,valid,True
MAS,bear,0.25,-0.03188712150345829,0.02,0.1509305979796456,0.02,0.09952558440880277,0.0,0.5,0.0,23.751778762560843,-0.24196881564566863,-0.15745459606405338,27.47727172956043,-0.5192925139013616,valid,True
MAS,base,0.5,0.021114000408810507,0.025,0.16795059838708515,0.02,0.09952558440880277,-0.043758825476734486,1.0,1.0945600163524203,17.068780050982948,-0.24299940856872126,-0.15343040345469489,41.01638033120093,-0.5867492181956474,valid,True
MAS,bull,0.25,0.06351489793862555,0.030000000000000002,0.18208604726722652,0.022000000000000002,0.09952558440880277,-0.043758825476734486,1.5,1.2,23.954094170643945,-0.18035612390376626,-0.10435447883792218,54.497421347254544,-0.44435171163491005,valid,True
BALL,bear,0.25,-0.06684405738525387,0.02,0.06993084160780669,0.05971866935620189,0.08684393209609183,0.0,0.5,0.0,2.4806974124630417,-0.604936622228706,-0.46376531249261455,2.212422718807106,-0.9095502071715106,valid,True
BALL,base,0.5,0.06859115738395538,0.025,0.08794729929249331,0.07962489247493586,0.08684393209609183,-0.05,1.0,0.7519372905402789,17.37958721818912,-0.27334214999573303,-0.13687412735307586,28.35791274964796,-0.5261511042517775,valid,True
BALL,bull,0.25,0.17693932919932276,0.030000000000000002,0.09999565324719135,0.08758738172242946,0.08684393209609183,-0.05,1.5,1.2,32.46674079760996,-0.13197249984368675,-0.0252559365937486,58.58513072689571,-0.1290985434568115,valid,True
GPC,bear,0.25,-0.026939557879983533,0.02,0.05044078212068981,0.02072222169757787,0.06896030704955705,0.0,0.5,0.0,42.74202590371314,-0.20059638943057503,-0.13022178377141239,51.424096134230425,-0.46582568056240115,valid,True
GPC,base,0.5,0.05040016709938244,0.025,0.061460954263392015,0.027629628930103824,0.06896030704955705,-0.013203884664710704,1.0,1.2,58.09279534921253,-0.10153137877350672,-0.04943619030527767,104.887704225742,-0.2380846266724722,valid,True
GPC,bull,0.25,0.11227194708287522,0.030000000000000002,0.06902671347172028,0.03039259182311421,0.06896030704955705,-0.013203884664710704,1.5,1.2,93.52806061695878,0.02054224931634965,0.03234905484714548,158.24865920924867,0.1838762968960277,valid,True
BR,bear,0.25,0.025094171634290396,0.02,0.12391508453307068,0.12617677175397177,0.08180989441965891,0.0,0.5,0.1908064136747458,54.87043320528304,-0.21209883712581357,-0.1066953252680832,59.47604570286283,-0.3980433212738771,valid,True
BR,base,0.5,0.0740980483688124,0.025,0.14387942785845714,0.16823569567196237,0.1568015621662826,-0.00919568535017788,1.0,0.38207372364295666,94.31363203385224,-0.052121306245680885,0.005254454369423938,118.31032090826758,0.025175616232168796,valid,True
BR,bull,0.25,0.11330114975642999,0.030000000000000002,0.15883029252011568,0.1850592652391586,0.16823569567196237,-0.00919568535017788,1.5,0.5222160570034229,127.97184521433539,0.0464138192473911,0.07286472551058981,167.69619177984154,0.40267497109965866,valid,True
ZBH,bear,0.25,-0.13154106816216665,0.02,0.07665225462618466,0.44999999999999996,0.065,0.0,0.5,0.0,-1.6527144748681997,-0.8216467540507437,-0.75104452908854,0.0,-0.9551460995536901,valid,True
ZBH,base,0.5,0.023314496854946132,0.025,0.13425669510777075,0.6,0.1797575,-0.03009435850372267,1.0,0.039419329139928176,78.79379414299295,0.03465905190678317,0.0499705112539232,90.46898093856505,0.25459799000590966,valid,True
ZBH,bull,0.25,0.14719894886863635,0.030000000000000002,0.1740284900616672,0.6,0.2867575,-0.03009435850372267,1.5,0.20626526515818183,200.8083157675587,0.38949851873330776,0.276360247679986,243.85314221764153,2.185315599980685,valid,True
BBY,bear,0.25,-0.05752956483827823,0.02,0.03507210702352357,0.02,0.09790647919060075,0.0,0.5,0.0,33.70043298261696,-0.13668702037539332,-0.08135168589651584,37.3591360910291,-0.3044962498269198,valid,True
BBY,base,0.5,0.004010908219523324,0.025,0.04287632678200361,0.02,0.09790647919060075,-0.030448464538528584,1.0,0.410436328780933,39.11815301754424,-0.06001792431343344,-0.03664925715420391,64.809446340473,-0.1689850825143724,valid,True
BBY,bull,0.25,0.05324328666576457,0.030000000000000002,0.04919037980317511,0.022000000000000002,0.09790647919060075,-0.030448464538528584,1.5,1.2,43.94778742240822,-0.009704559715464686,-0.00021225526579652903,86.5026690378209,-0.0011164598823514282,valid,True
TXT,bear,0.25,-0.042325246206243256,0.02,0.051705043023947087,0.15910105507431513,0.08196040720960679,0.0,0.5,0.0,30.553413673728876,-0.26408434142358606,-0.15410838661482557,29.08208487270121,-0.5164104845954173,valid,True
TXT,base,0.5,0.037609147964855594,0.025,0.07336775937487461,0.21213474009908684,0.17129905187165695,-0.05,1.0,0.16540109533919528,70.59758601720121,-0.016702418925706276,0.023024908546358372,94.20579697947457,0.11772075852368347,valid,True
TXT,bull,0.25,0.10155666330173467,0.030000000000000002,0.09047763941779428,0.23334821410899553,0.19733391844955295,-0.05,1.5,0.37388471548634167,114.03108913104552,0.1606221365975216,0.14330913921003233,162.22080511192422,0.9272728784460345,valid,True
GNRC,bear,0.25,-0.030727285345825944,0.02,0.10414507945871958,0.02,0.1336362330567344,0.0,0.5,0.0,18.871287402975543,-0.518925861059688,-0.3689463135538972,25.291908544000844,-0.8655849667760506,valid,True
GNRC,base,0.5,0.13008151973604531,0.025,0.1468885095320479,0.02,0.1336362330567344,-0.03186461228847506,1.0,1.2,27.646171258039743,-0.3957023289811331,-0.24703518104652167,80.3048578721839,-0.7753583832124407,valid,True
GNRC,bull,0.25,0.2587285638015423,0.030000000000000002,0.1774805876543376,0.022000000000000002,0.1336362330567344,-0.03186461228847506,1.5,1.2,61.45387893260661,-0.27082202582387255,-0.14414385379932348,150.5105917281163,-0.55535006753022,valid,True
J,bear,0.25,-0.2056197746408841,0.02,0.03816999730276276,0.05849262315862569,0.07190892210507474,0.0,0.5,0.0,0.8154369432917242,-0.7000949766923441,-0.95,0.0,-0.9662983521375217,below_lower_bound,True
J,base,0.5,-0.05,0.025,0.052005834956734234,0.07799016421150091,0.07507116800041636,-0.03330510694349838,1.0,0.0,32.80925922596883,-0.311366128316149,-0.19227705924422478,35.1960380540808,-0.6206909794830685,valid,True
J,bull,0.25,0.07449581971270726,0.030000000000000002,0.06131716496946983,0.08578918063265101,0.07628741642170159,-0.03330510694349838,1.5,0.7646262067830031,61.815384348730156,-0.1567327870405279,-0.06505564848193898,82.28088189962665,-0.28190098101932315,valid,True
DVA,bear,0.25,-0.019180807315712915,0.02,0.12296200893869182,0.09063751912433543,0.07823412896061635,0.0,0.5,0.0,27.093578983470774,-0.46304382233938673,-0.3025311729245005,30.379137381249667,-0.7916127915835318,valid,True
DVA,base,0.5,0.0338445625018976,0.025,0.14550525066336295,0.1208500254991139,0.11169186933299077,-0.03410167107917904,1.0,0.2654169899347954,109.22988655639016,-0.1449421307363081,-0.057849705539410906,146.39247586356274,-0.24916692827326448,valid,True
DVA,bull,0.25,0.07626485835598601,0.030000000000000002,0.16117555187295016,0.1329350280490253,0.1202150486406903,-0.03410167107917904,1.5,0.5040950279867199,183.4628561752503,0.00562872430309656,0.04523147617292127,255.59939395959202,0.24415351013024744,valid,True
MKC,bear,0.25,0.034220086961784635,0.02,0.13483432531793052,0.18986598457970405,0.06920608957913695,0.0,0.5,0.16525376906707748,30.97718842450371,-0.10187058602459727,-0.030118235049303586,33.489452653614684,-0.13013954796315153,valid,True
MKC,base,0.5,0.0972924092634303,0.025,0.1601489888335239,0.2531546461062721,0.2052360471309534,-0.005071276829506177,1.0,0.32720682272594476,68.8363801297799,0.1766622487455607,0.14756082869134846,83.19762122875345,0.9163991012443131,valid,True
MKC,bull,0.25,0.14775026710474684,0.030000000000000002,0.17680359577794452,0.2784701107168993,0.2420257584363804,-0.005071276829506177,1.5,0.4460091367222637,102.51097309978344,0.33316939140204327,0.2444204980274663,127.9318404831392,1.8486178870433498,valid,True
SWK,bear,0.25,-0.08581788053015037,0.02,0.07879497753595707,0.052902874132804756,0.09610772583678237,0.0,0.5,0.0,19.009743455276883,-0.33845722585683685,-0.22492807236267254,19.674376417697186,-0.663118592013943,valid,True
SWK,base,0.5,0.002782897074002144,0.025,0.11132867047083822,0.07053716551040634,0.09610772583678237,-0.014757546984006959,1.0,0.1024469527080106,59.451078252533605,-0.04648429754888636,0.00034841659362430677,72.76993913578964,0.0015805815947518287,valid,True
SWK,bull,0.25,0.07366351915732415,0.030000000000000002,0.13636604737956548,0.07759088206144699,0.09610772583678237,-0.014757546984006959,1.5,0.8368356384251218,88.92853517057176,0.08271258802851662,0.0910772005445324,132.3371435042251,0.5424459257207741,valid,True
DECK,bear,0.25,0.0745784013875801,0.02,0.15968332213430872,0.44999999999999996,0.10062550043414234,0.0,0.5,0.14147271357792018,70.85069059047171,-0.045171494281385074,0.0107759537175298,73.58382768485848,0.048406891853084,valid,True
DECK,base,0.5,0.12303092983563213,0.025,0.18901089246657682,0.6,0.5779775845691457,-0.04355648645174948,1.0,0.17237457311417617,104.86914809929584,0.10367472096113492,0.11209850976010789,139.96409253279327,0.6575150768839435,valid,True
DECK,bull,0.25,0.16179295259407375,0.030000000000000002,0.21425299235817988,0.6,0.6,-0.04355648645174948,1.5,0.22572393679209835,133.16334194787632,0.20042903500143444,0.178061779239215,185.49105467431295,1.1822549865665248,valid,True
HRL,bear,0.25,-0.055419462140498574,0.02,0.07933221617550011,0.02,0.06594958255887975,0.0,0.5,0.0,13.954682476969829,-0.09863039674237367,-0.05807828488759695,15.3916869509906,-0.23771220139195848,valid,True
HRL,base,0.5,0.023403353701563656,0.025,0.1019744015582596,0.02,0.06594958255887975,0.0,1.0,1.1861341480625462,17.81441366501424,0.0009501329157501738,0.0032044281251728812,27.848363576877645,0.01675035281624604,valid,True
HRL,bull,0.25,0.08646160637521344,0.030000000000000002,0.118340572397116,0.022000000000000002,0.06594958255887975,0.0,1.5,1.2,26.733767600918878,0.12085855510085823,0.08346430663950742,40.76868558003255,0.513778811396439,valid,True
LDOS,bear,0.25,0.015391665588327733,0.02,0.06146508951916095,0.44999999999999996,0.065,0.0,0.5,0.03625184993480486,62.759260776536706,-0.11301714836736207,-0.03857649721321647,59.96185957255006,-0.15594925301671692,valid,True
LDOS,base,0.5,0.06447995299468345,0.025,0.08168230208944804,0.6,0.48871999999999993,-0.03146997211469465,1.0,0.09430660399291127,185.42903981016724,0.3033755876822397,0.2175851955951658,214.53287581310786,1.4651655808738075,valid,True
LDOS,bull,0.25,0.10375058291976803,0.030000000000000002,0.09812579230320265,0.6,0.59572,-0.03146997211469465,1.5,0.14833411055969073,301.788012788041,0.5271725531434641,0.34768367054057314,362.10913268953504,3.0044953128730763,valid,True
TYL,bear,0.25,0.015934778783081194,0.02,0.11721434594096568,0.07593628000647057,0.0853763751398615,0.0,0.5,0.220551007042192,76.48343379684837,-0.3223256461846177,-0.19307263170776423,82.36857300186709,-0.6280972347927308,valid,True
TYL,base,0.5,0.1144269138658135,0.025,0.14201850877509714,0.10124837334196077,0.09712324100923517,0.0,1.0,0.9535119222763917,106.62833409220546,-0.23727386949176432,-0.11988719931396186,135.86539499638008,-0.4627465043981486,valid,True
TYL,bull,0.25,0.19322062193199935,0.030000000000000002,0.15915580241300498,0.11137321067615685,0.10029764064965502,0.0,1.5,1.2,140.1050843880811,-0.1702141822664998,-0.06442878794041462,193.22518558980627,-0.28287062069920565,valid,True
RVTY,bear,0.25,-0.1714922609656766,0.02,0.08236551307657695,0.02513254681995125,0.09507846557531728,0.0,0.5,0.0,-9.158812300833558,,-0.95,0.0,-1.0186904298689314,below_lower_bound,True
RVTY,base,0.5,-0.000982795441808626,0.025,0.14712330139003132,0.03351006242660167,0.09507846557531728,-0.043136030001252115,1.0,0.12574621893894294,9.863515596131737,-0.4748982566525228,-0.32055004517897023,16.53187546236669,-0.8436457924806351,valid,True
RVTY,bull,0.25,0.13542477697728575,0.030000000000000002,0.1944822880811006,0.036861068669261844,0.09507846557531728,-0.043136030001252115,1.5,1.2,23.805402952793003,-0.29106693445937704,-0.15998687731625982,54.39591845839061,-0.615052075075059,valid,True
AVY,bear,0.25,-0.029373281055952605,0.02,0.10656666618297436,0.060579247384436194,0.0767656634306829,0.0,0.5,0.0,70.37055898511346,-0.1789092907099984,-0.09620617663313166,72.86329548243498,-0.3578020640380517,valid,True
AVY,base,0.5,0.038426880718972156,0.025,0.12112797327355174,0.08077232984591493,0.08016972721706403,-0.023817435790515477,1.0,0.4424968877753049,101.88505952146292,-0.07380257635377345,-0.013919599202927176,125.13108065842145,-0.06363920186169791,valid,True
AVY,bull,0.25,0.09266701013891196,0.030000000000000002,0.13113971368797453,0.08884956283050642,0.08077232984591493,-0.023817435790515477,1.5,0.9019021091189406,128.79613292881942,-0.00625997199676928,0.036688240827061264,175.72112896856143,0.1944992652070412,valid,True
BF-B,bear,0.25,-0.06375783822802512,0.02,0.25794959433844356,0.02,0.06658307107817392,0.0,0.5,0.0,18.185684652145767,-0.03870963663794097,-0.018934286409057643,19.213964187638453,-0.0810383717867178,valid,True
BF-B,base,0.5,-0.0062531807834905195,0.025,0.2998562717978978,0.02,0.06658307107817392,-0.017226345030561464,1.0,0.0,23.192617803378184,0.0574373031500727,0.03700272764544937,29.907695701053246,0.18707977765283368,valid,True
BF-B,bull,0.25,0.039750545172137164,0.030000000000000002,0.33149886907371007,0.022000000000000002,0.06658307107817392,-0.017226345030561464,1.5,1.2,24.359229763743127,0.07590045866090805,0.0509369289968163,37.96387365544998,0.29527639210720413,valid,True
CLX,bear,0.25,-0.061489379998684944,0.02,0.134479455280383,0.1914668697521439,0.065,0.0,0.5,0.0,52.10316503400492,-0.1274811576120555,-0.06373834771802647,51.54538192585403,-0.2536479847315274,valid,True
CLX,base,0.5,-0.014842133927662038,0.025,0.16627615240393642,0.2552891596695252,0.2431106534506756,-0.011800968716146141,1.0,0.0,122.05364126221767,0.17580114577431233,0.12901940005249346,144.57436795816605,0.7632939749318925,valid,True
CLX,bull,0.25,0.022475662929156287,0.030000000000000002,0.19398245617835302,0.28081807563647776,0.2552891596695252,-0.011800968716146141,1.5,0.0853952520291753,185.4686606289056,0.3488145714392885,0.23448126380098983,228.6903890248216,1.7056604933173323,valid,True
GDDY,bear,0.25,0.020427207714655803,0.02,0.0696592029552601,0.44999999999999996,0.08021322987210004,0.0,0.5,0.045203924826054766,21.862745833902558,-0.3785888149286619,-0.20732879881979893,18.864817735034865,-0.6216933909408782,valid,True
GDDY,base,0.5,0.0765563700809675,0.025,0.11102806941403387,0.6,0.4612169323758507,-0.05,1.0,0.11040849344129,72.63817459315501,-0.014411530387587818,0.04977824912057261,83.76167456757302,0.24652952221821933,valid,True
GDDY,bull,0.25,0.12145969997401684,0.030000000000000002,0.14628484065156508,0.6,0.5651742864014307,-0.05,1.5,0.17194626663202245,120.7156754398272,0.190937887551263,0.17114461533492437,145.6837973002603,1.0696170420601283,valid,True
CRL,bear,0.25,-0.09057875953369213,0.02,0.10648112378315928,0.02,0.10226336104274061,0.0,0.5,0.0,-3.7695745103113127,-0.7372179782294551,-0.95,0.0,-0.9525946350652379,below_lower_bound,True
CRL,base,0.5,0.022963551723770792,0.025,0.14711536221006205,0.02,0.10226336104274061,-0.01764878250448075,1.0,1.1685420689508317,2.6815708605429998,-0.4473495826387079,-0.29792925919755364,52.234967491495226,-0.874746497672777,valid,True
CRL,bull,0.25,0.11379740072974112,0.030000000000000002,0.1723444154831382,0.022000000000000002,0.10226336104274061,-0.01764878250448075,1.5,1.2,35.76031724605327,-0.2875825423863716,-0.16755806274595667,111.30100244611461,-0.6338128282133242,valid,True
HII,bear,0.25,-0.00208974140385311,0.02,0.04248280239561976,0.038269750970923444,0.06557002599136022,0.0,0.5,0.060836739666438766,102.2367642782583,-0.23286138232215303,-0.1366845028111129,116.43618661248581,-0.4925928459390958,valid,True
HII,base,0.5,0.06884051021703341,0.025,0.06102485467315274,0.05102633462789793,0.06557002599136022,-0.010162218778769026,1.0,1.1772824485963174,186.29605457463646,-0.06261101225973104,-0.010988886508857803,263.37761018581483,-0.054983787332498646,valid,True
HII,bull,0.25,0.12558471151374262,0.030000000000000002,0.07540836822898372,0.05612896809068772,0.06557002599136022,-0.010162218778769026,1.5,1.2,287.71867536915516,0.06805786549812186,0.07445989658299369,418.9537089806599,0.45198809372856985,valid,True
UHS,bear,0.25,0.017300010963718637,0.02,0.08863188238269341,0.14815327213386822,0.08000507719709271,0.0,0.5,0.12041589439114816,180.7760951927685,0.16909714142675514,0.14711966227623638,191.5640687424112,0.8029668885407841,valid,True
UHS,base,0.5,0.06882403535161319,0.025,0.10734202554714209,0.19753769617849096,0.17218591026420335,-0.05,1.0,0.304039327395123,335.9531201255677,0.4609441587235779,0.3223376266774721,477.6506238741977,2.724255383236671,valid,True
UHS,bull,0.25,0.11004325486192883,0.030000000000000002,0.12096898709180587,0.21729146579634007,0.19569243406048298,-0.05,1.5,0.4327579251440943,475.4502326374927,0.6331617115996777,0.42145819151191966,705.9943865723722,4.359660268472869,valid,True
BLDR,bear,0.25,-0.29263012314455455,0.02,0.04909860115326589,0.02,0.0990498755187127,0.0,0.5,0.0,-26.06475159748206,,-0.95,0.0,-1.0581766470520109,below_lower_bound,True
BLDR,base,0.5,0.03556601736126791,0.025,0.08040553338465037,0.02,0.0990498755187127,-0.05,1.0,1.2,9.88304345757909,-0.24798344164155417,-0.16266915639280344,54.43542444119719,-0.6599235567303423,valid,True
BLDR,bull,0.25,0.29812292976592586,0.030000000000000002,0.1056531046201676,0.022000000000000002,0.0990498755187127,-0.05,1.5,1.2,109.1720849724479,0.19514782854821539,0.1509801928594243,225.6059851427646,1.1358758604333485,valid,True
IT,bear,0.25,-0.022294863183380906,0.02,0.13024561768064044,0.38670181325524555,0.07954494677366607,0.0,0.5,0.0,100.0623858248142,-0.014961676264647363,0.022895071841776398,99.736310077753,0.10325694097378357,valid,True
IT,base,0.5,0.03173863141617023,0.025,0.17117715207499506,0.5156024176736608,0.47622642805139126,-0.05,1.0,0.05894251867564251,211.90441342375075,0.2968934281147086,0.21992268727626657,290.06341343349806,1.5675457492482603,valid,True
IT,bull,0.25,0.07496542709581114,0.030000000000000002,0.20722243466336898,0.567162659441027,0.5156024176736608,-0.05,1.5,0.1163199667299477,318.5515120411686,0.49316766207339247,0.3377403468068223,453.4809938314908,2.9778747149644347,valid,True
AOS,bear,0.25,-0.035052800500846824,0.02,0.15274848022975018,0.163794234410468,0.0995744479573766,0.0,0.5,0.0,28.027249476956808,-0.17240418759174647,-0.08536270471522582,27.947110958602472,-0.3205611842593805,valid,True
AOS,base,0.5,0.022806715543239986,0.025,0.17426573959201086,0.21839231254729066,0.21274846397926975,-0.03846445281287552,1.0,0.10643860199776234,41.820756365010965,-0.051284073386341306,0.0020894934074022157,54.01159299911647,0.010023540920830243,valid,True
AOS,bull,0.25,0.06909432837850943,0.030000000000000002,0.1919273694657983,0.24023154380201975,0.21839231254729066,-0.03846445281287552,1.5,0.2550683467001571,53.540174696051736,0.034863192087505046,0.06462927933316678,73.39147965667107,0.35180900288410544,valid,True
NVDA,bear,0.25,0.02596843084886763,0.02,0.23378824992801261,0.44999999999999996,0.14,0.0,0.5,0.05505498817576469,22.909114040731968,-0.497601206426043,-0.32444050097547,20.79875756544648,-0.8176850783693519,valid,True
NVDA,base,0.5,0.25,0.025,0.3488807007223773,0.6,0.535462,-0.010996239535761534,1.0,0.34166666666666673,50.1734675862826,-0.3345880888664396,-0.17192631486104798,63.40614477016264,-0.5898663433539295,valid,True
NVDA,bull,0.25,0.4292252553209059,0.030000000000000002,0.45139774665920396,0.6,0.6,-0.010996239535761534,1.5,0.5823003404278746,90.6108350143437,-0.18803812423138877,-0.04330690236238294,129.76392466250607,-0.191118480080255,valid,True
GOOGL,bear,0.25,0.11839949556755891,0.02,0.22451162851151493,0.16629033373413438,0.10549240727663695,0.0,0.5,0.5936580571897847,86.63315479255624,-0.3423747598717455,-0.1854798330707126,104.07995442521707,-0.619073584583435,valid,True
GOOGL,base,0.5,0.19066095721545206,0.025,0.2694154064384683,0.22172044497884585,0.2158509290748843,-0.03018615975742539,1.0,0.7104837164989062,143.10365824181085,-0.2372086199058685,-0.09638683958037288,198.49036634095458,-0.39400286241993776,valid,True
GOOGL,bull,0.25,0.2484701265337666,0.030000000000000002,0.30823713156507326,0.24389248947673045,0.22172044497884585,-0.03018615975742539,1.5,0.8396162656191624,189.36309037808277,-0.15297213995945638,-0.03613629667088387,272.15108796133006,-0.16645086548701415,valid,True
AAPL,bear,0.25,0.0398798732661792,0.02,0.26009972589562264,0.44999999999999996,0.0985590787613253,0.0,0.5,0.07978644136209637,77.3537319881347,-0.3195278002356645,-0.18339889830094755,79.99253485975915,-0.5988297909010463,valid,True
AAPL,base,0.5,0.10813163406435078,0.025,0.2980189489629316,0.6,0.5855585014683261,-0.03603096597956589,1.0,0.15250884541913437,124.62318272815027,-0.20578021251712925,-0.0967616653477307,160.509872466089,-0.3929056447220669,valid,True
AAPL,bull,0.25,0.16273304270288805,0.030000000000000002,0.3301804459362767,0.6,0.6,-0.03603096597956589,1.5,0.22697739027051742,165.54518477310722,-0.12284421803487929,-0.03205365936009908,223.77275827268144,-0.14756899814873026,valid,True
MSFT,bear,0.25,0.12277326306111114,0.02,0.36017443021934825,0.16625557686283032,0.09893561785199904,0.0,0.5,0.6148281602200009,165.52281583397587,-0.18510535819805224,-0.0782635170413414,197.43887058290937,-0.31708163633331554,valid,True
MSFT,base,0.5,0.16152440881369146,0.025,0.416838797545377,0.22167410248377378,0.21756236324860934,-0.009236182668100855,1.0,0.6054813148990998,241.80665623195492,-0.07459105107700449,0.00011765503586505543,312.87850280949226,0.0005636608692829448,valid,True
MSFT,bull,0.25,0.1925253254157557,0.030000000000000002,0.4651559679505597,0.24384151273215118,0.22167410248377378,-0.009236182668100855,1.5,0.6562469964184464,301.8695547980397,-0.004568766531883712,0.05009594988368919,401.8207498844073,0.26509331399536307,valid,True
AMZN,bear,0.25,0.06468614187566553,0.02,0.03533740536656685,0.12123815852938821,0.1120597649787645,0.012037314357676417,0.5,0.45982976132897013,19.947332184571625,-0.5560395863387383,-0.35625041718594735,21.316534106052323,-0.8669721666870207,valid,True
AMZN,base,0.5,0.16385672180694555,0.025,0.05632443944936712,0.1616508780391843,0.14466592181599053,0.012037314357676417,1.0,0.8418474374916123,44.62780176747369,-0.40824524616473357,-0.21989138276258008,58.19360005116914,-0.6981605978773056,valid,True
AMZN,bull,0.25,0.24319318575196958,0.030000000000000002,0.07357293886371565,0.17781596584310275,0.15458414442807447,0.012037314357676417,1.5,1.1278770590180665,69.05995916585935,-0.30322319161496125,-0.14166901573480567,96.703068553413,-0.5295493268558291,valid,True
AVGO,bear,0.25,0.09535731506564166,0.02,0.19767910780848658,0.15407159509298293,0.11426689336706178,0.04395377827882407,0.5,0.5210944431649484,24.977714019196835,-0.5969472706856321,-0.3951257838802121,25.03759072989957,-0.9047182787849426,valid,True
AVGO,base,0.5,0.25,0.025,0.2856942347434634,0.20542879345731058,0.17857249769072328,0.04395377827882407,1.0,0.9979126905722704,64.7014303024115,-0.44810596213064857,-0.2509757627558429,76.64489765270925,-0.7572508076233655,valid,True
AVGO,bull,0.25,0.3737141479474867,0.030000000000000002,0.3567991199239746,0.22597167280304165,0.19680487770877303,0.04395377827882407,1.5,1.2,109.62254011856182,-0.3379394003262859,-0.16410881062620322,136.4061776240489,-0.5905576560868215,valid,True
META,bear,0.25,0.16423067171358935,0.02,0.3272097835146345,0.1895974173024476,0.10300577499801913,0.0,0.5,0.714063193988053,332.64405904495675,-0.11683795169519721,-0.013957943957211654,416.3395827772921,-0.06420851724815924,valid,True
META,base,0.5,0.23405386377500692,0.025,0.3882502134788519,0.2527965564032635,0.24601103400560592,-0.03245126449635712,1.0,0.760465624038555,578.5637839508901,0.04816100860043664,0.11199325410052556,837.2162950148814,0.6825408931951864,valid,True
META,bull,0.25,0.289912417424141,0.030000000000000002,0.4408287300402978,0.27807621204358984,0.2527965564032635,-0.03245126449635712,1.5,0.8556285062672533,767.6253983030773,0.16421414190117503,0.18207848844176622,1134.0167658986763,1.2713635488861303,valid,True
MU,bear,0.25,-0.03386145935098939,0.02,0.09366042187811793,0.250649597779853,0.14,0.004521061627034121,0.5,0.0,94.22994664105329,-0.5853710744035199,-0.4104783683735149,61.24494950401635,-0.8838035470745106,valid,True
MU,base,0.5,0.25,0.025,0.24542062073250998,0.3341994637064707,0.2660937117846114,0.004521061627034121,1.0,0.6134061309567291,248.2672007879128,-0.3606429252511589,-0.19431788057700033,303.3954362426734,-0.631192313113637,valid,True
MU,bull,0.25,0.4770891674807915,0.030000000000000002,0.3805891585222807,0.3676194100771178,0.30493360452590557,0.004521061627034121,1.5,1.0545453350880167,552.7664108916382,-0.1713267775718123,-0.027311544828262386,819.4514326045761,-0.12570045539687236,valid,True
AMD,bear,0.25,0.003285480799701729,0.02,0.04048063878490142,0.02,0.14,0.014356551527977188,0.5,0.33141923198806916,11.252309921373538,-0.7215427599061512,-0.5323928326848545,12.237373523687221,-0.9725427773419903,valid,True
AMD,base,0.5,0.25,0.025,0.08371580449937913,0.02159935659655469,0.14,0.014356551527977188,1.0,1.2,19.920243747447845,-0.6359508678848214,-0.4317669504183867,35.30157650531194,-0.9424275231530149,valid,True
AMD,bull,0.25,0.4473716153602386,0.030000000000000002,0.11781925025906455,0.023759292256210162,0.14,0.014356551527977188,1.5,1.2,37.41409761858184,-0.5521286604685882,-0.35021121997560833,70.42288432472641,-0.887507203366234,valid,True
WMT,bear,0.25,0.006125092295966111,0.02,0.03597849584581454,0.08242420149269788,0.07245432557401847,0.0,0.5,0.10797889061213851,26.37330908982204,-0.35071654800558466,-0.21400299592060032,28.333599670467095,-0.6713976046094701,valid,True
WMT,base,0.5,0.04761627171993876,0.025,0.0417489397208882,0.10989893532359718,0.10402013159291332,-0.008319034749429188,1.0,0.3921149668016684,40.37138021783773,-0.2510230431333184,-0.13705088315182362,49.354784318201695,-0.51249827953668,valid,True
WMT,bull,0.25,0.08080921525911688,0.030000000000000002,0.04590996196972162,0.1208888288559569,0.10989893532359718,-0.008319034749429188,1.5,0.5843995088369349,52.52491123582034,-0.18149865970481185,-0.084825298882788,67.153736127408,-0.35329305423781887,valid,True
AMAT,bear,0.25,0.05458107798921666,0.02,0.25446708287712283,0.18521681162611583,0.12746880638963537,0.0,0.5,0.25734630659548896,69.16003143624253,-0.509493794076843,-0.32964045302651357,77.26081884374139,-0.8411333275449421,valid,True
AMAT,base,0.5,0.12935974518891358,0.025,0.28906419392654936,0.2469557488348211,0.24401637005066953,-0.027976322865911993,1.0,0.43930054944254016,97.10933836378241,-0.4591708482592366,-0.28778250789036963,126.70442092228966,-0.8121898760470305,valid,True
AMAT,bull,0.25,0.1891826789486711,0.030000000000000002,0.3182586951914887,0.27165132371830325,0.2469557488348211,-0.027976322865911993,1.5,0.5792209697534975,122.98879148052129,-0.41206611950838123,-0.24258669411574374,170.5773915306842,-0.7466724565352424,valid,True
LRCX,bear,0.25,0.07531881606265448,0.02,0.2601267184670652,0.37918061971724576,0.13761629016172996,0.0,0.5,0.16945763973390424,36.09246871760353,-0.5351503147539916,-0.34909712441731255,38.9090651063666,-0.8582291118035665,valid,True
LRCX,base,0.5,0.172619309003042,0.025,0.29351875552048795,0.5055741596229943,0.4977366570034695,-0.03737386611940009,1.0,0.2830355240250799,54.41506352641373,-0.4769898003418348,-0.29846682815696113,70.03356229639569,-0.8247913112493028,valid,True
LRCX,bull,0.25,0.25045970335535206,0.030000000000000002,0.3215702188172154,0.5561315755852938,0.5055741596229943,-0.03737386611940009,1.5,0.3710772265845406,72.0200851364487,-0.42415034155419556,-0.24815980662242504,99.19023109690151,-0.7546202392530093,valid,True
CSCO,bear,0.25,0.012315735451502413,0.02,0.2245970809754969,0.02575280990833663,0.09204852445956004,0.0,0.5,0.5379058988323293,22.961642999173584,-0.3571291979693343,-0.22014203628059476,31.404153112646988,-0.6968014216608371,valid,True
CSCO,base,0.5,0.0654996047041605,0.025,0.2606543314348322,0.03433707987778217,0.09204852445956004,-0.02398510716705646,1.0,1.2,27.70961656328239,-0.30870727478759363,-0.17325083236210043,46.73305857843256,-0.6234313983411808,valid,True
CSCO,bull,0.25,0.10804670010628696,0.030000000000000002,0.2877776546842386,0.037770787865560394,0.09204852445956004,-0.02398510716705646,1.5,1.2,34.61123991946374,-0.25152696397854013,-0.1362467396538704,59.36188022771968,-0.5295251033160435,valid,True
COST,bear,0.25,0.05573956061038682,0.02,0.03015302589423727,0.31088677018448024,0.08736280744453133,0.0,0.5,0.15630014895608188,230.90804169346083,-0.34403125706885473,-0.20342995134269581,241.63806379559287,-0.6491697178141485,valid,True
COST,base,0.5,0.09881536941074553,0.025,0.03386284317762697,0.414515693579307,0.40829978874274625,-0.002500981721515307,1.0,0.20277228783019566,339.3801588530998,-0.24660614097520003,-0.12958066829378367,393.88655148333953,-0.47997248252486746,valid,True
COST,bull,0.25,0.13327601645103251,0.030000000000000002,0.03696820871029604,0.45596726293723777,0.414515693579307,-0.002500981721515307,1.5,0.24699319954539772,421.9555038740985,-0.18972356637750637,-0.08573114178652755,506.89908113718025,-0.3459666070459987,valid,True
KLAC,bear,0.25,0.0793051503998695,0.02,0.32685728007270487,0.44999999999999996,0.11897199030904092,0.0,0.5,0.14987582293310137,29.363459356175074,-0.5145806370637727,-0.3317697730584769,31.461007191604985,-0.8419043288753321,valid,True
KLAC,base,0.5,0.14590459807241185,0.025,0.37555765765641247,0.6,0.585521056908302,-0.04632219390381603,1.0,0.20287279742988246,45.00218035912948,-0.4485272848367458,-0.2777808971732157,56.66446034373766,-0.7982294825675447,valid,True
KLAC,bull,0.25,0.19918415621044572,0.030000000000000002,0.41692902755095523,0.6,0.6,-0.04632219390381603,1.5,0.27557887494726097,58.49788446721269,-0.39567143745516653,-0.23047828042617763,77.97496069386861,-0.7250995391108506,valid,True
NFLX,bear,0.25,0.09143261437221895,0.02,0.14742679160187308,0.44999999999999996,0.11580765214062615,0.0,0.5,0.1714357588839448,15.360348237696364,-0.36927722459658974,-0.21416915773879738,15.719776933051971,-0.6560086934620986,valid,True
NFLX,base,0.5,0.15090868444417238,0.025,0.19482409221340108,0.6,0.5551637885882219,-0.01734438112217767,1.0,0.20954491259222982,26.51361159493172,-0.23783283882075917,-0.11086153295473192,33.04734660608575,-0.4269372781005464,valid,True
NFLX,bull,0.25,0.19848954050173512,0.030000000000000002,0.23659292480088392,0.6,0.6,-0.01734438112217767,1.5,0.2746527206689802,37.21405063764447,-0.1397871223976835,-0.03563963720807803,49.11223908879191,-0.15833619418431788,valid,True
TXN,bear,0.25,0.00632274267787708,0.02,0.3484845632577648,0.02,0.10740012605979406,0.0,0.5,0.45290970711508316,34.48731079032016,-0.43556848042353513,-0.2892594377524801,52.215390722302686,-0.8045595348089933,valid,True
TXN,base,0.5,0.10210540578235061,0.025,0.41301948168070923,0.02,0.10740012605979406,-0.005942182049047069,1.0,1.2,42.552931858369,-0.36862059200939257,-0.2298114484539837,88.36765163971933,-0.7424027311894675,valid,True
TXN,bull,0.25,0.17873153626592944,0.030000000000000002,0.46518859682213326,0.022000000000000002,0.10740012605979406,-0.005942182049047069,1.5,1.2,64.54145657730207,-0.29638221264176534,-0.16980915053572965,128.16645766004441,-0.6180549585065533,valid,True
WDC,bear,0.25,-0.13199001799348786,0.02,-0.015197086987121605,0.2659439631530983,0.14,0.057370863702476724,0.5,0.0,8.98239374351021,-0.8342709871525584,-0.6541087647987296,2.869294343364184,-0.9855287359020017,valid,True
WDC,base,0.5,0.13228076728821525,0.025,0.04605611369385074,0.35459195087079776,0.24193117666362896,0.057370863702476724,1.0,0.31254125638896196,25.600394979720505,-0.6840886607176799,-0.48068702790696977,19.900180162914637,-0.9487082661487971,valid,True
WDC,bull,0.25,0.3436973955135777,0.030000000000000002,0.10299155371602459,0.39005114595787754,0.2848495668377885,0.057370863702476724,1.5,0.72031044985368,56.31634835274867,-0.559844754547521,-0.35831011711707117,57.50180508768589,-0.8785031541697463,valid,True
AMGN,bear,0.25,-0.007022458690270926,0.02,0.26280662989059766,0.10605280542729,0.0658968120514403,0.0,0.5,0.0,161.05492914511385,-0.19538675484945994,-0.10457581457594642,166.2714659704777,-0.39375475424170314,valid,True
AMGN,base,0.5,0.051583900626788526,0.025,0.3267543447010294,0.14140374056972,0.133415107532486,0.0,1.0,0.32719870291280256,341.24537750936855,0.04171893284947148,0.05557912229269281,406.3272728346156,0.29304000085176396,valid,True
AMGN,bull,0.25,0.09846898808043608,0.030000000000000002,0.3806151528905403,0.15554411462669201,0.14140374056972,0.0,1.5,0.5450234531072453,520.2351473264949,0.19084868903737517,0.15114542914670895,646.2902948242413,0.9752815868225855,valid,True
PEP,bear,0.25,0.011134984046625662,0.02,0.1254861962045775,0.13921788804144733,0.065,0.0,0.5,0.09271787856354796,83.79201924150198,-0.10100448587327263,-0.03710691896849308,87.96714932740338,-0.1580421150032788,valid,True
PEP,base,0.5,0.05732065810354059,0.025,0.14184361835179532,0.18562385072192977,0.17637200137155776,-0.0058865135195369424,1.0,0.27397624973860235,158.09164280739935,0.11978248443920167,0.10427114819176499,190.05294370100455,0.6023245785591929,valid,True
PEP,bull,0.25,0.09426919734907253,0.030000000000000002,0.15444147539459882,0.20418623579412276,0.18562385072192977,-0.0058865135195369424,1.5,0.39873088194518475,218.36700126460454,0.24168517538346357,0.18092161171953194,271.6371462562547,1.225061934526206,valid,True
QCOM,bear,0.25,-0.07166023648140442,0.02,0.2011057023994602,0.1724995877792451,0.1193369163443779,0.0,0.5,0.0,51.87458806224157,-0.29467095492291273,-0.16710840067826205,51.4162712350117,-0.5460910354247486,valid,True
QCOM,base,0.5,0.037592435014207004,0.025,0.27240711397066963,0.2299994503723268,0.21862334187425364,-0.034694002287267434,1.0,0.15249579055335713,101.97455060164674,-0.11806787942186925,-0.024914963278570183,135.50843070656848,-0.1136022304058586,valid,True
QCOM,bull,0.25,0.12499457221069614,0.030000000000000002,0.3354219011348913,0.2529993954095595,0.2299994503723268,-0.034694002287267434,1.5,0.41895617021917947,153.79570645458736,0.027874067897209927,0.07782387244806162,221.66207794765728,0.43354867877075987,valid,True
APP,bear,0.25,-0.08446049009900947,0.02,0.12258761311839864,0.44999999999999996,0.14,0.0,0.5,0.0,18.626025281688932,-0.6977775820392706,-0.5096758559666343,10.800875170064254,-0.9446526759657882,valid,True
APP,base,0.5,0.25,0.025,0.30745539335669747,0.6,0.39553,-0.034419513109819444,1.0,0.34166666666666673,77.28183188403861,-0.46256823596195307,-0.27313706591085063,98.92792445234316,-0.7903452826931019,valid,True
APP,bull,0.25,0.5175683920792076,0.030000000000000002,0.4672117543425881,0.6,0.48753,-0.034419513109819444,1.5,0.7000911894389434,193.37661223994402,-0.2577148867945652,-0.0811428382148733,298.5826236862505,-0.3408145069878701,valid,True
ADI,bear,0.25,-0.04363806577095408,0.02,0.21382275599662545,0.07167573122143994,0.10179620126088913,0.0,0.5,0.0,35.92761069485326,-0.5253039651099243,-0.35637636683241003,34.96390550167403,-0.8593614618721493,valid,True
ADI,base,0.5,0.21301981518295166,0.025,0.27015266265536875,0.09556764162858658,0.10179620126088913,-0.023119916773890095,1.0,1.2,68.13886452580512,-0.39254020496882724,-0.22231710346823086,111.58126224516747,-0.723269138646684,valid,True
ADI,bull,0.25,0.41834611994607623,0.030000000000000002,0.3017919667107246,0.10512440579144525,0.10179620126088913,-0.023119916773890095,1.5,1.2,130.6965480866499,-0.27245394390774885,-0.11222125050844622,216.46473166473135,-0.4560138837266664,valid,True
TMUS,bear,0.25,-0.07418123245991529,0.02,0.07959081667201759,0.44999999999999996,0.065,0.0,0.5,0.0,-31.352758573377095,,-0.95,0.0,-0.9718492602710057,below_lower_bound,True
TMUS,base,0.5,0.09044343503513941,0.025,0.12487129857199122,0.6,0.32490299999999994,-0.04664949569609685,1.0,0.12892458004685256,123.89159029435895,-0.04822183639626016,0.011815974005730851,151.32986844973883,0.05672693942900642,valid,True
TMUS,bull,0.25,0.22214316903118317,0.030000000000000002,0.15864738773452733,0.6,0.4319029999999999,-0.04664949569609685,1.5,0.30619089204157757,347.2266041836199,0.3127524957701099,0.24614378988044344,434.9566492594644,1.8731820801854688,valid,True
GILD,bear,0.25,-0.00902541357178012,0.02,0.19398676970677511,0.18246388132270996,0.06683739025807496,0.0,0.5,0.0,47.64077255137331,-0.2509987615980207,-0.1416790191957261,45.962574220988834,-0.49365254569051187,valid,True
GILD,base,0.5,0.04175029381654871,0.025,0.27457344275875006,0.2432851750969466,0.22205850658083032,-0.007567612072032458,1.0,0.15784042343696805,108.4670577735605,0.004162357770837873,0.03347956836223605,126.5861197165287,0.16787879649802262,valid,True
GILD,bull,0.25,0.08237085972721178,0.030000000000000002,0.3460868363947621,0.2676136926066413,0.24328517509694658,-0.007567612072032458,1.5,0.2686584796221491,170.9600966169084,0.1722804048913531,0.13986129719414753,208.6477937844627,0.8657100114614358,valid,True
ISRG,bear,0.25,0.08046553028198997,0.02,0.24547767321206745,0.16815330565561026,0.11745000000000001,0.0,0.5,0.4066076724392412,81.80201426746676,-0.3754443344718311,-0.21498144599463553,94.30072600183922,-0.6747918287175472,valid,True
ISRG,base,0.5,0.1635872564853268,0.025,0.2869455859558496,0.2242044075408137,0.21233331742227524,-0.0080228636754834,1.0,0.6060086270316876,124.46982855382468,-0.29025256908207664,-0.13536265526927307,164.0322768820726,-0.5056509173893711,valid,True
ISRG,bull,0.25,0.23008463744799626,0.030000000000000002,0.31932306253655046,0.2466248482948951,0.2242044075408137,-0.0080228636754834,1.5,0.7706754257426998,158.87504297217868,-0.22074476536363363,-0.08446049743943149,219.1528724409881,-0.34904893702855855,valid,True
VRTX,bear,0.25,0.06552572768333242,0.02,0.2658445136478966,0.13560930112770658,0.06950342832931172,0.0,0.5,0.41605245125135853,202.73884398411434,-0.22537460625608216,-0.11932867892755888,219.75392083994407,-0.44855471821091053,valid,True
VRTX,base,0.5,0.1526153474956129,0.025,0.37779085295187886,0.18081240150360878,0.16725496857097938,-0.009284072203432891,1.0,0.7028958021662784,418.79112636239284,-0.01260862458875633,0.030927122899447594,522.0778159296214,0.16063527552901458,valid,True
VRTX,bull,0.25,0.22228704334543728,0.030000000000000002,0.4771680905781522,0.19889364165396967,0.18081240150360878,-0.009284072203432891,1.5,0.9242609926976558,670.4618545123438,0.14643912832543726,0.13788660598947902,867.489465662787,0.8893638843763567,valid,True
SBUX,bear,0.25,-0.03899376438718259,0.02,0.1203504172507163,0.02,0.08549747078976849,0.0,0.5,0.0,11.410354938639154,-0.4363822032522876,-0.30561569726560267,14.939990546102317,-0.8021409572348581,valid,True
SBUX,base,0.5,0.042192013824722596,0.025,0.1516728793480779,0.02,0.08549747078976849,-0.0072277474928134165,1.0,1.2,14.566675172695756,-0.33576870245160534,-0.21242037892807272,36.82295426527578,-0.7251959553575783,valid,True
SBUX,bull,0.25,0.10714063639424674,0.030000000000000002,0.1776807237530829,0.022000000000000002,0.08549747078976849,-0.0072277474928134165,1.5,1.2,29.629816899304792,-0.21980888601974582,-0.12305016617756331,61.07236437996897,-0.5013034829678615,valid,True
CDNS,bear,0.25,0.10989079585696047,0.02,0.22628607188897912,0.17896713671869705,0.10077817475344825,0.0,0.5,0.513572705976952,43.05714620028474,-0.4844913586304756,-0.3033281967887888,51.06381458758661,-0.8184285449114885,valid,True
CDNS,base,0.5,0.15688525041162804,0.025,0.27587571713297987,0.23862284895826272,0.21626444280224183,-0.006097272607596678,1.0,0.5469224799680834,69.66839077018992,-0.39802113979094433,-0.23072348524583502,89.79057643626102,-0.7221557409766057,valid,True
CDNS,bull,0.25,0.1944808140553621,0.030000000000000002,0.31461517042214054,0.262485133854089,0.23862284895826272,-0.006097272607596678,1.5,0.6155954391463244,92.56299953494224,-0.33726995360048023,-0.1804255551207461,123.35593407306678,-0.6219845684970531,valid,True
MAR,bear,0.25,-0.09678681815644724,0.02,0.10046009103107052,0.44999999999999996,0.0921212933692005,0.0,0.5,0.0,9.02991932358928,-0.6805279975997109,-0.5091103130500415,4.444126603722845,-0.9311397880611343,valid,True
MAR,base,0.5,0.049243956542228795,0.025,0.13818482151354172,0.6,0.5446412209772429,-0.05,1.0,0.07399194205630506,106.72049108414328,-0.28308156038110605,-0.1520879467949271,129.02023521008908,-0.5309293428440967,valid,True
MAR,bull,0.25,0.1660685763011696,0.030000000000000002,0.17157745784156342,0.6,0.6,-0.05,1.5,0.2314247684015595,231.59682499431867,-0.08713758023513944,-0.00300002743751972,296.31874925529024,-0.01400093162736249,valid,True
MNST,bear,0.25,0.09067920545536284,0.02,0.2646753996699817,0.2030331377198593,0.0719,0.0,0.5,0.3769993668220955,34.52766680446974,-0.26033667169394903,-0.14053720287047322,37.70265786747683,-0.5097164114494784,valid,True
MNST,base,0.5,0.14184531531269706,0.025,0.30803030191925174,0.27071085029314573,0.26351389751253385,-0.026184481189775163,1.0,0.43764870200755823,57.792510169285244,-0.12241269551450386,-0.04220221012947146,73.1632163136737,-0.19196914522890707,valid,True
MNST,bull,0.25,0.18277820319856444,0.030000000000000002,0.3450921451003115,0.29778193532246033,0.27071085029314573,-0.026184481189775163,1.5,0.5111880356140935,77.19555209714157,-0.033234642900060826,0.021769365936052082,100.68499169464438,0.1123378926974361,valid,True
ADP,bear,0.25,0.0314691557932868,0.02,0.1965870201723643,0.44999999999999996,0.08517113768307238,0.0,0.5,0.06483405474362099,103.74379530699585,-0.18058408646029414,-0.08557694331393573,108.40863550900572,-0.33285034093092025,valid,True
ADP,base,0.5,0.06689339649702786,0.025,0.22604047931542276,0.6,0.5843492025855654,-0.018148981233972808,1.0,0.09752452866270382,165.30423647533755,-0.03264540046802718,0.014377385270199765,203.91063709587493,0.07032809001433882,valid,True
ADP,bull,0.25,0.0952327890600207,0.030000000000000002,0.2510725866830716,0.6,0.6,-0.018148981233972808,1.5,0.13697705208002758,211.88923914237617,0.0531744629959576,0.07290795329899992,270.2538406219101,0.3992377982677997,valid,True
CSX,bear,0.25,-0.05548544567030504,0.02,0.3311665041559582,0.02,0.09509632876433426,0.0,0.5,0.0,7.045678909218777,-0.38540626876056183,-0.2662912604399025,8.359903595151629,-0.733334146983025,valid,True
CSX,base,0.5,0.03549870409656908,0.025,0.3882619842609072,0.02,0.09509632876433426,-0.04547420374920552,1.0,1.2,6.392771900155824,-0.3177676461520605,-0.20143778941128396,18.597899683362595,-0.7068098791800173,valid,True
CSX,bull,0.25,0.10828602391006838,0.030000000000000002,0.42553863137925824,0.022000000000000002,0.09509632876433426,-0.04547420374920552,1.5,1.2,12.523156781475924,-0.21808329493505874,-0.12218495584093028,28.99879555463697,-0.5016622401018482,valid,True
CMCSA,bear,0.25,-0.06067545177367885,0.02,0.16099366545075774,0.02,0.065,0.0,0.5,0.0,30.82128497316937,0.22056946819648154,0.1399580926168711,34.10476971385978,0.751673783615701,valid,True
CMCSA,base,0.5,0.01171354717343387,0.025,0.1873066409912772,0.02,0.065,-0.05,1.0,0.7185418869373548,38.948187444777375,0.32125539565458905,0.1770988287171349,61.27081970440075,1.2908246962125283,valid,True
CMCSA,bull,0.25,0.06962474633112403,0.030000000000000002,0.20417374262660654,0.022000000000000002,0.065,-0.05,1.5,1.2,52.3852948171852,0.41207194775342937,0.2315824948018417,87.3717583628353,2.091251442286685,valid,True
ADBE,bear,0.25,0.08558362400509026,0.02,0.2972106805186948,0.4371296038077502,0.10978911384687147,0.0,0.5,0.16577897852908444,174.61431614485707,0.030708800116553924,0.06995414749253545,188.11044773102478,0.3419902689118184,valid,True
ADBE,base,0.5,0.133075365794872,0.025,0.33594547644152983,0.5828394717436669,0.572337753798358,-0.05,1.0,0.19123669215889672,257.76350045571013,0.19365273415460255,0.17841574845078872,364.07886543488644,1.1610020992403278,valid,True
ADBE,bull,0.25,0.1710687592266974,0.030000000000000002,0.3685223917811916,0.6,0.5828394717436669,-0.05,1.5,0.23809167896892988,322.7956602812045,0.28980460381135353,0.24285887736477896,474.05032260601456,1.7818960516554343,valid,True
ORLY,bear,0.25,0.044367980292952615,0.02,0.17794514848385065,0.18790202806940628,0.06845186938115101,0.0,0.5,0.2101860455693105,39.74057177980266,-0.20872433184413242,-0.10539976452128028,42.8816649454055,-0.4035094860343582,valid,True
ORLY,base,0.5,0.08282355380511885,0.025,0.19813277759802017,0.25053603742587505,0.24784119173881314,-0.032117901589377315,1.0,0.2844255212792615,71.21907524448945,-0.03312569675035772,0.012374330492457402,92.25017505676901,0.06255649377536687,valid,True
ORLY,bull,0.25,0.11358801261485185,0.030000000000000002,0.2149085602819518,0.2755896411684626,0.25053603742587505,-0.032117901589377315,1.5,0.3515023630103226,94.58352734713588,0.06387839112430813,0.07773668348672802,125.90228942045657,0.44713327377890844,valid,True
MDLZ,bear,0.25,-0.03421777638596854,0.02,0.11420841642742509,0.02,0.065,0.0,0.5,0.0,20.171940018133164,-0.22335017437580973,-0.14533252516994244,23.4001416205021,-0.5108530253545052,valid,True
MDLZ,base,0.5,0.05058796143054545,0.025,0.1467575459152321,0.02,0.065,-0.02502487086953364,1.0,1.2,29.15564034107657,-0.10136770232347768,-0.05610671172617,49.771367338953446,-0.2632819005197543,valid,True
MDLZ,bull,0.25,0.11843255168375663,0.030000000000000002,0.16800487679210707,0.022000000000000002,0.065,-0.02502487086953364,1.5,1.2,47.56464650789506,0.023266752692870818,0.031228677183389685,76.22676575336362,0.17466041479499084,valid,True
AEP,bear,0.25,-0.06601214969201419,0.02,0.15446616833752042,0.05559761508715081,0.07300543999015592,0.021333592798721934,0.5,0.0,-25.39983279170867,,-0.95,0.0,-1.069573442230125,below_lower_bound,True
AEP,base,0.5,0.06789119418912537,0.025,0.19810734374412714,0.07413015344953441,0.07355002624718698,0.021333592798721934,1.0,0.8001191497826694,12.994973403555981,-0.48338264712074314,-0.28256051738571836,33.03327449722777,-0.873635129127756,valid,True
AEP,bull,0.25,0.175013869294037,0.030000000000000002,0.22344934380908885,0.08154316879448786,0.07377496893906269,0.021333592798721934,1.5,1.2,51.92817150464359,-0.25606906102038923,-0.10857773803581945,96.30778702053793,-0.49431593839557286,valid,True
INTU,bear,0.25,0.10558818642121945,0.02,0.2241755551210828,0.12947309961844256,0.08912674897752569,0.0,0.5,0.6833122046023337,198.8707838128757,-0.03232974377169737,0.02774263787141539,240.34689633296514,0.13762009167272016,valid,True
INTU,base,0.5,0.15818466435106993,0.025,0.25922285642412646,0.17263079949125673,0.16834704169990233,-0.04408352563522485,1.0,0.7620177388306567,315.68249983851223,0.1221944334509317,0.13849187427258586,449.86323989906487,0.8932712479485865,valid,True
INTU,bull,0.25,0.2002618466949503,0.030000000000000002,0.2883870950006246,0.1898938794403824,0.17263079949125673,-0.04408352563522485,1.5,0.8752755899546624,402.74967433255955,0.22395529311615978,0.19960794656071812,585.3462020231538,1.45251534641217,valid,True
CTAS,bear,0.25,0.039133526582244435,0.02,0.16897805706489005,0.41848431304582434,0.08973578656538594,0.0,0.5,0.08436832675715954,41.44465211234674,-0.3440469565801322,-0.2013461290538544,42.669000930649695,-0.6380256406830178,valid,True
CTAS,base,0.5,0.08005824143799656,0.025,0.1983947976835504,0.5579790840610991,0.5391088791720218,-0.014138779557336846,1.0,0.12374405264057638,69.4522042732135,-0.21468950495473102,-0.1057850468991091,84.6584494950117,-0.41484550948854626,valid,True
CTAS,bull,0.25,0.11279801332259826,0.030000000000000002,0.22363631978496043,0.6,0.5579790840610991,-0.014138779557336846,1.5,0.16039735109679767,92.09234243257482,-0.1341273703670594,-0.04626084553892721,116.4775286088853,-0.2033574749153959,valid,True
ROST,bear,0.25,-0.039471425422336726,0.02,0.09504592956039447,0.14540382551780953,0.08534717109866373,0.0,0.5,0.0,57.745177452136375,-0.31500361384823916,-0.19097340585431077,57.28982729187011,-0.6133102409855067,valid,True
ROST,base,0.5,0.06364292982379083,0.025,0.12068597176322433,0.19387176735707937,0.1856564554203173,-0.026295424669243367,1.0,0.28840890358237564,106.7623889508548,-0.15899634889210573,-0.0708486726711271,135.01140115792694,-0.30233534652389404,valid,True
ROST,bull,0.25,0.14613441402069288,0.030000000000000002,0.14314533518023442,0.2132589440927873,0.19387176735707937,-0.026295424669243367,1.5,0.5763300186044163,160.9073374613575,-0.03456991819548418,0.02220932160562372,216.89336393035384,0.1140883428523305,valid,True
TER,bear,0.25,0.15026082570277474,0.02,0.19224202109648128,0.02,0.13441065847992223,0.0,0.5,1.2,23.526322743961018,-0.5546699090249603,-0.369383683660999,49.83578361385671,-0.9062296872619466,valid,True
TER,base,0.5,0.25,0.025,0.23338936981766334,0.02,0.13441065847992223,-0.024346695038381383,1.0,1.2,36.70427879767104,-0.4915507111705663,-0.31282027466368156,78.9638168219269,-0.8539505683735626,valid,True
TER,bull,0.25,0.3297913394377802,0.030000000000000002,0.26908240896620667,0.022000000000000002,0.13441065847992223,-0.024346695038381383,1.5,1.2,52.53352508470296,-0.4382567749787995,-0.26357904340038646,111.93926755143454,-0.7913813389620044,valid,True
MPWR,bear,0.25,0.16122443938778042,0.02,0.19072396812973413,0.1915385332704228,0.12935000000000002,0.0024853190163647934,0.5,0.6942704908493674,142.09410632164796,-0.5052832912577285,-0.3130792883315735,174.16488556798052,-0.8320469316626815,valid,True
MPWR,base,0.5,0.25,0.025,0.2308215064033451,0.2553847110272304,0.2485410262184518,0.0024853190163647934,1.0,0.802710542755012,223.32889527802178,-0.4288010251580999,-0.2364173806527105,299.1106327967716,-0.7264026610509343,valid,True
MPWR,bull,0.25,0.3210204484897757,0.030000000000000002,0.2655766809112506,0.2809231821299535,0.2553847110272304,0.0024853190163647934,1.5,0.9355452860783955,291.4788041958743,-0.3702359717230137,-0.18877481560739398,407.832398279127,-0.6367963732660943,valid,True
REGN,bear,0.25,-0.0934900014737835,0.02,0.27234447740331363,0.02,0.06915401636385154,0.0,0.5,0.0,435.04154730881487,-0.040550735440046955,-0.016093383010593213,454.0289324958558,-0.07005543309633677,valid,True
REGN,base,0.5,0.11576682907004932,0.025,0.3573214670473511,0.02,0.06915401636385154,-0.03270666170971917,1.0,1.2,723.2611826489015,0.13804767601395732,0.09975245519090094,1051.1043011536074,0.6204289792278146,valid,True
REGN,bull,0.25,0.2831722935051156,0.030000000000000002,0.42472360033466466,0.022000000000000002,0.06915401636385154,-0.03270666170971917,1.5,1.2,1304.6717587045325,0.34382755640544926,0.235267729916086,1903.1894267236303,1.9286699744138702,valid,True
PCAR,bear,0.25,-0.09904880352820203,0.02,0.07692404625654557,0.059799769701826086,0.08528923265031338,0.0025729235493343605,0.5,0.0,17.4435439014564,-0.4344454771024173,-0.29146432240377185,16.678525394527977,-0.779981610775226,valid,True
PCAR,base,0.5,0.0680981654387206,0.025,0.11531679288096988,0.07973302626910145,0.08528923265031338,0.0025729235493343605,1.0,0.7459710879433397,45.80196056585728,-0.2155931318644434,-0.10687450307304966,59.37442516184556,-0.4210137923845303,valid,True
PCAR,bull,0.25,0.2018157406122587,0.030000000000000002,0.14555721883267403,0.0877063288960116,0.08528923265031338,0.0025729235493343605,1.5,1.2,79.66786502037971,-0.0733945157844573,0.00349600230110812,118.87496005065215,0.018004417929484262,valid,True
FAST,bear,0.25,0.04947967103817147,0.02,0.1850675106445722,0.3332986793653081,0.08096287635339168,0.0,0.5,0.1307648050497306,14.726461390187346,-0.29369560709455983,-0.1657387282582931,15.510578201324492,-0.5657252015094967,valid,True
FAST,base,0.5,0.09458100530478608,0.025,0.20204371901989834,0.44439823915374416,0.44258106233974237,-0.00025663939138876083,1.0,0.1815146801603821,22.9635215374005,-0.171744517236948,-0.07736838629934933,26.75731786239536,-0.31474726482531246,valid,True
FAST,bull,0.25,0.13066207271807778,0.030000000000000002,0.21583773882066112,0.4888380630691186,0.44439823915374416,-0.00025663939138876083,1.5,0.22610689822415492,28.93119098958765,-0.107174010714516,-0.02963981558568773,34.79112021887845,-0.13252644486031462,valid,True
BKR,bear,0.25,-0.11938358670907348,0.02,0.04521530899467778,0.25584572340730444,0.08563256776899884,0.0,0.5,0.0,6.082995922933066,-0.511167418747209,-0.3520775894634426,4.798503895248396,-0.8417496756691956,valid,True
BKR,base,0.5,0.015917238804812772,0.025,0.07661628186406616,0.34112763120973927,0.17901601345658946,0.0,1.0,0.05198579482102039,18.77241107195872,-0.2590990589698777,-0.1444907439872622,20.06125929037318,-0.505994875953444,valid,True
BKR,bull,0.25,0.12415789921592178,0.030000000000000002,0.09957605587908107,0.3752403943307132,0.23011502614473756,0.0,1.5,0.2806902480757694,35.01203929733274,-0.08883156229276207,-0.014975935965776416,41.75366815971738,-0.06787025630242627,valid,True
EA,bear,0.25,0.033006387541614335,0.02,0.15922101122779697,0.1269026015860532,0.07672234530345279,0.0,0.5,0.23959406389847437,66.5833513271646,-0.29193178334098785,-0.15509694721258704,73.40384927096488,-0.5461540988873375,valid,True
EA,base,0.5,0.1034203999681842,0.025,0.19328197964511903,0.16920346878140427,0.15591393133762266,-0.04341099456363537,1.0,0.5185255397328457,120.64135007916882,-0.15382869048626158,-0.04229312096140343,158.50503715761081,-0.1928370967055444,valid,True
EA,bull,0.25,0.1597516099094401,0.030000000000000002,0.22027752529651382,0.18612381565954472,0.16920346878140427,-0.04341099456363537,1.5,0.7188832200404685,163.24278793328625,-0.04451567234937099,0.025293155061081075,221.86429379237237,0.1320150063184573,valid,True
XEL,bear,0.25,-0.0652547593231261,0.02,0.14425554828565038,0.027841922248533702,0.07247073998563944,0.02420420927410851,0.5,0.0,-20.286570500199137,,-0.95,0.0,-1.1067584882145196,below_lower_bound,True
XEL,base,0.5,0.054185535905066584,0.025,0.17608053511468033,0.037122562998044936,0.07247073998563944,0.02420420927410851,1.0,1.2,-9.785663957018128,-0.8419345846545185,-0.49256292195932466,8.999492033579255,-1.138700601281541,valid,True
XEL,bull,0.25,0.14973777208762074,0.030000000000000002,0.19221674626499227,0.040834819297849434,0.07247073998563944,0.02420420927410851,1.5,1.2,8.734739869808463,-0.41052252716617654,-0.22729819664964446,36.047537586055206,-0.8446907030581968,valid,True
EBAY,bear,0.25,-0.00023041294661185763,0.02,0.19528829440759032,0.19013266528320633,0.10558420120567344,0.0,0.5,0.020068459236223295,37.18839659194047,-0.25924270068062466,-0.13266457064892162,39.852150949898785,-0.469037497814766,valid,True
EBAY,base,0.5,0.06964137003246329,0.025,0.2318380411812394,0.25351022037760845,0.24630622324393522,-0.05,1.0,0.23948973708254162,64.60611011291002,-0.12017406736267726,-0.021246876328950712,90.54690611575327,-0.0998117583205187,valid,True
EBAY,bull,0.25,0.1255387964157234,0.030000000000000002,0.26321664044634097,0.2788612424153693,0.25351022037760845,-0.05,1.5,0.3816630673044467,87.88203291075772,-0.00863788516726342,0.05304192284820604,128.44036460959848,0.287633783104724,valid,True
MCHP,bear,0.25,-0.19518033399898801,0.02,0.07891137274893448,0.026768426089289664,0.12514676327113827,0.0,0.5,0.0,-6.772788683009274,,-0.95,0.0,-1.018682012004521,below_lower_bound,True
MCHP,base,0.5,0.021955004946000112,0.025,0.15852737070229608,0.035691234785719554,0.12514676327113827,-0.009520030324610832,1.0,0.6322001492038093,-2.0496558489603127,-0.8300175726035375,-0.588551560245105,1.5594285674847024,-0.999613053169646,valid,True
MCHP,bull,0.25,0.1956632761019906,0.030000000000000002,0.22103905799373347,0.039260358264291514,0.12514676327113827,-0.009520030324610832,1.5,1.2,3.5282736075820913,-0.5226657055027317,-0.31576822103525043,15.653167347480546,-0.8777599447720795,valid,True
KDP,bear,0.25,0.10991390802258696,0.02,0.17534377416877867,0.1148192450889984,0.065,0.0,0.5,0.8006595614420924,13.503917974998528,-0.21784550389274954,-0.0884501803666353,18.935427949304465,-0.37163635913073256,valid,True
KDP,base,0.5,0.25,0.025,0.2147024553505525,0.15309232678533122,0.11399695215800124,-0.01777882142726951,1.0,1.2,48.00794542948736,0.15144083835184577,0.1538983451202512,66.49350431430521,1.0862281588893388,valid,True
KDP,bull,0.25,0.3620688735819304,0.030000000000000002,0.23654785724938177,0.16840155946386434,0.13161541751506745,-0.01777882142726951,1.5,1.2,88.938494667616,0.38281312906183307,0.29707902814261616,122.40301421825711,2.8065630978213365,valid,True
ODFL,bear,0.25,-0.030801829283092635,0.02,0.21821937678025224,0.04485134820654408,0.10374757092804043,0.0,0.5,0.0,39.31234574229809,-0.39169065301830425,-0.25130058358190577,40.82116380244215,-0.7271428179022641,valid,True
ODFL,base,0.5,0.05092368366485922,0.025,0.2561866213225866,0.05980179760872544,0.10374757092804043,-0.025696326262251008,1.0,0.7648423418832779,46.29133692836995,-0.350066558807157,-0.21257897423056415,63.71583941826185,-0.6942588021781333,valid,True
ODFL,bull,0.25,0.1163040940232207,0.030000000000000002,0.28803228654841784,0.065781977369598,0.10374757092804043,-0.025696326262251008,1.5,1.2,53.778658964753674,-0.30150691937305973,-0.16859567304782097,85.15761647580808,-0.607401943728813,valid,True
UAL,bear,0.25,-0.23763604481220224,0.02,-0.014781189799856154,0.31401449262338504,0.08326823696406468,0.0,0.5,0.0,-55.419390900302055,,-0.95,0.0,-1.0570891795696524,below_lower_bound,True
UAL,base,0.5,0.09334051642382446,0.025,0.07828532791915829,0.4186859901645134,0.2549350430520544,-0.0033434900048592286,1.0,0.19029156697541766,160.3339396414067,0.141339930187678,0.13501123394817116,192.24587017678908,0.7820449455242284,valid,True
UAL,bull,0.25,0.35812176541264584,0.030000000000000002,0.16444473115586541,0.4605545891809648,0.32201859369214414,-0.0033434900048592286,1.5,0.6350982472029744,826.0379305221584,0.8863514885888437,0.588550171710085,1075.4715443792236,8.032701757461366,valid,True
IDXX,bear,0.25,0.057360965639066605,0.02,0.24023840773372773,0.30054854716172247,0.12004328832791106,0.0,0.5,0.1659923928509579,93.7931686326884,-0.3976781637917156,-0.23757944665849207,100.8631226124703,-0.7039882903836239,valid,True
IDXX,base,0.5,0.09932527664863533,0.025,0.27820512448371637,0.40073139621563,0.39124413816902504,-0.01732997637742192,1.0,0.21076517117580917,137.4139814981281,-0.31961721888510514,-0.17458504226669902,173.75893602151078,-0.6035310327232632,valid,True
IDXX,bull,0.25,0.1328967254562903,0.030000000000000002,0.31058826438531684,0.44080453583719303,0.40073139621563,-0.01732997637742192,1.5,0.2548008725720454,173.46691666495323,-0.25999957547755903,-0.1265018105113995,228.64107975622255,-0.47886437216132427,valid,True
ADSK,bear,0.25,0.10277518106397843,0.02,0.1245601902073513,0.44999999999999996,0.10572284700171275,0.0,0.5,0.1916003218915172,51.18930974436589,-0.3359147848852444,-0.1834873162093572,53.35977420371337,-0.5974246968543987,valid,True
ADSK,base,0.5,0.16450303612616957,0.025,0.1817827291442067,0.6,0.5092507147095144,-0.029549648817147774,1.0,0.22767071483489276,99.63601371588754,-0.17022318618837745,-0.052324069291353206,130.78144059560412,-0.2298616416056255,valid,True
ADSK,bull,0.25,0.2138853201759225,0.030000000000000002,0.23127223078326758,0.6,0.6,-0.029549648817147774,1.5,0.29518042690123003,144.68720549541968,-0.04216794968815518,0.0352238814433804,198.9880309943866,0.18242831301893725,valid,True
ON,bear,0.25,-0.1283390125827099,0.02,0.10089396836804485,0.02,0.13672569194185336,0.0,0.5,0.0,5.249984037120796,-0.574623724108096,-0.4153492247918621,5.3955206046728215,-0.9025770103482789,valid,True
ON,base,0.5,0.04069241621224584,0.025,0.16852792331505653,0.02,0.13672569194185336,-0.04435981710171258,1.0,1.2,7.330187547348398,-0.4452507184119894,-0.29337410753360016,18.253298307629407,-0.8355851610623047,valid,True
ON,bull,0.25,0.17591755924821045,0.030000000000000002,0.21938155293758804,0.022000000000000002,0.13672569194185336,-0.04435981710171258,1.5,1.2,15.87417028327171,-0.32015494822408075,-0.18854349536122755,36.43091628750282,-0.6604433744120213,valid,True
KMB,bear,0.25,-0.04285583768755577,0.02,0.11768139164041803,0.15562597010424525,0.06611088058552796,0.0,0.5,0.0,45.108294549876646,-0.21266684901202093,-0.11990851520095017,45.27778486737747,-0.4376472359965299,valid,True
KMB,base,0.5,0.007545506339776409,0.025,0.13873102540272614,0.20750129347232701,0.19966826459839832,-0.008727783708135253,1.0,0.05318716277444784,93.83633981727951,0.01605471154907721,0.03371007466921587,110.81068508551844,0.16969964835316942,valid,True
KMB,bull,0.25,0.047866581561642155,0.030000000000000002,0.1565468389628967,0.22825142281955974,0.207501293472327,-0.008727783708135253,1.5,0.19405471695275697,136.10332158430535,0.14727383031276992,0.11934838193701582,167.66957726035463,0.7149671133409161,valid,True
PAYX,bear,0.25,0.07910383668970353,0.02,0.35078843190960984,0.12068437211410557,0.08157317417702867,0.0,0.5,0.5575126934260181,58.99403524270554,-0.10002324624219906,-0.025759541831212082,69.95012268994819,-0.11542033706627208,valid,True
PAYX,base,0.5,0.12287013906354527,0.025,0.39087679209438503,0.16091249615214076,0.15970653845811905,-0.005926693836450308,1.0,0.641939648696836,90.73272447535949,0.03845027035567911,0.06682516203727573,116.19497757161997,0.365235157969773,valid,True
PAYX,bull,0.25,0.15788318096261866,0.030000000000000002,0.42421080131176925,0.17700374576735486,0.16091249615214076,-0.005926693836450308,1.5,0.7474787846805923,114.99477826681718,0.11861579417018221,0.12073902664706113,151.51162654601748,0.7395389675639557,valid,True
ROP,bear,0.25,-0.031145973507436364,0.02,0.23810923499227907,0.05221243263392542,0.07448535232614042,0.0,0.5,0.0,87.72043514779823,-0.3088431353418854,-0.1908138926621177,92.03762031500767,-0.6071500285771478,valid,True
ROP,base,0.5,0.06944898485766005,0.025,0.28084670952713225,0.0696165768452339,0.07448535232614042,-0.01166605566082628,1.0,0.8698960884094956,146.30398531103052,-0.17916148174263063,-0.07921336262952536,206.82902598085096,-0.3365670098950322,valid,True
ROP,bull,0.25,0.14992495154973717,0.030000000000000002,0.30139588977579435,0.07657823452975729,0.07448535232614042,-0.01166605566082628,1.5,1.2,202.1523551222342,-0.10060649143997577,-0.01640797766449393,315.7851366825529,-0.08262424865290807,valid,True
STLD,bear,0.25,-0.12382854440253621,0.02,0.08249844188871358,0.02,0.11250078771816974,0.0,0.5,0.0,27.648635504077877,-0.4335231446806574,-0.30692854208755316,28.581144789958888,-0.7822953715248157,valid,True
STLD,base,0.5,0.15222989728406822,0.025,0.1282361152060176,0.02,0.11250078771816974,-0.05,1.0,1.2,75.03539501413627,-0.16452749058953484,-0.08532126084901391,166.93056936938524,-0.3742825880405031,valid,True
STLD,bull,0.25,0.3730766506333517,0.030000000000000002,0.16465615239245238,0.022000000000000002,0.11250078771816974,-0.05,1.5,1.2,206.58135769176496,0.08570728324120865,0.09648338475089988,410.19864162558844,0.614023092084444,valid,True
BIIB,bear,0.25,-0.10984792399023803,0.02,0.18585216101658056,0.02,0.06652268716772883,0.0,0.5,0.0,100.4214391518033,-0.15988816643948664,-0.0993423261097632,106.10163229447912,-0.3765480732752726,valid,True
BIIB,base,0.5,-0.016207982135437615,0.025,0.2706785477390644,0.02,0.06652268716772883,0.0,1.0,0.0,188.77454509613008,0.04828716799383986,0.03674454229767437,227.61560987689103,0.18121473859380055,valid,True
BIIB,bull,0.25,0.05870397134840272,0.030000000000000002,0.33680375359825626,0.022000000000000002,0.06652268716772883,0.0,1.5,1.2,243.29928410599686,0.13936809155857194,0.09224524219171146,364.2474917751266,0.5742013832851498,valid,True
NTAP,bear,0.25,-0.043366535932310254,0.02,0.15495648141133667,0.44999999999999996,0.11110293740226017,0.0,0.5,0.0,48.36825876431004,-0.28326424558763397,-0.15664113406674002,47.57984004950128,-0.5258097208221898,valid,True
NTAP,base,0.5,0.03027364485717643,0.025,0.1884048836470307,0.6,0.4714689622430542,-0.04569493518135478,1.0,0.04869819314290191,80.36691949812021,-0.15825693829683585,-0.05395235908799802,104.91541248260542,-0.23643945167065705,valid,True
NTAP,bull,0.25,0.08918578948876577,0.030000000000000002,0.21159746604139865,0.6,0.5692483747626021,-0.04569493518135478,1.5,0.12891438598502103,105.93417301453582,-0.056382585188839554,0.015383958691381878,146.13829131480074,0.07689335872323722,valid,True
GEHC,bear,0.25,-0.007215534971743785,0.02,0.11037832184703192,0.07652505807785176,0.07687794344136623,0.0,0.5,0.0,30.627326254891678,-0.15609323178650808,-0.07557464763522145,32.527562701094496,-0.2939482870891439,valid,True
GEHC,base,0.5,0.04908994442571368,0.025,0.13391515151515151,0.10203341077046901,0.09323905939221468,0.0,1.0,0.43389665410836525,50.38848072073076,-0.004180658108089091,0.03256609442178162,61.68794767127637,0.1625415234915979,valid,True
GEHC,bull,0.25,0.09413432794367965,0.030000000000000002,0.14842074336508929,0.11223675184751593,0.09827015285803524,0.0,1.5,0.7244281486817035,68.20329128583688,0.09321799166500572,0.09836528358282523,88.97940781306808,0.5752949762352795,valid,True
CASY,bear,0.25,-0.024063345987140605,0.02,0.03683461585871281,0.11295646177565888,0.07502382164973967,0.0,0.5,0.0,114.74486250730973,-0.45599126485321906,-0.2988180390631897,111.73418087212445,-0.799776895714157,valid,True
CASY,base,0.5,0.09295016291407421,0.025,0.04542217167062353,0.1506086157008785,0.13436544345928875,-0.0038966125745289,1.0,0.5269295515528496,254.4893584637231,-0.280642277685547,-0.15195473623825811,316.94185416110923,-0.5526571201677944,valid,True
CASY,bull,0.25,0.18656097003504607,0.030000000000000002,0.05186421120367236,0.16566947727096637,0.14948240226951653,-0.0038966125745289,1.5,0.9370994499736027,414.6870460734557,-0.1594443360751029,-0.05694930309182379,553.7893291770499,-0.2528068536448459,valid,True
JBHT,bear,0.25,-0.05623327673853612,0.02,0.06647084748405789,0.02,0.10710409278978651,0.0,0.5,0.0,36.46469093068324,-0.44206849586917085,-0.3028490241078543,40.052578028534505,-0.7946328433682248,valid,True
JBHT,base,0.5,0.0648817844209888,0.025,0.07823289501812905,0.02,0.10710409278978651,-0.03559888355921713,1.0,1.2,35.174055235720466,-0.3852563656357234,-0.24534608498506705,78.30918555492977,-0.7704913729785448,valid,True
JBHT,bull,0.25,0.16177383334860873,0.030000000000000002,0.08620807926884769,0.022000000000000002,0.10710409278978651,-0.03559888355921713,1.5,1.2,58.52902745178666,-0.30394509851466867,-0.17624093597987667,120.56423920027268,-0.6346147857072536,valid,True
FISV,bear,0.25,-0.07137136649844322,0.02,0.1742981103856165,0.44999999999999996,0.07642516225063012,0.0,0.5,0.0,11.439061740596417,-0.3430898751947098,-0.2275748483138159,9.382094694157303,-0.6525747872945844,valid,True
FISV,base,0.5,0.10715238192964127,0.025,0.2367339951540479,0.6,0.4258066514807846,-0.05,1.0,0.15120317590618837,123.54763671804095,0.45657841120846576,0.3193213952705265,151.02765377713322,2.6113118491321243,valid,True
FISV,bull,0.25,0.24997138067210886,0.030000000000000002,0.2838046599670058,0.6,0.5305216190306585,-0.05,1.5,0.3432951742294785,274.10510917119666,0.853462625015527,0.5538236137945205,348.7479323906825,7.021585605165805,valid,True
CPRT,bear,0.25,0.017746576161644635,0.02,0.3279084781789815,0.22614543675197946,0.09480828601663062,0.0,0.5,0.08046707106132411,18.769410251449447,-0.06240859366953371,-0.007812841841950982,19.408099795913607,-0.034151113728235316,valid,True
CPRT,base,0.5,0.07222546733525925,0.025,0.3705266255577967,0.3015272490026393,0.2969794318169471,0.0,1.0,0.20820796155526852,25.9330935046523,0.05257055046968165,0.0706795095931739,29.547050560061543,0.3627960775815309,valid,True
CPRT,bull,0.25,0.11580858027415095,0.030000000000000002,0.4063641356889042,0.3316799739029032,0.3015272490026393,0.0,1.5,0.29741579830260984,31.89910285163377,0.12583687701262541,0.12177779171615842,37.90971506093576,0.6932452162124929,valid,True
DXCM,bear,0.25,0.09184980200594894,0.02,0.06924178235313105,0.44999999999999996,0.11358877437720305,0.0,0.5,0.17217742578835368,12.794873787116835,-0.4122005727491342,-0.24571262287208806,12.701744964136946,-0.716762185831372,valid,True
DXCM,base,0.5,0.1818284081558691,0.025,0.14160742777167754,0.6,0.4581624866083924,-0.03473022050745339,1.0,0.25077121087449217,29.31114531661226,-0.21993523112032556,-0.0865523189597297,38.53159619987792,-0.3577325943609537,valid,True
DXCM,bull,0.25,0.2538112930758052,0.030000000000000002,0.2056550528829157,0.6,0.5554447317329518,-0.03473022050745339,1.5,0.3484150574344069,47.938927415855105,-0.0577459310297854,0.0296921117929742,67.50897702339357,0.15295478480032232,valid,True
FSLR,bear,0.25,-0.13651918276512198,0.02,0.06108116362573246,0.24182653504687712,0.12815175840153098,0.001916685210514752,0.5,0.0,42.785066872407036,-0.4281729056412586,-0.2836155426077312,33.19310879637376,-0.7523756249735684,valid,True
FSLR,base,0.5,0.060988224267628566,0.025,0.15890352931345095,0.32243538006250283,0.20289266765450686,0.001916685210514752,1.0,0.16682592153403192,93.3791569169915,-0.212128842700622,-0.10523804404947436,96.42548701123681,-0.38487568607958167,valid,True
FSLR,bull,0.25,0.218994149893829,0.030000000000000002,0.23967634082348271,0.3546789180687531,0.2417493919867012,0.001916685210514752,1.5,0.5108714126615758,169.43134384731704,-0.030424448067788,0.039467694467748546,210.60328024498725,0.19367026378558294,valid,True
VRSK,bear,0.25,-0.011305328313611848,0.02,0.346393612796958,0.2789300130769422,0.07417720226772453,0.0,0.5,0.0,55.85678309438755,-0.28597857602289867,-0.16455850119818927,55.80363519094049,-0.5520361573617067,valid,True
VRSK,base,0.5,0.04341994470420418,0.025,0.42172227797197337,0.3719066841025896,0.3549361036380022,-0.05,1.0,0.10684388708755306,123.96941724171944,-0.059608112962450804,-0.007604780604015074,164.16336753701086,-0.036894206316599454,valid,True
VRSK,bull,0.25,0.087200163118457,0.030000000000000002,0.48711938350074874,0.40909735251284857,0.37190668410258954,-0.05,1.5,0.18518851327053307,186.0722870317597,0.08105348646640777,0.08902783436351458,258.23609093172473,0.5225227448705436,valid,True
FFIV,bear,0.25,0.024354845536692066,0.02,0.15875086075367556,0.44999999999999996,0.09679238591651428,0.0,0.5,0.05218639206523035,113.52369563873499,-0.32420051699155017,-0.18457489616557715,115.50823947660449,-0.6016858230028211,valid,True
FFIV,base,0.5,0.06731413934061525,0.025,0.19959417324742823,0.6,0.564070976354439,-0.031698453977248735,1.0,0.09808551912082034,181.19399646187006,-0.21673102043569087,-0.09819243912061208,227.46874122374217,-0.39709564619828563,valid,True
FFIV,bull,0.25,0.1016815743837538,0.030000000000000002,0.23530591954698954,0.6,0.6,-0.031698453977248735,1.5,0.14557543251167174,233.80661540009282,-0.1306784958433127,-0.04032609174464593,305.53186927638365,-0.18214187063226062,valid,True
FOXA,bear,0.25,-0.010296121880380787,0.02,0.17523104839019862,0.44999999999999996,0.065,0.0,0.5,0.0,69.36146864775095,0.17638377486728135,0.13928241246612744,69.90341061372709,0.7754715952639799,valid,True
FOXA,base,0.5,0.047244307778061656,0.025,0.2005283937430593,0.6,0.5472489999999999,-0.05,1.0,0.0713257437040822,137.1326593759274,0.5162037954200058,0.33715479413513094,186.32612477177216,2.9808117990145773,valid,True
FOXA,bull,0.25,0.09327665150481561,0.030000000000000002,0.21985199824631424,0.6,0.5999999999999999,-0.05,1.5,0.13436886867308748,193.54534546187517,0.6969810634152965,0.4408190711401403,272.2885143078113,4.729030965391919,valid,True
DLTR,bear,0.25,-0.18179799085464055,0.02,0.04419303250292915,0.09539781100833003,0.06980793303379973,0.0,0.5,0.0,-1.7437279250873645,-0.794052839347569,-0.7008933622375481,0.0,-0.9533936813911512,valid,True
DLTR,base,0.5,-0.05,0.025,0.07816983415618828,0.12719708134444005,0.10770772657814659,-0.04617135562445416,1.0,0.0,55.68487091294463,-0.1629429730819538,-0.08808209586422888,60.994974817126256,-0.3419308910354546,valid,True
DLTR,bull,0.25,0.05543839268371245,0.030000000000000002,0.10699211694518836,0.13991678947888406,0.11918555624027466,-0.04617135562445416,1.5,0.3598618459907471,133.2459853251917,0.10484975028084594,0.09765846403897743,163.34332610009574,0.5566437735237331,valid,True
INCY,bear,0.25,0.07932797349258086,0.02,0.10291049903748972,0.44999999999999996,0.08424321651201909,0.0,0.5,0.14991639732014378,52.70697768950213,-0.1946590842446312,-0.0994255775294732,51.953746236689376,-0.37509526768978063,valid,True
INCY,base,0.5,0.143215779454672,0.025,0.17580748591964146,0.6,0.5035534814877476,-0.039529017742909886,1.0,0.1992877059395627,98.54860423508033,0.006256705441046534,0.04346997775137427,126.03968217408139,0.23008699451943282,valid,True
INCY,bull,0.25,0.19432602422434492,0.030000000000000002,0.24113596053295264,0.6,0.6,-0.039529017742909886,1.5,0.2691013656324599,150.111862805722,0.16781732449308037,0.15321200333419258,203.2704613473778,0.9969618989165676,valid,True
CHRW,bear,0.25,-0.10804337639690009,0.02,0.03950452126071699,0.1502854951520137,0.0880905672707112,0.0,0.5,0.0,25.6118465553833,-0.4497631581121823,-0.2998848012706732,24.38484636815823,-0.7939127326778317,valid,True
CHRW,base,0.5,0.01698344586769579,0.025,0.04790639549170544,0.20038066020268494,0.1877031087106651,-0.019754763052743454,1.0,0.09275723852469663,59.503556361550814,-0.27933059428469276,-0.15850589117326308,72.58916783888192,-0.5689911243764005,valid,True
CHRW,bull,0.25,0.1170049036793725,0.030000000000000002,0.05477837898266628,0.22041872622295344,0.20038066020268494,-0.019754763052743454,1.5,0.4518850310510763,94.9595620012534,-0.154985297791427,-0.058958817826351116,126.70277298333939,-0.25803136909090996,valid,True
ULTA,bear,0.25,0.003620564460120518,0.02,0.1075647745505987,0.13583046882634028,0.08330954562500414,0.0,0.5,0.05077249329760873,246.76876249866493,-0.12308960186492182,-0.04984429560572604,257.3230284535947,-0.20316491603983433,valid,True
ULTA,base,0.5,0.09264420132009099,0.025,0.13493027782983869,0.18110729176845372,0.1742223304399549,-0.05,1.0,0.43684249421178495,465.2410826993473,0.0881517338420963,0.09711248305102348,649.8994896745357,0.5752616680341245,valid,True
ULTA,bull,0.25,0.16386311080806737,0.030000000000000002,0.15884696320774802,0.1992180209452991,0.18110729176845372,-0.05,1.5,0.6881430103358769,699.9796387536362,0.24064851722796446,0.19949475189787338,1017.3058488078643,1.4488752581804314,valid,True
CTSH,bear,0.25,0.00014297049178707555,0.02,0.12854181048976412,0.11265054491636353,0.08303803984657299,0.0,0.5,0.036523359886846046,54.64935066472073,0.22685134150087838,0.17426332482136786,56.425239263515,0.9939313989866962,valid,True
CTSH,base,0.5,0.04871247982732607,0.025,0.14961661544644123,0.15020072655515138,0.14153673996974475,-0.03801140315554639,1.0,0.29274148581242554,78.17282206907647,0.39829063792712993,0.2790761379525065,102.43345374874772,2.1338614470369297,valid,True
CTSH,bull,0.25,0.08756808729575727,0.030000000000000002,0.16555208966253307,0.1652207992106665,0.15020072655515138,-0.03801140315554639,1.5,0.4603201909199807,98.77583036695886,0.5063995060045272,0.3439574937336146,136.22297367291185,3.0441274631383024,valid,True
SMCI,bear,0.25,-0.008597641546081891,0.02,0.03921652343585136,0.10504034452932814,0.11526856464338969,0.039278190673283635,0.5,0.0,6.3237487520361215,-0.34899463672190906,-0.2141227980842814,5.625150337293846,-0.6321208587963851,valid,True
SMCI,base,0.5,0.25,0.025,0.06076516287429895,0.14005379270577087,0.13055361478946018,0.039278190673283635,1.0,1.2,24.365524529068296,-0.012484270753338904,0.050368490233086066,34.005183047620086,0.2855077965592485,valid,True
SMCI,bull,0.25,0.45687811323686556,0.030000000000000002,0.07790863183017424,0.15405917197634797,0.1355106604019364,0.039278190673283635,1.5,1.2,58.11392807604718,0.2593890466261656,0.23153323938604448,81.56525408317076,1.9408103920590865,valid,True
CDW,bear,0.25,-0.022181422968224895,0.02,0.06038288958483108,0.21792406240867818,0.08176098085064573,0.0,0.5,0.0,55.5698446248165,-0.20898177505005147,-0.1078019290056545,55.780886806750075,-0.39042310460599994,valid,True
CDW,base,0.5,0.05273526833712139,0.025,0.0706090264135506,0.29056541654490425,0.25857657699654385,-0.022466577124930026,1.0,0.16240134573071122,123.26232500877072,0.03803321307641457,0.062193660426419245,147.24367854920084,0.31868912549086037,valid,True
CDW,bull,0.25,0.11266862138139841,0.030000000000000002,0.07815343241908349,0.3196219581993947,0.29056541654490425,-0.022466577124930026,1.5,0.3007768854389704,185.4984266778591,0.17903595804818903,0.15639775457093497,232.2107349850161,0.9721964867109902,valid,True
TSCO,bear,0.25,-0.004116122091272864,0.02,0.08443396345547091,0.04919880469269723,0.065,0.0,0.5,0.014372347690119113,17.891497335393368,-0.11146103418432174,-0.051506651379168,19.691391803695105,-0.21311845001446394,valid,True
TSCO,base,0.5,0.06867151921636272,0.025,0.096563335188451,0.06559840625692964,0.06550385806833475,-0.02321835494054291,1.0,0.9136992618133701,25.108815916412173,-0.013426791597157688,0.0242355428170413,33.55971756373851,0.12707281086884414,valid,True
TSCO,bull,0.25,0.1269016322624712,0.030000000000000002,0.10495570584963805,0.07215824688262261,0.06559840625692964,-0.02321835494054291,1.5,1.2,32.832958702202056,0.06334188128821554,0.07834589746780696,47.156550524066674,0.47944253083012334,valid,True
NDSN,bear,0.25,-0.01438386708545756,0.02,0.20902032340537896,0.0478641837171691,0.0889402222820624,0.0,0.5,0.0,60.987701869565065,-0.36580122274463067,-0.23003525247477224,64.94529023458047,-0.6865738007309761,valid,True
NDSN,base,0.5,0.048061727218672856,0.025,0.2532505691538013,0.06381891162289213,0.0889402222820624,-0.01358469934508061,1.0,0.680822982875076,82.55695230193554,-0.29259131340659217,-0.1640084528538864,115.73517554255159,-0.5878655942780113,valid,True
NDSN,bull,0.25,0.0980182026619772,0.030000000000000002,0.2846903949071109,0.07020080278518136,0.0889402222820624,-0.01358469934508061,1.5,1.2,101.49368720494,-0.23222135571704705,-0.11487063503154785,159.90492958224175,-0.46271892081282073,valid,True
AKAM,bear,0.25,0.01614138273504722,0.02,0.13984080685678468,0.02,0.06885142722609512,0.0,0.5,0.8456553094018888,16.021963502850365,-0.41727814110927286,-0.24488441333814986,33.61081613806369,-0.7755731131375628,valid,True
AKAM,base,0.5,0.06932377215727004,0.025,0.17709245816795977,0.02,0.06885142722609512,-0.04589870611947869,1.0,1.2,40.67168469809256,-0.24908148396061736,-0.11359011828317306,76.24193463424842,-0.4759220372451106,valid,True
AKAM,bull,0.25,0.1118696836950483,0.030000000000000002,0.20361496290102904,0.022000000000000002,0.06885142722609512,-0.04589870611947869,1.5,1.2,60.85235821336329,-0.13058842794853256,-0.049645983608206705,106.0682941996762,-0.23642622279954162,valid,True
GEN,bear,0.25,-0.028035534176218374,0.02,0.25043228069602574,0.08724337222608272,0.09038580278705019,0.0,0.5,0.0,4.254094366182756,-0.40218561876099557,-0.2573755919700488,3.7804417325545345,-0.695390290928946,valid,True
GEN,base,0.5,0.13670611488344397,0.025,0.355338434982158,0.11632449630144363,0.10706697658615662,-0.020056972811560703,1.0,0.9831539834085306,18.196799589586995,-0.02569515956565735,0.03964919245336208,27.94659278838441,0.21781347100286097,valid,True
GEN,bull,0.25,0.26849943413117383,0.030000000000000002,0.4358914696267881,0.12795694593158802,0.1122547152890353,-0.020056972811560703,1.5,1.2,38.408849808980584,0.20287596289999793,0.19113178953994073,61.2029793513434,1.5063683774853804,valid,True
NWSA,bear,0.25,-0.1496947790773654,0.02,0.04949307811677891,0.05197582948735984,0.08089934923935209,0.0,0.5,0.0,3.624174234285962,-0.4481281339190899,-0.3078160513658077,3.106394454378018,-0.7947716879181539,valid,True
NWSA,base,0.5,0.01895130992652283,0.025,0.07525118018893645,0.06930110598314645,0.08089934923935209,-0.012879660099238022,1.0,0.2909195698279518,8.644378019727027,-0.25657434114255007,-0.14545968109741803,10.095812322395988,-0.5278115040552314,valid,True
NWSA,bull,0.25,0.1538681811296334,0.030000000000000002,0.09097115107979081,0.0762312165814611,0.08089934923935209,-0.012879660099238022,1.5,1.2,12.345285521400864,-0.15109180491417645,-0.056403148802928606,18.26800388937921,-0.25625030326507003,valid,True
COO,bear,0.25,-0.06567594500645307,0.02,0.12178188177687964,0.03549620232025823,0.0820360403469439,0.0,0.5,0.0,8.695929073655527,-0.45026824093656626,-0.3051122513774317,9.408362003253199,-0.7997679116143338,valid,True
COO,base,0.5,0.062230457958520224,0.025,0.16301111144007413,0.04732826976034431,0.0820360403469439,-0.006412596201342491,1.0,1.1575400208844997,18.590444646212376,-0.28049696207744995,-0.15346801675623278,30.527781452501145,-0.5735527468556633,valid,True
COO,bull,0.25,0.16455558033049886,0.030000000000000002,0.1836984958951477,0.052061096736378744,0.0820360403469439,-0.006412596201342491,1.5,1.2,30.765994634422796,-0.17001625327393408,-0.06948333513573737,52.385960864322136,-0.3131882075025565,valid,True
PTC,bear,0.25,-0.006296400336327002,0.02,0.14198048077391284,0.19652157245722596,0.08879073672343307,0.0,0.5,0.0,30.08010929752734,-0.33695597487967466,-0.2006122271704953,26.90822941142059,-0.6144164706418866,valid,True
PTC,base,0.5,0.08479110207839824,0.025,0.21465823542404253,0.26202876327630126,0.19803463626767176,0.0,1.0,0.27795758279375826,67.59697764135902,-0.10632592287147415,-0.02565738382400011,77.6554665949714,-0.11177417830973646,valid,True
PTC,bull,0.25,0.15766110401017844,0.030000000000000002,0.2722219037179654,0.2882316396039314,0.23268224157824538,0.0,1.5,0.4584121416708638,109.94522648602081,0.05219740937463942,0.08379875745158646,136.13722100900614,0.4566087913715795,valid,True
ALGN,bear,0.25,-0.06944645214643935,0.02,0.130375850867357,0.02,0.12772780839015743,0.0,0.5,0.0,49.56923338113064,-0.27441142547468184,-0.16676131645508574,52.336784087006976,-0.5490452359332811,valid,True
ALGN,base,0.5,0.07423050639457152,0.025,0.1693170094374621,0.02,0.12772780839015743,-0.03974669676273289,1.0,1.2,52.46686246106469,-0.21079259362304575,-0.11456701255519872,95.53244772445919,-0.46029424456690116,valid,True
ALGN,bull,0.25,0.18917207322738022,0.030000000000000002,0.1984724914471291,0.022000000000000002,0.12772780839015743,-0.03974669676273289,1.5,1.2,76.59868420088111,-0.10822796719730829,-0.04161204354022627,144.45710541902622,-0.19456919215467805,valid,True
ZBRA,bear,0.25,-0.04763272957565465,0.02,0.11318629729262021,0.02,0.11622294341553427,0.0,0.5,0.0,25.310112907369543,-0.45570881496969373,-0.33404084664944106,30.57746630861704,-0.8107520870992415,valid,True
ZBRA,base,0.5,0.08084735275140242,0.025,0.14730794126744565,0.02,0.11622294341553427,-0.01972154517020093,1.0,1.2,28.0504198215128,-0.3247566061851104,-0.20327348124119446,109.15425771233177,-0.7239435729888202,valid,True
ZBRA,bull,0.25,0.18363141861304808,0.030000000000000002,0.16882591778742842,0.022000000000000002,0.11622294341553427,-0.01972154517020093,1.5,1.2,74.15592071940729,-0.18523360879335082,-0.09404318616434465,196.82528589031347,-0.4159737083826406,valid,True
TRMB,bear,0.25,-0.11523590164167273,0.02,0.09497091363094821,0.02982788868536948,0.10691361345575023,0.0,0.5,0.0,5.299949927931351,-0.4980938560562208,-0.34077805763809016,4.854336615773219,-0.8223446213830702,valid,True
TRMB,base,0.5,-0.0002694490346770717,0.025,0.12922263775761822,0.039770518247159305,0.10691361345575023,-0.030460138682860564,1.0,0.12030119251966455,12.2610100977935,-0.341671296278946,-0.19606277876882813,16.53680126960518,-0.6558266338830867,valid,True
TRMB,bull,0.25,0.09170371305091946,0.030000000000000002,0.14706050243631558,0.04374757007187524,0.10691361345575023,-0.030460138682860564,1.5,1.2,12.507014973760981,-0.2717057873029261,-0.14162616365356367,25.338582035135424,-0.5509179981422618,valid,True
HAS,bear,0.25,-0.07256013919568216,0.02,0.016991957131736735,0.20370185134628804,0.065,0.0031100678704076845,0.5,0.0,-7.5289900627082496,,-0.95,0.0,-0.9677585761438563,below_lower_bound,True
HAS,base,0.5,0.053402933758065596,0.025,0.10535031530997216,0.2716024684617174,0.20962172792320216,0.0031100678704076845,1.0,0.1757066026562236,52.08468254645289,-0.09808355530258264,-0.03432315585669128,58.0031907860365,-0.14923101001037842,valid,True
HAS,bull,0.25,0.1541733921210638,0.030000000000000002,0.18738765456960926,0.2987627153078891,0.2509422216155456,0.0031100678704076845,1.5,0.4329145072990831,156.82150828129974,0.2920240578474478,0.21701499883783987,188.6133722195294,1.5550433693202113,valid,True
APA,bear,0.25,-0.14424001414325205,0.02,0.21129171334618999,0.0486732147862415,0.065,0.020593996919940682,0.5,0.0,27.41573767286161,0.022197435144335052,0.010512232012115446,22.98129895351365,0.04419360956876739,valid,True
APA,base,0.5,0.10841168361291376,0.025,0.3184182911929025,0.06489761971498867,0.065,0.020593996919940682,1.0,1.2,81.95795853965485,0.39552705688402057,0.2512385885696858,100.40919351671924,2.170009333779085,valid,True
APA,bull,0.25,0.3105330418178464,0.030000000000000002,0.40757652486759954,0.07138738168648755,0.065,0.020593996919940682,1.5,1.2,184.08520992333467,0.7655925155151635,0.4554241124074907,232.97459534950167,6.072368393281622,valid,True
TECH,bear,0.25,-0.05865386635350342,0.02,0.15377637051377788,0.02,0.11114111892652781,0.0,0.5,0.0,6.9161914020766195,-0.4920295312826055,-0.33944804670754813,7.68474894045827,-0.8460483153154406,valid,True
TECH,base,0.5,0.04402987097777422,0.025,0.21244651555028604,0.02,0.11114111892652781,-0.018442505807106175,1.0,1.2,7.661061442775457,-0.4224143294035457,-0.27508625272894277,15.127668145849656,-0.8085868424606637,valid,True
TECH,bull,0.25,0.12617686084279633,0.030000000000000002,0.25380333180202364,0.022000000000000002,0.11114111892652781,-0.018442505807106175,1.5,1.2,12.104622650422103,-0.3442287535173818,-0.20951941612875086,23.356808702690785,-0.7006096111144631,valid,True
PODD,bear,0.25,0.15390063206091273,0.02,0.05289353987322436,0.22388810815171598,0.09648276834379566,0.0,0.5,0.5677858761600146,20.81071490545089,-0.4716995491849956,-0.2795787104056217,23.99582180709204,-0.7820009402744659,valid,True
PODD,base,0.5,0.2440616760567612,0.025,0.09120143577728251,0.2985174775356213,0.19948006308978838,0.0,1.0,0.6708127862346477,57.79467860250042,-0.2500296829966828,-0.10192376198247072,74.36159210930775,-0.40118649148434693,valid,True
PODD,bull,0.25,0.31619051125344,0.030000000000000002,0.12143526857197785,0.32836922528918344,0.23988700492815349,0.0,1.5,0.7886013336807113,97.86207226497723,-0.10384862519567829,0.0028816948091844362,131.05614961358566,0.013980633959181032,valid,True
JKHY,bear,0.25,0.029277342554311775,0.02,0.20573195476628658,0.17148200421449253,0.0733037781307264,0.0,0.5,0.15991108903269924,83.34875473180456,-0.10727275885292326,-0.03972408308181909,87.35856418426123,-0.1683266826188239,valid,True
JKHY,base,0.5,0.06680557275378296,0.025,0.22906459806807788,0.22864267228599003,0.22634365665249212,-0.010194442613539564,1.0,0.25561483173151106,129.22129771756093,0.042495016963221166,0.05858823398011737,154.33976354979703,0.3089654508042998,valid,True
JKHY,bull,0.25,0.09682815691335991,0.030000000000000002,0.2484527489911369,0.2515069395145891,0.22864267228599006,-0.010194442613539564,1.5,0.3318497918656696,163.2404253209723,0.1260493596782908,0.11393508144537923,201.61761023977368,0.6722564267954143,valid,True
DPZ,bear,0.25,0.011639127961843868,0.02,0.15979682369482598,0.44999999999999996,0.07800300455239564,0.0,0.5,0.029580671932166878,120.6355449962321,-0.20849227394210174,-0.09745823098783146,124.21094308299885,-0.3610309190506118,valid,True
DPZ,base,0.5,0.056663354972662616,0.025,0.17766900952576264,0.6,0.5926398423641888,-0.025997933756712534,1.0,0.08388447329688349,283.7883079388189,0.06810998988803477,0.08187519607745347,343.06242078442233,0.4354929969276926,valid,True
DPZ,bull,0.25,0.09268273658131762,0.030000000000000002,0.1925003902586659,0.6,0.6,-0.025997933756712534,1.5,0.1335769821084235,406.05489168837335,0.19703118333127354,0.1647668922290904,505.4660972597417,1.0323412064549493,valid,True
SWKS,bear,0.25,-0.16769424695297752,0.02,0.20259971227721946,0.047890178822207655,0.11315155237119523,0.0,0.5,0.0,29.096686887111023,-0.16041873261565337,-0.0898578781983815,30.40597857270781,-0.33854907877575435,valid,True
SWKS,base,0.5,-0.009171636717484,0.025,0.27206351044866306,0.06385357176294354,0.11315155237119523,-0.043719236149122875,1.0,0.0,56.523190945581476,0.04721423005685214,0.06489615642931315,76.52496425309602,0.346443360050229,valid,True
SWKS,bull,0.25,0.11764645147091082,0.030000000000000002,0.32403634553336214,0.0702389289392379,0.11315155237119523,-0.043719236149122875,1.5,1.2,71.78982844695058,0.13358186186524112,0.12694302485324443,117.73372856614749,0.8273029378663155,valid,True
HSIC,bear,0.25,-0.077061446120548,0.02,0.04699420935888863,0.02,0.07471137199708913,0.0,0.5,0.0,14.220856070152989,-0.36555548930773507,-0.2590486393426545,15.688632763647,-0.7180985734738682,valid,True
HSIC,base,0.5,0.02502898136312337,0.025,0.05769458738710034,0.02,0.07471137199708913,-0.05,1.0,1.2,19.949832675898115,-0.22641580612398682,-0.1418614799738861,48.44352075099262,-0.5715159331752199,valid,True
HSIC,bull,0.25,0.10670132335006047,0.030000000000000002,0.0651401252678688,0.022000000000000002,0.07471137199708913,-0.05,1.5,1.2,43.26022388189608,-0.08069406579015773,-0.033835950546199416,83.83677381913438,-0.16892100762516093,valid,True
TTD,bear,0.25,0.13556932221919116,0.02,0.13084381195061373,0.3305021447327149,0.09344006095450318,0.0,0.5,0.34025636313585317,17.897185954376166,0.00017961040139201102,0.08615887020714581,20.632728140164236,0.4635517890990679,valid,True
TTD,base,0.5,0.1981083519907434,0.025,0.1711063344506371,0.44066952631028655,0.4100438874659065,-0.05,1.0,0.3709961134854594,37.51156993463576,0.2675108410418034,0.291676773922518,55.44811316786605,2.467280659327441,valid,True
TTD,bull,0.25,0.24813957580798518,0.030000000000000002,0.206538525129119,0.4847364789413153,0.44066952631028655,-0.05,1.5,0.42190276476210364,49.78274709211092,0.4608377546072007,0.3764662879519164,74.48474630994066,3.6847131890882645,valid,True
