ticker,name,exchange,security_type,is_adr,listing_date,sector,industry,country,shares_outstanding,beta,market_cap_hint,as_of,source,fetched_at
BRK-B,Berkshire Hathaway Inc.,NYSE,common_stock,False,1996-05-09,Financial Services,Insurance - Diversified,US,2156853594.999706,0.61,1099499257123.0,2026-09-18,fmp:company-screener,2026-09-19T02:24:40.055543+00:00
LLY,Eli Lilly and Company,NYSE,common_stock,False,1972-06-01,Healthcare,Drug Manufacturers - General,US,941741000.0,0.502,1085092815020.0,2026-09-18,fmp:company-screener,2026-09-19T02:24:40.055543+00:00
JPM,JPMorgan Chase & Co.,NYSE,common_stock,False,1980-03-17,Financial Services,Banks - Diversified,US,2679510000.0,0.975,936944261700.0,2026-09-18,fmp:company-screener,2026-09-19T02:24:40.055543+00:00
V,Visa Inc.,NYSE,common_stock,False,2008-03-19,Financial Services,Financial - Credit Services,US,1867047210.999484,0.761,687614817339.0,2026-09-18,fmp:company-screener,2026-09-19T02:24:40.055543+00:00
XOM,Exxon Mobil Corporation,NYSE,common_stock,False,1978-01-13,Energy,Oil & Gas Integrated,US,4144460000.0,0.175,676292982800.0,2026-09-18,fmp:company-screener,2026-09-19T02:24:40.055543+00:00
JNJ,Johnson & Johnson,NYSE,common_stock,False,1962-01-02,Healthcare,Drug Manufacturers - General,US,2409898416.0005927,0.235,650648473336.0,2026-09-18,fmp:company-screener,2026-09-19T02:24:40.055543+00:00
MA,Mastercard Incorporated,NYSE,common_stock,False,2006-05-25,Financial Services,Financial - Credit Services,US,877036000.0,0.735,495735828640.0,2026-09-18,fmp:company-screener,2026-09-19T02:24:40.055543+00:00
ABBV,AbbVie Inc.,NYSE,common_stock,False,2013-01-02,Healthcare,Drug Manufacturers - General,US,1766792820.9985595,0.281,466044610323.0,2026-09-18,fmp:company-screener,2026-09-19T02:24:40.055543+00:00
ORCL,Oracle Corporation,NYSE,common_stock,False,1986-03-12,Technology,Software - Infrastructure,US,2880470000.0,1.732,425157372000.0,2026-09-18,fmp:company-screener,2026-09-19T02:24:40.055543+00:00
CVX,Chevron Corporation,NYSE,common_stock,False,1921-06-24,Energy,Oil & Gas Integrated,US,1991600000.0,0.491,417260116000.0,2026-09-18,fmp:company-screener,2026-09-19T02:24:40.055543+00:00
BAC,Bank of America Corporation,NYSE,common_stock,False,1973-02-21,Financial Services,Banks - Diversified,US,7096590000.0,1.164,409686140700.0,2026-09-18,fmp:company-screener,2026-09-19T02:24:40.055543+00:00
KO,The Coca-Cola Company,NYSE,common_stock,False,1962-01-02,Consumer Defensive,Beverages - Non-Alcoholic,US,4302548934.005666,0.342,379699943426.0,2026-09-18,fmp:company-screener,2026-09-19T02:24:40.055543+00:00
DELL,Dell Technologies Inc.,NYSE,common_stock,False,2016-08-17,Technology,Computer Hardware,US,664250943.0,1.409,377958786567.0,2026-09-18,fmp:company-screener,2026-09-19T02:24:40.055543+00:00
CAT,Caterpillar Inc.,NYSE,common_stock,False,1929-12-02,Industrials,Agricultural - Machinery,US,460637000.0,1.594,372650726630.0,2026-09-18,fmp:company-screener,2026-09-19T02:24:40.055543+00:00
MRK,"Merck & Co., Inc.",NYSE,common_stock,False,1978-01-13,Healthcare,Drug Manufacturers - General,US,2469820000.0,0.226,362470783200.0,2026-09-18,fmp:company-screener,2026-09-19T02:24:40.055543+00:00
PG,The Procter & Gamble Company,NYSE,common_stock,False,1978-01-13,Consumer Defensive,Household & Personal Products,US,2377208937.0007176,0.377,347868869796.0,2026-09-18,fmp:company-screener,2026-09-19T02:24:40.055543+00:00
UNH,UnitedHealth Group Incorporated,NYSE,common_stock,False,1984-10-17,Healthcare,Medical - Healthcare Plans,US,908144404.0010613,0.622,342279625868.0,2026-09-18,fmp:company-screener,2026-09-19T02:24:40.055543+00:00
GE,GE Aerospace,NYSE,spac,False,1962-01-02,Industrials,Aerospace & Defense,US,1037562513.0015593,1.366,326074770961.0,2026-09-18,fmp:company-screener,2026-09-19T02:24:40.055543+00:00
MS,Morgan Stanley,NYSE,common_stock,False,1993-02-23,Financial Services,Financial - Capital Markets,US,1577280000.0,1.207,319430745600.0,2026-09-18,fmp:company-screener,2026-09-19T02:24:40.055543+00:00
HD,"The Home Depot, Inc.",NYSE,common_stock,False,1981-09-22,Consumer Cyclical,Home Improvement,US,997116999.9999999,0.955,299115157660.0,2026-09-18,fmp:company-screener,2026-09-19T02:24:40.055543+00:00
PM,Philip Morris International Inc.,NYSE,common_stock,False,2008-03-17,Consumer Defensive,Tobacco,US,1558610000.0,0.395,293985018200.0,2026-09-18,fmp:company-screener,2026-09-19T02:24:40.055543+00:00
GS,"The Goldman Sachs Group, Inc.",NYSE,common_stock,False,1999-05-04,Financial Services,Financial - Capital Markets,US,295007000.0,1.283,277896594000.0,2026-09-18,fmp:company-screener,2026-09-19T02:24:40.055543+00:00
RTX,RTX Corporation,NYSE,common_stock,False,1952-09-15,Industrials,Aerospace & Defense,US,1347758101.0,0.287,261465071594.0,2026-09-18,fmp:company-screener,2026-09-19T02:24:40.055543+00:00
WFC,Wells Fargo & Company,NYSE,common_stock,False,1972-06-01,Financial Services,Banks - Diversified,US,3024000000.0,0.916,260426880000.0,2026-09-18,fmp:company-screener,2026-09-19T02:24:40.055543+00:00
ANET,"Arista Networks, Inc.",NYSE,common_stock,False,2014-06-06,Technology,Computer Hardware,US,1259169438.000903,1.617,251065794243.0,2026-09-18,fmp:company-screener,2026-09-19T02:24:40.055543+00:00
GEV,GE Vernova Inc.,NYSE,common_stock,False,2024-03-27,Industrials,Industrial - Machinery,US,266333600.0,0.967,250441474088.0,2026-09-18,fmp:company-screener,2026-09-19T02:24:40.055543+00:00
TMO,Thermo Fisher Scientific Inc.,NYSE,common_stock,False,1980-03-17,Healthcare,Medical - Diagnostics & Research,US,371621000.0,0.854,242092500450.0,2026-09-18,fmp:company-screener,2026-09-19T02:24:40.055543+00:00
C,Citigroup Inc.,NYSE,common_stock,False,1977-01-03,Financial Services,Banks - Diversified,US,1714909999.9999998,1.097,226025138000.0,2026-09-18,fmp:company-screener,2026-09-19T02:24:40.055543+00:00
IBM,International Business Machines Corporation,NYSE,common_stock,False,1915-09-24,Technology,Information Technology Services,US,942134000.0,0.708,216266859700.0,2026-09-18,fmp:company-screener,2026-09-19T02:24:40.055543+00:00
AXP,American Express Company,NYSE,common_stock,False,1972-06-01,Financial Services,Financial - Credit Services,US,675310000.0,1.048,210399583600.0,2026-09-18,fmp:company-screener,2026-09-19T02:24:40.055543+00:00
VZ,Verizon Communications Inc.,NYSE,common_stock,False,1983-11-21,Communication Services,Telecommunications Services,US,4175559999.9999995,0.24,200802680400.0,2026-09-18,fmp:company-screener,2026-09-19T02:24:40.055543+00:00
CRM,"Salesforce, Inc.",NYSE,common_stock,False,2004-06-23,Technology,Software - Application,US,819000000.0,1.202,194856480000.0,2026-09-18,fmp:company-screener,2026-09-19T02:24:40.055543+00:00
APH,Amphenol Corporation,NYSE,common_stock,False,1991-11-08,Technology,"Hardware, Equipment & Parts",US,2465960000.0,1.242,191235198000.0,2026-09-18,fmp:company-screener,2026-09-19T02:24:40.055543+00:00
DE,Deere & Company,NYSE,common_stock,False,1972-06-01,Industrials,Agricultural - Machinery,US,269937425.0003655,0.911,184634499326.0,2026-09-18,fmp:company-screener,2026-09-19T02:24:40.055543+00:00
SCHW,The Charles Schwab Corporation,NYSE,common_stock,False,1987-09-22,Financial Services,Financial - Capital Markets,US,1739140000.0,0.753,183044485000.0,2026-09-18,fmp:company-screener,2026-09-19T02:24:40.055543+00:00
DIS,The Walt Disney Company,NYSE,common_stock,False,1957-11-12,Communication Services,Entertainment,US,1736510000.0,1.409,178287481700.0,2026-09-18,fmp:company-screener,2026-09-19T02:24:40.055543+00:00
ABT,Abbott Laboratories,NYSE,common_stock,False,1980-03-17,Healthcare,Medical - Devices,US,1730383372.0039005,0.586,177450814799.0,2026-09-18,fmp:company-screener,2026-09-19T02:24:40.055543+00:00
MCD,McDonald's Corporation,NYSE,common_stock,False,1965-04-21,Consumer Cyclical,Restaurants,US,710506000.0,0.414,176376009440.0,2026-09-18,fmp:company-screener,2026-09-19T02:24:40.055543+00:00
T,AT&T Inc.,NYSE,common_stock,False,1983-11-21,Communication Services,Telecommunications Services,US,6852390000.0,0.417,174153491850.0,2026-09-18,fmp:company-screener,2026-09-19T02:24:40.055543+00:00
NEE,"NextEra Energy, Inc.",NYSE,common_stock,False,2014-06-19,Utilities,Regulated Electric,US,2085978193.9977632,0.644,167858665271.0,2026-09-18,fmp:company-screener,2026-09-19T02:24:40.055543+00:00
UNP,Union Pacific Corporation,NYSE,common_stock,False,1980-01-02,Industrials,Railroads,US,594075497.9990693,0.966,165966871876.0,2026-09-18,fmp:company-screener,2026-09-19T02:24:40.055543+00:00
BLK,"BlackRock, Inc.",NYSE,common_stock,False,1999-10-01,Financial Services,Asset Management,US,154995000.0,1.429,165810551100.0,2026-09-18,fmp:company-screener,2026-09-19T02:24:40.055543+00:00
ETN,Eaton Corporation plc,NYSE,common_stock,True,1972-06-01,Industrials,Electrical Equipment & Parts,IE,388300000.0,1.168,164938191000.0,2026-09-18,fmp:company-screener,2026-09-19T02:24:40.055543+00:00
WELL,Welltower Inc.,NYSE,common_stock,False,1980-03-19,Real Estate,REIT - Healthcare Facilities,US,720572011.0018787,0.76,164917316158.0,2026-09-18,fmp:company-screener,2026-09-19T02:24:40.055543+00:00
COP,ConocoPhillips,NYSE,common_stock,False,1981-12-31,Energy,Oil & Gas Exploration & Production,US,1218294007.0014412,0.134,160607698943.0,2026-09-18,fmp:company-screener,2026-09-19T02:24:40.055543+00:00
PFE,Pfizer Inc.,NYSE,common_stock,False,1972-06-01,Healthcare,Drug Manufacturers - General,US,5699440000.0,0.299,157304544000.0,2026-09-18,fmp:company-screener,2026-09-19T02:24:40.055543+00:00
BA,The Boeing Company,NYSE,common_stock,False,1962-01-02,Industrials,Aerospace & Defense,US,790370000.0,1.213,156651334000.0,2026-09-18,fmp:company-screener,2026-09-19T02:24:40.055543+00:00
BX,Blackstone Inc.,NYSE,common_stock,False,2007-06-22,Financial Services,Asset Management,US,1207992819.9983995,1.558,150950782787.0,2026-09-18,fmp:company-screener,2026-09-19T02:24:40.055543+00:00
DHR,Danaher Corporation,NYSE,common_stock,False,1978-12-29,Healthcare,Medical - Diagnostics & Research,US,702986054.0019833,0.808,148871356656.0,2026-09-18,fmp:company-screener,2026-09-19T02:24:40.055543+00:00
UBER,"Uber Technologies, Inc.",NYSE,common_stock,False,2019-05-10,Technology,Software - Application,US,2035599013.0070922,1.159,143509730417.0,2026-09-18,fmp:company-screener,2026-09-19T02:24:40.055543+00:00
TJX,"The TJX Companies, Inc.",NYSE,common_stock,False,1987-06-26,Consumer Cyclical,Apparel - Retail,US,1104704445.9996858,0.593,140562593709.0,2026-09-18,fmp:company-screener,2026-09-19T02:24:40.055543+00:00
NOW,"ServiceNow, Inc.",NYSE,common_stock,False,2012-06-29,Technology,Software - Application,US,1033862000.0,0.972,140057285140.0,2026-09-18,fmp:company-screener,2026-09-19T02:24:40.055543+00:00
CB,Chubb Limited,NYSE,common_stock,True,1993-03-25,Financial Services,Insurance - Property & Casualty,CH,385800000.0,0.382,131418912000.0,2026-09-18,fmp:company-screener,2026-09-19T02:24:40.055543+00:00
NEM,Newmont Corporation,NYSE,common_stock,False,1980-03-17,Basic Materials,Gold,US,1053692270.9991087,0.543,130036163164.0,2026-09-18,fmp:company-screener,2026-09-19T02:24:40.055543+00:00
GLW,Corning Inc,NYSE,common_stock,False,1981-12-31,Technology,"Hardware, Equipment & Parts",US,861387999.9999999,1.151,129302952680.0,2026-09-18,fmp:company-screener,2026-09-19T02:24:40.055543+00:00
BMY,Bristol-Myers Squibb Company,NYSE,common_stock,False,1972-06-01,Healthcare,Drug Manufacturers - General,US,2042710000.0,0.227,128813292600.0,2026-09-18,fmp:company-screener,2026-09-19T02:24:40.055543+00:00
PLD,"Prologis, Inc.",NYSE,common_stock,False,1997-11-21,Real Estate,REIT - Industrial,US,933076000.0,1.316,125815967840.0,2026-09-18,fmp:company-screener,2026-09-19T02:24:40.055543+00:00
COF,Capital One Financial Corporation,NYSE,common_stock,False,1994-11-16,Financial Services,Financial - Credit Services,US,613485000.0,1.016,124187768550.0,2026-09-18,fmp:company-screener,2026-09-19T02:24:40.055543+00:00
PGR,The Progressive Corporation,NYSE,common_stock,False,1980-03-17,Financial Services,Insurance - Property & Casualty,US,581400000.0,0.259,124117272000.0,2026-09-18,fmp:company-screener,2026-09-19T02:24:40.055543+00:00
MPC,Marathon Petroleum Corporation,NYSE,common_stock,False,2011-06-24,Energy,Oil & Gas Refining & Marketing,US,291937000.0,0.527,124041111930.0,2026-09-18,fmp:company-screener,2026-09-19T02:24:40.055543+00:00
LMT,Lockheed Martin Corporation,NYSE,common_stock,False,1977-01-03,Industrials,Aerospace & Defense,US,230791000.0,0.104,123210083260.0,2026-09-18,fmp:company-screener,2026-09-19T02:24:40.055543+00:00
SPGI,S&P Global Inc.,NYSE,common_stock,False,1973-02-21,Financial Services,Financial - Data & Stock Exchanges,US,294800000.0,1.077,119488336000.0,2026-09-18,fmp:company-screener,2026-09-19T02:24:40.055543+00:00
VLO,Valero Energy Corporation,NYSE,common_stock,False,1982-01-04,Energy,Oil & Gas Refining & Marketing,US,287927461.99912894,0.568,118994661495.0,2026-09-18,fmp:company-screener,2026-09-19T02:24:40.055543+00:00
PH,Parker-Hannifin Corporation,NYSE,common_stock,False,1980-03-17,Industrials,Industrial - Machinery,US,126086388.99993642,1.123,118967551477.0,2026-09-18,fmp:company-screener,2026-09-19T02:24:40.055543+00:00
MDT,Medtronic plc,NYSE,common_stock,True,1973-05-02,Healthcare,Medical - Devices,IE,1280050000.0,0.574,117931006500.0,2026-09-18,fmp:company-screener,2026-09-19T02:24:40.055543+00:00
MO,"Altria Group, Inc.",NYSE,common_stock,False,1985-07-01,Consumer Defensive,Tobacco,US,1669743960.995612,0.494,116055554009.0,2026-09-18,fmp:company-screener,2026-09-19T02:24:40.055543+00:00
CVS,CVS Health Corp.,NYSE,common_stock,False,1973-02-21,Healthcare,Medical - Healthcare Plans,US,1275930000.0,0.58,113353621200.0,2026-09-18,fmp:company-screener,2026-09-19T02:24:40.055543+00:00
ACN,Accenture plc,NYSE,common_stock,True,2001-07-19,Technology,Information Technology Services,IE,611942109.0021513,1.092,110938984941.0,2026-09-18,fmp:company-screener,2026-09-19T02:24:40.055543+00:00
PSX,Phillips 66,NYSE,common_stock,False,2012-04-12,Energy,Oil & Gas Refining & Marketing,US,400935020.0014645,0.704,109507382013.0,2026-09-18,fmp:company-screener,2026-09-19T02:24:40.055543+00:00
LOW,"Lowe's Companies, Inc.",NYSE,common_stock,False,1980-03-17,Consumer Cyclical,Home Improvement,US,560707000.0,0.846,107896848010.0,2026-09-18,fmp:company-screener,2026-09-19T02:24:40.055543+00:00
BNY,Bank of New York Mellon Corp,NYSE,common_stock,False,2007-07-01,Financial Services,Investment - Banking & Investment Services,US,686379000.0,1.048,105558226410.0,2026-09-18,fmp:company-screener,2026-09-19T02:24:40.055543+00:00
SYK,Stryker Corporation,NYSE,common_stock,False,1980-03-17,Healthcare,Medical - Devices,US,383360761.9984007,0.768,105470212841.0,2026-09-18,fmp:company-screener,2026-09-19T02:24:40.055543+00:00
FCX,Freeport-McMoRan Inc.,NYSE,common_stock,False,1995-07-10,Basic Materials,Copper,US,1437559999.9999998,1.401,102843042400.0,2026-09-18,fmp:company-screener,2026-09-19T02:24:40.055543+00:00
MCK,McKesson Corporation,NYSE,common_stock,False,1994-11-10,Healthcare,Medical - Distribution,US,117078000.0,0.307,102402272700.0,2026-09-18,fmp:company-screener,2026-09-19T02:24:40.055543+00:00
SO,The Southern Company,NYSE,common_stock,False,1981-12-31,Utilities,Regulated Electric,US,1150360000.0,0.316,98378787200.0,2026-09-18,fmp:company-screener,2026-09-19T02:24:40.055543+00:00
VRT,Vertiv Holdings Co,NYSE,common_stock,False,2018-08-02,Industrials,Electrical Equipment & Parts,US,384988000.0,2.075,96012157320.0,2026-09-18,fmp:company-screener,2026-09-19T02:24:40.055543+00:00
PWR,"Quanta Services, Inc.",NYSE,common_stock,False,1998-02-12,Industrials,Engineering & Construction,US,150343000.0,1.2,95724891530.0,2026-09-18,fmp:company-screener,2026-09-19T02:24:40.055543+00:00
GD,General Dynamics Corporation,NYSE,common_stock,False,1978-01-13,Industrials,Aerospace & Defense,US,270557000.0,0.322,95520148850.0,2026-09-18,fmp:company-screener,2026-09-19T02:24:40.055543+00:00
TT,Trane Technologies plc,NYSE,common_stock,True,1980-03-17,Industrials,Industrial - Machinery,IE,220023182.99969703,1.197,94414148057.0,2026-09-18,fmp:company-screener,2026-09-19T02:24:40.055543+00:00
USB,U.S. Bancorp,NYSE,common_stock,False,1973-05-03,Financial Services,Banks - Diversified,US,1557731728.005328,0.971,93557367584.0,2026-09-18,fmp:company-screener,2026-09-19T02:24:40.055543+00:00
PNC,"The PNC Financial Services Group, Inc.",NYSE,common_stock,False,1975-11-17,Financial Services,Banks - Regional,US,399000000.0,0.889,93034830000.0,2026-09-18,fmp:company-screener,2026-09-19T02:24:40.055543+00:00
HCA,"HCA Healthcare, Inc.",NYSE,common_stock,False,2011-03-10,Healthcare,Medical - Care Facilities,US,216501501.99901804,1.109,92599857420.0,2026-09-18,fmp:company-screener,2026-09-19T02:24:40.055543+00:00
HWM,Howmet Aerospace Inc.,NYSE,spac,False,2016-11-01,Industrials,Aerospace & Defense,US,400107483.00169814,1.186,91892685621.0,2026-09-18,fmp:company-screener,2026-09-19T02:24:40.055543+00:00
DUK,Duke Energy Corporation,NYSE,common_stock,False,1980-03-17,Utilities,Regulated Electric,US,779596000.0,0.364,91625917880.0,2026-09-18,fmp:company-screener,2026-09-19T02:24:40.055543+00:00
ELV,Elevance Health Inc.,NYSE,common_stock,False,2001-10-30,Healthcare,Medical - Healthcare Plans,US,216869290.0012167,0.696,89122434726.0,2026-09-18,fmp:company-screener,2026-09-19T02:24:40.055543+00:00
KKR,KKR & Co. Inc.,NYSE,common_stock,False,2010-07-15,Financial Services,Asset Management,US,897872940.9978747,1.791,88718825300.0,2026-09-18,fmp:company-screener,2026-09-19T02:24:40.055543+00:00
WMB,"The Williams Companies, Inc.",NYSE,common_stock,False,1981-12-31,Energy,Oil & Gas Midstream,US,1223167472.0055518,0.618,88129216358.0,2026-09-18,fmp:company-screener,2026-09-19T02:24:40.055543+00:00
ICE,"Intercontinental Exchange, Inc.",NYSE,common_stock,False,2005-11-16,Financial Services,Financial - Data & Stock Exchanges,US,561395000.0,0.934,87280080650.0,2026-09-18,fmp:company-screener,2026-09-19T02:24:40.055543+00:00
JCI,Johnson Controls International plc,NYSE,common_stock,True,1987-09-28,Basic Materials,Construction Materials,IE,605741470.0027918,1.304,86790637822.0,2026-09-18,fmp:company-screener,2026-09-19T02:24:40.055543+00:00
MMM,3M Company,NYSE,common_stock,False,1946-01-14,Industrials,Conglomerates,US,515722417.0020485,1.074,85599606774.0,2026-09-18,fmp:company-screener,2026-09-19T02:24:40.055543+00:00
WM,"Waste Management, Inc.",NYSE,common_stock,False,1988-06-22,Industrials,Waste Management,US,399715183.99810517,0.431,84379875342.0,2026-09-18,fmp:company-screener,2026-09-19T02:24:40.055543+00:00
UPS,"United Parcel Service, Inc.",NYSE,common_stock,False,1999-11-10,Industrials,Integrated Freight & Logistics,US,849502165.9967684,1.038,84117704477.0,2026-09-18,fmp:company-screener,2026-09-19T02:24:40.055543+00:00
EMR,Emerson Electric Co.,NYSE,common_stock,False,1972-06-01,Industrials,Industrial - Machinery,US,560100000.0,1.233,83970192000.0,2026-09-18,fmp:company-screener,2026-09-19T02:24:40.055543+00:00
MRSH,"Marsh & McLennan Companies, Inc.",NYSE,common_stock,False,1987-12-30,Financial Services,Insurance - Brokers,US,477211268.0018285,0.577,83516744013.0,2026-09-18,fmp:company-screener,2026-09-19T02:24:40.055543+00:00
MCO,Moody's Corporation,NYSE,common_stock,False,1994-10-31,Financial Services,Financial - Data & Stock Exchanges,US,173200000.0,1.334,81159788000.0,2026-09-18,fmp:company-screener,2026-09-19T02:24:40.055543+00:00
AMT,American Tower Corporation,NYSE,common_stock,False,1998-02-27,Real Estate,REIT - Specialty,US,465960000.0,0.895,81067720800.0,2026-09-18,fmp:company-screener,2026-09-19T02:24:40.055543+00:00
HPE,Hewlett Packard Enterprise Company,NYSE,common_stock,False,2015-10-19,Technology,Computer Hardware,US,1324203521.0075731,1.442,80432121866.0,2026-09-18,fmp:company-screener,2026-09-19T02:24:40.055543+00:00
TRV,"The Travelers Companies, Inc.",NYSE,common_stock,False,1975-11-17,Financial Services,Insurance - Property & Casualty,US,208575022.00096098,0.451,78136374742.0,2026-09-18,fmp:company-screener,2026-09-19T02:24:40.055543+00:00
SHW,The Sherwin-Williams Company,NYSE,common_stock,False,1980-03-17,Basic Materials,Chemicals - Specialty,US,242758150.99928287,1.089,77859821770.0,2026-09-18,fmp:company-screener,2026-09-19T02:24:40.055543+00:00
ITW,Illinois Tool Works Inc.,NYSE,common_stock,False,1973-03-13,Industrials,Industrial - Machinery,US,287700000.0,0.997,77512134000.0,2026-09-18,fmp:company-screener,2026-09-19T02:24:40.055543+00:00
EOG,"EOG Resources, Inc.",NYSE,common_stock,False,1989-10-04,Energy,Oil & Gas Exploration & Production,US,532629000.00000006,0.272,76821080670.0,2026-09-18,fmp:company-screener,2026-09-19T02:24:40.055543+00:00
MSI,"Motorola Solutions, Inc.",NYSE,common_stock,False,1980-03-17,Technology,Communication Equipment,US,165996000.0,0.881,76137385320.0,2026-09-18,fmp:company-screener,2026-09-19T02:24:40.055543+00:00
SLB,Slb N.V.,NYSE,common_stock,False,1981-12-31,Energy,Oil & Gas Equipment & Services,US,1484143267.9968703,0.774,75869403860.0,2026-09-18,fmp:company-screener,2026-09-19T02:24:40.055543+00:00
ECL,Ecolab Inc.,NYSE,common_stock,False,1973-02-21,Basic Materials,Chemicals - Specialty,US,281438000.0,0.89,75836283480.0,2026-09-18,fmp:company-screener,2026-09-19T02:24:40.055543+00:00
NOC,Northrop Grumman Corporation,NYSE,common_stock,False,1981-12-31,Industrials,Aerospace & Defense,US,142063000.0,-0.11,74922605570.0,2026-09-18,fmp:company-screener,2026-09-19T02:24:40.055543+00:00
GM,General Motors Company,NYSE,common_stock,False,2010-11-18,Consumer Cyclical,Auto - Manufacturers,US,904451540.9975668,1.321,74345916670.0,2026-09-18,fmp:company-screener,2026-09-19T02:24:40.055543+00:00
CMI,Cummins Inc.,NYSE,common_stock,False,1947-10-03,Industrials,Industrial - Machinery,US,137989000.0,1.226,73441885470.0,2026-09-18,fmp:company-screener,2026-09-19T02:24:40.055543+00:00
CI,Cigna Corporation,NYSE,common_stock,False,1982-03-31,Healthcare,Medical - Healthcare Plans,US,264240485.99970943,0.317,72740120986.0,2026-09-18,fmp:company-screener,2026-09-19T02:24:40.055543+00:00
APO,"Apollo Global Management, Inc.",NYSE,common_stock,False,2011-03-30,Financial Services,Asset Management,US,575971791.0015091,1.514,72520608205.0,2026-09-18,fmp:company-screener,2026-09-19T02:24:40.055543+00:00
TGT,Target Corporation,NYSE,common_stock,False,1967-10-18,Consumer Defensive,Discount Stores,US,454191000.0,0.986,71848474290.0,2026-09-18,fmp:company-screener,2026-09-19T02:24:40.055543+00:00
FDX,FedEx Corporation,NYSE,common_stock,False,1978-04-12,Industrials,Integrated Freight & Logistics,US,236581187.99934137,1.36,71837877736.0,2026-09-18,fmp:company-screener,2026-09-19T02:24:40.055543+00:00
CVNA,Carvana Co.,NYSE,common_stock,False,2017-04-28,Consumer Cyclical,Auto - Dealerships,US,1096835666.9993856,3.497,71425938635.0,2026-09-18,fmp:company-screener,2026-09-19T02:24:40.055543+00:00
KMI,"Kinder Morgan, Inc.",NYSE,common_stock,False,2011-02-11,Energy,Oil & Gas Midstream,US,2226800000.0,0.551,70901312000.0,2026-09-18,fmp:company-screener,2026-09-19T02:24:40.055543+00:00
NSC,Norfolk Southern Corporation,NYSE,common_stock,False,1982-06-02,Industrials,Railroads,US,224607999.99999997,1.268,70562849280.0,2026-09-18,fmp:company-screener,2026-09-19T02:24:40.055543+00:00
CL,Colgate-Palmolive Company,NYSE,common_stock,False,1973-05-02,Consumer Defensive,Household & Personal Products,US,800189000.0,0.323,69992531830.0,2026-09-18,fmp:company-screener,2026-09-19T02:24:40.055543+00:00
HLT,Hilton Worldwide Holdings Inc.,NYSE,common_stock,False,2013-12-12,Consumer Cyclical,Travel Lodging,US,225065000.0,1.056,68809122450.0,2026-09-18,fmp:company-screener,2026-09-19T02:24:40.055543+00:00
DLR,"Digital Realty Trust, Inc.",NYSE,common_stock,False,2004-10-29,Real Estate,REIT - Specialty,US,369976001.9986822,1.037,67380029484.0,2026-09-18,fmp:company-screener,2026-09-19T02:24:40.055543+00:00
RSG,"Republic Services, Inc.",NYSE,common_stock,False,1998-07-01,Industrials,Waste Management,US,307664000.0,0.4,67092288480.0,2026-09-18,fmp:company-screener,2026-09-19T02:24:40.055543+00:00
SPG,"Simon Property Group, Inc.",NYSE,common_stock,False,1993-12-14,Real Estate,REIT - Retail,US,324282000.0,1.312,66581580240.0,2026-09-18,fmp:company-screener,2026-09-19T02:24:40.055543+00:00
RCL,Royal Caribbean Cruises Ltd.,NYSE,common_stock,False,1993-04-28,Consumer Cyclical,Travel Services,US,268195000.0,1.75,65925012950.0,2026-09-18,fmp:company-screener,2026-09-19T02:24:40.055543+00:00
BSX,Boston Scientific Corporation,NYSE,common_stock,False,1992-05-19,Healthcare,Medical - Devices,US,1486360000.0,0.568,64418842400.0,2026-09-18,fmp:company-screener,2026-09-19T02:24:40.055543+00:00
ALL,The Allstate Corporation,NYSE,common_stock,False,1993-06-03,Financial Services,Insurance - Property & Casualty,US,257421000.0,0.15,64311488430.0,2026-09-18,fmp:company-screener,2026-09-19T02:24:40.055543+00:00
APD,"Air Products and Chemicals, Inc.",NYSE,common_stock,False,1980-03-17,Basic Materials,Chemicals - Specialty,US,222685529.99859244,0.754,63282773915.0,2026-09-18,fmp:company-screener,2026-09-19T02:24:40.055543+00:00
URI,"United Rentals, Inc.",NYSE,common_stock,False,1997-12-18,Industrials,Rental & Leasing Services,US,62242500.0,1.787,63108293175.0,2026-09-18,fmp:company-screener,2026-09-19T02:24:40.055543+00:00
TRGP,Targa Resources Corp.,NYSE,common_stock,False,2010-12-07,Energy,Oil & Gas Midstream,US,214644000.0,0.722,62716830360.0,2026-09-18,fmp:company-screener,2026-09-19T02:24:40.055543+00:00
AON,Aon plc,NYSE,common_stock,True,1980-06-01,Financial Services,Insurance - Brokers,IE,212125434.00081182,0.66,62712763308.0,2026-09-18,fmp:company-screener,2026-09-19T02:24:40.055543+00:00
MET,"MetLife, Inc.",NYSE,common_stock,False,2000-04-05,Financial Services,Insurance - Life,US,643436778.9983511,0.759,62439105034.0,2026-09-18,fmp:company-screener,2026-09-19T02:24:40.055543+00:00
COHR,"Coherent, Inc.",NYSE,common_stock,False,1987-10-02,Technology,"Hardware, Equipment & Parts",US,195639321.00138643,2.104,62088094913.0,2026-09-18,fmp:company-screener,2026-09-19T02:24:40.055543+00:00
AJG,Arthur J. Gallagher & Co.,NYSE,common_stock,False,1984-06-20,Financial Services,Insurance - Brokers,US,256899999.00200436,0.506,61522411761.0,2026-09-18,fmp:company-screener,2026-09-19T02:24:40.055543+00:00
TDG,TransDigm Group Incorporated,NYSE,common_stock,False,2006-03-15,Industrials,Aerospace & Defense,US,55933600.0,0.894,60746686280.0,2026-09-18,fmp:company-screener,2026-09-19T02:24:40.055543+00:00
TFC,Truist Financial Corporation,NYSE,common_stock,False,1980-03-18,Financial Services,Banks - Regional,US,1245880000.0,0.862,60499932800.0,2026-09-18,fmp:company-screener,2026-09-19T02:24:40.055543+00:00
COR,"Cencora, Inc.",NYSE,common_stock,False,1995-04-04,Healthcare,Medical - Distribution,US,194561060.00064772,0.574,60076564107.0,2026-09-18,fmp:company-screener,2026-09-19T02:24:40.055543+00:00
GWW,"W.W. Grainger, Inc.",NYSE,common_stock,False,1973-02-21,Industrials,Industrial - Distribution,US,47213100.00000001,1.034,59800584591.0,2026-09-18,fmp:company-screener,2026-09-19T02:24:40.055543+00:00
TEL,TE Connectivity plc,NYSE,common_stock,True,2007-06-14,Technology,Semiconductors,IE,289940672.0001947,1.158,59562512249.0,2026-09-18,fmp:company-screener,2026-09-19T02:24:40.055543+00:00
AFL,Aflac Incorporated,NYSE,common_stock,False,1980-03-17,Financial Services,Insurance - Life,US,508985000.0,0.58,59210225050.0,2026-09-18,fmp:company-screener,2026-09-19T02:24:40.055543+00:00
OKE,"ONEOK, Inc.",NYSE,common_stock,False,1980-10-01,Energy,Oil & Gas Midstream,US,630147000.0,0.719,58893538620.0,2026-09-18,fmp:company-screener,2026-09-19T02:24:40.055543+00:00
OXY,Occidental Petroleum Corporation,NYSE,common_stock,False,1981-12-31,Energy,Oil & Gas Exploration & Production,US,994634701.0027192,0.164,58524305807.0,2026-09-18,fmp:company-screener,2026-09-19T02:24:40.055543+00:00
FIX,"Comfort Systems USA, Inc.",NYSE,common_stock,False,1997-06-27,Industrials,Engineering & Construction,US,35194300.0,1.676,58118811191.0,2026-09-18,fmp:company-screener,2026-09-19T02:24:40.055543+00:00
CRH,CRH plc,NYSE,common_stock,True,1989-07-13,Basic Materials,Construction Materials,IE,668200200.0,1.204,57565447230.0,2026-09-18,fmp:company-screener,2026-09-19T02:24:40.055543+00:00
KEYS,"Keysight Technologies, Inc.",NYSE,common_stock,False,2014-10-20,Technology,"Hardware, Equipment & Parts",US,170895368.0,1.208,57249948280.0,2026-09-18,fmp:company-screener,2026-09-19T02:24:40.055543+00:00
NUE,Nucor Corporation,NYSE,common_stock,False,1980-03-17,Basic Materials,Steel,US,227741000.0,1.881,56566309580.0,2026-09-18,fmp:company-screener,2026-09-19T02:24:40.055543+00:00
D,"Dominion Energy, Inc.",NYSE,common_stock,False,1980-03-17,Utilities,Regulated Electric,US,879525949.0011011,0.622,55911464578.0,2026-09-18,fmp:company-screener,2026-09-19T02:24:40.055543+00:00
PSA,Public Storage,NYSE,common_stock,False,1980-11-18,Real Estate,REIT - Industrial,US,186476000.0,0.935,55254703560.0,2026-09-18,fmp:company-screener,2026-09-19T02:24:40.055543+00:00
AME,"AMETEK, Inc.",NYSE,common_stock,False,1984-07-19,Industrials,Electrical Equipment & Parts,US,229203000.0,0.989,54467800920.0,2026-09-18,fmp:company-screener,2026-09-19T02:24:40.055543+00:00
CTVA,"Corteva, Inc.",NYSE,common_stock,False,2019-05-24,Basic Materials,Agricultural Inputs,US,668820000.0,0.577,53860074600.0,2026-09-18,fmp:company-screener,2026-09-19T02:24:40.055543+00:00
DVN,Devon Energy Corporation,NYSE,common_stock,False,1985-07-22,Energy,Oil & Gas Exploration & Production,US,1100000000.0,0.426,53471000000.0,2026-09-18,fmp:company-screener,2026-09-19T02:24:40.055543+00:00
SRE,Sempra,NYSE,common_stock,False,1998-06-29,Utilities,Diversified Utilities,US,653707000.0,0.564,53152916170.0,2026-09-18,fmp:company-screener,2026-09-19T02:24:40.055543+00:00
O,Realty Income Corporation,NYSE,common_stock,False,1994-10-18,Real Estate,REIT - Retail,US,932493000.0,0.712,52835053380.0,2026-09-18,fmp:company-screener,2026-09-19T02:24:40.055543+00:00
GRMN,Garmin Ltd.,NYSE,common_stock,True,2000-12-08,Technology,"Hardware, Equipment & Parts",CH,192852999.99999997,0.866,52824365230.0,2026-09-18,fmp:company-screener,2026-09-19T02:24:40.055543+00:00
CAH,"Cardinal Health, Inc.",NYSE,common_stock,False,1983-08-04,Healthcare,Medical - Distribution,US,234206000.0,0.519,52785348280.0,2026-09-18,fmp:company-screener,2026-09-19T02:24:40.055543+00:00
F,Ford Motor Company,NYSE,common_stock,False,1972-06-01,Consumer Cyclical,Auto - Manufacturers,US,3987595793.0355787,1.835,52676140426.0,2026-09-18,fmp:company-screener,2026-09-19T02:24:40.055543+00:00
NKE,"NIKE, Inc.",NYSE,common_stock,False,1980-12-02,Consumer Cyclical,Apparel - Footwear & Accessories,US,1479811225.0070403,1.11,52548096600.0,2026-09-18,fmp:company-screener,2026-09-19T02:24:40.055543+00:00
DAL,"Delta Air Lines, Inc.",NYSE,common_stock,False,2007-05-03,Industrials,"Airlines, Airports & Air Services",US,657623000.0,1.291,52359943260.0,2026-09-18,fmp:company-screener,2026-09-19T02:24:40.055543+00:00
EW,Edwards Lifesciences Corporation,NYSE,common_stock,False,2000-03-27,Healthcare,Medical - Devices,US,575800000.0,0.852,50820108000.0,2026-09-18,fmp:company-screener,2026-09-19T02:24:40.055543+00:00
STT,State Street Corporation,NYSE,common_stock,False,1980-03-17,Financial Services,Asset Management,US,276767000.0,1.418,50612381290.0,2026-09-18,fmp:company-screener,2026-09-19T02:24:40.055543+00:00
BDX,"Becton, Dickinson and Company",NYSE,common_stock,False,1973-02-21,Healthcare,Medical - Instruments & Supplies,US,275540000.0,0.258,49856207600.0,2026-09-18,fmp:company-screener,2026-09-19T02:24:40.055543+00:00
CIEN,Ciena Corporation,NYSE,common_stock,False,1997-02-07,Technology,Communication Equipment,US,141552922.0011468,1.309,49373659194.0,2026-09-18,fmp:company-screener,2026-09-19T02:24:40.055543+00:00
AMP,"Ameriprise Financial, Inc.",NYSE,common_stock,False,2005-09-15,Financial Services,Asset Management,US,89897100.0,1.134,48933688443.0,2026-09-18,fmp:company-screener,2026-09-19T02:24:40.055543+00:00
FITB,Fifth Third Bancorp,NYSE,common_stock,False,1980-03-17,Financial Services,Banks - Regional,US,906312000.0,0.913,47952967920.0,2026-09-18,fmp:company-screener,2026-09-19T02:24:40.055543+00:00
ETR,Entergy Corporation,NYSE,common_stock,False,1972-06-01,Utilities,Regulated Electric,US,466631498.00019604,0.481,47601079111.0,2026-09-18,fmp:company-screener,2026-09-19T02:24:40.055543+00:00
VST,Vistra Corp.,NYSE,common_stock,False,2016-10-05,Utilities,Independent Power Producers,US,337182468.00312793,1.414,47431457774.0,2026-09-18,fmp:company-screener,2026-09-19T02:24:40.055543+00:00
WAB,Westinghouse Air Brake Technologies Corporation,NYSE,common_stock,False,1995-06-16,Industrials,Railroads,US,168911000.0,0.921,47288323560.0,2026-09-18,fmp:company-screener,2026-09-19T02:24:40.055543+00:00
AZO,"AutoZone, Inc.",NYSE,common_stock,False,1991-04-02,Consumer Cyclical,Specialty Retail,US,16325399.00010857,0.34,46614075019.0,2026-09-18,fmp:company-screener,2026-09-19T02:24:40.055543+00:00
HUM,Humana Inc.,NYSE,common_stock,False,1981-12-31,Healthcare,Medical - Healthcare Plans,US,120080000.0,0.745,46350880000.0,2026-09-18,fmp:company-screener,2026-09-19T02:24:40.055543+00:00
ROK,"Rockwell Automation, Inc.",NYSE,common_stock,False,1981-12-31,Industrials,Industrial - Machinery,US,111274000.0,1.515,46247699880.0,2026-09-18,fmp:company-screener,2026-09-19T02:24:40.055543+00:00
LHX,"L3Harris Technologies, Inc.",NYSE,common_stock,False,1981-12-31,Industrials,Aerospace & Defense,US,186215000.0,0.746,46049107350.0,2026-09-18,fmp:company-screener,2026-09-19T02:24:40.055543+00:00
XYZ,"Block, Inc.",NYSE,common_stock,False,2015-11-19,Technology,Software - Infrastructure,US,595180971.9979025,2.522,45400404544.0,2026-09-18,fmp:company-screener,2026-09-19T02:24:40.055543+00:00
CARR,Carrier Global Corporation,NYSE,common_stock,False,2020-03-19,Industrials,Industrial - Machinery,US,824325056.9970304,1.298,44414634071.0,2026-09-18,fmp:company-screener,2026-09-19T02:24:40.055543+00:00
A,"Agilent Technologies, Inc.",NYSE,common_stock,False,1999-11-18,Healthcare,Medical - Diagnostics & Research,US,282432000.0,1.241,44192135040.0,2026-09-18,fmp:company-screener,2026-09-19T02:24:40.055543+00:00
IQV,IQVIA Holdings Inc.,NYSE,common_stock,False,2013-05-09,Healthcare,Medical - Diagnostics & Research,US,164600000.0,1.186,43852732000.0,2026-09-18,fmp:company-screener,2026-09-19T02:24:40.055543+00:00
CMG,"Chipotle Mexican Grill, Inc.",NYSE,common_stock,False,2006-01-26,Consumer Cyclical,Restaurants,US,1282730000.0,0.937,42875250250.0,2026-09-18,fmp:company-screener,2026-09-19T02:24:40.055543+00:00
VEEV,Veeva Systems Inc.,NYSE,common_stock,False,2013-10-16,Technology,Software - Application,US,162443290.99957728,0.974,42269368751.0,2026-09-18,fmp:company-screener,2026-09-19T02:24:40.055543+00:00
VTR,"Ventas, Inc.",NYSE,common_stock,False,1997-05-05,Real Estate,REIT - Healthcare Facilities,US,486170000.0,0.724,42146077300.0,2026-09-18,fmp:company-screener,2026-09-19T02:24:40.055543+00:00
FERG,Ferguson plc,NYSE,common_stock,False,2010-01-05,Industrials,Industrial - Distribution,US,193937820.00186542,1.112,41586086743.0,2026-09-18,fmp:company-screener,2026-09-19T02:24:40.055543+00:00
PRU,"Prudential Financial, Inc.",NYSE,common_stock,False,2001-12-13,Financial Services,Insurance - Life,US,347000000.0,0.819,41084800000.0,2026-09-18,fmp:company-screener,2026-09-19T02:24:40.055543+00:00
ADM,Archer-Daniels-Midland Company,NYSE,common_stock,False,1980-03-17,Consumer Defensive,Agricultural Farm Products,US,481956999.99999994,0.613,41053097260.0,2026-09-18,fmp:company-screener,2026-09-19T02:24:40.055543+00:00
ARES,Ares Management Corporation,NYSE,common_stock,False,2014-05-02,Financial Services,Asset Management,US,328414956.0016155,1.517,40657771553.0,2026-09-18,fmp:company-screener,2026-09-19T02:24:40.055543+00:00
CBRE,"CBRE Group, Inc.",NYSE,common_stock,False,2004-06-10,Real Estate,Real Estate - Services,US,289575298.0,1.188,40395754071.0,2026-09-18,fmp:company-screener,2026-09-19T02:24:40.055543+00:00
MSCI,MSCI Inc.,NYSE,common_stock,False,2007-11-15,Financial Services,Financial - Data & Stock Exchanges,US,72700000.0,1.219,40193649000.0,2026-09-18,fmp:company-screener,2026-09-19T02:24:40.055543+00:00
AIG,"American International Group, Inc.",NYSE,common_stock,False,1973-01-02,Financial Services,Insurance - Diversified,US,530206000.0,0.511,39940417980.0,2026-09-18,fmp:company-screener,2026-09-19T02:24:40.055543+00:00
LYV,"Live Nation Entertainment, Inc.",NYSE,common_stock,False,2005-12-21,Communication Services,Entertainment,US,232713000.0,1.116,38890996560.0,2026-09-18,fmp:company-screener,2026-09-19T02:24:40.055543+00:00
ED,"Consolidated Edison, Inc.",NYSE,common_stock,False,2001-02-15,Utilities,Regulated Electric,US,368530000.0,0.259,38854117900.0,2026-09-18,fmp:company-screener,2026-09-19T02:24:40.055543+00:00
DHI,"D.R. Horton, Inc.",NYSE,common_stock,False,1992-06-05,Consumer Cyclical,Residential Construction,US,279701266.99753654,1.371,38604368871.0,2026-09-18,fmp:company-screener,2026-09-19T02:24:40.055543+00:00
YUM,"Yum! Brands, Inc.",NYSE,common_stock,False,1997-09-17,Consumer Cyclical,Restaurants,US,275621000.0,0.551,38032941790.0,2026-09-18,fmp:company-screener,2026-09-19T02:24:40.055543+00:00
SYY,Sysco Corporation,NYSE,common_stock,False,1973-05-08,Consumer Defensive,Food Distribution,US,478183000.0,0.627,37800366150.0,2026-09-18,fmp:company-screener,2026-09-19T02:24:40.055543+00:00
KR,The Kroger Co.,NYSE,common_stock,False,1977-01-02,Consumer Defensive,Grocery Stores,US,612647000.0,0.406,36758820000.0,2026-09-18,fmp:company-screener,2026-09-19T02:24:40.055543+00:00
HIG,"The Hartford Insurance Group, Inc.",NYSE,common_stock,False,1995-12-15,Financial Services,Insurance - Diversified,US,274130820.00151646,0.45,36155113850.0,2026-09-18,fmp:company-screener,2026-09-19T02:24:40.055543+00:00
PCG,PG&E Corporation,NYSE,common_stock,False,1972-06-01,Utilities,Regulated Electric,US,2680110495.9848485,0.278,35377458547.0,2026-09-18,fmp:company-screener,2026-09-19T02:24:40.055543+00:00
PEG,Public Service Enterprise Group Incorporated,NYSE,common_stock,False,1980-01-02,Utilities,Regulated Electric,US,498321000.0,0.519,34767856170.0,2026-09-18,fmp:company-screener,2026-09-19T02:24:40.055543+00:00
HSY,The Hershey Company,NYSE,common_stock,False,1980-03-17,Consumer Defensive,Food Confectioners,US,202809605.00029448,0.097,34435042833.0,2026-09-18,fmp:company-screener,2026-09-19T02:24:40.055543+00:00
KVUE,Kenvue Inc.,NYSE,common_stock,False,2023-05-04,Consumer Defensive,Household & Personal Products,US,1920008667.9955082,0.426,34195354377.0,2026-09-18,fmp:company-screener,2026-09-19T02:24:40.055543+00:00
IRM,Iron Mountain Incorporated,NYSE,common_stock,False,1996-02-01,Real Estate,REIT - Specialty,US,297524681.0040231,1.204,34018972026.0,2026-09-18,fmp:company-screener,2026-09-19T02:24:40.055543+00:00
EL,The Estée Lauder Companies Inc.,NYSE,common_stock,False,1995-11-17,Consumer Defensive,Household & Personal Products,US,361674641.99935776,1.274,33791261802.0,2026-09-18,fmp:company-screener,2026-09-19T02:24:40.055543+00:00
WEC,"WEC Energy Group, Inc.",NYSE,common_stock,False,1980-03-17,Utilities,Regulated Electric,US,325726000.0,0.457,33605151420.0,2026-09-18,fmp:company-screener,2026-09-19T02:24:40.055543+00:00
EME,"EMCOR Group, Inc.",NYSE,common_stock,False,1995-01-10,Industrials,Engineering & Construction,US,44109900.999880016,1.13,33086395641.0,2026-09-18,fmp:company-screener,2026-09-19T02:24:40.055543+00:00
MTB,M&T Bank Corporation,NYSE,common_stock,False,1980-03-17,Financial Services,Banks - Regional,US,144933000.0,0.563,32944720230.0,2026-09-18,fmp:company-screener,2026-09-19T02:24:40.055543+00:00
RMD,ResMed Inc.,NYSE,common_stock,False,1995-06-02,Healthcare,Medical - Instruments & Supplies,US,145056383.99928886,0.766,32636235836.0,2026-09-18,fmp:company-screener,2026-09-19T02:24:40.055543+00:00
CNC,Centene Corp.,NYSE,common_stock,False,2001-12-13,Healthcare,Medical - Healthcare Plans,US,493995000.0,1.106,32164014450.0,2026-09-18,fmp:company-screener,2026-09-19T02:24:40.055543+00:00
CCI,Crown Castle Inc.,NYSE,common_stock,False,1998-08-18,Real Estate,REIT - Specialty,US,437000000.0,0.969,31927220000.0,2026-09-18,fmp:company-screener,2026-09-19T02:24:40.055543+00:00
RJF,"Raymond James Financial, Inc.",NYSE,common_stock,False,1983-07-01,Financial Services,Asset Management,US,192100000.0,0.917,31648475000.0,2026-09-18,fmp:company-screener,2026-09-19T02:24:40.055543+00:00
WAT,Waters Corporation,NYSE,common_stock,False,1995-11-17,Healthcare,Medical - Diagnostics & Research,US,74790825.99909873,1.194,31534055966.0,2026-09-18,fmp:company-screener,2026-09-19T02:24:40.055543+00:00
HPQ,HP Inc.,NYSE,common_stock,False,1957-11-06,Technology,Computer Hardware,US,914523000.0,1.205,31459591200.0,2026-09-18,fmp:company-screener,2026-09-19T02:24:40.055543+00:00
JBL,Jabil Inc.,NYSE,common_stock,False,1993-05-03,Technology,"Hardware, Equipment & Parts",US,104787089.0009013,1.292,31391068252.0,2026-09-18,fmp:company-screener,2026-09-19T02:24:40.055543+00:00
EQT,EQT Corporation,NYSE,common_stock,False,1980-03-17,Energy,Oil & Gas Exploration & Production,US,625516000.0,0.576,31272672420.0,2026-09-18,fmp:company-screener,2026-09-19T02:24:40.055543+00:00
VMC,Vulcan Materials Company,NYSE,common_stock,False,1957-01-02,Basic Materials,Construction Materials,US,129579000.0,1.054,31206510570.0,2026-09-18,fmp:company-screener,2026-09-19T02:24:40.055543+00:00
ZTS,Zoetis Inc.,NYSE,common_stock,False,2013-02-01,Healthcare,Drug Manufacturers - Specialty & Generic,US,419228000.0,0.729,29953840600.0,2026-09-18,fmp:company-screener,2026-09-19T02:24:40.055543+00:00
CCL,Carnival Corporation & plc,NYSE,common_stock,False,1987-07-24,Consumer Cyclical,Travel Services,US,1369649119.0018315,2.312,29913136759.0,2026-09-18,fmp:company-screener,2026-09-19T02:24:40.055543+00:00
MLM,"Martin Marietta Materials, Inc.",NYSE,common_stock,False,1994-02-17,Basic Materials,Construction Materials,US,60065800.0,1.101,29470684112.0,2026-09-18,fmp:company-screener,2026-09-19T02:24:40.055543+00:00
RDDT,"Reddit, Inc.",NYSE,common_stock,False,2024-03-21,Communication Services,Internet Content & Information,US,192509043.99946958,2.022,29034214016.0,2026-09-18,fmp:company-screener,2026-09-19T02:24:40.055543+00:00
KHC,The Kraft Heinz Company,NYSE,common_stock,False,2015-07-06,Consumer Defensive,Packaged Foods,US,1185777637.9860828,0.082,28968547696.0,2026-09-18,fmp:company-screener,2026-09-19T02:24:40.055543+00:00
EXR,Extra Space Storage Inc.,NYSE,spac,False,2004-08-16,Real Estate,REIT - Industrial,US,211269557.99868333,1.176,28882661274.0,2026-09-18,fmp:company-screener,2026-09-19T02:24:40.055543+00:00
CFG,"Citizens Financial Group, Inc.",NYSE,common_stock,False,2014-09-24,Financial Services,Banks - Regional,US,422881999.99999994,0.997,28350009280.0,2026-09-18,fmp:company-screener,2026-09-19T02:24:40.055543+00:00
AEE,Ameren Corporation,NYSE,common_stock,False,1998-01-02,Utilities,Regulated Electric,US,276752000.0,0.47,28292356960.0,2026-09-18,fmp:company-screener,2026-09-19T02:24:40.055543+00:00
MTD,Mettler-Toledo International Inc.,NYSE,common_stock,False,1997-11-14,Healthcare,Medical - Diagnostics & Research,US,20207600.0,1.22,28135445632.0,2026-09-18,fmp:company-screener,2026-09-19T02:24:40.055543+00:00
IR,Ingersoll Rand Inc.,NYSE,common_stock,False,2017-05-12,Industrials,Industrial - Machinery,US,391337000.0,1.147,28109736710.0,2026-09-18,fmp:company-screener,2026-09-19T02:24:40.055543+00:00
HAL,Halliburton Company,NYSE,common_stock,False,1972-06-01,Energy,Oil & Gas Equipment & Services,US,835397734.9881094,0.769,28102779805.0,2026-09-18,fmp:company-screener,2026-09-19T02:24:40.055543+00:00
TDY,Teledyne Technologies Incorporated,NYSE,common_stock,False,1999-11-23,Technology,"Hardware, Equipment & Parts",US,46354095.00049713,0.908,27972842169.0,2026-09-18,fmp:company-screener,2026-09-19T02:24:40.055543+00:00
DGX,Quest Diagnostics Incorporated,NYSE,common_stock,False,1996-12-17,Healthcare,Medical - Diagnostics & Research,US,110373000.0,0.549,27204737040.0,2026-09-18,fmp:company-screener,2026-09-19T02:24:40.055543+00:00
AWK,"American Water Works Company, Inc.",NYSE,common_stock,False,2008-04-23,Utilities,Regulated Water,US,198728988.99926415,0.58,27007269605.0,2026-09-18,fmp:company-screener,2026-09-19T02:24:40.055543+00:00
DG,Dollar General Corporation,NYSE,common_stock,False,2009-11-13,Consumer Defensive,Discount Stores,US,220586647.00163397,0.235,26999805593.0,2026-09-18,fmp:company-screener,2026-09-19T02:24:40.055543+00:00
ATO,Atmos Energy Corporation,NYSE,common_stock,False,1983-12-28,Utilities,Regulated Gas,US,166919822.00249532,0.594,26757247467.0,2026-09-18,fmp:company-screener,2026-09-19T02:24:40.055543+00:00
DTE,DTE Energy Company,NYSE,common_stock,False,1970-01-02,Utilities,Regulated Electric,US,208087999.99999997,0.388,26743469760.0,2026-09-18,fmp:company-screener,2026-09-19T02:24:40.055543+00:00
WSM,"Williams-Sonoma, Inc.",NYSE,common_stock,False,1983-07-07,Consumer Cyclical,Specialty Retail,US,117746610.99910794,1.463,26398790186.0,2026-09-18,fmp:company-screener,2026-09-19T02:24:40.055543+00:00
LH,Labcorp Holdings Inc.,NYSE,common_stock,False,1990-03-29,Healthcare,Medical - Diagnostics & Research,US,82000000.0,0.851,26298220000.0,2026-09-18,fmp:company-screener,2026-09-19T02:24:40.055543+00:00
FE,FirstEnergy Corp.,NYSE,common_stock,False,1997-11-10,Utilities,Regulated Electric,US,578639931.9929298,0.441,26189243322.0,2026-09-18,fmp:company-screener,2026-09-19T02:24:40.055543+00:00
VICI,VICI Properties Inc.,NYSE,common_stock,False,2018-01-02,Real Estate,REIT - Diversified,US,1101077548.0185497,0.682,26117559439.0,2026-09-18,fmp:company-screener,2026-09-19T02:24:40.055543+00:00
OTIS,Otis Worldwide Corporation,NYSE,common_stock,False,2020-03-19,Industrials,Industrial - Machinery,US,380669338.9959136,0.875,26083463108.0,2026-09-18,fmp:company-screener,2026-09-19T02:24:40.055543+00:00
WRB,W. R. Berkley Corporation,NYSE,common_stock,False,1973-10-23,Financial Services,Insurance - Property & Casualty,US,372277000.0,0.283,26055667230.0,2026-09-18,fmp:company-screener,2026-09-19T02:24:40.055543+00:00
CPAY,"Corpay, Inc.",NYSE,common_stock,False,2010-12-15,Technology,Software - Infrastructure,US,65361918.998893805,0.873,25998356901.0,2026-09-18,fmp:company-screener,2026-09-19T02:24:40.055543+00:00
LVS,Las Vegas Sands Corp.,NYSE,common_stock,False,2004-12-15,Consumer Cyclical,"Gambling, Resorts & Casinos",US,647701183.991996,0.819,25895093336.0,2026-09-18,fmp:company-screener,2026-09-19T02:24:40.055543+00:00
WST,"West Pharmaceutical Services, Inc.",NYSE,common_stock,False,1980-03-17,Healthcare,Medical - Instruments & Supplies,US,70375800.0,1.135,25487299728.0,2026-09-18,fmp:company-screener,2026-09-19T02:24:40.055543+00:00
ES,Eversource Energy,NYSE,common_stock,False,1973-02-21,Utilities,Regulated Electric,US,376080025.0,0.698,25468139293.0,2026-09-18,fmp:company-screener,2026-09-19T02:24:40.055543+00:00
DOV,Dover Corporation,NYSE,common_stock,False,1980-03-17,Industrials,Industrial - Machinery,US,134680000.0,1.146,25241725600.0,2026-09-18,fmp:company-screener,2026-09-19T02:24:40.055543+00:00
CNP,"CenterPoint Energy, Inc.",NYSE,common_stock,False,1970-01-02,Utilities,Regulated Electric,US,658720000.0,0.451,25176278400.0,2026-09-18,fmp:company-screener,2026-09-19T02:24:40.055543+00:00
Q,"Qnity Electronics, Inc.",NYSE,common_stock,False,2025-10-27,Technology,Semiconductors,US,209339200.0,1.631,25131170960.0,2026-09-18,fmp:company-screener,2026-09-19T02:24:40.055543+00:00
XYL,Xylem Inc.,NYSE,common_stock,False,2011-10-13,Industrials,Industrial - Machinery,US,233487000.0,1.0,25113861720.0,2026-09-18,fmp:company-screener,2026-09-19T02:24:40.055543+00:00
PPL,PPL Corporation,NYSE,common_stock,False,1980-03-17,Utilities,Regulated Electric,US,752577279.9940012,0.583,25090926515.0,2026-09-18,fmp:company-screener,2026-09-19T02:24:40.055543+00:00
EXPD,"Expeditors International of Washington, Inc.",NYSE,common_stock,False,1984-09-26,Industrials,Integrated Freight & Logistics,US,130791000.0,1.058,24973233540.0,2026-09-18,fmp:company-screener,2026-09-19T02:24:40.055543+00:00
SYF,Synchrony Financial,NYSE,common_stock,False,2014-07-31,Financial Services,Financial - Credit Services,US,325370840.00533044,1.308,24415827834.0,2026-09-18,fmp:company-screener,2026-09-19T02:24:40.055543+00:00
TPL,Texas Pacific Land Corporation,NYSE,common_stock,False,1980-03-17,Energy,Oil & Gas Exploration & Production,US,68974400.0,0.618,24325201648.0,2026-09-18,fmp:company-screener,2026-09-19T02:24:40.055543+00:00
RF,Regions Financial Corporation,NYSE,common_stock,False,1980-03-17,Financial Services,Banks - Regional,US,853380000.0,1.003,24321330000.0,2026-09-18,fmp:company-screener,2026-09-19T02:24:40.055543+00:00
DRI,"Darden Restaurants, Inc.",NYSE,common_stock,False,1995-05-09,Consumer Cyclical,Restaurants,US,114535003.00019109,0.59,23974466828.0,2026-09-18,fmp:company-screener,2026-09-19T02:24:40.055543+00:00
HUBB,Hubbell Incorporated,NYSE,common_stock,False,1972-06-05,Industrials,Electrical Equipment & Parts,US,52832570.999283984,0.889,23611932631.0,2026-09-18,fmp:company-screener,2026-09-19T02:24:40.055543+00:00
SW,Smurfit Westrock plc,NYSE,common_stock,True,2008-06-17,Consumer Cyclical,Packaging & Containers,IE,524522900.0,0.931,23252100157.0,2026-09-18,fmp:company-screener,2026-09-19T02:24:40.055543+00:00
TPR,"Tapestry, Inc.",NYSE,common_stock,False,2000-10-06,Consumer Cyclical,Luxury Goods,US,202045000.0,1.432,23235175000.0,2026-09-18,fmp:company-screener,2026-09-19T02:24:40.055543+00:00
PPG,"PPG Industries, Inc.",NYSE,common_stock,False,1980-03-17,Basic Materials,Chemicals - Specialty,US,222300003.00420973,1.063,23234796314.0,2026-09-18,fmp:company-screener,2026-09-19T02:24:40.055543+00:00
VLTO,Veralto Corporation,NYSE,common_stock,False,2023-10-04,Industrials,Industrial - Pollution & Treatment Controls,US,243793350.00529158,0.759,23036033642.0,2026-09-18,fmp:company-screener,2026-09-19T02:24:40.055543+00:00
VMRK,Vivmark Residential,NYSE,common_stock,False,1993-08-12,Real Estate,REIT - Residential,US,374944000.0,0.7466878,22954071680.0,2026-09-18,fmp:company-screener,2026-09-19T02:24:40.055543+00:00
PHM,"PulteGroup, Inc.",NYSE,common_stock,False,1980-03-17,Consumer Cyclical,Residential Construction,US,193010796.99812382,1.201,22632446056.0,2026-09-18,fmp:company-screener,2026-09-19T02:24:40.055543+00:00
KEY,KeyCorp,NYSE,common_stock,False,1987-11-05,Financial Services,Banks - Regional,US,1079370000.0,1.023,22461689700.0,2026-09-18,fmp:company-screener,2026-09-19T02:24:40.055543+00:00
CHD,"Church & Dwight Co., Inc.",NYSE,common_stock,False,1980-03-17,Consumer Defensive,Household & Personal Products,US,236944000.0,0.471,22450444000.0,2026-09-18,fmp:company-screener,2026-09-19T02:24:40.055543+00:00
BG,Bunge Global S.A.,NYSE,common_stock,False,2001-08-02,Consumer Defensive,Agricultural Farm Products,US,192119122.99705833,0.66,22205128236.0,2026-09-18,fmp:company-screener,2026-09-19T02:24:40.055543+00:00
L,Loews Corporation,NYSE,common_stock,False,1980-03-17,Financial Services,Insurance - Property & Casualty,US,205769000.0,0.507,22175725130.0,2026-09-18,fmp:company-screener,2026-09-19T02:24:40.055543+00:00
NRG,"NRG Energy, Inc.",NYSE,common_stock,False,2003-12-02,Utilities,Independent Power Producers,US,210986000.0,1.173,21870808760.0,2026-09-18,fmp:company-screener,2026-09-19T02:24:40.055543+00:00
BRO,"Brown & Brown, Inc.",NYSE,common_stock,False,1981-02-11,Financial Services,Insurance - Brokers,US,334610356.99784684,0.582,21756365412.0,2026-09-18,fmp:company-screener,2026-09-19T02:24:40.055543+00:00
EIX,Edison International,NYSE,common_stock,False,1973-05-03,Utilities,Regulated Electric,US,384794000.0,0.614,21282956140.0,2026-09-18,fmp:company-screener,2026-09-19T02:24:40.055543+00:00
IFF,International Flavors & Fragrances Inc.,NYSE,common_stock,False,1974-12-17,Basic Materials,Chemicals - Specialty,US,255303000.00000003,0.953,21179936880.0,2026-09-18,fmp:company-screener,2026-09-19T02:24:40.055543+00:00
GPN,Global Payments Inc.,NYSE,common_stock,False,2001-01-16,Financial Services,Financial - Credit Services,US,248254603.99717847,0.785,21116536616.0,2026-09-18,fmp:company-screener,2026-09-19T02:24:40.055543+00:00
OMC,Omnicom Group Inc.,NYSE,common_stock,False,1980-03-17,Communication Services,Advertising Agencies,US,274346000.0,0.673,21006673220.0,2026-09-18,fmp:company-screener,2026-09-19T02:24:40.055543+00:00
DOW,Dow Inc.,NYSE,common_stock,False,2019-03-20,Basic Materials,Chemicals,US,722340710.9989557,0.424,20752848627.0,2026-09-18,fmp:company-screener,2026-09-19T02:24:40.055543+00:00
PKG,Packaging Corporation of America,NYSE,common_stock,False,2000-01-28,Consumer Cyclical,Packaging & Containers,US,89098646.99918374,0.797,20739492062.0,2026-09-18,fmp:company-screener,2026-09-19T02:24:40.055543+00:00
FICO,Fair Isaac Corporation,NYSE,common_stock,False,1987-07-22,Technology,Software - Application,US,21597635.999494568,1.318,20510842956.0,2026-09-18,fmp:company-screener,2026-09-19T02:24:40.055543+00:00
CMS,CMS Energy Corporation,NYSE,common_stock,False,1973-02-21,Utilities,Regulated Electric,US,313577000.0,0.331,20489121180.0,2026-09-18,fmp:company-screener,2026-09-19T02:24:40.055543+00:00
RL,Ralph Lauren Corporation,NYSE,common_stock,False,1997-06-12,Consumer Cyclical,Apparel - Manufacturers,US,60999811.99940316,1.353,20441037001.0,2026-09-18,fmp:company-screener,2026-09-19T02:24:40.055543+00:00
STZ,"Constellation Brands, Inc.",NYSE,common_stock,False,1992-03-17,Consumer Defensive,Beverages - Alcoholic,US,170804352.99655375,0.4,20320593876.0,2026-09-18,fmp:company-screener,2026-09-19T02:24:40.055543+00:00
LUV,Southwest Airlines Co.,NYSE,common_stock,False,1980-01-02,Industrials,"Airlines, Airports & Air Services",US,489208000.00000006,1.12,20047743840.0,2026-09-18,fmp:company-screener,2026-09-19T02:24:40.055543+00:00
LYB,LyondellBasell Industries N.V.,NYSE,common_stock,True,2010-04-28,Basic Materials,Chemicals - Specialty,NL,322785000.0,0.353,19983619350.0,2026-09-18,fmp:company-screener,2026-09-19T02:24:40.055543+00:00
STE,STERIS plc,NYSE,common_stock,False,1992-06-01,Healthcare,Medical - Specialties,US,97457700.0,0.914,19982726808.0,2026-09-18,fmp:company-screener,2026-09-19T02:24:40.055543+00:00
CF,"CF Industries Holdings, Inc.",NYSE,common_stock,False,2005-08-11,Basic Materials,Agricultural Inputs,US,153629000.0,0.399,19618423300.0,2026-09-18,fmp:company-screener,2026-09-19T02:24:40.055543+00:00
BBY,"Best Buy Co., Inc.",NYSE,common_stock,False,1985-04-18,Consumer Cyclical,Specialty Retail,US,210767000.0,1.305,19569715950.0,2026-09-18,fmp:company-screener,2026-09-19T02:24:40.055543+00:00
NI,NiSource Inc,NYSE,common_stock,False,1973-02-21,Utilities,Regulated Gas,US,479439244.99753577,0.54,19455644562.0,2026-09-18,fmp:company-screener,2026-09-19T02:24:40.055543+00:00
GIS,"General Mills, Inc.",NYSE,common_stock,False,1980-03-17,Consumer Defensive,Packaged Foods,US,533707999.0088106,-0.047,19384274524.0,2026-09-18,fmp:company-screener,2026-09-19T02:24:40.055543+00:00
AMCR,Amcor plc,NYSE,common_stock,True,2012-05-15,Consumer Cyclical,Packaging & Containers,CH,462345690.0,0.595,19372284411.0,2026-09-18,fmp:company-screener,2026-09-19T02:24:40.055543+00:00
SNA,Snap-on Incorporated,NYSE,common_stock,False,2017-03-02,Industrials,Manufacturing - Tools & Accessories,US,51727124.001074836,0.712,19250249197.0,2026-09-18,fmp:company-screener,2026-09-19T02:24:40.055543+00:00
LEN,Lennar Corporation,NYSE,common_stock,False,1980-03-17,Consumer Cyclical,Residential Construction,US,248295271.00614938,1.398,18977207563.0,2026-09-18,fmp:company-screener,2026-09-19T02:24:40.055543+00:00
BR,"Broadridge Financial Solutions, Inc.",NYSE,common_stock,False,2007-03-22,Technology,Information Technology Services,US,115658000.0,0.91,18867289540.0,2026-09-18,fmp:company-screener,2026-09-19T02:24:40.055543+00:00
TSN,"Tyson Foods, Inc.",NYSE,common_stock,False,1980-03-17,Consumer Defensive,Agricultural Farm Products,US,354519819.00701153,0.371,18708010849.0,2026-09-18,fmp:company-screener,2026-09-19T02:24:40.055543+00:00
EFX,Equifax Inc.,NYSE,common_stock,False,1980-03-17,Industrials,Consulting Services,US,117484896.00302133,1.305,18664825428.0,2026-09-18,fmp:company-screener,2026-09-19T02:24:40.055543+00:00
ZBH,"Zimmer Biomet Holdings, Inc.",NYSE,common_stock,False,2001-07-25,Healthcare,Medical - Devices,US,193462000.0,0.471,18448536320.0,2026-09-18,fmp:company-screener,2026-09-19T02:24:40.055543+00:00
FIS,"Fidelity National Information Services, Inc.",NYSE,common_stock,False,2001-06-20,Technology,Information Technology Services,US,516879000.0,0.801,18406061190.0,2026-09-18,fmp:company-screener,2026-09-19T02:24:40.055543+00:00
IP,International Paper Company,NYSE,common_stock,False,1970-01-02,Basic Materials,"Paper, Lumber & Forest Products",US,529517000.0,0.883,18289517180.0,2026-09-18,fmp:company-screener,2026-09-19T02:24:40.055543+00:00
FDXF,"FedEx Freight Holding Company, Inc.",NYSE,common_stock,False,2026-06-01,Industrials,Integrated Freight & Logistics,US,149505247.99800217,-7.34,17960065442.0,2026-09-18,fmp:company-screener,2026-09-19T02:24:40.055543+00:00
GPC,Genuine Parts Company,NYSE,common_stock,False,1980-03-17,Consumer Cyclical,Auto - Parts,US,137859758.00281072,0.656,17657077805.0,2026-09-18,fmp:company-screener,2026-09-19T02:24:40.055543+00:00
DD,"DuPont de Nemours, Inc.",NYSE,common_stock,False,1972-06-01,Basic Materials,Chemicals,US,135019000.0,1.085,17418801190.0,2026-09-18,fmp:company-screener,2026-09-19T02:24:40.055543+00:00
ESS,"Essex Property Trust, Inc.",NYSE,common_stock,False,1994-06-07,Real Estate,REIT - Residential,US,64261739.00018515,0.706,17353882617.0,2026-09-18,fmp:company-screener,2026-09-19T02:24:40.055543+00:00
BEN,"Franklin Resources, Inc.",NYSE,common_stock,False,1983-09-23,Financial Services,Asset Management,US,519636999.000303,1.571,17153217337.0,2026-09-18,fmp:company-screener,2026-09-19T02:24:40.055543+00:00
J,Jacobs Solutions Inc.,NYSE,common_stock,False,1980-03-17,Industrials,Engineering & Construction,US,118081000.0,0.679,16932815400.0,2026-09-18,fmp:company-screener,2026-09-19T02:24:40.055543+00:00
NVR,"NVR, Inc.",NYSE,common_stock,False,1985-07-22,Consumer Cyclical,Residential Construction,US,2699289.9999350044,0.913,16612132475.0,2026-09-18,fmp:company-screener,2026-09-19T02:24:40.055543+00:00
FTV,Fortive Corporation,NYSE,common_stock,False,2016-07-05,Technology,"Hardware, Equipment & Parts",US,302017052.0,0.973,16610937860.0,2026-09-18,fmp:company-screener,2026-09-19T02:24:40.055543+00:00
IEX,IDEX Corporation,NYSE,common_stock,False,1989-06-02,Industrials,Industrial - Machinery,US,73719900.0,0.972,16492616028.0,2026-09-18,fmp:company-screener,2026-09-19T02:24:40.055543+00:00
LDOS,"Leidos Holdings, Inc.",NYSE,common_stock,False,2006-10-17,Technology,Information Technology Services,US,125785000.0,0.572,16061486650.0,2026-09-18,fmp:company-screener,2026-09-19T02:24:40.055543+00:00
BALL,Ball Corporation,NYSE,common_stock,False,1972-07-13,Consumer Cyclical,Packaging & Containers,US,266247000.0,0.951,16014757050.0,2026-09-18,fmp:company-screener,2026-09-19T02:24:40.055543+00:00
RVTY,"Revvity, Inc.",NYSE,common_stock,False,1965-07-06,Healthcare,Medical - Diagnostics & Research,US,111560000.00000001,1.089,16003282000.0,2026-09-18,fmp:company-screener,2026-09-19T02:24:40.055543+00:00
INVH,Invitation Homes Inc.,NYSE,common_stock,False,2017-02-01,Real Estate,REIT - Residential,US,594042000.0,0.831,15985670220.0,2026-09-18,fmp:company-screener,2026-09-19T02:24:40.055543+00:00
ROL,"Rollins, Inc.",NYSE,common_stock,False,1980-03-17,Industrials,Specialty Business Services,US,481145404.008634,0.736,15603545452.0,2026-09-18,fmp:company-screener,2026-09-19T02:24:40.055543+00:00
SOLV,Solventum Corporation,NYSE,common_stock,False,2024-04-01,Healthcare,Medical - Instruments & Supplies,US,173174711.9990995,0.687,15384841414.0,2026-09-18,fmp:company-screener,2026-09-19T02:24:40.055543+00:00
WY,Weyerhaeuser Company,NYSE,common_stock,False,1973-05-03,Real Estate,REIT - Specialty,US,721042609.0009426,0.89,15300524163.0,2026-09-18,fmp:company-screener,2026-09-19T02:24:40.055543+00:00
KIM,Kimco Realty Corporation,NYSE,common_stock,False,1991-11-22,Real Estate,REIT - Retail,US,674390000.0,0.956,15187262800.0,2026-09-18,fmp:company-screener,2026-09-19T02:24:40.055543+00:00
EG,"Everest Group, Ltd.",NYSE,common_stock,True,1995-10-06,Financial Services,Insurance - Reinsurance,BM,39571600.0,0.277,14833414260.0,2026-09-18,fmp:company-screener,2026-09-19T02:24:40.055543+00:00
TKO,"TKO Group Holdings, Inc.",NYSE,common_stock,False,2023-09-12,Communication Services,Entertainment,US,74967700.0,0.643,14188386902.0,2026-09-18,fmp:company-screener,2026-09-19T02:24:40.055543+00:00
DOC,"Healthpeak Properties, Inc.",NYSE,common_stock,False,1985-05-23,Real Estate,REIT - Healthcare Facilities,US,689420000.0,0.989,14015908600.0,2026-09-18,fmp:company-screener,2026-09-19T02:24:40.055543+00:00
AIZ,"Assurant, Inc.",NYSE,common_stock,False,2004-02-05,Financial Services,Insurance - Property & Casualty,US,49547600.0,0.542,13983819148.0,2026-09-18,fmp:company-screener,2026-09-19T02:24:40.055543+00:00
MAA,"Mid-America Apartment Communities, Inc.",NYSE,common_stock,False,1994-01-28,Real Estate,REIT - Residential,US,116384802.00117716,0.715,13841644502.0,2026-09-18,fmp:company-screener,2026-09-19T02:24:40.055543+00:00
TYL,"Tyler Technologies, Inc.",NYSE,common_stock,False,1980-03-17,Technology,Software - Application,US,40952300.0,0.835,13821401250.0,2026-09-18,fmp:company-screener,2026-09-19T02:24:40.055543+00:00
TXT,Textron Inc.,NYSE,common_stock,False,1947-12-22,Industrials,Aerospace & Defense,US,171987000.0,0.898,13705644030.0,2026-09-18,fmp:company-screener,2026-09-19T02:24:40.055543+00:00
IVZ,Invesco Ltd.,NYSE,common_stock,False,1995-08-24,Financial Services,Asset Management,US,443297000.0,1.605,13533857410.0,2026-09-18,fmp:company-screener,2026-09-19T02:24:40.055543+00:00
SWK,"Stanley Black & Decker, Inc.",NYSE,common_stock,False,1980-03-17,Industrials,Manufacturing - Tools & Accessories,US,151017000.0,1.173,13528102860.0,2026-09-18,fmp:company-screener,2026-09-19T02:24:40.055543+00:00
GL,Globe Life Inc.,NYSE,common_stock,False,1980-10-01,Financial Services,Insurance - Life,US,77644800.0,0.462,13465161216.0,2026-09-18,fmp:company-screener,2026-09-19T02:24:40.055543+00:00
MAS,Masco Corporation,NYSE,common_stock,False,1980-03-17,Basic Materials,Construction Materials,US,197187429.99853095,1.294,13422548360.0,2026-09-18,fmp:company-screener,2026-09-19T02:24:40.055543+00:00
CRL,"Charles River Laboratories International, Inc.",NYSE,common_stock,False,2000-06-23,Healthcare,Medical - Diagnostics & Research,US,48167700.0,1.405,13393510662.0,2026-09-18,fmp:company-screener,2026-09-19T02:24:40.055543+00:00
SJM,The J. M. Smucker Company,NYSE,common_stock,False,1994-10-31,Consumer Defensive,Packaged Foods,US,106880690.00406669,0.263,13140980836.0,2026-09-18,fmp:company-screener,2026-09-19T02:24:40.055543+00:00
MKC,"McCormick & Company, Incorporated",NYSE,common_stock,False,1999-04-26,Consumer Defensive,Packaged Foods,US,268851555.0082102,0.634,13098447760.0,2026-09-18,fmp:company-screener,2026-09-19T02:24:40.055543+00:00
ALB,Albemarle Corporation,NYSE,common_stock,False,1994-02-22,Basic Materials,Chemicals - Specialty,US,117934650.99630332,1.334,13080132142.0,2026-09-18,fmp:company-screener,2026-09-19T02:24:40.055543+00:00
ALLE,Allegion plc,NYSE,common_stock,True,2013-11-18,Industrials,Security & Protection Services,IE,85036800.0,0.841,12949403904.0,2026-09-18,fmp:company-screener,2026-09-19T02:24:40.055543+00:00
GDDY,GoDaddy Inc.,NYSE,common_stock,False,2015-03-31,Technology,Software - Infrastructure,US,132409847.00389904,0.94,12904663689.0,2026-09-18,fmp:company-screener,2026-09-19T02:24:40.055543+00:00
AVY,Avery Dennison Corporation,NYSE,common_stock,False,1973-02-21,Consumer Cyclical,Packaging & Containers,US,76490400.0,0.814,12828204984.0,2026-09-18,fmp:company-screener,2026-09-19T02:24:40.055543+00:00
IT,"Gartner, Inc.",NYSE,common_stock,False,1993-10-05,Technology,Information Technology Services,US,66951898.998815805,0.953,12438323796.0,2026-09-18,fmp:company-screener,2026-09-19T02:24:40.055543+00:00
LII,Lennox International Inc.,NYSE,common_stock,False,1999-07-29,Industrials,Industrial - Machinery,US,34560700.0,1.184,12415240261.0,2026-09-18,fmp:company-screener,2026-09-19T02:24:40.055543+00:00
GNRC,Generac Holdings Inc.,NYSE,common_stock,False,2010-02-11,Industrials,Industrial - Machinery,US,58868700.0,1.913,12211723128.0,2026-09-18,fmp:company-screener,2026-09-19T02:24:40.055543+00:00
BF-B,Brown-Forman Corporation,NYSE,common_stock,False,1980-03-17,Consumer Defensive,Beverages - Wineries & Distilleries,US,466342158.0185042,0.331,12096915579.0,2026-09-18,fmp:company-screener,2026-09-19T02:24:40.055543+00:00
DVA,DaVita Inc.,NYSE,common_stock,False,1995-10-31,Healthcare,Medical - Care Facilities,US,64199999.99999999,0.83,11803812000.0,2026-09-18,fmp:company-screener,2026-09-19T02:24:40.055543+00:00
BAX,Baxter International Inc.,NYSE,common_stock,False,1981-10-27,Healthcare,Medical - Instruments & Supplies,US,516995992.01754385,0.595,11787508618.0,2026-09-18,fmp:company-screener,2026-09-19T02:24:40.055543+00:00
HRL,Hormel Foods Corporation,NYSE,common_stock,False,1980-03-17,Consumer Defensive,Packaged Foods,US,550315000.0,0.315,11452055150.0,2026-09-18,fmp:company-screener,2026-09-19T02:24:40.055543+00:00
PNW,Pinnacle West Capital Corporation,NYSE,common_stock,False,1961-08-28,Utilities,Regulated Electric,US,121187000.00000001,0.437,11417027270.0,2026-09-18,fmp:company-screener,2026-09-19T02:24:40.055543+00:00
UDR,"UDR, Inc.",NYSE,common_stock,False,1980-03-17,Real Estate,REIT - Residential,US,321264222.0058997,0.685,10890857126.0,2026-09-18,fmp:company-screener,2026-09-19T02:24:40.055543+00:00
HII,"Huntington Ingalls Industries, Inc.",NYSE,common_stock,False,2011-03-22,Industrials,Aerospace & Defense,US,39404597.99897383,0.225,10751938610.0,2026-09-18,fmp:company-screener,2026-09-19T02:24:40.055543+00:00
UHS,"Universal Health Services, Inc.",NYSE,common_stock,False,1981-07-09,Healthcare,Medical - Care Facilities,US,60536352.00067916,1.061,10696168035.0,2026-09-18,fmp:company-screener,2026-09-19T02:24:40.055543+00:00
DECK,Deckers Outdoor Corporation,NYSE,common_stock,False,1993-10-15,Consumer Cyclical,Apparel - Footwear & Accessories,US,136182000.0,1.15,10680754260.0,2026-09-18,fmp:company-screener,2026-09-19T02:24:40.055543+00:00
AES,The AES Corporation,NYSE,common_stock,False,1991-06-26,Utilities,Diversified Utilities,US,713158000.0,0.95,10576133140.0,2026-09-18,fmp:company-screener,2026-09-19T02:24:40.055543+00:00
FDS,FactSet Research Systems Inc.,NYSE,common_stock,False,1996-06-28,Financial Services,Financial - Data & Stock Exchanges,US,35565543.0010922,0.711,10094568070.0,2026-09-18,fmp:company-screener,2026-09-19T02:24:40.055543+00:00
BXP,"BXP, Inc.",NYSE,common_stock,False,1997-06-18,Real Estate,REIT - Office,US,159477390.99255976,1.033,10074186789.0,2026-09-18,fmp:company-screener,2026-09-19T02:24:40.055543+00:00
CLX,The Clorox Company,NYSE,common_stock,False,1983-03-21,Consumer Defensive,Household & Personal Products,US,120921000.00000001,0.544,10048535100.0,2026-09-18,fmp:company-screener,2026-09-19T02:24:40.055543+00:00
CPT,Camden Property Trust,NYSE,common_stock,False,1993-07-22,Real Estate,REIT - Residential,US,100520000.0,0.782,9963542400.0,2026-09-18,fmp:company-screener,2026-09-19T02:24:40.055543+00:00
FRT,Federal Realty Investment Trust,NYSE,common_stock,False,1973-05-03,Real Estate,REIT - Retail,US,86389196.9975656,0.919,9581425839.0,2026-09-18,fmp:company-screener,2026-09-19T02:24:40.055543+00:00
MGM,MGM Resorts International,NYSE,common_stock,False,1988-05-02,Consumer Cyclical,"Gambling, Resorts & Casinos",US,251599795.0013224,1.282,9512988249.0,2026-09-18,fmp:company-screener,2026-09-19T02:24:40.055543+00:00
ARE,"Alexandria Real Estate Equities, Inc.",NYSE,common_stock,False,1997-05-28,Real Estate,REIT - Office,US,174269000.0,1.168,9288537700.0,2026-09-18,fmp:company-screener,2026-09-19T02:24:40.055543+00:00
APTV,Aptiv PLC,NYSE,common_stock,True,2011-11-17,Consumer Cyclical,Auto - Parts,CH,211620999.99999997,1.33,9224559390.0,2026-09-18,fmp:company-screener,2026-09-19T02:24:40.055543+00:00
PNR,Pentair plc,NYSE,common_stock,True,1973-05-03,Industrials,Industrial - Machinery,GB,159638000.0,1.018,8926956960.0,2026-09-18,fmp:company-screener,2026-09-19T02:24:40.055543+00:00
AOS,A. O. Smith Corporation,NYSE,common_stock,False,1983-09-30,Industrials,Industrial - Machinery,US,138586781.00087795,1.153,7892517178.0,2026-09-18,fmp:company-screener,2026-09-19T02:24:40.055543+00:00
MOS,The Mosaic Company,NYSE,common_stock,False,1988-01-26,Basic Materials,Agricultural Inputs,US,317846643.99509805,0.831,7780885845.0,2026-09-18,fmp:company-screener,2026-09-19T02:24:40.055543+00:00
TAP,Molson Coors Beverage Company,NYSE,common_stock,False,1975-06-12,Consumer Defensive,Beverages - Alcoholic,US,187551361.9973369,0.42,7042553643.0,2026-09-18,fmp:company-screener,2026-09-19T02:24:40.055543+00:00
NCLH,Norwegian Cruise Line Holdings Ltd.,NYSE,common_stock,False,2013-01-18,Consumer Cyclical,Travel Services,US,459110000.0,1.88,6482633200.0,2026-09-18,fmp:company-screener,2026-09-19T02:24:40.055543+00:00
BLDR,"Builders FirstSource, Inc.",NYSE,common_stock,False,2005-06-28,Basic Materials,Construction Materials,US,107596000.0,1.412,6253479520.0,2026-09-18,fmp:company-screener,2026-09-19T02:24:40.055543+00:00
NVDA,NVIDIA Corporation,NASDAQ,common_stock,False,1999-01-22,Technology,Semiconductors,US,24221000000.0,2.217,5383601670000.0,2026-09-18,fmp:company-screener,2026-09-19T02:24:40.055543+00:00
AAPL,Apple Inc.,NASDAQ,common_stock,False,1980-12-12,Technology,Consumer Electronics,US,14687356000.0,1.085,4936860972280.0,2026-09-18,fmp:company-screener,2026-09-19T02:24:40.055543+00:00
GOOG,Alphabet Inc.,NASDAQ,common_stock,False,2004-08-19,Communication Services,Internet Content & Information,US,12135902451.99907,1.215,4179726163493.0,2026-09-18,fmp:company-screener,2026-09-19T02:24:40.055543+00:00
MSFT,Microsoft Corporation,NASDAQ,common_stock,False,1986-03-13,Technology,Software - Infrastructure,US,7425550000.0,1.108,3666588079000.0,2026-09-18,fmp:company-screener,2026-09-19T02:24:40.055543+00:00
AMZN,"Amazon.com, Inc.",NASDAQ,common_stock,False,1997-05-15,Consumer Cyclical,Specialty Retail,US,10757100000.0,1.443,2729183841000.0,2026-09-18,fmp:company-screener,2026-09-19T02:24:40.055543+00:00
SPCX,Space Exploration Technologies Corp.,NASDAQ,spac,False,2026-06-12,Industrials,Aerospace & Defense,US,13181779945.000326,0.0,2012989615401.0,2026-09-18,fmp:company-screener,2026-09-19T02:24:40.055543+00:00
AVGO,Broadcom Inc.,NASDAQ,common_stock,False,2009-08-06,Technology,Semiconductors,US,4757580000.0,1.457,1701358183800.0,2026-09-18,fmp:company-screener,2026-09-19T02:24:40.055543+00:00
META,"Meta Platforms, Inc.",NASDAQ,common_stock,False,2012-05-18,Communication Services,Internet Content & Information,US,2547486570.000751,1.243,1695989183978.0,2026-09-18,fmp:company-screener,2026-09-19T02:24:40.055543+00:00
TSLA,"Tesla, Inc.",NASDAQ,common_stock,False,2010-06-29,Consumer Cyclical,Auto - Manufacturers,US,3949547393.998957,1.845,1438701629212.0,2026-09-18,fmp:company-screener,2026-09-19T02:24:40.055543+00:00
MU,"Micron Technology, Inc.",NASDAQ,common_stock,False,1984-06-01,Technology,Semiconductors,US,1129390000.0,2.222,1147234362000.0,2026-09-18,fmp:company-screener,2026-09-19T02:24:40.055543+00:00
AMD,"Advanced Micro Devices, Inc.",NASDAQ,common_stock,False,1972-09-07,Technology,Semiconductors,US,1630599999.9999998,2.476,912842492000.0,2026-09-18,fmp:company-screener,2026-09-19T02:24:40.055543+00:00
WMT,Walmart Inc.,NASDAQ,common_stock,False,1972-08-25,Consumer Defensive,Discount Stores,US,7958080000.0,0.595,849365878400.0,2026-09-18,fmp:company-screener,2026-09-19T02:24:40.055543+00:00
ASML,ASML Holding N.V.,NASDAQ,common_stock,True,1995-03-15,Technology,Semiconductors,NL,385417991.00016665,1.363,647471391441.0,2026-09-18,fmp:company-screener,2026-09-19T02:24:40.055543+00:00
INTC,Intel Corp.,NASDAQ,common_stock,False,1980-03-17,Technology,Semiconductors,US,5043999746.998158,2.231,547778372524.0,2026-09-18,fmp:company-screener,2026-09-19T02:24:40.055543+00:00
CSCO,"Cisco Systems, Inc.",NASDAQ,common_stock,False,1990-02-16,Technology,Communication Equipment,US,3941434664.99863,0.992,431626510164.0,2026-09-18,fmp:company-screener,2026-09-19T02:24:40.055543+00:00
PLTR,Palantir Technologies Inc.,NASDAQ,common_stock,False,2020-09-30,Technology,Software - Infrastructure,US,2296070000.0,1.621,407873874800.0,2026-09-18,fmp:company-screener,2026-09-19T02:24:40.055543+00:00
COST,Costco Wholesale Corporation,NASDAQ,common_stock,False,1986-07-09,Consumer Defensive,Discount Stores,US,443479000.0,0.855,397051183490.0,2026-09-18,fmp:company-screener,2026-09-19T02:24:40.055543+00:00
LRCX,Lam Research Corporation,NASDAQ,common_stock,False,1984-05-04,Technology,Semiconductors,US,1250570000.0,1.859,360301722700.0,2026-09-18,fmp:company-screener,2026-09-19T02:24:40.055543+00:00
AMAT,"Applied Materials, Inc.",NASDAQ,common_stock,False,1980-03-17,Technology,Semiconductors,US,793959000.0,1.597,352970352630.0,2026-09-18,fmp:company-screener,2026-09-19T02:24:40.055543+00:00
NFLX,"Netflix, Inc.",NASDAQ,common_stock,False,2002-05-23,Communication Services,Entertainment,US,4163939998.9970746,1.526,298929252528.0,2026-09-18,fmp:company-screener,2026-09-19T02:24:40.055543+00:00
PANW,"Palo Alto Networks, Inc.",NASDAQ,common_stock,False,2012-07-20,Technology,Software - Infrastructure,US,815000000.0,0.908,296317700000.0,2026-09-18,fmp:company-screener,2026-09-19T02:24:40.055543+00:00
ARM,Arm Holdings plc American Depositary Shares,NASDAQ,common_stock,True,2023-09-14,Technology,Semiconductors,GB,1067998568.9996734,3.888,294351085602.0,2026-09-18,fmp:company-screener,2026-09-19T02:24:40.055543+00:00
SNDK,Sandisk Corporation,NASDAQ,common_stock,False,1995-11-08,Technology,Computer Hardware,US,148089750.0,5.163,265350175845.0,2026-09-18,fmp:company-screener,2026-09-19T02:24:40.055543+00:00
TXN,Texas Instruments Incorporated,NASDAQ,common_stock,False,1972-06-01,Technology,Semiconductors,US,913247685.99985,1.314,243508362995.0,2026-09-18,fmp:company-screener,2026-09-19T02:24:40.055543+00:00
CRWD,"CrowdStrike Holdings, Inc.",NASDAQ,common_stock,False,2019-06-12,Technology,Software - Infrastructure,US,1018259280.0,1.255,241989317892.0,2026-09-18,fmp:company-screener,2026-09-19T02:24:40.055543+00:00
KLAC,KLA Corporation,NASDAQ,common_stock,False,1980-10-08,Technology,Semiconductors,US,1306280000.0,1.444,231198497200.0,2026-09-18,fmp:company-screener,2026-09-19T02:24:40.055543+00:00
MRVL,"Marvell Technology, Inc.",NASDAQ,common_stock,False,2000-06-27,Technology,Semiconductors,US,875766000.0,2.253,213905845500.0,2026-09-18,fmp:company-screener,2026-09-19T02:24:40.055543+00:00
LIN,Linde plc,NASDAQ,common_stock,True,1992-06-17,Basic Materials,Chemicals - Specialty,GB,462600000.0,0.727,212981040000.0,2026-09-18,fmp:company-screener,2026-09-19T02:24:40.055543+00:00
AMGN,Amgen Inc.,NASDAQ,common_stock,False,1983-06-17,Healthcare,Drug Manufacturers - General,US,539708000.0,0.426,208138390200.0,2026-09-18,fmp:company-screener,2026-09-19T02:24:40.055543+00:00
STX,Seagate Technology Holdings plc,NASDAQ,common_stock,True,2002-12-11,Technology,Computer Hardware,SG,224229000.0,2.087,192565622910.0,2026-09-18,fmp:company-screener,2026-09-19T02:24:40.055543+00:00
QCOM,QUALCOMM Incorporated,NASDAQ,common_stock,False,1991-12-13,Technology,Semiconductors,US,1050000000.0,1.679,186606000000.0,2026-09-18,fmp:company-screener,2026-09-19T02:24:40.055543+00:00
GILD,"Gilead Sciences, Inc.",NASDAQ,common_stock,False,1992-01-22,Healthcare,Drug Manufacturers - General,US,1241569873.9990673,0.35,186372053786.0,2026-09-18,fmp:company-screener,2026-09-19T02:24:40.055543+00:00
ADI,"Analog Devices, Inc.",NASDAQ,common_stock,False,1980-03-17,Technology,Semiconductors,US,487086999.99999994,1.205,183008327640.0,2026-09-18,fmp:company-screener,2026-09-19T02:24:40.055543+00:00
TMUS,"T-Mobile US, Inc.",NASDAQ,common_stock,False,2007-04-19,Communication Services,Telecommunications Services,US,1072671612.9979783,0.331,180401911874.0,2026-09-18,fmp:company-screener,2026-09-19T02:24:40.055543+00:00
PEP,"PepsiCo, Inc.",NASDAQ,common_stock,False,1972-06-01,Consumer Defensive,Beverages - Non-Alcoholic,US,1366000000.0,0.361,177238500000.0,2026-09-18,fmp:company-screener,2026-09-19T02:24:40.055543+00:00
SHOP,Shopify Inc.,NASDAQ,common_stock,True,2015-05-20,Technology,Software - Application,CA,1297654683.003891,2.616,166748626766.0,2026-09-18,fmp:company-screener,2026-09-19T02:24:40.055543+00:00
IBKR,"Interactive Brokers Group, Inc.",NASDAQ,common_stock,False,2007-05-04,Financial Services,Investment - Banking & Investment Services,US,1728032436.0017643,1.349,156715261621.0,2026-09-18,fmp:company-screener,2026-09-19T02:24:40.055543+00:00
WDC,Western Digital Corporation,NASDAQ,common_stock,False,1978-10-31,Technology,Computer Hardware,US,344682000.0,2.182,152128847520.0,2026-09-18,fmp:company-screener,2026-09-19T02:24:40.055543+00:00
ISRG,"Intuitive Surgical, Inc.",NASDAQ,common_stock,False,2000-06-16,Healthcare,Medical - Instruments & Supplies,US,353278000.0,1.465,138954835740.0,2026-09-18,fmp:company-screener,2026-09-19T02:24:40.055543+00:00
BKNG,Booking Holdings Inc.,NASDAQ,common_stock,False,1999-03-31,Consumer Cyclical,Travel Services,US,774878000.0,1.068,130102016200.0,2026-09-18,fmp:company-screener,2026-09-19T02:24:40.055543+00:00
VRTX,Vertex Pharmaceuticals Incorporated,NASDAQ,common_stock,False,1991-07-24,Healthcare,Biotechnology,US,253805000.0,0.32,129019233700.0,2026-09-18,fmp:company-screener,2026-09-19T02:24:40.055543+00:00
FTNT,"Fortinet, Inc.",NASDAQ,common_stock,False,2009-11-18,Technology,Software - Infrastructure,US,733713653.0028262,1.059,124613926826.0,2026-09-18,fmp:company-screener,2026-09-19T02:24:40.055543+00:00
PDD,PDD Holdings Inc.,NASDAQ,common_stock,True,2018-07-26,Consumer Cyclical,Specialty Retail,IE,1423396448.9987326,-0.008,112305979826.0,2026-09-18,fmp:company-screener,2026-09-19T02:24:40.055543+00:00
SBUX,Starbucks Corporation,NASDAQ,common_stock,False,1992-06-26,Consumer Cyclical,Restaurants,US,1140000000.0,0.965,109246200000.0,2026-09-18,fmp:company-screener,2026-09-19T02:24:40.055543+00:00
ADP,"Automatic Data Processing, Inc.",NASDAQ,common_stock,False,1980-03-17,Technology,Software - Application,US,399733999.99999994,0.83,108415855480.0,2026-09-18,fmp:company-screener,2026-09-19T02:24:40.055543+00:00
HOOD,"Robinhood Markets, Inc.",NASDAQ,common_stock,False,2021-07-29,Financial Services,Financial - Capital Markets,US,899082314.9974962,2.34,107728042983.0,2026-09-18,fmp:company-screener,2026-09-19T02:24:40.055543+00:00
APP,AppLovin Corporation,NASDAQ,common_stock,False,2021-04-15,Technology,Software - Application,US,335939509.0014932,2.488,103489525143.0,2026-09-18,fmp:company-screener,2026-09-19T02:24:40.055543+00:00
EQIX,"Equinix, Inc.",NASDAQ,common_stock,False,2000-08-11,Real Estate,REIT - Specialty,US,98671685.99976501,0.973,100777339779.0,2026-09-18,fmp:company-screener,2026-09-19T02:24:40.055543+00:00
CME,CME Group Inc.,NASDAQ,common_stock,False,2002-12-06,Financial Services,Financial - Data & Stock Exchanges,US,359579279.00076085,0.275,99247476797.0,2026-09-18,fmp:company-screener,2026-09-19T02:24:40.055543+00:00
ADBE,Adobe Inc.,NASDAQ,common_stock,False,1986-08-13,Technology,Software - Application,US,397500000.0,1.417,98945700000.0,2026-09-18,fmp:company-screener,2026-09-19T02:24:40.055543+00:00
ABNB,"Airbnb, Inc.",NASDAQ,common_stock,False,2020-12-10,Consumer Cyclical,Travel Services,US,593513628.9977139,1.161,98653835412.0,2026-09-18,fmp:company-screener,2026-09-19T02:24:40.055543+00:00
CEG,Constellation Energy Corporation,NASDAQ,common_stock,False,2022-01-19,Utilities,Independent Power Producers,US,359102019.99921477,1.117,91466875514.0,2026-09-18,fmp:company-screener,2026-09-19T02:24:40.055543+00:00
MELI,"MercadoLibre, Inc.",NASDAQ,common_stock,True,2007-08-10,Consumer Cyclical,Specialty Retail,UY,50697182.00001118,1.312,90615636135.0,2026-09-18,fmp:company-screener,2026-09-19T02:24:40.055543+00:00
MAR,"Marriott International, Inc.",NASDAQ,common_stock,False,1998-03-23,Consumer Cyclical,Travel Lodging,US,260766288.00011802,1.104,88378910329.0,2026-09-18,fmp:company-screener,2026-09-19T02:24:40.055543+00:00
MNST,Monster Beverage Corporation,NASDAQ,common_stock,False,1985-12-09,Consumer Defensive,Beverages - Non-Alcoholic,US,1956016219.9955268,0.515,87453485196.0,2026-09-18,fmp:company-screener,2026-09-19T02:24:40.055543+00:00
CSX,CSX Corporation,NASDAQ,common_stock,False,1980-11-03,Industrials,Railroads,US,1852480000.0,1.207,87251808000.0,2026-09-18,fmp:company-screener,2026-09-19T02:24:40.055543+00:00
DASH,"DoorDash, Inc.",NASDAQ,common_stock,False,2020-12-09,Communication Services,Internet Content & Information,US,435718711.9985488,1.788,84067568293.0,2026-09-18,fmp:company-screener,2026-09-19T02:24:40.055543+00:00
INTU,Intuit Inc.,NASDAQ,common_stock,False,1993-03-12,Technology,Software - Application,US,273537000.0,0.976,82933683030.0,2026-09-18,fmp:company-screener,2026-09-19T02:24:40.055543+00:00
DDOG,"Datadog, Inc.",NASDAQ,common_stock,False,2019-09-19,Technology,Software - Application,US,355960173.9996521,1.488,81842363206.0,2026-09-18,fmp:company-screener,2026-09-19T02:24:40.055543+00:00
REGN,"Regeneron Pharmaceuticals, Inc.",NASDAQ,common_stock,False,1991-04-02,Healthcare,Biotechnology,US,103022000.0,0.236,80856816700.0,2026-09-18,fmp:company-screener,2026-09-19T02:24:40.055543+00:00
CMCSA,Comcast Corporation,NASDAQ,common_stock,False,1980-03-17,Communication Services,Telecommunications Services,US,3548636613.0167108,0.662,80695996580.0,2026-09-18,fmp:company-screener,2026-09-19T02:24:40.055543+00:00
CTAS,Cintas Corporation,NASDAQ,common_stock,False,1983-08-19,Industrials,Specialty Business Services,US,400169560.99979764,0.913,79089512036.0,2026-09-18,fmp:company-screener,2026-09-19T02:24:40.055543+00:00
CDNS,"Cadence Design Systems, Inc.",NASDAQ,common_stock,False,1987-06-10,Technology,Software - Application,US,275393000.0,1.137,77908679700.0,2026-09-18,fmp:company-screener,2026-09-19T02:24:40.055543+00:00
MDLZ,"Mondelez International, Inc.",NASDAQ,common_stock,False,2001-06-13,Consumer Defensive,Food Confectioners,US,1276310000.0,0.402,77663463500.0,2026-09-18,fmp:company-screener,2026-09-19T02:24:40.055543+00:00
SNPS,"Synopsys, Inc.",NASDAQ,common_stock,False,1992-02-26,Technology,Software - Infrastructure,US,191479324.99935058,1.227,73713795745.0,2026-09-18,fmp:company-screener,2026-09-19T02:24:40.055543+00:00
ROST,"Ross Stores, Inc.",NASDAQ,common_stock,False,1985-08-08,Consumer Cyclical,Apparel - Retail,US,320781075.99841136,0.861,72692199632.0,2026-09-18,fmp:company-screener,2026-09-19T02:24:40.055543+00:00
LITE,Lumentum Holdings Inc.,NASDAQ,common_stock,False,2015-07-23,Technology,Communication Equipment,US,77800000.0,1.541,72424798000.0,2026-09-18,fmp:company-screener,2026-09-19T02:24:40.055543+00:00
ORLY,"O'Reilly Automotive, Inc.",NASDAQ,common_stock,False,1993-04-23,Consumer Cyclical,Specialty Retail,US,828715000.0000001,0.515,70200447650.0,2026-09-18,fmp:company-screener,2026-09-19T02:24:40.055543+00:00
WBD,"Warner Bros. Discovery, Inc.",NASDAQ,common_stock,False,2005-07-08,Communication Services,Entertainment,US,2507136702.0143886,1.571,69698400316.0,2026-09-18,fmp:company-screener,2026-09-19T02:24:40.055543+00:00
HON,Honeywell International Inc.,NASDAQ,common_stock,False,2001-02-21,Industrials,Conglomerates,US,316940000.0,0.901,65435432400.0,2026-09-18,fmp:company-screener,2026-09-19T02:24:40.055543+00:00
AEP,"American Electric Power Company, Inc.",NASDAQ,common_stock,False,1962-01-02,Utilities,Regulated Electric,US,544397000.0,0.5,65327640000.0,2026-09-18,fmp:company-screener,2026-09-19T02:24:40.055543+00:00
MRNA,"Moderna, Inc.",NASDAQ,common_stock,False,2018-12-07,Healthcare,Biotechnology,US,396786000.0,0.899,61120915440.0,2026-09-18,fmp:company-screener,2026-09-19T02:24:40.055543+00:00
PCAR,PACCAR Inc,NASDAQ,common_stock,False,1980-03-17,Industrials,Industrial - Machinery,US,526364952.9984491,0.972,61089916445.0,2026-09-18,fmp:company-screener,2026-09-19T02:24:40.055543+00:00
MPWR,"Monolithic Power Systems, Inc.",NASDAQ,common_stock,False,2004-11-19,Technology,Semiconductors,US,49130000.0,1.664,59830514000.0,2026-09-18,fmp:company-screener,2026-09-19T02:24:40.055543+00:00
TER,"Teradyne, Inc.",NASDAQ,common_stock,False,1970-09-14,Technology,Semiconductors,US,156341000.0,1.778,58075991270.0,2026-09-18,fmp:company-screener,2026-09-19T02:24:40.055543+00:00
NXPI,NXP Semiconductors N.V.,NASDAQ,common_stock,True,2010-08-06,Technology,Semiconductors,NL,252164173.99885958,1.817,57490910030.0,2026-09-18,fmp:company-screener,2026-09-19T02:24:40.055543+00:00
BKR,Baker Hughes Company,NASDAQ,common_stock,False,1987-04-06,Energy,Oil & Gas Equipment & Services,US,992674000.0,0.961,56830586500.0,2026-09-18,fmp:company-screener,2026-09-19T02:24:40.055543+00:00
FAST,Fastenal Company,NASDAQ,common_stock,False,1987-08-20,Industrials,Industrial - Distribution,US,1147500000.0,0.713,56238975000.0,2026-09-18,fmp:company-screener,2026-09-19T02:24:40.055543+00:00
FANG,"Diamondback Energy, Inc.",NASDAQ,common_stock,False,2012-10-12,Energy,Oil & Gas Exploration & Production,US,281313000.0,0.414,54130247460.0,2026-09-18,fmp:company-screener,2026-09-19T02:24:40.055543+00:00
NBIS,Nebius Group N.V.,NASDAQ,common_stock,True,2011-05-24,Technology,Software - Application,NL,240000000.0,1.436,53649600000.0,2026-09-18,fmp:company-screener,2026-09-19T02:24:40.055543+00:00
NDAQ,"Nasdaq, Inc.",NASDAQ,common_stock,False,2002-07-01,Financial Services,Financial - Data & Stock Exchanges,US,558977372.0012828,0.974,52286743377.0,2026-09-18,fmp:company-screener,2026-09-19T02:24:40.055543+00:00
ALAB,"Astera Labs, Inc. Common Stock",NASDAQ,common_stock,False,2024-03-20,Technology,Semiconductors,US,171407939.0008244,3.778,51979457502.0,2026-09-18,fmp:company-screener,2026-09-19T02:24:40.055543+00:00
HONA,Honeywell Aerospace Inc,NASDAQ,spac,False,2026-06-29,Industrials,Aerospace & Defense,US,316939750.0,0.08,51851343100.0,2026-09-18,fmp:company-screener,2026-09-19T02:24:40.055543+00:00
COIN,"Coinbase Global, Inc.",NASDAQ,common_stock,False,2021-04-14,Financial Services,Financial - Data & Stock Exchanges,US,263834128.0,3.388,51249779364.0,2026-09-18,fmp:company-screener,2026-09-19T02:24:40.055543+00:00
MSTR,Strategy Inc,NASDAQ,common_stock,False,1998-06-11,Technology,Software - Application,US,330808000.0,3.597,50917967360.0,2026-09-18,fmp:company-screener,2026-09-19T02:24:40.055543+00:00
WDAY,"Workday, Inc.",NASDAQ,common_stock,False,2012-10-12,Technology,Software - Application,US,261942106.99953577,1.082,50782716284.0,2026-09-18,fmp:company-screener,2026-09-19T02:24:40.055543+00:00
EBAY,eBay Inc.,NASDAQ,common_stock,False,1998-09-24,Consumer Cyclical,Specialty Retail,US,444000000.0,1.339,49656960000.0,2026-09-18,fmp:company-screener,2026-09-19T02:24:40.055543+00:00
ADSK,"Autodesk, Inc.",NASDAQ,common_stock,False,1985-06-28,Technology,Software - Application,US,211145250.9979258,1.309,45807962204.0,2026-09-18,fmp:company-screener,2026-09-19T02:24:40.055543+00:00
XEL,Xcel Energy Inc.,NASDAQ,common_stock,False,2001-03-13,Utilities,Regulated Electric,US,624634000.0,0.399,45161038200.0,2026-09-18,fmp:company-screener,2026-09-19T02:24:40.055543+00:00
PYPL,"PayPal Holdings, Inc.",NASDAQ,common_stock,False,2015-07-06,Financial Services,Financial - Credit Services,US,855461000.0,1.286,44834711010.0,2026-09-18,fmp:company-screener,2026-09-19T02:24:40.055543+00:00
CRWV,"CoreWeave, Inc. Class A Common Stock",NASDAQ,common_stock,False,2025-03-28,Technology,Software - Infrastructure,US,545570388.0039332,7.41,44387606768.0,2026-09-18,fmp:company-screener,2026-09-19T02:24:40.055543+00:00
CCEP,Coca-Cola Europacific Partners PLC,NASDAQ,common_stock,True,1986-11-24,Consumer Defensive,Beverages - Non-Alcoholic,GB,443218000.0,0.487,44219859860.0,2026-09-18,fmp:company-screener,2026-09-19T02:24:40.055543+00:00
EXC,Exelon Corporation,NASDAQ,common_stock,False,1973-05-02,Utilities,Regulated Electric,US,1030253953.0068933,0.389,43342783803.0,2026-09-18,fmp:company-screener,2026-09-19T02:24:40.055543+00:00
KDP,Keurig Dr Pepper Inc.,NASDAQ,common_stock,False,2008-05-07,Consumer Defensive,Beverages - Non-Alcoholic,US,1360559470.994832,0.414,42122921222.0,2026-09-18,fmp:company-screener,2026-09-19T02:24:40.055543+00:00
PAYX,"Paychex, Inc.",NASDAQ,common_stock,False,1983-08-26,Industrials,Staffing & Employment Services,US,355682859.99655586,0.808,41309007360.0,2026-09-18,fmp:company-screener,2026-09-19T02:24:40.055543+00:00
TRI,Thomson Reuters Corporation,NASDAQ,common_stock,True,2002-06-12,Industrials,Specialty Business Services,CA,436538836.9954444,0.171,41204900824.0,2026-09-18,fmp:company-screener,2026-09-19T02:24:40.055543+00:00
IDXX,"IDEXX Laboratories, Inc.",NASDAQ,common_stock,False,1991-06-21,Healthcare,Medical - Diagnostics & Research,US,78883000.0,1.538,40360486950.0,2026-09-18,fmp:company-screener,2026-09-19T02:24:40.055543+00:00
FLEX,Flex Ltd.,NASDAQ,common_stock,False,1994-03-18,Technology,"Hardware, Equipment & Parts",US,369402978.00202745,1.654,40083917143.0,2026-09-18,fmp:company-screener,2026-09-19T02:24:40.055543+00:00
FER,Ferrovial SE,NASDAQ,common_stock,True,2012-08-13,Industrials,Engineering & Construction,NL,725331782.994186,0.795,39922261336.0,2026-09-18,fmp:company-screener,2026-09-19T02:24:40.055543+00:00
MCHP,Microchip Technology Incorporated,NASDAQ,common_stock,False,1993-03-19,Technology,Semiconductors,US,543008000.0,1.736,39786196160.0,2026-09-18,fmp:company-screener,2026-09-19T02:24:40.055543+00:00
NTAP,"NetApp, Inc.",NASDAQ,common_stock,False,1995-11-21,Technology,Computer Hardware,US,196234000.0,1.432,38813122860.0,2026-09-18,fmp:company-screener,2026-09-19T02:24:40.055543+00:00
TTWO,"Take-Two Interactive Software, Inc.",NASDAQ,common_stock,False,1997-04-15,Technology,Electronic Gaming & Multimedia,US,186980000.0,0.966,38415041000.0,2026-09-18,fmp:company-screener,2026-09-19T02:24:40.055543+00:00
ROP,"Roper Technologies, Inc.",NASDAQ,common_stock,False,1992-02-13,Technology,Software - Application,US,100917000.0,0.747,37615802580.0,2026-09-18,fmp:company-screener,2026-09-19T02:24:40.055543+00:00
RKLB,"Rocket Lab USA, Inc.",NASDAQ,common_stock,False,2020-11-24,Industrials,Aerospace & Defense,US,578867475.0038718,2.612,37377472861.0,2026-09-18,fmp:company-screener,2026-09-19T02:24:40.055543+00:00
AXON,"Axon Enterprise, Inc.",NASDAQ,common_stock,False,2001-06-07,Industrials,Aerospace & Defense,US,80602077.001072,1.399,36090385998.0,2026-09-18,fmp:company-screener,2026-09-19T02:24:40.055543+00:00
ODFL,"Old Dominion Freight Line, Inc.",NASDAQ,common_stock,False,1991-10-24,Industrials,Trucking,US,207968283.0,1.165,35978512959.0,2026-09-18,fmp:company-screener,2026-09-19T02:24:40.055543+00:00
UAL,"United Airlines Holdings, Inc.",NASDAQ,common_stock,False,2006-02-06,Industrials,"Airlines, Airports & Air Services",US,324569728.0011039,1.272,35283975131.0,2026-09-18,fmp:company-screener,2026-09-19T02:24:40.055543+00:00
ACGL,Arch Capital Group Ltd.,NASDAQ,common_stock,True,1995-09-14,Financial Services,Insurance - Diversified,BM,349390000.0,0.282,33852397100.0,2026-09-18,fmp:company-screener,2026-09-19T02:24:40.055543+00:00
STLD,"Steel Dynamics, Inc.",NASDAQ,common_stock,False,1996-11-22,Basic Materials,Steel,US,143328096.99906486,1.515,33719368100.0,2026-09-18,fmp:company-screener,2026-09-19T02:24:40.055543+00:00
DXCM,"DexCom, Inc.",NASDAQ,common_stock,False,2005-04-14,Healthcare,Medical - Devices,US,377361000.0,1.419,33717205350.0,2026-09-18,fmp:company-screener,2026-09-19T02:24:40.055543+00:00
NTRS,Northern Trust Corporation,NASDAQ,common_stock,False,1980-03-17,Financial Services,Asset Management,US,182956000.0,1.257,32546042840.0,2026-09-18,fmp:company-screener,2026-09-19T02:24:40.055543+00:00
KMB,Kimberly-Clark Corporation,NASDAQ,common_stock,False,1980-03-17,Consumer Defensive,Household & Personal Products,US,331940000.0,0.273,32483648400.0,2026-09-18,fmp:company-screener,2026-09-19T02:24:40.055543+00:00
HBAN,Huntington Bancshares Incorporated,NASDAQ,common_stock,False,1980-03-17,Financial Services,Banks - Regional,US,2020414978.02267,0.941,32084189851.0,2026-09-18,fmp:company-screener,2026-09-19T02:24:40.055543+00:00
ALNY,"Alnylam Pharmaceuticals, Inc.",NASDAQ,common_stock,False,2004-06-01,Healthcare,Biotechnology,US,133809000.0,0.3,32055284040.0,2026-09-18,fmp:company-screener,2026-09-19T02:24:40.055543+00:00
EXPE,"Expedia Group, Inc.",NASDAQ,common_stock,False,2005-07-21,Consumer Cyclical,Travel Services,US,114498625.00089492,1.25,31985190894.0,2026-09-18,fmp:company-screener,2026-09-19T02:24:40.055543+00:00
BIIB,Biogen Inc.,NASDAQ,common_stock,False,1991-09-17,Healthcare,Drug Manufacturers - General,US,147753998.0,0.171,31840986569.0,2026-09-18,fmp:company-screener,2026-09-19T02:24:40.055543+00:00
GEHC,GE HealthCare Technologies Inc.,NASDAQ,common_stock,False,2022-12-15,Healthcare,Medical - Devices,US,451686252.00374246,0.822,28966639341.0,2026-09-18,fmp:company-screener,2026-09-19T02:24:40.055543+00:00
WTW,Willis Towers Watson Public Limited Company,NASDAQ,common_stock,True,2001-06-12,Financial Services,Insurance - Brokers,GB,92871939.9993548,0.417,28788443961.0,2026-09-18,fmp:company-screener,2026-09-19T02:24:40.055543+00:00
FOXA,Fox Corporation,NASDAQ,common_stock,False,2019-03-12,Communication Services,Entertainment,US,438504842.9945694,0.559,28261637131.0,2026-09-18,fmp:company-screener,2026-09-19T02:24:40.055543+00:00
VRSN,"VeriSign, Inc.",NASDAQ,common_stock,False,1998-01-30,Technology,Software - Infrastructure,US,90400000.0,0.699,27402048000.0,2026-09-18,fmp:company-screener,2026-09-19T02:24:40.055543+00:00
ON,ON Semiconductor Corporation,NASDAQ,common_stock,False,2000-05-02,Technology,Semiconductors,US,389312000.0,1.997,27244053760.0,2026-09-18,fmp:company-screener,2026-09-19T02:24:40.055543+00:00
CPRT,"Copart, Inc.",NASDAQ,common_stock,False,1994-03-17,Industrials,Specialty Business Services,US,925811482.0013661,1.029,27107760193.0,2026-09-18,fmp:company-screener,2026-09-19T02:24:40.055543+00:00
CTSH,Cognizant Technology Solutions Corporation,NASDAQ,common_stock,False,1998-06-19,Technology,Information Technology Services,US,450444209.0028395,0.83,26968094793.0,2026-09-18,fmp:company-screener,2026-09-19T02:24:40.055543+00:00
CINF,Cincinnati Financial Corporation,NASDAQ,common_stock,False,1980-03-17,Financial Services,Insurance - Property & Casualty,US,153478045.0,0.545,25937789605.0,2026-09-18,fmp:company-screener,2026-09-19T02:24:40.055543+00:00
INCY,Incyte Corporation,NASDAQ,common_stock,False,1993-11-04,Healthcare,Biotechnology,US,202697745.99792513,0.77,25400054551.0,2026-09-18,fmp:company-screener,2026-09-19T02:24:40.055543+00:00
FOX,Fox Corporation,NASDAQ,common_stock,False,2019-03-13,Communication Services,Entertainment,US,438504843.0031174,0.592,25319269635.0,2026-09-18,fmp:company-screener,2026-09-19T02:24:40.055543+00:00
SMCI,"Super Micro Computer, Inc.",NASDAQ,common_stock,False,2007-03-28,Technology,Computer Hardware,US,646873000.0,1.996,25286265570.0,2026-09-18,fmp:company-screener,2026-09-19T02:24:40.055543+00:00
PFG,"Principal Financial Group, Inc.",NASDAQ,common_stock,False,2001-10-23,Financial Services,Asset Management,US,214105000.0,0.872,25193735350.0,2026-09-18,fmp:company-screener,2026-09-19T02:24:40.055543+00:00
FISV,"Fiserv, Inc.",NASDAQ,common_stock,False,1986-09-25,Technology,Information Technology Services,US,533254000.0,0.796,25164256260.0,2026-09-18,fmp:company-screener,2026-09-19T02:24:40.055543+00:00
FFIV,"F5, Inc.",NASDAQ,common_stock,False,1999-06-04,Technology,Software - Infrastructure,US,56419200.0,1.03,24374786976.0,2026-09-18,fmp:company-screener,2026-09-19T02:24:40.055543+00:00
ULTA,"Ulta Beauty, Inc.",NASDAQ,common_stock,False,2007-10-25,Consumer Cyclical,Specialty Retail,US,42989311.00040667,0.854,23256357465.0,2026-09-18,fmp:company-screener,2026-09-19T02:24:40.055543+00:00
VRSK,"Verisk Analytics, Inc.",NASDAQ,common_stock,False,2009-10-07,Technology,Software - Services,US,130156019.0011972,0.662,22830667293.0,2026-09-18,fmp:company-screener,2026-09-19T02:24:40.055543+00:00
TROW,"T. Rowe Price Group, Inc.",NASDAQ,common_stock,False,1986-04-02,Financial Services,Asset Management,US,214267000.0,1.48,22318050720.0,2026-09-18,fmp:company-screener,2026-09-19T02:24:40.055543+00:00
CASY,"Casey's General Stores, Inc.",NASDAQ,common_stock,False,1983-10-20,Consumer Cyclical,Specialty Retail,US,37004900.0,0.592,22109687652.0,2026-09-18,fmp:company-screener,2026-09-19T02:24:40.055543+00:00
JBHT,"J.B. Hunt Transport Services, Inc.",NASDAQ,common_stock,False,1983-11-22,Industrials,Integrated Freight & Logistics,US,93914900.0,1.289,21999565325.0,2026-09-18,fmp:company-screener,2026-09-19T02:24:40.055543+00:00
DLTR,"Dollar Tree, Inc.",NASDAQ,common_stock,False,1995-03-07,Consumer Defensive,Discount Stores,US,192175000.0,0.662,21515913000.0,2026-09-18,fmp:company-screener,2026-09-19T02:24:40.055543+00:00
FSLR,"First Solar, Inc.",NASDAQ,common_stock,False,2006-11-17,Energy,Solar,US,107469787.00244947,1.733,21059779461.0,2026-09-18,fmp:company-screener,2026-09-19T02:24:40.055543+00:00
EXE,Expand Energy Corporation,NASDAQ,common_stock,False,2021-02-10,Energy,Oil & Gas Exploration & Production,US,231504000.0,0.323,20254284960.0,2026-09-18,fmp:company-screener,2026-09-19T02:24:40.055543+00:00
VTRS,Viatris Inc.,NASDAQ,common_stock,False,1980-03-17,Healthcare,Drug Manufacturers - Specialty & Generic,US,1164552653.982301,0.883,19739167485.0,2026-09-18,fmp:company-screener,2026-09-19T02:24:40.055543+00:00
SBAC,SBA Communications Corporation,NASDAQ,common_stock,False,1999-06-16,Real Estate,REIT - Specialty,US,106063000.0,0.984,18941791170.0,2026-09-18,fmp:company-screener,2026-09-19T02:24:40.055543+00:00
CDW,CDW Corporation,NASDAQ,common_stock,False,2013-06-27,Technology,Information Technology Services,US,127753000.0,0.941,18676211070.0,2026-09-18,fmp:company-screener,2026-09-19T02:24:40.055543+00:00
EVRG,"Evergy, Inc.",NASDAQ,common_stock,False,2018-06-04,Utilities,Regulated Electric,US,230513000.0,0.51,18390327140.0,2026-09-18,fmp:company-screener,2026-09-19T02:24:40.055543+00:00
CHRW,"C.H. Robinson Worldwide, Inc.",NASDAQ,common_stock,False,1997-10-16,Industrials,Integrated Freight & Logistics,US,117873042.00274527,0.944,18033396696.0,2026-09-18,fmp:company-screener,2026-09-19T02:24:40.055543+00:00
NWS,News Corporation,NASDAQ,common_stock,False,2013-06-19,Communication Services,Publishing,US,547397519.002448,0.909,17888950921.0,2026-09-18,fmp:company-screener,2026-09-19T02:24:40.055543+00:00
GEN,Gen Digital Inc.,NASDAQ,common_stock,False,1989-06-23,Technology,Software - Infrastructure,US,598577065.0120648,1.215,17364720656.0,2026-09-18,fmp:company-screener,2026-09-19T02:24:40.055543+00:00
NDSN,Nordson Corporation,NASDAQ,common_stock,False,1980-03-18,Industrials,Industrial - Machinery,US,55718000.0,0.972,17360057260.0,2026-09-18,fmp:company-screener,2026-09-19T02:24:40.055543+00:00
CHTR,"Charter Communications, Inc.",NASDAQ,common_stock,False,2010-01-05,Communication Services,Telecommunications Services,US,134777483.9978154,0.687,17274430124.0,2026-09-18,fmp:company-screener,2026-09-19T02:24:40.055543+00:00
LNT,Alliant Energy Corporation,NASDAQ,common_stock,False,1988-01-05,Utilities,Regulated Electric,US,258276999.99999997,0.532,16944262585.0,2026-09-18,fmp:company-screener,2026-09-19T02:24:40.055543+00:00
TSCO,Tractor Supply Company,NASDAQ,common_stock,False,1994-02-17,Consumer Cyclical,Specialty Retail,US,524450000.0,0.469,16892534500.0,2026-09-18,fmp:company-screener,2026-09-19T02:24:40.055543+00:00
NWSA,News Corporation,NASDAQ,common_stock,False,2013-06-19,Communication Services,Publishing,US,561331887.0047011,0.923,16716463595.0,2026-09-18,fmp:company-screener,2026-09-19T02:24:40.055543+00:00
ZBRA,Zebra Technologies Corporation,NASDAQ,common_stock,False,1991-08-15,Technology,Communication Equipment,US,47633400.0,1.607,16511165442.0,2026-09-18,fmp:company-screener,2026-09-19T02:24:40.055543+00:00
APA,APA Corporation,NASDAQ,common_stock,False,1979-05-15,Energy,Oil & Gas Exploration & Production,US,353470000.0,0.366,15860198900.0,2026-09-18,fmp:company-screener,2026-09-19T02:24:40.055543+00:00
PTC,PTC Inc.,NASDAQ,common_stock,False,1989-12-08,Technology,Software - Application,US,115506000.00000001,1.002,15696110340.0,2026-09-18,fmp:company-screener,2026-09-19T02:24:40.055543+00:00
AKAM,"Akamai Technologies, Inc.",NASDAQ,common_stock,False,1999-10-29,Technology,Software - Infrastructure,US,145385451.00459242,0.635,15195687339.0,2026-09-18,fmp:company-screener,2026-09-19T02:24:40.055543+00:00
HST,"Host Hotels & Resorts, Inc.",NASDAQ,common_stock,False,1980-03-17,Real Estate,REIT - Hotel & Motel,US,684879000.0,1.101,14957757360.0,2026-09-18,fmp:company-screener,2026-09-19T02:24:40.055543+00:00
ECHO,EchoStar Corporation,NASDAQ,common_stock,False,2008-01-01,Communication Services,Telecommunications Services,US,158465000.0,0.95,14810138900.0,2026-09-18,fmp:company-screener,2026-09-19T02:24:40.055543+00:00
TRMB,Trimble Inc.,NASDAQ,common_stock,False,1990-07-20,Technology,"Hardware, Equipment & Parts",US,233111519.00625435,1.362,13417899034.0,2026-09-18,fmp:company-screener,2026-09-19T02:24:40.055543+00:00
SWKS,"Skyworks Solutions, Inc.",NASDAQ,common_stock,False,1984-09-07,Technology,Semiconductors,US,150472781.99639475,1.518,13355964130.0,2026-09-18,fmp:company-screener,2026-09-19T02:24:40.055543+00:00
REG,Regency Centers Corporation,NASDAQ,common_stock,False,1993-10-29,Real Estate,REIT - Retail,US,182614521.0006854,0.807,13321729307.0,2026-09-18,fmp:company-screener,2026-09-19T02:24:40.055543+00:00
HAS,"Hasbro, Inc.",NASDAQ,common_stock,False,1980-03-17,Consumer Cyclical,Leisure,US,141044466.99783033,0.466,12351263975.0,2026-09-18,fmp:company-screener,2026-09-19T02:24:40.055543+00:00
CSGP,"CoStar Group, Inc.",NASDAQ,common_stock,False,1998-07-01,Real Estate,Real Estate - Services,US,405198000.0,0.747,11787209820.0,2026-09-18,fmp:company-screener,2026-09-19T02:24:40.055543+00:00
TECH,Bio-Techne Corporation,NASDAQ,common_stock,False,1989-02-09,Healthcare,Biotechnology,US,156569000.0,1.275,11330898530.0,2026-09-18,fmp:company-screener,2026-09-19T02:24:40.055543+00:00
LULU,Lululemon Athletica Inc.,NASDAQ,common_stock,True,2007-07-27,Consumer Cyclical,Apparel - Retail,CA,113553916.0004079,0.864,11135097003.0,2026-09-18,fmp:company-screener,2026-09-19T02:24:40.055543+00:00
PSKY,Paramount Skydance Corporation Class B Common Stock,NASDAQ,common_stock,False,2005-12-05,Communication Services,Entertainment,US,1087670000.0,1.52,11105110700.0,2026-09-18,fmp:company-screener,2026-09-19T02:24:40.055543+00:00
ERIE,Erie Indemnity Company,NASDAQ,common_stock,False,1995-10-02,Financial Services,Insurance - Property & Casualty,US,46189100.0,0.305,11041504355.0,2026-09-18,fmp:company-screener,2026-09-19T02:24:40.055543+00:00
JKHY,"Jack Henry & Associates, Inc.",NASDAQ,common_stock,False,1985-11-20,Technology,Information Technology Services,US,71050800.0,0.564,11002216380.0,2026-09-18,fmp:company-screener,2026-09-19T02:24:40.055543+00:00
COO,"The Cooper Companies, Inc.",NASDAQ,common_stock,False,1983-01-21,Healthcare,Medical - Instruments & Supplies,US,195031000.0,0.818,10783263990.0,2026-09-18,fmp:company-screener,2026-09-19T02:24:40.055543+00:00
ALGN,"Align Technology, Inc.",NASDAQ,common_stock,False,2001-01-30,Healthcare,Medical - Devices,US,71618126.99681592,1.643,10571551726.0,2026-09-18,fmp:company-screener,2026-09-19T02:24:40.055543+00:00
PODD,Insulet Corp.,NASDAQ,common_stock,False,2007-05-15,Healthcare,Medical - Devices,US,69264673.99715506,1.079,9738613164.0,2026-09-18,fmp:company-screener,2026-09-19T02:24:40.055543+00:00
DPZ,"Domino's Pizza, Inc.",NASDAQ,common_stock,False,2004-07-13,Consumer Cyclical,Restaurants,US,33081735.0,0.947,9732646437.0,2026-09-18,fmp:company-screener,2026-09-19T02:24:40.055543+00:00
HSIC,"Henry Schein, Inc.",NASDAQ,common_stock,False,1995-11-03,Healthcare,Medical - Distribution,US,113917000.0,0.812,9664718280.0,2026-09-18,fmp:company-screener,2026-09-19T02:24:40.055543+00:00
WYNN,"Wynn Resorts, Limited",NASDAQ,common_stock,False,2002-10-25,Consumer Cyclical,"Gambling, Resorts & Casinos",US,103786999.99999999,0.991,8477322160.0,2026-09-18,fmp:company-screener,2026-09-19T02:24:40.055543+00:00
TTD,"The Trade Desk, Inc.",NASDAQ,common_stock,False,2016-09-21,Communication Services,Advertising Agencies,US,470108335.9913793,1.005,6543908037.0,2026-09-18,fmp:company-screener,2026-09-19T02:24:40.055543+00:00
