rank,ticker,price,expected_irr,median_irr,p10_irr,p90_irr,above_hurdle_weight,hurdle_rate,permanent_loss_weight,worst_case_shortfall,worst_case_hurdle_gap,expected_shortfall,hurdle_cvar,intrinsic_value_low,intrinsic_value_base,intrinsic_value_high,intrinsic_value_bear,intrinsic_value_bull,scenario_order_inversion,scenario_order_note,upside_to_base,model_confidence,data_confidence,model_uncertainty,business_quality,valuation_excess,evidence_confidence,valuation_status,invalid_reason,invalid_fields,assumption_flags,valuation_alerts,requires_manual_review,roic_status,catastrophic_tail_floor_applied,catastrophic_tail_scenarios,name,sector,industry,model_family,market_cap,financial_persistence_score,roic,incremental_roic,wacc,roic_minus_wacc,normalized_operating_margin,current_operating_margin,revenue_cagr,net_debt_to_ebitda,sbc_intensity,net_share_change_cagr,risk_flags,years_of_data,latest_fiscal_year,anchor_source,latest_filing_date,price_as_of,is_price_fresh,shares_outstanding,beta,specialist_model_note,downside_penalty,ambiguity_penalty,permanent_loss_penalty,hurdle_penalty,robust_return
1,CI,275.28,0.3032401268319518,0.3406342043104814,-0.10532142906158695,0.6370135277684313,0.75,0.12,0.25,0.10532142906158695,0.22532142906158695,0.10532142906158695,0.22532142906158695,123.89306594339003,822.8779672983198,2426.8741739101924,123.89306594339003,2426.8741739101924,False,,1.9892399277038648,0.36466200000000004,1.0,0.39022761841500914,0.729,0.22063420431048142,0.36466200000000004,valid,,,share_change_floor_hit;reinvestment_cap_hit;intrinsic_2x_price,bull_return_extreme,True,ok,False,,Cigna Corporation,Healthcare,Medical - Healthcare Plans,general_dcf,72740120986.0,0.729,0.11300800421130497,,0.06788063829462344,0.045127365916681525,0.046214788416645225,0.03456310954664249,0.28071776602947707,2.049022749118872,0.0,-0.05528176607441315,cyclical_revenue,8.0,2025.0,ttm,2026-07-30,2026-09-18,True,,,,0.10532142906158695,0.19511380920750457,0.125,0.22532142906158695,-0.14486451884931817
2,OMC,76.57,0.29220376770390427,0.2991128505556844,0.20494066507671962,0.3656487046275288,1.0,0.12,0.0,0.0,0.0,0.0,0.0,140.0512934882398,208.58265867516224,271.2233568929885,140.0512934882398,271.2233568929885,False,,1.724078081169678,0.681048,1.0,0.08992257977540459,0.8286,0.17911285055568438,0.681048,valid,,,base_growth_cap_hit;reinvestment_cap_hit;intrinsic_2x_price,,False,ok,False,,Omnicom Group Inc.,Communication Services,Advertising Agencies,general_dcf,21006673220.0,0.8286,0.1273900676923603,0.02465586598481794,0.07116651366884309,0.05622355402351721,0.14642359336986555,0.13922749236745294,0.017562263432874925,2.238764590091214,0.005825700645671198,-0.0033931429086506704,incremental_roic_below_wacc,8.0,2025.0,ttm,2026-07-29,2026-09-18,True,,,,0.0,0.044961289887702295,0.0,0.0,0.12198444864524773
3,TTD,13.92,0.2889057165128179,0.3179393670987337,0.10195105820894243,0.41779307364486157,0.75,0.12,0.0,0.0,0.018048941791057566,0.0,0.018048941791057566,14.562757435585818,30.605014985675798,42.21507407499932,14.562757435585818,42.21507407499932,False,,1.1986361340284337,0.6732,1.0,0.1677250077179596,0.9118,0.19793936709873372,0.6732,valid,,,intrinsic_2x_price,,False,ok,False,,"The Trade Desk, Inc.",Communication Services,Advertising Agencies,general_dcf,6543908037.0,0.9118,0.30957286882499707,0.48860470771143266,0.09736410941576149,0.2122087594092356,0.1711063344506371,0.19608325769579865,0.29379367691523206,-1.4744032829361797,0.20234486555512426,-0.020401036799382544,heavy_sbc,8.0,2025.0,ttm,2026-08-06,2026-09-18,True,,,,0.0,0.0838625038589798,0.0,0.018048941791057566,0.11520384013980997
4,CF,127.7,0.2692523190620705,0.2956892375310418,0.01049460159265439,0.47513619959354403,0.75,0.12,0.0,0.0,0.1095053984073456,0.0,0.1095053984073456,99.11367483964783,290.413751296396,583.7657186905851,99.11367483964783,583.7657186905851,False,,1.274187559094722,0.36441,1.0,0.25138849900044485,0.8943,0.17568923753104182,0.36441,valid,,,share_change_floor_hit;intrinsic_2x_price,,False,ok,False,,"CF Industries Holdings, Inc.",Basic Materials,Agricultural Inputs,general_dcf,19618423300.0,0.8943,0.3503059009230228,0.12291746992958627,0.07169304375919827,0.2786128571638245,0.31057439237664275,0.3811861997674118,0.0693970500262917,0.295205836373111,0.006064690026954178,-0.08995899643941663,cyclical_revenue,8.0,2025.0,ttm,2026-08-06,2026-09-18,True,,,,0.0,0.12569424950022243,0.0,0.1095053984073456,-0.04548248335865865
5,VICI,23.72,0.262422584727373,0.30041789080092896,0.14843666650670517,0.30041789080092896,1.0,0.12,0.0,0.0,0.0,0.0,0.0,47.385987356714296,88.21234423223055,88.21234423223055,47.385987356714296,88.21234423223055,False,,2.718901527497072,0.6,0.8,0.09399061214711188,0.5371809100998889,0.18041789080092896,0.48,valid,,,specialist_model_v1,,False,specialist,False,,VICI Properties Inc.,Real Estate,REIT - Diversified,reit,26117559438.999996,,,,,,,,,,,,,,,,,2026-09-18,True,1101077548.0185497,0.682,P/AFFO Gordon proxy; no property-level NOI or maintenance-capex detail,0.0,0.04699530607355594,0.0,0.0,0.0866005875844459
6,UHS,176.69,0.24018636358377993,0.25723899727745453,0.09336751865339468,0.352899941126816,0.75,0.12,0.0,0.0,0.026632481346605313,0.0,0.026632481346605313,170.0998671832041,312.86030522956264,442.3210631262695,170.0998671832041,442.3210631262695,False,,0.7706735255507535,0.76392,1.0,0.13684861123671066,0.7751,0.13723899727745453,0.76392,valid,,,share_change_floor_hit,,False,ok,False,,"Universal Health Services, Inc.",Healthcare,Medical - Care Facilities,general_dcf,10696168035.0,0.7751,0.12470256284496385,0.22875878037240152,0.08557084554437827,0.03913171730058558,0.10734202554714209,0.11363584295818038,0.0705902397892153,1.8978183169217218,0.006142007240454682,-0.06711856509068381,,8.0,2025.0,ttm,2026-08-07,2026-09-18,True,,,,0.0,0.06842430561835533,0.0,0.026632481346605313,0.07820713345358776
7,EOG,144.23,0.22286318484111695,0.2452512082119938,-0.034950713551370395,0.4359010364918505,0.75,0.12,0.0,0.034950713551370395,0.15495071355137038,0.034950713551370395,0.15495071355137038,91.65048681147148,282.40535331014996,607.7521076238847,91.65048681147148,607.7521076238847,False,,0.9580208923951326,0.36828,1.0,0.25437747502161046,0.8742,0.12525120821199381,0.36828,valid,,,reinvestment_cap_hit,,False,ok,False,,"EOG Resources, Inc.",Energy,Oil & Gas Exploration & Production,general_dcf,76821080670.0,0.8742,0.2326616405599142,0.11979666979573474,0.07276514287582582,0.15989649768408837,0.3240782636756039,0.3907246896964259,0.03975957813758413,0.23401999733428613,0.00851227649927282,-0.034084377593526116,cyclical_revenue,8.0,2025.0,ttm,2026-08-04,2026-09-18,True,,,,0.034950713551370395,0.12718873751080523,0.0,0.15495071355137038,-0.1088231985910573
8,FOXA,64.45,0.21972047559975183,0.23853465236024934,0.07385946965077891,0.3279531280277297,0.75,0.12,0.0,0.0,0.04614053034922108,0.0,0.04614053034922108,64.29792150900373,117.441313653677,160.52952389051978,64.29792150900373,160.52952389051978,False,,0.8222081249600774,0.691578,1.0,0.13629948918847537,0.9035,0.11853465236024935,0.691578,valid,,,forward_roic_cap_hit;share_change_floor_hit,,False,ok,False,,Fox Corporation,Communication Services,Entertainment,general_dcf,28261637131.0,0.9035,0.17612598679161487,3.3111584495556783,0.07237338330593916,0.1037526034856757,0.19670761064330844,0.19531706177741445,0.060010212762140025,0.6394141145139813,0.007707579119467477,-0.06145161573051794,,8.0,2026.0,ttm,2026-08-06,2026-09-18,True,,,,0.0,0.06814974459423769,0.0,0.04614053034922108,0.03583542746077545
9,ARE,53.3,0.21053544419697084,0.23218254739900468,0.14559413459086934,0.23218254739900468,1.0,0.12,0.0,0.0,0.0,0.0,0.0,105.16739486303491,151.3918426051738,151.3918426051738,105.16739486303491,151.3918426051738,False,,1.8403722815229604,0.6,0.8,0.061294206404067665,0.6946701556259468,0.11218254739900468,0.48,valid,,,specialist_model_v1,,False,specialist,False,,"Alexandria Real Estate Equities, Inc.",Real Estate,REIT - Office,reit,9288537700.0,,,,,,,,,,,,,,,,,2026-09-18,True,174269000.0,1.168,P/AFFO Gordon proxy; no property-level NOI or maintenance-capex detail,0.0,0.030647103202033833,0.0,0.0,0.053847622751522245
10,CMCSA,22.74,0.20341877252794804,0.20753078651614493,0.1541033040266484,0.24451021305285398,1.0,0.12,0.0,0.0,0.0,0.0,0.0,30.364182422522102,40.56955723074379,51.85352900507129,30.364182422522102,51.85352900507129,False,,0.7840614437442301,0.6025185000000001,0.85,0.06162789951310278,0.7577,0.08753078651614493,0.5121407250000001,valid,,,forward_roic_floor_hit;share_change_floor_hit;reinvestment_cap_hit,,False,ok,False,,Comcast Corporation,Communication Services,Telecommunications Services,general_dcf,80695996580.0,0.7577,0.08089660726288868,-0.010702595763399403,0.06544954257317503,0.015447064689713644,0.1873066409912772,0.14662343380969536,0.039212419385326935,2.427728700143809,0.010207942618366071,-0.06941760974801958,thin_interest_coverage;incremental_roic_below_wacc,8.0,2025.0,ttm,2026-07-23,2026-09-18,True,,,,0.0,0.03081394975655139,0.0,0.0,0.0448280804661987
11,CPT,99.12,0.1978612749707564,0.22936724853850943,0.1033433542674973,0.22936724853850943,0.75,0.12,0.0,0.0,0.016656645732502695,0.0,0.016656645732502695,162.07450757577462,278.3360681998089,278.3360681998089,162.07450757577462,278.3360681998089,False,,1.8080717130731325,0.6,0.8,0.08101194713550605,0.5822978984506827,0.10936724853850943,0.48,valid,,,specialist_model_v1,,False,specialist,False,,Camden Property Trust,Real Estate,REIT - Residential,reit,9963542400.0,,,,,,,,,,,,,,,,,2026-09-18,True,100520000.0,0.782,P/AFFO Gordon proxy; no property-level NOI or maintenance-capex detail,0.0,0.040505973567753026,0.0,0.016656645732502695,0.035839633565981834
12,CHTR,128.17,0.184725824004272,0.4896804089250508,-0.95,0.7095424781669863,0.75,0.12,0.25,0.95,1.0699999999999998,0.95,1.0699999999999998,-51.35786452993655,553.1283040640113,1126.1183603281795,-51.35786452993655,1126.1183603281795,False,,3.315583241507462,0.7145100000000001,1.0,0.8383359390834931,0.5514,0.36968040892505083,0.7145100000000001,valid,,,share_change_floor_hit,intrinsic_3x_price;bull_return_extreme,True,ok,True,bear,"Charter Communications, Inc.",Communication Services,Telecommunications Services,general_dcf,17274430124.0,0.5514,0.09121231933124772,0.26677679637638607,0.0740790593688854,0.017133259962362327,0.21833216645863085,0.2366901978086624,0.033016031528634304,4.44613393723714,0.012286851425858985,-0.09655052047411605,elevated_leverage;thin_interest_coverage,8.0,2025.0,ttm,2026-07-24,2026-09-18,True,,,,0.95,0.41916796954174657,0.125,1.0699999999999998,-0.8058596510189617
13,BXP,63.17,0.1827413523868876,0.20651254843223454,0.11142776425084677,0.20651254843223454,0.75,0.12,0.0,0.0,0.008572235749153223,0.0,0.008572235749153223,107.131475088214,161.4990949308855,161.4990949308855,107.131475088214,161.4990949308855,False,,1.556578992098868,0.6,0.8,0.06554239209069387,0.663356504468719,0.08651254843223455,0.48,valid,,,specialist_model_v1,,False,specialist,False,,"BXP, Inc.",Real Estate,REIT - Office,reit,10074186789.0,,,,,,,,,,,,,,,,,2026-09-18,True,159477390.99255976,1.033,P/AFFO Gordon proxy; no property-level NOI or maintenance-capex detail,0.0,0.03277119604534694,0.0,0.008572235749153223,0.032953787498319356
14,FISV,47.19,0.1769610678195022,0.2834659952903167,-0.38346338602714247,0.5243756667245179,0.75,0.12,0.25,0.38346338602714247,0.5034633860271425,0.38346338602714247,0.5034633860271425,4.331482514256691,102.32801964660838,235.7183921541355,4.331482514256691,235.7183921541355,False,,1.1684259302099678,0.363447,1.0,0.4730161163758302,0.6104,0.1634659952903167,0.363447,valid,,,forward_roic_cap_hit;share_change_floor_hit;intrinsic_2x_price,,False,ok,False,,"Fiserv, Inc.",Technology,Information Technology Services,general_dcf,25164256260.0,0.6104,0.06724961820968274,1.0079318519076124,0.0813233713153591,-0.014073753105676365,0.2367339951540479,0.21374484807821337,0.20267803207389457,3.5277598032871746,0.01791232388833604,-0.061304866372050126,elevated_leverage;thin_interest_coverage;cyclical_revenue,8.0,2025.0,ttm,2026-08-07,2026-09-18,True,,,,0.38346338602714247,0.2365080581879151,0.125,0.5034633860271425,-0.44405216043686274
15,UDR,33.9,0.17431075833460552,0.20950054556975695,0.06874139662915124,0.20950054556975695,0.75,0.12,0.0,0.0,0.051258603370848754,0.0,0.051258603370848754,47.267524349406855,87.7465482226333,87.7465482226333,47.267524349406855,87.7465482226333,False,,1.5883937528800383,0.6,0.8,0.08837957447030284,0.5386824360256111,0.08950054556975695,0.48,valid,,,specialist_model_v1,,False,specialist,False,,"UDR, Inc.",Real Estate,REIT - Residential,reit,10890857126.0,,,,,,,,,,,,,,,,,2026-09-18,True,321264222.0058997,0.685,P/AFFO Gordon proxy; no property-level NOI or maintenance-capex detail,0.0,0.04418978723515142,0.0,0.051258603370848754,-0.00829834149736542
16,VMRK,61.22,0.16523453183554881,0.1824733809282142,0.07055394181031205,0.22543742367545483,0.75,0.12,0.0,0.0,0.04944605818968795,0.0,0.04944605818968795,86.08670785565013,141.53054860101795,169.18000011696606,86.08670785565013,169.18000011696606,False,,1.311835161728487,0.6,0.8,0.09544174093257138,0.6082553110023835,0.062473380928214195,0.48,valid,,,specialist_model_v1,,False,specialist,False,,Vivmark Residential,Real Estate,REIT - Residential,reit,22954071680.0,,,,,,,,,,,,,,,,,2026-09-18,True,374944000.0,0.7466878,P/AFFO Gordon proxy; no property-level NOI or maintenance-capex detail,0.0,0.04772087046628569,0.0,0.04944605818968795,-0.019458835344145133
17,HUM,386.22,0.1608523437596887,0.16630692939070288,0.06640039572084791,0.2443951205365011,0.75,0.12,0.0,0.0,0.053599604279152085,0.0,0.053599604279152085,360.97699273382807,563.5892721490519,781.943116830692,360.97699273382807,781.943116830692,False,,0.45924414103115296,0.617301,1.0,0.10047833240782658,0.7573,0.04630692939070288,0.617301,valid,,,forward_roic_floor_hit;reinvestment_cap_hit,,False,ok,False,,Humana Inc.,Healthcare,Medical - Healthcare Plans,general_dcf,46377297600.0,0.7573,0.16514130525916965,-3.1877500630455566,0.08340480799802097,0.08173649726114868,0.03738824841318843,0.0138798316847315,0.12474239016717803,-3.458138699245419,0.0017570515486669326,-0.016535467597649012,thin_interest_coverage;incremental_roic_below_wacc,8.0,2025.0,ttm,2026-07-29,2026-09-18,True,,,,0.0,0.05023916620391329,0.0,0.053599604279152085,-0.025014290459341806
18,DECK,78.43,0.16000572021730478,0.17018629967933518,0.059815624653128945,0.23983465685741978,0.75,0.12,0.0,0.0,0.06018437534687105,0.0,0.06018437534687105,67.24632738070576,99.55095968036854,126.53060145120078,67.24632738070576,126.53060145120078,False,,0.2692969486212995,0.74772,1.0,0.09757791610214542,0.9553,0.05018629967933519,0.74772,valid,,,forward_roic_cap_hit,,False,ok,False,,Deckers Outdoor Corporation,Consumer Cyclical,Apparel - Footwear & Accessories,general_dcf,10680754260.0,0.9553,0.8304912468216664,10.7962237500133,0.10518386879820465,0.7253073780234618,0.18901089246657682,0.22667839514090904,0.1529693238163654,-0.8513918245654738,0.008193087508424252,-0.04705755910162279,,8.0,2026.0,ttm,2026-07-30,2026-09-18,True,,,,0.0,0.04878895805107271,0.0,0.06018437534687105,-0.02265907535063854
19,GIS,36.32,0.15622081606998112,0.17728551328182224,0.0014827029779553693,0.2688295347383246,0.75,0.12,0.0,0.0,0.11851729702204462,0.0,0.11851729702204462,26.43196054644223,55.37796262773011,80.25365319665465,26.43196054644223,80.25365319665465,False,,0.5247236406313358,0.8721,0.85,0.14201041588018462,0.8041,0.05728551328182224,0.741285,valid,,,,,False,ok,False,,"General Mills, Inc.",Consumer Defensive,Packaged Foods,general_dcf,19384274524.0,0.8041,0.1098375745945436,,0.06588843521906407,0.043949139375479535,0.17023929762976736,0.1506192807442224,0.01271362544800514,3.9288352400684623,0.004705797830303901,-0.03070705768587223,elevated_leverage;thin_interest_coverage,8.0,2026.0,annual,2026-07-01,2026-09-18,True,,,,0.0,0.07100520794009231,0.0,0.11851729702204462,-0.07605240530892902
20,ZTS,71.4,0.14961219188990074,0.16442289333790544,0.030985810316633458,0.23861717056715864,0.75,0.12,0.0,0.0,0.08901418968336654,0.0,0.08901418968336654,56.95355652418292,96.45249433639738,127.36604844567583,56.95355652418292,127.36604844567583,False,,0.3508752708178904,0.8948,1.0,0.10697168012526259,0.9836,0.044422893337905445,0.8948,valid,,,,,False,ok,False,,Zoetis Inc.,Healthcare,Drug Manufacturers - Specialty & Generic,general_dcf,29932879200.000004,0.9836,0.2653944447049959,0.23669392751065474,0.07853216403374884,0.18686228067124705,0.359833772599066,0.36996952821267204,0.0718423707978999,1.8886113886113887,0.007994814174589455,-0.03882233529173096,,8.0,2025.0,ttm,2026-08-06,2026-09-18,True,,,,0.0,0.053485840062631296,0.0,0.08901418968336654,-0.04926458472460874
21,MO,69.52,0.14061674145341388,0.15825690199853854,0.011438966286368694,0.23451419553020975,0.75,0.12,0.0,0.0,0.1085610337136313,0.0,0.1085610337136313,53.06051095260417,96.94302085044626,129.67647626521014,53.06051095260417,129.67647626521014,False,,0.3944623252365689,0.9241,1.0,0.11381461462192052,0.9791,0.03825690199853854,0.9241,valid,,,,,False,ok,False,,"Altria Group, Inc.",Consumer Defensive,Tobacco,general_dcf,116080600168.41493,0.9791,0.46451580310557666,,0.07041724360583321,0.3940985594997435,0.5487126521180992,0.5594677397228954,0.003685641666252071,1.7829332905193866,0.0,-0.025010556925988414,,8.0,2025.0,ttm,2026-07-30,2026-09-18,True,,,,0.0,0.05690730731096026,0.0,0.1085610337136313,-0.07320783057678182
22,LEN,76.43,0.13009740746056198,0.12912362170172859,0.04673672273056584,0.2154056637082249,0.75,0.12,0.0,0.0,0.07326327726943416,0.0,0.07326327726943416,59.904568323434624,83.8818383081709,126.02845686933527,59.904568323434624,126.02845686933527,False,,0.09749886573558664,0.508761,0.7,0.10807164048882953,0.4944,0.00912362170172859,0.35613269999999997,valid,,,forward_roic_floor_hit;reinvestment_cap_hit,,False,ok,False,,Lennar Corporation,Consumer Cyclical,Residential Construction,general_dcf,18977207563.0,0.4944,0.08579522270323447,-39.218177040906106,0.10244280725251051,-0.016647584549276034,0.13824940334022323,0.0804519937353844,0.07525893763257141,0.8706594095711988,0.004782353398523541,-0.0383452169613131,weak_cash_conversion;incremental_roic_below_wacc,8.0,2025.0,annual,2026-01-28,2026-09-18,True,,,,0.0,0.054035820244414765,0.0,0.07326327726943416,-0.07001405723901896
23,TSN,52.77,0.12806108731601856,0.12673174074152488,0.0078021044144407185,0.2509787633665837,0.75,0.12,0.0,0.0,0.11219789558555927,0.0,0.11219789558555927,39.423813102419096,68.16354282591139,118.66231923584054,39.423813102419096,118.66231923584054,False,,0.2917101160870075,0.581499,1.0,0.1341433594760715,0.6055,0.006731740741524883,0.581499,valid,,,forward_roic_floor_hit;reinvestment_cap_hit,,False,ok,False,,"Tyson Foods, Inc.",Consumer Defensive,Agricultural Farm Products,general_dcf,18708010849.0,0.6055,0.042512516462013414,-2.0474368084662204,0.07358473953093701,-0.0310722230689236,0.06748815026900128,0.024885984127554134,0.04482396796231858,2.6479591836734695,0.0018368509028122188,-0.012082967464748573,thin_interest_coverage;incremental_roic_below_wacc,8.0,2025.0,ttm,2026-08-03,2026-09-18,True,,,,0.0,0.06707167973803575,0.0,0.11219789558555927,-0.1082833950761033
24,CTSH,59.87,0.1258801738295006,0.1332213629386388,0.042311480233911444,0.1947664892068133,0.75,0.12,0.0,0.0,0.07768851976608855,0.0,0.07768851976608855,49.411551262587174,70.07594128424333,88.48775887383053,49.411551262587174,88.48775887383053,False,,0.17046836953805466,0.8699,1.0,0.08013050448645094,0.8505,0.013221362938638792,0.8699,valid,,,,,False,ok,False,,Cognizant Technology Solutions Corporation,Technology,Information Technology Services,general_dcf,26968094793.0,0.8505,0.16557896623287383,0.1406886596808351,0.08853143225021586,0.07704753398265797,0.14961661544644123,0.15756399593383236,0.03921825270499446,0.2830393487109905,0.008867044993919741,-0.03526910615298384,,8.0,2025.0,ttm,2026-07-29,2026-09-18,True,,,,0.0,0.04006525224322547,0.0,0.07768851976608855,-0.06618725614576666
25,INVH,26.91,0.12264588515103758,0.15047405166307604,0.03916138561492222,0.15047405166307604,0.75,0.12,0.0,0.0,0.08083861438507778,0.0,0.08083861438507778,32.60834066150775,54.237271930881256,54.237271930881256,32.60834066150775,54.237271930881256,False,,1.015506203302908,0.6,0.8,0.0736563330240769,0.6012164605746224,0.03047405166307604,0.48,valid,,,specialist_model_v1,,False,specialist,False,,Invitation Homes Inc.,Real Estate,REIT - Residential,reit,15985670220.0,,,,,,,,,,,,,,,,,2026-09-18,True,594042000.0,0.831,P/AFFO Gordon proxy; no property-level NOI or maintenance-capex detail,0.0,0.03682816651203845,0.0,0.08083861438507778,-0.06621106958680129
26,STZ,118.97,0.12042504045675745,0.13910458277678117,-0.026599337672814694,0.23009033394628212,0.75,0.12,0.0,0.026599337672814694,0.1465993376728147,0.026599337672814694,0.1465993376728147,76.2565130690619,155.32597832826866,223.61654773113708,76.2565130690619,223.61654773113708,False,,0.3055894622868678,0.8731,1.0,0.13215183580954842,0.8266,0.019104582776781176,0.8731,valid,,,,,False,ok,False,,"Constellation Brands, Inc.",Consumer Defensive,Beverages - Alcoholic,general_dcf,20320593876.0,0.8266,0.1193747389147867,,0.06649995353190173,0.05287478538288497,0.32804807294105043,0.32137533538706153,0.017110861284923784,3.1415585588297263,0.006384324275489616,-0.036150883637098064,elevated_leverage,8.0,2026.0,ttm,2026-07-01,2026-09-18,True,,,,0.026599337672814694,0.06607591790477421,0.0,0.1465993376728147,-0.12991912645040704
27,ADBE,248.92,0.11712795321727756,0.12663950943970126,0.02951237523520834,0.1857204187544994,0.75,0.12,0.0,0.0,0.09048762476479166,0.0,0.09048762476479166,175.18638441825692,253.4769571486643,313.22364875941156,175.18638441825692,313.22364875941156,False,,0.01830691446514665,0.78948,1.0,0.08441962175964554,0.9778,0.006639509439701263,0.78948,valid,,,share_change_floor_hit,,False,ok,False,,Adobe Inc.,Technology,Software - Application,general_dcf,98945700000.0,0.9778,0.5976738904893533,,0.1166726725483858,0.48100121794096745,0.33594547644152983,0.3569888332691567,0.14827553206887933,0.11188602171963734,0.08746803069053709,-0.05697024475900081,heavy_sbc,8.0,2025.0,ttm,2026-09-10,2026-09-18,True,,,,0.0,0.04220981087982277,0.0,0.09048762476479166,-0.08524586485233632
28,ELV,410.95,0.11531224611535437,0.10607266792649173,0.08369316776806958,0.1654104808403645,0.25,0.12,0.0,0.0,0.03630683223193042,0.0,0.03630683223193042,427.4323230928083,476.4430790955123,621.823955967568,427.4323230928083,621.823955967568,False,,0.15936994548123207,0.6693840000000001,1.0,0.05077713653614746,0.8176,-0.01392733207350827,0.6693840000000001,valid,,,forward_roic_floor_hit;reinvestment_cap_hit,,False,ok,False,,Elevance Health Inc.,Healthcare,Medical - Healthcare Plans,general_dcf,89122434726.0,0.8176,0.14191121591929173,-0.055718693137273054,0.0759488237775067,0.06596239214178504,0.05862056864328994,0.03511458732155554,0.11643811436572027,-0.7545189504373178,0.0013860640301318267,-0.0354245980130079,incremental_roic_below_wacc,8.0,2025.0,ttm,2026-07-15,2026-09-18,True,,,,0.0,0.02538856826807373,0.0,0.03630683223193042,-0.03630683223193042
29,HST,21.84,0.11495569102378861,0.13604322642835376,0.05169308481009316,0.13604322642835376,0.75,0.12,0.0,0.0,0.06830691518990684,0.0,0.06830691518990684,28.09944393180923,41.32633739004204,41.32633739004204,28.09944393180923,41.32633739004204,False,,0.8922315654781154,0.6,0.8,0.060175070809130295,0.6799403408679533,0.016043226428353763,0.48,valid,,,specialist_model_v1,,False,specialist,False,,"Host Hotels & Resorts, Inc.",Real Estate,REIT - Hotel & Motel,reit,14957757360.0,,,,,,,,,,,,,,,,,2026-09-18,True,684879000.0,1.101,P/AFFO Gordon proxy; no property-level NOI or maintenance-capex detail,0.0,0.030087535404565147,0.0,0.06830691518990684,-0.06060616650429703
30,APA,44.87,0.11391082652553447,0.12973055499605834,-0.1710144763113931,0.3671966724214143,0.75,0.12,0.25,0.1710144763113931,0.2910144763113931,0.1710144763113931,0.2910144763113931,15.178143441883577,65.50855701037716,176.63267359777598,15.178143441883577,176.63267359777598,False,,0.45996338333802456,0.35748,1.0,0.2883811743664037,0.5071,0.00973055499605835,0.35748,valid,,,reinvestment_cap_hit,,False,ok,False,,APA Corporation,Energy,Oil & Gas Exploration & Production,general_dcf,15860198900.0,0.5071,0.07032522570633926,0.008723172606689075,0.0693344833887033,0.000990742317635962,0.3184182911929025,0.11843297101449275,0.028082479749838907,1.0427791262135921,0.0,0.020593996919940682,thin_interest_coverage;cyclical_revenue;incremental_roic_below_wacc,8.0,2025.0,ttm,2026-08-06,2026-09-18,True,,,,0.1710144763113931,0.14419058718320185,0.125,0.2910144763113931,-0.2875359975114022
31,LDOS,127.69,0.1127095311021549,0.14021010764408862,-0.08773879258078521,0.25815670170122756,0.75,0.12,0.25,0.08773879258078521,0.2077387925807852,0.08773879258078521,0.2077387925807852,60.648568911715785,166.33919845655694,265.383544370199,60.648568911715785,265.383544370199,False,,0.30267991586308196,0.7037100000000001,1.0,0.18183644714100639,0.7834,0.02021010764408862,0.7037100000000001,valid,,,forward_roic_cap_hit,,False,ok,False,,"Leidos Holdings, Inc.",Technology,Information Technology Services,general_dcf,16061486650.0,0.7834,0.14147188645366313,1.803534724862237,0.07054779117388069,0.07092409527978244,0.08168230208944804,0.11461857774753317,0.07736031877777316,2.5094869799378783,0.005101428399951986,-0.02730904327254713,,8.0,2025.0,ttm,2026-08-04,2026-09-18,True,,,,0.08773879258078521,0.09091822357050319,0.125,0.2077387925807852,-0.1935167377305636
32,MKC,48.72,0.11107123037509162,0.13049473513383425,-0.04060915781883519,0.22390460905153312,0.75,0.12,0.0,0.04060915781883519,0.16060915781883517,0.04060915781883519,0.16060915781883517,27.863536771765528,60.52836360494206,89.2916002956281,27.863536771765528,89.2916002956281,False,,0.2423719951753296,0.8492,1.0,0.13678088343518416,0.7319,0.010494735133834254,0.8492,valid,,,,,False,ok,False,,"McCormick & Company, Incorporated",Consumer Defensive,Packaged Foods,general_dcf,13098447760.0,0.7319,0.07875956249661487,0.32789539622469666,0.07377689959709458,0.00498266289952029,0.1601489888335239,0.15342955400904437,0.03704045899573383,3.3107690094237823,0.007049689902880854,-0.0012351791227026565,elevated_leverage,8.0,2025.0,ttm,2026-06-25,2026-09-18,True,,,,0.04060915781883519,0.06839044171759208,0.0,0.16060915781883517,-0.1516970287431831
33,O,56.66,0.10423759542151695,0.1360851954509752,0.008694795333142213,0.1360851954509752,0.75,0.12,0.0,0.0,0.11130520466685778,0.0,0.11130520466685778,59.16644423578298,107.23364605169857,107.23364605169857,59.16644423578298,107.23364605169857,False,,0.8925811163377793,0.6,0.8,0.08169520005891648,0.5517526113702985,0.016085195450975198,0.48,valid,,,specialist_model_v1,,False,specialist,False,,Realty Income Corporation,Real Estate,REIT - Retail,reit,52835053380.0,,,,,,,,,,,,,,,,,2026-09-18,True,932493000.0,0.712,P/AFFO Gordon proxy; no property-level NOI or maintenance-capex detail,0.0,0.04084760002945824,0.0,0.11130520466685778,-0.10358431085038969
34,AZO,2855.31,0.1027522757429779,0.11853457881115903,-0.020303390342269242,0.1942433356918628,0.25,0.12,0.0,0.020303390342269242,0.14030339034226924,0.020303390342269242,0.14030339034226924,1851.193233659932,3396.4199604211303,4589.6336421521055,1851.193233659932,4589.6336421521055,False,,0.18951005684886413,0.81,1.0,0.11297336301706602,0.98,-0.0014654211888409652,0.81,valid,,,share_change_floor_hit,,False,ok,False,,"AutoZone, Inc.",Consumer Cyclical,Specialty Retail,general_dcf,46614075019.0,0.98,0.2991518828607477,0.1586407035521743,0.07014488981361734,0.22900699304713035,0.19519689421872288,0.1802466316602026,0.07764003168086742,2.902763589288981,0.0057460497597979655,-0.06675336159101442,,8.0,2025.0,ttm,2026-06-12,2026-09-18,True,,,,0.020303390342269242,0.05648668150853301,0.0,0.14030339034226924,-0.14030339034226924
35,BMY,63.06,0.09724168991378977,0.11884893660899251,-0.10380990057019514,0.2550787870073692,0.25,0.12,0.25,0.10380990057019514,0.22380990057019512,0.10380990057019514,0.22380990057019512,28.54706376537059,76.07485904200519,131.5476178828872,28.54706376537059,131.5476178828872,False,,0.20638850367911799,0.5294,1.0,0.19356234378878215,0.9053,-0.0011510633910074841,0.5294,valid,,,,,False,ok,False,,Bristol-Myers Squibb Company,Healthcare,Drug Manufacturers - General,general_dcf,128813292600.0,0.9053,0.21115290149577984,,0.06974758790473198,0.14140531359104785,0.20325958745177736,0.2826559863378535,0.11453047601171651,1.876749224193454,0.011474219317356572,-0.015459895353295616,cyclical_revenue,8.0,2025.0,ttm,2026-07-30,2026-09-18,True,,,,0.10380990057019514,0.09678117189439107,0.125,0.22380990057019512,-0.22380990057019512
36,KDP,30.96,0.09650958929560152,0.12891554243396972,-0.152857588767074,0.28106486108154066,0.75,0.12,0.25,0.152857588767074,0.272857588767074,0.152857588767074,0.272857588767074,8.127619998863654,40.476529957910905,79.16893365486398,8.127619998863654,79.16893365486398,False,,0.30738145858885346,0.528282,1.0,0.23111276492430732,0.5,0.00891554243396972,0.528282,valid,,,base_growth_cap_hit;reinvestment_cap_hit,,False,ok,False,,Keurig Dr Pepper Inc.,Consumer Defensive,Beverages - Non-Alcoholic,general_dcf,42122921222.0,0.5,0.044415010988458244,0.19519455993230328,0.07217229401724581,-0.02775728302878757,0.2147024553505525,0.16819313091090093,0.12146383175230757,8.00608716824933,0.006383948928408573,-0.015162829396900168,elevated_leverage;thin_interest_coverage;cyclical_revenue,8.0,2025.0,ttm,2026-08-10,2026-09-18,True,,,,0.152857588767074,0.11555638246215366,0.125,0.272857588767074,-0.2681476681789716
37,INTU,303.19,0.0906730582850287,0.10185327114595567,-0.00700993673526679,0.1659956275834702,0.25,0.12,0.0,0.00700993673526679,0.12700993673526678,0.00700993673526679,0.12700993673526678,193.50144540085253,308.260733004295,396.88232934599966,193.50144540085253,396.88232934599966,False,,0.016724605047313545,0.8304,1.0,0.09159078215936849,0.9651,-0.018146728854044322,0.8304,valid,,,,,False,ok,False,,Intuit Inc.,Technology,Software - Application,general_dcf,82933683030.0,0.9651,0.24745208286534665,,0.09464260449744205,0.1528094783679046,0.26047758537266213,0.2879988810145468,0.17873023382238618,0.17385732592909015,0.10450852317986299,-0.013128009776834704,heavy_sbc,8.0,2026.0,ttm,2026-09-09,2026-09-18,True,,,,0.00700993673526679,0.04579539107968424,0.0,0.12700993673526678,-0.12700993673526678
38,YUM,137.99,0.09038140984339409,0.11168702215072701,-0.06719637709902597,0.2053479721711483,0.25,0.12,0.0,0.06719637709902597,0.18719637709902598,0.06719637709902597,0.18719637709902598,71.26488459554275,160.33075175754828,235.94296914927128,71.26488459554275,235.94296914927128,False,,0.1619012374632094,0.8367,1.0,0.14117117463508713,0.9664,-0.008312977849272984,0.8367,valid,,,,,False,ok,False,,"Yum! Brands, Inc.",Consumer Cyclical,Restaurants,general_dcf,38032941790.0,0.9664,0.516341876615303,0.5520743240101674,0.0723397168769684,0.44400215973833457,0.32226093622302104,0.30990598486585647,0.05389975012472825,3.947260973120109,0.009140283481255795,-0.012806997138931409,elevated_leverage,8.0,2025.0,ttm,2026-08-05,2026-09-18,True,,,,0.06719637709902597,0.07058558731754357,0.0,0.18719637709902598,-0.18719637709902598
39,HCA,427.71,0.08704155348132192,0.10266535429109355,-0.030651811690768194,0.17348731703386877,0.25,0.12,0.0,0.030651811690768194,0.1506518116907682,0.030651811690768194,0.1506518116907682,232.36602520293727,426.6658876394096,578.7510094882774,232.36602520293727,578.7510094882774,False,,-0.0024411689242486156,0.8111700000000001,1.0,0.10773446436231848,0.9754,-0.017334645708906443,0.8111700000000001,valid,,,share_change_floor_hit,,False,ok,False,,"HCA Healthcare, Inc.",Healthcare,Medical - Care Facilities,general_dcf,92599857420.0,0.9754,0.23184631638352501,0.20581754978431388,0.08689935623962648,0.14494696014389852,0.1487826149175951,0.15475625857228922,0.07131449251891953,3.0331491712707184,0.0,-0.08894084167192495,elevated_leverage,8.0,2025.0,ttm,2026-07-28,2026-09-18,True,,,,0.030651811690768194,0.05386723218115924,0.0,0.1506518116907682,-0.1506518116907682
40,REG,72.95,0.08674344952874863,0.11446163710600787,0.0035888867969708915,0.11446163710600787,0.0,0.12,0.0,0.0,0.1164111132030291,0.0,0.1164111132030291,74.26847628017835,125.41541322581462,125.41541322581462,74.26847628017835,125.41541322581462,False,,0.7191968913751146,0.6,0.8,0.07343637515451848,0.5921798156216691,-0.0055383628939921214,0.48,valid,,,specialist_model_v1,,False,specialist,False,,Regency Centers Corporation,Real Estate,REIT - Retail,reit,13321729307.0,,,,,,,,,,,,,,,,,2026-09-18,True,182614521.0006854,0.807,P/AFFO Gordon proxy; no property-level NOI or maintenance-capex detail,0.0,0.03671818757725924,0.0,0.1164111132030291,-0.1164111132030291
41,IT,185.78,0.08509230293639125,0.10034884125343527,-0.06547376780363262,0.20514529704232706,0.25,0.12,0.0,0.06547376780363262,0.18547376780363262,0.06547376780363262,0.18547376780363262,93.4605234782077,188.9841287813224,278.8826114969416,93.4605234782077,278.8826114969416,False,,0.017246898381539477,0.601344,1.0,0.14726921242297983,0.9097,-0.01965115874656473,0.601344,valid,,,forward_roic_cap_hit;share_change_floor_hit,,False,ok,False,,"Gartner, Inc.",Technology,Information Technology Services,general_dcf,12438323796.0,0.9097,0.6765212236060094,,0.08895267833331934,0.5875685452726901,0.17117715207499506,0.17264192277559326,0.07269833519446389,1.156991275459513,0.02399120490250038,-0.06351231502017507,,8.0,2025.0,ttm,2026-08-04,2026-09-18,True,,,,0.06547376780363262,0.07363460621148991,0.0,0.18547376780363262,-0.18547376780363262
42,FRT,110.91,0.08417683012798266,0.10855539539921821,0.011041134314276002,0.10855539539921821,0.0,0.12,0.0,0.0,0.108958865685724,0.0,0.108958865685724,117.16956879052027,185.67682680441646,185.67682680441646,117.16956879052027,185.67682680441646,False,,0.6741216013381703,0.6,0.8,0.0667571305424711,0.631040344705704,-0.011444604600781783,0.48,valid,,,specialist_model_v1,,False,specialist,False,,Federal Realty Investment Trust,Real Estate,REIT - Retail,reit,9581425839.0,,,,,,,,,,,,,,,,,2026-09-18,True,86389196.9975656,0.919,P/AFFO Gordon proxy; no property-level NOI or maintenance-capex detail,0.0,0.03337856527123555,0.0,0.108958865685724,-0.108958865685724
43,AFL,116.33,0.08336698263846543,0.1008496546921156,-0.026252700963958153,0.15802132213358866,0.25,0.12,0.0,0.026252700963958153,0.14625270096395815,0.026252700963958153,0.14625270096395815,101.84109455129963,188.07530757772935,242.2559808494675,101.84109455129963,242.2559808494675,False,,0.6167395132616638,0.6,0.8,0.1101370115487734,0.5414910434704986,-0.019150345307884398,0.48,valid,,,specialist_model_v1,,False,specialist,False,,Aflac Incorporated,Financial Services,Insurance - Life,insurance,59210225050.0,,,,,,,,,,,,,,,,,2026-09-18,True,508985000.0,0.58,Justified P/B residual-income proxy; no regulatory-capital or reserve-detail model,0.026252700963958153,0.0550685057743867,0.0,0.14625270096395815,-0.14625270096395815
44,CLX,83.1,0.0794038582884241,0.11481034658499994,-0.15588650836143642,0.24388124834513292,0.25,0.12,0.25,0.15588650836143642,0.2758865083614364,0.15588650836143642,0.2758865083614364,28.80143161430766,97.5529597532433,163.48809767588992,28.80143161430766,163.48809767588992,False,,0.17392250003902898,0.7601,1.0,0.20708087835328468,0.9146,-0.005189653415000051,0.7601,valid,,,,,False,ok,False,,The Clorox Company,Consumer Defensive,Household & Personal Products,general_dcf,10048535100.0,0.9146,0.23413402357302607,0.36477327775891955,0.06766926546297823,0.16646475811004785,0.16627615240393642,0.24732142857142858,0.011246102047632878,2.816657936092195,0.010432821091216692,-0.005530567020865851,,8.0,2026.0,ttm,2026-08-07,2026-09-18,True,,,,0.15588650836143642,0.10354043917664234,0.125,0.2758865083614364,-0.2758865083614364
45,PHM,117.26,0.07594970780919542,0.08614200734300542,-0.010868159157689631,0.14238297570846048,0.25,0.12,0.0,0.010868159157689631,0.13086815915768962,0.010868159157689631,0.13086815915768962,73.43027334940668,107.70636413043593,133.82918651198653,73.43027334940668,133.82918651198653,False,,-0.08147395420061465,0.65142,1.0,0.08708296743307506,0.7471,-0.03385799265699457,0.65142,valid,,,share_change_floor_hit,,False,ok,False,,"PulteGroup, Inc.",Consumer Cyclical,Residential Construction,general_dcf,22632446056.0,0.7471,0.13596417075730846,0.06851001784951659,0.1045660377641166,0.03139813299319186,0.17968502312346285,0.14610720398930316,0.0786780957076989,0.1644510582010582,0.0030473144461872353,-0.06369353690428192,incremental_roic_below_wacc,8.0,2025.0,ttm,2026-07-22,2026-09-18,True,,,,0.010868159157689631,0.04354148371653753,0.0,0.13086815915768962,-0.13086815915768962
46,PEP,129.75,0.07594844795385146,0.09088000785559418,-0.041125518555054405,0.16315929465927187,0.25,0.12,0.0,0.041125518555054405,0.16112551855505441,0.041125518555054405,0.16112551855505441,77.18232482525896,139.71716902288367,189.79715210494075,77.18232482525896,189.79715210494075,False,,0.07681825836519196,0.8985,1.0,0.10518740660716315,0.9169,-0.029119992144405818,0.8985,valid,,,,,False,ok,False,,"PepsiCo, Inc.",Consumer Defensive,Beverages - Non-Alcoholic,general_dcf,177238500000.0,0.9169,0.18037599135706778,0.1883050065357062,0.06984205781824941,0.11053393353881837,0.14184361835179532,0.14958102864690828,0.054781936748586224,2.2964443964119745,0.003941036862847563,-0.004344732564134812,,8.0,2025.0,ttm,2026-07-09,2026-09-18,True,,,,0.041125518555054405,0.052593703303581575,0.0,0.16112551855505441,-0.16112551855505441
47,MCK,874.65,0.07400323080910312,0.08869157576118597,-0.050593981440033506,0.16922375315407406,0.25,0.12,0.0,0.050593981440033506,0.17059398144003352,0.050593981440033506,0.17059398144003352,500.575985868705,921.9827495526932,1260.9692325524697,500.575985868705,1260.9692325524697,False,,0.054116217404325484,0.6961950000000001,1.0,0.1190230172970538,0.9592,-0.031308424238814025,0.6961950000000001,valid,,,forward_roic_cap_hit;share_change_floor_hit,,False,ok,False,,McKesson Corporation,Healthcare,Medical - Distribution,general_dcf,102402272700.0,0.9592,2.3305964865431577,4.1175891113896075,0.0727696368150471,2.2578268497281107,0.01369892604062704,0.016190450699907294,0.09457098304352618,0.9236964815599831,0.0,-0.05711465355989731,,8.0,2026.0,ttm,2026-08-05,2026-09-18,True,,,,0.050593981440033506,0.0595115086485269,0.0,0.17059398144003352,-0.17059398144003352
48,REGN,784.85,0.07009582044320273,0.06604974519868852,-0.05150455494003833,0.1997883463154722,0.25,0.12,0.0,0.05150455494003833,0.17150455494003833,0.05150455494003833,0.17150455494003833,454.95279068357297,756.8959818281139,1379.0593906025233,454.95279068357297,1379.0593906025233,False,,-0.03561702003170808,0.360693,1.0,0.14482566062775526,0.78,-0.05395025480131148,0.360693,valid,,,forward_roic_floor_hit;reinvestment_cap_hit,,False,ok,False,,"Regeneron Pharmaceuticals, Inc.",Healthcare,Biotechnology,general_dcf,80856816700.0,0.78,0.13901451192467806,-0.5041851875039128,0.07470408723702483,0.06431042468765323,0.3573214670473511,0.25556335172227335,0.1146107805044887,-1.3354969213328294,0.06920152091254753,-0.020077347838763582,heavy_sbc;cyclical_revenue;incremental_roic_below_wacc,8.0,2025.0,ttm,2026-07-30,2026-09-18,True,,,,0.05150455494003833,0.07241283031387763,0.0,0.17150455494003833,-0.17150455494003833
49,GL,173.42,0.06816205486677904,0.08503411027938634,-0.03705915277343996,0.13963915168178342,0.25,0.12,0.0,0.03705915277343996,0.15705915277343996,0.03705915277343996,0.15705915277343996,143.58108458724976,260.8051353630536,333.3772699180356,143.58108458724976,333.3772699180356,False,,0.5038930651773359,0.6,0.8,0.10634915222761168,0.5505301281256515,-0.03496588972061365,0.48,valid,,,specialist_model_v1,,False,specialist,False,,Globe Life Inc.,Financial Services,Insurance - Life,insurance,13465161215.999998,,,,,,,,,,,,,,,,,2026-09-18,True,77644800.0,0.462,Justified P/B residual-income proxy; no regulatory-capital or reserve-detail model,0.03705915277343996,0.05317457611380584,0.0,0.15705915277343996,-0.15705915277343996
50,GD,353.05,0.059329919638548764,0.07121593820920681,-0.04718070375383829,0.14206850588961972,0.25,0.12,0.0,0.04718070375383829,0.16718070375383828,0.04718070375383829,0.16718070375383828,205.64022101340478,348.5304031426646,470.03348384887386,205.64022101340478,470.03348384887386,False,,-0.01280157727612341,0.8618,1.0,0.098770604821729,0.8541,-0.048784061790793184,0.8618,valid,,,,,False,ok,False,,General Dynamics Corporation,Industrials,Aerospace & Defense,general_dcf,95520148850.0,0.8541,0.14746595477575505,0.2569839233208686,0.07321317527699714,0.07425277949875791,0.10753809667743043,0.10322451285977288,0.054715790973965284,0.7792247122955784,0.0038351915500041914,-0.005263077817807771,,8.0,2025.0,ttm,2026-07-29,2026-09-18,True,,,,0.04718070375383829,0.0493853024108645,0.0,0.16718070375383828,-0.16718070375383828
51,META,665.75,0.05616991967890502,0.06878836412361128,-0.04808292923116821,0.13518587969956575,0.25,0.12,0.0,0.04808292923116821,0.16808292923116822,0.04808292923116821,0.16808292923116822,322.5773697878274,555.9555981650068,734.4287034952362,322.5773697878274,734.4287034952362,False,,-0.16491836550505923,0.7478,1.0,0.09920040446536699,0.9474,-0.05121163587638872,0.7478,valid,,,,,False,ok,False,,"Meta Platforms, Inc.",Communication Services,Internet Content & Information,general_dcf,1695989183978.0,0.9474,0.2542325652622373,0.23494255125411584,0.10862793409748622,0.14560463116475109,0.3882502134788519,0.38084451999579405,0.20075970336662885,0.2011563434741373,0.10164405919409253,-0.017067332158341664,heavy_sbc,8.0,2025.0,ttm,2026-07-30,2026-09-18,True,,,,0.04808292923116821,0.049600202232683493,0.0,0.16808292923116822,-0.16808292923116822
52,CL,87.47,0.054148065108165645,0.0687225972535089,-0.05719379019574259,0.13634085612138735,0.25,0.12,0.0,0.05719379019574259,0.17719379019574258,0.05719379019574259,0.17719379019574258,48.35784771220494,85.29237981125354,112.96579385131894,48.35784771220494,112.96579385131894,False,,-0.024895623513735643,0.92,1.0,0.09916732315856497,0.9792,-0.05127740274649109,0.92,valid,,,,,False,ok,False,,Colgate-Palmolive Company,Consumer Defensive,Household & Personal Products,general_dcf,69992531830.0,0.9792,0.48380789649339206,,0.07243781332011727,0.4113700831732748,0.22055648565468225,0.20650004751496723,0.03947009967583437,1.3005212510024058,0.006270236932723441,-0.013284113789083007,,8.0,2025.0,ttm,2026-07-31,2026-09-18,True,,,,0.05719379019574259,0.049583661579282484,0.0,0.17719379019574258,-0.17719379019574258
53,NVR,6150.47,0.0517138664779168,0.05999878224101852,-0.052740240249204345,0.1395981416788345,0.25,0.12,0.0,0.052740240249204345,0.17274024024920434,0.052740240249204345,0.17274024024920434,3337.073708088885,5387.788762616922,7248.8843614068655,3337.073708088885,7248.8843614068655,False,,-0.12400373262256026,0.67077,1.0,0.10604609096401943,0.9453,-0.06000121775898148,0.67077,valid,,,share_change_floor_hit,,False,ok,False,,"NVR, Inc.",Consumer Cyclical,Residential Construction,general_dcf,16601902165.900248,0.9453,0.35084706145581024,0.15018659962693287,0.09319026163846722,0.257656799817343,0.16300107727747046,0.1490706426194096,0.05334976012067316,-0.1023977608415569,0.007011381627723662,-0.06455125938889084,,8.0,2025.0,ttm,2026-08-05,2026-09-18,True,,,,0.052740240249204345,0.053023045482009715,0.0,0.17274024024920434,-0.17274024024920434
54,HIG,131.89,0.05050191487786984,0.06765111125077317,-0.054831485718187634,0.12153692272812067,0.25,0.12,0.0,0.054831485718187634,0.17483148571818763,0.054831485718187634,0.17483148571818763,99.48511299850047,182.96105269446863,234.03442669452014,99.48511299850047,234.03442669452014,False,,0.3872246015199685,0.6,0.8,0.10618420422315414,0.5437502218826497,-0.05234888874922683,0.48,valid,,,specialist_model_v1,,False,specialist,False,,"The Hartford Insurance Group, Inc.",Financial Services,Insurance - Diversified,insurance,36155113850.0,,,,,,,,,,,,,,,,,2026-09-18,True,274130820.00151646,0.45,Justified P/B residual-income proxy; no regulatory-capital or reserve-detail model,0.054831485718187634,0.05309210211157707,0.0,0.17483148571818763,-0.17483148571818763
55,BRO,65.02,0.047682714568024476,0.06568257129780819,-0.062221432349016226,0.12158714802549775,0.25,0.12,0.0,0.062221432349016226,0.18222143234901622,0.062221432349016226,0.18222143234901622,47.157250980939764,89.368872952299,115.40166799505478,47.157250980939764,115.40166799505478,False,,0.3744828199369272,0.6,0.8,0.10990429018725698,0.5276697514817059,-0.054317428702191806,0.48,valid,,,specialist_model_v1,,False,specialist,False,,"Brown & Brown, Inc.",Financial Services,Insurance - Brokers,insurance,21756365412.0,,,,,,,,,,,,,,,,,2026-09-18,True,334610356.99784684,0.582,Justified P/B residual-income proxy; no regulatory-capital or reserve-detail model,0.062221432349016226,0.05495214509362849,0.0,0.18222143234901622,-0.18222143234901622
56,DG,122.41,0.04680467455764303,0.04547324734157886,-0.05095061438623814,0.14722281793365255,0.25,0.12,0.0,0.05095061438623814,0.17095061438623813,0.05095061438623814,0.17095061438623813,68.03517923042718,105.96751270623014,177.0807813768942,68.03517923042718,177.0807813768942,False,,-0.13432307241050456,0.595107,1.0,0.11123350615994534,0.702,-0.07452675265842114,0.595107,valid,,,forward_roic_floor_hit;reinvestment_cap_hit,,False,ok,False,,Dollar General Corporation,Consumer Defensive,Discount Stores,general_dcf,27002011459.470013,0.702,0.08171107964887321,-0.2711183121925683,0.06620652729453491,0.0155045523543383,0.08277072295880822,0.05591014968193545,0.07576117177707786,3.698855288625634,0.001446310315582163,-0.007108988481510536,elevated_leverage;incremental_roic_below_wacc,8.0,2025.0,ttm,2026-08-27,2026-09-18,True,,,,0.05095061438623814,0.05561675307997267,0.0,0.17095061438623813,-0.17095061438623813
57,CPAY,397.76,0.042615172532896414,0.05479461000941231,-0.0660225545754656,0.12689402468822664,0.25,0.12,0.0,0.0660225545754656,0.1860225545754656,0.0660225545754656,0.1860225545754656,186.19269386922113,339.07194340600654,475.91272426285485,186.19269386922113,475.91272426285485,False,,-0.14754640133244534,0.8139,1.0,0.10204128963184612,0.8353,-0.06520538999058768,0.8139,valid,,,,,False,ok,False,,"Corpay, Inc.",Technology,Software - Infrastructure,general_dcf,25998356901.0,0.8353,0.13862949342327785,,0.08061540271170273,0.05801409071157512,0.43970602965951056,0.4080060121477892,0.09277496065239532,2.994437805741058,0.029367564797265832,-0.04796000676318146,thin_interest_coverage,8.0,2025.0,ttm,2026-08-10,2026-09-18,True,,,,0.0660225545754656,0.05102064481592306,0.0,0.1860225545754656,-0.1860225545754656
58,CINF,169.0,0.041114863987588735,0.07740649558737167,-0.16510997938169858,0.17475644415731018,0.25,0.12,0.25,0.16510997938169858,0.2851099793816986,0.16510997938169858,0.2851099793816986,68.5540401621571,245.34920343625214,378.11672249889546,68.5540401621571,378.11672249889546,False,,0.4517704345340363,0.6,0.8,0.18793321176950437,0.27941415420152016,-0.042593504412628325,0.48,valid,,,specialist_model_v1,,False,specialist,False,,Cincinnati Financial Corporation,Financial Services,Insurance - Property & Casualty,insurance,25937789605.0,,,,,,,,,,,,,,,,,2026-09-18,True,153478045.0,0.545,Justified P/B residual-income proxy; no regulatory-capital or reserve-detail model,0.16510997938169858,0.09396660588475218,0.125,0.2851099793816986,-0.2851099793816986
59,DPZ,294.2,0.040747374460625,0.06467468924529383,-0.11250529199605806,0.14614541134797038,0.25,0.12,0.25,0.11250529199605806,0.23250529199605807,0.11250529199605806,0.23250529199605807,108.69647650181754,256.09244967033834,365.9969989267197,108.69647650181754,365.9969989267197,False,,-0.12952940288804093,0.81342,1.0,0.13492275167201423,0.9859,-0.05532531075470616,0.81342,valid,,,forward_roic_cap_hit,,False,ok,False,,"Domino's Pizza, Inc.",Consumer Cyclical,Restaurants,general_dcf,9732646437.0,0.9859,0.8178818349966508,,0.08208144833296681,0.735800386663684,0.17766900952576264,0.1953608078260636,0.05337097893699405,4.628759453774648,0.009036448222406748,-0.02632140380006387,elevated_leverage;thin_interest_coverage,8.0,2025.0,ttm,2026-07-20,2026-09-18,True,,,,0.11250529199605806,0.06746137583600711,0.125,0.23250529199605807,-0.23250529199605807
60,CDW,146.19,0.04051667755265955,0.05831141249218491,-0.10490998798632059,0.15035387321258897,0.25,0.12,0.25,0.10490998798632059,0.2249099879863206,0.10490998798632059,0.2249099879863206,57.726527679462585,123.931723540696,185.1081009108491,57.726527679462585,185.1081009108491,False,,-0.15225580723239618,0.7952,1.0,0.13377593059945478,0.8442,-0.061688587507815085,0.7952,valid,,,,,False,ok,False,,CDW Corporation,Technology,Information Technology Services,general_dcf,18676211070.0,0.8442,0.1590147540964756,0.3479403851802383,0.08563584688436854,0.07337890721210708,0.0706090264135506,0.07147112389576347,0.04716837528114315,2.7298640549627247,0.003081143118383519,-0.023925529980179383,,8.0,2025.0,ttm,2026-08-05,2026-09-18,True,,,,0.10490998798632059,0.06688796529972739,0.125,0.2249099879863206,-0.2249099879863206
61,INCY,125.31,0.036373863818880664,0.04468596533406529,-0.09320288256858472,0.14932640717597678,0.25,0.12,0.25,0.09320288256858472,0.21320288256858472,0.09320288256858472,0.21320288256858472,59.29093519473898,107.75000893148909,160.7355287051018,59.29093519473898,160.7355287051018,False,,-0.14013240019560214,0.67059,1.0,0.13114694487228076,0.813,-0.0753140346659347,0.67059,valid,,,forward_roic_cap_hit,,False,ok,False,,Incyte Corporation,Healthcare,Biotechnology,general_dcf,25400054551.0,0.813,0.7689896544560232,3.085292852414928,0.08854242038436205,0.6804472340716612,0.17580748591964146,0.3157179359845211,0.15439286151799103,-2.323539364532063,0.05841707369936918,-0.02400144908433799,heavy_sbc;peak_cycle_margins,8.0,2025.0,ttm,2026-07-28,2026-09-18,True,,,,0.09320288256858472,0.06557347243614038,0.125,0.21320288256858472,-0.21320288256858472
62,CPRT,29.28,0.035212975461035995,0.03984972529578957,-0.023057968611828954,0.08421041986439379,0.0,0.12,0.0,0.023057968611828954,0.14305796861182896,0.023057968611828954,0.14305796861182896,17.902006265128875,23.167294199896762,27.736172253532764,17.902006265128875,27.736172253532764,False,,-0.20876727459368982,0.8246,0.95,0.06039619423811138,0.9825,-0.08015027470421043,0.78337,valid,,,,,False,ok,False,,"Copart, Inc.",Industrials,Specialty Business Services,general_dcf,27107760193.0,0.9825,0.2867798498353228,0.1694408378939301,0.10145860359325862,0.18532124624206417,0.3705266255577967,0.35416116166249734,0.12531457040771987,-2.3275011422189507,0.00831613687897748,-0.003386350674600802,,8.0,2026.0,ttm,2026-09-10,2026-09-18,True,,,,0.023057968611828954,0.03019809711905569,0.0,0.14305796861182896,-0.14305796861182896
63,UNH,376.9,0.034159342162820426,0.028191486622381523,-0.011129733854613704,0.09138412926113236,0.0,0.12,0.0,0.011129733854613704,0.1311297338546137,0.011129733854613704,0.1311297338546137,252.23327861780714,292.74759348849227,401.37137185288384,252.23327861780714,401.37137185288384,False,,-0.22327515657072883,0.672057,0.85,0.06559522155787303,0.7751,-0.09180851337761847,0.57124845,valid,,,forward_roic_floor_hit;reinvestment_cap_hit,,False,ok,False,,UnitedHealth Group Incorporated,Healthcare,Medical - Healthcare Plans,general_dcf,342279625868.0,0.7751,0.12168878089985138,-0.07804786860320123,0.07592070608107702,0.04576807481877436,0.08231835080659637,0.0481550844313519,0.10236402697783231,1.6124186279419128,0.0025432324534448558,-0.015683275784179607,incremental_roic_below_wacc,8.0,2025.0,ttm,2026-08-10,2026-09-18,True,,,,0.011129733854613704,0.03279761077893652,0.0,0.1311297338546137,-0.1311297338546137
64,DRI,209.28,0.02912524587372902,0.05130293663532941,-0.1640084068349097,0.17790351705916696,0.25,0.12,0.25,0.1640084068349097,0.2840084068349097,0.1640084068349097,0.2840084068349097,65.89896666606577,184.8288492269454,319.97684783922926,65.89896666606577,319.97684783922926,False,,-0.11683462716482507,0.6265,1.0,0.18216096194703832,0.8182,-0.06869706336467059,0.6265,valid,,,,,False,ok,False,,"Darden Restaurants, Inc.",Consumer Cyclical,Restaurants,general_dcf,23969885427.879993,0.8182,0.17276114672245155,0.2681590505748327,0.0750715030310424,0.09768964369140914,0.11369714016231727,0.11981015676448993,0.06483717505613917,2.7212556555809506,0.006014047410008779,-0.021336182737631826,,8.0,2026.0,ttm,2026-07-24,2026-09-18,True,,,,0.1640084068349097,0.09108048097351916,0.125,0.2840084068349097,-0.2840084068349097
65,ULTA,540.98,0.028494831096031726,0.03752145355101678,-0.09624248792388243,0.13517890520597578,0.25,0.12,0.25,0.09624248792388243,0.21624248792388243,0.09624248792388243,0.21624248792388243,231.28911310683787,427.39885720522216,638.5015187587859,231.28911310683787,638.5015187587859,False,,-0.20995442122588237,0.5637599999999999,1.0,0.1287978965649291,0.9296,-0.08247854644898323,0.5637599999999999,valid,,,share_change_floor_hit,,False,ok,False,,"Ulta Beauty, Inc.",Consumer Cyclical,Specialty Retail,general_dcf,23256357465.0,0.9296,0.24996444950013744,0.14727490186479877,0.08856373825649423,0.1614007112436432,0.13493027782983869,0.1256354339236327,0.09144740440932342,1.1417279841403885,0.003787917016580005,-0.05607722820770178,cyclical_revenue,8.0,2025.0,ttm,2026-08-27,2026-09-18,True,,,,0.09624248792388243,0.06439894828246455,0.125,0.21624248792388243,-0.21624248792388243
66,SNA,372.15,0.028459363772708492,0.03612030088843317,-0.05184962342900687,0.0934464767429745,0.0,0.12,0.0,0.05184962342900687,0.17184962342900686,0.05184962342900687,0.17184962342900686,208.24717747936245,305.14280334727243,388.5783587682341,208.24717747936245,388.5783587682341,False,,-0.18005427019408182,0.8202,0.7,0.08704205008599068,0.9077,-0.08387969911156683,0.57414,valid,,,,,False,ok,False,,Snap-on Incorporated,Industrials,Manufacturing - Tools & Accessories,general_dcf,19250249197.0,0.9077,0.1826697670219214,0.16516481002067349,0.08342854100218933,0.09924122601973207,0.2560587847667042,0.2575008242664029,0.046911038224504376,-0.20915720095358295,0.005598621877691645,-0.007435219273921656,,8.0,2025.0,annual,2026-02-12,2026-09-18,True,,,,0.05184962342900687,0.04352102504299534,0.0,0.17184962342900686,-0.17184962342900686
67,COR,308.78,0.026371548350289254,0.04112121253710941,-0.08888047642976743,0.11212424475670563,0.0,0.12,0.25,0.08888047642976743,0.20888047642976743,0.08888047642976743,0.20888047642976743,143.72582004011502,264.07524377632626,354.5667397138766,143.72582004011502,354.5667397138766,False,,-0.14477866514564974,0.9138,1.0,0.10308836059323653,0.973,-0.07887878746289059,0.9138,valid,,,,,False,ok,False,,"Cencora, Inc.",Healthcare,Medical - Distribution,general_dcf,60076564107.0,0.973,0.2767981215871712,0.5179923594370694,0.07404818355814283,0.20274993802902838,0.010527337797762354,0.013030410676343045,0.097128283927292,1.6490599953534308,0.0004753495006402461,-0.02802754545195918,,8.0,2025.0,ttm,2026-08-05,2026-09-18,True,,,,0.08888047642976743,0.05154418029661827,0.125,0.20888047642976743,-0.20888047642976743
68,HRL,20.83,0.02483446606202054,0.02228142321109774,-0.044012858020141696,0.09878787584602838,0.0,0.12,0.0,0.044012858020141696,0.1640128580201417,0.044012858020141696,0.1640128580201417,12.27457932941922,16.176040316732493,23.594310153855425,12.27457932941922,23.594310153855425,False,,-0.22342581292690855,0.601344,1.0,0.08336004693308505,0.6897,-0.09771857678890225,0.601344,valid,,,forward_roic_floor_hit;reinvestment_cap_hit,,False,ok,False,,Hormel Foods Corporation,Consumer Defensive,Packaged Foods,general_dcf,11463061450.0,0.6897,0.046408627682061714,-0.8173585816308039,0.07044394603686255,-0.024035318354800835,0.1019744015582596,0.047245427253068704,0.0345289804796276,2.3494065808270497,0.001988189935433579,0.0009138258127456833,incremental_roic_below_wacc,8.0,2025.0,ttm,2026-08-27,2026-09-18,True,,,,0.044012858020141696,0.04168002346654252,0.0,0.1640128580201417,-0.1640128580201417
69,KMB,97.86,0.02202723224181685,0.03779210282955321,-0.1070701122283935,0.11959483553655446,0.0,0.12,0.25,0.1070701122283935,0.2270701122283935,0.1070701122283935,0.2270701122283935,42.296333136808116,83.49822453009872,118.57903922038226,42.296333136808116,118.57903922038226,False,,-0.14675838411916287,0.8332,1.0,0.11833647388247397,0.9589,-0.08220789717044678,0.8332,valid,,,,,False,ok,False,,Kimberly-Clark Corporation,Consumer Defensive,Household & Personal Products,general_dcf,32483648400.0,0.9589,0.2211245952274063,,0.07112523207513573,0.14999936315227058,0.13873102540272614,0.12381527316631452,-0.010116269221897567,2.003242074927954,0.008131970260223048,-0.004951066355880496,,8.0,2025.0,ttm,2026-08-04,2026-09-18,True,,,,0.1070701122283935,0.05916823694123698,0.125,0.2270701122283935,-0.2270701122283935
70,JKHY,154.85,0.020075299224117778,0.031105168431531664,-0.06486268232692965,0.08295354236033745,0.0,0.12,0.0,0.06486268232692965,0.18486268232692965,0.06486268232692965,0.18486268232692965,81.77122890813679,126.41074305321752,157.88575539184728,81.77122890813679,157.88575539184728,False,,-0.18365680947227947,0.944,1.0,0.07558811234363355,0.9886,-0.08889483156846834,0.944,valid,,,,,False,ok,False,,"Jack Henry & Associates, Inc.",Technology,Information Technology Services,general_dcf,11002216380.0,0.9886,0.23514753696874857,0.4890098975313745,0.07819915397911648,0.1569483829896321,0.22906459806807788,0.2490582869368027,0.07018588295632311,0.033100807975276265,0.013003161458725578,-0.004825148960993508,,8.0,2026.0,ttm,2026-08-28,2026-09-18,True,,,,0.06486268232692965,0.037794056171816776,0.0,0.18486268232692965,-0.18486268232692965
71,SWK,89.58,0.018977833601820766,0.04313255493761975,-0.14368092504446395,0.13332714957650751,0.25,0.12,0.25,0.14368092504446395,0.26368092504446394,0.14368092504446395,0.26368092504446394,29.20283096988553,68.76221138069799,99.8193035144315,29.20283096988553,99.8193035144315,False,,-0.23239326433692797,0.6649,1.0,0.14855703731048572,0.6511,-0.07686744506238025,0.6649,valid,,,,,False,ok,False,,"Stanley Black & Decker, Inc.",Industrials,Manufacturing - Tools & Accessories,general_dcf,13528102860.0,0.6511,0.08719322173373056,,0.10155304640617344,-0.014359824672442872,0.11132867047083822,0.08338962597637677,0.011336139540656154,2.3563185880755744,0.0054724263733939614,-0.008945795663361622,thin_interest_coverage,8.0,2025.0,ttm,2026-07-29,2026-09-18,True,,,,0.14368092504446395,0.07427851865524286,0.125,0.26368092504446394,-0.26368092504446394
72,BRK-B,509.77,0.018726888203458608,0.05623987858481705,-0.19101116539820662,0.15343896104240695,0.25,0.12,0.25,0.19101116539820662,0.3110111653982066,0.19101116539820662,0.3110111653982066,176.6391279331805,670.1732290558368,1040.752250273192,176.6391279331805,1040.752250273192,False,,0.3146580400098806,0.6,0.8,0.19022506322030677,0.2635723426046663,-0.06376012141518295,0.48,valid,,,specialist_model_v1,,False,specialist,False,,Berkshire Hathaway Inc.,Financial Services,Insurance - Diversified,insurance,1099499257123.0,,,,,,,,,,,,,,,,,2026-09-18,True,2156853594.999706,0.61,Justified P/B residual-income proxy; no regulatory-capital or reserve-detail model,0.19101116539820662,0.09511253161015339,0.125,0.3110111653982066,-0.3110111653982066
73,KIM,22.53,0.015328724494152651,0.008991789773681758,-0.04796886045451665,0.09130017888376374,0.0,0.12,0.0,0.04796886045451665,0.16796886045451664,0.04796886045451665,0.16796886045451664,17.620448581670082,23.561305669785384,34.87243903366808,17.620448581670082,34.87243903366808,False,,0.04577477451333256,0.6,0.8,0.08763451966914018,0.7478553535454635,-0.11100821022631824,0.48,valid,,,specialist_model_v1,,False,specialist,False,,Kimco Realty Corporation,Real Estate,REIT - Retail,reit,15194006700.0,,,,,,,,,,,,,,,,,2026-09-18,True,674390000.0,0.956,P/AFFO Gordon proxy; no property-level NOI or maintenance-capex detail,0.04796886045451665,0.04381725983457009,0.0,0.16796886045451664,-0.16796886045451664
74,GEHC,64.13,0.015255620007519639,0.02564851909410211,-0.07992334271548313,0.08964878455735746,0.0,0.12,0.25,0.07992334271548313,0.19992334271548312,0.07992334271548313,0.19992334271548312,29.772187653870017,48.206324759420184,64.60458354306905,29.772187653870017,64.60458354306905,False,,-0.24830306004334657,0.8671,0.95,0.0902730636364203,0.6498,-0.09435148090589789,0.823745,valid,,,,,False,ok,False,,GE HealthCare Technologies Inc.,Healthcare,Medical - Devices,general_dcf,28966639341.0,0.6498,0.1055053894121165,,0.08072433705354928,0.024781052358567215,0.13391515151515151,0.1270068665711604,0.036502995670744776,2.634564643799472,0.006303030303030303,5.423569159290764e-05,,7.0,2025.0,ttm,2026-07-29,2026-09-18,True,,,,0.07992334271548313,0.04513653181821015,0.125,0.19992334271548312,-0.19992334271548312
75,HPQ,34.4,0.014655332334223233,-0.001809207512997063,-0.001809207512997063,0.05630094419466335,0.0,0.12,0.0,0.001809207512997063,0.12180920751299706,0.001809207512997063,0.12180920751299706,19.620235595209913,19.620235595209913,27.03124692486773,22.808208772519976,27.03124692486773,True,"growth destroys value: forward ROIC 2.0% at/below WACC 9.8%, so higher-growth scenarios reinvest below the cost of capital and are worth less than the bear case",-0.42964431409273507,0.671733,1.0,0.038903085853830205,0.9686,-0.12180920751299706,0.671733,valid,,,forward_roic_floor_hit;reinvestment_cap_hit,,False,ok,False,,HP Inc.,Technology,Computer Hardware,general_dcf,31459591200.0,0.9686,0.4944225074037512,-0.3893044128646223,0.09754701730042997,0.39687549010332124,0.06576206509215812,0.056438254284845,-0.007949026438381246,1.445303349730616,0.008439291248903079,-0.04068004510888701,incremental_roic_below_wacc,8.0,2025.0,ttm,2026-08-27,2026-09-18,True,,,,0.001809207512997063,0.019451542926915102,0.0,0.12180920751299706,-0.12180920751299706
76,SYY,79.05,0.014406023325864256,0.037658075650688294,-0.173140850441996,0.15544879244407644,0.25,0.12,0.25,0.173140850441996,0.293140850441996,0.173140850441996,0.293140850441996,23.15567144179347,65.23941105252119,110.73121776100645,23.15567144179347,110.73121776100645,False,,-0.1747070075582392,0.6615,1.0,0.17444982144303622,0.814,-0.0823419243493117,0.6615,valid,,,,,False,ok,False,,Sysco Corporation,Consumer Defensive,Food Distribution,general_dcf,37800366150.0,0.814,0.1510280152815579,0.14692294252732546,0.0726263062880878,0.0784017089934701,0.037277182255506566,0.03660426004990953,0.04994089349208797,3.150334608030593,0.0013190604231139973,-0.019409425343016373,elevated_leverage;thin_interest_coverage,8.0,2026.0,ttm,2026-08-21,2026-09-18,True,,,,0.173140850441996,0.08722491072151811,0.125,0.293140850441996,-0.293140850441996
77,PPG,104.52,0.014059438614640422,0.03203863109229135,-0.14412154541350897,0.13628203768748795,0.25,0.12,0.25,0.14412154541350897,0.26412154541350896,0.14412154541350897,0.26412154541350896,33.56688735454436,78.19552719699877,121.05152933300579,33.56688735454436,121.05152933300579,False,,-0.2518606276597898,0.7552,1.0,0.14754579155049843,0.751,-0.08796136890770864,0.7552,valid,,,,,False,ok,False,,"PPG Industries, Inc.",Basic Materials,Chemicals - Specialty,general_dcf,23234796314.0,0.751,0.11027170890768577,0.39650198918486124,0.09034069612254629,0.01993101278513948,0.12688760969798327,0.1247792460873272,0.004591619879200204,2.266228748068006,0.0028976377952755904,-0.01918872022395801,,8.0,2025.0,ttm,2026-07-29,2026-09-18,True,,,,0.14412154541350897,0.07377289577524922,0.125,0.26412154541350896,-0.26412154541350896
78,RMD,224.99,0.01100005986663748,0.020079628613893903,-0.07199981693993321,0.07584079917869532,0.0,0.12,0.0,0.07199981693993321,0.1919998169399332,0.07199981693993321,0.1919998169399332,111.00818978558843,169.02903679289028,214.5709477041074,111.00818978558843,214.5709477041074,False,,-0.24872644654033393,0.8899,0.7,0.08622330805931426,0.9648,-0.0999203713861061,0.62293,valid,,,,,False,ok,False,,ResMed Inc.,Healthcare,Medical - Instruments & Supplies,general_dcf,32636235836.0,0.9648,0.2577929435702289,0.37277116338814886,0.08751857488533728,0.17027436868489165,0.280632662862087,0.3347782935106978,0.11695263244741794,-0.3010643943612932,0.01781095526965154,-0.005635670692350492,,8.0,2026.0,annual,2026-08-13,2026-09-18,True,,,,0.07199981693993321,0.04311165402965713,0.0,0.1919998169399332,-0.1919998169399332
79,BF-B,25.94,0.008092290122294826,0.018990445462986852,-0.03970612194389102,0.034094391507096616,0.0,0.12,0.0,0.03970612194389102,0.159706121943891,0.03970612194389102,0.159706121943891,15.776225412760281,20.38334414847492,21.172432088140006,15.776225412760281,21.172432088140006,False,,-0.21421186783057367,0.680481,1.0,0.04648582672549382,0.8492,-0.10100955453701314,0.680481,valid,,,forward_roic_floor_hit;reinvestment_cap_hit,,False,ok,False,,Brown-Forman Corporation,Consumer Defensive,Beverages - Wineries & Distilleries,general_dcf,12096915579.0,0.8492,0.14714816867154762,-0.044201954155991735,0.0712633865004214,0.07588478217112622,0.2998562717978978,0.28607918263090676,0.024138370352259964,1.7642209398186315,0.007044025157232704,-0.014965924395725527,weak_cash_conversion;incremental_roic_below_wacc,8.0,2026.0,ttm,2026-09-02,2026-09-18,True,,,,0.03970612194389102,0.02324291336274691,0.0,0.159706121943891,-0.159706121943891
80,VRTX,508.34,0.007575883367098898,0.017299014110176383,-0.1238284425460733,0.11953394779411612,0.0,0.12,0.25,0.1238284425460733,0.24382844254607328,0.1238284425460733,0.24382844254607328,198.50818842470665,393.6538408055841,619.3911915125337,198.50818842470665,619.3911915125337,False,,-0.22560915763940648,0.6178,1.0,0.1331471951700947,0.8782,-0.10270098588982361,0.6178,valid,,,,,False,ok,False,,Vertex Pharmaceuticals Incorporated,Healthcare,Biotechnology,general_dcf,129019233700.0,0.8782,0.28728024082636705,0.13529162365860806,0.07479917744044186,0.2124810633859252,0.37779085295187886,0.3859223877759559,0.2173528009112493,-1.1532557272138355,0.05889028492684311,-0.004393389129279002,heavy_sbc,8.0,2025.0,ttm,2026-08-04,2026-09-18,True,,,,0.1238284425460733,0.06657359758504736,0.125,0.24382844254607328,-0.24382844254607328
81,WRB,69.99,0.006843975477033998,0.021268763540416735,-0.08040754554293639,0.06524592037023891,0.0,0.12,0.25,0.08040754554293639,0.20040754554293638,0.08040754554293639,0.20040754554293638,46.02703392307766,77.75641653044346,96.00312979405759,46.02703392307766,96.00312979405759,False,,0.11096465967200264,0.6,0.8,0.09082673295658764,0.591938723218514,-0.09873123645958326,0.48,valid,,,specialist_model_v1,,False,specialist,False,,W. R. Berkley Corporation,Financial Services,Insurance - Property & Casualty,insurance,26055667230.0,,,,,,,,,,,,,,,,,2026-09-18,True,372277000.0,0.283,Justified P/B residual-income proxy; no regulatory-capital or reserve-detail model,0.08040754554293639,0.04541336647829382,0.125,0.20040754554293638,-0.20040754554293638
82,OTIS,68.52,0.0058299898431869515,0.024963620724156522,-0.12453191266395149,0.09792463058838624,0.0,0.12,0.25,0.12453191266395149,0.24453191266395147,0.12453191266395149,0.24453191266395147,24.664821005983157,50.752344578656555,70.37946942252469,24.664821005983157,70.37946942252469,False,,-0.2593061211521226,0.8050499999999999,1.0,0.11707677162616886,0.9848,-0.09503637927584348,0.8050499999999999,valid,,,forward_roic_cap_hit,,False,ok,False,,Otis Worldwide Corporation,Industrials,Industrial - Machinery,general_dcf,26083463108.0,0.9848,0.7258816088734021,,0.0820287247382245,0.6438528841351776,0.1447580284207614,0.15351083093018578,0.015981973389793902,3.264120276310443,0.0,-0.029715895277589777,elevated_leverage,8.0,2025.0,ttm,2026-07-23,2026-09-18,True,,,,0.12453191266395149,0.05853838581308443,0.125,0.24453191266395147,-0.24453191266395147
83,UAL,108.71,0.005646297198836719,0.16584732696646826,-0.95,0.6408905348624103,0.75,0.12,0.25,0.95,1.0699999999999998,0.95,1.0699999999999998,-56.12666522150103,141.4610943436726,740.6470284368263,-56.12666522150103,740.6470284368263,False,,0.30127030028215085,0.4125,1.0,0.8130702674312051,0.4822,0.04584732696646826,0.4125,valid,,,,,False,ok,True,bear,"United Airlines Holdings, Inc.",Industrials,"Airlines, Airports & Air Services",general_dcf,35283975131.0,0.4822,0.11139724115697172,0.5465351348676303,0.09209602876783232,0.0193012123891394,0.07828532791915829,0.0774856125401418,0.05244136817293299,2.1640406607369758,0.0,-0.003546847796669028,thin_interest_coverage;cyclical_revenue,8.0,2025.0,ttm,2026-07-16,2026-09-18,True,,,,0.95,0.40653513371560257,0.125,1.0699999999999998,-1.0510879776263318
84,AOS,56.95,0.005008287186501571,0.011549564311280874,-0.07993482685415072,0.07686884697759526,0.0,0.12,0.25,0.07993482685415072,0.1999348268541507,0.07993482685415072,0.1999348268541507,25.742666305220272,38.91610176478766,50.188520525245686,25.742666305220272,50.188520525245686,False,,-0.31666195320829393,0.8128,1.0,0.08401783691587299,0.924,-0.10845043568871912,0.8128,valid,,,,,False,ok,False,,A. O. Smith Corporation,Industrials,Industrial - Machinery,general_dcf,7892517177.999999,0.924,0.22252654430285335,0.2108640304651065,0.1032396574999948,0.11928688680285855,0.17426573959201086,0.17574706299771348,0.026568913605153677,0.6509000131388779,0.0036029450159260614,-0.038406661410573695,,8.0,2025.0,ttm,2026-07-30,2026-09-18,True,,,,0.07993482685415072,0.042008918457936494,0.125,0.1999348268541507,-0.1999348268541507
85,MTB,227.31,0.004950686490713507,0.022849572875344393,-0.09800851056087434,0.07211211077303958,0.0,0.12,0.25,0.09800851056087434,0.21800851056087434,0.09800851056087434,0.21800851056087434,135.71590319310067,254.49390326316765,321.97307216747635,135.71590319310067,321.97307216747635,False,,0.11958956166982371,0.6,0.8,0.10306031066695695,0.5332776206145861,-0.0971504271246556,0.48,valid,,,specialist_model_v1,,False,specialist,False,,M&T Bank Corporation,Financial Services,Banks - Regional,bank,32944720230.0,,,,,,,,,,,,,,,,,2026-09-18,True,144933000.0,0.563,Justified P/B residual-income proxy; no regulatory-capital or reserve-detail model,0.09800851056087434,0.051530155333478475,0.125,0.21800851056087434,-0.21800851056087434
86,PAYX,116.14,0.004572857088351184,0.012936598592204999,-0.07071569311083292,0.06313392427982766,0.0,0.12,0.0,0.07071569311083292,0.19071569311083292,0.07071569311083292,0.19071569311083292,54.58776065828315,82.11005582360258,103.26335358864955,54.58776065828315,103.26335358864955,False,,-0.293007957434109,0.893,1.0,0.0701348086953303,0.9848,-0.107063401407795,0.893,valid,,,,,False,ok,False,,"Paychex, Inc.",Industrials,Staffing & Employment Services,general_dcf,41309007360.0,0.9848,0.26609775216569775,0.11491149872492346,0.08637755582598415,0.1797201963397136,0.39087679209438503,0.3855190417690418,0.08110856046543469,1.1692797399343062,0.014757371007371007,-0.003786515759150011,,8.0,2026.0,ttm,2026-07-17,2026-09-18,True,,,,0.07071569311083292,0.03506740434766515,0.0,0.19071569311083292,-0.19071569311083292
87,ORLY,84.71,0.0043239879218163295,0.016819326463155468,-0.09784322291379789,0.08150052167475227,0.0,0.12,0.25,0.09784322291379789,0.21784322291379787,0.09784322291379789,0.21784322291379787,37.27584096760881,65.5083145245073,86.42608873313443,37.27584096760881,86.42608873313443,False,,-0.2266755456910955,0.9167,1.0,0.09217087229427509,0.9852,-0.10318067353684453,0.9167,valid,,,,,False,ok,False,,"O'Reilly Automotive, Inc.",Consumer Cyclical,Specialty Retail,general_dcf,70200447650.0,0.9852,0.3780374789056834,0.19740063058460058,0.07283373191760481,0.3052037469880786,0.19813277759802017,0.19555891104307527,0.09309116056016165,2.2364087579477303,0.0017398535945232336,-0.036963905694126664,,8.0,2025.0,ttm,2026-08-07,2026-09-18,True,,,,0.09784322291379789,0.046085436147137546,0.125,0.21784322291379787,-0.21784322291379787
88,MCD,248.24,-0.0003214214222680041,0.01675500154960903,-0.13276381469331677,0.0979681259050267,0.0,0.12,0.25,0.13276381469331677,0.25276381469331677,0.13276381469331677,0.25276381469331677,92.54330929348748,190.11452592707752,276.1072351743202,92.54330929348748,276.1072351743202,False,,-0.2341503145058108,0.8189,1.0,0.12079897029917173,0.9319,-0.10324499845039097,0.8189,valid,,,,,False,ok,False,,McDonald's Corporation,Consumer Cyclical,Restaurants,general_dcf,176376009440.0,0.9319,0.18961775705941464,0.13139506502445034,0.06946819508748933,0.1201495619719253,0.43523389640373805,0.4583814611608432,0.03411765915312581,3.5930504510524557,0.006635802469135803,-0.012660165475957386,elevated_leverage,8.0,2025.0,ttm,2026-08-07,2026-09-18,True,,,,0.13276381469331677,0.06039948514958587,0.125,0.25276381469331677,-0.25276381469331677
89,PG,146.39,-0.000577662597061105,0.01107748550712134,-0.11371544135035942,0.08924981994787233,0.0,0.12,0.25,0.11371544135035942,0.23371544135035943,0.11371544135035942,0.23371544135035943,61.583322604904176,110.86790817882898,155.937987332232,61.583322604904176,155.937987332232,False,,-0.2426538139297152,0.8364,1.0,0.10639063064911587,0.894,-0.10892251449287865,0.8364,valid,,,,,False,ok,False,,The Procter & Gamble Company,Consumer Defensive,Household & Personal Products,general_dcf,347999616287.53503,0.894,0.19913089818715438,0.20048355018762667,0.07299841888432686,0.1261324793028275,0.22175520007394978,0.22690504641970768,0.03657085188392206,1.0949886502531867,0.006020773968195606,-0.008308571708339096,,8.0,2026.0,ttm,2026-08-04,2026-09-18,True,,,,0.11371544135035942,0.053195315324557936,0.125,0.23371544135035943,-0.23371544135035943
90,BIIB,215.5,-0.0007265240703418115,0.005969768363866051,-0.10381942993262779,0.08897379692352844,0.0,0.12,0.25,0.10381942993262779,0.22381942993262777,0.10381942993262779,0.22381942993262777,96.5193065819418,156.53272959185253,232.91987458757262,96.5193065819418,232.91987458757262,False,,-0.2736300250958119,0.544077,0.7,0.11907430342807812,0.644,-0.11403023163613395,0.3808539,valid,,,forward_roic_floor_hit;reinvestment_cap_hit,,False,ok,False,,Biogen Inc.,Healthcare,Drug Manufacturers - General,general_dcf,31840986569.0,0.644,0.07426099117084277,-0.11553738708399777,0.07151305695835382,0.0027479342124889505,0.2706785477390644,0.19137463559823048,-0.04410238223859042,1.1787085120794762,0.029641408272684647,0.0015956261390392967,incremental_roic_below_wacc,8.0,2025.0,annual,2026-02-06,2026-09-18,True,,,,0.10381942993262779,0.05953715171403906,0.125,0.22381942993262777,-0.22381942993262777
91,LMT,533.38,-0.0012885513539003784,-0.00024148701777446075,-0.05603780719466156,0.05136657581460897,0.0,0.12,0.0,0.05603780719466156,0.17603780719466156,0.05603780719466156,0.17603780719466156,270.007432313786,364.16798059469926,476.13222162314975,270.007432313786,476.13222162314975,False,,-0.3172447774669105,0.7047,1.0,0.06256119150463527,0.9652,-0.12024148701777446,0.7047,valid,,,forward_roic_floor_hit;reinvestment_cap_hit,,False,ok,False,,Lockheed Martin Corporation,Industrials,Aerospace & Defense,general_dcf,123099303580.0,0.9652,0.30714651909252777,-0.22619799174616526,0.07233165596045217,0.2348148631320756,0.129345407397142,0.11883463381067992,0.04882312670059519,1.544641210108836,0.003921800772520756,-0.04412001399874721,incremental_roic_below_wacc,8.0,2025.0,ttm,2026-07-23,2026-09-18,True,,,,0.05603780719466156,0.03128059575231763,0.0,0.17603780719466156,-0.17603780719466156
92,NKE,35.51,-0.0036118654446908906,-0.010193245531991097,-0.043875569675583356,0.049814598960801995,0.0,0.12,0.0,0.043875569675583356,0.16387556967558337,0.043875569675583356,0.16387556967558337,19.55742605013099,21.006903769855725,28.04133977610544,19.55742605013099,28.04133977610544,False,,-0.4084228732791967,0.588465,1.0,0.05919113431819267,0.8375,-0.1301932455319911,0.588465,valid,,,forward_roic_floor_hit;reinvestment_cap_hit,,False,ok,False,,"NIKE, Inc.",Consumer Cyclical,Apparel - Footwear & Accessories,general_dcf,52548096600.0,0.8375,0.1903205635142238,-1.2394377554731943,0.09682090915806213,0.09349965435616167,0.11874099658327855,0.0819000819000819,0.024685360359247177,0.44078224566029445,0.015410146989094358,-0.01880382435635297,incremental_roic_below_wacc,8.0,2026.0,ttm,2026-07-15,2026-09-18,True,,,,0.043875569675583356,0.029595567159096337,0.0,0.16387556967558337,-0.16387556967558337
93,TSCO,32.21,-0.004651491652475644,0.0018153803423047342,-0.07784757846966384,0.0556108511751518,0.0,0.12,0.25,0.07784757846966384,0.19784757846966383,0.07784757846966384,0.19784757846966383,15.876459915132454,22.50731811673828,29.382643393651655,15.876459915132454,29.382643393651655,False,,-0.30123197402240676,0.72594,1.0,0.07495101482240782,0.8236,-0.11818461965769526,0.72594,valid,,,reinvestment_cap_hit,,False,ok,False,,Tractor Supply Company,Consumer Cyclical,Specialty Retail,general_dcf,16892534500.0,0.8236,0.1221185396772932,0.03805267903443068,0.06827478377136317,0.05384375590593003,0.096563335188451,0.08912180226624489,0.1010940863197809,3.300231991663538,0.0036757814296607986,-0.021955913912675262,elevated_leverage;incremental_roic_below_wacc,8.0,2025.0,ttm,2026-08-06,2026-09-18,True,,,,0.07784757846966384,0.03747550741120391,0.125,0.19784757846966383,-0.19784757846966383
94,BR,163.13,-0.007917209704464735,0.006645379314431947,-0.1232086287462152,0.07824903129949237,0.0,0.12,0.25,0.1232086287462152,0.24320862874621518,0.1232086287462152,0.24320862874621518,59.55806706123219,111.38621433064837,152.05961595829265,59.55806706123219,152.05961595829265,False,,-0.31719356138877963,0.79281,1.0,0.1069445300228538,0.8624,-0.11335462068556805,0.79281,valid,,,forward_roic_cap_hit,,False,ok,False,,"Broadridge Financial Solutions, Inc.",Technology,Information Technology Services,general_dcf,18867289540.0,0.8624,0.17361815009713402,2.204962552609776,0.08869545967599828,0.08492269042113575,0.15206242107890017,0.17420545252771055,0.08001766005318234,1.9078157540120053,0.010850187496157866,-0.009615980212059005,,8.0,2026.0,ttm,2026-08-04,2026-09-18,True,,,,0.1232086287462152,0.0534722650114269,0.125,0.24320862874621518,-0.24320862874621518
95,HBAN,15.88,-0.01385288131733936,0.006794519645784813,-0.13499507663415278,0.06599451207322571,0.0,0.12,0.25,0.13499507663415278,0.2549950766341528,0.13499507663415278,0.2549950766341528,7.690301997853353,16.426865921458415,21.858750976660847,7.690301997853353,21.858750976660847,False,,0.03443740059561806,0.6,0.8,0.11849479435368923,0.46815393968775937,-0.11320548035421518,0.48,valid,,,specialist_model_v1,,False,specialist,False,,Huntington Bancshares Incorporated,Financial Services,Banks - Regional,bank,32084189851.0,,,,,,,,,,,,,,,,,2026-09-18,True,2020414978.02267,0.941,Justified P/B residual-income proxy; no regulatory-capital or reserve-detail model,0.13499507663415278,0.059247397176844616,0.125,0.2549950766341528,-0.2549950766341528
96,L,107.77,-0.014880763998922075,0.005480465372884158,-0.131736448463591,0.06125246172213439,0.0,0.12,0.25,0.131736448463591,0.251736448463591,0.131736448463591,0.251736448463591,53.18090634191211,110.75569591053657,145.07461815663672,53.18090634191211,145.07461815663672,False,,0.027704332472270332,0.6,0.8,0.11449445509286268,0.4801640755782821,-0.11451953462711584,0.48,valid,,,specialist_model_v1,,False,specialist,False,,Loews Corporation,Financial Services,Insurance - Property & Casualty,insurance,22175725130.0,,,,,,,,,,,,,,,,,2026-09-18,True,205769000.0,0.507,Justified P/B residual-income proxy; no regulatory-capital or reserve-detail model,0.131736448463591,0.05724722754643134,0.125,0.251736448463591,-0.251736448463591
97,PM,188.62,-0.018302084618335324,-0.005973460595123442,-0.11799950312124559,0.05673808583815118,0.0,0.12,0.25,0.11799950312124559,0.23799950312124557,0.11799950312124559,0.23799950312124557,76.39939041751147,131.55559091353643,176.05572137069052,76.39939041751147,176.05572137069052,False,,-0.30253636457673405,0.8816,1.0,0.09092079447969839,0.9783,-0.12597346059512343,0.8816,valid,,,,,False,ok,False,,Philip Morris International Inc.,Consumer Defensive,Tobacco,general_dcf,293985018200.0,0.9783,0.3645060948567819,0.0740186415125545,0.0716536571486327,0.2928524377081492,0.375011668771804,0.37745916088847103,0.046226778751697895,2.3809366026065826,0.0,0.0023186132197321463,,8.0,2025.0,ttm,2026-07-24,2026-09-18,True,,,,0.11799950312124559,0.045460397239849196,0.125,0.23799950312124557,-0.23799950312124557
98,TXT,79.69,-0.018567653307400147,-0.005924089788459213,-0.14963498251163396,0.08721254885895179,0.0,0.12,0.25,0.14963498251163396,0.269634982511634,0.14963498251163396,0.269634982511634,27.084625996242135,53.11209109706856,77.67428054115985,27.084625996242135,77.67428054115985,False,,-0.33351623670387054,0.61533,1.0,0.12996386568529286,0.6219,-0.1259240897884592,0.61533,valid,,,share_change_floor_hit,,False,ok,False,,Textron Inc.,Industrials,Aerospace & Defense,general_dcf,13705644030.0,0.6219,0.10691327545179538,0.09166272477263565,0.08652841412974381,0.02038486132205157,0.06919660549664519,0.08327341656317407,0.008248732569438255,1.3144052600119547,0.0,-0.07175672991940296,,8.0,2026.0,ttm,2026-07-28,2026-09-18,True,,,,0.14963498251163396,0.06498193284264643,0.125,0.269634982511634,-0.269634982511634
99,DHI,138.02,-0.019051855665020382,-0.03001770161499732,-0.08641690674703564,0.07024488731694876,0.0,0.12,0.25,0.08641690674703564,0.20641690674703564,0.08641690674703564,0.20641690674703564,58.648977150863736,64.01192977659056,111.1420084323398,58.648977150863736,111.1420084323398,False,,-0.5362126519592048,0.45846810000000005,1.0,0.0945768540319922,0.6802,-0.1500177016149973,0.45846810000000005,valid,,,forward_roic_floor_hit;share_change_floor_hit;reinvestment_cap_hit,,False,ok,False,,"D.R. Horton, Inc.",Consumer Cyclical,Residential Construction,general_dcf,38604368870.99999,0.6802,0.10256985992859616,-0.07310092748107339,0.10784149179955577,-0.005271631870959609,0.15579730005557357,0.11639015409341558,0.11418597975037237,1.2782062196404427,0.003209117044460265,-0.0667373579426046,incremental_roic_below_wacc,8.0,2025.0,ttm,2026-07-23,2026-09-18,True,,,,0.08641690674703564,0.0472884270159961,0.125,0.20641690674703564,-0.20641690674703564
100,HSY,169.79,-0.01945232172947723,-0.02091236421547361,-0.07602217428502622,0.04003761579806453,0.0,0.12,0.25,0.07602217428502622,0.19602217428502622,0.07602217428502622,0.19602217428502622,80.58230338230887,103.63684475077017,143.08773874052002,80.58230338230887,143.08773874052002,False,,-0.3896174995537418,0.663714,1.0,0.06811847504154538,0.8978,-0.1409123642154736,0.663714,valid,,,forward_roic_floor_hit;reinvestment_cap_hit,,False,ok,False,,The Hershey Company,Consumer Defensive,Food Confectioners,general_dcf,34435042833.0,0.8978,0.1918551762405282,-0.4027921326222956,0.07225612701995837,0.11959904922056983,0.21786215855119656,0.17578695077701975,0.05971136737461946,1.806628510851091,0.005598424162477114,-0.003725755580062051,incremental_roic_below_wacc,8.0,2025.0,ttm,2026-07-30,2026-09-18,True,,,,0.07602217428502622,0.03405923752077269,0.125,0.19602217428502622,-0.19602217428502622
101,VRSK,175.41,-0.022841147627332227,-0.008233206649310857,-0.1627915579418186,0.08789338073111141,0.0,0.12,0.25,0.1627915579418186,0.2827915579418186,0.1627915579418186,0.2827915579418186,54.551359572720706,119.12613052292869,178.01747553772685,54.551359572720706,178.01747553772685,False,,-0.3208703578876422,0.7055100000000001,1.0,0.134177169336465,0.943,-0.12823320664931084,0.7055100000000001,valid,,,share_change_floor_hit,,False,ok,False,,"Verisk Analytics, Inc.",Technology,Software - Services,general_dcf,22830667293.0,0.943,0.3816549486958677,,0.077784399865571,0.3038705488302967,0.42172227797197337,0.446843112244898,0.03623115196750715,2.3536528887345143,0.017639209815471735,-0.06274555930634207,,8.0,2025.0,ttm,2026-07-29,2026-09-18,True,,,,0.1627915579418186,0.0670885846682325,0.125,0.2827915579418186,-0.2827915579418186
102,EBAY,111.84,-0.024899514381831953,-0.015378351998515402,-0.12977154784020964,0.060930194309912644,0.0,0.12,0.25,0.12977154784020964,0.24977154784020963,0.12977154784020964,0.24977154784020963,37.03454775789113,65.04051885404272,89.17452692535514,37.03454775789113,89.17452692535514,False,,-0.4184502963694321,0.66159,1.0,0.10550317107506114,0.941,-0.1353783519985154,0.66159,valid,,,share_change_floor_hit,,False,ok,False,,eBay Inc.,Consumer Cyclical,Specialty Retail,general_dcf,49656960000.0,0.941,0.25115872807710987,,0.10942543316209191,0.14173329491501796,0.2318380411812394,0.20519653564290474,0.036268770373628634,1.3278916290378604,0.0568631329113924,-0.06439184111788199,heavy_sbc,8.0,2025.0,ttm,2026-08-06,2026-09-18,True,,,,0.12977154784020964,0.05275158553753057,0.125,0.24977154784020963,-0.24977154784020963
103,AMGN,385.65,-0.025758359632891338,-0.011444166583532906,-0.15844289540109452,0.07829779003659498,0.0,0.12,0.25,0.15844289540109452,0.2784428954010945,0.15844289540109452,0.2784428954010945,126.05345226917295,257.8781080656483,390.876644097305,126.05345226917295,390.876644097305,False,,-0.33131567985051646,0.771,0.7,0.13424034271884475,0.8496,-0.1314441665835329,0.5397,valid,,,,,False,ok,False,,Amgen Inc.,Healthcare,Drug Manufacturers - General,general_dcf,208138390200.0,0.8496,0.17343685784665275,0.12051756984447885,0.07595945021418808,0.09747740763246467,0.3267543447010294,0.29057456247788577,0.06433283393956057,2.870352837215174,0.015289109613338063,0.0006157637024006846,thin_interest_coverage,8.0,2025.0,annual,2026-02-13,2026-09-18,True,,,,0.15844289540109452,0.06712017135942237,0.125,0.2784428954010945,-0.2784428954010945
104,PFE,27.66,-0.026278995798202205,0.0050053251441568416,-0.3041026001796126,0.18897596669849012,0.25,0.12,0.25,0.3041026001796126,0.4241026001796126,0.3041026001796126,0.4241026001796126,4.544646058884805,19.604613580453755,47.782028868577164,4.544646058884805,47.782028868577164,False,,-0.2912287208801969,0.361503,1.0,0.2656941934390513,0.7162,-0.11499467485584315,0.361503,valid,,,forward_roic_floor_hit;reinvestment_cap_hit,,False,ok,False,,Pfizer Inc.,Healthcare,Drug Manufacturers - General,general_dcf,157646510400.0,0.7162,0.10519369352891686,-0.08432284924605535,0.07037562702101055,0.03481806650790631,0.251237204699979,0.250816377794524,0.022244399137135495,2.2825797872340425,0.008815676792101153,-0.001980780018675521,cyclical_revenue;incremental_roic_below_wacc,8.0,2025.0,ttm,2026-08-04,2026-09-18,True,,,,0.3041026001796126,0.13284709671952566,0.125,0.4241026001796126,-0.4241026001796126
105,RF,28.5,-0.02679436025794321,-0.010528856816877874,-0.12281819123775028,0.036698463839733186,0.0,0.12,0.25,0.12281819123775028,0.24281819123775028,0.12281819123775028,0.24281819123775028,14.801064217633352,27.030901195737062,34.12770900474902,14.801064217633352,34.12770900474902,False,,-0.051547326465366194,0.6,0.8,0.09775832753874172,0.5475608863520824,-0.13052885681687787,0.48,valid,,,specialist_model_v1,,False,specialist,False,,Regions Financial Corporation,Financial Services,Banks - Regional,bank,24321330000.0,,,,,,,,,,,,,,,,,2026-09-18,True,853380000.0,1.003,Justified P/B residual-income proxy; no regulatory-capital or reserve-detail model,0.12281819123775028,0.04887916376937086,0.125,0.24281819123775028,-0.24281819123775028
106,AIZ,282.23,-0.027226606680671395,-0.003711127906719569,-0.16985437525472258,0.06837020434547614,0.0,0.12,0.25,0.16985437525472258,0.2898543752547226,0.16985437525472258,0.2898543752547226,111.26910436659035,277.0317679132415,392.83666317087193,111.26910436659035,392.83666317087193,False,,-0.01841842499648705,0.6,0.8,0.13711228980009935,0.4016474543866633,-0.12371112790671956,0.48,valid,,,specialist_model_v1,,False,specialist,False,,"Assurant, Inc.",Financial Services,Insurance - Property & Casualty,insurance,13983819148.0,,,,,,,,,,,,,,,,,2026-09-18,True,49547600.0,0.542,Justified P/B residual-income proxy; no regulatory-capital or reserve-detail model,0.16985437525472258,0.06855614490004967,0.125,0.2898543752547226,-0.2898543752547226
107,HII,272.86,-0.028209177336975675,-0.017712146879057377,-0.14949641817074732,0.07208400258095939,0.0,0.12,0.25,0.14949641817074732,0.2694964181707473,0.14949641817074732,0.2694964181707473,86.20910616124361,168.75289459053377,269.86144327541865,86.20910616124361,269.86144327541865,False,,-0.3815403701878848,0.65925,1.0,0.12101271037585334,0.6446,-0.13771214687905736,0.65925,valid,,,reinvestment_cap_hit,,False,ok,False,,"Huntington Ingalls Industries, Inc.",Industrials,Aerospace & Defense,general_dcf,10751938610.0,0.6446,0.06886608103932305,0.04451518236260853,0.0705869753647678,-0.0017208943254447412,0.06102485467315274,0.05180128934395146,0.06232886601518706,2.908457711442786,0.002968395320412083,-0.00501261550340415,incremental_roic_below_wacc,8.0,2025.0,ttm,2026-07-30,2026-09-18,True,,,,0.14949641817074732,0.06050635518792667,0.125,0.2694964181707473,-0.2694964181707473
108,ABBV,263.78,-0.02869435296161098,-0.010673188429791449,-0.18875514917017427,0.09532411418331325,0.0,0.12,0.25,0.18875514917017427,0.30875514917017427,0.18875514917017427,0.30875514917017427,72.11728638936029,178.05244339194638,288.86167640425145,72.11728638936029,288.86167640425145,False,,-0.32499642356529534,0.6482,1.0,0.15259363167674378,0.9234,-0.13067318842979145,0.6482,valid,,,,,False,ok,False,,AbbVie Inc.,Healthcare,Drug Manufacturers - General,general_dcf,466044610323.0,0.9234,0.2913525841078226,,0.07292204518307346,0.21843053892474915,0.28007514501636444,0.29321591650358775,0.09331472871090596,2.402160909226858,0.015614780902550687,-0.0013140619604852244,,8.0,2025.0,ttm,2026-08-03,2026-09-18,True,,,,0.18875514917017427,0.07629681583837189,0.125,0.30875514917017427,-0.30875514917017427
109,LVS,39.98,-0.03112676084274424,0.15049416618421674,-0.95,0.5245046242605895,0.75,0.12,0.25,0.95,1.0699999999999998,0.95,1.0699999999999998,-10.637599815728112,52.009698139813324,221.6986759260919,-10.637599815728112,221.6986759260919,False,,0.30089289994530577,0.4516,1.0,0.7537043121302948,0.6959,0.030494166184216742,0.4516,valid,,,,,False,ok,True,bear,Las Vegas Sands Corp.,Consumer Cyclical,"Gambling, Resorts & Casinos",general_dcf,25895093336.0,0.6959,0.22608807251143018,,0.07853027126713319,0.147557801244297,0.22266116299469607,0.23347182739266711,-0.007578875588428513,2.5386586928662966,0.004242190512919399,-0.04616470226949909,thin_interest_coverage;cyclical_revenue,8.0,2025.0,ttm,2026-07-24,2026-09-18,True,,,,0.95,0.3768521560651474,0.125,1.0699999999999998,-1.0562288345512076
110,MNST,44.71,-0.03272020088043061,-0.024415387620683734,-0.12095282177906477,0.038902793498709815,0.0,0.12,0.25,0.12095282177906477,0.24095282177906477,0.12095282177906477,0.24095282177906477,17.600868433150517,28.775713668377637,38.12490803608393,17.600868433150517,38.12490803608393,False,,-0.35639200025995,0.8473,1.0,0.0845088076388873,0.9638,-0.14441538762068373,0.8473,valid,,,,,False,ok,False,,Monster Beverage Corporation,Consumer Defensive,Beverages - Non-Alcoholic,general_dcf,87453485196.0,0.9638,0.34715848696729135,0.23892665820974032,0.07585,0.2713084869672914,0.30803030191925174,0.29161501584344257,0.11766377971547848,-1.2174210266587766,0.012143138082634732,-0.024987757467859084,,8.0,2025.0,ttm,2026-08-07,2026-09-18,True,,,,0.12095282177906477,0.04225440381944365,0.125,0.24095282177906477,-0.24095282177906477
111,TJX,127.24,-0.03276602204423395,-0.019196858326904445,-0.18756451203371396,0.09489414051058706,0.0,0.12,0.25,0.18756451203371396,0.30756451203371393,0.18756451203371396,0.30756451203371393,36.03768459374924,82.96581444960653,136.07062304608291,36.03768459374924,136.07062304608291,False,,-0.34795807568683956,0.541,1.0,0.15499932627215052,0.9153,-0.13919685832690443,0.541,valid,,,,,False,ok,False,,"The TJX Companies, Inc.",Consumer Cyclical,Apparel - Retail,general_dcf,140562593709.0,0.9153,0.3163621480062569,0.3518534824190332,0.07689148879781961,0.2394706592084373,0.1063916885959994,0.1282651572246364,0.06451848879760735,0.9259300512363555,0.003246983676366217,-0.017567711378715933,cyclical_revenue,8.0,2026.0,ttm,2026-08-28,2026-09-18,True,,,,0.18756451203371396,0.07749966313607526,0.125,0.30756451203371393,-0.30756451203371393
112,AVY,167.71,-0.034674522592104004,-0.02753555614908688,-0.10392965843202542,0.020302680361783162,0.0,0.12,0.25,0.10392965843202542,0.22392965843202542,0.10392965843202542,0.22392965843202542,68.85534523252285,96.39309124921375,120.00319558494098,68.85534523252285,120.00319558494098,False,,-0.42523945352564696,0.8284,1.0,0.06726416939690429,0.8502,-0.14753555614908687,0.8284,valid,,,,,False,ok,False,,Avery Dennison Corporation,Consumer Cyclical,Packaging & Containers,general_dcf,12828204984.0,0.8502,0.14973977127290433,0.0533767593904854,0.08149140384975716,0.06824836742314717,0.12112797327355174,0.12413360582173635,0.03084742229791626,2.314952706782049,0.0031505843825870928,-0.022820121934728266,incremental_roic_below_wacc,8.0,2025.0,ttm,2026-08-04,2026-09-18,True,,,,0.10392965843202542,0.03363208469845214,0.125,0.22392965843202542,-0.22392965843202542
113,VTR,86.69,-0.03530785026682362,-0.007940037846148718,-0.11741128752884833,-0.007940037846148718,0.0,0.12,0.25,0.11741128752884833,0.23741128752884832,0.11741128752884833,0.23741128752884832,46.4259551457277,83.30261138644428,83.30261138644428,46.4259551457277,83.30261138644428,False,,-0.03907473311288168,0.6,0.8,0.0727356248413498,0.5573169240800359,-0.1279400378461487,0.48,valid,,,specialist_model_v1,,False,specialist,False,,"Ventas, Inc.",Real Estate,REIT - Healthcare Facilities,reit,42146077300.0,,,,,,,,,,,,,,,,,2026-09-18,True,486170000.0,0.724,P/AFFO Gordon proxy; no property-level NOI or maintenance-capex detail,0.11741128752884833,0.0363678124206749,0.125,0.23741128752884832,-0.23741128752884832
114,ADM,85.18,-0.03795725701929766,-0.024459359783213556,-0.17883047187933693,0.0759201633685734,0.0,0.12,0.25,0.17883047187933693,0.2988304718793369,0.17883047187933693,0.2988304718793369,25.629865788726,54.357286034940984,83.19841843009664,25.629865788726,83.19841843009664,False,,-0.3618538854785046,0.4707,1.0,0.14325431762395516,0.385,-0.14445935978321356,0.4707,valid,,,reinvestment_cap_hit,,False,ok,False,,Archer-Daniels-Midland Company,Consumer Defensive,Agricultural Farm Products,general_dcf,41053097260.0,0.385,0.0732143136153888,,0.07988696536330905,-0.006672651747920255,0.029387294404086977,0.02461662139611932,0.03210258008547795,-0.08317757009345794,0.0010340230973352104,-0.04849491278036211,thin_interest_coverage,8.0,2025.0,ttm,2026-08-04,2026-09-18,True,,,,0.17883047187933693,0.07162715881197758,0.125,0.2988304718793369,-0.2988304718793369
115,LLY,1152.22,-0.03983609732786133,-0.02677737127087309,-0.1732095520950679,0.06741990532536876,0.0,0.12,0.25,0.1732095520950679,0.2932095520950679,0.1732095520950679,0.2932095520950679,338.21556387941814,727.661836419423,1111.3715934745449,338.21556387941814,1111.3715934745449,False,,-0.36846970507418464,0.5913900000000001,1.0,0.1325730287102183,0.94,-0.1467773712708731,0.5913900000000001,valid,,,base_growth_cap_hit,,False,ok,False,,Eli Lilly and Company,Healthcare,Drug Manufacturers - General,general_dcf,1085092815020.0,0.94,0.42487382030606513,0.46811342852770665,0.07426326671671342,0.3506105535893517,0.2985125860686211,0.4971832329556723,0.17173452760489116,1.101920052173246,0.014332970716870546,-0.020220564960768295,peak_cycle_margins,8.0,2025.0,ttm,2026-08-05,2026-09-18,True,,,,0.1732095520950679,0.06628651435510916,0.125,0.2932095520950679,-0.2932095520950679
116,KVUE,17.81,-0.04090652351733294,-0.01525070085190234,-0.23938147011213,0.10625677774660293,0.0,0.12,0.25,0.23938147011213,0.35938147011213,0.23938147011213,0.35938147011213,3.794096760970641,11.815862348156369,20.574804216283738,3.794096760970641,20.574804216283738,False,,-0.3365602275038535,0.7381,0.6499999999999999,0.19117612392936648,0.4917,-0.13525070085190233,0.47976499999999994,valid,,,,,False,ok,False,,Kenvue Inc.,Consumer Defensive,Household & Personal Products,general_dcf,34195354377.0,0.4917,0.1085399929396204,,0.06961874925294037,0.03892124368668003,0.16265216265216265,0.17878868024332187,0.009098884434247001,2.288255136461208,0.012173012173012173,0.0015826122187574398,,7.0,2025.0,annual,2026-02-20,2026-09-18,True,,,,0.23938147011213,0.09558806196468324,0.125,0.35938147011213,-0.35938147011213
117,DLR,182.12,-0.04290182937847031,-0.02373659389779581,-0.10039753582049382,-0.02373659389779581,0.0,0.12,0.25,0.10039753582049382,0.22039753582049382,0.10039753582049382,0.22039753582049382,107.3027428697968,161.5075001382357,161.5075001382357,107.3027428697968,161.5075001382357,False,,-0.11318086899716828,0.6,0.8,0.056330470961349,0.6643824143024654,-0.1437365938977958,0.48,valid,,,specialist_model_v1,,False,specialist,False,,"Digital Realty Trust, Inc.",Real Estate,REIT - Specialty,reit,67380029484.00001,,,,,,,,,,,,,,,,,2026-09-18,True,369976001.9986822,1.037,P/AFFO Gordon proxy; no property-level NOI or maintenance-capex detail,0.10039753582049382,0.0281652354806745,0.125,0.22039753582049382,-0.22039753582049382
118,SLB,51.12,-0.043081125707249125,-0.020653821877203854,-0.25044925311813127,0.11943239404354247,0.0,0.12,0.25,0.25044925311813127,0.37044925311813126,0.25044925311813127,0.37044925311813126,10.543301875603259,33.67598791827922,62.77353051260377,10.543301875603259,62.77353051260377,False,,-0.34123654306965534,0.5562,1.0,0.19825482358083685,0.6116,-0.14065382187720385,0.5562,valid,,,,,False,ok,False,,Slb N.V.,Energy,Oil & Gas Equipment & Services,general_dcf,75869403860.0,0.6116,0.11355765823882537,0.26793802341834855,0.08360313991539198,0.02995451832343339,0.13417969730870635,0.13399879007864487,0.012147044721517952,1.1422774869109948,0.008842613550626226,0.01777541240220315,cyclical_revenue,8.0,2025.0,ttm,2026-07-29,2026-09-18,True,,,,0.25044925311813127,0.09912741179041842,0.125,0.37044925311813126,-0.37044925311813126
119,GEN,29.01,-0.043355000606970846,-0.006051784893497795,-0.3006766563281417,0.13936022368725395,0.25,0.12,0.25,0.3006766563281417,0.4206766563281417,0.3006766563281417,0.4206766563281417,3.7073627210741247,16.148199702790965,34.04564502477784,3.7073627210741247,34.04564502477784,False,,-0.4433574731888672,0.41112,1.0,0.23768484000769782,0.6367,-0.1260517848934978,0.41112,valid,,,reinvestment_cap_hit,,False,ok,False,,Gen Digital Inc.,Technology,Software - Infrastructure,general_dcf,17364720656.0,0.6367,0.15657121236314456,0.10027188194900236,0.09705326705701314,0.059517945306131415,0.355338434982158,0.4209490057097854,0.007931476795870251,2.8931965032307105,0.03631578947368421,-0.011346198039045685,thin_interest_coverage;cyclical_revenue,8.0,2026.0,ttm,2026-08-07,2026-09-18,True,,,,0.3006766563281417,0.11884242000384891,0.125,0.4206766563281417,-0.4206766563281417
120,DAL,79.62,-0.044743434860720244,0.10574833467835563,-0.95,0.5595295912004077,0.25,0.12,0.25,0.95,1.0699999999999998,0.95,1.0699999999999998,-41.32302344378416,81.57257896075969,462.6414750212449,-41.32302344378416,462.6414750212449,False,,0.02452372470182973,0.4184,1.0,0.7722127956002038,0.4779,-0.01425166532164436,0.4184,valid,,,,,False,ok,True,bear,"Delta Air Lines, Inc.",Industrials,"Airlines, Airports & Air Services",general_dcf,52359943260.0,0.4779,0.11347644226181147,0.2925212432198165,0.09671725736360776,0.016759184898203716,0.09349638415522864,0.08077672177720503,0.05199235309385486,2.2694814814814817,0.0,0.008252049186159294,cyclical_revenue,8.0,2025.0,ttm,2026-07-10,2026-09-18,True,,,,0.95,0.3861063978001019,0.125,1.0699999999999998,-1.0699999999999998
121,EXPD,190.94,-0.045108700786659,-0.03958388936007391,-0.1587449956452474,0.057477971218759215,0.0,0.12,0.25,0.1587449956452474,0.2787449956452474,0.1587449956452474,0.2787449956452474,59.233541042086046,106.68907696030935,158.17742940539853,59.233541042086046,158.17742940539853,False,,-0.4412429194495163,0.53073,0.95,0.12368958343200331,0.9805,-0.1595838893600739,0.5041935,valid,,,share_change_floor_hit,,False,ok,False,,"Expeditors International of Washington, Inc.",Industrials,Integrated Freight & Logistics,general_dcf,24973233540.0,0.9805,0.5301623306592967,,0.10219562528517274,0.427966705374124,0.09817747651779296,0.09832151905591242,0.04491666064397681,-0.37484312993928703,0.006254489448874782,-0.06890904105664042,cyclical_revenue,8.0,2025.0,ttm,2026-08-05,2026-09-18,True,,,,0.1587449956452474,0.06184479171600166,0.125,0.2787449956452474,-0.2787449956452474
122,BSX,43.34,-0.04664133799378757,-0.026857664168346642,-0.21995106851682064,0.08710104487836362,0.0,0.12,0.25,0.21995106851682064,0.33995106851682066,0.21995106851682064,0.33995106851682066,10.574932074658147,27.155365200392676,46.39772576071534,10.574932074658147,46.39772576071534,False,,-0.37343412089541594,0.6604,0.85,0.16821405669759212,0.5026,-0.14685766416834664,0.56134,valid,,,,,False,ok,False,,Boston Scientific Corporation,Healthcare,Medical - Devices,general_dcf,64418842400.00001,0.5026,0.10400472003146155,0.16740732851380255,0.0747507366904373,0.029253983341024248,0.15840997764783987,0.21461230710611545,0.1074940369415851,2.0417300219631693,0.015883441810473516,0.010357495119869276,,8.0,2025.0,ttm,2026-08-03,2026-09-18,True,,,,0.21995106851682064,0.08410702834879606,0.125,0.33995106851682066,-0.33995106851682066
123,MRSH,175.01,-0.04696345742109173,-0.028663840180852995,-0.10914110697555202,-0.021385042347108918,0.0,0.12,0.25,0.10914110697555202,0.229141106975552,0.10914110697555202,0.229141106975552,98.19909002599884,151.3249876501907,157.0804410735564,98.19909002599884,157.0804410735564,False,,-0.13533519427352314,0.6,0.8,0.061878032314221544,0.6489284522725357,-0.148663840180853,0.48,valid,,,specialist_model_v1,,False,specialist,False,,"Marsh & McLennan Companies, Inc.",Financial Services,Insurance - Brokers,insurance,83516744013.0,,,,,,,,,,,,,,,,,2026-09-18,True,477211268.0018285,0.577,Justified P/B residual-income proxy; no regulatory-capital or reserve-detail model,0.10914110697555202,0.030939016157110772,0.125,0.229141106975552,-0.229141106975552
124,QCOM,177.72,-0.047150548746139935,-0.03781712863419667,-0.17733413308451412,0.06436619536834773,0.0,0.12,0.25,0.17733413308451412,0.2973341330845141,0.17733413308451412,0.2973341330845141,45.543573194611824,89.38362888298568,134.60477808890568,45.543573194611824,134.60477808890568,False,,-0.49705362996294356,0.5383,1.0,0.13470116422643091,0.863,-0.15781712863419667,0.5383,valid,,,,,False,ok,False,,QUALCOMM Incorporated,Technology,Semiconductors,general_dcf,186606000000.0,0.863,0.2576637392692592,0.19884242462262983,0.12820929337778117,0.129454445891478,0.27240711397066963,0.23188636002632235,0.09994948852052121,0.5907394843962008,0.06796365689646322,-0.02034668251722571,heavy_sbc;cyclical_revenue,8.0,2025.0,ttm,2026-07-29,2026-09-18,True,,,,0.17733413308451412,0.06735058211321546,0.125,0.2973341330845141,-0.2973341330845141
125,FITB,52.91,-0.047704780863269486,-0.03294553747091833,-0.13353581999058572,0.00860777147934444,0.0,0.12,0.25,0.13353581999058572,0.2535358199905857,0.13353581999058572,0.2535358199905857,25.839900026688692,44.74993700333594,55.22672784256787,25.839900026688692,55.22672784256787,False,,-0.15422534486229555,0.6,0.8,0.08907179573496507,0.5774287464306916,-0.15294553747091832,0.48,valid,,,specialist_model_v1,,False,specialist,False,,Fifth Third Bancorp,Financial Services,Banks - Regional,bank,47952967920.0,,,,,,,,,,,,,,,,,2026-09-18,True,906312000.0,0.913,Justified P/B residual-income proxy; no regulatory-capital or reserve-detail model,0.13353581999058572,0.044535897867482535,0.125,0.2535358199905857,-0.2535358199905857
126,SYK,275.12,-0.04787623941883792,-0.041049696280970216,-0.1214011305797612,0.011995565466349972,0.0,0.12,0.25,0.1214011305797612,0.2414011305797612,0.1214011305797612,0.2414011305797612,102.36675832328939,149.9722220006904,193.1831557343068,102.36675832328939,193.1831557343068,False,,-0.45488433410624307,0.8475,1.0,0.07127334802305557,0.8231,-0.1610496962809702,0.8475,valid,,,,,False,ok,False,,Stryker Corporation,Healthcare,Medical - Devices,general_dcf,105470212841.0,0.8231,0.13794867350986603,0.09753873624329018,0.08446045903351385,0.053488214476352186,0.2154756628818411,0.22026551070170686,0.09157664076422001,1.6528758829465187,0.010000975704946824,0.0033032228757905457,,8.0,2025.0,ttm,2026-07-31,2026-09-18,True,,,,0.1214011305797612,0.035636674011527786,0.125,0.2414011305797612,-0.2414011305797612
127,CSGP,29.09,-0.04828944239416157,-0.037643518438562715,-0.17076717307791114,0.05289644037839027,0.0,0.12,0.25,0.17076717307791114,0.2907671730779111,0.17076717307791114,0.2907671730779111,7.488798122170383,15.89699251130745,25.11070419300763,7.488798122170383,25.11070419300763,False,,-0.45352380504271395,0.578502,1.0,0.1244767467281507,0.4235,-0.15764351843856272,0.578502,valid,,,forward_roic_floor_hit;reinvestment_cap_hit,,False,ok,False,,"CoStar Group, Inc.",Real Estate,Real Estate - Services,general_dcf,11787209820.0,0.4235,0.0074566345139128265,-0.0800471048627112,0.08402313571541609,-0.07656650120150325,0.190487205124872,0.021768477894026323,0.15393417399277043,-0.2820121951219512,0.034623217922606926,0.005540556308074374,incremental_roic_below_wacc,8.0,2025.0,ttm,2026-07-29,2026-09-18,True,,,,0.17076717307791114,0.06223837336407535,0.125,0.2907671730779111,-0.2907671730779111
128,USB,60.06,-0.04869887760143074,-0.031976382496110345,-0.1477379345966624,0.01689518918316013,0.0,0.12,0.25,0.1477379345966624,0.2677379345966624,0.1477379345966624,0.2677379345966624,27.00543137526211,51.05227428566677,65.3079860883525,27.00543137526211,65.3079860883525,False,,-0.1499787831224314,0.6,0.8,0.10031656188991125,0.5289760691982345,-0.15197638249611034,0.48,valid,,,specialist_model_v1,,False,specialist,False,,U.S. Bancorp,Financial Services,Banks - Diversified,bank,93557367584.0,,,,,,,,,,,,,,,,,2026-09-18,True,1557731728.005328,0.971,Justified P/B residual-income proxy; no regulatory-capital or reserve-detail model,0.1477379345966624,0.05015828094495563,0.125,0.2677379345966624,-0.2677379345966624
129,GILD,150.11,-0.0490651929991145,-0.0330637158855097,-0.19555559727305083,0.06542225704761226,0.0,0.12,0.25,0.19555559727305083,0.3155555972730508,0.19555559727305083,0.3155555972730508,41.414274017886996,92.61784384441086,144.65735195184777,41.414274017886996,144.65735195184777,False,,-0.3830001742428163,0.7637,0.7,0.14657792716033155,0.8797,-0.1530637158855097,0.53459,valid,,,,,False,ok,False,,"Gilead Sciences, Inc.",Healthcare,Drug Manufacturers - General,general_dcf,186372053786.0,0.8797,0.23608782307396914,,0.07213163307491567,0.16395618999905348,0.27457344275875006,0.3974254466408532,0.04164727434795856,1.0596086024479634,0.029039437991236,-0.0018523461304686961,,8.0,2025.0,annual,2026-02-24,2026-09-18,True,,,,0.19555559727305083,0.07328896358016578,0.125,0.3155555972730508,-0.3155555972730508
130,SWKS,88.76,-0.04947926037566501,-0.03102662354940546,-0.16635356720071284,0.03048977279686372,0.0,0.12,0.25,0.16635356720071284,0.2863535672007128,0.16635356720071284,0.2863535672007128,24.661923728557504,47.90794440895142,57.500142924642155,24.661923728557504,57.500142924642155,False,,-0.4602529922380417,0.44451,1.0,0.11508636999878828,0.6714,-0.15102662354940546,0.44451,valid,,,reinvestment_cap_hit,,False,ok,False,,"Skyworks Solutions, Inc.",Technology,Semiconductors,general_dcf,13355964130.0,0.6714,0.05073129070139853,,0.12272916283812689,-0.07199787213672837,0.27206351044866306,0.07892180065269923,0.007895169321973539,-0.15137144321968726,0.04315461943513643,-0.026195630452851004,cyclical_revenue,8.0,2025.0,ttm,2026-07-28,2026-09-18,True,,,,0.16635356720071284,0.05754318499939414,0.125,0.2863535672007128,-0.2863535672007128
131,ROL,32.43,-0.05042348675488024,-0.041258604405447805,-0.13136340297060078,0.012186664761975434,0.0,0.12,0.25,0.13136340297060078,0.2513634029706008,0.13136340297060078,0.2513634029706008,11.461177915748037,18.13093130012191,23.24080790430647,11.461177915748037,23.24080790430647,False,,-0.4409210206561236,0.9196,1.0,0.07418703386628811,0.9589,-0.16125860440544781,0.9196,valid,,,,,False,ok,False,,"Rollins, Inc.",Industrials,Specialty Business Services,general_dcf,15603545452.0,0.9589,0.22298138703838224,0.2277945761618683,0.08432081875405463,0.1386605682843276,0.18720936478423789,0.18680235748093982,0.10912535473277218,1.166059041257495,0.00884820999625816,-0.0075134656502403585,,8.0,2025.0,ttm,2026-07-23,2026-09-18,True,,,,0.13136340297060078,0.037093516933144055,0.125,0.2513634029706008,-0.2513634029706008
132,TPL,352.67,-0.05116958523394713,-0.04151687045814467,-0.1610582489767694,0.03941364895727023,0.0,0.12,0.25,0.1610582489767694,0.2810582489767694,0.1610582489767694,0.2810582489767694,108.66427207689368,198.3585446822945,291.3728876932862,108.66427207689368,291.3728876932862,False,,-0.4375519758349321,0.6166,1.0,0.11173794896701982,0.9816,-0.16151687045814467,0.6166,valid,,,,,False,ok,False,,Texas Pacific Land Corporation,Energy,Oil & Gas Exploration & Production,general_dcf,24325201648.0,0.9816,0.3675649652243681,0.16116902136869546,0.0809810163279428,0.2865839488964253,0.786585672348183,0.7492493379132541,0.14991745407168078,-0.3148846093576921,0.017706988862646867,-0.0024347009572321943,cyclical_revenue,8.0,2025.0,ttm,2026-08-05,2026-09-18,True,,,,0.1610582489767694,0.05586897448350991,0.125,0.2810582489767694,-0.2810582489767694
133,GDDY,97.46,-0.05449447001738007,-0.02112733036046845,-0.27358599974541,0.09786278039682661,0.0,0.12,0.25,0.27358599974541,0.39358599974541,0.27358599974541,0.39358599974541,17.43079345434623,58.66628857549379,99.0225406859058,17.43079345434623,99.0225406859058,False,,-0.3980475212857194,0.613494,1.0,0.1973195700711183,0.7323,-0.14112733036046846,0.613494,valid,,,forward_roic_cap_hit;share_change_floor_hit,,False,ok,False,,GoDaddy Inc.,Technology,Software - Infrastructure,general_dcf,12904663689.0,0.7323,0.4299450345391072,6.250413223140496,0.08826614407138719,0.34167889046772004,0.11102806941403387,0.25201308751787777,0.09280680491839521,1.9477157360406092,0.06557771363596607,-0.06732248183061451,heavy_sbc;peak_cycle_margins,8.0,2025.0,ttm,2026-07-31,2026-09-18,True,,,,0.27358599974541,0.09865978503555915,0.125,0.39358599974541,-0.39358599974541
134,TRV,374.62,-0.056270821583451036,-0.03831645450990495,-0.16547688673861827,0.017026509424624026,0.0,0.12,0.25,0.16547688673861827,0.28547688673861826,0.16547688673861827,0.28547688673861826,151.62918732969854,308.1427016553249,407.61703503624216,151.62918732969854,407.61703503624216,False,,-0.17745261423489156,0.6,0.8,0.10925169808162113,0.49207456972096125,-0.15831645450990495,0.48,valid,,,specialist_model_v1,,False,specialist,False,,"The Travelers Companies, Inc.",Financial Services,Insurance - Property & Casualty,insurance,78136374742.0,,,,,,,,,,,,,,,,,2026-09-18,True,208575022.00096098,0.451,Justified P/B residual-income proxy; no regulatory-capital or reserve-detail model,0.16547688673861827,0.05462584904081057,0.125,0.28547688673861826,-0.28547688673861826
135,ERIE,239.05,-0.0579612443149381,-0.044614671674988005,-0.14069432901739298,-0.001921304892383402,0.0,0.12,0.25,0.14069432901739298,0.260694329017393,0.14069432901739298,0.260694329017393,112.00235068526324,190.27493669662013,236.7623677110036,112.00235068526324,236.7623677110036,False,,-0.20403707719464492,0.6,0.8,0.08738651206250478,0.5886342816859954,-0.164614671674988,0.48,valid,,,specialist_model_v1,,False,specialist,False,,Erie Indemnity Company,Financial Services,Insurance - Property & Casualty,insurance,11041504355.0,,,,,,,,,,,,,,,,,2026-09-18,True,46189100.0,0.305,Justified P/B residual-income proxy; no regulatory-capital or reserve-detail model,0.14069432901739298,0.04369325603125239,0.125,0.260694329017393,-0.260694329017393
136,MRK,146.76,-0.058043807229842016,-0.03649707686272447,-0.253137739090016,0.09395666389609689,0.0,0.12,0.25,0.253137739090016,0.373137739090016,0.253137739090016,0.373137739090016,27.16485730352935,88.11709890608626,159.5583938396982,27.16485730352935,159.5583938396982,False,,-0.3995836814793795,0.6603,1.0,0.18373820149305647,0.6791,-0.15649707686272446,0.6603,valid,,,,,False,ok,False,,"Merck & Co., Inc.",Healthcare,Drug Manufacturers - General,general_dcf,362470783200.0,0.6791,0.10228339064705289,0.3538441559451518,0.07229317871100671,0.029990211936046174,0.24108456958368574,0.16650602409638554,0.0631423349445206,2.7964480057405967,0.01072943524910588,-0.009264693518373779,,8.0,2025.0,ttm,2026-08-07,2026-09-18,True,,,,0.253137739090016,0.09186910074652824,0.125,0.373137739090016,-0.373137739090016
137,VEEV,260.21,-0.05948889869978299,-0.05409824336529706,-0.11869183836388397,-0.011067269704653857,0.0,0.12,0.25,0.11869183836388397,0.23869183836388397,0.11869183836388397,0.23869183836388397,102.39739396578382,138.05275280417018,167.5602977267314,102.39739396578382,167.5602977267314,False,,-0.4694563898229499,0.72945,0.95,0.06342878432961506,0.963,-0.17409824336529706,0.6929775,valid,,,forward_roic_cap_hit,,False,ok,False,,Veeva Systems Inc.,Technology,Software - Application,general_dcf,42269368751.0,0.963,2.73774636460639,2.3158502216989403,0.09873667017720798,2.639009694429182,0.2581749952379913,0.29925670122709075,0.2057893393406618,-6.555570141460682,0.0,0.005347793504405507,,8.0,2026.0,ttm,2026-08-27,2026-09-18,True,,,,0.11869183836388397,0.03171439216480753,0.125,0.23869183836388397,-0.23869183836388397
138,PNC,233.17,-0.05995769976711182,-0.044152950671263236,-0.15185469840122934,0.00032980067530852253,0.0,0.12,0.25,0.15185469840122934,0.27185469840122933,0.15185469840122934,0.27185469840122933,102.33494858820931,186.0435816845143,233.55475181644226,102.33494858820931,233.55475181644226,False,,-0.20211184249897374,0.6,0.8,0.09409224953826892,0.5500590112361149,-0.16415295067126323,0.48,valid,,,specialist_model_v1,,False,specialist,False,,"The PNC Financial Services Group, Inc.",Financial Services,Banks - Regional,bank,93034830000.0,,,,,,,,,,,,,,,,,2026-09-18,True,399000000.0,0.889,Justified P/B residual-income proxy; no regulatory-capital or reserve-detail model,0.15185469840122934,0.04704612476913446,0.125,0.27185469840122933,-0.27185469840122933
139,JNJ,269.99,-0.05999280381183776,-0.05359107294498241,-0.1310836245917016,-0.0017054447656846324,0.0,0.12,0.25,0.1310836245917016,0.2510836245917016,0.1310836245917016,0.2510836245917016,102.31969873030621,152.95916825250393,192.65881741881864,102.31969873030621,192.65881741881864,False,,-0.4334635791973631,0.9156,1.0,0.06722108991300849,0.9471,-0.1735910729449824,0.9156,valid,,,,,False,ok,False,,Johnson & Johnson,Healthcare,Drug Manufacturers - General,general_dcf,650648473336.0,0.9471,0.1996631695104311,0.12066491948116082,0.07376590582239198,0.1258972636880391,0.26112666111616145,0.2681126121986337,0.020747946632048597,0.8315346840356397,0.013645063939219578,-0.028827069017122064,,8.0,2025.0,ttm,2026-07-23,2026-09-18,True,,,,0.1310836245917016,0.03361054495650424,0.125,0.2510836245917016,-0.2510836245917016
140,UPS,99.06,-0.061639053608814685,-0.0701490418752655,-0.11936942624161015,0.013111295556882422,0.0,0.12,0.75,0.11936942624161015,0.23936942624161014,0.11936942624161015,0.23936942624161014,35.855164495689706,37.544710347166436,62.98789225083642,35.855164495689706,62.98789225083642,False,,-0.6209902044501672,0.615843,1.0,0.07776507089924628,0.7725,-0.1901490418752655,0.615843,valid,,,forward_roic_floor_hit;reinvestment_cap_hit,,False,ok,False,,"United Parcel Service, Inc.",Industrials,Integrated Freight & Logistics,general_dcf,84151684563.63988,0.7725,0.13095237871304025,-0.30342497292373505,0.08895552993518031,0.04199684877785993,0.10081949793917383,0.07312354053152452,0.030364868438471193,2.300986684548328,0.0008233608914855461,-0.007713380775377421,thin_interest_coverage;incremental_roic_below_wacc,8.0,2025.0,ttm,2026-08-05,2026-09-18,True,,,,0.11936942624161015,0.03888253544962314,0.375,0.23936942624161014,-0.23936942624161014
141,ADP,271.22,-0.061879103616229204,-0.05545911705994509,-0.13150303055590473,-0.005095149789121905,0.0,0.12,0.25,0.13150303055590473,0.2515030305559047,0.13150303055590473,0.2515030305559047,96.63581059731416,142.17381188253339,178.57688897930106,96.63581059731416,178.57688897930106,False,,-0.47579893856451083,0.9017,1.0,0.06615294038339142,0.9674,-0.1754591170599451,0.9017,valid,,,,,False,ok,False,,"Automatic Data Processing, Inc.",Technology,Software - Application,general_dcf,108415855480.0,0.9674,0.4441411359901999,0.11546791731589875,0.08967761691180806,0.3544635190783918,0.22604047931542276,0.18582526483654174,0.06444264651271969,0.21243978117089898,0.012680574505535709,-0.013221449526767737,,8.0,2026.0,ttm,2026-08-05,2026-09-18,True,,,,0.13150303055590473,0.03307647019169571,0.125,0.2515030305559047,-0.2515030305559047
142,WFC,86.12,-0.06424027349611525,-0.04735355236929595,-0.16394699394816692,0.001693004702297829,0.0,0.12,0.25,0.16394699394816692,0.2839469939481669,0.16394699394816692,0.2839469939481669,35.17815716123558,67.57137911104478,86.85148043475822,35.17815716123558,86.85148043475822,False,,-0.21538110646719955,0.6,0.8,0.10081999932523236,0.520607358086104,-0.16735355236929594,0.48,valid,,,specialist_model_v1,,False,specialist,False,,Wells Fargo & Company,Financial Services,Banks - Diversified,bank,260426880000.0,,,,,,,,,,,,,,,,,2026-09-18,True,3024000000.0,0.916,Justified P/B residual-income proxy; no regulatory-capital or reserve-detail model,0.16394699394816692,0.05040999966261618,0.125,0.2839469939481669,-0.2839469939481669
143,LII,359.23,-0.06586335684078218,-0.056962030472641326,-0.16459445146319918,0.015065085045353073,0.0,0.12,0.25,0.16459445146319918,0.28459445146319917,0.16459445146319918,0.28459445146319917,102.72113381214443,172.2889019959612,238.3141986419803,102.72113381214443,238.3141986419803,False,,-0.5203938925035181,0.7937,1.0,0.09601876825427612,0.9501,-0.1769620304726413,0.7937,valid,,,,,False,ok,False,,Lennox International Inc.,Industrials,Industrial - Machinery,general_dcf,12415240261.0,0.9501,0.2531980644409045,0.1663844299821386,0.10133222342738481,0.1518658410135197,0.1496697217049871,0.1937120440571838,0.04243489707952652,1.7167972149695387,0.005601216484129886,-0.009399052372510042,,8.0,2025.0,ttm,2026-07-29,2026-09-18,True,,,,0.16459445146319918,0.04800938412713806,0.125,0.28459445146319917,-0.28459445146319917
144,TPR,115.0,-0.06641567254264369,-0.05107133212150072,-0.2531835468602366,0.08966352093266326,0.0,0.12,0.25,0.2531835468602366,0.3731835468602366,0.2531835468602366,0.3731835468602366,20.215768787326887,57.196832284144605,101.26195235633489,20.215768787326887,101.26195235633489,False,,-0.5026362410074382,0.6515,1.0,0.18187853389644992,0.8206,-0.17107133212150072,0.6515,valid,,,,,False,ok,False,,"Tapestry, Inc.",Consumer Cyclical,Luxury Goods,general_dcf,23235175000.0,0.8206,0.44999400593469857,,0.11177718146769926,0.3382168244669993,0.16967750641430596,0.2391744334224532,0.041361127543141585,1.3497494217424826,0.012876244153975296,-0.04495215288247545,,8.0,2026.0,ttm,2026-08-13,2026-09-18,True,,,,0.2531835468602366,0.09093926694822496,0.125,0.3731835468602366,-0.3731835468602366
145,CCI,73.06,-0.0701719856364765,-0.0797988040780242,-0.0797988040780242,-0.04129153031183341,0.0,0.12,0.75,0.0797988040780242,0.1997988040780242,0.0797988040780242,0.1997988040780242,48.205171759832524,48.205171759832524,59.171487716047444,48.205171759832524,59.171487716047444,False,,-0.34019748480930023,0.6,0.8,0.03725363688309539,1.0,-0.1997988040780242,0.48,valid,,,specialist_model_v1,,False,specialist,False,,Crown Castle Inc.,Real Estate,REIT - Specialty,reit,31927220000.0,,,,,,,,,,,,,,,,,2026-09-18,True,437000000.0,0.969,P/AFFO Gordon proxy; no property-level NOI or maintenance-capex detail,0.0797988040780242,0.018626818441547694,0.375,0.1997988040780242,-0.1997988040780242
146,MMM,165.89,-0.07122765753229028,-0.06182787161669691,-0.17837727751175403,0.017122390615986686,0.0,0.12,0.25,0.17837727751175403,0.298377277511754,0.17837727751175403,0.298377277511754,45.302592343022006,82.32008750130836,116.31944880410313,45.302592343022006,116.31944880410313,False,,-0.5037670293489157,0.7414,0.7,0.11450783406387036,0.9489,-0.1818278716166969,0.5189799999999999,valid,,,,,False,ok,False,,3M Company,Industrials,Conglomerates,general_dcf,85553191756.46982,0.9489,0.31307239394566605,,0.09703331452713435,0.2160390794185317,0.2067602674975359,0.1829004329004329,-0.0381898272428316,1.1928121274058934,0.011133685493701747,-0.017086139095032538,weak_cash_conversion,8.0,2025.0,annual,2026-02-03,2026-09-18,True,,,,0.17837727751175403,0.05725391703193518,0.125,0.298377277511754,-0.298377277511754
147,PGR,213.48,-0.07139378964892831,-0.04191253213249857,-0.24366632312306546,0.04191622879234935,0.0,0.12,0.25,0.24366632312306546,0.36366632312306546,0.24366632312306546,0.36366632312306546,52.835325376504876,172.33877098528433,262.1327038555834,52.835325376504876,262.1327038555834,False,,-0.19271701805656583,0.6,0.8,0.1607912759577074,0.30657828806854137,-0.16191253213249857,0.48,valid,,,specialist_model_v1,,False,specialist,False,,The Progressive Corporation,Financial Services,Insurance - Property & Casualty,insurance,124117272000.0,,,,,,,,,,,,,,,,,2026-09-18,True,581400000.0,0.259,Justified P/B residual-income proxy; no regulatory-capital or reserve-detail model,0.24366632312306546,0.0803956379788537,0.125,0.36366632312306546,-0.36366632312306546
148,WM,211.1,-0.07224365763177044,-0.05933786274399606,-0.18469805076019835,0.014399145721108678,0.0,0.12,0.25,0.18469805076019835,0.30469805076019835,0.18469805076019835,0.30469805076019835,58.001138406839765,109.26092233780817,157.7817161958385,58.001138406839765,157.7817161958385,False,,-0.4824210216115198,0.8492,1.0,0.10407259824065351,0.8107,-0.17933786274399605,0.8492,valid,,,,,False,ok,False,,"Waste Management, Inc.",Industrials,Waste Management,general_dcf,84379875342.0,0.8107,0.11493336236488408,0.10289034716402387,0.06997541969008875,0.04495794267479533,0.18049160262802283,0.18537421591927378,0.07783831760085991,2.9080357142857145,0.00455302065994321,-0.009487314856267304,,8.0,2025.0,ttm,2026-07-29,2026-09-18,True,,,,0.18469805076019835,0.05203629912032676,0.125,0.30469805076019835,-0.30469805076019835
149,TFC,48.56,-0.07542697044176977,-0.028804383477064377,-0.3116346479433283,0.06753553313037797,0.0,0.12,0.25,0.3116346479433283,0.4316346479433283,0.3116346479433283,0.4316346479433283,7.505397374050679,41.957755303409385,67.32717243848998,7.505397374050679,67.32717243848998,False,,-0.1359605580022779,0.6,0.8,0.20758509053685312,0.17887985951052077,-0.14880438347706437,0.48,valid,,,specialist_model_v1,,False,specialist,False,,Truist Financial Corporation,Financial Services,Banks - Regional,bank,60499932800.0,,,,,,,,,,,,,,,,,2026-09-18,True,1245880000.0,0.862,Justified P/B residual-income proxy; no regulatory-capital or reserve-detail model,0.3116346479433283,0.10379254526842656,0.125,0.4316346479433283,-0.4316346479433283
150,MSFT,493.78,-0.07552297724269007,-0.06936638679253516,-0.13851490018350882,-0.02484423520218112,0.0,0.12,0.25,0.13851490018350882,0.2585149001835088,0.13851490018350882,0.2585149001835088,152.70977782543727,220.5567982664533,273.4610331409715,152.70977782543727,273.4610331409715,False,,-0.5533298265088635,0.8924,1.0,0.06006333249066385,0.9713,-0.18936638679253515,0.8924,valid,,,,,False,ok,False,,Microsoft Corporation,Technology,Software - Infrastructure,general_dcf,3666588079000.0,0.9713,0.26042184982291633,0.16825618449363328,0.10375179436598517,0.15667005545693116,0.41914079396076964,0.4678081840892722,0.14856852011738142,0.2615461660417243,0.042502591188539135,-0.0008483283082364457,,8.0,2026.0,ttm,2026-07-29,2026-09-18,True,,,,0.13851490018350882,0.030031666245331923,0.125,0.2585149001835088,-0.2585149001835088
151,BALL,60.15,-0.07604291733878198,-0.04731980847427619,-0.2712782174348831,0.06174616502830761,0.0,0.12,0.25,0.2712782174348831,0.3912782174348831,0.2712782174348831,0.3912782174348831,9.247769438795427,28.999174775184567,50.95580308422943,9.247769438795427,50.95580308422943,False,,-0.51788570614822,0.5350860000000001,1.0,0.18045961123159535,0.679,-0.1673198084742762,0.5350860000000001,valid,,,share_change_floor_hit;reinvestment_cap_hit,,False,ok,False,,Ball Corporation,Consumer Cyclical,Packaging & Containers,general_dcf,16014757050.0,0.679,0.10251720371960853,,0.08362865931012846,0.018888544409480068,0.08794729929249331,0.11068435754189944,0.017786620061432057,3.022911051212938,0.0,-0.058261480905624,elevated_leverage;thin_interest_coverage,8.0,2025.0,ttm,2026-08-04,2026-09-18,True,,,,0.2712782174348831,0.09022980561579767,0.125,0.3912782174348831,-0.3912782174348831
152,WY,21.22,-0.07681477147059312,-0.08670354969525895,-0.08670354969525895,-0.04714843679659564,0.0,0.12,0.75,0.08670354969525895,0.20670354969525895,0.08670354969525895,0.20670354969525895,13.483549318399604,13.483549318399604,16.66754489244288,13.483549318399604,16.66754489244288,False,,-0.36458297274271423,0.6,0.8,0.03777755644933165,1.0,-0.20670354969525895,0.48,valid,,,specialist_model_v1,,False,specialist,False,,Weyerhaeuser Company,Real Estate,REIT - Specialty,reit,15300524163.0,,,,,,,,,,,,,,,,,2026-09-18,True,721042609.0009426,0.89,P/AFFO Gordon proxy; no property-level NOI or maintenance-capex detail,0.08670354969525895,0.018888778224665826,0.375,0.20670354969525895,-0.20670354969525895
153,DVA,183.86,-0.07686293334845683,-0.03689470297249496,-0.3041931571118766,0.07053082966303921,0.0,0.12,0.25,0.3041931571118766,0.4241931571118766,0.3041931571118766,0.4241931571118766,22.39449586421226,100.11137972504562,170.09128257254187,22.39449586421226,170.09128257254187,False,,-0.4555021226746132,0.8729,0.7,0.2001749933874579,0.782,-0.15689470297249497,0.61103,valid,,,,,False,ok,False,,DaVita Inc.,Healthcare,Medical - Care Facilities,general_dcf,11803812000.0,0.782,0.11645443881875096,0.1227338483621266,0.08008885765592247,0.036365581162828495,0.14550525066336295,0.14737263294644334,0.025929444209832786,5.234091218406119,0.009256477701629148,-0.027658629253879186,elevated_leverage;thin_interest_coverage,8.0,2025.0,annual,2026-02-11,2026-09-18,True,,,,0.3041931571118766,0.10008749669372895,0.125,0.4241931571118766,-0.4241931571118766
154,MAA,118.93,-0.07773382173049148,-0.08844362883533041,-0.08844362883533041,-0.04560440041597469,0.0,0.12,0.75,0.08844362883533041,0.2084436288353304,0.08844362883533041,0.2084436288353304,74.85297624206038,74.85297624206038,94.17455142716997,74.85297624206038,94.17455142716997,False,,-0.3706131653740824,0.6,0.8,0.03941961420967786,1.0,-0.2084436288353304,0.48,valid,,,specialist_model_v1,,False,specialist,False,,"Mid-America Apartment Communities, Inc.",Real Estate,REIT - Residential,reit,13841644502.0,,,,,,,,,,,,,,,,,2026-09-18,True,116384802.00117716,0.715,P/AFFO Gordon proxy; no property-level NOI or maintenance-capex detail,0.08844362883533041,0.01970980710483893,0.375,0.2084436288353304,-0.2084436288353304
155,BBY,92.85,-0.07840035008994162,-0.07836666703224182,-0.10631068543880243,-0.05055738085648041,0.0,0.12,0.75,0.10631068543880243,0.22631068543880242,0.10631068543880243,0.22631068543880242,36.82005747361501,38.713944352729435,39.90228091816088,36.82005747361501,39.90228091816088,False,,-0.5830485260879974,0.656829,1.0,0.038171782291161006,0.9551,-0.19836666703224182,0.656829,valid,,,forward_roic_floor_hit;reinvestment_cap_hit,,False,ok,False,,"Best Buy Co., Inc.",Consumer Cyclical,Specialty Retail,general_dcf,19569715950.0,0.9551,0.2794593460115472,-0.7173123244092846,0.10396677415054342,0.17549257186100378,0.043143110587273464,0.043577166417857395,-0.004005800635851875,0.7121729237770194,0.0033370155573966675,-0.01958041782842479,incremental_roic_below_wacc,8.0,2026.0,ttm,2026-09-04,2026-09-18,True,,,,0.10631068543880243,0.019085891145580503,0.375,0.22631068543880242,-0.22631068543880242
156,GPC,128.08,-0.07941878395795354,-0.07933013921719972,-0.1608117401716299,0.0017968827742152194,0.0,0.12,0.75,0.1608117401716299,0.2808117401716299,0.1608117401716299,0.2808117401716299,38.16002476887661,50.964454897744496,83.95232435816814,38.16002476887661,83.95232435816814,False,,-0.6020888905547744,0.7065,1.0,0.09010931147292256,0.7121,-0.19933013921719972,0.7065,valid,,,reinvestment_cap_hit,,False,ok,False,,Genuine Parts Company,Consumer Cyclical,Auto - Parts,general_dcf,17657077805.0,0.7121,0.071265139769287,0.00652465213536238,0.07362753600564079,-0.0023623962363537865,0.061460954263392015,0.040090041544320096,0.053860976464620514,3.880246403380469,0.002010152945203075,-0.01018617593716209,elevated_leverage;incremental_roic_below_wacc,8.0,2025.0,ttm,2026-07-21,2026-09-18,True,,,,0.1608117401716299,0.04505465573646128,0.375,0.2808117401716299,-0.2808117401716299
157,EW,88.26,-0.07970845899253616,-0.0794484704907518,-0.11416935914312484,-0.04576753584551622,0.0,0.12,0.75,0.11416935914312484,0.23416935914312484,0.11416935914312484,0.23416935914312484,33.694014112894884,40.044982380384695,46.23247235754173,33.694014112894884,46.23247235754173,False,,-0.5462839068617189,0.74331,0.95,0.043401611648804315,0.9611,-0.1994484704907518,0.7061445,valid,,,reinvestment_cap_hit,,False,ok,False,,Edwards Lifesciences Corporation,Healthcare,Medical - Devices,general_dcf,50820108000.0,0.9611,0.23115851288466588,0.01311753128077258,0.09253291696479092,0.13862559591987494,0.28914920347335843,0.28094528814704484,0.07227640149460335,-1.7785073429903262,0.027824351297405188,-0.0255314960308628,weak_cash_conversion;incremental_roic_below_wacc,8.0,2025.0,ttm,2026-08-04,2026-09-18,True,,,,0.11416935914312484,0.021700805824402158,0.375,0.23416935914312484,-0.23416935914312484
158,VZ,48.09,-0.08039190690615211,-0.08050788949476552,-0.1557074780575931,-0.0048443705774843405,0.0,0.12,0.75,0.1557074780575931,0.2757074780575931,0.1557074780575931,0.2757074780575931,16.290513204203638,18.66746121907156,29.97726145197373,16.290513204203638,29.97726145197373,False,,-0.6118223909529724,0.7260840000000001,1.0,0.08364903374005438,0.7439,-0.2005078894947655,0.7260840000000001,valid,,,forward_roic_floor_hit;reinvestment_cap_hit,,False,ok,False,,Verizon Communications Inc.,Communication Services,Telecommunications Services,general_dcf,200802680400.0,0.7439,0.07587896882153765,-0.07161350908395321,0.07245814059385505,0.0034208282276825958,0.22817686263697068,0.20540696209366788,0.007814059039057186,3.925116151954086,0.0,-0.0026234320384361798,elevated_leverage;thin_interest_coverage;incremental_roic_below_wacc,8.0,2025.0,ttm,2026-07-31,2026-09-18,True,,,,0.1557074780575931,0.04182451687002719,0.375,0.2757074780575931,-0.2757074780575931
159,GOOG,344.41,-0.08102060610326585,-0.07405295461649071,-0.1609344202384818,-0.0150420949416002,0.0,0.12,0.75,0.1609344202384818,0.2809344202384818,0.1609344202384818,0.2809344202384818,95.52642349539816,152.55967120838943,199.30430130048975,95.52642349539816,199.30430130048975,False,,-0.5570405295769885,0.7373,1.0,0.08082716264844081,0.922,-0.1940529546164907,0.7373,valid,,,,,False,ok,False,,Alphabet Inc.,Communication Services,Internet Content & Information,general_dcf,4179726163492.9995,0.922,0.2428874019472167,0.20436244659984693,0.10937356466646167,0.13351383728075503,0.2694154064384683,0.3314807587930006,0.16680265592600962,-0.749672027879075,0.065096652172174,-0.02201252034036738,heavy_sbc,8.0,2025.0,ttm,2026-07-23,2026-09-18,True,,,,0.1609344202384818,0.040413581324220405,0.375,0.2809344202384818,-0.2809344202384818
160,SPG,205.32,-0.08108143736023238,-0.08292788830967046,-0.1296669910427627,-0.028802981778825898,0.0,0.12,0.75,0.1296669910427627,0.2496669910427627,0.1296669910427627,0.2496669910427627,102.53178821443227,133.18296800733265,177.40585844887266,102.53178821443227,177.40585844887266,False,,-0.3513395285051011,0.6,0.8,0.06843200463196839,0.7698566096588806,-0.20292788830967046,0.48,valid,,,specialist_model_v1,,False,specialist,False,,"Simon Property Group, Inc.",Real Estate,REIT - Retail,reit,66581580240.0,,,,,,,,,,,,,,,,,2026-09-18,True,324282000.0,1.312,P/AFFO Gordon proxy; no property-level NOI or maintenance-capex detail,0.1296669910427627,0.03421600231598419,0.375,0.2496669910427627,-0.2496669910427627
161,SJM,122.95,-0.08150505984813203,0.01945540712331425,-0.5473346051934639,0.18240355155430732,0.25,0.12,0.25,0.5473346051934639,0.6673346051934639,0.5473346051934639,0.6673346051934639,6.880909889188396,95.97456728943186,199.38377035607527,6.880909889188396,199.38377035607527,False,,-0.21940164872361234,0.706,1.0,0.3736890783738856,0.4156,-0.10054459287668574,0.706,valid,,,,,False,ok,False,,The J. M. Smucker Company,Consumer Defensive,Packaged Foods,general_dcf,13140980836.0,0.4156,0.10696100392373654,,0.0660059632383955,0.040955040685341046,0.13818781635690608,0.19690069783441994,0.020767052789140816,2.913701483654296,0.0029222248034528717,0.0028169162889233323,thin_interest_coverage,8.0,2026.0,ttm,2026-08-26,2026-09-18,True,,,,0.5473346051934639,0.1868445391869428,0.125,0.6673346051934639,-0.6673346051934639
162,CVS,88.84,-0.08199327860638729,-0.05183507713954893,-0.3263994115346577,0.10209645138820637,0.0,0.12,0.25,0.3263994115346577,0.4463994115346577,0.3263994115346577,0.4463994115346577,9.757342087882074,41.850891012175076,100.78461240977931,9.757342087882074,100.78461240977931,False,,-0.528918381222703,0.505764,1.0,0.22907501146143203,0.4163,-0.17183507713954893,0.505764,valid,,,forward_roic_floor_hit;reinvestment_cap_hit,,False,ok,False,,CVS Health Corp.,Healthcare,Medical - Healthcare Plans,general_dcf,113353621200.0,0.4163,0.043390673860166755,-0.11097765204606212,0.07423414259040231,-0.03084346873023556,0.032120665582538864,0.01996694660865459,0.10924868668053822,6.667522190140092,0.0014484628858208895,-0.010181414715909831,elevated_leverage;thin_interest_coverage;incremental_roic_below_wacc,8.0,2025.0,ttm,2026-08-05,2026-09-18,True,,,,0.3263994115346577,0.11453750573071601,0.125,0.4463994115346577,-0.4463994115346577
163,ADSK,216.95,-0.08273482277363653,-0.07261786055460105,-0.19756640298583072,0.011862833000486744,0.0,0.12,0.75,0.19756640298583072,0.3175664029858307,0.19756640298583072,0.3175664029858307,52.326165364059115,99.73429805303637,143.5443050453292,52.326165364059115,143.5443050453292,False,,-0.5402890156578181,0.6606,1.0,0.11489661799315873,0.8164,-0.19261786055460106,0.6606,valid,,,forward_roic_cap_hit,,False,ok,False,,"Autodesk, Inc.",Technology,Software - Application,general_dcf,45807962204.0,0.8164,0.5878768409704991,0.9112533635999258,0.11081750524742187,0.47705933572307724,0.1817827291442067,0.2754813863928113,0.1586991935968085,-0.19173412867490414,0.11140107649649324,-0.009259790999624373,heavy_sbc;peak_cycle_margins,8.0,2026.0,ttm,2026-08-28,2026-09-18,True,,,,0.19756640298583072,0.057448308996579364,0.375,0.3175664029858307,-0.3175664029858307
164,MDLZ,60.85,-0.0834420300874626,-0.08103628075914454,-0.18190036553423847,0.010204806702677191,0.0,0.12,0.75,0.18190036553423847,0.3019003655342385,0.18190036553423847,0.3019003655342385,17.218977955375802,25.646051854227473,43.72259039869421,17.218977955375802,43.72259039869421,False,,-0.5785365348524656,0.611631,1.0,0.10770365611845782,0.4807,-0.20103628075914454,0.611631,valid,,,forward_roic_floor_hit;reinvestment_cap_hit,,False,ok,False,,"Mondelez International, Inc.",Consumer Defensive,Food Confectioners,general_dcf,77663463500.0,0.4807,0.07340546114766142,-0.5531695634595382,0.0694531592798063,0.0039523018678551125,0.1467575459152321,0.11415248897290485,0.05818855387889599,3.4380598276153456,0.004033917839795834,-0.022903224484404072,elevated_leverage;incremental_roic_below_wacc,8.0,2025.0,ttm,2026-07-28,2026-09-18,True,,,,0.18190036553423847,0.05385182805922891,0.375,0.3019003655342385,-0.3019003655342385
165,RSG,218.07,-0.08376971400648471,-0.06928698263654949,-0.2061379851627862,0.009633094409946384,0.0,0.12,0.25,0.2061379851627862,0.3261379851627862,0.2061379851627862,0.3261379851627862,53.98490722273477,108.46507665981105,160.0168867523352,53.98490722273477,160.0168867523352,False,,-0.5026134880551609,0.8346,1.0,0.11284753978636629,0.7896,-0.18928698263654947,0.8346,valid,,,,,False,ok,False,,"Republic Services, Inc.",Industrials,Waste Management,general_dcf,67092288480.0,0.7896,0.10596839232559875,0.14611973123002106,0.07131429163696187,0.03465410068863688,0.1819383189583541,0.2,0.0743948770161611,2.4236419542193373,0.002619760479041916,-0.010066942453016647,,8.0,2025.0,ttm,2026-08-07,2026-09-18,True,,,,0.2061379851627862,0.056423769893183144,0.125,0.3261379851627862,-0.3261379851627862
166,NOC,527.39,-0.08428623035724739,-0.08623530375916744,-0.15315210583939914,-0.011522208071255563,0.0,0.12,0.75,0.15315210583939914,0.27315210583939914,0.15315210583939914,0.27315210583939914,175.93175890326242,218.72378493768585,337.8870975724778,175.93175890326242,337.8870975724778,False,,-0.5852712699564158,0.62856,1.0,0.0819581488840718,0.7557,-0.20623530375916743,0.62856,valid,,,forward_roic_floor_hit;reinvestment_cap_hit,,False,ok,False,,Northrop Grumman Corporation,Industrials,Aerospace & Defense,general_dcf,74922605570.0,0.7557,0.11609902537122374,-0.18236401268334634,0.07153742525094492,0.04456160012027882,0.10848230245639823,0.10181385806210948,0.048603467408775636,2.3734510269903244,0.002461433480369459,-0.029117218742081397,incremental_roic_below_wacc,8.0,2025.0,ttm,2026-07-21,2026-09-18,True,,,,0.15315210583939914,0.0409790744420359,0.375,0.27315210583939914,-0.27315210583939914
167,CMI,532.23,-0.0854992931592278,-0.07908465218788475,-0.1789900831194245,-0.004837785141717149,0.0,0.12,0.75,0.1789900831194245,0.2989900831194245,0.1789900831194245,0.2989900831194245,141.09691049127184,224.7852895734591,315.90967351362286,141.09691049127184,315.90967351362286,False,,-0.5776538534591078,0.6769,1.0,0.09676914898885368,0.8126,-0.19908465218788474,0.6769,valid,,,,,False,ok,False,,Cummins Inc.,Industrials,Industrial - Machinery,general_dcf,73441885470.0,0.8126,0.17522750228907755,0.13010139299735682,0.10525784020348647,0.06996966208559108,0.11359188026109883,0.11129998847527947,0.05099192828886134,0.8753762793497892,0.0,-0.008743358682304914,,8.0,2025.0,ttm,2026-08-04,2026-09-18,True,,,,0.1789900831194245,0.04838457449442684,0.375,0.2989900831194245,-0.2989900831194245
168,PLD,134.84,-0.08566523031747433,-0.07105433427440055,-0.12949791844669567,-0.07105433427440055,0.0,0.12,1.0,0.12949791844669567,0.24949791844669567,0.12949791844669567,0.24949791844669567,67.4012286891073,93.2760845767414,93.2760845767414,67.4012286891073,93.2760845767414,False,,-0.30824618379752744,0.6,0.8,0.04722179208614755,0.722599249260447,-0.19105433427440055,0.48,valid,,,specialist_model_v1,,False,specialist,False,,"Prologis, Inc.",Real Estate,REIT - Industrial,reit,125815967840.0,,,,,,,,,,,,,,,,,2026-09-18,True,933076000.0,1.316,P/AFFO Gordon proxy; no property-level NOI or maintenance-capex detail,0.12949791844669567,0.023610896043073776,0.5,0.24949791844669567,-0.24949791844669567
169,KO,88.25,-0.087358336528996,-0.07465609237551687,-0.19673269384074957,-0.00338846752420065,0.0,0.12,0.75,0.19673269384074957,0.31673269384074954,0.19673269384074957,0.31673269384074954,23.605145468117264,44.033625636100105,61.895357077522306,23.605145468117264,61.895357077522306,False,,-0.5010354035569393,0.8138,1.0,0.10225811315827446,0.924,-0.19465609237551687,0.8138,valid,,,,,False,ok,False,,The Coca-Cola Company,Consumer Defensive,Beverages - Non-Alcoholic,general_dcf,379699943426.0,0.924,0.19150834735521824,0.26614620905089226,0.07284150192719718,0.11866684542802106,0.2667444120505345,0.2963155059945341,0.04899466931403018,1.710221550855992,0.0058196533238772654,-0.0028433258819251517,weak_cash_conversion,8.0,2025.0,ttm,2026-07-29,2026-09-18,True,,,,0.19673269384074957,0.05112905657913723,0.375,0.31673269384074954,-0.31673269384074954
170,ALGN,147.61,-0.08984049543141734,-0.0960979432624299,-0.1451522425661096,-0.022013852634699987,0.0,0.12,0.75,0.1451522425661096,0.2651522425661096,0.1451522425661096,0.2651522425661096,48.28776207181607,50.25852404248482,73.1670738300362,48.28776207181607,73.1670738300362,False,,-0.6595181624382845,0.42840900000000004,0.6499999999999999,0.0892169249657048,0.7084,-0.2160979432624299,0.27846585,valid,,,forward_roic_floor_hit;reinvestment_cap_hit,,False,ok,False,,"Align Technology, Inc.",Healthcare,Medical - Devices,general_dcf,10571551725.999998,0.7084,0.14695696076029993,-0.5358257089366919,0.13153980250400357,0.01541715825629636,0.1693170094374621,0.15271908249986865,0.10813455367511038,-1.1485499946113873,0.04343647881026613,-0.025430839830211993,cyclical_revenue;incremental_roic_below_wacc,8.0,2025.0,annual,2026-02-27,2026-09-18,True,,,,0.1451522425661096,0.0446084624828524,0.375,0.2651522425661096,-0.2651522425661096
171,JPM,349.67,-0.09157828832702417,-0.07830531670803875,-0.1706310754786553,-0.039071444413363854,0.0,0.12,0.75,0.1706310754786553,0.2906310754786553,0.1706310754786553,0.2906310754786553,137.2136027944438,232.5914708616682,286.4929044646471,137.2136027944438,286.4929044646471,False,,-0.3348257761270106,0.6,0.8,0.08377981553264571,0.5899339399080993,-0.19830531670803875,0.48,valid,,,specialist_model_v1,,False,specialist,False,,JPMorgan Chase & Co.,Financial Services,Banks - Diversified,bank,936944261700.0,,,,,,,,,,,,,,,,,2026-09-18,True,2679510000.0,0.975,Justified P/B residual-income proxy; no regulatory-capital or reserve-detail model,0.1706310754786553,0.041889907766322856,0.375,0.2906310754786553,-0.2906310754786553
172,FAST,49.01,-0.09204481948399915,-0.08242082417709751,-0.16887245092075318,-0.03446517866104838,0.0,0.12,0.75,0.16887245092075318,0.2888724509207532,0.16887245092075318,0.2888724509207532,14.529715651621848,22.444997952042513,28.312086453152652,14.529715651621848,28.312086453152652,False,,-0.5420322801052333,0.9095,1.0,0.06991863612985239,0.995,-0.2024208241770975,0.9095,valid,,,,,False,ok,False,,Fastenal Company,Industrials,Industrial - Distribution,general_dcf,56238975000.0,0.995,0.31318996629376483,0.4999846681073931,0.08546725710860094,0.2277227091851639,0.20204371901989834,0.20289623169853588,0.07431176869979028,0.1211377122979333,0.001024327784891165,-0.0002739811860511532,,8.0,2025.0,ttm,2026-07-16,2026-09-18,True,,,,0.16887245092075318,0.03495931806492619,0.375,0.2888724509207532,-0.2888724509207532
173,DOC,20.33,-0.09208994873455412,-0.10141128408915534,-0.10141128408915534,-0.06412594267075045,0.0,0.12,0.75,0.10141128408915534,0.22141128408915534,0.10141128408915534,0.22141128408915534,11.910834266305065,11.910834266305065,14.595682987082387,11.910834266305065,14.595682987082387,False,,-0.41412522054574197,0.6,0.8,0.03664267070920244,1.0,-0.22141128408915534,0.48,valid,,,specialist_model_v1,,False,specialist,False,,"Healthpeak Properties, Inc.",Real Estate,REIT - Healthcare Facilities,reit,14015908599.999998,,,,,,,,,,,,,,,,,2026-09-18,True,689420000.0,0.989,P/AFFO Gordon proxy; no property-level NOI or maintenance-capex detail,0.10141128408915534,0.01832133535460122,0.375,0.22141128408915534,-0.22141128408915534
174,ITW,269.42,-0.09246585405635412,-0.0836294467488187,-0.18282523844391108,-0.01977928428386801,0.0,0.12,0.75,0.18282523844391108,0.30282523844391107,0.18282523844391108,0.30282523844391107,71.17320533890819,120.8878621968224,160.8508863629647,71.17320533890819,160.8508863629647,False,,-0.5513033100852855,0.8492,1.0,0.08604697708002153,0.9848,-0.2036294467488187,0.8492,valid,,,,,False,ok,False,,Illinois Tool Works Inc.,Industrials,Industrial - Machinery,general_dcf,77512134000.0,0.9848,0.28850017127133576,0.4208160594421664,0.09446018148669044,0.19403998978464532,0.24190478911019891,0.26498269475985187,0.011909252837439377,1.8587321578505458,0.00428385174147886,-0.02610183436957758,,8.0,2025.0,ttm,2026-08-06,2026-09-18,True,,,,0.18282523844391108,0.043023488540010764,0.375,0.30282523844391107,-0.30282523844391107
175,RL,335.1,-0.09313557485693308,-0.08449542103480778,-0.24479967050865525,0.04124821315053853,0.0,0.12,0.75,0.24479967050865525,0.36479967050865525,0.24479967050865525,0.36479967050865525,63.639652328743836,147.94467660803457,249.39143604654856,63.639652328743836,249.39143604654856,False,,-0.558505888964385,0.537,1.0,0.15691394182959686,0.8708,-0.20449542103480778,0.537,valid,,,,,False,ok,False,,Ralph Lauren Corporation,Consumer Cyclical,Apparel - Manufacturers,general_dcf,20441037001.0,0.8708,0.2622900167221947,0.696809468882311,0.10929641078069087,0.15299360594150385,0.11167506474262193,0.1493680582152432,0.03651392104845108,0.715642683912692,0.015004373133878215,-0.03867450275717699,cyclical_revenue,8.0,2026.0,ttm,2026-08-06,2026-09-18,True,,,,0.24479967050865525,0.07845697091479843,0.375,0.36479967050865525,-0.36479967050865525
176,ROST,226.61,-0.09367621813726142,-0.08787201528612056,-0.20172587163979183,0.002765029662987244,0.0,0.12,0.75,0.20172587163979183,0.3217258716397918,0.20172587163979183,0.3217258716397918,57.59581560189514,103.56173077959554,154.13625880219553,57.59581560189514,154.13625880219553,False,,-0.5429957602065419,0.5573,1.0,0.11552645065138954,0.9243,-0.20787201528612054,0.5573,valid,,,,,False,ok,False,,"Ross Stores, Inc.",Consumer Cyclical,Apparel - Retail,general_dcf,72692199632.0,0.9243,0.35791176633522975,0.13945448458229762,0.0904838849459376,0.26742788138929213,0.12068597176322433,0.13749529920244938,0.061478219668546163,0.10989460374552985,0.007397244545574543,-0.02462356683731426,cyclical_revenue,8.0,2025.0,ttm,2026-09-01,2026-09-18,True,,,,0.20172587163979183,0.05776322532569477,0.375,0.3217258716397918,-0.3217258716397918
177,FICO,949.68,-0.09396931662740823,-0.07246947798776089,-0.2502380579535384,0.019299747419427176,0.0,0.12,0.25,0.2502380579535384,0.37023805795353837,0.2502380579535384,0.37023805795353837,130.90141252226772,386.5809420518266,616.0815046525519,130.90141252226772,616.0815046525519,False,,-0.5929355761395138,0.69795,1.0,0.14383040268648278,0.9176,-0.19246947798776087,0.69795,valid,,,forward_roic_cap_hit,,False,ok,False,,Fair Isaac Corporation,Technology,Software - Application,general_dcf,20510842956.0,0.9176,0.7951425991995238,2.028945268637725,0.10237191786873619,0.6927706813307876,0.3888932635167768,0.5165068986766657,0.09834200068390975,4.27130837196453,0.08182513113150017,-0.048408196573786144,elevated_leverage;heavy_sbc,8.0,2025.0,ttm,2026-07-29,2026-09-18,True,,,,0.2502380579535384,0.07191520134324139,0.125,0.37023805795353837,-0.37023805795353837
178,STE,205.04,-0.09464912979310608,-0.08582257320813366,-0.1938262082490837,-0.013125164507073322,0.0,0.12,0.75,0.1938262082490837,0.3138262082490837,0.1938262082490837,0.3138262082490837,52.80470590090089,85.8297377681362,120.69722736475731,52.80470590090089,120.69722736475731,False,,-0.5814000303934053,0.6275700000000001,1.0,0.10152342187100519,0.447,-0.20582257320813366,0.6275700000000001,valid,,,reinvestment_cap_hit,,False,ok,False,,STERIS plc,Healthcare,Medical - Specialties,general_dcf,19982726808.0,0.447,0.1017250702796889,,0.09162949970295681,0.01009557057673209,0.1685523738913676,0.18908488612836438,0.11433225549041048,0.9569372128637059,0.01051320492754393,-0.007862466369827348,,8.0,2026.0,ttm,2026-08-07,2026-09-18,True,,,,0.1938262082490837,0.050761710935502594,0.375,0.3138262082490837,-0.3138262082490837
179,HD,299.98,-0.09497509278698996,-0.09951027073402655,-0.13085866872279434,-0.050021160957112405,0.0,0.12,0.75,0.13085866872279434,0.25085866872279433,0.13085866872279434,0.25085866872279433,98.42329407470586,98.42329407470586,134.7367449988318,100.96185387484918,134.7367449988318,True,"growth destroys value: forward ROIC 2.9% at/below WACC 8.9%, so higher-growth scenarios reinvest below the cost of capital and are worth less than the bear case",-0.671900479782966,0.76464,1.0,0.04747955388284097,0.9297,-0.21951027073402654,0.76464,valid,,,reinvestment_cap_hit,,False,ok,False,,"The Home Depot, Inc.",Consumer Cyclical,Home Improvement,general_dcf,299115157660.0,0.9297,0.20749522649054986,-0.04736403118234224,0.08949306016460722,0.11800216632594264,0.14279601693997807,0.12426112450938667,0.06183856728649273,2.3874787826155606,0.002770916659352784,-0.009521261005304371,incremental_roic_below_wacc,8.0,2025.0,ttm,2026-08-25,2026-09-18,True,,,,0.13085866872279434,0.023739776941420484,0.375,0.25085866872279433,-0.25085866872279433
180,UNP,279.37,-0.09696827752450188,-0.09071235915907888,-0.17535002739314226,-0.031098364386707517,0.0,0.12,0.75,0.17535002739314226,0.29535002739314226,0.17535002739314226,0.29535002739314226,75.80747592286708,115.69828631783855,151.92526303636924,75.80747592286708,151.92526303636924,False,,-0.5858600196233005,0.8274,1.0,0.07730383150321737,0.8486,-0.21071235915907888,0.8274,valid,,,,,False,ok,False,,Union Pacific Corporation,Industrials,Railroads,general_dcf,165966871876.0,0.8486,0.15711371343584235,0.0937992238101382,0.09076813178917284,0.06634558164666951,0.39960472465419883,0.39929161747343567,0.010182656377619725,2.295204992495458,0.0,-0.016289549645743695,,8.0,2025.0,ttm,2026-07-23,2026-09-18,True,,,,0.17535002739314226,0.03865191575160869,0.375,0.29535002739314226,-0.29535002739314226
181,GWW,1266.61,-0.09866728520746615,-0.09203280672809339,-0.18548774678929472,-0.025115780584383136,0.0,0.12,0.75,0.18548774678929472,0.3054877467892947,0.18548774678929472,0.3054877467892947,328.2490105374989,544.3878846989675,735.0616277700932,328.2490105374989,735.0616277700932,False,,-0.5702008631710096,0.8201,1.0,0.0855829831024558,0.9434,-0.21203280672809338,0.8201,valid,,,,,False,ok,False,,"W.W. Grainger, Inc.",Industrials,Industrial - Distribution,general_dcf,59800584591.00001,0.9434,0.32755331549379885,0.4509324118893471,0.09945161999599365,0.22810169549780518,0.13212734752047384,0.1456619793048554,0.06935006106097008,0.7355096602265156,0.0036113699906803356,-0.025429158294256182,,8.0,2025.0,ttm,2026-08-04,2026-09-18,True,,,,0.18548774678929472,0.0427914915512279,0.375,0.3054877467892947,-0.3054877467892947
182,FSLR,195.96,-0.0992110081049759,-0.0889272824511863,-0.2848591562578804,0.0658696887403494,0.0,0.12,0.75,0.2848591562578804,0.4048591562578804,0.2848591562578804,0.4048591562578804,35.77125281010935,82.23556715300481,152.14381094443672,35.77125281010935,152.14381094443672,False,,-0.5803451359818085,0.4526,1.0,0.19178642249911487,0.3428,-0.2089272824511863,0.4526,valid,,,,,False,ok,False,,"First Solar, Inc.",Energy,Solar,general_dcf,21059779461.0,0.3428,0.18534888198808655,0.3431737948737307,0.13603653562566692,0.04931234636241963,0.15890352931345095,0.3364964873092973,0.1281571554750882,-0.6431166207213946,0.006681423934494278,0.0036810645035771916,cyclical_revenue;peak_cycle_margins,8.0,2025.0,ttm,2026-07-30,2026-09-18,True,,,,0.2848591562578804,0.09589321124955744,0.375,0.4048591562578804,-0.4048591562578804
183,EQIX,1021.34,-0.10094756804486255,-0.08181227277000824,-0.15835345386942545,-0.08181227277000824,0.0,0.12,1.0,0.15835345386942545,0.27835345386942545,0.15835345386942545,0.27835345386942545,431.3393393138138,666.5423661480834,666.5423661480834,431.3393393138138,666.5423661480834,False,,-0.3473844496954165,0.6,0.8,0.0562705905497086,0.6471296668004816,-0.20181227277000824,0.48,valid,,,specialist_model_v1,,False,specialist,False,,"Equinix, Inc.",Real Estate,REIT - Specialty,reit,100777339779.0,,,,,,,,,,,,,,,,,2026-09-18,True,98671685.99976501,0.973,P/AFFO Gordon proxy; no property-level NOI or maintenance-capex detail,0.15835345386942545,0.0281352952748543,0.5,0.27835345386942545,-0.27835345386942545
184,TDY,603.46,-0.1010541567799009,-0.08962083565129429,-0.22814817238686366,0.0031732165698486192,0.0,0.12,0.75,0.22814817238686366,0.3481481723868637,0.22814817238686366,0.3481481723868637,128.24712634359895,257.2806201817638,397.3762471330313,128.24712634359895,397.3762471330313,False,,-0.5736575412094194,0.6439,1.0,0.12634369447835614,0.6606,-0.2096208356512943,0.6439,valid,,,,,False,ok,False,,Teledyne Technologies Incorporated,Technology,"Hardware, Equipment & Parts",general_dcf,27972842169.0,0.6606,0.08383687047928738,0.28773128831523037,0.09279700045844258,-0.008960129979155199,0.1650039602819721,0.19448104919678716,0.11237458070703754,1.0665107163178857,0.005731523378582202,-0.005622044306011653,cyclical_revenue,8.0,2025.0,ttm,2026-07-24,2026-09-18,True,,,,0.22814817238686366,0.06317184723917807,0.375,0.3481481723868637,-0.3481481723868637
185,PODD,140.6,-0.10226030451158293,-0.08575404923467429,-0.26010011955804657,0.022566999981063436,0.0,0.12,0.75,0.26010011955804657,0.38010011955804657,0.26010011955804657,0.38010011955804657,21.93612358309658,58.79600456868357,98.64936675486791,21.93612358309658,98.64936675486791,False,,-0.5818207356423644,0.6933,1.0,0.150534559769555,0.4982,-0.20575404923467427,0.6933,valid,,,,,False,ok,False,,Insulet Corp.,Healthcare,Medical - Devices,general_dcf,9738613164.0,0.4982,0.21464763294319028,0.33265370660312693,0.0992295595759555,0.11541807336723478,0.09120143577728251,0.16892091043065335,0.2512966236922243,0.6722484148918875,0.028460314654410464,-0.0024232612437863343,peak_cycle_margins,8.0,2025.0,ttm,2026-08-05,2026-09-18,True,,,,0.26010011955804657,0.0752672798847775,0.375,0.38010011955804657,-0.38010011955804657
186,LOW,192.49,-0.10331824622917338,-0.11108741942007327,-0.16905469602788797,-0.022043450048658972,0.0,0.12,0.75,0.16905469602788797,0.28905469602788797,0.16905469602788797,0.28905469602788797,55.16304588303708,56.048644168704605,103.37609472775848,55.16304588303708,103.37609472775848,False,,-0.7088230860371728,0.5946210000000001,1.0,0.0856669929896145,0.9372,-0.23108741942007327,0.5946210000000001,valid,,,forward_roic_floor_hit;reinvestment_cap_hit,,False,ok,False,,"Lowe's Companies, Inc.",Consumer Cyclical,Home Improvement,general_dcf,107930490430.0,0.9372,0.24976319881583017,-0.14329235242671895,0.080309719375136,0.16945347944069417,0.11266892234420117,0.11380927105449398,0.027609235184565373,3.0272812793979305,0.002641202763104429,-0.039008478793996604,elevated_leverage;incremental_roic_below_wacc,8.0,2025.0,ttm,2026-08-27,2026-09-18,True,,,,0.16905469602788797,0.04283349649480725,0.375,0.28905469602788797,-0.28905469602788797
187,BAC,57.73,-0.10356553453228995,-0.08775830214540348,-0.1948927661644393,-0.04385276767391355,0.0,0.12,0.75,0.1948927661644393,0.3148927661644393,0.1948927661644393,0.3148927661644393,19.528559142961946,36.471292594208435,46.13445757759287,19.528559142961946,46.13445757759287,False,,-0.36824367583217676,0.6,0.8,0.09351999924526286,0.5354501514449488,-0.20775830214540347,0.48,valid,,,specialist_model_v1,,False,specialist,False,,Bank of America Corporation,Financial Services,Banks - Diversified,bank,409686140700.0,,,,,,,,,,,,,,,,,2026-09-18,True,7096590000.0,1.164,Justified P/B residual-income proxy; no regulatory-capital or reserve-detail model,0.1948927661644393,0.04675999962263143,0.375,0.3148927661644393,-0.3148927661644393
188,DGX,246.45,-0.10379746827748018,-0.10322517023014367,-0.1957385697547579,-0.013000962894875526,0.0,0.12,0.75,0.1957385697547579,0.3157385697547579,0.1957385697547579,0.3157385697547579,63.89896546379595,89.86836927801747,154.3901821977821,63.89896546379595,154.3901821977821,False,,-0.6353484711786672,0.5627880000000001,1.0,0.10448516342994119,0.725,-0.22322517023014365,0.5627880000000001,valid,,,forward_roic_floor_hit;reinvestment_cap_hit,,False,ok,False,,Quest Diagnostics Incorporated,Healthcare,Medical - Diagnostics & Research,general_dcf,27201425850.0,0.725,0.09601968769607533,-0.182444261713831,0.07245547212509831,0.023564215570977015,0.14573039501972124,0.14143598615916955,0.056094577724565386,2.599097065462754,0.00832252485948984,-0.017244827160577514,incremental_roic_below_wacc,8.0,2025.0,ttm,2026-07-23,2026-09-18,True,,,,0.1957385697547579,0.05224258171497059,0.375,0.3157385697547579,-0.3157385697547579
189,MET,97.04,-0.10393143686400638,-0.08085198478687783,-0.2406873126929442,-0.013334465189325684,0.0,0.12,0.75,0.2406873126929442,0.3606873126929442,0.2406873126929442,0.3606873126929442,24.493681741719897,63.661674320973,90.74037684212107,24.493681741719897,90.74037684212107,False,,-0.3439646092232791,0.6,0.8,0.13167642375180924,0.38474768379836005,-0.20085198478687782,0.48,valid,,,specialist_model_v1,,False,specialist,False,,"MetLife, Inc.",Financial Services,Insurance - Life,insurance,62439105033.99999,,,,,,,,,,,,,,,,,2026-09-18,True,643436778.9983511,0.759,Justified P/B residual-income proxy; no regulatory-capital or reserve-detail model,0.2406873126929442,0.06583821187590462,0.375,0.3606873126929442,-0.3606873126929442
190,KEY,20.81,-0.10611588238524378,-0.053585336472632195,-0.36404819038757585,0.04675533379186514,0.0,0.12,0.25,0.36404819038757585,0.48404819038757585,0.36404819038757585,0.48404819038757585,2.164677073501656,15.800811164589298,26.151583620931998,2.164677073501656,26.151583620931998,False,,-0.24071066003895725,0.6,0.8,0.22340176208972048,0.13699784466463633,-0.1735853364726322,0.48,valid,,,specialist_model_v1,,False,specialist,False,,KeyCorp,Financial Services,Banks - Regional,bank,22461689700.0,,,,,,,,,,,,,,,,,2026-09-18,True,1079370000.0,1.023,Justified P/B residual-income proxy; no regulatory-capital or reserve-detail model,0.36404819038757585,0.11170088104486024,0.125,0.48404819038757585,-0.48404819038757585
191,PTC,135.89,-0.10763139452610622,-0.09353023752919395,-0.2633606700052039,0.019895566959166923,0.0,0.12,0.75,0.2633606700052039,0.3833606700052039,0.2633606700052039,0.3833606700052039,24.48704713015437,58.516254505501024,96.41385493843256,24.48704713015437,96.41385493843256,False,,-0.5693851313157625,0.6696,1.0,0.15154011848218543,0.5557,-0.21353023752919395,0.6696,valid,,,,,False,ok,False,,PTC Inc.,Technology,Software - Application,general_dcf,15696110340.0,0.5557,0.18910145564567496,0.29146960792156157,0.09572963175902094,0.09337182388665402,0.21465823542404253,0.3781376397609727,0.11964698925178596,1.0041364757226843,0.09722154544410373,-0.009262320683786518,heavy_sbc;peak_cycle_margins,8.0,2025.0,ttm,2026-07-31,2026-09-18,True,,,,0.2633606700052039,0.07577005924109272,0.375,0.3833606700052039,-0.3833606700052039
192,PKG,232.77,-0.10798791429224364,-0.10865451108256817,-0.17448791895876636,-0.04015471604507181,0.0,0.12,0.75,0.17448791895876636,0.29448791895876636,0.17448791895876636,0.29448791895876636,63.19943423371896,76.39948808632036,117.24609445610974,63.19943423371896,117.24609445610974,False,,-0.6717812085478354,0.70902,1.0,0.07589600145684727,0.7627,-0.22865451108256818,0.70902,valid,,,reinvestment_cap_hit,,False,ok,False,,Packaging Corporation of America,Consumer Cyclical,Packaging & Containers,general_dcf,20739492062.0,0.7627,0.10811729792008297,-0.007728144868957102,0.08280878796234938,0.025308509957733594,0.1454775627681674,0.12716708443894406,0.03606975223775488,1.9165576903732018,0.005126627704296114,-0.013485610898551714,incremental_roic_below_wacc,8.0,2025.0,ttm,2026-08-07,2026-09-18,True,,,,0.17448791895876636,0.037948000728423636,0.375,0.29448791895876636,-0.29448791895876636
193,HAL,33.64,-0.10868633492209477,0.014149569184519376,-0.7000463777338153,0.23700189967639745,0.25,0.12,0.25,0.7000463777338153,0.8200463777338153,0.7000463777338153,0.8200463777338153,0.0741574207992201,24.87138588372532,62.56310177210022,0.0741574207992201,62.56310177210022,False,,-0.2606603482840274,0.4747,1.0,0.48428313870510636,0.4604,-0.10585043081548062,0.4747,valid,,,,,False,ok,False,,Halliburton Company,Energy,Oil & Gas Equipment & Services,general_dcf,28102779805.0,0.4604,0.11702262413404302,0.14439759535311975,0.08008906876400844,0.03693355537003458,0.11024930210138989,0.11437893889956645,-0.011147990725109747,1.6512751677852349,0.0,-0.026387689137254755,cyclical_revenue,8.0,2025.0,ttm,2026-07-24,2026-09-18,True,,,,0.7000463777338153,0.24214156935255318,0.125,0.8200463777338153,-0.8200463777338153
194,NTAP,197.79,-0.11147714357357469,-0.10524204993271266,-0.19485888593480916,-0.040565588494064254,0.0,0.12,0.75,0.19485888593480916,0.31485888593480915,0.19485888593480916,0.31485888593480915,49.77483838686738,80.34977118091791,104.8113118960752,49.77483838686738,104.8113118960752,False,,-0.5937622165887158,0.7137,0.85,0.09023564872037246,0.7371,-0.22524204993271266,0.606645,valid,,,forward_roic_cap_hit,,False,ok,False,,"NetApp, Inc.",Technology,Computer Hardware,general_dcf,38813122860.0,0.7371,3.5967193685404655,0.538397152151984,0.11765921366087934,3.479060154879586,0.1884048836470307,0.25734000811798136,0.017194231969849705,-0.5,0.056955966815571156,-0.03127069384853576,heavy_sbc,8.0,2026.0,ttm,2026-09-02,2026-09-18,True,,,,0.19485888593480916,0.04511782436018623,0.375,0.31485888593480915,-0.31485888593480915
195,IRM,114.34,-0.11152015101287513,-0.09608183673319348,-0.15783509385192007,-0.09608183673319348,0.0,0.12,1.0,0.15783509385192007,0.27783509385192007,0.15783509385192007,0.27783509385192007,48.437741791059196,68.99915206427109,68.99915206427109,48.437741791059196,68.99915206427109,False,,-0.3965440610086489,0.6,0.8,0.04887662855936329,0.7020048847258381,-0.21608183673319348,0.48,valid,,,specialist_model_v1,,False,specialist,False,,Iron Mountain Incorporated,Real Estate,REIT - Specialty,reit,34018972026.0,,,,,,,,,,,,,,,,,2026-09-18,True,297524681.0040231,1.204,P/AFFO Gordon proxy; no property-level NOI or maintenance-capex detail,0.15783509385192007,0.024438314279681645,0.5,0.27783509385192007,-0.27783509385192007
196,TGT,158.19,-0.11152265458149485,-0.11357875777757725,-0.18025555853091646,-0.03867754423990842,0.0,0.12,0.75,0.18025555853091646,0.30025555853091646,0.18025555853091646,0.30025555853091646,43.777122595244734,50.069755570220245,76.7276659923251,43.777122595244734,76.7276659923251,False,,-0.6834834340336289,0.584901,1.0,0.083241977145504,0.7763,-0.23357875777757725,0.584901,valid,,,forward_roic_floor_hit;reinvestment_cap_hit,,False,ok,False,,Target Corporation,Consumer Defensive,Discount Stores,general_dcf,71848474290.0,0.7763,0.15103329149729816,-0.3941557238297022,0.08936752626354344,0.06166576523375472,0.053836488804846115,0.05592126642217167,0.048217746472034584,1.4451935624184429,0.0026818095056308456,-0.005844289307999628,incremental_roic_below_wacc,8.0,2025.0,ttm,2026-08-28,2026-09-18,True,,,,0.18025555853091646,0.041620988572752,0.375,0.30025555853091646,-0.30025555853091646
197,APH,77.55,-0.11401176544022742,-0.10337098668096584,-0.21910437772748986,-0.030200710671488166,0.0,0.12,0.75,0.21910437772748986,0.33910437772748986,0.21910437772748986,0.33910437772748986,15.435013875663953,29.28333647697791,42.51128605032536,15.435013875663953,42.51128605032536,False,,-0.622394113772045,0.60093,0.85,0.11092393352800085,0.9017,-0.22337098668096583,0.5107904999999999,valid,,,base_growth_cap_hit,,False,ok,False,,Amphenol Corporation,Technology,"Hardware, Equipment & Parts",general_dcf,191235198000.0,0.9017,0.21449029385370993,0.4045780359553282,0.10673024426473486,0.10776004958897507,0.20659165612487077,0.2719188186794248,0.15938454986222794,1.4568298758797742,0.007193204884810185,0.012562928961256992,cyclical_revenue,8.0,2025.0,ttm,2026-07-31,2026-09-18,True,,,,0.21910437772748986,0.05546196676400043,0.375,0.33910437772748986,-0.33910437772748986
198,CHRW,152.99,-0.11451313528013995,-0.10393869703984818,-0.24713185481086836,-0.003043292229995103,0.0,0.12,0.75,0.24713185481086836,0.36713185481086835,0.24713185481086836,0.36713185481086835,28.211520863749094,61.586595438986194,97.52241626967255,28.211520863749094,97.52241626967255,False,,-0.5974469217662188,0.58,1.0,0.13464428129043662,0.8697,-0.22393869703984817,0.58,valid,,,,,False,ok,False,,"C.H. Robinson Worldwide, Inc.",Industrials,Integrated Freight & Logistics,general_dcf,18033396696.0,0.8697,0.1947546732284229,,0.09287342628532745,0.10188124694309546,0.04790639549170544,0.049046416111729274,-0.0034578874655647462,1.9478040904313392,0.0047723672769624925,-0.019785939048169054,cyclical_revenue,8.0,2025.0,ttm,2026-07-31,2026-09-18,True,,,,0.24713185481086836,0.06732214064521831,0.375,0.36713185481086835,-0.36713185481086835
199,CHD,94.75,-0.11501704638067163,-0.1138746367883868,-0.16751032286556433,-0.0648085890803486,0.0,0.12,0.75,0.16751032286556433,0.2875103228655643,0.16751032286556433,0.2875103228655643,29.603205916710532,34.80405130441228,45.52429167185279,29.603205916710532,45.52429167185279,False,,-0.632674920270055,0.74295,1.0,0.05906236689260787,0.7948,-0.2338746367883868,0.74295,valid,,,reinvestment_cap_hit,,False,ok,False,,"Church & Dwight Co., Inc.",Consumer Defensive,Household & Personal Products,general_dcf,22450444000.0,0.7948,0.131903138508037,-0.016516850136827292,0.0727934364974194,0.059109702010617604,0.18558024830582392,0.17466407667239248,0.05925266631317894,1.6779896549061994,0.009693635276972704,-0.011084656796424452,incremental_roic_below_wacc,8.0,2025.0,ttm,2026-07-31,2026-09-18,True,,,,0.16751032286556433,0.029531183446303934,0.375,0.2875103228655643,-0.2875103228655643
200,CASY,597.48,-0.11527547650475752,-0.10173941695902614,-0.25449447725841307,-0.003128594842564752,0.0,0.12,0.75,0.25449447725841307,0.37449447725841306,0.25449447725841307,0.37449447725841306,114.36052954648876,249.36010489322805,403.2490503371864,114.36052954648876,403.2490503371864,False,,-0.5826469423357634,0.6224,0.95,0.13851094120792418,0.7829,-0.22173941695902613,0.5912799999999999,valid,,,,,False,ok,False,,"Casey's General Stores, Inc.",Consumer Cyclical,Specialty Retail,general_dcf,22109687652.0,0.7829,0.12767424358319468,0.1604541009740596,0.07848233044284866,0.049191913140346016,0.04542217167062353,0.05877354037907747,0.09417408999463706,1.6109308375814126,0.0029943104212629412,-0.0033672513839893004,cyclical_revenue,8.0,2026.0,ttm,2026-09-08,2026-09-18,True,,,,0.25449447725841307,0.06925547060396209,0.375,0.37449447725841306,-0.37449447725841306
201,FFIV,432.03,-0.11565606906806349,-0.10994043815153412,-0.1896070140894153,-0.053136385879770355,0.0,0.12,0.75,0.1896070140894153,0.30960701408941527,0.1896070140894153,0.30960701408941527,113.4340528806211,175.4981191139706,225.6113934272753,113.4340528806211,225.6113934272753,False,,-0.5937825634470508,0.7306199999999999,0.95,0.07781671410482248,0.9286,-0.22994043815153412,0.694089,valid,,,forward_roic_cap_hit,,False,ok,False,,"F5, Inc.",Technology,Software - Infrastructure,general_dcf,24374786976.0,0.9286,0.2640060021463601,1.0870605327209826,0.10131023548741737,0.16269576665894275,0.19959417324742823,0.2452963317068218,0.052290955682298135,-1.4886110533661985,0.07780492308566396,-0.019035263540231218,heavy_sbc,8.0,2025.0,ttm,2026-08-06,2026-09-18,True,,,,0.1896070140894153,0.03890835705241124,0.375,0.30960701408941527,-0.30960701408941527
202,ESS,270.05,-0.1182036920822899,-0.12475465467109748,-0.14461495578627448,-0.07869050320069015,0.0,0.12,1.0,0.14461495578627448,0.2646149557862745,0.14461495578627448,0.2646149557862745,123.66660687983607,138.70535578022495,179.25526521777192,123.66660687983607,179.25526521777192,False,,-0.4863715764479728,0.6,0.8,0.05096222629279216,0.8915777345741617,-0.24475465467109747,0.48,valid,,,specialist_model_v1,,False,specialist,False,,"Essex Property Trust, Inc.",Real Estate,REIT - Residential,reit,17353882617.0,,,,,,,,,,,,,,,,,2026-09-18,True,64261739.00018515,0.706,P/AFFO Gordon proxy; no property-level NOI or maintenance-capex detail,0.14461495578627448,0.02548111314639608,0.5,0.2646149557862745,-0.2646149557862745
203,MAS,68.06,-0.12287299569288726,-0.12983551250072184,-0.13932771220570428,-0.0924932455644011,0.0,0.12,1.0,0.13932771220570428,0.2593277122057043,0.13932771220570428,0.2593277122057043,18.07841322204315,18.07841322204315,21.843572844751794,21.843572844751794,21.139492845124185,True,"growth destroys value: forward ROIC 2.0% at/below WACC 10.1%, so higher-growth scenarios reinvest below the cost of capital and are worth less than the bear case",-0.7343753567140295,0.695547,0.7,0.04155082332065159,0.9855,-0.24983551250072183,0.4868829,valid,,,forward_roic_floor_hit;reinvestment_cap_hit,,False,ok,False,,Masco Corporation,Basic Materials,Construction Materials,general_dcf,13420576485.700018,0.9855,0.36950224832645623,-0.24970968064271476,0.10143335158366006,0.26806889674279616,0.16795059838708515,0.1682094683946046,0.018441922577974612,1.9640845070422535,0.0,-0.032664550890476485,incremental_roic_below_wacc,8.0,2025.0,annual,2026-02-10,2026-09-18,True,,,,0.13932771220570428,0.020775411660325795,0.5,0.2593277122057043,-0.2593277122057043
204,AMT,173.98,-0.12407780518986969,-0.12658979001392234,-0.16310321314602305,-0.08002842758561102,0.0,0.12,1.0,0.16310321314602305,0.28310321314602305,0.16310321314602305,0.28310321314602305,71.42641105016556,88.42817227280977,114.64928870733912,71.42641105016556,114.64928870733912,False,,-0.4917336919599392,0.6,0.8,0.05953739278020601,0.8077336578868544,-0.24658979001392234,0.48,valid,,,specialist_model_v1,,False,specialist,False,,American Tower Corporation,Real Estate,REIT - Specialty,reit,81067720800.0,,,,,,,,,,,,,,,,,2026-09-18,True,465960000.0,0.895,P/AFFO Gordon proxy; no property-level NOI or maintenance-capex detail,0.16310321314602305,0.029768696390103006,0.5,0.28310321314602305,-0.28310321314602305
205,ROP,372.74,-0.12488533683826969,-0.11185486784961537,-0.2273843543909606,-0.04844725726288742,0.0,0.12,0.75,0.2273843543909606,0.3473843543909606,0.2273843543909606,0.3473843543909606,75.59477579864412,128.26189676988008,179.76122455756655,75.59477579864412,179.76122455756655,False,,-0.6558944659283144,0.71487,1.0,0.0980224485640366,0.5733,-0.23185486784961537,0.71487,valid,,,reinvestment_cap_hit,,False,ok,False,,"Roper Technologies, Inc.",Technology,Software - Application,general_dcf,37615802580.0,0.5733,0.06140264957956667,0.07287317514358209,0.07906294588770738,-0.017660296308140706,0.28084670952713225,0.2796517034406966,0.06186905149521538,3.3831068560840025,0.020726787134901694,-0.0132843055671924,elevated_leverage;incremental_roic_below_wacc,8.0,2025.0,ttm,2026-07-31,2026-09-18,True,,,,0.2273843543909606,0.0490112242820183,0.375,0.3473843543909606,-0.3473843543909606
206,HON,206.46,-0.12585956967232045,-0.10013544926478059,-0.26897079469053997,-0.03419658546918069,0.0,0.12,0.75,0.26897079469053997,0.38897079469053997,0.26897079469053997,0.38897079469053997,34.01435924971087,85.39280641988485,112.7509903858087,34.01435924971087,112.7509903858087,False,,-0.5863953965906963,0.72693,0.85,0.13007920461067965,0.735,-0.22013544926478057,0.6178905,valid,,,base_growth_floor_hit,,False,ok,False,,Honeywell International Inc.,Industrials,Conglomerates,general_dcf,65435432400.0,0.735,0.08189238094830455,0.031369920020666665,0.0874049171815873,-0.005512536233282753,0.1807451473825378,0.14090783282590644,-0.01561271176106549,3.9240265906932574,0.005588040441282369,-0.022510432158365012,elevated_leverage;thin_interest_coverage;incremental_roic_below_wacc,8.0,2025.0,ttm,2026-07-23,2026-09-18,True,,,,0.26897079469053997,0.06503960230533982,0.375,0.38897079469053997,-0.38897079469053997
207,NFLX,71.79,-0.1263554961798945,-0.11986681857379149,-0.22294835865031928,-0.0427399889216758,0.0,0.12,0.75,0.22294835865031928,0.34294835865031925,0.22294835865031928,0.34294835865031925,14.454393161115146,25.06658159050937,35.35207179917071,14.454393161115146,35.35207179917071,False,,-0.650834634482388,0.64287,1.0,0.10081808486432174,0.8511,-0.2398668185737915,0.64287,valid,,,forward_roic_cap_hit,,False,ok,False,,"Netflix, Inc.",Communication Services,Entertainment,general_dcf,298929252528.0,0.8511,0.3545950868267134,1.526529513517013,0.1232215185096885,0.23137356831702494,0.19482409221340108,0.2967601876207703,0.16201185019113717,0.1618017232549483,0.00815458704457133,-0.018940231111423622,peak_cycle_margins,8.0,2025.0,ttm,2026-07-17,2026-09-18,True,,,,0.22294835865031928,0.05040904243216087,0.375,0.34294835865031925,-0.34294835865031925
208,DOV,187.42,-0.1287635983571817,-0.12621751119731917,-0.17899004233768206,-0.08362932869640641,0.0,0.12,1.0,0.17899004233768206,0.29899004233768206,0.17899004233768206,0.29899004233768206,51.195886317378594,62.625272818672904,72.33534716603695,51.195886317378594,72.33534716603695,False,,-0.6658559768505341,0.72126,1.0,0.05604255682063783,0.7593,-0.24621751119731916,0.72126,valid,,,reinvestment_cap_hit,,False,ok,False,,Dover Corporation,Industrials,Industrial - Machinery,general_dcf,25241725600.0,0.7593,0.12462696066287782,0.0309088815527848,0.10113258971110271,0.023494370951775104,0.1572083358717778,0.16865271732392273,0.021099944953815397,0.8299581714638884,0.005210363302744713,-0.0190280140371909,incremental_roic_below_wacc,8.0,2025.0,ttm,2026-07-23,2026-09-18,True,,,,0.17899004233768206,0.028021278410318914,0.5,0.29899004233768206,-0.29899004233768206
209,EME,750.09,-0.1290516293402106,-0.12390293014104822,-0.22881177139715875,-0.039588885681587235,0.0,0.12,0.75,0.22881177139715875,0.34881177139715874,0.22881177139715875,0.34881177139715874,158.02628573642434,282.7201224749582,408.2086550460922,158.02628573642434,408.2086550460922,False,,-0.6230850664920766,0.6561,0.85,0.10942844285778575,0.874,-0.24390293014104822,0.557685,valid,,,forward_roic_cap_hit,,False,ok,False,,"EMCOR Group, Inc.",Industrials,Engineering & Construction,general_dcf,33086395641.000004,0.874,0.3700780953852891,0.7802474152953118,0.10564204358079163,0.2644360518044975,0.05229815894925574,0.10152578686077297,0.11102584323305242,-0.18272801887270193,0.0010918810036467824,-0.035021816601687794,peak_cycle_margins,8.0,2025.0,ttm,2026-07-30,2026-09-18,True,,,,0.22881177139715875,0.05471422142889287,0.375,0.34881177139715874,-0.34881177139715874
210,NRG,103.66,-0.13215599931136235,0.013003205222776187,-0.95,0.3953695923089981,0.25,0.12,0.25,0.95,1.0699999999999998,0.95,1.0699999999999998,-66.97640175020423,58.52791159839056,392.73722077668987,-66.97640175020423,392.73722077668987,False,,-0.43538576501649084,0.39122999999999997,0.95,0.6924478961544991,0.5741,-0.1069967947772238,0.37166849999999996,valid,,,reinvestment_cap_hit,,False,ok,True,bear,"NRG Energy, Inc.",Utilities,Independent Power Producers,general_dcf,21870808760.0,0.5741,0.05454538097218734,,0.08869376528905015,-0.03414838431686281,0.09488985175466122,0.053795918367346936,0.18287155276652345,6.946348733233979,0.0036260220405261285,-0.038160893664907936,elevated_leverage;cyclical_revenue,8.0,2025.0,ttm,2026-08-04,2026-09-18,True,,,,0.95,0.34622394807724954,0.125,1.0699999999999998,-1.0699999999999998
211,DIS,102.67,-0.13258709628498758,-0.07750214594998392,-0.4537795714539242,0.0784354782139417,0.0,0.12,0.75,0.4537795714539242,0.5737795714539242,0.4537795714539242,0.5737795714539242,5.025545757066246,41.53334589508555,86.5598812148399,5.025545757066246,86.5598812148399,False,,-0.5954675572700345,0.6228,1.0,0.27742352483393296,0.4227,-0.19750214594998391,0.6228,valid,,,,,False,ok,False,,The Walt Disney Company,Communication Services,Entertainment,general_dcf,178287481700.0,0.4227,0.08206931449336412,0.42600419020964775,0.10626561422431308,-0.02419629973094896,0.11577769258226561,0.16004288850001516,0.06837008516307796,1.9135403493981546,0.014434736563410114,-0.015566736385566604,,8.0,2025.0,ttm,2026-08-05,2026-09-18,True,,,,0.4537795714539242,0.13871176241696648,0.375,0.5737795714539242,-0.5737795714539242
212,PCAR,116.06,-0.13272194446471983,-0.11482588681392367,-0.29374963577720337,-0.007486368453828588,0.0,0.12,0.75,0.29374963577720337,0.41374963577720336,0.29374963577720337,0.41374963577720336,16.5567131111363,41.22531041149967,71.0530677895389,16.5567131111363,71.0530677895389,False,,-0.6447931207005027,0.44217,1.0,0.15986653366168738,0.6287,-0.23482588681392366,0.44217,valid,,,reinvestment_cap_hit,,False,ok,False,,PACCAR Inc,Industrials,Industrial - Machinery,general_dcf,61089916445.0,0.6287,0.07991444804047945,0.06372457485700526,0.0894298471759452,-0.009515399135465744,0.11531679288096988,0.09813152645782001,0.027683097680262003,1.6717809781833737,0.0,0.00269963903647108,cyclical_revenue;incremental_roic_below_wacc,8.0,2025.0,ttm,2026-07-29,2026-09-18,True,,,,0.29374963577720337,0.07993326683084369,0.375,0.41374963577720336,-0.41374963577720336
213,CTVA,80.53,-0.13329253796400733,-0.11451978575205425,-0.34028135524713443,0.03615077489521358,0.0,0.12,0.75,0.34028135524713443,0.4602813552471344,0.34028135524713443,0.4602813552471344,10.004904005956305,34.58212473061936,67.35766093626793,10.004904005956305,67.35766093626793,False,,-0.5705684250512932,0.5803200000000001,1.0,0.200806465071174,0.2092,-0.23451978575205423,0.5803200000000001,valid,,,forward_roic_cap_hit,,False,ok,False,,"Corteva, Inc.",Basic Materials,Agricultural Inputs,general_dcf,53860074600.0,0.2092,0.08956886470114767,4.51371823474996,0.0767991586462422,0.01276970605490546,0.09729096702649447,0.17078374129800133,0.028568710822397314,0.5859010270774977,0.0,-0.02495625811527946,peak_cycle_margins,8.0,2025.0,ttm,2026-07-31,2026-09-18,True,,,,0.34028135524713443,0.100403232535587,0.375,0.4602813552471344,-0.4602813552471344
214,IEX,223.72,-0.13543914924011913,-0.13357038191461468,-0.18454610348271672,-0.09006972964853045,0.0,0.12,1.0,0.18454610348271672,0.3045461034827167,0.18454610348271672,0.3045461034827167,58.7910994135859,68.04379975695953,83.71551343602663,58.7910994135859,83.71551343602663,False,,-0.6958528528653696,0.7326900000000001,1.0,0.05525748691709313,0.7615,-0.2535703819146147,0.7326900000000001,valid,,,reinvestment_cap_hit,,False,ok,False,,IDEX Corporation,Industrials,Industrial - Machinery,general_dcf,16492616028.0,0.7615,0.11052881078741031,0.02470218066916018,0.09380438137869108,0.016724429408719224,0.2322517632887101,0.2075419072323097,0.048393072016545746,1.3212792642140467,0.0078928046989721,-0.007957896980223311,incremental_roic_below_wacc,8.0,2025.0,ttm,2026-07-29,2026-09-18,True,,,,0.18454610348271672,0.027628743458546566,0.5,0.3045461034827167,-0.3045461034827167
215,ISRG,393.33,-0.13667402673272586,-0.12998843493405723,-0.20249857490416612,-0.08422066215862284,0.0,0.12,1.0,0.20249857490416612,0.3224985749041661,0.20249857490416612,0.3224985749041661,85.15453891230156,125.09277001988758,155.35983982852576,85.15453891230156,155.35983982852576,False,,-0.6819648386345115,0.7812,1.0,0.06570295637277164,0.9042,-0.24998843493405723,0.7812,valid,,,,,False,ok,False,,"Intuitive Surgical, Inc.",Healthcare,Medical - Instruments & Supplies,general_dcf,138954835740.0,0.9042,0.23489406572755056,0.22610213095241274,0.12335000000000002,0.11154406572755055,0.2869455859558496,0.3127673457550932,0.1526066469941605,-1.223541002064177,0.08103351252978293,-0.0032332789213483926,heavy_sbc,8.0,2025.0,ttm,2026-07-21,2026-09-18,True,,,,0.20249857490416612,0.03285147818638582,0.5,0.3224985749041661,-0.3224985749041661
216,IBM,229.55,-0.13679088194330688,-0.10381043820234478,-0.35177667034440674,0.012234018975868847,0.0,0.12,0.75,0.35177667034440674,0.47177667034440673,0.35177667034440674,0.47177667034440673,23.543813043409507,96.8147288512327,171.17173117142326,23.543813043409507,171.17173117142326,False,,-0.5782412160695591,0.6935,1.0,0.1912003446601378,0.7595,-0.22381043820234478,0.6935,valid,,,,,False,ok,False,,International Business Machines Corporation,Technology,Information Technology Services,general_dcf,216266859700.0,0.7595,0.12128461000960783,0.27315533980582524,0.07926118265921923,0.042023427350388595,0.14690109790502892,0.17863293630693083,-0.023189776868179135,3.256768310059846,0.020891431485347313,0.01456003147851992,elevated_leverage,8.0,2025.0,ttm,2026-07-23,2026-09-18,True,,,,0.35177667034440674,0.0956001723300689,0.375,0.47177667034440673,-0.47177667034440673
217,AAPL,336.13,-0.1368878123535978,-0.13269983217469408,-0.21085309054760726,-0.07129849451739573,0.0,0.12,1.0,0.21085309054760726,0.33085309054760725,0.21085309054760726,0.33085309054760725,75.67989257943158,119.70245550768179,157.81948195022485,75.67989257943158,157.81948195022485,False,,-0.6438804762809573,0.69435,0.95,0.08044679801510576,0.9712,-0.25269983217469405,0.6596325,valid,,,forward_roic_cap_hit,,False,ok,False,,Apple Inc.,Technology,Consumer Electronics,general_dcf,4936860972280.0,0.9712,1.0077187326021588,,0.10387206356163167,0.9038466690405271,0.2980189489629316,0.3317295848747812,0.06625988170490915,0.13043659464512172,0.02988990755303234,-0.03326232267146012,,8.0,2025.0,ttm,2026-07-31,2026-09-18,True,,,,0.21085309054760726,0.04022339900755288,0.5,0.33085309054760725,-0.33085309054760725
218,CSCO,109.51,-0.13895883928489636,-0.13607735788100397,-0.18627081488375544,-0.09740982649382202,0.0,0.12,1.0,0.18627081488375544,0.3062708148837554,0.18627081488375544,0.3062708148837554,27.53580427679824,35.76393910126439,42.30501201614768,27.53580427679824,42.30501201614768,False,,-0.6734185088004347,0.8431,1.0,0.04913749419496671,0.8906,-0.25607735788100394,0.8431,valid,,,,,False,ok,False,,"Cisco Systems, Inc.",Technology,Communication Equipment,general_dcf,431626510164.0,0.8906,0.1971295046462844,0.034925472050555066,0.0967323541319478,0.10039715051433659,0.2606543314348322,0.24268456375838926,0.02881952032572732,0.7606570199452484,0.060481642321358074,-0.00967511679577604,heavy_sbc;incremental_roic_below_wacc,8.0,2026.0,ttm,2026-09-02,2026-09-18,True,,,,0.18627081488375544,0.024568747097483357,0.5,0.3062708148837554,-0.3062708148837554
219,COST,895.31,-0.13899887198476785,-0.13213493116272723,-0.20166455092403332,-0.0900610746895836,0.0,0.12,1.0,0.20166455092403332,0.32166455092403334,0.20166455092403332,0.32166455092403334,220.22925010241502,315.90668491966096,388.94159168108894,220.22925010241502,388.94159168108894,False,,-0.6471538518282371,0.8955,1.0,0.05893673811722486,0.981,-0.2521349311627272,0.8955,valid,,,,,False,ok,False,,Costco Wholesale Corporation,Consumer Defensive,Discount Stores,general_dcf,397051183490.0,0.981,0.38993330020520345,0.38001479997543736,0.09196288548980937,0.2979704147153941,0.03386284317762697,0.03823398174987312,0.09962564637566751,-0.8530819434372734,0.0031945189648768003,-0.0002451377367429508,,8.0,2025.0,ttm,2026-05-28,2026-09-18,True,,,,0.20166455092403332,0.02946836905861243,0.5,0.32166455092403334,-0.32166455092403334
220,AME,237.64,-0.13966915352357315,-0.13374833206034958,-0.21351256335765356,-0.07766738661593986,0.0,0.12,1.0,0.21351256335765356,0.33351256335765356,0.21351256335765356,0.33351256335765356,52.79287146445566,77.89990187266007,102.10151796906275,52.79287146445566,102.10151796906275,False,,-0.6721936463867191,0.7906,1.0,0.07420458837085685,0.781,-0.2537483320603496,0.7906,valid,,,,,False,ok,False,,"AMETEK, Inc.",Industrials,Electrical Equipment & Parts,general_dcf,54467800920.0,0.781,0.1273478416317972,0.15542265014439383,0.09764578627913896,0.029702055352658227,0.23996926366993981,0.26126171377822494,0.062368142586528785,0.7336237659610321,0.006895513442959266,-0.00244041742688883,,8.0,2025.0,ttm,2026-08-04,2026-09-18,True,,,,0.21351256335765356,0.037102294185428424,0.5,0.33351256335765356,-0.33351256335765356
221,CFG,67.04,-0.14153931349561358,-0.11722102695526626,-0.27484211315077856,-0.056873086921143234,0.0,0.12,0.75,0.27484211315077856,0.39484211315077855,0.27484211315077856,0.39484211315077855,13.443021069754561,35.94131032426045,50.02472339390335,13.443021069754561,50.02472339390335,False,,-0.4638826025617475,0.6,0.8,0.12698451311481765,0.37402701650196923,-0.23722102695526626,0.48,valid,,,specialist_model_v1,,False,specialist,False,,"Citizens Financial Group, Inc.",Financial Services,Banks - Regional,bank,28350009280.0,,,,,,,,,,,,,,,,,2026-09-18,True,422881999.99999994,0.997,Justified P/B residual-income proxy; no regulatory-capital or reserve-detail model,0.27484211315077856,0.06349225655740882,0.375,0.39484211315077855,-0.39484211315077855
222,CTAS,197.64,-0.14399992206599557,-0.1358321910956874,-0.2222963186883134,-0.08203898738429412,0.0,0.12,1.0,0.2222963186883134,0.3422963186883134,0.2222963186883134,0.3422963186883134,41.971914412385,67.50792822704472,87.99722868951554,41.971914412385,87.99722868951554,False,,-0.658429830869031,0.8754,1.0,0.07386666565200965,0.9645,-0.2558321910956874,0.8754,valid,,,,,False,ok,False,,Cintas Corporation,Industrials,Specialty Business Services,general_dcf,79089512036.0,0.9645,0.27611923547728706,0.5952256441099528,0.09430644587993994,0.18181278959734712,0.20328985325583016,0.2313863560886911,0.07270340712107148,0.7748193698831618,0.012190340031354805,-0.007472729589171112,,8.0,2026.0,ttm,2026-07-29,2026-09-18,True,,,,0.2222963186883134,0.036933332826004826,0.5,0.3422963186883134,-0.3422963186883134
223,WMT,106.73,-0.14449272829806428,-0.13895524473919063,-0.21110906200483434,-0.0889513617090415,0.0,0.12,1.0,0.21110906200483434,0.33110906200483436,0.21110906200483434,0.33110906200483436,24.98337165434014,37.110699254402704,47.58423176177817,24.98337165434014,47.58423176177817,False,,-0.6522936451381739,0.9084,1.0,0.06382685014789642,0.8471,-0.2589552447391906,0.9084,valid,,,,,False,ok,False,,Walmart Inc.,Consumer Defensive,Discount Stores,general_dcf,849365878400.0,0.8471,0.14989976967601448,0.09590727000201303,0.07734596736290857,0.07255380231310592,0.0417489397208882,0.043868232224396606,0.04777754991382177,1.313533025140903,0.0,-0.009187624627883029,,8.0,2026.0,ttm,2026-08-28,2026-09-18,True,,,,0.21110906200483434,0.03191342507394821,0.5,0.33110906200483436,-0.33110906200483436
224,MTD,1392.32,-0.14705829495915163,-0.14323373679726498,-0.2163935610042244,-0.08537214523785219,0.0,0.12,1.0,0.2163935610042244,0.3363935610042244,0.2163935610042244,0.3363935610042244,290.36082807399197,455.14195118579966,592.5026506149089,290.36082807399197,592.5026506149089,False,,-0.6731053556755633,0.8542,1.0,0.06988470788318611,0.9773,-0.26323373679726497,0.8542,valid,,,,,False,ok,False,,Mettler-Toledo International Inc.,Healthcare,Medical - Diagnostics & Research,general_dcf,28135445632.0,0.9773,0.4601828553483966,0.26524520333931784,0.10703593991177782,0.3531469154366188,0.2726700953622288,0.28406978924132925,0.046172122400079285,1.578614718813706,0.005159384675137468,-0.0389407114193947,,8.0,2025.0,ttm,2026-07-31,2026-09-18,True,,,,0.2163935610042244,0.034942353941593056,0.5,0.3363935610042244,-0.3363935610042244
225,PSA,296.31,-0.1477406374744783,-0.15669295081726053,-0.15669295081726053,-0.12088369744613159,0.0,0.12,1.0,0.15669295081726053,0.27669295081726053,0.15669295081726053,0.27669295081726053,126.37901364409218,126.37901364409218,155.58867325142154,126.37901364409218,155.58867325142154,False,,-0.5734905550130196,0.6,0.8,0.03590462668556447,1.0,-0.27669295081726053,0.48,valid,,,specialist_model_v1,,False,specialist,False,,Public Storage,Real Estate,REIT - Industrial,reit,55254703560.0,,,,,,,,,,,,,,,,,2026-09-18,True,186476000.0,0.935,P/AFFO Gordon proxy; no property-level NOI or maintenance-capex detail,0.15669295081726053,0.017952313342782234,0.5,0.27669295081726053,-0.27669295081726053
226,ABT,102.61,-0.15089128495019394,-0.1472358295228332,-0.23771405285224317,-0.07137942790286612,0.0,0.12,1.0,0.23771405285224317,0.35771405285224317,0.23771405285224317,0.35771405285224317,18.1126247067662,28.337714126439455,45.94428356209644,18.1126247067662,45.94428356209644,False,,-0.7238308729515694,0.599157,1.0,0.09519260247468853,0.7207,-0.2672358295228332,0.599157,valid,,,forward_roic_floor_hit;reinvestment_cap_hit,,False,ok,False,,Abbott Laboratories,Healthcare,Medical - Devices,general_dcf,177554637801.32022,0.7207,0.08732436806141575,-0.07363566932580261,0.07576695139452137,0.011557416666894374,0.16156574496594517,0.17026940002146615,0.05448021910170198,2.398738674720199,0.01604290822407628,-0.003984105988745212,incremental_roic_below_wacc,8.0,2025.0,ttm,2026-07-28,2026-09-18,True,,,,0.23771405285224317,0.04759630123734426,0.5,0.35771405285224317,-0.35771405285224317
227,SHW,320.73,-0.15381616360136827,-0.13982530011853667,-0.2656498979107709,-0.06996415625762889,0.0,0.12,0.75,0.2656498979107709,0.3856498979107709,0.2656498979107709,0.3856498979107709,47.41167335610159,96.57802174623897,139.73669907334153,47.41167335610159,139.73669907334153,False,,-0.698880610649958,0.8583,1.0,0.10209387082657102,0.8456,-0.25982530011853666,0.8583,valid,,,,,False,ok,False,,The Sherwin-Williams Company,Basic Materials,Chemicals - Specialty,general_dcf,77859821770.0,0.8456,0.17552903017153537,0.24977029040990428,0.09626232411211388,0.07926670605942149,0.145467137345766,0.16358668267083976,0.04319057856107422,2.949742568383584,0.005238755763691817,-0.019078242169140336,,8.0,2025.0,ttm,2026-07-28,2026-09-18,True,,,,0.2656498979107709,0.05104693541328551,0.375,0.3856498979107709,-0.3856498979107709
228,FDX,303.65,-0.15537173309057833,-0.14126907236350233,-0.30383603182272056,-0.03511275581258812,0.0,0.12,0.75,0.30383603182272056,0.42383603182272056,0.30383603182272056,0.42383603182272056,32.21120763472023,56.43799198316867,132.4922233156706,32.21120763472023,132.4922233156706,False,,-0.8141347209511982,0.65169,1.0,0.14481093800506623,0.5386,-0.26126907236350233,0.65169,valid,,,reinvestment_cap_hit,,False,ok,False,,FedEx Corporation,Industrials,Integrated Freight & Logistics,general_dcf,71837877736.0,0.5386,0.07994678442098742,0.012706893705180085,0.0926175503718718,-0.012670765950884386,0.0694637784171968,0.06735641891891891,0.044807004966957775,2.7567215554935345,0.0018587572554251764,-0.01992564426454624,incremental_roic_below_wacc,8.0,2026.0,ttm,2026-07-20,2026-09-18,True,,,,0.30383603182272056,0.07240546900253311,0.375,0.42383603182272056,-0.42383603182272056
229,AJG,239.48,-0.155981429633782,-0.1357328649979811,-0.2730751048949538,-0.07938488364421203,0.0,0.12,1.0,0.2730751048949538,0.3930751048949538,0.2730751048949538,0.3930751048949538,48.609030785482425,115.48065611129047,158.36520153267614,48.609030785482425,158.36520153267614,False,,-0.5177858021075226,0.6,0.8,0.11484511062537087,0.42092790621692655,-0.2557328649979811,0.48,valid,,,specialist_model_v1,,False,specialist,False,,Arthur J. Gallagher & Co.,Financial Services,Insurance - Brokers,insurance,61522411761.0,,,,,,,,,,,,,,,,,2026-09-18,True,256899999.00200436,0.506,Justified P/B residual-income proxy; no regulatory-capital or reserve-detail model,0.2730751048949538,0.05742255531268543,0.5,0.3930751048949538,-0.3930751048949538
230,WSM,224.2,-0.15680431501859854,-0.15829457666841337,-0.20921849434816972,-0.10140961238939777,0.0,0.12,1.0,0.20921849434816972,0.32921849434816974,0.20921849434816972,0.32921849434816974,50.80094478154195,66.54795321440426,81.69268099368816,50.80094478154195,81.69268099368816,False,,-0.7031759446279917,0.7133,0.95,0.06400544097938597,0.9245,-0.2782945766684134,0.677635,valid,,,,,False,ok,False,,"Williams-Sonoma, Inc.",Consumer Cyclical,Specialty Retail,general_dcf,26398790186.0,0.9245,0.44214113510499026,-0.06734620042273971,0.12024922466777795,0.3218919104372123,0.16663394849440455,0.19205534532993485,0.0467045849233334,0.27334176896236284,0.012835696522912865,-0.04892478688078461,incremental_roic_below_wacc,8.0,2025.0,ttm,2026-08-28,2026-09-18,True,,,,0.20921849434816972,0.032002720489692986,0.5,0.32921849434816974,-0.32921849434816974
231,JBL,299.57,-0.15834759057252085,-0.15134201524197122,-0.27630736455903393,-0.054398967247107036,0.0,0.12,0.75,0.27630736455903393,0.3963073645590339,0.27630736455903393,0.3963073645590339,40.433426622689154,90.27403425192759,143.4082598660203,40.433426622689154,143.4082598660203,False,,-0.6986546241214822,0.6168600000000001,1.0,0.12244839865596345,0.8832,-0.2713420152419712,0.6168600000000001,valid,,,share_change_floor_hit,,False,ok,False,,Jabil Inc.,Technology,"Hardware, Equipment & Parts",general_dcf,31391068252.0,0.8832,0.260780816077851,,0.10701957044155014,0.15376124563630084,0.037843518287798666,0.0432271509377791,0.0436702842341532,1.1782224290367613,0.0030813973617698992,-0.09650142586031651,thin_interest_coverage,8.0,2025.0,ttm,2026-06-30,2026-09-18,True,,,,0.27630736455903393,0.061224199327981725,0.375,0.3963073645590339,-0.3963073645590339
232,HSIC,84.84,-0.1588974836457055,-0.15588918845169242,-0.27740304033504803,-0.04640851734438908,0.0,0.12,0.75,0.27740304033504803,0.39740304033504803,0.27740304033504803,0.39740304033504803,12.662635029841148,17.045698348227006,39.32525936053526,12.662635029841148,39.32525936053526,False,,-0.7990841778851131,0.5084046000000001,1.0,0.13024512349532946,0.7224,-0.2758891884516924,0.5084046000000001,valid,,,forward_roic_floor_hit;share_change_floor_hit;reinvestment_cap_hit,,False,ok,False,,"Henry Schein, Inc.",Healthcare,Medical - Distribution,general_dcf,9664718280.0,0.7224,0.08750857712776933,-0.03311241926184948,0.07922657446416807,0.008282002663601254,0.05769458738710034,0.05690339655932951,-0.0001948354983694056,3.320617620345141,0.003077408664089008,-0.0600747381342468,elevated_leverage;thin_interest_coverage;incremental_roic_below_wacc,8.0,2025.0,ttm,2026-08-04,2026-09-18,True,,,,0.27740304033504803,0.06512256174766473,0.375,0.39740304033504803,-0.39740304033504803
233,DXCM,89.35,-0.16142794354236686,-0.1516111142991576,-0.30335109380539516,-0.03913845176575702,0.0,0.12,0.75,0.30335109380539516,0.42335109380539515,0.30335109380539516,0.42335109380539515,11.606633204700719,27.711184955685457,45.96395249018058,11.606633204700719,45.96395249018058,False,,-0.6898580307142086,0.58797,1.0,0.14446722101981907,0.7084,-0.27161111429915763,0.58797,valid,,,forward_roic_cap_hit,,False,ok,False,,"DexCom, Inc.",Healthcare,Medical - Devices,general_dcf,33717205349.999996,0.7084,0.46416136058679036,0.8165646582952667,0.1184191164834292,0.3457422441033612,0.14160742777167754,0.22923206954841827,0.24045248560262444,-0.39096351197263396,0.041631007923142754,-0.02864919551928613,peak_cycle_margins,8.0,2025.0,ttm,2026-07-30,2026-09-18,True,,,,0.30335109380539516,0.07223361050990953,0.375,0.42335109380539515,-0.42335109380539515
234,ECL,269.46,-0.1632653018215933,-0.14726448320434427,-0.2936659208193305,-0.06486632005835416,0.0,0.12,0.75,0.2936659208193305,0.4136659208193305,0.2936659208193305,0.4136659208193305,37.00956029836634,83.57097213111963,128.20557035100262,37.00956029836634,128.20557035100262,False,,-0.6898575961882296,0.7678,1.0,0.12136580038048818,0.7769,-0.26726448320434426,0.7678,valid,,,,,False,ok,False,,Ecolab Inc.,Basic Materials,Chemicals - Specialty,general_dcf,75836283480.0,0.7769,0.12904083400004965,0.3991607246694041,0.08830767982365101,0.04073315417639864,0.14301889947341256,0.17372717826925932,0.013225117332945624,2.3591765221200176,0.008494390965848319,-0.004321978946172589,,8.0,2025.0,ttm,2026-08-06,2026-09-18,True,,,,0.2936659208193305,0.06068290019024409,0.375,0.4136659208193305,-0.4136659208193305
235,URI,1013.91,-0.1633070932663031,-0.1417421033569553,-0.3131171807734063,-0.05662698557789553,0.0,0.12,0.75,0.3131171807734063,0.4331171807734063,0.3131171807734063,0.4331171807734063,85.80970864585504,229.51186758872723,364.8519395112829,85.80970864585504,364.8519395112829,False,,-0.7736368439124506,0.7263,1.0,0.13645609759775537,0.5128,-0.2617421033569553,0.7263,valid,,,,,False,ok,False,,"United Rentals, Inc.",Industrials,Rental & Leasing Services,general_dcf,63108293175.0,0.5128,0.12828471139830133,0.14640983758377604,0.1217263997171527,0.006558311681148635,0.24881215862584077,0.24792062737642587,0.10413850897536503,2.0678310316815596,0.007298794395568589,-0.03590169898188733,,8.0,2025.0,ttm,2026-07-22,2026-09-18,True,,,,0.3131171807734063,0.06822804879887769,0.375,0.4331171807734063,-0.4331171807734063
236,COO,55.29,-0.16338557089329694,-0.1379835473489947,-0.3280724791693501,-0.04950270970584822,0.0,0.12,0.75,0.3280724791693501,0.4480724791693501,0.3280724791693501,0.4480724791693501,6.0557435288316634,15.901292594024358,26.224794550079576,6.0557435288316634,26.224794550079576,False,,-0.7124020149389698,0.62577,0.7,0.15951178473175093,0.2599,-0.2579835473489947,0.438039,valid,,,reinvestment_cap_hit,,False,ok,False,,"The Cooper Companies, Inc.",Healthcare,Medical - Instruments & Supplies,general_dcf,10783263990.0,0.2599,0.047695140194642924,0.052212610579211796,0.0825084331222532,-0.034813292927610276,0.16301111144007413,0.16687029615873325,0.07094746791504969,2.417035898363324,0.0,0.0020080375209758916,incremental_roic_below_wacc,8.0,2025.0,annual,2025-12-05,2026-09-18,True,,,,0.3280724791693501,0.07975589236587546,0.375,0.4480724791693501,-0.4480724791693501
237,MSI,458.67,-0.16523269886820344,-0.15448490280687108,-0.26056301036442164,-0.09139797949464988,0.0,0.12,1.0,0.26056301036442164,0.38056301036442164,0.26056301036442164,0.38056301036442164,71.22483178385217,131.4197991242143,184.81034639741614,71.22483178385217,184.81034639741614,False,,-0.7134763574591443,0.8327,1.0,0.08960151543488587,0.9151,-0.2744849028068711,0.8327,valid,,,,,False,ok,False,,"Motorola Solutions, Inc.",Technology,Communication Equipment,general_dcf,76137385320.0,0.9151,0.21399779926408488,0.15088799315472587,0.08949382950151091,0.12450396976257397,0.20223532193357102,0.2504903563255966,0.06857802574283212,2.46513558384062,0.022464638994175834,-0.009198172843362107,,8.0,2025.0,ttm,2026-08-05,2026-09-18,True,,,,0.26056301036442164,0.044800757717442935,0.5,0.38056301036442164,-0.38056301036442164
238,TMUS,168.18,-0.16598583668383068,0.01691343252314257,-0.95,0.25222978821839204,0.25,0.12,0.25,0.95,1.0699999999999998,0.95,1.0699999999999998,-30.462731886931977,128.67023915262467,357.9356814364087,-30.462731886931977,357.9356814364087,False,,-0.23492544207025412,0.45693000000000006,1.0,0.617406994109196,0.4878,-0.10308656747685743,0.45693000000000006,valid,,,forward_roic_cap_hit,,False,ok,True,bear,"T-Mobile US, Inc.",Communication Services,Telecommunications Services,general_dcf,180401911874.0,0.4878,0.08506250011219815,1.990527861070957,0.06533197302727199,0.01973052708492616,0.12487129857199122,0.20298517176669667,0.10713963255832692,3.416294373339773,0.008490542019908858,-0.04821422563407585,elevated_leverage;thin_interest_coverage;cyclical_revenue;peak_cycle_margins,8.0,2025.0,ttm,2026-07-23,2026-09-18,True,,,,0.95,0.308703497054598,0.125,1.0699999999999998,-1.0699999999999998
239,PRU,118.4,-0.16737517601932833,-0.028940598178711197,-0.7033113114627647,0.09169180374287378,0.0,0.12,0.25,0.7033113114627647,0.8233113114627647,0.7033113114627647,0.8233113114627647,0.27218027382045124,102.23054820845014,183.59123820757276,0.27218027382045124,183.59123820757276,False,,-0.13656631580700895,0.6,0.8,0.41550155760281926,0.0026624162600152566,-0.1489405981787112,0.48,valid,,,specialist_model_v1,,False,specialist,False,,"Prudential Financial, Inc.",Financial Services,Insurance - Life,insurance,41084800000.0,,,,,,,,,,,,,,,,,2026-09-18,True,347000000.0,0.819,Justified P/B residual-income proxy; no regulatory-capital or reserve-detail model,0.7033113114627647,0.20775077880140963,0.125,0.8233113114627647,-0.8233113114627647
240,AKAM,104.52,-0.16829197433107765,-0.14651294592185873,-0.30788778464775535,-0.07225422083283772,0.0,0.12,1.0,0.30788778464775535,0.42788778464775534,0.30788778464775535,0.42788778464775534,5.664456044209853,26.40383603361509,44.80479345616768,5.664456044209853,44.80479345616768,False,,-0.7473800609106861,0.6724620000000001,1.0,0.1276429219074588,0.6961,-0.2665129459218587,0.6724620000000001,valid,,,forward_roic_floor_hit;reinvestment_cap_hit,,False,ok,False,,"Akamai Technologies, Inc.",Technology,Software - Infrastructure,general_dcf,15195687338.999998,0.6961,0.041273727504069914,-0.030526924258574523,0.07212661308585669,-0.030852885581786775,0.17709245816795977,0.11847343663901969,0.06463602570036953,4.823316461879624,0.09856212517238061,-0.014289177992000912,elevated_leverage;heavy_sbc;incremental_roic_below_wacc,8.0,2025.0,ttm,2026-08-07,2026-09-18,True,,,,0.30788778464775535,0.0638214609537294,0.5,0.42788778464775534,-0.42788778464775534
241,ODFL,173.0,-0.1689068500629219,-0.1703912249970017,-0.20867567776585927,-0.1261692724918248,0.0,0.12,1.0,0.20867567776585927,0.32867567776585926,0.20867567776585927,0.32867567776585926,40.02810052787104,45.761234404355754,53.62812151509339,40.02810052787104,53.62812151509339,False,,-0.7354841941944754,0.6464700000000001,1.0,0.05185910263701723,0.9519,-0.2903912249970017,0.6464700000000001,valid,,,reinvestment_cap_hit,,False,ok,False,,"Old Dominion Freight Line, Inc.",Industrials,Trucking,general_dcf,35978512959.0,0.9519,0.252635456590282,-0.017990229634820724,0.10831684268726366,0.14431861390301837,0.2561866213225866,0.2584087802121443,0.044823000248298994,-0.14529098711690347,0.0019517404695940195,-0.026396604688391778,incremental_roic_below_wacc,8.0,2025.0,ttm,2026-08-05,2026-09-18,True,,,,0.20867567776585927,0.025929551318508614,0.5,0.32867567776585926,-0.32867567776585926
242,NDSN,311.57,-0.1691440414204407,-0.1654580150760011,-0.2298904154726187,-0.11576972005714192,0.0,0.12,1.0,0.2298904154726187,0.3498904154726187,0.2298904154726187,0.3498904154726187,62.06440350421525,81.78670143584756,101.48949177571913,62.06440350421525,101.48949177571913,False,,-0.737501359451014,0.7335900000000001,1.0,0.06505264770773839,0.768,-0.2854580150760011,0.7335900000000001,valid,,,reinvestment_cap_hit,,False,ok,False,,Nordson Corporation,Industrials,Industrial - Machinery,general_dcf,17360057260.0,0.768,0.1281533317828046,0.03974633978397207,0.09425917201198473,0.03389415977081987,0.2532505691538013,0.2687973501532824,0.03099100141540756,1.7932093168409111,0.007047418864717588,-0.012880726632626072,incremental_roic_below_wacc,8.0,2025.0,ttm,2026-08-20,2026-09-18,True,,,,0.2298904154726187,0.03252632385386919,0.5,0.3498904154726187,-0.3498904154726187
243,NWSA,29.78,-0.16921417015546464,-0.14921974057797338,-0.31604008071590217,-0.06237711875000966,0.0,0.12,0.75,0.31604008071590217,0.43604008071590217,0.31604008071590217,0.43604008071590217,4.000009940040374,9.824242198146235,13.686649266487152,4.000009940040374,13.686649266487152,False,,-0.6701060376713823,0.5140800000000001,0.95,0.14290908098294625,0.2163,-0.2692197405779734,0.4883760000000001,valid,,,reinvestment_cap_hit,,False,ok,False,,News Corporation,Communication Services,Publishing,general_dcf,16716463595.0,0.2163,0.07729704702726226,,0.09135077021377754,-0.01405372318651528,0.0892934911546979,0.11397873283119185,-0.015539002592508733,0.5416116248348745,0.0,-0.011889238862307638,,8.0,2026.0,ttm,2026-08-07,2026-09-18,True,,,,0.31604008071590217,0.07145454049147312,0.375,0.43604008071590217,-0.43604008071590217
244,CMG,33.43,-0.1705284726456739,-0.15616535451263186,-0.3034307450987399,-0.06635243645869193,0.0,0.12,0.75,0.3034307450987399,0.4234307450987399,0.3034307450987399,0.4234307450987399,3.8127775009852347,9.283191296000917,15.09559416073524,3.8127775009852347,15.09559416073524,False,,-0.7223095633861527,0.7273,0.95,0.12822015432002398,0.823,-0.27616535451263186,0.690935,valid,,,,,False,ok,False,,"Chipotle Mexican Grill, Inc.",Consumer Cyclical,Restaurants,general_dcf,42881663900.0,0.823,0.20772042019513334,0.13387818191996204,0.09379177036005362,0.11392864983507972,0.12052278617695131,0.15198008911795535,0.13665429055320644,2.0919810186482293,0.011643248325747205,-0.027509131783148733,,8.0,2025.0,ttm,2026-07-31,2026-09-18,True,,,,0.3034307450987399,0.06411007716001199,0.375,0.4234307450987399,-0.4234307450987399
245,DLTR,111.96,-0.1714784525989671,-0.0667609812575392,-0.6747478233941365,0.12235597551334654,0.25,0.12,0.25,0.6747478233941365,0.7947478233941365,0.6747478233941365,0.7947478233941365,-0.7694660481612204,56.705969286420434,133.6021059345129,-0.7694660481612204,133.6021059345129,False,,-0.4935158155911,0.446796,1.0,0.4151480194537415,0.713,-0.1867609812575392,0.446796,valid,,,base_growth_floor_hit;share_change_floor_hit,,False,ok,False,,"Dollar Tree, Inc.",Consumer Defensive,Discount Stores,general_dcf,21515913000.0,0.713,0.16329717878977773,,0.07435067175273524,0.08894650703704249,0.07816983415618828,0.10735623134532879,-0.022863270003800173,2.1963265577255213,0.005762435120462902,-0.05204434004947822,cyclical_revenue,8.0,2025.0,ttm,2026-08-27,2026-09-18,True,,,,0.6747478233941365,0.20757400972687076,0.125,0.7947478233941365,-0.7947478233941365
246,IDXX,511.65,-0.17498655240815422,-0.17147931790168514,-0.23315056024875952,-0.12383701358048706,0.0,0.12,1.0,0.23315056024875952,0.3531505602487595,0.23315056024875952,0.3531505602487595,92.4588379460375,133.94825662484163,168.34938377722727,92.4588379460375,168.34938377722727,False,,-0.7382033487250237,0.8734,1.0,0.058454773334136234,0.9662,-0.29147931790168513,0.8734,valid,,,,,False,ok,False,,"IDEXX Laboratories, Inc.",Healthcare,Medical - Diagnostics & Research,general_dcf,40360486950.0,0.9662,0.4701691090024938,0.37422638754222093,0.12503575258401334,0.3451333564184805,0.27820512448371637,0.320345170882252,0.09966155300662871,0.6120362750483457,0.01547015731093541,-0.01571045899589718,,8.0,2025.0,ttm,2026-08-04,2026-09-18,True,,,,0.23315056024875952,0.029227386667068117,0.5,0.3531505602487595,-0.3531505602487595
247,C,131.77,-0.1754677756751787,-0.14437143796229268,-0.3394608133745365,-0.073667413401593,0.0,0.12,1.0,0.3394608133745365,0.4594608133745365,0.3394608133745365,0.4594608133745365,16.569503021209318,60.42865296125229,89.87755629529815,16.569503021209318,89.87755629529815,False,,-0.5414081129145307,0.6,0.8,0.15089669998647173,0.2741994436287355,-0.2643714379622927,0.48,valid,,,specialist_model_v1,,False,specialist,False,,Citigroup Inc.,Financial Services,Banks - Diversified,bank,225973690700.0,,,,,,,,,,,,,,,,,2026-09-18,True,1714909999.9999998,1.097,Justified P/B residual-income proxy; no regulatory-capital or reserve-detail model,0.3394608133745365,0.07544834999323587,0.5,0.4594608133745365,-0.4594608133745365
248,ANET,199.39,-0.17725238071579946,-0.1710052809299668,-0.25732287276769045,-0.10967608823557382,0.0,0.12,1.0,0.25732287276769045,0.37732287276769044,0.25732287276769045,0.37732287276769044,32.67146144984646,50.72078368856307,68.49709143329464,32.67146144984646,68.49709143329464,False,,-0.7456202232380607,0.4822740000000001,1.0,0.08935517226605831,0.9218,-0.2910052809299668,0.4822740000000001,valid,,,base_growth_cap_hit;forward_roic_cap_hit,,False,ok,False,,"Arista Networks, Inc.",Technology,Computer Hardware,general_dcf,251065794243.0,0.9218,2.7125688171141866,2.541673972213756,0.13095,2.5816188171141867,0.34139911629930414,0.4313619459623558,0.22695585796283524,-2.8759591344081388,0.05063950385040156,0.0023814179778338662,heavy_sbc;cyclical_revenue,8.0,2025.0,ttm,2026-08-05,2026-09-18,True,,,,0.25732287276769045,0.044677586133029155,0.5,0.37732287276769044,-0.37732287276769044
249,RTX,194.0,-0.17971516073521338,-0.15741106674831823,-0.3664397983782692,-0.03759871106594796,0.0,0.12,0.75,0.3664397983782692,0.4864397983782692,0.3664397983782692,0.4864397983782692,17.081638331365916,55.007880673290096,109.48823795002251,17.081638331365916,109.48823795002251,False,,-0.7164542233335562,0.558,1.0,0.1776805436561606,0.4519,-0.2774110667483182,0.558,valid,,,reinvestment_cap_hit,,False,ok,False,,RTX Corporation,Industrials,Aerospace & Defense,general_dcf,261465071594.0,0.4519,0.08776226342653236,,0.07221692669449974,0.015545336732032622,0.0815182999861138,0.11213903743315508,0.1432943634046051,2.0524689284514612,0.006166569936157864,-0.027963582188603286,,8.0,2025.0,ttm,2026-07-23,2026-09-18,True,,,,0.3664397983782692,0.0888402718280803,0.375,0.4864397983782692,-0.4864397983782692
250,ZBH,95.36,-0.1797360580298118,0.0050297337467782475,-0.95,0.22099630038719628,0.25,0.12,0.25,0.95,1.0699999999999998,0.95,1.0699999999999998,-3.0307974858164983,69.57243619383104,175.78932947682827,-3.0307974858164983,175.78932947682827,False,,-0.27042327816871814,0.51543,1.0,0.600035250193598,0.2145,-0.11497026625322175,0.51543,valid,,,forward_roic_cap_hit,,False,ok,True,bear,"Zimmer Biomet Holdings, Inc.",Healthcare,Medical - Devices,general_dcf,18448536320.0,0.2145,0.06001269163984646,1.620416730156763,0.07001856033878051,-0.01000586869893405,0.13425669510777075,0.15729412732550624,0.005292468669956474,2.8890796141899626,0.013153439429062589,-0.02854522876120502,thin_interest_coverage,8.0,2025.0,ttm,2026-08-05,2026-09-18,True,,,,0.95,0.300017625096799,0.125,1.0699999999999998,-1.0699999999999998
251,CDNS,282.9,-0.18006913773824632,-0.17422460438392584,-0.24869400228781158,-0.12313333989732198,0.0,0.12,1.0,0.24869400228781158,0.3686940022878116,0.24869400228781158,0.3686940022878116,45.974414507601765,72.31388995456541,94.74008843924736,45.974414507601765,94.74008843924736,False,,-0.7443835632571035,0.852,1.0,0.0672203311952448,0.8522,-0.29422460438392584,0.852,valid,,,,,False,ok,False,,"Cadence Design Systems, Inc.",Technology,Software - Application,general_dcf,77908679700.0,0.8522,0.1956738681406974,0.26272291701168327,0.10537424236471667,0.09029962577598073,0.27587571713297987,0.3082855813059528,0.13837522331577512,0.4901198062587185,0.08429147749406196,-7.636641362107621e-05,heavy_sbc,8.0,2025.0,ttm,2026-07-29,2026-09-18,True,,,,0.24869400228781158,0.0336101655976224,0.5,0.3686940022878116,-0.3686940022878116
252,FERG,214.43,-0.1813220763055142,-0.15841061077080665,-0.3189105880534044,-0.08955649562703907,0.0,0.12,1.0,0.3189105880534044,0.4389105880534044,0.3189105880534044,0.4389105880534044,26.091178392592255,65.1287138473446,73.03509569204432,26.091178392592255,73.03509569204432,False,,-0.6962705132334813,0.446796,1.0,0.13127316621318266,0.8467,-0.27841061077080664,0.446796,valid,,,forward_roic_floor_hit;reinvestment_cap_hit,,False,ok,False,,Ferguson plc,Industrials,Industrial - Distribution,general_dcf,41586086743.0,0.8467,0.18185917239317057,-0.47128061671998067,0.09828569307473858,0.08357347931843198,0.08749129080231521,0.09006805281149058,-0.12344977431450455,1.8327707885854556,0.0016534503121309262,-0.02170313993546824,cyclical_revenue;incremental_roic_below_wacc,8.0,2026.0,ttm,2026-08-10,2026-09-18,True,,,,0.3189105880534044,0.06563658310659133,0.5,0.4389105880534044,-0.4389105880534044
253,BKR,57.25,-0.18226684658438896,-0.16334725116612392,-0.3640465991804376,-0.038326284824870493,0.0,0.12,0.75,0.3640465991804376,0.4840465991804376,0.3640465991804376,0.4840465991804376,5.733203962763615,17.13962205438364,31.496856257980365,5.733203962763615,31.496856257980365,False,,-0.7006179553819452,0.6007,0.7,0.18383915717778354,0.2988,-0.2833472511661239,0.42049,valid,,,,,False,ok,False,,Baker Hughes Company,Energy,Oil & Gas Equipment & Services,general_dcf,56830586500.0,0.2988,0.10998239939111407,0.44018987341772153,0.09191494227125642,0.018067457119857647,0.07661628186406616,0.12825875311001333,0.027880293666787903,0.46111696522655427,0.0073197995168211155,0.002358499301831074,peak_cycle_margins,8.0,2025.0,annual,2026-02-05,2026-09-18,True,,,,0.3640465991804376,0.09191957858889177,0.375,0.4840465991804376,-0.4840465991804376
254,KLAC,176.99,-0.1830803307755559,-0.17956916402908976,-0.24965932828199577,-0.12352366676204835,0.0,0.12,1.0,0.24965932828199577,0.36965932828199577,0.24965932828199577,0.36965932828199577,29.64221431685929,45.61516082802122,59.578347679473076,29.64221431685929,59.578347679473076,False,,-0.7422726660940098,0.68265,1.0,0.07258833075997372,0.9669,-0.29956916402908973,0.68265,valid,,,forward_roic_cap_hit,,False,ok,False,,KLA Corporation,Technology,Semiconductors,general_dcf,231198497200.0,0.9669,0.6607547332166038,0.8350404915492566,0.12062682440562604,0.5401279088109778,0.37555765765641247,0.4168629187164512,0.16837315102924522,0.2063344232750508,0.021800548561297553,-0.020061284419845227,,8.0,2026.0,ttm,2026-08-06,2026-09-18,True,,,,0.24965932828199577,0.03629416537998686,0.5,0.36965932828199577,-0.36965932828199577
255,HUBB,446.92,-0.18323810162146398,-0.15682052372212635,-0.36799603696708794,-0.05131532207451525,0.0,0.12,0.75,0.36799603696708794,0.48799603696708793,0.36799603696708794,0.48799603696708793,31.831883618294743,121.54907148116989,217.98330023041288,31.831883618294743,217.98330023041288,False,,-0.7280294650470557,0.6913,0.85,0.17210135744628632,0.7202,-0.27682052372212634,0.587605,valid,,,,,False,ok,False,,Hubbell Incorporated,Industrials,Electrical Equipment & Parts,general_dcf,23611932631.0,0.7202,0.11100336206559067,0.2157911849580883,0.08650226409917056,0.02450109796642011,0.13879854972726194,0.20211774535638538,0.038659372864209285,3.3261392489643193,0.005436617215954517,-0.004867878368850498,elevated_leverage,8.0,2025.0,ttm,2026-07-29,2026-09-18,True,,,,0.36799603696708794,0.08605067872314316,0.375,0.48799603696708793,-0.48799603696708793
256,VMC,240.83,-0.1841080869206052,-0.15597205575031686,-0.3710690436855656,-0.05341919249622147,0.0,0.12,0.75,0.3710690436855656,0.4910690436855656,0.3710690436855656,0.4910690436855656,20.186482846134357,67.5199156796754,111.01524356166023,20.186482846134357,111.01524356166023,False,,-0.7196366080651273,0.662,1.0,0.16896492559467208,0.3246,-0.27597205575031686,0.662,valid,,,,,False,ok,False,,Vulcan Materials Company,Basic Materials,Construction Materials,general_dcf,31206510570.0,0.3246,0.09674770993466167,0.1569505195752272,0.09849558061060407,-0.0017478706759423979,0.18273980107251592,0.19922294172062904,0.0884530894949942,2.0230712837983527,0.007954316256555063,-0.007035408844563884,thin_interest_coverage,8.0,2025.0,ttm,2026-07-29,2026-09-18,True,,,,0.3710690436855656,0.08448246279733604,0.375,0.4910690436855656,-0.4910690436855656
257,MU,1015.8,-0.18467165661259055,-0.17172217618281133,-0.3821288259576249,-0.013113448127114652,0.0,0.12,0.75,0.3821288259576249,0.5021288259576249,0.3821288259576249,0.5021288259576249,98.59010576125175,248.2434480291508,524.213452933914,98.59010576125175,524.213452933914,False,,-0.7556177908750238,0.35842500000000005,0.85,0.2082549389152551,0.6493,-0.2917221761828113,0.30466125000000005,valid,,,base_growth_cap_hit;wacc_cap_hit,,False,ok,False,,"Micron Technology, Inc.",Technology,Semiconductors,general_dcf,1147234362000.0,0.6493,0.6587323318286095,0.19500453035336757,0.14,0.5187323318286094,0.24542062073250998,0.6573653543655981,0.030003556214882376,-0.28741551335693594,0.03317271315359802,0.006786870429842606,cyclical_revenue;peak_cycle_margins,8.0,2025.0,ttm,2026-06-25,2026-09-18,True,,,,0.3821288259576249,0.10412746945762755,0.375,0.5021288259576249,-0.5021288259576249
258,AMAT,444.57,-0.18486747220940736,-0.18468696422205538,-0.23671739948258613,-0.13337856091093261,0.0,0.12,1.0,0.23671739948258613,0.35671739948258613,0.23671739948258613,0.35671739948258613,77.1785976448428,108.25939713334806,136.9589828966734,77.1785976448428,136.9589828966734,False,,-0.7564851493952627,0.7426,1.0,0.05939141928582676,0.9754,-0.3046869642220554,0.7426,valid,,,,,False,ok,False,,"Applied Materials, Inc.",Technology,Semiconductors,general_dcf,352970352630.0,0.9754,0.3422130561848825,0.19038816312622922,0.12844693589471867,0.21376612029016384,0.28906419392654936,0.30502318643188375,0.07858556936479122,-0.19004935038775306,0.02123196938475125,-0.030167356555322877,,8.0,2025.0,ttm,2026-08-20,2026-09-18,True,,,,0.23671739948258613,0.02969570964291338,0.5,0.35671739948258613,-0.35671739948258613
259,ROK,415.62,-0.18554310871295454,-0.1775628114250139,-0.2802071527636144,-0.10683965923817593,0.0,0.12,1.0,0.2802071527636144,0.4002071527636144,0.2802071527636144,0.4002071527636144,57.69494087817881,104.30325857329191,147.43607391973435,57.69494087817881,147.43607391973435,False,,-0.7490417723562584,0.68958,1.0,0.09599634676271925,0.9083,-0.2975628114250139,0.68958,valid,,,forward_roic_cap_hit,,False,ok,False,,"Rockwell Automation, Inc.",Industrials,Industrial - Machinery,general_dcf,46247699880.0,0.9083,0.24558202136360585,0.804075570656804,0.1206763975303234,0.12490562383328245,0.17226625135061094,0.2168728407444556,0.03261237098756298,1.3818342151675485,0.010189403020858308,-0.011850827048212609,,8.0,2025.0,ttm,2026-08-04,2026-09-18,True,,,,0.2802071527636144,0.04799817338135962,0.5,0.4002071527636144,-0.4002071527636144
260,TYL,337.5,-0.18558904172605253,-0.1821466738649178,-0.25704494055680704,-0.12101787861756741,0.0,0.12,1.0,0.25704494055680704,0.37704494055680704,0.25704494055680704,0.37704494055680704,57.84515147765037,83.80539277341083,114.41481606695605,57.84515147765037,114.41481606695605,False,,-0.7516877251158198,0.6365700000000001,1.0,0.07891643096961981,0.7218,-0.3021466738649178,0.6365700000000001,valid,,,reinvestment_cap_hit,,False,ok,False,,"Tyler Technologies, Inc.",Technology,Software - Application,general_dcf,13821401250.0,0.7218,0.09357844766452977,,0.08865801831134035,0.004920429353189426,0.14201850877509714,0.15138515436541042,0.13944339404503459,0.9345535967195867,0.0574482307303339,-0.0043111130571173994,heavy_sbc,8.0,2025.0,ttm,2026-07-29,2026-09-18,True,,,,0.25704494055680704,0.039458215484809905,0.5,0.37704494055680704,-0.37704494055680704
261,A,156.47,-0.18922061476405358,-0.18796686590649186,-0.24102284921682438,-0.13992587802640621,0.0,0.12,1.0,0.24102284921682438,0.36102284921682437,0.24102284921682438,0.36102284921682437,28.382673591029327,37.107364122721634,45.31083580207853,28.382673591029327,45.31083580207853,False,,-0.7628467813464457,0.8066,1.0,0.05635048559520908,0.7843,-0.30796686590649186,0.8066,valid,,,,,False,ok,False,,"Agilent Technologies, Inc.",Healthcare,Medical - Diagnostics & Research,general_dcf,44192135040.0,0.7843,0.1495604759985737,0.06527467842826057,0.10760596787893636,0.04195450811963733,0.20521881264522696,0.22232772653282692,0.05072541423244137,1.1471204188481676,0.018422567645365574,-0.01925735407253759,incremental_roic_below_wacc,8.0,2025.0,ttm,2026-09-01,2026-09-18,True,,,,0.24102284921682438,0.02817524279760454,0.5,0.36102284921682437,-0.36102284921682437
262,JBHT,234.25,-0.19024019110038348,-0.19349922933906777,-0.24451553354883798,-0.12944677217456046,0.0,0.12,1.0,0.24451553354883798,0.364515533548838,0.24451553354883798,0.364515533548838,40.316034295249956,40.316034295249956,62.3493490652333,40.931554793133955,62.3493490652333,True,"growth destroys value: forward ROIC 2.0% at/below WACC 11.1%, so higher-growth scenarios reinvest below the cost of capital and are worth less than the bear case",-0.8278931300096053,0.5780160000000001,1.0,0.07019390068713875,0.7912,-0.31349922933906776,0.5780160000000001,valid,,,forward_roic_floor_hit;reinvestment_cap_hit,,False,ok,False,,"J.B. Hunt Transport Services, Inc.",Industrials,Integrated Freight & Logistics,general_dcf,21999565325.0,0.7912,0.15116842496020624,-0.11504860955793367,0.1113266878787622,0.03984173708144405,0.07823289501812905,0.07523751487051336,0.0484726000390483,0.6817197492181736,0.005979867149991966,-0.03384668186885509,incremental_roic_below_wacc,8.0,2025.0,ttm,2026-07-24,2026-09-18,True,,,,0.24451553354883798,0.035096950343569376,0.5,0.364515533548838,-0.364515533548838
263,AIG,75.33,-0.19128237885533644,0.009046397023572128,-0.95,0.16677769053150993,0.25,0.12,0.25,0.95,1.0699999999999998,0.95,1.0699999999999998,0.0,78.79953369608724,162.89529865831454,0.0,162.89529865831454,False,,0.04605779498323703,0.6,0.8,0.576388845265755,0.0,-0.11095360297642787,0.48,valid,,,specialist_model_v1,,False,specialist,False,,"American International Group, Inc.",Financial Services,Insurance - Diversified,insurance,39940417980.0,,,,,,,,,,,,,,,,,2026-09-18,True,530206000.0,0.511,Justified P/B residual-income proxy; no regulatory-capital or reserve-detail model,0.95,0.2881944226328775,0.125,1.0699999999999998,-1.0699999999999998
264,CSX,47.1,-0.19197736890055236,-0.19593304200097916,-0.2598253174102864,-0.11621807418996465,0.0,0.12,1.0,0.2598253174102864,0.3798253174102864,0.2598253174102864,0.3798253174102864,6.401347130975913,6.401347130975913,12.571831077066493,7.214727932887487,12.571831077066493,True,"growth destroys value: forward ROIC 2.0% at/below WACC 9.9%, so higher-growth scenarios reinvest below the cost of capital and are worth less than the bear case",-0.8640902944591101,0.615438,1.0,0.08334048161016087,0.7599,-0.31593304200097916,0.615438,valid,,,forward_roic_floor_hit;reinvestment_cap_hit,,False,ok,False,,CSX Corporation,Industrials,Railroads,general_dcf,87251808000.0,0.7599,0.11831372724869005,-0.12815277880637105,0.09943921433559426,0.01887451291309579,0.3882619842609072,0.3415104740904079,0.02021319242870323,2.7181543116490166,0.0,-0.04598711400177957,incremental_roic_below_wacc,8.0,2025.0,ttm,2026-07-22,2026-09-18,True,,,,0.2598253174102864,0.04167024080508044,0.5,0.3798253174102864,-0.3798253174102864
265,SBUX,95.83,-0.19656985534820698,-0.1989657825441099,-0.26705881095258516,-0.12128904535202303,0.0,0.12,1.0,0.26705881095258516,0.38705881095258515,0.26705881095258516,0.38705881095258515,13.96958195837462,15.299024903549611,27.713793034070438,13.96958195837462,27.713793034070438,False,,-0.84035244804811,0.5862780000000001,0.85,0.08979654280028106,0.9331,-0.3189657825441099,0.49833630000000007,valid,,,forward_roic_floor_hit;reinvestment_cap_hit,,False,ok,False,,Starbucks Corporation,Consumer Cyclical,Restaurants,general_dcf,109246200000.0,0.9331,0.2525337160488047,-0.297353315146048,0.090231558971954,0.1623021570768507,0.1516728793480779,0.09432165628358848,0.060062777447075,2.360173529264256,0.008522177564254952,-0.00424762401487766,incremental_roic_below_wacc,8.0,2025.0,ttm,2026-07-29,2026-09-18,True,,,,0.26705881095258516,0.04489827140014053,0.5,0.38705881095258515,-0.38705881095258515
266,ORCL,147.6,-0.19840902487339918,-0.18237495374633,-0.3143226363637951,-0.11456355563714166,0.0,0.12,1.0,0.3143226363637951,0.4343226363637951,0.3143226363637951,0.4343226363637951,5.6536077123452655,22.035060537958383,37.828576425823734,5.6536077123452655,37.828576425823734,False,,-0.8507109719650516,0.71307,1.0,0.10848744036332672,0.7109,-0.30237495374633,0.71307,valid,,,reinvestment_cap_hit,,False,ok,False,,Oracle Corporation,Technology,Software - Infrastructure,general_dcf,425157372000.0,0.7109,0.11076242657427965,0.07323815469563844,0.1154797373700467,-0.004717310795767052,0.30822780689561535,0.3236273458071527,0.07920446139060222,3.484534873493799,0.0750363475009913,0.027439740008927682,elevated_leverage;thin_interest_coverage;heavy_sbc;incremental_roic_below_wacc,8.0,2026.0,ttm,2026-09-11,2026-09-18,True,,,,0.3143226363637951,0.05424372018166336,0.5,0.4343226363637951,-0.4343226363637951
267,TXN,266.64,-0.1993058636191563,-0.19667872989375612,-0.2617258868107456,-0.1421401078783674,0.0,0.12,1.0,0.2617258868107456,0.3817258868107456,0.2617258868107456,0.3817258868107456,29.1136767852662,46.90963603577719,67.2184559658597,29.1136767852662,67.2184559658597,False,,-0.8240712719930349,0.576072,1.0,0.0725107294661891,0.9451,-0.3166787298937561,0.576072,valid,,,forward_roic_floor_hit;reinvestment_cap_hit,,False,ok,False,,Texas Instruments Incorporated,Technology,Semiconductors,general_dcf,243508362995.0,0.9451,0.25354909542626325,-0.17168647586355487,0.11259296617256563,0.1409561292536976,0.41301948168070923,0.37289878167891843,0.016353768938195623,0.7439333192656679,0.023696414432756475,-0.0021645089324286992,incremental_roic_below_wacc,8.0,2025.0,ttm,2026-07-24,2026-09-18,True,,,,0.2617258868107456,0.03625536473309455,0.5,0.3817258868107456,-0.3817258868107456
268,LRCX,288.11,-0.20174497464504376,-0.20031739637925045,-0.263976912011276,-0.14236819381039817,0.0,0.12,1.0,0.263976912011276,0.383976912011276,0.263976912011276,0.383976912011276,41.925528671378615,63.37101196274668,83.0066652254967,41.925528671378615,83.0066652254967,False,,-0.780045774312774,0.5431860000000001,1.0,0.0745087791004389,0.9711,-0.32031739637925044,0.5431860000000001,valid,,,forward_roic_cap_hit;wacc_cap_hit,,False,ok,False,,Lam Research Corporation,Technology,Semiconductors,general_dcf,360301722700.0,0.9711,0.6588045365043671,0.7362280908030492,0.14,0.5188045365043671,0.30169449757852773,0.35294212594408997,0.13367203725807486,-0.16867847164232164,0.018625440323556754,-0.024455147864246407,cyclical_revenue,8.0,2026.0,ttm,2026-08-07,2026-09-18,True,,,,0.263976912011276,0.03725438955021945,0.5,0.383976912011276,-0.383976912011276
269,PEG,69.77,-0.20247688416857268,-0.036176904640160476,-0.95,0.21244627260603016,0.25,0.12,0.25,0.95,1.0699999999999998,0.95,1.0699999999999998,-17.93719781957788,41.11859573243115,124.6206377884234,-17.93719781957788,124.6206377884234,False,,-0.4106550704825691,0.5914,1.0,0.593481136303015,0.3191,-0.15617690464016049,0.5914,valid,,,,,False,ok,True,bear,Public Service Enterprise Group Incorporated,Utilities,Regulated Electric,general_dcf,34767856170.0,0.3191,0.060254245654700035,0.4178713766367468,0.07695303368342485,-0.016698788028724813,0.23252653674492513,0.23136410747030217,0.0329742925901062,7.476641221374046,0.0,-0.0006657791581933248,elevated_leverage;thin_interest_coverage,8.0,2025.0,ttm,2026-08-04,2026-09-18,True,,,,0.95,0.2967405681515075,0.125,1.0699999999999998,-1.0699999999999998
270,PH,943.54,-0.20363436632796947,-0.19723171722798727,-0.2849773060312145,-0.1350967248246888,0.0,0.12,1.0,0.2849773060312145,0.4049773060312145,0.2849773060312145,0.4049773060312145,131.3051208400207,211.86397996781153,291.0600744544133,131.3051208400207,291.0600744544133,False,,-0.7754584013737504,0.7884,1.0,0.08128829060326287,0.7973,-0.31723171722798726,0.7884,valid,,,,,False,ok,False,,Parker-Hannifin Corporation,Industrials,Industrial - Machinery,general_dcf,118967551477.0,0.7973,0.1557867525456143,0.15162653006173102,0.10252145935348875,0.05326529319212556,0.17319267955341092,0.21554490906553794,0.059764445504509434,1.517978978425226,0.00801007556675063,-0.005219128285064434,,8.0,2026.0,ttm,2026-08-21,2026-09-18,True,,,,0.2849773060312145,0.040644145301631435,0.5,0.4049773060312145,-0.4049773060312145
271,GNRC,207.44,-0.20611467949165668,-0.2012607708922587,-0.3341404956780025,-0.08779668050410687,0.0,0.12,1.0,0.3341404956780025,0.4541404956780025,0.3341404956780025,0.4541404956780025,17.047874122483034,24.574795131027948,58.652928244964386,17.047874122483034,58.652928244964386,False,,-0.8815329968616085,0.407673,1.0,0.14094171758694782,0.5485,-0.3212607708922587,0.407673,valid,,,forward_roic_floor_hit;reinvestment_cap_hit,,False,ok,False,,Generac Holdings Inc.,Industrials,Industrial - Machinery,general_dcf,12211723128.0,0.5485,0.080061298272563,-1.435172989305175,0.1353033859763397,-0.0552420877037767,0.1468885095320479,0.09495684803678167,0.11030592847427156,2.1716059473089295,0.011866299751469835,-0.027795246450895927,cyclical_revenue;incremental_roic_below_wacc,8.0,2025.0,ttm,2026-08-04,2026-09-18,True,,,,0.3341404956780025,0.07047085879347391,0.5,0.4541404956780025,-0.4541404956780025
272,WELL,228.87,-0.20672398903707243,-0.185267903002311,-0.2710922471413567,-0.185267903002311,0.0,0.12,1.0,0.2710922471413567,0.3910922471413567,0.2710922471413567,0.3910922471413567,47.09249683312294,82.16048602291288,82.16048602291288,47.09249683312294,82.16048602291288,False,,-0.6410167954606856,0.6,0.8,0.06091217206952285,0.5731769505354412,-0.305267903002311,0.48,valid,,,specialist_model_v1,,False,specialist,False,,Welltower Inc.,Real Estate,REIT - Healthcare Facilities,reit,164917316158.0,,,,,,,,,,,,,,,,,2026-09-18,True,720572011.0018787,0.76,P/AFFO Gordon proxy; no property-level NOI or maintenance-capex detail,0.2710922471413567,0.030456086034761427,0.5,0.3910922471413567,-0.3910922471413567
273,ADI,375.72,-0.20858260537279422,-0.202091828880657,-0.33295749837852784,-0.09718926535133504,0.0,0.12,1.0,0.33295749837852784,0.45295749837852783,0.33295749837852784,0.45295749837852783,38.48228351657318,70.5350727948895,130.1836088600285,38.48228351657318,130.1836088600285,False,,-0.8122669200604453,0.45702000000000004,1.0,0.1341735165135964,0.4381,-0.322091828880657,0.45702000000000004,valid,,,reinvestment_cap_hit,,False,ok,False,,"Analog Devices, Inc.",Technology,Semiconductors,general_dcf,183008327640.0,0.4381,0.11007850142856272,,0.10789263594612995,0.0021858654824327695,0.27015266265536875,0.355494669833992,0.08501578301136647,0.9841821866422623,0.027867362344766295,-0.021391104238438374,cyclical_revenue,8.0,2025.0,ttm,2026-08-19,2026-09-18,True,,,,0.33295749837852784,0.0670867582567982,0.5,0.45295749837852783,-0.45295749837852783
274,MLM,490.64,-0.21082737174565405,-0.168984404359071,-0.44774492733195076,-0.057595750932523476,0.0,0.12,0.75,0.44774492733195076,0.5677449273319508,0.44774492733195076,0.5677449273319508,19.291938613052114,115.05880407031898,210.88936024017949,19.291938613052114,210.88936024017949,False,,-0.7654924097702613,0.5702400000000001,1.0,0.20796738819971364,0.3032,-0.288984404359071,0.5702400000000001,valid,,,reinvestment_cap_hit,,False,ok,False,,"Martin Marietta Materials, Inc.",Basic Materials,Construction Materials,general_dcf,29470684112.0,0.3032,0.06560225255022115,0.12745319670657848,0.0963256744138428,-0.030723421863621647,0.20423619418469918,0.21094333981163105,0.06380605907772896,2.7831267874165873,0.007377895824110963,-0.01242029164472147,,8.0,2025.0,ttm,2026-07-30,2026-09-18,True,,,,0.44774492733195076,0.10398369409985682,0.375,0.5677449273319508,-0.5677449273319508
275,MPWR,1217.8,-0.21169812503476343,-0.20421677088525025,-0.28712751457896946,-0.1512314437895838,0.0,0.12,1.0,0.28712751457896946,0.40712751457896945,0.28712751457896946,0.40712751457896945,149.46805457845096,236.76890503972768,313.6605566042344,149.46805457845096,313.6605566042344,False,,-0.805576527311769,0.5661,1.0,0.08096503539469282,0.9457,-0.32421677088525025,0.5661,valid,,,base_growth_cap_hit,,False,ok,False,,"Monolithic Power Systems, Inc.",Technology,Semiconductors,general_dcf,59830514000.0,0.9457,0.33670719680339917,0.23276839249069248,0.1333,0.20340719680339917,0.2308215064033451,0.28723483559302665,0.2508627848368101,-1.413362431794234,0.08221036839839391,0.006117973343718663,heavy_sbc;cyclical_revenue,8.0,2025.0,ttm,2026-08-05,2026-09-18,True,,,,0.28712751457896946,0.04048251769734641,0.5,0.40712751457896945,-0.40712751457896945
276,HAS,87.57,-0.2146097769058542,-0.048504817386856275,-0.95,0.18857052715029576,0.25,0.12,0.25,0.95,1.0699999999999998,0.95,1.0699999999999998,-4.353207602353026,52.66943359908545,149.72103226799385,-4.353207602353026,149.72103226799385,False,,-0.3985447801863029,0.5822,1.0,0.5818192635751479,0.7,-0.16850481738685627,0.5822,valid,,,,,False,ok,True,bear,"Hasbro, Inc.",Consumer Cyclical,Leisure,general_dcf,12351263975.000002,0.7,0.32155946336884855,,0.06971939186248015,0.2518400715063684,0.10535031530997216,0.23855867449529478,0.00375236020630787,1.7145093128815152,0.0,0.010214483546903796,peak_cycle_margins,8.0,2025.0,ttm,2026-07-30,2026-09-18,True,,,,0.95,0.29090963178757395,0.125,1.0699999999999998,-1.0699999999999998
277,MAR,338.92,-0.2146300524720573,-0.150491979662911,-0.559281135670608,0.0017448851082008609,0.0,0.12,0.75,0.559281135670608,0.679281135670608,0.559281135670608,0.679281135670608,5.148820111920938,96.29994494388264,212.076111749552,5.148820111920938,212.076111749552,False,,-0.7158623128057281,0.38394,1.0,0.2989948103894044,0.891,-0.270491979662911,0.38394,valid,,,forward_roic_cap_hit;share_change_floor_hit,,False,ok,False,,"Marriott International, Inc.",Consumer Cyclical,Travel Lodging,general_dcf,88378910329.0,0.891,0.2646063150538923,1.12170246356831,0.09634670051152665,0.16825961454236565,0.13818482151354172,0.157969075230449,0.033741498293627714,3.4945498587000405,0.009012449400442985,-0.06139649755319576,elevated_leverage;cyclical_revenue,8.0,2025.0,ttm,2026-08-03,2026-09-18,True,,,,0.559281135670608,0.1494974051947022,0.375,0.679281135670608,-0.679281135670608
278,NSC,314.16,-0.21739881569410496,-0.21776447288866618,-0.30599559662514364,-0.12807072037394387,0.0,0.12,1.0,0.30599559662514364,0.42599559662514364,0.30599559662514364,0.42599559662514364,31.60523390830692,31.60523390830692,74.08418623929191,34.569162933238864,74.08418623929191,True,"growth destroys value: forward ROIC 2.0% at/below WACC 10.2%, so higher-growth scenarios reinvest below the cost of capital and are worth less than the bear case",-0.8993976511704007,0.6023160000000001,1.0,0.10089295812559988,0.7107,-0.3377644728886662,0.6023160000000001,valid,,,forward_roic_floor_hit;reinvestment_cap_hit,,False,ok,False,,Norfolk Southern Corporation,Industrials,Railroads,general_dcf,70562849280.0,0.7107,0.09801495024539456,-0.0692751831503375,0.10161613020567012,-0.0036011799602755634,0.3450790239831443,0.316347687400319,0.008767797689063883,2.890851617701748,0.0,-0.015077809221265337,incremental_roic_below_wacc,8.0,2025.0,ttm,2026-07-23,2026-09-18,True,,,,0.30599559662514364,0.05044647906279994,0.5,0.42599559662514364,-0.42599559662514364
279,T,25.4,-0.21888102599768897,-0.026877784077078075,-0.95,0.12823146416340025,0.25,0.12,0.25,0.95,1.0699999999999998,0.95,1.0699999999999998,-2.358598633894512,16.176948075710285,32.53213848536388,-2.358598633894512,32.53213848536388,False,,-0.363112280483847,0.6427,1.0,0.5498347320817002,0.526,-0.14687778407707808,0.6427,valid,,,,,False,ok,True,bear,AT&T Inc.,Communication Services,Telecommunications Services,general_dcf,174050706000.0,0.526,0.0817906181435148,,0.07392439511701418,0.007866223026500627,0.18042818427832208,0.20384473313999638,-0.042875319057744776,3.1376689553914585,0.0,-0.028994779230208878,elevated_leverage;thin_interest_coverage,8.0,2025.0,ttm,2026-07-22,2026-09-18,True,,,,0.95,0.2749173660408501,0.125,1.0699999999999998,-1.0699999999999998
280,BNY,153.79,-0.2190847000523789,-0.19938909111866987,-0.33219102875700846,-0.1453695892151674,0.0,0.12,1.0,0.33219102875700846,0.45219102875700845,0.33219102875700846,0.45219102875700845,20.426282873769555,50.58661432578071,70.1164322069548,20.426282873769555,70.1164322069548,False,,-0.6710669463178314,0.6,0.8,0.11141071977092051,0.4037882974777303,-0.31938909111866987,0.48,valid,,,specialist_model_v1,,False,specialist,False,,Bank of New York Mellon Corp,Financial Services,Investment - Banking & Investment Services,bank,105558226410.0,,,,,,,,,,,,,,,,,2026-09-18,True,686379000.0,1.048,Justified P/B residual-income proxy; no regulatory-capital or reserve-detail model,0.33219102875700846,0.05570535988546026,0.5,0.45219102875700845,-0.45219102875700845
281,LH,320.71,-0.2198821738373226,-0.18359765881177734,-0.4682724713435163,-0.04406090638221937,0.0,0.12,0.75,0.4682724713435163,0.5882724713435163,0.4682724713435163,0.5882724713435163,13.072237749237013,54.91250167345082,152.61810512165422,13.072237749237013,152.61810512165422,False,,-0.8287783303500021,0.5009850000000001,1.0,0.22707623248064845,0.3945,-0.30359765881177736,0.5009850000000001,valid,,,forward_roic_floor_hit;reinvestment_cap_hit,,False,ok,False,,Labcorp Holdings Inc.,Healthcare,Medical - Diagnostics & Research,general_dcf,26298220000.0,0.3945,0.08004811843435115,-7.794511381847969,0.08373272037209178,-0.003684601937740631,0.11604691500812825,0.11272651240591024,0.030137680570719194,2.863076457621991,0.009016822322727696,-0.03623135514492892,incremental_roic_below_wacc,8.0,2025.0,ttm,2026-08-05,2026-09-18,True,,,,0.4682724713435163,0.11353811624032423,0.375,0.5882724713435163,-0.5882724713435163
282,FTV,55.0,-0.22425063181435687,-0.18971162114758042,-0.4130391511484049,-0.10454013381386172,0.0,0.12,1.0,0.4130391511484049,0.5330391511484049,0.4130391511484049,0.5330391511484049,3.259104466481108,12.853979115524906,18.319377633744477,3.259104466481108,18.319377633744477,False,,-0.7662912888086381,0.5184000000000001,1.0,0.16869750866727157,0.5398,-0.30971162114758044,0.5184000000000001,valid,,,share_change_floor_hit;reinvestment_cap_hit,,False,ok,False,,Fortive Corporation,Technology,"Hardware, Equipment & Parts",general_dcf,16610937860.0,0.5398,0.0737269510139396,,0.0913115910256969,-0.017584640011757302,0.17465117318383777,0.18228370178930528,-0.03190008590079263,2.6597946890642232,0.018680032314972055,-0.05178548137113648,,8.0,2025.0,ttm,2026-07-29,2026-09-18,True,,,,0.4130391511484049,0.08434875433363578,0.5,0.5330391511484049,-0.5330391511484049
283,CBRE,139.5,-0.22530835030556767,-0.21017149146355218,-0.3578906088980148,-0.12299980939715166,0.0,0.12,1.0,0.3578906088980148,0.47789060889801477,0.3578906088980148,0.47789060889801477,-1.3822359721326627,16.682480278175394,35.90905236061619,-1.3822359721326627,35.90905236061619,False,,-0.8804123277550151,0.6145470000000001,1.0,0.12900898975043154,0.6907,-0.3301714914635522,0.6145470000000001,valid,,,forward_roic_floor_hit;reinvestment_cap_hit,,False,ok,False,,"CBRE Group, Inc.",Real Estate,Real Estate - Services,general_dcf,40395754071.0,0.6907,0.07229894445549002,-0.04102788275435944,0.09762136547218617,-0.025322421016696142,0.04487385041355632,0.03609074243813016,0.09604354201767173,3.6808424463345486,0.0,-0.03226693695322658,elevated_leverage;incremental_roic_below_wacc,8.0,2025.0,ttm,2026-07-29,2026-09-18,True,,,,0.3578906088980148,0.06450449487521577,0.5,0.47789060889801477,-0.47789060889801477
284,WST,362.31,-0.22752961766964291,-0.22703389816160774,-0.2821851587083075,-0.1738655156470486,0.0,0.12,1.0,0.2821851587083075,0.4021851587083075,0.2821851587083075,0.4021851587083075,45.04420070653005,57.49453779711567,81.00535433869324,45.04420070653005,81.00535433869324,False,,-0.8413112036733303,0.573399,1.0,0.06695785153062946,0.8421,-0.34703389816160773,0.573399,valid,,,forward_roic_floor_hit;reinvestment_cap_hit,,False,ok,False,,"West Pharmaceutical Services, Inc.",Healthcare,Medical - Instruments & Supplies,general_dcf,25497856098.0,0.8421,0.1982938835421028,-0.12951822220621453,0.10620973569813077,0.09208414784397204,0.20320865651832,0.20637306478280476,0.08665376290342741,-0.142708814028611,0.007743110908676839,-0.02019396960477804,incremental_roic_below_wacc,8.0,2025.0,ttm,2026-07-23,2026-09-18,True,,,,0.2821851587083075,0.03347892576531473,0.5,0.4021851587083075,-0.4021851587083075
285,KR,60.0,-0.22861662788345707,-0.16011301996768446,-0.5358304022520315,-0.05841006934642788,0.0,0.12,0.75,0.5358304022520315,0.6558304022520315,0.5358304022520315,0.6558304022520315,0.6944626486661183,16.887221645358235,29.187364238898905,0.6944626486661183,29.187364238898905,False,,-0.718546305910696,0.71073,1.0,0.2473882664528018,0.6865,-0.28011301996768445,0.71073,valid,,,share_change_floor_hit,,False,ok,False,,The Kroger Co.,Consumer Defensive,Grocery Stores,general_dcf,36758820000.0,0.6865,0.0569405207327056,,0.07298652710531095,-0.01604600637260535,0.021216851165038214,0.013949345726799085,0.027805735425239453,3.9960895840739425,0.0011463686108278514,-0.057843483856534816,elevated_leverage;thin_interest_coverage,8.0,2025.0,ttm,2026-09-18,2026-09-18,True,,,,0.5358304022520315,0.1236941332264009,0.375,0.6558304022520315,-0.6558304022520315
286,ZBRA,346.63,-0.23034772216378765,-0.22589790186320896,-0.34422143976262304,-0.12537364516610974,0.0,0.12,1.0,0.34422143976262304,0.46422143976262303,0.34422143976262304,0.46422143976262303,29.71502714329594,30.31668144407845,77.7536471978148,29.71502714329594,77.7536471978148,False,,-0.9125387835903458,0.525852,1.0,0.12364833729825665,0.5467,-0.34589790186320896,0.525852,valid,,,forward_roic_floor_hit;reinvestment_cap_hit,,False,ok,False,,Zebra Technologies Corporation,Technology,Communication Equipment,general_dcf,16511165442.0,0.5467,0.12937033599894981,-0.061870115414357205,0.11910259126568909,0.010267744733260725,0.14730794126744565,0.16093723276894134,0.03581159084964791,2.4285714285714284,0.0178678980124473,-0.012240574462547227,thin_interest_coverage;incremental_roic_below_wacc,8.0,2025.0,ttm,2026-08-04,2026-09-18,True,,,,0.34422143976262304,0.061824168649128326,0.5,0.46422143976262303,-0.46422143976262303
287,WAB,280.23,-0.23085676028058513,-0.16810185920621729,-0.5812423752737232,-0.005980947436182732,0.0,0.12,0.75,0.5812423752737232,0.7012423752737232,0.5812423752737232,0.7012423752737232,4.9163497060714985,73.04670558901168,172.31292807069855,4.9163497060714985,172.31292807069855,False,,-0.7393330279091758,0.4524,1.0,0.30405871391877026,0.456,-0.2881018592062173,0.4524,valid,,,,,False,ok,False,,Westinghouse Air Brake Technologies Corporation,Industrials,Railroads,general_dcf,47333929530.0,0.456,0.08519544407339204,0.3547289909129661,0.0901268939458634,-0.0049314498724713635,0.11644795394000608,0.16535893155258766,0.143668657691588,2.863802559414991,0.006354096466737268,-0.02371629475578585,cyclical_revenue,8.0,2025.0,ttm,2026-07-22,2026-09-18,True,,,,0.5812423752737232,0.15202935695938513,0.375,0.7012423752737232,-0.7012423752737232
288,AVGO,357.61,-0.23167288171971445,-0.21875926442153282,-0.34191147910605646,-0.1472615189297357,0.0,0.12,1.0,0.34191147910605646,0.46191147910605646,0.34191147910605646,0.46191147910605646,33.82923072733179,75.11957643371063,113.72372482199106,33.82923072733179,113.72372482199106,False,,-0.7899399445381543,0.55899,1.0,0.11055528008816037,0.7179,-0.3387592644215328,0.55899,valid,,,base_growth_cap_hit,,False,ok,False,,Broadcom Inc.,Technology,Semiconductors,general_dcf,1701358183800.0,0.7179,0.28646898633948525,0.1979041101217094,0.12077811426954839,0.16569087206993688,0.2856942347434634,0.48272804812354103,0.17348704517829217,0.684551055487958,0.11131577926862372,0.04930237830572848,heavy_sbc;ongoing_dilution;peak_cycle_margins,8.0,2025.0,ttm,2026-09-10,2026-09-18,True,,,,0.34191147910605646,0.05527764004408019,0.5,0.46191147910605646,-0.46191147910605646
289,CAT,808.99,-0.23228418801345463,-0.21413157783536002,-0.38104242448644066,-0.11983117189665786,0.0,0.12,1.0,0.38104242448644066,0.5010424244864407,0.38104242448644066,0.5010424244864407,48.97242181962521,140.33575263143737,239.92197683950116,48.97242181962521,239.92197683950116,False,,-0.826529681910237,0.6447,1.0,0.1412646262948914,0.6727,-0.33413157783536,0.6447,valid,,,,,False,ok,False,,Caterpillar Inc.,Industrials,Agricultural - Machinery,general_dcf,372650726630.0,0.6727,0.1766881077027873,0.35038510576386805,0.12126418831308751,0.0554239193896998,0.15281852143765806,0.17519303081802245,0.030628169211895928,2.48419623812294,0.0034408801246740423,-0.04463482300758159,,8.0,2025.0,ttm,2026-08-05,2026-09-18,True,,,,0.38104242448644066,0.0706323131474457,0.5,0.5010424244864407,-0.5010424244864407
290,KEYS,335.0,-0.23304739141240127,-0.22358778821071607,-0.3383837672066874,-0.14663022202148562,0.0,0.12,1.0,0.3383837672066874,0.4583837672066874,0.3383837672066874,0.4583837672066874,22.946282399496464,53.516666378408786,87.31839698862785,22.946282399496464,87.31839698862785,False,,-0.8402487570793767,0.6075900000000001,1.0,0.10764907259260088,0.6671,-0.34358778821071606,0.6075900000000001,valid,,,reinvestment_cap_hit,,False,ok,False,,"Keysight Technologies, Inc.",Technology,"Hardware, Equipment & Parts",general_dcf,57249948280.0,0.6671,0.1636293049575632,-0.033775434415324726,0.1078973908546184,0.0557319141029448,0.1788043833986215,0.20252202977818293,0.047738618867254834,0.08493975903614458,0.027515565374573208,-0.016762942620847432,incremental_roic_below_wacc,8.0,2025.0,ttm,2026-09-02,2026-09-18,True,,,,0.3383837672066874,0.05382453629630044,0.5,0.4583837672066874,-0.4583837672066874
291,FIX,1651.37,-0.23501603607178367,-0.23110415454320896,-0.31531381204786163,-0.1625420231528551,0.0,0.12,1.0,0.31531381204786163,0.4353138120478616,0.31531381204786163,0.4353138120478616,192.88493442025728,310.93620288129154,435.0037856253414,192.88493442025728,435.0037856253414,False,,-0.8117101540652358,0.527391,0.85,0.09506416444750326,0.8776,-0.351104154543209,0.44828235000000005,valid,,,base_growth_cap_hit;forward_roic_cap_hit,,False,ok,False,,"Comfort Systems USA, Inc.",Industrials,Engineering & Construction,general_dcf,58118811190.99999,0.8776,0.8571157930630792,0.8890094250228319,0.133434870760592,0.7236809223024872,0.06778238600945254,0.16464214896583762,0.22626488254906207,-0.7878938473248959,0.002396161307614748,-0.007378280048640828,peak_cycle_margins,8.0,2025.0,ttm,2026-07-23,2026-09-18,True,,,,0.31531381204786163,0.04753208222375163,0.5,0.4353138120478616,-0.4353138120478616
292,TMO,651.45,-0.23544501090036643,-0.2271855062208487,-0.3565047885822423,-0.13090424257752598,0.0,0.12,1.0,0.3565047885822423,0.4765047885822423,0.3565047885822423,0.4765047885822423,55.59545738756337,86.55749827406139,183.69966362718924,55.59545738756337,183.69966362718924,False,,-0.8671310180765042,0.5467500000000001,1.0,0.12639777300235816,0.5782,-0.3471855062208487,0.5467500000000001,valid,,,forward_roic_floor_hit;reinvestment_cap_hit,,False,ok,False,,Thermo Fisher Scientific Inc.,Healthcare,Medical - Diagnostics & Research,general_dcf,242092500450.00003,0.5782,0.08090364617612215,-0.19817583732057417,0.08768619443159628,-0.006782548255474127,0.18034227974651323,0.17686032458563536,0.09010006871566945,3.4555984555984556,0.006957536583176228,-0.019849958596302675,elevated_leverage;incremental_roic_below_wacc,8.0,2025.0,ttm,2026-07-31,2026-09-18,True,,,,0.3565047885822423,0.06319888650117908,0.5,0.4765047885822423,-0.4765047885822423
293,WAT,421.63,-0.23661219167715897,-0.23015635553310856,-0.30102977732240105,-0.1851062783200177,0.0,0.12,1.0,0.30102977732240105,0.42102977732240104,0.30102977732240105,0.42102977732240104,46.728481432214735,86.51979640251987,120.74374252602212,46.728481432214735,120.74374252602212,False,,-0.7947968683383064,0.6130890000000001,0.85,0.07406907950119168,0.7389,-0.35015635553310853,0.5211256500000001,valid,,,base_growth_cap_hit;share_change_cap_hit;reinvestment_cap_hit,,False,ok,False,,Waters Corporation,Healthcare,Medical - Diagnostics & Research,general_dcf,31534055966.0,0.7389,0.015905032493243473,0.029667878242803907,0.10514094283282399,-0.08923591033958052,0.28803615176012815,0.07960189042404918,0.03910304855053126,4.79698039494969,0.015112627252621108,0.17633102452131566,elevated_leverage;thin_interest_coverage;ongoing_dilution;incremental_roic_below_wacc,8.0,2025.0,ttm,2026-08-11,2026-09-18,True,,,,0.30102977732240105,0.03703453975059584,0.5,0.42102977732240104,-0.42102977732240104
294,HPE,60.76,-0.2436205264399177,-0.22391870895517055,-0.39129123560269363,-0.1353534522466361,0.0,0.12,1.0,0.39129123560269363,0.5112912356026936,0.39129123560269363,0.5112912356026936,-0.57270769392298,7.70497648658472,16.16710623309659,-0.57270769392298,16.16710623309659,False,,-0.8731899854084147,0.5745330000000001,1.0,0.14073290167802877,0.254,-0.3439187089551705,0.5745330000000001,valid,,,forward_roic_floor_hit;reinvestment_cap_hit,,False,ok,False,,Hewlett Packard Enterprise Company,Technology,Computer Hardware,general_dcf,80458605936.42014,0.254,0.07687583247003107,-0.03986654875793874,0.10941263637593432,-0.032536803905903244,0.07724874801730915,0.08267284186401834,0.015120249641591421,2.017546382856321,0.014704366647198269,0.031048219899429297,ongoing_dilution;incremental_roic_below_wacc,8.0,2025.0,ttm,2026-09-03,2026-09-18,True,,,,0.39129123560269363,0.07036645083901438,0.5,0.5112912356026936,-0.5112912356026936
295,LYV,167.12,-0.2445813669575727,-0.27351050217985173,-0.95,0.5186955365294126,0.25,0.12,0.75,0.95,1.0699999999999998,0.95,1.0699999999999998,-30.45822165522836,21.54007058107746,870.4029312237009,-30.45822165522836,870.4029312237009,False,,-0.8711101568868032,0.36666,0.7,0.7623479682647063,0.4489,-0.39351050217985173,0.256662,valid,,,reinvestment_cap_hit,,False,ok,True,bear,"Live Nation Entertainment, Inc.",Communication Services,Entertainment,general_dcf,38890996560.0,0.4489,0.1922885891404657,0.38241129362642984,0.09169368343557138,0.10059490570489432,0.031868649483831786,0.058882548061008975,0.12886419341228894,2.512901151547841,0.005102410566569146,0.0004135991233107372,thin_interest_coverage;cyclical_revenue;peak_cycle_margins,8.0,2025.0,annual,2026-02-19,2026-09-18,True,,,,0.95,0.38117398413235315,0.375,1.0699999999999998,-1.0699999999999998
296,FIS,35.62,-0.24868966465583067,-0.08241022126749153,-0.95,0.12006178391166034,0.25,0.12,0.75,0.95,1.0699999999999998,0.95,1.0699999999999998,-9.428203941506148,10.760972295583493,43.49593487582809,-9.428203941506148,43.49593487582809,False,,-0.6978952191020917,0.47069099999999997,1.0,0.5509101619558302,0.3655,-0.20241022126749153,0.47069099999999997,valid,,,share_change_floor_hit;reinvestment_cap_hit,,False,ok,True,bear,"Fidelity National Information Services, Inc.",Technology,Information Technology Services,general_dcf,18411229980.0,0.3655,0.03737998254288884,,0.06526639388340537,-0.02788641134051653,0.16954243194082974,0.16378130284241887,0.03445541525790263,4.654818865345181,0.016952327432799476,-0.05052281217146859,elevated_leverage;cyclical_revenue,8.0,2025.0,ttm,2026-08-04,2026-09-18,True,,,,0.95,0.2754550809779151,0.375,1.0699999999999998,-1.0699999999999998
297,DHR,211.81,-0.2519602582080551,-0.23667551753460425,-0.4132034831112833,-0.12128651465172877,0.0,0.12,1.0,0.4132034831112833,0.5332034831112833,0.4132034831112833,0.5332034831112833,12.676056545171614,26.931861884401624,65.227566867575,12.676056545171614,65.227566867575,False,,-0.8728489595184287,0.48794400000000004,1.0,0.16132016422977724,0.4746,-0.35667551753460425,0.48794400000000004,valid,,,forward_roic_floor_hit;reinvestment_cap_hit,,False,ok,False,,Danaher Corporation,Healthcare,Medical - Diagnostics & Research,general_dcf,148899476098.1601,0.4746,0.05731507832008858,-5.032108954031949,0.08504024314394615,-0.02772516482385757,0.2131120096631041,0.20420599832715974,0.053583813771420186,2.9389969564642056,0.012129599478997069,-0.013522605503985319,cyclical_revenue;incremental_roic_below_wacc,8.0,2025.0,ttm,2026-07-21,2026-09-18,True,,,,0.4132034831112833,0.08066008211488862,0.5,0.5332034831112833,-0.5332034831112833
298,TRMB,57.56,-0.25597974814590996,-0.23414203755673954,-0.3763713204767554,-0.17926359699340533,0.0,0.12,1.0,0.3763713204767554,0.4963713204767554,0.3763713204767554,0.4963713204767554,4.563747955248004,10.676329218988116,10.676329218988116,4.563747955248004,10.630958156063938,True,"growth destroys value: forward ROIC 3.7% at/below WACC 11.2%, so higher-growth scenarios reinvest below the cost of capital and are worth less than the bear case",-0.8145182554032642,0.6400800000000001,0.5499999999999999,0.12285146174167505,0.2532,-0.35414203755673956,0.352044,valid,,,reinvestment_cap_hit,,False,ok,False,,Trimble Inc.,Technology,"Hardware, Equipment & Parts",general_dcf,13417899034.0,0.2532,0.0753225485651409,0.021094141713031075,0.11238113365556703,-0.03705858509042613,0.12922263775761822,0.16934742006523013,0.020681196117285916,1.4104533069110725,0.04083851364536002,-0.014052119338680225,incremental_roic_below_wacc,8.0,2025.0,annual,2026-02-25,2026-09-18,True,,,,0.3763713204767554,0.061425730870837525,0.5,0.4963713204767554,-0.4963713204767554
299,AMZN,253.71,-0.25697159822047977,-0.24083965488243844,-0.3829706886608618,-0.16323639445618027,0.0,0.12,1.0,0.3829706886608618,0.5029706886608618,0.3829706886608618,0.5029706886608618,16.46491576865894,39.741775852365755,62.18524341604787,16.46491576865894,62.18524341604787,False,,-0.8433574717103554,0.6501,0.85,0.12486414710234077,0.614,-0.3608396548824384,0.552585,valid,,,,,False,ok,False,,"Amazon.com, Inc.",Consumer Cyclical,Specialty Retail,general_dcf,2729183841000.0,0.614,0.12431940405929237,0.1686968132723965,0.11726326245275145,0.007056141606540917,0.05632443944936712,0.12081270627062707,0.17425150285834046,0.5934687884815762,0.03450221722712588,0.02283320077256734,peak_cycle_margins,8.0,2025.0,ttm,2026-07-31,2026-09-18,True,,,,0.3829706886608618,0.062432073551170385,0.5,0.5029706886608618,-0.5029706886608618
300,TER,371.47,-0.2587659476877889,-0.25670830049493815,-0.3212428431870649,-0.2004043465742142,0.0,0.12,1.0,0.3212428431870649,0.4412428431870649,0.3212428431870649,0.4412428431870649,25.62519142399078,41.04669884564905,59.97590383058,25.62519142399078,59.97590383058,False,,-0.8895019817329823,0.43973280000000003,1.0,0.07722726430642536,0.9442,-0.37670830049493814,0.43973280000000003,valid,,,base_growth_cap_hit;forward_roic_floor_hit;reinvestment_cap_hit,,False,ok,False,,"Teradyne, Inc.",Technology,Semiconductors,general_dcf,58075991270.00001,0.9442,0.3753808089907602,-0.32082571804789234,0.13885873342073748,0.23652207557002272,0.23338936981766334,0.3060677670025141,0.0614891194634577,-0.17003359922988134,0.0,-0.02428893184716152,cyclical_revenue;incremental_roic_below_wacc,8.0,2025.0,ttm,2026-07-31,2026-09-18,True,,,,0.3212428431870649,0.03861363215321268,0.5,0.4412428431870649,-0.4412428431870649
301,EMR,149.92,-0.26070182506227857,-0.2439860787824727,-0.37412240141711656,-0.18071274126705245,0.0,0.12,1.0,0.37412240141711656,0.49412240141711655,0.37412240141711656,0.49412240141711655,11.007304340511384,23.033890063268682,29.400272726825502,11.007304340511384,29.400272726825502,False,,-0.8463587909333732,0.733,1.0,0.10471483007503206,0.7259,-0.3639860787824727,0.733,valid,,,,,False,ok,False,,Emerson Electric Co.,Industrials,Industrial - Machinery,general_dcf,83970192000.0,0.7259,0.09359088340825691,0.07087532184363748,0.10331835945671416,-0.009727476048457251,0.16970042527951743,0.20111611933891393,0.00491638614415546,2.221330275229358,0.014863937800137205,-0.01820773520579233,incremental_roic_below_wacc,8.0,2025.0,ttm,2026-08-04,2026-09-18,True,,,,0.37412240141711656,0.05235741503751603,0.5,0.49412240141711655,-0.49412240141711655
302,PWR,636.71,-0.2680469099224864,-0.2553125775135412,-0.3788995132948912,-0.18266297136797216,0.0,0.12,1.0,0.3788995132948912,0.4988995132948912,0.3788995132948912,0.4988995132948912,28.97177369124597,77.28337366548814,130.1716031844041,28.97177369124597,130.1716031844041,False,,-0.8786207635100939,0.559305,1.0,0.1113391209634595,0.2837,-0.3753125775135412,0.559305,valid,,,base_growth_cap_hit;reinvestment_cap_hit,,False,ok,False,,"Quanta Services, Inc.",Industrials,Engineering & Construction,general_dcf,95724891530.0,0.2837,0.09703390867630325,0.11935196509498437,0.10615288594189211,-0.009118977265588857,0.05513084108909788,0.0619726530173285,0.1423022663027309,1.991217575822303,0.006358607000145103,0.00991762278282815,,8.0,2025.0,ttm,2026-07-30,2026-09-18,True,,,,0.3788995132948912,0.05566956048172975,0.5,0.4988995132948912,-0.4988995132948912
303,DELL,568.06,-0.272544514051151,-0.25833314659539597,-0.42316086920545787,-0.15035089380835412,0.0,0.12,1.0,0.42316086920545787,0.5431608692054579,0.42316086920545787,0.5431608692054579,33.143801131848996,98.23137294696353,172.27570433693467,33.143801131848996,172.27570433693467,False,,-0.8270757086452777,0.5747399999999999,1.0,0.14916278769855187,0.6976,-0.37833314659539596,0.5747399999999999,valid,,,forward_roic_cap_hit,,False,ok,False,,Dell Technologies Inc.,Technology,Computer Hardware,general_dcf,377334390680.57996,0.6976,0.5580768926536482,1.8342847668362352,0.11498124637150851,0.4430956462821397,0.05122543748972912,0.09551115432184501,0.03273164337374879,1.3687828790052607,0.008214132493433926,-0.04687277868055573,peak_cycle_margins,8.0,2026.0,ttm,2026-09-08,2026-09-18,True,,,,0.42316086920545787,0.07458139384927594,0.5,0.5431608692054579,-0.5431608692054579
304,CIEN,348.8,-0.2765918400287774,-0.27708986995130547,-0.3318795292623691,-0.22030809095012951,0.0,0.12,1.0,0.3318795292623691,0.4518795292623691,0.3318795292623691,0.4518795292623691,35.24231035974133,50.530743624381934,67.5674477984455,35.24231035974133,67.5674477984455,False,,-0.8551297487833087,0.5760000000000001,1.0,0.06850571915611978,0.6611,-0.39708986995130546,0.5760000000000001,valid,,,reinvestment_cap_hit,,False,ok,False,,Ciena Corporation,Technology,Communication Equipment,general_dcf,49373659194.0,0.6611,1.0109634129572491,-0.18621580215313555,0.11524371770325063,0.8957196952539985,0.08102395252304644,0.14096843425577663,0.06376260613059448,-2.288362244980907,0.038688484994361054,-0.013826485003586297,peak_cycle_margins;incremental_roic_below_wacc,8.0,2025.0,ttm,2026-09-03,2026-09-18,True,,,,0.3318795292623691,0.03425285957805989,0.5,0.4518795292623691,-0.4518795292623691
305,CAH,225.38,-0.27739179607888215,-0.14020370368962173,-0.95,0.12084022306371481,0.25,0.12,0.75,0.95,1.0699999999999998,0.95,1.0699999999999998,-39.28039428934619,79.29205980222875,276.39527853887284,-39.28039428934619,276.39527853887284,False,,-0.6481850217311707,0.63612,1.0,0.5463365115318575,0.5875,-0.26020370368962176,0.63612,valid,,,forward_roic_cap_hit,,False,ok,True,bear,"Cardinal Health, Inc.",Healthcare,Medical - Distribution,general_dcf,52785348280.0,0.5875,0.9027458313085579,1.3428471436807443,0.07186873688455284,0.830877094424005,0.004574307885169777,0.010277366980271232,0.08296219718377862,1.4267301765200335,0.0010962449118960545,-0.03287557520980511,peak_cycle_margins,8.0,2026.0,ttm,2026-08-11,2026-09-18,True,,,,0.95,0.27316825576592874,0.375,1.0699999999999998,-1.0699999999999998
306,J,143.4,-0.27990230039577,-0.22140066010179,-0.5717287530482281,-0.10507912833127186,0.0,0.12,1.0,0.5717287530482281,0.6917287530482281,0.5717287530482281,0.6917287530482281,3.3473550265637124,31.619317443666194,56.20608838417719,3.3473550265637124,56.20608838417719,False,,-0.7795026677568606,0.53451,1.0,0.24728951235847813,0.5173,-0.34140066010179,0.53451,valid,,,base_growth_floor_hit,,False,ok,False,,Jacobs Solutions Inc.,Industrials,Engineering & Construction,general_dcf,16932815400.0,0.5173,0.08656467669582311,,0.08205355698079728,0.004511119715025838,0.052005834956734234,0.04568761034363639,-0.030890069801322917,3.49521824215094,0.006451037354247796,-0.027638266062380956,elevated_leverage;thin_interest_coverage,8.0,2025.0,ttm,2026-08-04,2026-09-18,True,,,,0.5717287530482281,0.12364475617923906,0.5,0.6917287530482281,-0.6917287530482281
307,NOW,135.47,-0.28149345828715006,-0.2516319825459504,-0.4507774804078508,-0.17193238764884874,0.0,0.12,1.0,0.4507774804078508,0.5707774804078508,0.4507774804078508,0.5707774804078508,3.6604918554637975,19.4912626028425,32.6170669238213,3.6604918554637975,32.6170669238213,False,,-0.856121188434026,0.59976,1.0,0.15142974637950102,0.225,-0.37163198254595037,0.59976,valid,,,reinvestment_cap_hit,,False,ok,False,,"ServiceNow, Inc.",Technology,Software - Application,general_dcf,140057285140.0,0.225,0.08447993495680196,0.1983321615054725,0.0961202210084292,-0.01164028605162723,0.04650028597992858,0.11403746945424925,0.26169854473332754,1.3639308855291576,0.15895848506919155,0.0062901388644485134,heavy_sbc;peak_cycle_margins,8.0,2025.0,ttm,2026-07-23,2026-09-18,True,,,,0.4507774804078508,0.07571487318975051,0.5,0.5707774804078508,-0.5707774804078508
308,TECH,72.37,-0.28297239392413753,-0.28365191322518507,-0.34828136662254106,-0.21630438262363894,0.0,0.12,1.0,0.34828136662254106,0.46828136662254105,0.34828136662254106,0.46828136662254105,7.081495085962161,7.37622764891402,11.829051745799271,7.081495085962161,11.829051745799271,False,,-0.8980761690076825,0.5222880000000001,1.0,0.08031985199945106,0.4996,-0.40365191322518507,0.5222880000000001,valid,,,forward_roic_floor_hit;reinvestment_cap_hit,,False,ok,False,,Bio-Techne Corporation,Healthcare,Biotechnology,general_dcf,11330898530.0,0.4996,0.10042845021647769,-0.10800961741023922,0.11239466822986395,-0.011966218013386265,0.21020778123991454,0.20731021802592345,0.0789070996991017,0.06979261214777994,0.03347968859535845,-0.010081419726610474,incremental_roic_below_wacc,8.0,2026.0,ttm,2026-08-24,2026-09-18,True,,,,0.34828136662254106,0.04015992599972553,0.5,0.46828136662254105,-0.46828136662254105
309,IBKR,90.69,-0.2839055671969637,-0.27293473348656005,-0.3506730109769838,-0.23907979083775088,0.0,0.12,1.0,0.3506730109769838,0.4706730109769838,0.3506730109769838,0.4706730109769838,10.468312399321198,18.425801644996618,23.134227120982192,10.468312399321198,23.134227120982192,False,,-0.7968265338516196,0.6,0.8,0.07379661006961644,0.5681333491486806,-0.39293473348656005,0.48,valid,,,specialist_model_v1,,False,specialist,False,,"Interactive Brokers Group, Inc.",Financial Services,Investment - Banking & Investment Services,bank,156715261621.0,,,,,,,,,,,,,,,,,2026-09-18,True,1728032436.0017643,1.349,Justified P/B residual-income proxy; no regulatory-capital or reserve-detail model,0.3506730109769838,0.03689830503480822,0.5,0.4706730109769838,-0.4706730109769838
310,DD,129.01,-0.28983286330767444,-0.24203432091162536,-0.522224170935806,-0.15303864047164095,0.0,0.12,1.0,0.522224170935806,0.642224170935806,0.522224170935806,0.642224170935806,3.718728941464119,25.517790541490214,29.980676600746154,3.718728941464119,29.980676600746154,False,,-0.8022030033215237,0.43375500000000006,0.7,0.2105801152320825,0.4309,-0.36203432091162535,0.3036285,valid,,,base_growth_floor_hit;share_change_floor_hit;reinvestment_cap_hit,,False,ok,False,,"DuPont de Nemours, Inc.",Basic Materials,Chemicals,general_dcf,17418801190.0,0.4309,0.03700941347828496,,0.09800756454984393,-0.06099815107155897,0.1422084324504564,0.12556577602569718,-0.15676675554909192,1.617120106171201,0.0,-0.05668318057452093,thin_interest_coverage;cyclical_revenue,8.0,2025.0,annual,2026-02-17,2026-09-18,True,,,,0.522224170935806,0.10529005761604125,0.5,0.642224170935806,-0.642224170935806
311,KMI,31.84,-0.2966820367495529,-0.13456765555310993,-0.95,0.032407164108008174,0.0,0.12,0.75,0.95,1.0699999999999998,0.95,1.0699999999999998,-3.2071658886769274,9.94758291869305,25.162360544912897,-3.2071658886769274,25.162360544912897,False,,-0.6875759133576304,0.45261,1.0,0.507625282054004,0.2768,-0.2545676555531099,0.45261,valid,,,reinvestment_cap_hit,,False,ok,True,bear,"Kinder Morgan, Inc.",Energy,Oil & Gas Midstream,general_dcf,70901312000.0,0.2768,0.06393213133511433,,0.07539791804352793,-0.011465786708413597,0.28441380746680256,0.2904393340386436,0.024819864010472203,4.178664241164241,0.0,-0.0048954945173924624,elevated_leverage;thin_interest_coverage;cyclical_revenue,8.0,2025.0,ttm,2026-07-24,2026-09-18,True,,,,0.95,0.253812641027002,0.375,1.0699999999999998,-1.0699999999999998
312,FLEX,108.51,-0.30715113287296847,-0.2931917085719761,-0.4464650625333888,-0.19575605181453282,0.0,0.12,1.0,0.4464650625333888,0.5664650625333888,0.4464650625333888,0.5664650625333888,4.86550220803398,14.759289928960152,25.036825591908812,4.86550220803398,25.036825591908812,False,,-0.8639822142755492,0.60966,1.0,0.137064705359428,0.6334,-0.41319170857197607,0.60966,valid,,,share_change_floor_hit,,False,ok,False,,Flex Ltd.,Technology,"Hardware, Equipment & Parts",general_dcf,40083917143.0,0.6334,0.14667679168978937,0.4429837451465646,0.12267206516760552,0.024004726522183842,0.034318220210944134,0.05169644992653842,0.009033296901042487,1.4963680387409202,0.005087053091638604,-0.06801295495152604,peak_cycle_margins,8.0,2026.0,ttm,2026-07-31,2026-09-18,True,,,,0.4464650625333888,0.068532352679714,0.5,0.5664650625333888,-0.5664650625333888
313,ALL,249.83,-0.32278177538464986,-0.18423875510396392,-0.95,0.027350408669328363,0.0,0.12,0.75,0.95,1.0699999999999998,0.95,1.0699999999999998,0.0,90.25264391169799,285.9154198110654,0.0,285.9154198110654,False,,-0.6387437701168875,0.6,0.8,0.5066752043346642,0.0,-0.3042387551039639,0.48,valid,,,specialist_model_v1,,False,specialist,False,,The Allstate Corporation,Financial Services,Insurance - Property & Casualty,insurance,64311488430.0,,,,,,,,,,,,,,,,,2026-09-18,True,257421000.0,0.15,Justified P/B residual-income proxy; no regulatory-capital or reserve-detail model,0.95,0.2533376021673321,0.375,1.0699999999999998,-1.0699999999999998
314,CARR,53.88,-0.32691360860626434,-0.2697745123412459,-0.6305357347475363,-0.13756967499502928,0.0,0.12,1.0,0.6305357347475363,0.7505357347475363,0.6305357347475363,0.7505357347475363,-0.3767281348002985,2.2386608723989108,11.594095139074216,-0.3767281348002985,11.594095139074216,False,,-0.9584509860356549,0.49150800000000006,1.0,0.2617377898762535,0.6046,-0.3897745123412459,0.49150800000000006,valid,,,forward_roic_floor_hit;reinvestment_cap_hit,,False,ok,False,,Carrier Global Corporation,Industrials,Industrial - Machinery,general_dcf,44414634071.0,0.6046,0.04703635340358544,-0.049360741584424696,0.10027909664052047,-0.05324274323693503,0.11922563929220478,0.07051745974307942,0.020139172074632672,3.888106966924701,0.003746504142261622,-0.00843131459065094,elevated_leverage;thin_interest_coverage;incremental_roic_below_wacc,8.0,2025.0,ttm,2026-07-28,2026-09-18,True,,,,0.6305357347475363,0.13086889493812676,0.5,0.7505357347475363,-0.7505357347475363
315,TRGP,292.19,-0.32924923883692825,-0.2057273091530078,-0.95,0.04445766295830256,0.0,0.12,0.75,0.95,1.0699999999999998,0.95,1.0699999999999998,-45.63317931683739,55.110925326772914,237.82279150490965,-45.63317931683739,237.82279150490965,False,,-0.811386682204138,0.36153,1.0,0.5163829314791513,0.6639,-0.3257273091530078,0.36153,valid,,,reinvestment_cap_hit,,False,ok,True,bear,Targa Resources Corp.,Energy,Oil & Gas Midstream,general_dcf,62716830360.0,0.6639,0.1419422570042355,0.11759726984571758,0.07893265423397981,0.06300960277025568,0.12727401277133776,0.23127084325869462,0.07168159275251673,3.6129935339377957,0.003801069351472614,-0.023783437834287047,elevated_leverage;cyclical_revenue;peak_cycle_margins,8.0,2025.0,ttm,2026-08-06,2026-09-18,True,,,,0.95,0.25819146573957563,0.375,1.0699999999999998,-1.0699999999999998
316,ED,105.43,-0.3505777541708085,-0.20179662822047245,-0.95,-0.04871776024228892,0.0,0.12,0.75,0.95,1.0699999999999998,0.95,1.0699999999999998,-5.731650758309421,13.526244059433344,54.94315646538457,-5.731650758309421,54.94315646538457,False,,-0.8717040305469663,0.657,1.0,0.46093111987885554,0.3794,-0.32179662822047245,0.657,valid,,,reinvestment_cap_hit,,False,ok,True,bear,"Consolidated Edison, Inc.",Utilities,Regulated Electric,general_dcf,38854117900.0,0.3794,0.05042975634622005,0.01581143566133083,0.07510541859826683,-0.02467566225204678,0.19193011684904407,0.17977274012097913,0.04619218097214417,4.87207403375068,0.0,0.013130197305111224,elevated_leverage;thin_interest_coverage;incremental_roic_below_wacc,8.0,2025.0,ttm,2026-08-06,2026-09-18,True,,,,0.95,0.23046555993942777,0.375,1.0699999999999998,-1.0699999999999998
317,EFX,158.87,-0.36111583475794756,-0.21256638340419154,-0.95,-0.06933057222340719,0.0,0.12,1.0,0.95,1.0699999999999998,0.95,1.0699999999999998,-7.66246876978831,14.285960560262323,55.13168359480621,-7.66246876978831,55.13168359480621,False,,-0.9100776700430394,0.5380020000000001,1.0,0.4541946538882964,0.4206,-0.33256638340419153,0.5380020000000001,valid,,,forward_roic_floor_hit;reinvestment_cap_hit,,False,ok,True,bear,Equifax Inc.,Industrials,Consulting Services,general_dcf,18664825428.0,0.4206,0.0912919840543823,-0.03812143496395194,0.10054347602917955,-0.009251491974797257,0.17880493808027148,0.17850880595856933,0.08588569570479487,2.793776371308017,0.013636708956924714,-0.011209254697171378,incremental_roic_below_wacc,8.0,2025.0,ttm,2026-07-21,2026-09-18,True,,,,0.95,0.2270973269441482,0.5,1.0699999999999998,-1.0699999999999998
318,VRT,249.39,-0.3664429046591976,-0.3501155148420366,-0.5152392217656596,-0.25030136718705764,0.0,0.12,1.0,0.5152392217656596,0.6352392217656596,0.5152392217656596,0.6352392217656596,7.456975781558401,20.98911388089054,38.04504125189189,7.456975781558401,38.04504125189189,False,,-0.9158381896592063,0.4606551000000001,1.0,0.14864927428930097,0.4879,-0.4701155148420366,0.4606551000000001,valid,,,base_growth_cap_hit;forward_roic_cap_hit;wacc_cap_hit,,False,ok,False,,Vertiv Holdings Co,Industrials,Electrical Equipment & Parts,general_dcf,96012157320.0,0.4879,0.33236838429470056,0.8519918106941591,0.14,0.19236838429470055,0.06545753986066255,0.19122617512805323,0.13234812422476638,0.0563816604708798,0.004318630020719439,0.012638826037127737,peak_cycle_margins,8.0,2025.0,ttm,2026-07-29,2026-09-18,True,,,,0.5152392217656596,0.07432463714465048,0.5,0.6352392217656596,-0.6352392217656596
319,SO,85.52,-0.36710198415094053,-0.24903045990504324,-0.95,-0.02034701679367569,0.0,0.12,0.75,0.95,1.0699999999999998,0.95,1.0699999999999998,-28.019060060197795,12.421984535165812,55.19117779909226,-28.019060060197795,55.19117779909226,False,,-0.8547476083352922,0.50625,1.0,0.47963899160316215,0.2802,-0.36903045990504324,0.50625,valid,,,reinvestment_cap_hit,,False,ok,True,bear,The Southern Company,Utilities,Regulated Electric,general_dcf,98378787200.0,0.2802,0.05364898726721754,0.1121662064822892,0.07517912979417686,-0.02153014252695932,0.23522993198402714,0.24186493472065743,0.033313976114662136,5.430780505679736,0.004939380332285586,0.01817491734295751,elevated_leverage;thin_interest_coverage,8.0,2025.0,ttm,2026-07-30,2026-09-18,True,,,,0.95,0.23981949580158107,0.375,1.0699999999999998,-1.0699999999999998
320,WMB,72.05,-0.38751647408935236,-0.2742008448694832,-0.95,-0.051664206618443106,0.0,0.12,0.75,0.95,1.0699999999999998,0.95,1.0699999999999998,-11.319834020011378,9.077285330844294,35.60496547033407,-11.319834020011378,35.60496547033407,False,,-0.8740140828474074,0.44406,1.0,0.4658460966907784,0.3305,-0.3942008448694832,0.44406,valid,,,reinvestment_cap_hit,,False,ok,True,bear,"The Williams Companies, Inc.",Energy,Oil & Gas Midstream,general_dcf,88129216358.0,0.3305,0.08522766104193366,0.1539877216489435,0.07772309085651863,0.007504570185415033,0.28025475539685774,0.4030645689937725,0.046628563535081824,4.259852388246762,0.007059686439900981,0.0003619175841631517,elevated_leverage;thin_interest_coverage,8.0,2025.0,ttm,2026-08-03,2026-09-18,True,,,,0.95,0.2329230483453892,0.375,1.0699999999999998,-1.0699999999999998
321,ATO,160.3,-0.3905798164363659,-0.2418595494236797,-0.95,-0.12860016689810433,0.0,0.12,1.0,0.95,1.0699999999999998,0.95,1.0699999999999998,-0.7261440826423425,34.52640757838565,70.52954067335037,-0.7261440826423425,70.52954067335037,False,,-0.7846138017567957,0.5869800000000001,1.0,0.4230905165509478,0.4808,-0.3618595494236797,0.5869800000000001,valid,,,reinvestment_cap_hit,,False,ok,True,bear,Atmos Energy Corporation,Utilities,Regulated Gas,general_dcf,26757247467.0,0.4808,0.06028919742481522,0.07424817774024534,0.07262455233731821,-0.01233535491250299,0.26134417377789865,0.36969570007351377,0.06058493797688347,3.7482945680316795,0.0025710730394577722,0.07042246468653368,elevated_leverage;ongoing_dilution,8.0,2025.0,ttm,2026-08-05,2026-09-18,True,,,,0.95,0.2115452582754739,0.5,1.0699999999999998,-1.0699999999999998
322,BDX,180.94,-0.39468419363547574,-0.25226523835153775,-0.95,-0.12420629783882758,0.0,0.12,1.0,0.95,1.0699999999999998,0.95,1.0699999999999998,-10.031770797613383,34.23246121126286,62.77695908614811,-10.031770797613383,62.77695908614811,False,,-0.8108076643568981,0.6871,1.0,0.42228385108058614,0.3592,-0.37226523835153774,0.6871,valid,,,,,False,ok,True,bear,"Becton, Dickinson and Company",Healthcare,Medical - Instruments & Supplies,general_dcf,49856207600.0,0.3592,0.045494261384672344,0.07352428393524284,0.07661025450724776,-0.031115993122575417,0.11329093663343556,0.09827726858294544,0.04560530592574796,2.92337025603777,0.01224105461393597,-0.014363915898295998,thin_interest_coverage;incremental_roic_below_wacc,8.0,2025.0,ttm,2026-08-06,2026-09-18,True,,,,0.95,0.21114192554029307,0.5,1.0699999999999998,-1.0699999999999998
323,IQV,266.42,-0.3986554283619625,-0.2659667486106627,-0.95,-0.11268821622652464,0.0,0.12,1.0,0.95,1.0699999999999998,0.95,1.0699999999999998,-19.961391466780817,30.53774057140511,83.52797798406255,-19.961391466780817,83.52797798406255,False,,-0.8853774469957019,0.6627,1.0,0.4287748918867377,0.3292,-0.3859667486106627,0.6627,valid,,,,,False,ok,True,bear,IQVIA Holdings Inc.,Healthcare,Medical - Diagnostics & Research,general_dcf,43852732000.0,0.3292,0.0935647608079378,0.2088408077754411,0.0999303689202453,-0.006365608112307505,0.11262374556294646,0.13572395925337102,0.06621720428944555,4.0599197247706424,0.014482114255205552,-0.04005822610346421,elevated_leverage;thin_interest_coverage,8.0,2025.0,ttm,2026-07-28,2026-09-18,True,,,,0.95,0.21438744594336884,0.5,1.0699999999999998,-1.0699999999999998
324,DE,683.99,-0.41157645499442874,-0.28426502426664224,-0.95,-0.12777577144443059,0.0,0.12,1.0,0.95,1.0699999999999998,0.95,1.0699999999999998,-48.29207943031999,43.22451148475971,181.04891777003783,-48.29207943031999,181.04891777003783,False,,-0.9368053458606709,0.49428000000000005,1.0,0.4262837142777847,0.4513,-0.40426502426664224,0.49428000000000005,valid,,,reinvestment_cap_hit,,False,ok,True,bear,Deere & Company,Industrials,Agricultural - Machinery,general_dcf,184634499326.0,0.4513,0.08616691454137136,0.02696339984426077,0.08910474915543583,-0.0029378346140644662,0.1770399089665699,0.1897361687848664,0.029428901014733944,4.730320315928038,0.0033807231613119893,-0.04034804366438438,elevated_leverage;thin_interest_coverage;cyclical_revenue;incremental_roic_below_wacc,8.0,2025.0,ttm,2026-08-27,2026-09-18,True,,,,0.95,0.21314185713889236,0.5,1.0699999999999998,-1.0699999999999998
325,WEC,103.17,-0.42306199369922975,-0.30423177888151254,-0.95,-0.1337844170338939,0.0,0.12,1.0,0.95,1.0699999999999998,0.95,1.0699999999999998,-19.113838454574974,4.718351853409161,28.799585647334027,-19.113838454574974,28.799585647334027,False,,-0.9542662416069675,0.6409800000000001,1.0,0.41887839148305306,0.3834,-0.42423177888151253,0.6409800000000001,valid,,,reinvestment_cap_hit,,False,ok,True,bear,"WEC Energy Group, Inc.",Utilities,Regulated Electric,general_dcf,33605151420.0,0.3834,0.05717249762739951,0.06076045036824309,0.07631015960708347,-0.01913766197968396,0.21038385074284094,0.24121569633239293,0.03544783221141867,5.7907669772962596,0.0,0.013319637794669381,elevated_leverage;thin_interest_coverage;incremental_roic_below_wacc,8.0,2025.0,ttm,2026-08-04,2026-09-18,True,,,,0.95,0.20943919574152653,0.5,1.0699999999999998,-1.0699999999999998
326,AEP,120.0,-0.4267330324742943,-0.32172048221691507,-0.95,-0.11349116546334696,0.0,0.12,1.0,0.95,1.0699999999999998,0.95,1.0699999999999998,-32.474050586647095,4.8807728191563715,41.3266222716515,-32.474050586647095,41.3266222716515,False,,-0.9593268931736969,0.6278400000000001,1.0,0.4294192172683265,0.3717,-0.44172048221691507,0.6278400000000001,valid,,,reinvestment_cap_hit,,False,ok,True,bear,"American Electric Power Company, Inc.",Utilities,Regulated Electric,general_dcf,65327640000.0,0.3717,0.06758943060749312,0.08173681135634871,0.0777968339493059,-0.010207403341812776,0.19810734374412714,0.28356837113475303,0.04351225641155998,5.286433868356354,0.0,0.02355295455672457,elevated_leverage;thin_interest_coverage,8.0,2025.0,ttm,2026-07-30,2026-09-18,True,,,,0.95,0.21470960863416325,0.5,1.0699999999999998,-1.0699999999999998
327,PANW,363.58,-0.45390149104860034,-0.429285873992194,-0.5902572482940742,-0.36677696791593906,0.0,0.12,1.0,0.5902572482940742,0.7102572482940742,0.5902572482940742,0.7102572482940742,3.194939103861985,16.03439700045643,26.772585703946604,3.194939103861985,26.772585703946604,False,,-0.9558985725274866,0.5749200000000001,0.95,0.12599254018906758,0.1688,-0.549285873992194,0.546174,valid,,,reinvestment_cap_hit,,False,ok,False,,"Palo Alto Networks, Inc.",Technology,Software - Infrastructure,general_dcf,296317700000.0,0.1688,0.019194928936175783,0.02489801438538602,0.09526148658985396,-0.07606655765367817,0.018766068076569394,0.06054006968641115,0.21722810393565317,-0.3118514472965593,0.1404435287100797,0.037254882823656965,heavy_sbc;ongoing_dilution;peak_cycle_margins;incremental_roic_below_wacc,8.0,2026.0,ttm,2026-09-10,2026-09-18,True,,,,0.5902572482940742,0.06299627009453379,0.5,0.7102572482940742,-0.7102572482940742
328,CRL,278.06,-0.45814108191771075,-0.3381462178498622,-0.95,-0.2062718919711187,0.0,0.12,1.0,0.95,1.0699999999999998,0.95,1.0699999999999998,-6.420612739302991,-1.4407167871210325,31.059301658205428,-6.420612739302991,31.059301658205428,False,,-1.0051813162163599,0.5427000000000001,0.7,0.3945830540144406,0.4019,-0.4581462178498622,0.37989,valid,,,forward_roic_floor_hit;reinvestment_cap_hit,,False,ok,True,bear,"Charles River Laboratories International, Inc.",Healthcare,Medical - Diagnostics & Research,general_dcf,13393510662.0,0.4019,0.06896517348144895,-0.1283123019166573,0.10784113031642836,-0.03887595683497941,0.14711536221006205,0.1264733965535533,0.0851571891397469,3.1298248040116294,0.017447533048918138,-0.011416162516314277,elevated_leverage;thin_interest_coverage;incremental_roic_below_wacc,8.0,2025.0,annual,2026-02-18,2026-09-18,True,,,,0.95,0.1972915270072203,0.5,1.0699999999999998,-1.0699999999999998
329,RVTY,143.45,-0.46423865102333367,-0.3556478890066501,-0.95,-0.19565882608003443,0.0,0.12,1.0,0.95,1.0699999999999998,0.95,1.0699999999999998,-8.862850752297025,9.271900299667111,23.804727403418855,-8.862850752297025,23.804727403418855,False,,-0.9353649334286015,0.46125,1.0,0.39333308695998276,0.2554,-0.4756478890066501,0.46125,valid,,,reinvestment_cap_hit,,False,ok,True,bear,"Revvity, Inc.",Healthcare,Medical - Diagnostics & Research,general_dcf,16003282000.0,0.2554,0.03381366939089553,,0.10049192104546603,-0.0666782516545705,0.14712330139003132,0.12323842447191799,0.003966430835526502,3.006908474066312,0.01372364543928079,-0.040308025623225774,elevated_leverage;thin_interest_coverage,8.0,2025.0,ttm,2026-08-11,2026-09-18,True,,,,0.95,0.19666654347999138,0.5,1.0699999999999998,-1.0699999999999998
330,EL,93.43,-0.48909553415578555,-0.3914976059866603,-0.95,-0.22338692464982157,0.0,0.12,1.0,0.95,1.0699999999999998,0.95,1.0699999999999998,-5.745496508578804,-0.9102518133254114,10.847480855710616,-5.745496508578804,10.847480855710616,False,,-1.0097426074422071,0.52407,1.0,0.3775844376750892,0.5028,-0.5114976059866603,0.52407,valid,,,forward_roic_floor_hit;reinvestment_cap_hit,,False,ok,True,bear,The Estée Lauder Companies Inc.,Consumer Defensive,Household & Personal Products,general_dcf,33791261801.999996,0.5028,0.05902477407177586,-6.2605687134957915,0.1033460918886231,-0.04432131781684725,0.08094764045797927,0.051830686424347135,0.0017782421489735967,3.6472081218274113,0.02059937537377899,0.0035892080197310605,elevated_leverage;thin_interest_coverage;incremental_roic_below_wacc,8.0,2026.0,ttm,2026-08-19,2026-09-18,True,,,,0.95,0.1887922188375446,0.5,1.0699999999999998,-1.0699999999999998
331,WDC,441.36,-0.526149452430036,-0.44562266258435546,-0.95,-0.2633524845514329,0.0,0.12,1.0,0.95,1.0699999999999998,0.95,1.0699999999999998,5.041647032526542,26.22872356262413,75.79777666047127,5.041647032526542,75.79777666047127,False,,-0.9405729482449154,0.37602,1.0,0.3620431577242835,0.475,-0.5656226625843555,0.37602,valid,,,wacc_cap_hit,,False,ok,True,bear,Western Digital Corporation,Technology,Computer Hardware,general_dcf,152128847520.0,0.475,0.4866498740554156,,0.14,0.3466498740554156,0.04605611369385074,0.3489434166731171,-0.034923367700723795,-0.10792545566250256,0.027836134453781514,0.057434741853794824,ongoing_dilution;cyclical_revenue;peak_cycle_margins;weak_cash_conversion,8.0,2026.0,ttm,2026-08-14,2026-09-18,True,,,,0.95,0.18102157886214176,0.5,1.0699999999999998,-1.0699999999999998
332,MCHP,73.27,-0.5483639853962813,-0.49063057362218376,-0.95,-0.26219479434075765,0.0,0.12,1.0,0.95,1.0699999999999998,0.95,1.0699999999999998,-5.984579731528192,-0.1591063999228014,4.907612952426268,-5.984579731528192,4.907612952426268,False,,-1.002171508119596,0.3852,1.0,0.36234660282962117,0.3807,-0.6106305736221838,0.3852,valid,,,reinvestment_cap_hit,,False,ok,True,bear,Microchip Technology Incorporated,Technology,Semiconductors,general_dcf,39786196160.0,0.3807,0.058630247270549066,,0.12973697359068073,-0.07110672632013167,0.15852737070229608,0.1551646721199461,-0.017931178829099226,3.4880587875076547,0.04098509632860778,-0.004083884308469732,elevated_leverage;thin_interest_coverage;cyclical_revenue,8.0,2026.0,ttm,2026-08-06,2026-09-18,True,,,,0.95,0.18117330141481058,0.5,1.0699999999999998,-1.0699999999999998
333,CRM,237.92,-0.642220994244417,-0.7005253099741822,-0.95,-0.21783335702930343,0.0,0.12,1.0,0.95,1.0699999999999998,0.95,1.0699999999999998,-32.82236158498477,-4.794444054835154,43.55531717749903,-32.82236158498477,43.55531717749903,False,,-1.020151496531755,0.48980700000000005,0.85,0.38588911148534827,0.1354,-0.8205253099741822,0.41633595,valid,,,forward_roic_cap_hit;share_change_floor_hit,,False,ok,True,bear,"Salesforce, Inc.",Technology,Software - Application,general_dcf,194856480000.0,0.1354,0.11409575646763795,1.3495777818937513,0.10034053198267884,0.013755224484959111,0.036566423432434825,0.21386954344758524,0.17684937422531677,2.2779487949545763,0.08399525003298589,-0.06269126083035437,heavy_sbc;peak_cycle_margins,8.0,2026.0,ttm,2026-08-27,2026-09-18,True,,,,0.95,0.19294455574267413,0.5,1.0699999999999998,-1.0699999999999998
