rank,ticker,price,expected_irr,median_irr,p10_irr,p90_irr,above_hurdle_weight,hurdle_rate,permanent_loss_weight,worst_case_shortfall,worst_case_hurdle_gap,expected_shortfall,hurdle_cvar,intrinsic_value_low,intrinsic_value_base,intrinsic_value_high,intrinsic_value_bear,intrinsic_value_bull,scenario_order_inversion,scenario_order_note,upside_to_base,model_confidence,data_confidence,model_uncertainty,business_quality,valuation_excess,evidence_confidence,valuation_status,invalid_reason,invalid_fields,assumption_flags,valuation_alerts,requires_manual_review,roic_status,catastrophic_tail_floor_applied,catastrophic_tail_scenarios,name,sector,industry,model_family,market_cap,financial_persistence_score,roic,incremental_roic,wacc,roic_minus_wacc,normalized_operating_margin,current_operating_margin,revenue_cagr,net_debt_to_ebitda,sbc_intensity,net_share_change_cagr,risk_flags,years_of_data,latest_fiscal_year,anchor_source,latest_filing_date,price_as_of,is_price_fresh,shares_outstanding,beta,specialist_model_note,downside_penalty,ambiguity_penalty,permanent_loss_penalty,hurdle_penalty,robust_return,ineligible_reasons,eligible
1,UHS,155.57,0.28407897638826396,0.3025272566941567,0.1309085556305946,0.400352836534148,1.0,0.12,0.0,0.0,0.0,0.0,0.0,177.0377115823003,327.72721887406266,463.1810541852038,177.0377115823003,463.1810541852038,False,,1.106622220698481,0.7677,1.0,0.14169114045177672,0.7825,0.1825272566941567,0.7677,valid,,,share_change_floor_hit;intrinsic_2x_price,,False,ok,False,,"Universal Health Services, Inc.",Healthcare,Medical - Care Facilities,general_dcf,9739667692.0,0.7825,0.12468849972603302,0.22875878037240152,0.08108989021160215,0.04359860951443087,0.10734202554714209,0.11497840885602606,0.0705902397892153,1.87669620079509,0.006142007240454682,-0.05801175829131966,,8.0,2025.0,ttm,2026-05-07,2026-07-10,True,,,,0.0,0.07084557022588836,0.0,0.0,0.14012617496410412,,True
2,FOXA,54.12,0.2916078089911025,0.3140772512648255,0.12352068834006788,0.4147560450946912,1.0,0.12,0.0,0.0,0.0,0.0,0.0,67.12899309096457,130.59112401526642,183.21219334201822,67.12899309096457,183.21219334201822,False,,1.412991944110614,0.68445,1.0,0.15508417837731164,0.8982,0.1940772512648255,0.68445,valid,,,forward_roic_cap_hit;share_change_floor_hit;intrinsic_2x_price,,False,ok,False,,Fox Corporation,Communication Services,Entertainment,general_dcf,23731882103.0,0.8982,0.16895503711597137,0.8856477997370426,0.0669305855619197,0.10202445155405167,0.2005283937430593,0.19727177334732424,0.06996718821585945,0.8351403947734223,0.006437768240343348,-0.0882628934835914,,8.0,2025.0,ttm,2026-05-11,2026-07-10,True,,,,0.0,0.07754208918865582,0.0,0.0,0.13283617462820982,,True
3,CTSH,42.57,0.22962648841785271,0.23850623667240145,0.14063241623807707,0.30086106408853086,1.0,0.12,0.0,0.0,0.0,0.0,0.0,52.46381563990094,73.92903904922873,92.83058510755373,52.46381563990094,92.83058510755373,False,,0.7366464423121619,0.872,1.0,0.08395432392522689,0.8655,0.11850623667240145,0.872,valid,,,,,False,ok,False,,Cognizant Technology Solutions Corporation,Technology,Information Technology Services,general_dcf,20172603330.0,0.8655,0.1723955492618894,0.1406886596808351,0.0863456333335596,0.0860499159283298,0.14961661544644123,0.1566383257030739,0.03921825270499446,-0.10875127942681678,0.008867044993919741,-0.02773719033995936,,8.0,2025.0,ttm,2026-04-29,2026-07-10,True,,,,0.0,0.041977161962613446,0.0,0.0,0.10333743837833406,,True
4,VICI,26.01,0.2851262683218816,0.3296197439782067,0.15164584135290626,0.3296197439782067,1.0,0.12,0.0,0.0,0.0,0.0,0.0,52.69083374004457,108.08803698329007,108.08803698329007,52.69083374004457,108.08803698329007,False,,3.155633870945408,0.6,0.8,0.10698695131265021,0.48748071674379967,0.2096197439782067,0.48,valid,,,specialist_model_v1,,False,specialist,False,,VICI Properties Inc.,Real Estate,REIT - Specialty,reit,27805470300.0,,,,,,,,,,,,,,,,,2026-07-10,True,1069029999.9999999,0.683,P/AFFO Gordon proxy; no property-level NOI or maintenance-capex detail,0.0,0.053493475656325104,0.0,0.0,0.10061747710953922,,True
5,ARE,47.88,0.25541132775192393,0.2793206392735188,0.18368339318713933,0.2793206392735188,1.0,0.12,0.0,0.0,0.0,0.0,0.0,111.25817062730331,164.07830986259054,164.07830986259054,111.25817062730331,164.07830986259054,False,,2.4268652853506794,0.6,0.8,0.06581862304318972,0.6780796969476214,0.1593206392735188,0.48,valid,,,specialist_model_v1,,False,specialist,False,,"Alexandria Real Estate Equities, Inc.",Real Estate,REIT - Office,reit,8343999720.0,,,,,,,,,,,,,,,,,2026-07-10,True,174269000.0,1.183,P/AFFO Gordon proxy; no property-level NOI or maintenance-capex detail,0.0,0.03290931152159486,0.0,0.0,0.07647390685128902,,True
6,OMC,81.93,0.23630877481336943,0.24303935726638887,0.15275182490004224,0.30640455982065773,1.0,0.12,0.0,0.0,0.0,0.0,0.0,121.02714938322023,180.047582584206,233.49282958723222,121.02714938322023,233.49282958723222,False,,1.1975782080337605,0.679023,0.85,0.09095567746030775,0.8012,0.12303935726638887,0.57716955,valid,,,base_growth_cap_hit;reinvestment_cap_hit;intrinsic_2x_price,,False,ok,False,,Omnicom Group Inc.,Communication Services,Advertising Agencies,general_dcf,23350557638.000004,0.8012,0.10625854426677338,0.02465586598481794,0.0664734227036061,0.03978512156316728,0.14642359336986555,0.14972875016645534,0.017562263432874925,2.06084951795445,0.005825700645671198,-0.0033931429086506704,incremental_roic_below_wacc,8.0,2025.0,annual,2026-02-20,2026-07-10,True,,,,0.0,0.045477838730153874,0.0,0.0,0.0710145704657309,,True
7,ACN,135.23,0.1860419608143275,0.19623722582473427,0.10390578602091413,0.24778760558692742,0.75,0.12,0.0,0.0,0.016094213979085864,0.0,0.016094213979085864,139.7042865073016,194.24871932469787,234.37090016688063,139.7042865073016,234.37090016688063,False,,0.4364321476351245,0.8805,1.0,0.07552590978300665,0.9914,0.07623722582473427,0.8805,valid,,,,,False,ok,False,,Accenture plc,Technology,Information Technology Services,general_dcf,82752931400.0,0.9914,0.27626761611460315,0.1529257172134055,0.09660735518103357,0.17966026093356957,0.14685586785883348,0.14870495924143984,0.0787194628184662,-0.14013902069557826,0.029918271047864795,-0.01433226453267622,,8.0,2025.0,ttm,2026-06-18,2026-07-10,True,,,,0.0,0.037762954891503324,0.0,0.016094213979085864,0.05103266335959265,,True
8,TTD,19.53,0.2336887476500124,0.2626303238794208,0.06445255409926179,0.34504178874194624,0.75,0.12,0.0,0.0,0.05554744590073821,0.0,0.05554744590073821,17.500380144365156,36.345341095727406,48.116383475154464,17.500380144365156,48.116383475154464,False,,0.8610005681376038,0.713,1.0,0.14890461732134225,0.9118,0.14263032387942082,0.713,valid,,,,,False,ok,False,,"The Trade Desk, Inc.",Communication Services,Advertising Agencies,general_dcf,9181215900.0,0.9118,0.3288207697076124,0.48860470771143266,0.09544503202797502,0.2333757376796374,0.1711063344506371,0.20259066659481598,0.29379367691523206,-1.3554265927034115,0.20234486555512426,-0.015605915567558415,heavy_sbc,8.0,2025.0,ttm,2026-05-07,2026-07-10,True,,,,0.0,0.07445230866067112,0.0,0.05554744590073821,0.046147975025288834,,True
9,BXP,66.82,0.1926027112248036,0.21860240807801246,0.11460362066517704,0.21860240807801246,0.75,0.12,0.0,0.0,0.005396379334822954,0.0,0.005396379334822954,114.94993200168923,179.56290847841467,179.56290847841467,114.94993200168923,179.56290847841467,False,,1.687262922454575,0.6,0.8,0.0699993937064177,0.6401652377751913,0.09860240807801246,0.48,valid,,,specialist_model_v1,,False,specialist,False,,"BXP, Inc.",Real Estate,REIT - Office,reit,10656279267.0,,,,,,,,,,,,,,,,,2026-07-10,True,159477391.00568694,1.039,P/AFFO Gordon proxy; no property-level NOI or maintenance-capex detail,0.0,0.03499969685320885,0.0,0.005396379334822954,0.04193277654262303,,True
10,CMCSA,23.57,0.19076405052328482,0.18610481526702644,0.15063977846875787,0.2402067930903286,1.0,0.12,0.0,0.0,0.0,0.0,0.0,30.821781829517054,38.9476409221831,52.38552751279929,30.821781829517054,52.38552751279929,False,,0.6524243072627534,0.54318519,0.85,0.06298795161078537,0.7638,0.06610481526702644,0.4617074115,valid,,,forward_roic_floor_hit;share_change_floor_hit;wacc_floor_hit;reinvestment_cap_hit,,False,ok,False,,Comcast Corporation,Communication Services,Telecommunications Services,general_dcf,84197425934.0,0.7638,0.08412354861205212,-0.010702595763399403,0.065,0.01912354861205212,0.1873066409912772,0.1528360925302128,0.039212419385326935,2.407101662331788,0.010207942618366071,-0.06535161292900282,thin_interest_coverage;incremental_roic_below_wacc,8.0,2025.0,ttm,2026-04-23,2026-07-10,True,,,,0.0,0.031493975805392684,0.0,0.0,0.03052108314462446,,True
11,CPT,112.96,0.19586229447276637,0.2305449857174442,0.09181422073873291,0.2305449857174442,0.75,0.12,0.0,0.0,0.028185779261267085,0.0,0.028185779261267085,175.25419280721127,318.72208593860483,318.72208593860483,175.25419280721127,318.72208593860483,False,,1.8215482112128618,0.6,0.8,0.08736538248935563,0.549865229110512,0.1105449857174442,0.48,valid,,,specialist_model_v1,,False,specialist,False,,Camden Property Trust,Real Estate,REIT - Residential,reit,11354739200.0,,,,,,,,,,,,,,,,,2026-07-10,True,100520000.0,0.798,P/AFFO Gordon proxy; no property-level NOI or maintenance-capex detail,0.0,0.043682691244677815,0.0,0.028185779261267085,0.024875813883106127,,True
12,AVB,191.84,0.175019617411721,0.20997761494168632,0.07014562482182507,0.20997761494168632,0.75,0.12,0.0,0.0,0.049854375178174926,0.0,0.049854375178174926,269.2486702127932,497.53752864993777,497.53752864993777,269.2486702127932,497.53752864993777,False,,1.5935025471744044,0.6,0.8,0.08791599505993061,0.54116253490143,0.08997761494168632,0.48,valid,,,specialist_model_v1,,False,specialist,False,,"AvalonBay Communities, Inc.",Real Estate,REIT - Residential,reit,27216724480.0,,,,,,,,,,,,,,,,,2026-07-10,True,141872000.0,0.78,P/AFFO Gordon proxy; no property-level NOI or maintenance-capex detail,0.0,0.043957997529965306,0.0,0.049854375178174926,-0.006665120006165495,robust_return<=0,False
13,UDR,39.73,0.17467770124815535,0.21453268156379335,0.05511276030124135,0.21453268156379335,0.75,0.12,0.0,0.0,0.06488723969875865,0.0,0.06488723969875865,51.9532764534373,104.99402698875294,104.99402698875294,51.9532764534373,104.99402698875294,False,,1.642688824282732,0.6,0.8,0.09770996063127599,0.49482125739402855,0.09453268156379335,0.48,valid,,,specialist_model_v1,,False,specialist,False,,"UDR, Inc.",Real Estate,REIT - Residential,reit,12908912679.999998,,,,,,,,,,,,,,,,,2026-07-10,True,324916000.0,0.695,P/AFFO Gordon proxy; no property-level NOI or maintenance-capex detail,0.0,0.048854980315637994,0.0,0.06488723969875865,-0.019511552548137842,robust_return<=0,False
14,ZTS,75.56,0.16403819117695095,0.17927892210427673,0.044790460006333924,0.2528044604929165,0.75,0.12,0.0,0.0,0.07520953999366607,0.0,0.07520953999366607,64.78479092013143,110.25139947978303,145.39438885784034,64.78479092013143,145.39438885784034,False,,0.459123868181353,0.8991,1.0,0.1070340002432913,0.9836,0.05927892210427674,0.8991,valid,,,,,False,ok,False,,Zoetis Inc.,Healthcare,Drug Manufacturers - General,general_dcf,31676876596.0,0.9836,0.2738915773093571,0.23669392751065474,0.07534396596164872,0.19854761134770837,0.359833772599066,0.3757492901461773,0.0718423707978999,1.7975369458128079,0.007994814174589455,-0.03523068558743281,,8.0,2025.0,ttm,2026-05-07,2026-07-10,True,,,,0.0,0.05351700012164565,0.0,0.07520953999366607,-0.021911861129710858,robust_return<=0,False
15,CPAY,353.64,0.1648681525228312,0.17957882485643495,0.04731051017006396,0.253004450208391,0.75,0.12,0.0,0.0,0.07268948982993603,0.0,0.07268948982993603,310.233280206223,523.4163063802872,690.2072866782665,310.233280206223,690.2072866782665,False,,0.48008230511335603,0.8363,1.0,0.10775797001916353,0.9886,0.05957882485643495,0.8363,valid,,,,,False,ok,False,,"Corpay, Inc.",Technology,Software - Infrastructure,general_dcf,23114589035.0,0.9886,0.3029615309342451,,0.07586828224856176,0.22709324868568334,0.43970602965951056,0.4299182874928168,0.09277496065239532,0.6245828700803341,0.029367564797265832,-0.037931964668205365,thin_interest_coverage,8.0,2025.0,ttm,2026-05-08,2026-07-10,True,,,,0.0,0.05387898500958176,0.0,0.07268948982993603,-0.02286371860249948,robust_return<=0,False
16,ELV,416.23,0.11605267204722626,0.1058051146261278,0.08601342070614922,0.16658703823050025,0.25,0.12,0.0,0.0,0.03398657929385078,0.0,0.03398657929385078,444.21011153494385,491.76321631166695,646.6062627379467,444.21011153494385,646.6062627379467,False,,0.18146989960278437,0.6695460000000001,1.0,0.050200428762175515,0.8334,-0.014194885373872201,0.6695460000000001,valid,,,forward_roic_floor_hit;reinvestment_cap_hit,,False,ok,False,,Elevance Health Inc.,Healthcare,Medical - Healthcare Plans,general_dcf,90389497427.0,0.8334,0.14661352873315672,-0.055718693137273054,0.07116055628634385,0.07545297244681287,0.05862056864328994,0.038080981962427964,0.11643811436572027,-0.4061578774975434,0.0013860640301318267,-0.03174970957167689,incremental_roic_below_wacc,8.0,2025.0,ttm,2026-04-22,2026-07-10,True,,,,0.0,0.025100214381087758,0.0,0.03398657929385078,-0.03398657929385078,robust_return<=0; median_irr<=hurdle,False
17,HPQ,24.22,0.09621945166727532,0.07865150331053886,0.07865150331053886,0.1295304205268622,0.25,0.12,0.0,0.0,0.04134849668946114,0.0,0.04134849668946114,21.983207664557085,21.983207664557085,28.343060800546507,24.02018812038321,28.343060800546507,True,"growth destroys value: forward ROIC 2.0% at/below WACC 9.1%, so higher-growth scenarios reinvest below the cost of capital and are worth less than the bear case",-0.09235311046419958,0.669951,1.0,0.035340928608161674,0.9686,-0.04134849668946114,0.669951,valid,,,forward_roic_floor_hit;reinvestment_cap_hit,,False,ok,False,,HP Inc.,Technology,Computer Hardware,general_dcf,22149747060.0,0.9686,0.48920776765767315,-0.3893044128646223,0.09050508140958297,0.3987026862480902,0.06576206509215812,0.055088214291934445,-0.007949026438381246,1.435138387484958,0.008439291248903079,-0.041370451935990316,incremental_roic_below_wacc,8.0,2025.0,ttm,2026-05-28,2026-07-10,True,,,,0.0,0.017670464304080837,0.0,0.04134849668946114,-0.04134849668946114,robust_return<=0; median_irr<=hurdle,False
18,IT,133.24,0.183815692535427,0.20282409024075612,0.0110425193270203,0.31857207033317547,0.75,0.12,0.0,0.0,0.1089574806729797,0.0,0.1089574806729797,96.87617775705968,203.043040252209,304.18878205166243,96.87617775705968,304.18878205166243,False,,0.5238895245587587,0.741,1.0,0.1615347755030776,0.9097,0.08282409024075613,0.741,valid,,,,,False,ok,False,,"Gartner, Inc.",Industrials,Consulting Services,general_dcf,8920671023.0,0.9097,0.5156024176736608,,0.08167381915672707,0.4339285985169337,0.17117715207499506,0.1643040718597466,0.07269833519446389,1.2645148373893313,0.02399120490250038,-0.04790800813604068,,8.0,2025.0,ttm,2026-05-05,2026-07-10,True,,,,0.0,0.0807673877515388,0.0,0.1089574806729797,-0.047584829804579405,robust_return<=0,False
19,HUM,392.22,0.15205922929817461,0.15879186685051538,0.047136830602539724,0.24351635288912804,0.75,0.12,0.0,0.0,0.07286316939746026,0.0,0.07286316939746026,341.9556554806888,566.9745876175987,810.2161371024777,341.9556554806888,810.2161371024777,False,,0.4455524644780955,0.601263,1.0,0.11015187114329415,0.6611,0.03879186685051539,0.601263,valid,,,forward_roic_floor_hit;reinvestment_cap_hit,,False,ok,False,,Humana Inc.,Healthcare,Medical - Healthcare Plans,general_dcf,47090521530.0,0.6611,0.1021763675998857,-3.1877500630455566,0.07814852320137768,0.024027844398508025,0.03738824841318843,0.010087463556851311,0.12474239016717803,-3.6451760402377684,0.0017570515486669326,-0.017189413989020408,thin_interest_coverage;incremental_roic_below_wacc,8.0,2025.0,ttm,2026-04-29,2026-07-10,True,,,,0.0,0.055075935571647076,0.0,0.07286316939746026,-0.049539055159318834,robust_return<=0,False
20,EQR,68.69,0.15241999239863885,0.1615494337630079,0.049269804608675916,0.23731129745986368,0.75,0.12,0.0,0.0,0.07073019539132408,0.0,0.07073019539132408,87.36337273483977,145.23858314473551,199.19957525360056,87.36337273483977,199.19957525360056,False,,1.1144065096045352,0.6,0.8,0.11202074642559387,0.6015162833678913,0.041549433763007904,0.48,valid,,,specialist_model_v1,,False,specialist,False,,Equity Residential,Real Estate,REIT - Residential,reit,25738967280.0,,,,,,,,,,,,,,,,,2026-07-10,True,374712000.0,0.754,P/AFFO Gordon proxy; no property-level NOI or maintenance-capex detail,0.0,0.056010373212796935,0.0,0.07073019539132408,-0.050786467185080286,robust_return<=0,False
21,ADBE,223.64,0.13802896084307584,0.14809472883935093,0.04508522992546207,0.21084115576813942,0.75,0.12,0.0,0.0,0.07491477007453792,0.0,0.07491477007453792,170.50146602453708,250.07828020680344,312.45497550212855,170.50146602453708,312.45497550212855,False,,0.11821802989985453,0.78426,1.0,0.08935016292133867,0.9778,0.028094728839350935,0.78426,valid,,,share_change_floor_hit,,False,ok,False,,Adobe Inc.,Technology,Software - Application,general_dcf,88896900000.0,0.9778,0.5828394717436669,,0.11232430484146858,0.4705151669021983,0.33594547644152983,0.36074291610445275,0.14827553206887933,0.14610620367550006,0.08746803069053709,-0.05143219139045718,heavy_sbc,8.0,2025.0,ttm,2026-06-15,2026-07-10,True,,,,0.0,0.044675081460669334,0.0,0.07491477007453792,-0.05288119803498856,robust_return<=0,False
22,HST,23.18,0.11883539389266329,0.1414057140833227,0.05112443332068506,0.1414057140833227,0.75,0.12,0.0,0.0,0.06887556667931494,0.0,0.06887556667931494,29.742953243824065,44.90695868015398,44.90695868015398,29.742953243824065,44.90695868015398,False,,0.9373148697219145,0.6,0.8,0.06314064038131881,0.6623239274711462,0.021405714083322702,0.48,valid,,,specialist_model_v1,,False,specialist,False,,"Host Hotels & Resorts, Inc.",Real Estate,REIT - Hotel & Motel,reit,15875501734.0,,,,,,,,,,,,,,,,,2026-07-10,True,684879281.0181191,1.119,P/AFFO Gordon proxy; no property-level NOI or maintenance-capex detail,0.0,0.031570320190659404,0.0,0.06887556667931494,-0.05860082391932004,robust_return<=0,False
23,APA,33.44,0.2336391350720078,0.24299521064385773,0.01312397653236988,0.43544214246794577,0.75,0.12,0.0,0.0,0.10687602346763012,0.0,0.10687602346763012,28.504244673239914,80.97632021178869,175.62698926244235,28.504244673239914,175.62698926244235,False,,1.4215406761898532,0.352431,1.0,0.23058615296778795,0.7238,0.12299521064385774,0.352431,valid,,,wacc_floor_hit;reinvestment_cap_hit;intrinsic_2x_price,,False,ok,False,,APA Corporation,Energy,Oil & Gas Exploration & Production,general_dcf,11820036800.0,0.7238,0.19597132963435437,0.008723172606689075,0.065,0.13097132963435437,0.3184182911929025,0.34630124259667866,0.028082479749838907,0.7987575301204819,0.0,0.020593996919940682,cyclical_revenue;incremental_roic_below_wacc,8.0,2025.0,ttm,2026-05-07,2026-07-10,True,,,,0.0,0.11529307648389397,0.0,0.10687602346763012,-0.0635286983852047,robust_return<=0,False
24,INVH,29.6,0.12805050029038972,0.1588397147520224,0.03568285690549167,0.1588397147520224,0.75,0.12,0.0,0.0,0.08431714309450833,0.0,0.08431714309450833,35.27163968935865,61.85980744549162,61.85980744549162,35.27163968935865,61.85980744549162,False,,1.0898583596449871,0.6,0.8,0.07957842892326536,0.5701867035463796,0.038839714752022414,0.48,valid,,,specialist_model_v1,,False,specialist,False,,Invitation Homes Inc.,Real Estate,REIT - Residential,reit,17583643200.0,,,,,,,,,,,,,,,,,2026-07-10,True,594042000.0,0.843,P/AFFO Gordon proxy; no property-level NOI or maintenance-capex detail,0.0,0.03978921446163268,0.0,0.08431714309450833,-0.06567408001353757,robust_return<=0,False
25,GIS,36.22,0.1649499153660145,0.1860726569313556,0.009348244499415188,0.2783061031019316,0.75,0.12,0.0,0.0,0.11065175550058481,0.0,0.11065175550058481,27.149570686612467,57.05079270361752,82.86615137904359,27.149570686612467,82.86615137904359,False,,0.5751185174935813,0.7850699999999999,0.85,0.14542682930125822,0.8056,0.06607265693135561,0.6673094999999999,valid,,,wacc_floor_hit,,False,ok,False,,"General Mills, Inc.",Consumer Defensive,Packaged Foods,general_dcf,19330903724.0,0.8056,0.1098375745945436,,0.065,0.0448375745945436,0.17023929762976736,0.1506192807442224,0.01271362544800514,3.9288352400684623,0.004705797830303901,-0.03070705768587223,elevated_leverage;thin_interest_coverage,8.0,2026.0,annual,2026-07-01,2026-07-10,True,,,,0.0,0.07271341465062911,0.0,0.11065175550058481,-0.06656084384005037,robust_return<=0,False
26,MO,71.79,0.15177901069109798,0.1709433825919405,0.005044133565388647,0.26018514401512227,0.75,0.12,0.0,0.0,0.11495586643461135,0.0,0.11495586643461135,54.17861963731763,107.52150594421927,150.77251787900644,54.17861963731763,150.77251787900644,False,,0.49772260682851743,0.8869,1.0,0.13096350522486683,0.9577,0.050943382591940506,0.8869,valid,,,,,False,ok,False,,"Altria Group, Inc.",Consumer Defensive,Tobacco,general_dcf,119881491760.70003,0.9577,0.4597417918845177,,0.06623434486480632,0.39350744701971135,0.5487126521180992,0.5073114829245932,0.003685641666252071,1.8617246863403427,0.0,-0.024816219778510784,,8.0,2025.0,ttm,2026-04-30,2026-07-10,True,,,,0.0,0.06548175261243341,0.0,0.11495586643461135,-0.06977418041381932,robust_return<=0,False
27,EOG,134.1,0.2314248930284521,0.24873501508845955,-0.01988933368702417,0.4481188756239135,0.75,0.12,0.0,0.01988933368702417,0.13988933368702416,0.01988933368702417,0.13988933368702416,91.92619385244508,279.20114286581367,611.7515290068475,91.92619385244508,611.7515290068475,False,,1.0820368595511831,0.39951000000000003,1.0,0.25201880465546883,0.8308,0.12873501508845955,0.39951000000000003,valid,,,reinvestment_cap_hit;intrinsic_2x_price,,False,ok,False,,"EOG Resources, Inc.",Energy,Oil & Gas Exploration & Production,general_dcf,71425548900.0,0.8308,0.1921508373909426,0.11979666979573474,0.06819323299924969,0.12395760439169291,0.3240782636756039,0.3692076821530469,0.03975957813758413,0.36241358830596976,0.00851227649927282,-0.03044624297727938,cyclical_revenue,8.0,2025.0,ttm,2026-05-05,2026-07-10,True,,,,0.01988933368702417,0.12600940232773442,0.0,0.13988933368702416,-0.08845840780903369,robust_return<=0,False
28,O,63.31,0.11006508534915593,0.14571515488818565,0.0031148767320667847,0.14571515488818565,0.75,0.12,0.0,0.0,0.11688512326793321,0.0,0.11688512326793321,64.30217601843715,124.98434029608404,124.98434029608404,64.30217601843715,124.98434029608404,False,,0.9741642757239621,0.6,0.8,0.08930013907805942,0.5144818612164315,0.025715154888185654,0.48,valid,,,specialist_model_v1,,False,specialist,False,,Realty Income Corporation,Real Estate,REIT - Retail,reit,59036102074.0,,,,,,,,,,,,,,,,,2026-07-10,True,932492529.9952614,0.729,P/AFFO Gordon proxy; no property-level NOI or maintenance-capex detail,0.0,0.04465006953902971,0.0,0.11688512326793321,-0.10454184892160409,robust_return<=0,False
29,INTU,274.96,0.10591989771637603,0.11751196170225742,0.01147105387644845,0.17718461358454082,0.25,0.12,0.0,0.0,0.10852894612355155,0.0,0.10852894612355155,192.44885384226353,302.74527731651347,385.1330743231368,192.44885384226353,385.1330743231368,False,,0.10105207054303711,0.8311,1.0,0.08792377985404619,0.9446,-0.0024880382977425786,0.8311,valid,,,,,False,ok,False,,Intuit Inc.,Technology,Software - Application,general_dcf,75211733520.0,0.9446,0.2272296769211967,0.14923128059271104,0.0915603382977509,0.1356693386234458,0.25922285642412646,0.2746953405017921,0.17679911512930202,0.018226002430133656,0.11912803193122505,-0.009479243496282042,heavy_sbc,8.0,2025.0,ttm,2026-05-20,2026-07-10,True,,,,0.0,0.043961889927023094,0.0,0.10852894612355155,-0.10852894612355155,robust_return<=0; median_irr<=hurdle,False
30,LDOS,107.02,0.17557266576186525,0.20688188322819778,-0.04743660910171454,0.33596350569278,0.75,0.12,0.0,0.04743660910171454,0.16743660910171454,0.04743660910171454,0.16743660910171454,62.759260776536706,185.42903981016724,301.788012788041,62.759260776536706,301.788012788041,False,,0.732657819194237,0.6343920000000001,1.0,0.20266829739724726,0.792,0.08688188322819779,0.6343920000000001,valid,,,forward_roic_cap_hit;wacc_floor_hit,,False,ok,False,,"Leidos Holdings, Inc.",Technology,Information Technology Services,general_dcf,13461560571.0,0.792,0.14105264323409952,1.803534724862237,0.065,0.07605264323409952,0.08168230208944804,0.12032915921288015,0.07736031877777316,2.727711564790613,0.005101428399951986,-0.024762720249560388,,8.0,2025.0,ttm,2026-05-05,2026-07-10,True,,,,0.04743660910171454,0.10133414869862363,0.0,0.16743660910171454,-0.11231943743681169,robust_return<=0,False
31,REG,79.62,0.09250105123535513,0.12303773567540932,0.0008909979151925373,0.12303773567540932,0.75,0.12,0.0,0.0,0.11910900208480746,0.0,0.11910900208480746,79.97533891856986,142.23088762480654,142.23088762480654,79.97533891856986,142.23088762480654,False,,0.786371359266598,0.6,0.8,0.07907336888010838,0.5622923420792977,0.0030377356754093254,0.48,valid,,,specialist_model_v1,,False,specialist,False,,Regency Centers Corporation,Real Estate,REIT - Retail,reit,14578166420.0,,,,,,,,,,,,,,,,,2026-07-10,True,183096790.00251192,0.825,P/AFFO Gordon proxy; no property-level NOI or maintenance-capex detail,0.0,0.03953668444005419,0.0,0.11910900208480746,-0.11765088896061099,robust_return<=0,False
32,PHM,124.75,0.08432142948440743,0.09285929949837737,0.0012137055746279937,0.15035341336624702,0.25,0.12,0.0,0.0,0.118786294425372,0.0,0.118786294425372,84.15414809216948,120.3477830480549,149.85498580199504,84.15414809216948,149.85498580199504,False,,-0.03528831224004092,0.6594300000000001,1.0,0.08478695389580951,0.7975,-0.027140700501622622,0.6594300000000001,valid,,,share_change_floor_hit,,False,ok,False,,"PulteGroup, Inc.",Consumer Cyclical,Residential Construction,general_dcf,23763172537.0,0.7975,0.16115075426634143,0.06851001784951659,0.09949961681074053,0.0616511374556009,0.17968502312346285,0.16402297759063325,0.0786780957076989,0.03128347128391695,0.0030473144461872353,-0.06369353690428192,incremental_roic_below_wacc,8.0,2025.0,ttm,2026-04-23,2026-07-10,True,,,,0.0,0.042393476947904754,0.0,0.118786294425372,-0.118786294425372,robust_return<=0; median_irr<=hurdle,False
33,TSN,57.83,0.12318815985054246,0.12352374276379126,-0.0014937330037355142,0.24719888687832287,0.75,0.12,0.0,0.0014937330037355142,0.1214937330037355,0.0014937330037355142,0.1214937330037355,42.08701793455055,75.03164122705117,130.07462287504939,42.08701793455055,130.07462287504939,False,,0.29745186282294944,0.580446,1.0,0.13693292994102918,0.6055,0.0035237427637912627,0.580446,valid,,,forward_roic_floor_hit;reinvestment_cap_hit,,False,ok,False,,"Tyson Foods, Inc.",Consumer Defensive,Agricultural Farm Products,general_dcf,20587448598.0,0.6055,0.0388686065450989,-2.0474368084662204,0.06945696430126551,-0.030588357756166612,0.06748815026900128,0.0230479267635972,0.04482396796231858,2.8701741105223317,0.0018368509028122188,-0.00833372078387895,thin_interest_coverage;incremental_roic_below_wacc,8.0,2025.0,ttm,2026-05-04,2026-07-10,True,,,,0.0014937330037355142,0.06846646497051459,0.0,0.1214937330037355,-0.11944839061146392,robust_return<=0,False
34,LEN,84.27,0.0985305575610255,0.10008019586093725,-0.00420570685528216,0.19816754537750964,0.25,0.12,0.0,0.00420570685528216,0.12420570685528215,0.00420570685528216,0.12420570685528215,52.12443050302366,80.78076587078984,129.07361896850034,52.12443050302366,129.07361896850034,False,,-0.04140541271164311,0.45358380000000004,1.0,0.11757911211639589,0.4944,-0.019919804139062747,0.45358380000000004,valid,,,forward_roic_floor_hit;share_change_floor_hit;reinvestment_cap_hit,,False,ok,False,,Lennar Corporation,Consumer Cyclical,Residential Construction,general_dcf,20923842487.0,0.4944,0.057819436282628055,-39.218177040906106,0.09952005165830777,-0.04170061537567971,0.13824940334022323,0.06016531328928665,0.07525893763257141,2.0796652158213473,0.004782353398523541,-0.057554321947309584,weak_cash_conversion;incremental_roic_below_wacc,8.0,2025.0,ttm,2026-06-29,2026-07-10,True,,,,0.00420570685528216,0.058789556058197946,0.0,0.12420570685528215,-0.12420570685528215,robust_return<=0; median_irr<=hurdle,False
35,CPRT,27.52,0.06584501587203706,0.07251141378656031,-0.00475886045023796,0.12311609636526558,0.25,0.12,0.0,0.00475886045023796,0.12475886045023796,0.00475886045023796,0.12475886045023796,18.47957757441393,25.35366772527316,31.091820448187132,18.47957757441393,31.091820448187132,False,,-0.07871846928513226,0.8392,0.95,0.07026147840775177,0.978,-0.04748858621343968,0.79724,valid,,,,,False,ok,False,,"Copart, Inc.",Industrials,Specialty Business Services,general_dcf,25478331984.409958,0.978,0.2961389065373297,0.3038365386306291,0.0966516985596104,0.19948720797771932,0.3705266255577967,0.36566622841310176,0.14458048241388965,-2.1418830709916064,0.00831613687897748,0.0002110956201459846,,8.0,2025.0,ttm,2026-05-29,2026-07-10,True,,,,0.00475886045023796,0.03513073920387588,0.0,0.12475886045023796,-0.12475886045023796,robust_return<=0; median_irr<=hurdle,False
36,DECK,105.99,0.08238157009473072,0.09053381224512125,-0.006545387872029067,0.15500404376070948,0.25,0.12,0.0,0.006545387872029067,0.12654538787202907,0.006545387872029067,0.12654538787202907,69.69437466804175,102.48926434715015,129.79837128771254,69.69437466804175,129.79837128771254,False,,-0.033028923981977876,0.7479899999999999,1.0,0.08833501581636928,0.9559,-0.029466187754878748,0.7479899999999999,valid,,,forward_roic_cap_hit,,False,ok,False,,Deckers Outdoor Corporation,Consumer Cyclical,Apparel - Footwear & Accessories,general_dcf,14719997190.0,0.9559,1.0092935769104932,10.520224177237193,0.10253584946836576,0.9067577274421273,0.18901089246657682,0.23004941381117394,0.15243133665375241,-1.1484377459644957,0.008219898369165564,-0.04035792293318252,,8.0,2026.0,ttm,2026-05-22,2026-07-10,True,,,,0.006545387872029067,0.04416750790818464,0.0,0.12654538787202907,-0.12654538787202907,robust_return<=0; median_irr<=hurdle,False
37,AZO,3072.64,0.10777489960473761,0.12456530947420108,-0.020973397183843157,0.20294237665439147,0.75,0.12,0.0,0.020973397183843157,0.14097339718384316,0.020973397183843157,0.14097339718384316,2022.4251439513703,3821.8074891534957,5217.4281581405185,2022.4251439513703,5217.4281581405185,False,,0.24381882978594827,0.81,1.0,0.11765788691911731,0.98,0.004565309474201085,0.81,valid,,,share_change_floor_hit,,False,ok,False,,"AutoZone, Inc.",Consumer Cyclical,Specialty Retail,general_dcf,50162073983.0,0.98,0.2991518828607477,0.1586407035521743,0.06610898642429791,0.23304289643644976,0.19519689421872288,0.1802466316602026,0.07764003168086742,2.902763589288981,0.0057460497597979655,-0.06675336159101442,,8.0,2025.0,ttm,2026-06-12,2026-07-10,True,,,,0.020973397183843157,0.05882894345955866,0.0,0.14097339718384316,-0.13727549650974027,robust_return<=0,False
38,BF-B,26.17,0.027876336907502283,0.03853510599583389,-0.017448135837912535,0.05188327147625389,0.0,0.12,0.0,0.017448135837912535,0.13744813583791254,0.017448135837912535,0.13744813583791254,17.929415251285757,22.854148348870858,23.94031361643769,17.929415251285757,23.94031361643769,False,,-0.12670430459033788,0.683073,1.0,0.04417351365708321,0.8706,-0.08146489400416611,0.683073,valid,,,forward_roic_floor_hit;reinvestment_cap_hit,,False,ok,False,,Brown-Forman Corporation,Consumer Defensive,Beverages - Wineries & Distilleries,general_dcf,12204174275.0,0.8706,0.15606011445148024,-0.044201954155991735,0.06730924737790767,0.08875086707357258,0.2998562717978978,0.29022403258655805,0.024138370352259964,1.4959415584415585,0.007044025157232704,-0.014965924395725527,weak_cash_conversion;incremental_roic_below_wacc,8.0,2026.0,ttm,2026-06-12,2026-07-10,True,,,,0.017448135837912535,0.022086756828541606,0.0,0.13744813583791254,-0.13744813583791254,robust_return<=0; median_irr<=hurdle,False
39,HCA,406.59,0.10371356683717753,0.12060592525667746,-0.02232462496613149,0.1959670418014867,0.75,0.12,0.0,0.02232462496613149,0.1423246249661315,0.02232462496613149,0.1423246249661315,233.12826408113943,445.2406186784004,613.9846553523251,233.12826408113943,613.9846553523251,False,,0.09506042617477162,0.80487,1.0,0.11499973338380909,0.9664,0.0006059252566774642,0.80487,valid,,,share_change_floor_hit,,False,ok,False,,"HCA Healthcare, Inc.",Healthcare,Medical - Care Facilities,general_dcf,90197844282.0,0.9664,0.22229449002053037,0.20581754978431388,0.08275585942130541,0.13953863059922494,0.1487826149175951,0.15673927842069435,0.07131449251891953,3.1417833740203007,0.0,-0.08375874484786883,elevated_leverage,8.0,2025.0,ttm,2026-04-29,2026-07-10,True,,,,0.02232462496613149,0.057499866691904544,0.0,0.1423246249661315,-0.1418369339047895,robust_return<=0,False
40,AFL,121.91,0.08707202264224426,0.10461448422277653,-0.022922552681504782,0.16198167480492875,0.25,0.12,0.0,0.022922552681504782,0.14292255268150478,0.022922552681504782,0.14292255268150478,108.56361015222286,200.4901308365548,258.2472623439644,108.56361015222286,258.2472623439644,False,,0.6445749391891955,0.6,0.8,0.11045211374321676,0.5414910434704987,-0.015385515777223469,0.48,valid,,,specialist_model_v1,,False,specialist,False,,Aflac Incorporated,Financial Services,Insurance - Life,insurance,62050361350.0,,,,,,,,,,,,,,,,,2026-07-10,True,508985000.0,0.603,Justified P/B residual-income proxy; no regulatory-capital or reserve-detail model,0.022922552681504782,0.05522605687160838,0.0,0.14292255268150478,-0.14292255268150478,robust_return<=0; median_irr<=hurdle,False
41,GL,179.13,0.08142870710270939,0.098510314699505,-0.02509935576911726,0.1537935547809448,0.25,0.12,0.0,0.02509935576911726,0.14509935576911726,0.02509935576911726,0.14509935576911726,157.7502705662547,286.5424842475655,366.27634260731554,157.7502705662547,366.27634260731554,False,,0.5996342558341177,0.6,0.8,0.10744645527503102,0.5505301281256515,-0.021489685300495,0.48,valid,,,specialist_model_v1,,False,specialist,False,,Globe Life Inc.,Financial Services,Insurance - Life,insurance,13908513024.0,,,,,,,,,,,,,,,,,2026-07-10,True,77644800.0,0.47,Justified P/B residual-income proxy; no regulatory-capital or reserve-detail model,0.02509935576911726,0.05372322763751551,0.0,0.14509935576911726,-0.14509935576911726,robust_return<=0; median_irr<=hurdle,False
42,MKC,52.45,0.11550248040875886,0.13541704714298247,-0.039390906377229806,0.23056673372630032,0.75,0.12,0.0,0.039390906377229806,0.1593909063772298,0.039390906377229806,0.1593909063772298,30.78317401433329,67.99649854061359,100.90899230977008,30.78317401433329,100.90899230977008,False,,0.2964060732242819,0.8503,1.0,0.13946982005176506,0.7388,0.015417047142982476,0.8503,valid,,,,,False,ok,False,,"McCormick & Company, Incorporated",Consumer Defensive,Packaged Foods,general_dcf,14101263901.999998,0.7388,0.07875956249661487,0.32789539622469666,0.06962943579142664,0.00913012670518823,0.1601489888335239,0.15342955400904437,0.03704045899573383,3.3107690094237823,0.007049689902880854,-0.0012351791227026565,elevated_leverage,8.0,2025.0,ttm,2026-06-25,2026-07-10,True,,,,0.039390906377229806,0.06973491002588253,0.0,0.1593909063772298,-0.1462817911915518,robust_return<=0,False
43,VZ,42.12,0.014564815410994946,0.0029476855066605185,-0.02777976838406173,0.08014365901472048,0.0,0.12,0.0,0.02777976838406173,0.14777976838406173,0.02777976838406173,0.14777976838406173,25.25950648187208,26.55277963172384,42.3985591032765,25.25950648187208,42.3985591032765,False,,-0.3695921265022829,0.6580683,1.0,0.06421966469939111,0.7606,-0.11705231449333947,0.6580683,valid,,,forward_roic_floor_hit;wacc_floor_hit;reinvestment_cap_hit,,False,ok,False,,Verizon Communications Inc.,Communication Services,Telecommunications Services,general_dcf,175874587200.0,0.7606,0.0784689418881008,-0.07161350908395321,0.065,0.0134689418881008,0.22817686263697068,0.2121728256651287,0.007814059039057186,3.891215473052898,0.0,0.0004755112461742872,elevated_leverage;thin_interest_coverage;incremental_roic_below_wacc,8.0,2025.0,ttm,2026-05-01,2026-07-10,True,,,,0.02777976838406173,0.032109832349695555,0.0,0.14777976838406173,-0.14777976838406173,robust_return<=0; median_irr<=hurdle,False
44,MCK,805.96,0.10393779382902724,0.11998028700836588,-0.027840196194301794,0.20363079749367896,0.25,0.12,0.0,0.027840196194301794,0.14784019619430178,0.027840196194301794,0.14784019619430178,522.569445015468,979.265752815335,1348.8247521535288,522.569445015468,1348.8247521535288,False,,0.21503021591063431,0.7735500000000001,1.0,0.12252899684399036,0.9592,-1.971299163411322e-05,0.7735500000000001,valid,,,forward_roic_cap_hit,,False,ok,False,,McKesson Corporation,Healthcare,Medical - Distribution,general_dcf,94360184880.0,0.9592,2.07770431466415,4.1175891113896075,0.06877260957658327,2.0089317050875666,0.01369892604062704,0.015792082889224898,0.09457098304352618,0.6866489046773239,0.0,-0.04797506777090055,,8.0,2026.0,ttm,2026-05-08,2026-07-10,True,,,,0.027840196194301794,0.06126449842199518,0.0,0.14784019619430178,-0.14784019619430178,robust_return<=0; median_irr<=hurdle,False
45,REGN,664.52,0.08799002776195268,0.08345044187735767,-0.032043871140922386,0.21710309843401776,0.25,0.12,0.0,0.032043871140922386,0.15204387114092238,0.032043871140922386,0.15204387114092238,429.6062199891528,711.673297460348,1284.120418470976,429.6062199891528,1284.120418470976,False,,0.0709584323426653,0.372519,1.0,0.14339791478747008,0.7707,-0.03654955812264232,0.372519,valid,,,forward_roic_floor_hit;reinvestment_cap_hit,,False,ok,False,,"Regeneron Pharmaceuticals, Inc.",Healthcare,Biotechnology,general_dcf,68460179440.0,0.7707,0.12871126768888835,-0.5041851875039128,0.06998929628931534,0.05872197139957301,0.3573214670473511,0.24324378669669428,0.1146107805044887,-1.450552877119762,0.06920152091254753,-0.01733245212203738,heavy_sbc;cyclical_revenue;incremental_roic_below_wacc,8.0,2025.0,ttm,2026-04-29,2026-07-10,True,,,,0.032043871140922386,0.07169895739373504,0.0,0.15204387114092238,-0.15204387114092238,robust_return<=0; median_irr<=hurdle,False
46,UNH,424.62,0.016719566057508954,0.011594282049918574,-0.03255745245114664,0.0762471525813453,0.0,0.12,0.0,0.03255745245114664,0.15255745245114663,0.03255745245114664,0.15255745245114663,260.78666634869694,308.3712164103808,427.6824154568879,260.78666634869694,427.6824154568879,False,,-0.273771333403088,0.6666300000000001,1.0,0.06440340251624598,0.7426,-0.10840571795008141,0.6666300000000001,valid,,,forward_roic_floor_hit;reinvestment_cap_hit,,False,ok,False,,UnitedHealth Group Incorporated,Healthcare,Medical - Healthcare Plans,general_dcf,385616276826.0,0.7426,0.09852363261447654,-0.07804786860320123,0.07228846530624482,0.02623516730823172,0.08231835080659637,0.041882267134817096,0.10236402697783231,2.0155413572785355,0.0025432324534448558,-0.014236812683171118,thin_interest_coverage;incremental_roic_below_wacc,8.0,2025.0,ttm,2026-05-05,2026-07-10,True,,,,0.03255745245114664,0.03220170125812299,0.0,0.15255745245114663,-0.15255745245114663,robust_return<=0; median_irr<=hurdle,False
47,PEP,137.38,0.08441237783554248,0.10036068083718425,-0.0393356180109549,0.1762637676787563,0.25,0.12,0.0,0.0393356180109549,0.1593356180109549,0.0393356180109549,0.1593356180109549,83.87835718958803,157.14458544141266,216.47742957045324,83.87835718958803,216.47742957045324,False,,0.14386799709865095,0.896,1.0,0.11091969284485559,0.9237,-0.01963931916281575,0.896,valid,,,,,False,ok,False,,"PepsiCo, Inc.",Consumer Defensive,Beverages - Non-Alcoholic,general_dcf,187766862600.0,0.9237,0.18037599135706778,0.1883050065357062,0.06576670616386669,0.11460928519320109,0.14184361835179532,0.14958102864690828,0.054781936748586224,2.2964443964119745,0.003941036862847563,-0.004344732564134812,thin_interest_coverage,8.0,2025.0,ttm,2026-07-09,2026-07-10,True,,,,0.0393356180109549,0.055459846422427794,0.0,0.1593356180109549,-0.1593356180109549,robust_return<=0; median_irr<=hurdle,False
48,NVR,6479.39,0.06570259793686549,0.07446597489779382,-0.03976171994017928,0.1536401618920536,0.25,0.12,0.0,0.03976171994017928,0.1597617199401793,0.03976171994017928,0.1597617199401793,3813.6123799959523,6134.888582054337,8230.732726208036,3813.6123799959523,8230.732726208036,False,,-0.05316880415373404,0.67896,1.0,0.10633214091611645,0.9453,-0.04553402510220618,0.67896,valid,,,share_change_floor_hit,,False,ok,False,,"NVR, Inc.",Consumer Cyclical,Residential Construction,general_dcf,17489765592.0,0.9453,0.43890376158831373,0.15018659962693287,0.08834421110633864,0.35055955048197507,0.16300107727747046,0.1571284113498671,0.05334976012067316,-0.4386105831452657,0.007011381627723662,-0.05851037133837722,,8.0,2025.0,ttm,2026-05-06,2026-07-10,True,,,,0.03976171994017928,0.053166070458058226,0.0,0.1597617199401793,-0.1597617199401793,robust_return<=0; median_irr<=hurdle,False
49,LMT,523.22,0.004199703630001779,0.002248340440564817,-0.041906212465255485,0.05420834610413297,0.0,0.12,0.0,0.041906212465255485,0.1619062124652555,0.041906212465255485,0.1619062124652555,300.5662266917658,369.8794728144719,483.87405810166376,300.5662266917658,483.87405810166376,False,,-0.2930708443590232,0.706806,1.0,0.056853099284694224,0.9652,-0.11775165955943517,0.706806,valid,,,forward_roic_floor_hit;reinvestment_cap_hit,,False,ok,False,,Lockheed Martin Corporation,Industrials,Aerospace & Defense,general_dcf,120635490978.0,0.9652,0.24169910069956116,-0.22619799174616526,0.0678594885523104,0.17383961214725074,0.129345407397142,0.09880849364308061,0.04882312670059519,2.063995609220637,0.003921800772520756,-0.04412001399874721,incremental_roic_below_wacc,8.0,2025.0,ttm,2026-04-23,2026-07-10,True,,,,0.041906212465255485,0.028426549642347112,0.0,0.1619062124652555,-0.1619062124652555,robust_return<=0; median_irr<=hurdle,False
50,STZ,134.06,0.10124144352739681,0.11958240800886419,-0.04394448961829764,0.2097454477101565,0.25,0.12,0.0,0.04394448961829764,0.16394448961829763,0.04394448961829764,0.16394448961829763,79.51833817315519,162.9916635291688,235.41717050868323,79.51833817315519,235.41717050868323,False,,0.2158113048572936,0.78615,1.0,0.13326046866422706,0.8291,-0.00041759199113580725,0.78615,valid,,,wacc_floor_hit,,False,ok,False,,"Constellation Brands, Inc.",Consumer Defensive,Beverages - Alcoholic,general_dcf,22898032368.0,0.8291,0.1193747389147867,,0.065,0.0543747389147867,0.32804807294105043,0.32137533538706153,0.017110861284923784,3.1415585588297263,0.006384324275489616,-0.036150883637098064,elevated_leverage,8.0,2026.0,ttm,2026-07-01,2026-07-10,True,,,,0.04394448961829764,0.06663023433211353,0.0,0.16394448961829763,-0.16394448961829763,robust_return<=0; median_irr<=hurdle,False
51,TSCO,30.43,0.026316033967305006,0.03171405512839559,-0.04396816878579554,0.08580419439822438,0.0,0.12,0.0,0.04396816878579554,0.16396816878579554,0.04396816878579554,0.16396816878579554,17.88797112669713,25.09533323729502,32.79594929410459,17.88797112669713,32.79594929410459,False,,-0.17530945654633523,0.656586,1.0,0.07518860159200996,0.842,-0.0882859448716044,0.656586,valid,,,wacc_floor_hit;reinvestment_cap_hit,,False,ok,False,,Tractor Supply Company,Consumer Cyclical,Specialty Retail,general_dcf,15959013500.0,0.842,0.1298717697760939,0.03805267903443068,0.065,0.06487176977609391,0.096563335188451,0.09276439472073225,0.1010940863197809,3.1679429940129578,0.0036757814296607986,-0.019772715036902033,elevated_leverage;incremental_roic_below_wacc,8.0,2025.0,ttm,2026-05-07,2026-07-10,True,,,,0.04396816878579554,0.03759430079600498,0.0,0.16396816878579554,-0.16396816878579554,robust_return<=0; median_irr<=hurdle,False
52,PAYX,107.54,0.0350307842716575,0.04434098682249899,-0.04566305216285397,0.09710421560448598,0.0,0.12,0.0,0.04566305216285397,0.16566305216285396,0.04566305216285397,0.16566305216285396,58.368739474422426,89.48066614275147,113.27880572676969,58.368739474422426,113.27880572676969,False,,-0.16793131725170662,0.893,1.0,0.07459363388366998,0.9848,-0.07565901317750101,0.893,valid,,,,,False,ok,False,,"Paychex, Inc.",Industrials,Staffing & Employment Services,general_dcf,38241224000.0,0.9848,0.2669146749755449,0.11548299094211043,0.08223581808111745,0.18467885689442742,0.39087679209438503,0.3855190417690418,0.08110856046543469,1.1618299414174935,0.01157569672053502,-0.003786515759150011,,8.0,2026.0,ttm,2026-06-24,2026-07-10,True,,,,0.04566305216285397,0.03729681694183499,0.0,0.16566305216285396,-0.16566305216285396,robust_return<=0; median_irr<=hurdle,False
53,HIG,138.78,0.05961579165228767,0.07691376991726506,-0.046631453668531164,0.13126708044315172,0.25,0.12,0.0,0.046631453668531164,0.16663145366853116,0.046631453668531164,0.16663145366853116,109.3027228338788,201.01641973668598,257.1299293288478,109.3027228338788,257.1299293288478,False,,0.44845380989109374,0.6,0.8,0.10694926705584143,0.5437502218826495,-0.04308623008273493,0.48,valid,,,specialist_model_v1,,False,specialist,False,,"The Hartford Insurance Group, Inc.",Financial Services,Insurance - Diversified,insurance,38043875200.0,,,,,,,,,,,,,,,,,2026-07-10,True,274130820.00288224,0.468,Justified P/B residual-income proxy; no regulatory-capital or reserve-detail model,0.046631453668531164,0.053474633527920715,0.0,0.16663145366853116,-0.16663145366853116,robust_return<=0; median_irr<=hurdle,False
54,DG,118.92,0.05253324333170899,0.051650656881975045,-0.04819385582813991,0.15502551539102577,0.25,0.12,0.0,0.04819385582813991,0.1681938558281399,0.04819385582813991,0.1681938558281399,66.52315544897081,106.25639856561222,178.60025833523247,66.52315544897081,178.60025833523247,False,,-0.10648840762182799,0.5347944000000001,1.0,0.11556585360958282,0.6944,-0.06834934311802496,0.5347944000000001,valid,,,forward_roic_floor_hit;wacc_floor_hit;reinvestment_cap_hit,,False,ok,False,,Dollar General Corporation,Consumer Defensive,Discount Stores,general_dcf,26232164061.0,0.6944,0.07596806166822054,-0.2711183121925683,0.065,0.010968061668220536,0.08277072295880822,0.05260713463649922,0.07576117177707786,4.016148906687545,0.001446310315582163,-0.007028310455815645,elevated_leverage;incremental_roic_below_wacc,8.0,2025.0,ttm,2026-06-02,2026-07-10,True,,,,0.04819385582813991,0.05778292680479141,0.0,0.1681938558281399,-0.1681938558281399,robust_return<=0; median_irr<=hurdle,False
55,META,669.21,0.05285804789873512,0.06555184579920026,-0.0523863062226155,0.13271480621915546,0.25,0.12,0.0,0.0523863062226155,0.1723863062226155,0.0523863062226155,0.1723863062226155,324.69844887866316,561.2405559747849,743.0361360261079,324.69844887866316,743.0361360261079,False,,-0.1613386590535334,0.7459,1.0,0.10017355622088549,0.9547,-0.05444815420079974,0.7459,valid,,,,,False,ok,False,,"Meta Platforms, Inc.",Communication Services,Internet Content & Information,general_dcf,1698738180972.0002,0.9547,0.2944559017512747,0.23494255125411584,0.10509633066407753,0.18935957108719714,0.3882502134788519,0.41213139005317195,0.20075970336662885,0.05113074980788231,0.10164405919409253,-0.01732277205233923,heavy_sbc,8.0,2025.0,ttm,2026-04-30,2026-07-10,True,,,,0.0523863062226155,0.050086778110442744,0.0,0.1723863062226155,-0.1723863062226155,robust_return<=0; median_irr<=hurdle,False
56,RMD,203.87,0.03158380554086765,0.04113240038568623,-0.05239400731807106,0.09646442871016918,0.0,0.12,0.0,0.05239400731807106,0.17239400731807106,0.05239400731807106,0.17239400731807106,112.12064267511495,170.6421719659384,216.21410523354132,112.12064267511495,216.21410523354132,False,,-0.16298537319890916,0.895,0.85,0.08207921801412012,0.9669,-0.07886759961431376,0.76075,valid,,,,,False,ok,False,,ResMed Inc.,Healthcare,Medical - Devices,general_dcf,29572645006.0,0.9669,0.27077765352323035,0.2842006080502414,0.08337134897535521,0.18740630454787516,0.276682754846858,0.34282310142188516,0.11915995881196073,-0.3780847543321518,0.017113963106287607,-1.3601648521488485e-05,,8.0,2025.0,ttm,2026-04-30,2026-07-10,True,,,,0.05239400731807106,0.04103960900706006,0.0,0.17239400731807106,-0.17239400731807106,robust_return<=0; median_irr<=hurdle,False
57,GD,375.06,0.05653913081987416,0.06905488397169397,-0.053842457357677606,0.1418892126937863,0.25,0.12,0.0,0.053842457357677606,0.17384245735767762,0.053842457357677606,0.17384245735767762,215.15557820548045,373.71991290094394,509.07500754917305,215.15557820548045,509.07500754917305,False,,-0.003572993918455891,0.8616,1.0,0.10201783502573196,0.8662,-0.05094511602830602,0.8616,valid,,,,,False,ok,False,,General Dynamics Corporation,Industrials,Aerospace & Defense,general_dcf,101427545936.0,0.8662,0.1506532692968267,0.2569839233208686,0.06912471507164,0.0815285542251867,0.10753809667743043,0.10236396074933095,0.054715790973965284,0.6769135227449153,0.0038351915500041914,-0.004899902567511161,,8.0,2025.0,ttm,2026-04-29,2026-07-10,True,,,,0.053842457357677606,0.05100891751286598,0.0,0.17384245735767762,-0.17384245735767762,robust_return<=0; median_irr<=hurdle,False
58,BRO,67.66,0.05397036147964046,0.07207824399051499,-0.05659337298268263,0.1283183309202145,0.25,0.12,0.0,0.05659337298268263,0.17659337298268263,0.05659337298268263,0.17659337298268263,50.562275037921566,95.8218182792207,123.73433047145339,50.562275037921566,123.73433047145339,False,,0.4162255140292743,0.6,0.8,0.11045585195144855,0.5276697514817059,-0.047921756009485006,0.48,valid,,,specialist_model_v1,,False,specialist,False,,"Brown & Brown, Inc.",Financial Services,Insurance - Brokers,insurance,22933221680.0,,,,,,,,,,,,,,,,,2026-07-10,True,338948000.0,0.599,Justified P/B residual-income proxy; no regulatory-capital or reserve-detail model,0.05659337298268263,0.055227925975724276,0.0,0.17659337298268263,-0.17659337298268263,robust_return<=0; median_irr<=hurdle,False
59,KIM,24.88,0.008636947417789198,0.0014679180839809458,-0.05790197550462106,0.08951392900781596,0.0,0.12,0.0,0.05790197550462106,0.17790197550462106,0.05790197550462106,0.17790197550462106,18.46421470648266,25.063145907325893,38.19568565742723,18.46421470648266,38.19568565742723,False,,0.007361169908596921,0.6,0.8,0.0917079522562185,0.736707784998595,-0.11853208191601905,0.48,valid,,,specialist_model_v1,,False,specialist,False,,Kimco Realty Corporation,Real Estate,REIT - Retail,reit,16778823200.0,,,,,,,,,,,,,,,,,2026-07-10,True,674390000.0,0.969,P/AFFO Gordon proxy; no property-level NOI or maintenance-capex detail,0.05790197550462106,0.04585397612810925,0.0,0.17790197550462106,-0.17790197550462106,robust_return<=0; median_irr<=hurdle,False
60,VEEV,190.12,0.007765735771681676,0.013932121277321158,-0.057963559578638496,0.061162260110722885,0.0,0.12,0.0,0.057963559578638496,0.1779635595786385,0.057963559578638496,0.1779635595786385,104.01463331924452,142.65187544442827,174.54812257729637,104.01463331924452,174.54812257729637,False,,-0.24967454531649347,0.72972,0.95,0.06917130984468069,0.963,-0.10606787872267884,0.693234,valid,,,forward_roic_cap_hit,,False,ok,False,,Veeva Systems Inc.,Healthcare,Medical - Healthcare Information Services,general_dcf,30883718485.0,0.963,9.082956009376781,2.3158502216989403,0.09259807864562851,8.990357930731152,0.2581749952379913,0.2879442012812664,0.2057893393406618,-7.174425570449095,0.0,0.007236486671113429,,8.0,2026.0,ttm,2026-06-05,2026-07-10,True,,,,0.057963559578638496,0.03458565492234034,0.0,0.1779635595786385,-0.1779635595786385,robust_return<=0; median_irr<=hurdle,False
61,JKHY,150.32,0.02577590588916795,0.03610697204130706,-0.05897343091201034,0.08986311038606801,0.0,0.12,0.0,0.05897343091201034,0.17897343091201035,0.05897343091201034,0.17897343091201035,82.70926417781814,127.54102618583961,160.6777864631529,82.70926417781814,160.6777864631529,False,,-0.1515365474598216,0.9253,1.0,0.07665927064903917,0.9852,-0.08389302795869294,0.9253,valid,,,,,False,ok,False,,"Jack Henry & Associates, Inc.",Technology,Information Technology Services,general_dcf,10680356256.0,0.9852,0.23084539916000513,0.22769864648284072,0.07392439957329841,0.15692099958670672,0.22906459806807788,0.2599518461940248,0.06419713505886548,0.08034156186208843,0.013032019689981193,-0.006887635794286973,,8.0,2025.0,ttm,2026-05-07,2026-07-10,True,,,,0.05897343091201034,0.038329635324519586,0.0,0.17897343091201035,-0.17897343091201035,robust_return<=0; median_irr<=hurdle,False
62,CL,92.24,0.059125464322278304,0.07478690794669095,-0.05909778311615807,0.1460258245118894,0.25,0.12,0.0,0.05909778311615807,0.17909778311615807,0.05909778311615807,0.17909778311615807,51.36671783039336,94.07820927666022,126.46773864499829,51.36671783039336,126.46773864499829,False,,0.019928548099091836,0.9173,1.0,0.10504280381402373,0.9792,-0.04521309205330905,0.9173,valid,,,,,False,ok,False,,Colgate-Palmolive Company,Consumer Defensive,Household & Personal Products,general_dcf,73809461954.0,0.9792,0.4926913679182282,,0.06813879319498298,0.42455257472324526,0.22055648565468225,0.21207020918490022,0.03947009967583437,1.298335974643423,0.006270236932723441,-0.013575610736816568,,8.0,2025.0,ttm,2026-03-31,2026-07-10,True,,,,0.05909778311615807,0.052521401907011864,0.0,0.17909778311615807,-0.17909778311615807,robust_return<=0; median_irr<=hurdle,False
63,HRL,24.73,0.005884822312509667,0.0010590426623821535,-0.05987356209661809,0.08129476602189245,0.0,0.12,0.0,0.05987356209661809,0.1798735620966181,0.05987356209661809,0.1798735620966181,13.743106584631732,17.47690484871307,26.258840251392087,13.743106584631732,26.258840251392087,False,,-0.29329135266020745,0.6025590000000001,1.0,0.08250739405925527,0.6897,-0.11894095733761784,0.6025590000000001,valid,,,forward_roic_floor_hit;reinvestment_cap_hit,,False,ok,False,,Hormel Foods Corporation,Consumer Defensive,Packaged Foods,general_dcf,13609289272.137054,0.6897,0.056166924608703754,-0.8173585816308039,0.06670954216664912,-0.010542617557945368,0.1019744015582596,0.05751382294355734,0.0345289804796276,2.052479806562443,0.0019489468699114664,0.0007539661826108102,incremental_roic_below_wacc,8.0,2025.0,ttm,2026-05-28,2026-07-10,True,,,,0.05987356209661809,0.04125369702962763,0.0,0.1798735620966181,-0.1798735620966181,robust_return<=0; median_irr<=hurdle,False
64,ULTA,469.2,0.07000622663617834,0.08047122870193563,-0.062182624868000844,0.18126507400884295,0.25,0.12,0.0,0.062182624868000844,0.18218262486800085,0.062182624868000844,0.18218262486800085,240.42397622314152,449.237765100753,673.6495346773423,240.42397622314152,673.6495346773423,False,,-0.042545257671029346,0.5637599999999999,1.0,0.1348110494384219,0.9296,-0.03952877129806437,0.5637599999999999,valid,,,share_change_floor_hit,,False,ok,False,,"Ulta Beauty, Inc.",Consumer Cyclical,Specialty Retail,general_dcf,20170584721.0,0.9296,0.26004953487698196,0.14727490186479877,0.08509912111808089,0.17495041375890108,0.13493027782983869,0.1253874826786567,0.09144740440932342,1.0514073036716398,0.003787917016580005,-0.05282726615963795,cyclical_revenue,8.0,2025.0,ttm,2026-06-02,2026-07-10,True,,,,0.062182624868000844,0.06740552471921095,0.0,0.18218262486800085,-0.18218262486800085,robust_return<=0; median_irr<=hurdle,False
65,KDP,31.67,0.13604964254191146,0.16099238467868418,-0.082856822386384,0.3050706231966615,0.75,0.12,0.25,0.082856822386384,0.202856822386384,0.082856822386384,0.202856822386384,13.503917974998528,48.00794542948736,88.938494667616,13.503917974998528,88.938494667616,False,,0.515880815582171,0.4823064,1.0,0.20949453079152275,0.5562,0.040992384678684185,0.4823064,valid,,,base_growth_cap_hit;wacc_floor_hit;reinvestment_cap_hit,,False,ok,False,,Keurig Dr Pepper Inc.,Consumer Defensive,Beverages - Non-Alcoholic,general_dcf,43088918447.0,0.5562,0.0548537827757298,0.19519455993230328,0.065,-0.010146217224270206,0.2147024553505525,0.2129367327667611,0.12146383175230757,5.922415851038434,0.006383948928408573,-0.01535533550693835,elevated_leverage;thin_interest_coverage;cyclical_revenue,8.0,2025.0,ttm,2026-04-23,2026-07-10,True,,,,0.082856822386384,0.10474726539576137,0.125,0.202856822386384,-0.18308593290459269,robust_return<=0,False
66,CLX,96.56,0.10291388913319682,0.12461588057340126,-0.06718682163627816,0.22961061702226296,0.75,0.12,0.0,0.06718682163627816,0.18718682163627814,0.06718682163627816,0.18718682163627814,51.84227579350758,121.26301871468613,184.1587424820061,51.84227579350758,184.1587424820061,False,,0.2558307654793508,0.8093,1.0,0.15411971932927057,0.936,0.00461588057340126,0.8093,valid,,,,,False,ok,False,,The Clorox Company,Consumer Defensive,Household & Personal Products,general_dcf,11676131760.0,0.936,0.2552891596695252,,0.06521663030577497,0.19007252936375024,0.16627615240393642,0.15680473372781065,0.021432522079732008,2.5653188180404354,0.010432821091216692,-0.00573336662121704,,8.0,2025.0,ttm,2026-04-30,2026-07-10,True,,,,0.06718682163627816,0.07705985966463529,0.0,0.18718682163627814,-0.1834511894882245,robust_return<=0,False
67,HSY,173.66,-0.00959874246982506,-0.011912824958562822,-0.06632843258266802,0.051759112620493423,0.0,0.12,0.0,0.06632843258266802,0.186328432582668,0.06632843258266802,0.186328432582668,90.37541061031281,114.21741040504119,158.82979845445942,90.37541061031281,158.82979845445942,False,,-0.3422929263788944,0.655209,0.85,0.07388750260158072,0.8422,-0.13191282495856282,0.55692765,valid,,,forward_roic_floor_hit;reinvestment_cap_hit,,False,ok,False,,The Hershey Company,Consumer Defensive,Food Confectioners,general_dcf,35225779461.0,0.8422,0.15424605174584108,-0.4027921326222956,0.06801422931260014,0.08623182243324094,0.21786215855119656,0.14080405132911095,0.05971136737461946,2.0316431247126587,0.005598424162477114,-0.003725755580062051,incremental_roic_below_wacc,8.0,2025.0,ttm,2026-04-30,2026-07-10,True,,,,0.06632843258266802,0.03694375130079036,0.0,0.186328432582668,-0.186328432582668,robust_return<=0; median_irr<=hurdle,False
68,SWKS,60.38,0.06872952620033176,0.09437105894321578,-0.06665294312406328,0.15282893003895878,0.25,0.12,0.0,0.06665294312406328,0.18665294312406328,0.06665294312406328,0.18665294312406328,28.910780080568003,56.1080541280989,71.11036591026071,28.910780080568003,71.11036591026071,False,,-0.07075100814675561,0.44172,1.0,0.12648933658151104,0.6714,-0.02562894105678422,0.44172,valid,,,reinvestment_cap_hit,,False,ok,False,,"Skyworks Solutions, Inc.",Technology,Semiconductors,general_dcf,9081514280.0,0.6714,0.06385357176294354,,0.1139323217741881,-0.050078750011244566,0.27206351044866306,0.09368741191306283,0.007895169321973539,-0.5052881758764112,0.04315461943513643,-0.026626326824619295,cyclical_revenue,8.0,2025.0,ttm,2026-05-05,2026-07-10,True,,,,0.06665294312406328,0.06324466829075552,0.0,0.18665294312406328,-0.18665294312406328,robust_return<=0; median_irr<=hurdle,False
69,SNA,401.94,0.013605822907266,0.021938285630312773,-0.06870861450588558,0.07925533487432404,0.0,0.12,0.0,0.06870861450588558,0.18870861450588558,0.06870861450588558,0.18870861450588558,210.41635198442765,314.95811477553787,401.8342607325988,210.41635198442765,401.8342607325988,False,,-0.2164051480929048,0.8254,0.85,0.08371997469010481,0.9142,-0.09806171436968722,0.70159,valid,,,,,False,ok,False,,Snap-on Incorporated,Industrials,Manufacturing - Tools & Accessories,general_dcf,20821262117.0,0.9142,0.1826697670219214,0.16516481002067349,0.07957332709485636,0.10309643992706503,0.2560587847667042,0.2575008242664029,0.046911038224504376,-0.20915720095358295,0.005598621877691645,-0.007435219273921656,,8.0,2025.0,annual,2026-02-12,2026-07-10,True,,,,0.06870861450588558,0.041859987345052405,0.0,0.18870861450588558,-0.18870861450588558,robust_return<=0; median_irr<=hurdle,False
70,WRB,72.19,0.01964394070360781,0.03425211049256971,-0.06871680524318613,0.07878834707247795,0.0,0.12,0.0,0.06871680524318613,0.18871680524318613,0.06871680524318613,0.18871680524318613,50.56917542864454,85.42974710910565,105.4771228658396,50.56917542864454,105.4771228658396,False,,0.18340140059711385,0.6,0.8,0.09175257615783203,0.591938723218514,-0.08574788950743029,0.48,valid,,,specialist_model_v1,,False,specialist,False,,W. R. Berkley Corporation,Financial Services,Insurance - Property & Casualty,insurance,26874676630.0,,,,,,,,,,,,,,,,,2026-07-10,True,372277000.0,0.293,Justified P/B residual-income proxy; no regulatory-capital or reserve-detail model,0.06871680524318613,0.045876288078916014,0.0,0.18871680524318613,-0.18871680524318613,robust_return<=0; median_irr<=hurdle,False
71,AOS,60.44,0.005492232189863014,0.011992705077864258,-0.07699500892776992,0.07497852753149346,0.0,0.12,0.0,0.07699500892776992,0.19699500892776992,0.07699500892776992,0.19699500892776992,28.1520140534931,42.046704701941366,53.847774646896866,28.1520140534931,53.847774646896866,False,,-0.3043232180353844,0.8203,1.0,0.08137776822963168,0.9531,-0.10800729492213573,0.8203,valid,,,,,False,ok,False,,A. O. Smith Corporation,Industrials,Industrial - Machinery,general_dcf,8443878690.0,0.9531,0.23595830407238708,0.2108640304651065,0.0992018256205614,0.13675647845182567,0.17426573959201086,0.18547181195729165,0.026568913605153677,0.5690934238652081,0.0036029450159260614,-0.03689098878566355,,8.0,2025.0,ttm,2026-04-30,2026-07-10,True,,,,0.07699500892776992,0.04068888411481584,0.0,0.19699500892776992,-0.19699500892776992,robust_return<=0; median_irr<=hurdle,False
72,GEHC,64.7,0.01956229443894702,0.03013238908024507,-0.07789444708032531,0.09587884667562324,0.0,0.12,0.25,0.07789444708032531,0.1978944470803253,0.07789444708032531,0.1978944470803253,30.644325572809908,50.41283155041139,68.2382115574579,30.644325572809908,68.2382115574579,False,,-0.22082176892718097,0.8666,0.95,0.09238864687797427,0.6504,-0.08986761091975493,0.82327,valid,,,,,False,ok,False,,GE HealthCare Technologies Inc.,Healthcare,Medical - Healthcare Information Services,general_dcf,29431498554.0,0.6504,0.10203341077046901,,0.07687152401049657,0.02516188675997244,0.13391515151515151,0.12458654906284454,0.036502995670744776,2.825212947189097,0.006303030303030303,0.002252164158787817,,7.0,2025.0,ttm,2026-04-29,2026-07-10,True,,,,0.07789444708032531,0.046194323438987134,0.125,0.1978944470803253,-0.1978944470803253,robust_return<=0; median_irr<=hurdle,False
73,YUM,163.54,0.07303827290234041,0.0939558611396933,-0.07865473741258026,0.1828961067425553,0.25,0.12,0.25,0.07865473741258026,0.19865473741258027,0.07865473741258026,0.19865473741258027,80.65342130590446,179.28939962965848,260.78683828404183,80.65342130590446,260.78683828404183,False,,0.09630304286204283,0.8471,1.0,0.1353624220775678,0.9664,-0.026044138860306695,0.8471,valid,,,,,False,ok,False,,"Yum! Brands, Inc.",Consumer Cyclical,Restaurants,general_dcf,45075091375.0,0.9664,0.5756180142001835,0.5520743240101674,0.06907723526387634,0.5065407789363072,0.32226093622302104,0.3146729522687095,0.05389975012472825,3.896575579384296,0.009140283481255795,-0.012806997138931409,elevated_leverage,8.0,2025.0,ttm,2026-05-06,2026-07-10,True,,,,0.07865473741258026,0.0676812110387839,0.125,0.19865473741258027,-0.19865473741258027,robust_return<=0; median_irr<=hurdle,False
74,BIIB,199.15,0.03265117947448745,0.053416695899795766,-0.08425789228349456,0.10802921838185285,0.0,0.12,0.25,0.08425789228349456,0.20425789228349456,0.08425789228349456,0.20425789228349456,99.67932082829542,186.76042248058184,240.88509565165882,99.67932082829542,240.88509565165882,False,,-0.06221228982886351,0.545535,1.0,0.10977750533267372,0.6394,-0.06658330410020423,0.545535,valid,,,forward_roic_floor_hit;reinvestment_cap_hit,,False,ok,False,,Biogen Inc.,Healthcare,Drug Manufacturers - General,general_dcf,29401908550.0,0.6394,0.0623382006553154,-0.11553738708399777,0.06707270407663662,-0.004734503421321222,0.2706785477390644,0.15646113579645748,-0.04410238223859042,0.9726039088503883,0.029641408272684647,0.005449698886245358,incremental_roic_below_wacc,8.0,2025.0,ttm,2026-04-29,2026-07-10,True,,,,0.08425789228349456,0.05488875266633686,0.125,0.20425789228349456,-0.20425789228349456,robust_return<=0; median_irr<=hurdle,False
75,COR,303.44,0.03946930386555325,0.05606273245648483,-0.08540822151844621,0.13115997206768953,0.25,0.12,0.25,0.08540822151844621,0.2054082215184462,0.08540822151844621,0.2054082215184462,145.2863401458367,281.03378563332126,383.82363718961426,145.2863401458367,383.82363718961426,False,,-0.0738406748176863,0.9128,1.0,0.11090009679306788,0.973,-0.06393726754351517,0.9128,valid,,,,,False,ok,False,,"Cencora, Inc.",Healthcare,Medical - Distribution,general_dcf,59037608046.0,0.973,0.23676178645995674,0.5179923594370694,0.06972720229518359,0.16703458416477315,0.010527337797762354,0.012782797158055408,0.097128283927292,1.9227698549026733,0.0004753495006402461,-0.025629562300649278,,8.0,2025.0,ttm,2026-05-06,2026-07-10,True,,,,0.08540822151844621,0.05545004839653394,0.125,0.2054082215184462,-0.2054082215184462,robust_return<=0; median_irr<=hurdle,False
76,BBY,82.8,-0.055730853966088,-0.05523545229807492,-0.08556620887247841,-0.026886302395723732,0.0,0.12,0.25,0.08556620887247841,0.2055662088724784,0.08556620887247841,0.2055662088724784,36.281080328371345,38.909713887459844,40.93252881749555,36.281080328371345,40.93252881749555,False,,-0.5300759192335767,0.656829,1.0,0.03963508323837734,0.9551,-0.1752354522980749,0.656829,valid,,,forward_roic_floor_hit;reinvestment_cap_hit,,False,ok,False,,"Best Buy Co., Inc.",Consumer Cyclical,Specialty Retail,general_dcf,17451507600.0,0.9551,0.2511492854795664,-0.7173123244092846,0.0995764750281425,0.1515728104514239,0.043143110587273464,0.04259436215957955,-0.004005800635851875,0.915286869464767,0.0033370155573966675,-0.02173620837992507,incremental_roic_below_wacc,8.0,2026.0,ttm,2026-06-05,2026-07-10,True,,,,0.08556620887247841,0.01981754161918867,0.125,0.2055662088724784,-0.2055662088724784,robust_return<=0; median_irr<=hurdle,False
77,DHI,151.58,-0.019507430527301008,-0.029219689973979227,-0.08591933755087663,0.06632899538963105,0.0,0.12,0.25,0.08591933755087663,0.20591933755087663,0.08591933755087663,0.20591933755087663,65.37136540015776,72.84218316935667,122.30037887921013,65.37136540015776,122.30037887921013,False,,-0.519447267651691,0.46233180000000007,1.0,0.09225421247025384,0.6823,-0.14921968997397922,0.46233180000000007,valid,,,forward_roic_floor_hit;share_change_floor_hit;reinvestment_cap_hit,,False,ok,False,,"D.R. Horton, Inc.",Consumer Cyclical,Residential Construction,general_dcf,42984997738.99999,0.6823,0.10598139767609463,-0.07310092748107339,0.1047303796580168,0.0012510180180778235,0.15579730005557357,0.11755286610452076,0.11418597975037237,1.1532294097204985,0.003209117044460265,-0.0660906060779104,incremental_roic_below_wacc,8.0,2025.0,ttm,2026-04-23,2026-07-10,True,,,,0.08591933755087663,0.04612710623512692,0.125,0.20591933755087663,-0.20591933755087663,robust_return<=0; median_irr<=hurdle,False
78,NKE,44.37,-0.04329273916373492,-0.04850228668656198,-0.08667355664074416,0.01050717335892844,0.0,0.12,0.25,0.08667355664074416,0.20667355664074416,0.08667355664074416,0.20667355664074416,20.084461410431135,21.748293269126606,29.04863239267958,20.084461410431135,29.04863239267958,False,,-0.5098423874436194,0.588951,1.0,0.0609218349998363,0.8411,-0.16850228668656198,0.588951,valid,,,forward_roic_floor_hit;reinvestment_cap_hit,,False,ok,False,,"NIKE, Inc.",Consumer Cyclical,Apparel - Footwear & Accessories,general_dcf,65659224053.0,0.8411,0.1903205635142238,-1.2394377554731943,0.09469264801487107,0.09562791549935273,0.11874099658327855,0.0819000819000819,0.024685360359247177,0.4607257694074414,0.015310198881426937,-0.01880382435635297,incremental_roic_below_wacc,8.0,2026.0,ttm,2026-06-30,2026-07-10,True,,,,0.08667355664074416,0.03046091749991815,0.125,0.20667355664074416,-0.20667355664074416,robust_return<=0; median_irr<=hurdle,False
79,RSG,219.2,0.006233222498121929,0.016904244525358103,-0.08732268985186234,0.07844709079363385,0.0,0.12,0.25,0.08732268985186234,0.20732268985186234,0.08732268985186234,0.20732268985186234,106.97117131746799,173.32426533866385,226.78564340109196,106.97117131746799,226.78564340109196,False,,-0.20928711068127803,0.8645,1.0,0.0869498903227481,0.9818,-0.10309575547464189,0.8645,valid,,,,,False,ok,False,,"Republic Services, Inc.",Industrials,Waste Management,general_dcf,67439967870.0,0.9818,0.22720087111398243,,0.07043301271524574,0.1567678583987367,0.1819383189583541,0.20047918538484577,0.0743948770161611,0.02582469368520264,0.002619760479041916,-0.00846042704530936,,8.0,2025.0,ttm,2026-05-08,2026-07-10,True,,,,0.08732268985186234,0.04347494516137405,0.125,0.20732268985186234,-0.20732268985186234,robust_return<=0; median_irr<=hurdle,False
80,DLR,180.41,-0.024629019622752463,-0.0036623937671629303,-0.08752889718952106,-0.0036623937671629303,0.0,0.12,0.25,0.08752889718952106,0.20752889718952106,0.08752889718952106,0.20752889718952106,114.11853941259933,177.1304478640258,177.1304478640258,114.11853941259933,177.1304478640258,False,,-0.018178327897423685,0.6,0.8,0.05993325171117906,0.6442626933354927,-0.12366239376716293,0.48,valid,,,specialist_model_v1,,False,specialist,False,,"Digital Realty Trust, Inc.",Real Estate,REIT - Industrial,reit,64526523060.0,,,,,,,,,,,,,,,,,2026-07-10,True,357666000.0,1.053,P/AFFO Gordon proxy; no property-level NOI or maintenance-capex detail,0.08752889718952106,0.02996662585558953,0.125,0.20752889718952106,-0.20752889718952106,robust_return<=0; median_irr<=hurdle,False
81,CCI,79.66,-0.07889012467261888,-0.08879151030928345,-0.08879151030928345,-0.04918596776262518,0.0,0.12,0.75,0.08879151030928345,0.20879151030928345,0.08879151030928345,0.20879151030928345,50.04135824980863,50.04135824980863,61.903929027775746,50.04135824980863,61.903929027775746,False,,-0.3718132280968035,0.6,0.8,0.03780277127332913,1.0,-0.20879151030928345,0.48,valid,,,specialist_model_v1,,False,specialist,False,,Crown Castle Inc.,Real Estate,REIT - Specialty,reit,34767764966.0,,,,,,,,,,,,,,,,,2026-07-10,True,436451983.0027618,0.972,P/AFFO Gordon proxy; no property-level NOI or maintenance-capex detail,0.08879151030928345,0.018901385636664565,0.375,0.20879151030928345,-0.20879151030928345,robust_return<=0; median_irr<=hurdle,False
82,BMY,57.58,0.11280607882945334,0.1378851108020172,-0.10105779061559586,0.27651188432937485,0.75,0.12,0.25,0.10105779061559586,0.22105779061559586,0.10105779061559586,0.22105779061559586,26.697401861077225,77.24046732662435,136.310750559167,26.697401861077225,136.310750559167,False,,0.34144611543286474,0.48384,1.0,0.20426963747248536,0.8828,0.017885110802017212,0.48384,valid,,,wacc_floor_hit,,False,ok,False,,Bristol-Myers Squibb Company,Healthcare,Drug Manufacturers - General,general_dcf,117582390600.0,0.8828,0.1901788524522589,,0.065,0.1251788524522589,0.20325958745177736,0.2567138319376263,0.11452717234836363,2.1182118585946754,0.011474457401336267,-0.016179757587517773,cyclical_revenue,8.0,2025.0,ttm,2026-04-30,2026-07-10,True,,,,0.10105779061559586,0.10213481873624268,0.125,0.22105779061559586,-0.21240425860514786,robust_return<=0,False
83,ORLY,86.28,0.012785862747114175,0.026203972951043424,-0.09345978247583842,0.09219528756220827,0.0,0.12,0.25,0.09345978247583842,0.2134597824758384,0.09345978247583842,0.2134597824758384,39.60270972510525,70.87197090459284,94.07501317696847,39.60270972510525,94.07501317696847,False,,-0.17858170022493225,0.9176,1.0,0.09529953501902334,0.9852,-0.09379602704895657,0.9176,valid,,,,,False,ok,False,,"O'Reilly Automotive, Inc.",Consumer Cyclical,Specialty Retail,general_dcf,71501537016.0,0.9852,0.37451865338884893,0.19740063058460058,0.06863717353926915,0.3058814798495798,0.19813277759802017,0.19558556877559755,0.09309116056016165,2.0754814848813536,0.0017398535945232336,-0.031709650607369966,,8.0,2025.0,ttm,2026-05-08,2026-07-10,True,,,,0.09345978247583842,0.04764976750951167,0.125,0.2134597824758384,-0.2134597824758384,robust_return<=0; median_irr<=hurdle,False
84,MTB,242.34,0.008601382141464525,0.026565290011782317,-0.09473183594213397,0.07600678448442744,0.0,0.12,0.25,0.09473183594213397,0.21473183594213396,0.09473183594213397,0.21473183594213396,147.33683679984938,276.28543014808724,349.54263186377403,147.33683679984938,349.54263186377403,False,,0.14007357492814743,0.6,0.8,0.10336931021328069,0.5332776206145861,-0.09343470998821768,0.48,valid,,,specialist_model_v1,,False,specialist,False,,M&T Bank Corporation,Financial Services,Banks - Regional,bank,35489495840.0,,,,,,,,,,,,,,,,,2026-07-10,True,146445059.99834943,0.569,Justified P/B residual-income proxy; no regulatory-capital or reserve-detail model,0.09473183594213397,0.051684655106640345,0.125,0.21473183594213396,-0.21473183594213396,robust_return<=0; median_irr<=hurdle,False
85,AVY,160.71,-0.021730817898060167,-0.013809222000418205,-0.09585689294326583,0.03655206535186156,0.0,0.12,0.25,0.09585689294326583,0.21585689294326582,0.09585689294326583,0.21585689294326582,69.69102117830658,100.72344237378142,127.137495052344,69.69102117830658,127.137495052344,False,,-0.3732596454870175,0.8279,1.0,0.0713674791475637,0.8489,-0.1338092220004182,0.8279,valid,,,,,False,ok,False,,Avery Dennison Corporation,Consumer Cyclical,Packaging & Containers,general_dcf,12292772184.0,0.8489,0.14469532757525053,0.0533767593904854,0.07717605940137671,0.06751926817387381,0.12112797327355174,0.12449892845642205,0.03084742229791626,2.424055406980731,0.0031505843825870928,-0.02154775086462868,incremental_roic_below_wacc,8.0,2025.0,ttm,2026-05-05,2026-07-10,True,,,,0.09585689294326583,0.03568373957378185,0.125,0.21585689294326582,-0.21585689294326582,robust_return<=0; median_irr<=hurdle,False
86,MSFT,385.1,-0.025728773251466882,-0.018767033099720686,-0.09641807444568254,0.031037047639256368,0.0,0.12,0.25,0.09641807444568254,0.21641807444568253,0.09641807444568254,0.21641807444568253,152.66092703596593,225.457045305191,282.90672541204975,152.66092703596593,282.90672541204975,False,,-0.41454935002547133,0.8866,1.0,0.06712956104246946,0.9665,-0.1387670330997207,0.8866,valid,,,,,False,ok,False,,Microsoft Corporation,Technology,Software - Infrastructure,general_dcf,2860688393000.0,0.9665,0.26765942539591014,0.18198460153252746,0.09992230928870727,0.16773711610720288,0.416838797545377,0.4680164512855316,0.14325890661039442,0.2448776131182952,0.04379043904667879,-0.004217586191098577,,8.0,2025.0,ttm,2026-04-29,2026-07-10,True,,,,0.09641807444568254,0.03356478052123473,0.125,0.21641807444568253,-0.21641807444568253,robust_return<=0; median_irr<=hurdle,False
87,MRSH,178.31,-0.038834737219725246,-0.02037903733029922,-0.10154271766227418,-0.013038156556028357,0.0,0.12,0.25,0.10154271766227418,0.22154271766227418,0.10154271766227418,0.22154271766227418,104.39095383059384,160.86666174833078,166.9850206092289,104.39095383059384,166.9850206092289,False,,-0.09782591134355456,0.6,0.8,0.06225228055312291,0.6489284522725358,-0.14037903733029922,0.48,valid,,,specialist_model_v1,,False,specialist,False,,"Marsh & McLennan Companies, Inc.",Financial Services,Insurance - Brokers,insurance,85908866450.0,,,,,,,,,,,,,,,,,2026-07-10,True,481795000.0,0.603,Justified P/B residual-income proxy; no regulatory-capital or reserve-detail model,0.10154271766227418,0.031126140276561454,0.125,0.22154271766227418,-0.22154271766227418,robust_return<=0; median_irr<=hurdle,False
88,ADP,241.92,-0.015118337696912905,-0.005206463340437012,-0.10217117013235108,0.05211074602557349,0.0,0.12,0.25,0.10217117013235108,0.22217117013235108,0.10217117013235108,0.22217117013235108,102.80108683971112,163.2357738759459,208.98591088315302,102.80108683971112,208.98591088315302,False,,-0.3252489505789272,0.81504,1.0,0.0826897580789623,0.9696,-0.125206463340437,0.81504,valid,,,forward_roic_cap_hit,,False,ok,False,,"Automatic Data Processing, Inc.",Industrials,Staffing & Employment Services,general_dcf,96703717501.0,0.9696,0.4302288063895208,1.6727003162548022,0.08590542800570938,0.34432337838381144,0.22604047931542276,0.19199092613596908,0.06389343834085914,0.21501974691706294,0.012680574505535709,-0.015108784872464032,,8.0,2025.0,ttm,2026-04-30,2026-07-10,True,,,,0.10217117013235108,0.04134487903948115,0.125,0.22217117013235108,-0.22217117013235108,robust_return<=0; median_irr<=hurdle,False
89,PG,147.04,0.018677048933750506,0.031372807244770255,-0.10241418432851786,0.11437676557397937,0.0,0.12,0.25,0.10241418432851786,0.22241418432851784,0.10241418432851786,0.22241418432851784,66.629922108268,124.55671721805668,177.20777030923963,66.629922108268,177.20777030923963,False,,-0.1529058948717581,0.837,1.0,0.11328547495124862,0.9095,-0.08862719275522973,0.837,valid,,,,,False,ok,False,,The Procter & Gamble Company,Consumer Defensive,Household & Personal Products,general_dcf,342397193725.0,0.9095,0.2036508111217449,0.2194914528090526,0.06844489350516386,0.13520591761658105,0.22124866058976383,0.23239696487465117,0.03369968261776646,1.0644161212538752,0.0066458551813281955,-0.01636116975751145,,8.0,2025.0,ttm,2026-04-24,2026-07-10,True,,,,0.10241418432851786,0.05664273747562431,0.125,0.22241418432851784,-0.22241418432851784,robust_return<=0; median_irr<=hurdle,False
90,INCY,116.71,0.031267196268891004,0.03959631321486089,-0.10350087009137494,0.1493770287372172,0.25,0.12,0.25,0.10350087009137494,0.22350087009137493,0.10350087009137494,0.22350087009137493,53.15642857870213,100.01812520140484,152.7631234470078,53.15642857870213,152.7631234470078,False,,-0.14302009081137135,0.66411,1.0,0.13651564941429606,0.813,-0.08040368678513911,0.66411,valid,,,forward_roic_cap_hit,,False,ok,False,,Incyte Corporation,Healthcare,Biotechnology,general_dcf,23316575310.0,0.813,0.713941769836407,3.085292852414928,0.0834468988550772,0.6304948709813298,0.17580748591964146,0.27051643157458843,0.15439286151799103,-2.5773950303242135,0.05841707369936918,-0.026171866110031528,heavy_sbc;peak_cycle_margins,8.0,2025.0,ttm,2026-04-28,2026-07-10,True,,,,0.10350087009137494,0.06825782470714803,0.125,0.22350087009137493,-0.22350087009137493,robust_return<=0; median_irr<=hurdle,False
91,DPZ,299.46,0.04988458916668608,0.07383358105726075,-0.10427467308909394,0.15614586764131677,0.25,0.12,0.25,0.10427467308909394,0.22427467308909393,0.10427467308909394,0.22427467308909393,117.18163382905398,275.71201786096253,394.5066010080075,117.18163382905398,394.5066010080075,False,,-0.0793026852969928,0.8114399999999999,1.0,0.13586707036520534,0.9859,-0.04616641894273925,0.8114399999999999,valid,,,forward_roic_cap_hit,,False,ok,False,,"Domino's Pizza, Inc.",Consumer Cyclical,Restaurants,general_dcf,9960608275.0,0.9859,0.7953510962735598,,0.07899953631246123,0.7163515599610986,0.17766900952576264,0.19588967189524945,0.05337097893699405,4.607327781442702,0.009036448222406748,-0.02150386947508398,elevated_leverage;thin_interest_coverage,8.0,2025.0,ttm,2026-04-27,2026-07-10,True,,,,0.10427467308909394,0.06793353518260267,0.125,0.22427467308909393,-0.22427467308909393,robust_return<=0; median_irr<=hurdle,False
92,MAA,135.25,-0.09405079410958969,-0.10498049900227235,-0.10498049900227235,-0.061261679431541705,0.0,0.12,0.75,0.10498049900227235,0.22498049900227235,0.10498049900227235,0.22498049900227235,77.67830916884404,77.67830916884404,98.59616146368955,77.67830916884404,98.59616146368955,False,,-0.42566869376085736,0.6,0.8,0.03985940978536532,1.0,-0.22498049900227235,0.48,valid,,,specialist_model_v1,,False,specialist,False,,"Mid-America Apartment Communities, Inc.",Real Estate,REIT - Residential,reit,15741044471.0,,,,,,,,,,,,,,,,,2026-07-10,True,116384802.00369686,0.728,P/AFFO Gordon proxy; no property-level NOI or maintenance-capex detail,0.10498049900227235,0.01992970489268266,0.375,0.22498049900227235,-0.22498049900227235,robust_return<=0; median_irr<=hurdle,False
93,DOC,21.65,-0.09740463923571396,-0.10697203199726402,-0.10697203199726402,-0.0687024609510638,0.0,0.12,0.75,0.10697203199726402,0.226972031997264,0.10697203199726402,0.226972031997264,12.296547811198364,12.296547811198364,15.167017133236449,12.296547811198364,15.167017133236449,False,,-0.43203012419407094,0.6,0.8,0.0371347855231001,1.0,-0.226972031997264,0.48,valid,,,specialist_model_v1,,False,specialist,False,,"Healthpeak Properties, Inc.",Real Estate,REIT - Healthcare Facilities,reit,14925942999.999998,,,,,,,,,,,,,,,,,2026-07-10,True,689420000.0,1.004,P/AFFO Gordon proxy; no property-level NOI or maintenance-capex detail,0.10697203199726402,0.01856739276155005,0.375,0.226972031997264,-0.226972031997264,robust_return<=0; median_irr<=hurdle,False
94,VTR,90.66,-0.011188468034193766,0.02081826302922063,-0.10720866122443695,0.02081826302922063,0.0,0.12,0.25,0.10720866122443695,0.22720866122443695,0.10720866122443695,0.22720866122443695,51.42396467098547,100.49810456254518,100.49810456254518,51.42396467098547,100.49810456254518,False,,0.1085164853578775,0.6,0.8,0.08201346212682878,0.5116908910354789,-0.09918173697077937,0.48,valid,,,specialist_model_v1,,False,specialist,False,,"Ventas, Inc.",Real Estate,REIT - Healthcare Facilities,reit,44076147086.77004,,,,,,,,,,,,,,,,,2026-07-10,True,486169722.9954781,0.724,P/AFFO Gordon proxy; no property-level NOI or maintenance-capex detail,0.10720866122443695,0.04100673106341439,0.125,0.22720866122443695,-0.22720866122443695,robust_return<=0; median_irr<=hurdle,False
95,PM,181.62,-0.002827646747027731,0.010446388815762505,-0.10828798641741738,0.07608462179778144,0.0,0.12,0.25,0.10828798641741738,0.22828798641741738,0.10828798641741738,0.22828798641741738,78.43074752766213,139.48101466346486,188.86463947494238,78.43074752766213,188.86463947494238,False,,-0.23201731822781158,0.883,1.0,0.09569630410759941,0.9783,-0.1095536111842375,0.883,valid,,,,,False,ok,False,,Philip Morris International Inc.,Consumer Defensive,Tobacco,general_dcf,283065457611.0,0.9783,0.3218184560068495,0.0740186415125545,0.06701762489648873,0.2548008311103608,0.375011668771804,0.3683030872677319,0.046226778751697895,2.686503351051537,0.0,0.0023186132197321463,,8.0,2025.0,ttm,2026-04-24,2026-07-10,True,,,,0.10828798641741738,0.047848152053799706,0.125,0.22828798641741738,-0.22828798641741738,robust_return<=0; median_irr<=hurdle,False
96,AMGN,363.39,0.03425552925073137,0.05022044108918637,-0.1084465524429106,0.14502778726746335,0.25,0.12,0.25,0.1084465524429106,0.2284465524429106,0.1084465524429106,0.2284465524429106,157.97742716315517,333.0149956397633,506.8036587602574,157.97742716315517,506.8036587602574,False,,-0.08358789278801482,0.7779,1.0,0.13340016985518696,0.8929,-0.06977955891081362,0.7779,valid,,,,,False,ok,False,,Amgen Inc.,Healthcare,Drug Manufacturers - General,general_dcf,196124490120.0,0.8929,0.19013813892861603,0.12051756984447885,0.0666855498447382,0.12345258908387782,0.3267543447010294,0.3162898114828938,0.06433283393956057,2.715905001799208,0.015289109613338063,0.0018450226334196795,thin_interest_coverage,8.0,2025.0,ttm,2026-04-30,2026-07-10,True,,,,0.1084465524429106,0.06670008492759348,0.125,0.2284465524429106,-0.2284465524429106,robust_return<=0; median_irr<=hurdle,False
97,MDT,83.87,0.029493999840633514,0.04582442742539572,-0.11249253615387714,0.13881968066561975,0.25,0.12,0.25,0.11249253615387714,0.23249253615387713,0.11249253615387714,0.23249253615387713,35.49341318544218,74.4831838383736,110.66696884281961,35.49341318544218,110.66696884281961,False,,-0.11192102255426728,0.8277,1.0,0.13082510840974845,0.5742,-0.07417557257460428,0.8277,valid,,,,,False,ok,False,,Medtronic plc,Healthcare,Medical - Devices,general_dcf,107357793500.0,0.5742,0.08194382638780877,0.2925737460150389,0.07012593851626453,0.011817887871544239,0.1766071776228682,0.17784072159278408,0.025166531246856305,1.9884350132625994,0.012567374326256738,-0.011306834455227177,,8.0,2026.0,ttm,2026-06-18,2026-07-10,True,,,,0.11249253615387714,0.06541255420487423,0.125,0.23249253615387713,-0.23249253615387713,robust_return<=0; median_irr<=hurdle,False
98,CDW,144.39,0.036803918539953906,0.055666045442922064,-0.11353040076210161,0.1494139840360731,0.25,0.12,0.25,0.11353040076210161,0.2335304007621016,0.11353040076210161,0.2335304007621016,55.49986541713779,123.09585754427373,185.2438586434512,55.49986541713779,185.2438586434512,False,,-0.14747657355582977,0.7952,1.0,0.13761619239908737,0.8467,-0.06433395455707794,0.7952,valid,,,,,False,ok,False,,CDW Corporation,Technology,Information Technology Services,general_dcf,18446320790.0,0.8467,0.156690489729125,0.3479403851802383,0.08181706785295202,0.07487342187617298,0.0706090264135506,0.07296287241102302,0.04716837528114315,2.8305541433655312,0.003081143118383519,-0.01859168381327636,,8.0,2025.0,ttm,2026-05-06,2026-07-10,True,,,,0.11353040076210161,0.06880809619954369,0.125,0.2335304007621016,-0.2335304007621016,robust_return<=0; median_irr<=hurdle,False
99,VRTX,485.39,0.022125219060217236,0.032843806239543506,-0.11653531592237411,0.13934857968415604,0.25,0.12,0.25,0.11653531592237411,0.2365353159223741,0.11653531592237411,0.2365353159223741,200.56404335771072,411.47325941319554,656.7469600886845,200.56404335771072,656.7469600886845,False,,-0.15228319616556674,0.6201,1.0,0.13933894780326506,0.8782,-0.0871561937604565,0.6201,valid,,,,,False,ok,False,,Vertex Pharmaceuticals Incorporated,Healthcare,Biotechnology,general_dcf,123194611358.0,0.8782,0.28702754980861045,0.13529162365860806,0.07029467378819175,0.21673287602041869,0.37779085295187886,0.3896989824644434,0.2173528009112493,-1.0534938214736336,0.05889028492684311,-0.0036152671940365977,heavy_sbc,8.0,2025.0,ttm,2026-05-05,2026-07-10,True,,,,0.11653531592237411,0.06966947390163253,0.125,0.2365353159223741,-0.2365353159223741,robust_return<=0; median_irr<=hurdle,False
100,JNJ,256.98,-0.038615397887042456,-0.03072878907551054,-0.11793301823490761,0.024929004837758867,0.0,0.12,0.25,0.11793301823490761,0.2379330182349076,0.11793301823490761,0.2379330182349076,106.0153246445166,164.64447347261336,210.558767593974,106.0153246445166,210.558767593974,False,,-0.3593101662673619,0.9159,1.0,0.07395401153633324,0.9478,-0.15072878907551054,0.9159,valid,,,,,False,ok,False,,Johnson & Johnson,Healthcare,Drug Manufacturers - General,general_dcf,618607395600.0,0.9478,0.195388949220565,0.12066491948116082,0.06909704406808008,0.1262919051524849,0.26112666111616145,0.2686951287852058,0.020747946632048597,0.979451036369584,0.013645063939219578,-0.02815093071096164,,8.0,2025.0,ttm,2026-04-22,2026-07-10,True,,,,0.11793301823490761,0.03697700576816662,0.125,0.2379330182349076,-0.2379330182349076,robust_return<=0; median_irr<=hurdle,False
101,FIS,41.98,0.026769034814788057,0.03432833137921991,-0.1180320749408565,0.15645155144156891,0.25,0.12,0.25,0.1180320749408565,0.2380320749408565,0.1180320749408565,0.2380320749408565,16.60946413787747,32.740810005557,58.610586596847504,16.60946413787747,58.610586596847504,False,,-0.22008551678044297,0.457164,1.0,0.1535268931912127,0.253,-0.08567166862078009,0.457164,valid,,,share_change_floor_hit;reinvestment_cap_hit,,False,ok,False,,"Fidelity National Information Services, Inc.",Technology,Information Technology Services,general_dcf,21698580420.0,0.253,0.0717757196636924,,0.0787533931081362,-0.006977673444443805,0.16954243194082974,0.17901869960542116,0.03445541525790263,0.8243306716768436,0.016952327432799476,-0.05052281217146859,cyclical_revenue,8.0,2025.0,ttm,2026-05-08,2026-07-10,True,,,,0.1180320749408565,0.07676344659560635,0.125,0.2380320749408565,-0.2380320749408565,robust_return<=0; median_irr<=hurdle,False
102,BR,147.47,-0.02838411555785566,-0.017803692875895623,-0.12620326969772572,0.04827419321809431,0.0,0.12,0.25,0.12620326969772572,0.2462032696977257,0.12620326969772572,0.2462032696977257,52.93977894535309,90.41485474635373,122.47162570184659,52.93977894535309,122.47162570184659,False,,-0.3868932342418544,0.8728,1.0,0.09105473145791002,0.8646,-0.1378036928758956,0.8728,valid,,,,,False,ok,False,,"Broadridge Financial Solutions, Inc.",Technology,Information Technology Services,general_dcf,17056129059.0,0.8646,0.16823569567196237,,0.0836469220883406,0.08458877358362177,0.14387942785845714,0.17143520478538163,0.0685924193098515,1.9448971915747242,0.010850187496157866,-0.004237338963661075,,8.0,2025.0,ttm,2026-04-30,2026-07-10,True,,,,0.12620326969772572,0.04552736572895501,0.125,0.2462032696977257,-0.2462032696977257,robust_return<=0; median_irr<=hurdle,False
103,UPS,112.47,-0.07393365411116973,-0.08232052272651341,-0.12708250414580108,-0.004011066845850992,0.0,0.12,0.75,0.12708250414580108,0.24708250414580107,0.12708250414580108,0.24708250414580107,40.5481120244509,41.63451509377932,67.50585615865701,40.5481120244509,67.50585615865701,False,,-0.6298167058435198,0.619731,1.0,0.07294378864997504,0.8127,-0.2023205227265134,0.619731,valid,,,forward_roic_floor_hit;reinvestment_cap_hit,,False,ok,False,,"United Parcel Service, Inc.",Industrials,Integrated Freight & Logistics,general_dcf,83968077540.0,0.8127,0.15050198608941556,-0.30342497292373505,0.08439360110711448,0.06610838498230108,0.10081949793917383,0.0845590316700069,0.030364868438471193,2.0253388854434307,0.0008233608914855461,-0.008102207860337884,incremental_roic_below_wacc,8.0,2025.0,ttm,2026-05-06,2026-07-10,True,,,,0.12708250414580108,0.03647189432498752,0.375,0.24708250414580107,-0.24708250414580107,robust_return<=0; median_irr<=hurdle,False
104,KMB,112.41,0.007001519488403593,0.023671311698853992,-0.12757874772069042,0.10824220227659681,0.0,0.12,0.25,0.12757874772069042,0.2475787477206904,0.12757874772069042,0.2475787477206904,44.236525025579894,91.53260558421599,132.50566483366939,44.236525025579894,132.50566483366939,False,,-0.1857254195870831,0.8322,1.0,0.12294447499864361,0.9432,-0.096328688301146,0.8322,valid,,,,,False,ok,False,,Kimberly-Clark Corporation,Consumer Defensive,Household & Personal Products,general_dcf,37313375400.0,0.9432,0.20750129347232701,,0.0669566639869607,0.14054462948536633,0.13873102540272614,0.13271660922667633,-0.010116269221897567,2.1989915966386553,0.008131970260223048,-0.005050591154868278,,8.0,2025.0,ttm,2026-04-28,2026-07-10,True,,,,0.12757874772069042,0.061472237499321805,0.125,0.2475787477206904,-0.2475787477206904,robust_return<=0; median_irr<=hurdle,False
105,RF,31.02,-0.032500982993555416,-0.01633085620050001,-0.12796175540212862,0.030619535828906974,0.0,0.12,0.25,0.12796175540212862,0.24796175540212861,0.12796175540212862,0.24796175540212861,15.642978685068956,28.56847352498896,36.06896211527196,15.642978685068956,36.06896211527196,False,,-0.07903051176695808,0.6,0.8,0.09729064561551778,0.5475608863520824,-0.1363308562005,0.48,valid,,,specialist_model_v1,,False,specialist,False,,Regions Financial Corporation,Financial Services,Banks - Regional,bank,26471847600.0,,,,,,,,,,,,,,,,,2026-07-10,True,853380000.0,1.012,Justified P/B residual-income proxy; no regulatory-capital or reserve-detail model,0.12796175540212862,0.04864532280775889,0.125,0.24796175540212861,-0.24796175540212861,robust_return<=0; median_irr<=hurdle,False
106,OTIS,73.09,-0.0016221374535234472,0.016905470553319923,-0.12862289666663854,0.0883234057459049,0.0,0.12,0.25,0.12862289666663854,0.24862289666663853,0.12862289666663854,0.24862289666663853,26.210014251775878,52.99472582246074,73.11250549486635,26.210014251775878,73.11250549486635,False,,-0.27493876286139374,0.80559,1.0,0.11430545120627171,0.9848,-0.10309452944668007,0.80559,valid,,,forward_roic_cap_hit,,False,ok,False,,Otis Worldwide Corporation,Industrials,Industrial - Machinery,general_dcf,28045807995.0,0.9848,0.961473185663269,,0.07967157669795352,0.8818016089653155,0.1447580284207614,0.15436608179149314,0.015981973389793902,3.0324435318275156,0.0,-0.027044762448158233,elevated_leverage,8.0,2025.0,ttm,2026-04-23,2026-07-10,True,,,,0.12862289666663854,0.057152725603135855,0.125,0.24862289666663853,-0.24862289666663853,robust_return<=0; median_irr<=hurdle,False
107,L,114.99,-0.01158801057588349,0.008841276047533597,-0.1288342842615937,0.06479968986299256,0.0,0.12,0.25,0.1288342842615937,0.2488342842615937,0.1288342842615937,0.2488342842615937,57.69842419246166,120.16397545562518,157.39816098929728,57.69842419246166,157.39816098929728,False,,0.0449950035274822,0.6,0.8,0.11481698706229312,0.4801640755782822,-0.1111587239524664,0.48,valid,,,specialist_model_v1,,False,specialist,False,,Loews Corporation,Financial Services,Insurance - Property & Casualty,insurance,23661362706.0,,,,,,,,,,,,,,,,,2026-07-10,True,205768872.99765196,0.518,Justified P/B residual-income proxy; no regulatory-capital or reserve-detail model,0.1288342842615937,0.05740849353114656,0.125,0.2488342842615937,-0.2488342842615937,robust_return<=0; median_irr<=hurdle,False
108,PLD,140.87,-0.08324784361088117,-0.06787196247780258,-0.12937548701011692,-0.06787196247780258,0.0,0.12,0.25,0.12937548701011692,0.24937548701011691,0.12937548701011692,0.24937548701011691,70.46492090224854,99.12800623269665,99.12800623269665,70.46492090224854,99.12800623269665,False,,-0.29631570786756123,0.6,0.8,0.04875176226615716,0.7108477571599356,-0.18787196247780258,0.48,valid,,,specialist_model_v1,,False,specialist,False,,"Prologis, Inc.",Real Estate,REIT - Industrial,reit,131338454060.0,,,,,,,,,,,,,,,,,2026-07-10,True,932338000.0,1.34,P/AFFO Gordon proxy; no property-level NOI or maintenance-capex detail,0.12937548701011692,0.02437588113307858,0.125,0.24937548701011691,-0.24937548701011691,robust_return<=0; median_irr<=hurdle,False
109,EW,92.21,-0.09443747907498616,-0.09421252621104936,-0.13068314221454785,-0.058641721663298056,0.0,0.12,0.75,0.13068314221454785,0.25068314221454785,0.13068314221454785,0.25068314221454785,32.664047905304955,39.032837854522136,45.76081177216805,32.664047905304955,45.76081177216805,False,,-0.5766962601179684,0.7381800000000001,0.95,0.04537531027562489,0.9353,-0.21421252621104936,0.701271,valid,,,reinvestment_cap_hit,,False,ok,False,,Edwards Lifesciences Corporation,Healthcare,Medical - Devices,general_dcf,53094518000.0,0.9353,0.21134871678303058,0.01311753128077258,0.08819463568124233,0.12315408110178824,0.28914920347335843,0.27619576425795195,0.07227640149460335,-1.561385982438614,0.027824351297405188,-0.023791269762517775,weak_cash_conversion;incremental_roic_below_wacc,8.0,2025.0,ttm,2026-05-06,2026-07-10,True,,,,0.13068314221454785,0.022687655137812446,0.375,0.25068314221454785,-0.25068314221454785,robust_return<=0; median_irr<=hurdle,False
110,TRV,338.92,-0.01888320110180297,-0.00021753773956922906,-0.132415671555963,0.057317942627889584,0.0,0.12,0.25,0.132415671555963,0.252415671555963,0.132415671555963,0.252415671555963,166.5925939740767,338.55152089762674,447.8424003358713,166.5925939740767,447.8424003358713,False,,-0.001087215574097966,0.6,0.8,0.11286680709192629,0.4920745697209612,-0.12021753773956922,0.48,valid,,,specialist_model_v1,,False,specialist,False,,"The Travelers Companies, Inc.",Financial Services,Insurance - Property & Casualty,insurance,72069539352.0,,,,,,,,,,,,,,,,,2026-07-10,True,212644693.00129822,0.473,Justified P/B residual-income proxy; no regulatory-capital or reserve-detail model,0.132415671555963,0.05643340354596314,0.125,0.252415671555963,-0.252415671555963,robust_return<=0; median_irr<=hurdle,False
111,ERIE,251.81,-0.049993664044973934,-0.03653420869378088,-0.13342648905999088,0.006520250267656902,0.0,0.12,0.25,0.13342648905999088,0.2534264890599909,0.13342648905999088,0.2534264890599909,123.05521423973,209.0520686074708,260.1270750509053,123.05521423973,260.1270750509053,False,,-0.16980235650899167,0.6,0.8,0.08797336966382388,0.5886342816859954,-0.15653420869378087,0.48,valid,,,specialist_model_v1,,False,specialist,False,,Erie Indemnity Company,Financial Services,Insurance - Property & Casualty,insurance,11630877271.0,,,,,,,,,,,,,,,,,2026-07-10,True,46189100.0,0.286,Justified P/B residual-income proxy; no regulatory-capital or reserve-detail model,0.13342648905999088,0.04398668483191194,0.125,0.2534264890599909,-0.2534264890599909,robust_return<=0; median_irr<=hurdle,False
112,SPG,218.77,-0.08272612622714984,-0.08488903017127492,-0.13353767696724506,-0.027588767598804464,0.0,0.12,0.75,0.13353767696724506,0.25353767696724505,0.13353767696724506,0.25353767696724505,106.84056610400306,140.39659467348608,190.21186363045638,106.84056610400306,190.21186363045638,False,,-0.3582456704599073,0.6,0.8,0.07097445468422028,0.7609911504796627,-0.2048890301712749,0.48,valid,,,specialist_model_v1,,False,specialist,False,,"Simon Property Group, Inc.",Real Estate,REIT - Retail,reit,70943173140.0,,,,,,,,,,,,,,,,,2026-07-10,True,324282000.0,1.327,P/AFFO Gordon proxy; no property-level NOI or maintenance-capex detail,0.13353767696724506,0.03548722734211014,0.375,0.25353767696724505,-0.25353767696724505,robust_return<=0; median_irr<=hurdle,False
113,MCD,274.6,0.0011123782271170446,0.018583887378918036,-0.13414720403088715,0.10142894218151925,0.0,0.12,0.25,0.13414720403088715,0.25414720403088714,0.13414720403088715,0.25414720403088714,103.14002030122094,216.2458108385971,316.66020403963626,103.14002030122094,316.66020403963626,False,,-0.21250615135252338,0.8181,1.0,0.12324507310620321,0.9385,-0.10141611262108197,0.8181,valid,,,,,False,ok,False,,McDonald's Corporation,Consumer Cyclical,Restaurants,general_dcf,195104947600.00003,0.9385,0.18973077036347563,0.13139506502445034,0.06557892489008696,0.12415184547338867,0.43523389640373805,0.46012314642766056,0.03411765915312581,3.611066290170768,0.006635802469135803,-0.012660165475957386,elevated_leverage,8.0,2025.0,ttm,2026-05-07,2026-07-10,True,,,,0.13414720403088715,0.061622536553101605,0.125,0.25414720403088714,-0.25414720403088714,robust_return<=0; median_irr<=hurdle,False
114,FITB,57.07,-0.05088747662675058,-0.03617756056532895,-0.13643165714224548,0.005236871765901041,0.0,0.12,0.25,0.13643165714224548,0.2564316571422455,0.13643165714224548,0.2564316571422455,27.408889458594075,47.467137076252136,58.580074885482404,27.408889458594075,58.580074885482404,False,,-0.1682646385797768,0.6,0.8,0.08883426445407325,0.5774287464306916,-0.15617756056532894,0.48,valid,,,specialist_model_v1,,False,specialist,False,,Fifth Third Bancorp,Financial Services,Banks - Regional,bank,51723200044.0,,,,,,,,,,,,,,,,,2026-07-10,True,906311547.9936919,0.922,Justified P/B residual-income proxy; no regulatory-capital or reserve-detail model,0.13643165714224548,0.044417132227036624,0.125,0.2564316571422455,-0.2564316571422455,robust_return<=0; median_irr<=hurdle,False
115,HD,343.3,-0.1025433526418055,-0.104736293136375,-0.13803357186552595,-0.06266725242894608,0.0,0.12,0.75,0.13803357186552595,0.25803357186552595,0.13803357186552595,0.25803357186552595,112.72901739597323,116.52075012630536,148.9391874386234,112.72901739597323,148.9391874386234,False,,-0.6605862215953819,0.7692300000000001,1.0,0.04460625971828993,0.9636,-0.224736293136375,0.7692300000000001,valid,,,reinvestment_cap_hit,,False,ok,False,,"The Home Depot, Inc.",Consumer Cyclical,Home Improvement,general_dcf,342310156931.0,0.9636,0.22465481408068422,-0.04736403118234224,0.0863379246478373,0.13831688943284692,0.14279601693997807,0.12448376872839031,0.06183856728649273,2.259841257115369,0.002770916659352784,-0.009521261005304371,incremental_roic_below_wacc,8.0,2025.0,ttm,2026-05-27,2026-07-10,True,,,,0.13803357186552595,0.022303129859144965,0.375,0.25803357186552595,-0.25803357186552595,robust_return<=0; median_irr<=hurdle,False
116,DRI,204.25,0.057609401974332314,0.08032657414441931,-0.140763917248114,0.21054837685660463,0.25,0.12,0.25,0.140763917248114,0.260763917248114,0.140763917248114,0.260763917248114,74.06191757550319,209.7233052753342,364.35528019843446,74.06191757550319,364.35528019843446,False,,0.026797088251330203,0.6276,1.0,0.1868281470523593,0.826,-0.03967342585558069,0.6276,valid,,,,,False,ok,False,,"Darden Restaurants, Inc.",Consumer Cyclical,Restaurants,general_dcf,23393774362.73001,0.826,0.17276114672245155,0.2681590505748327,0.07039740719629944,0.1023637395261521,0.11369714016231727,0.11981015676448993,0.06483717505613917,2.7212556555809506,0.006014047410008779,-0.021336182737631826,,8.0,2026.0,ttm,2026-06-25,2026-07-10,True,,,,0.140763917248114,0.09341407352617966,0.125,0.260763917248114,-0.260763917248114,robust_return<=0; median_irr<=hurdle,False
117,GPC,125.62,-0.060294816976238466,-0.06012321710586545,-0.14160416658269237,0.020671332889469367,0.0,0.12,0.25,0.14160416658269237,0.26160416658269237,0.14160416658269237,0.26160416658269237,42.96999947857338,58.424542066515095,93.96747134016526,42.96999947857338,93.96747134016526,False,,-0.5349105073514162,0.7055100000000001,1.0,0.08997244973608087,0.7256,-0.18012321710586543,0.7055100000000001,valid,,,reinvestment_cap_hit,,False,ok,False,,Genuine Parts Company,Consumer Cyclical,Specialty Retail,general_dcf,17476518704.0,0.7256,0.07687457478450052,0.00652465213536238,0.06879905357139947,0.008075521213101053,0.061460954263392015,0.04418528967879363,0.053860976464620514,3.7774988768648754,0.002010152945203075,-0.010155099630790865,elevated_leverage;incremental_roic_below_wacc,8.0,2025.0,ttm,2026-04-21,2026-07-10,True,,,,0.14160416658269237,0.044986224868040436,0.125,0.26160416658269237,-0.26160416658269237,robust_return<=0; median_irr<=hurdle,False
118,MNST,97.39,-0.05364053767843866,-0.04512298650224691,-0.142972910037497,0.01865673232823613,0.0,0.12,0.25,0.142972910037497,0.262972910037497,0.142972910037497,0.262972910037497,34.50390541892857,57.73125170348629,77.10223932374042,34.50390541892857,77.10223932374042,False,,-0.40721581575637855,0.8507,1.0,0.08529382118286656,0.9638,-0.1651229865022469,0.8507,valid,,,,,False,ok,False,,Monster Beverage Corporation,Consumer Defensive,Beverages - Non-Alcoholic,general_dcf,95248209833.0,0.9638,0.3448739651544251,0.23892665820974032,0.07195,0.2729239651544251,0.30803030191925174,0.29336332359688466,0.11766377971547848,-1.106553369175614,0.012143138082634732,-0.025060425936664577,,8.0,2025.0,ttm,2026-05-08,2026-07-10,True,,,,0.142972910037497,0.04264691059143328,0.125,0.262972910037497,-0.262972910037497,robust_return<=0; median_irr<=hurdle,False
119,EBAY,117.2,-0.04299615570198508,-0.03415977337863293,-0.14309106994187454,0.03942599389120008,0.0,0.12,0.25,0.14309106994187454,0.26309106994187453,0.14309106994187454,0.26309106994187453,36.82445194059626,63.8694018413297,86.85432610758373,36.82445194059626,86.85432610758373,False,,-0.4550392334357535,0.66834,1.0,0.1012083319165373,0.95,-0.15415977337863293,0.66834,valid,,,share_change_floor_hit,,False,ok,False,,eBay Inc.,Consumer Cyclical,Specialty Retail,general_dcf,52036800000.0,0.95,0.25351022037760845,,0.10638290282158147,0.14712731755602698,0.2318380411812394,0.19579455360220613,0.036268770373628634,1.240995172669885,0.0568631329113924,-0.06439184111788199,heavy_sbc,8.0,2025.0,ttm,2026-04-29,2026-07-10,True,,,,0.14309106994187454,0.05060416595826865,0.125,0.26309106994187453,-0.26309106994187453,robust_return<=0; median_irr<=hurdle,False
120,HII,286.09,-0.028703376115299727,-0.01851654313795732,-0.14434016182494808,0.06655974363966381,0.0,0.12,0.25,0.14434016182494808,0.26434016182494807,0.14434016182494808,0.26434016182494807,99.90755206897269,182.1993070358486,281.68921754744736,99.90755206897269,281.68921754744736,False,,-0.36313989641074973,0.6581699999999999,1.0,0.11570485273230595,0.6446,-0.1385165431379573,0.6581699999999999,valid,,,reinvestment_cap_hit,,False,ok,False,,"Huntington Ingalls Industries, Inc.",Industrials,Aerospace & Defense,general_dcf,11273090359.999998,0.6446,0.06621902324690654,0.04451518236260853,0.06641477012440879,-0.00019574687750224806,0.06102485467315274,0.048797571795470465,0.06232886601518706,2.8488982161594962,0.002968395320412083,-0.006694761373249314,incremental_roic_below_wacc,8.0,2025.0,ttm,2026-05-05,2026-07-10,True,,,,0.14434016182494808,0.057852426366152974,0.125,0.26434016182494807,-0.26434016182494807,robust_return<=0; median_irr<=hurdle,False
121,USB,62.41,-0.0450967717231682,-0.028310956816683053,-0.14451084054271124,0.020745667283404545,0.0,0.12,0.25,0.14451084054271124,0.26451084054271123,0.14451084054271124,0.26451084054271123,28.59741223275419,54.06182604082469,69.15791769097284,28.59741223275419,69.15791769097284,False,,-0.13376340264661601,0.6,0.8,0.10062825391305788,0.5289760691982344,-0.14831095681668305,0.48,valid,,,specialist_model_v1,,False,specialist,False,,U.S. Bancorp,Financial Services,Banks - Diversified,bank,97217929300.0,,,,,,,,,,,,,,,,,2026-07-10,True,1557730000.0,0.979,Justified P/B residual-income proxy; no regulatory-capital or reserve-detail model,0.14451084054271124,0.05031412695652894,0.125,0.26451084054271123,-0.26451084054271123,robust_return<=0; median_irr<=hurdle,False
122,HBAN,17.87,-0.02595887994712276,-0.005564947663298736,-0.14561392672115758,0.05290830225926402,0.0,0.12,0.25,0.14561392672115758,0.2656139267211576,0.14561392672115758,0.2656139267211576,8.13570805198122,17.378275311337603,23.124763679854542,8.13570805198122,23.124763679854542,False,,-0.02751677049034118,0.6,0.8,0.11726111449021079,0.46815393968775926,-0.12556494766329873,0.48,valid,,,specialist_model_v1,,False,specialist,False,,Huntington Bancshares Incorporated,Financial Services,Banks - Regional,bank,36224813100.0,,,,,,,,,,,,,,,,,2026-07-10,True,2027130000.0,0.952,Justified P/B residual-income proxy; no regulatory-capital or reserve-detail model,0.14561392672115758,0.058630557245105394,0.125,0.2656139267211576,-0.2656139267211576,robust_return<=0; median_irr<=hurdle,False
123,MAS,77.84,-0.13238123155169884,-0.14399996739812193,-0.1469400878821033,-0.09458490352844819,0.0,0.12,1.0,0.1469400878821033,0.2669400878821033,0.1469400878821033,0.2669400878821033,17.530010170950128,17.530010170950128,24.52662380064446,24.128319958163708,24.52662380064446,True,"growth destroys value: forward ROIC 2.0% at/below WACC 9.9%, so higher-growth scenarios reinvest below the cost of capital and are worth less than the bear case",-0.7747943194893354,0.6931170000000001,1.0,0.03538408217682756,0.9855,-0.2639999673981219,0.6931170000000001,valid,,,forward_roic_floor_hit;reinvestment_cap_hit,,False,ok,False,,Masco Corporation,Consumer Cyclical,"Furnishings, Fixtures & Appliances",general_dcf,15703008576.0,0.9855,0.3647712535529071,-0.24970968064271476,0.0986016515994408,0.26616960195346634,0.16795059838708515,0.16786039848938664,0.018441922577974612,2.0236111111111112,0.0,-0.043758825476734486,incremental_roic_below_wacc,8.0,2025.0,ttm,2026-04-22,2026-07-10,True,,,,0.1469400878821033,0.01769204108841378,0.5,0.2669400878821033,-0.2669400878821033,robust_return<=0; median_irr<=hurdle,False
124,LOW,211.63,-0.09667949825015965,-0.10584572935913453,-0.1470686611253768,-0.02795787315699269,0.0,0.12,0.75,0.1470686611253768,0.2670686611253768,0.1470686611253768,0.2670686611253768,66.38933173093191,66.38933173093191,112.26799073851534,68.68401503208116,112.26799073851534,True,"growth destroys value: forward ROIC 2.0% at/below WACC 7.7%, so higher-growth scenarios reinvest below the cost of capital and are worth less than the bear case",-0.6862952713181878,0.6261300000000001,1.0,0.07077149398419205,0.9586,-0.22584572935913452,0.6261300000000001,valid,,,forward_roic_floor_hit;reinvestment_cap_hit,,False,ok,False,,"Lowe's Companies, Inc.",Consumer Cyclical,Home Improvement,general_dcf,118662422410.0,0.9586,0.24129120095403037,-0.15525800247472332,0.07695124323533367,0.1643399577186967,0.1211524623855642,0.11548725603274758,0.027609235184565373,3.292091836734694,0.002641202763104429,-0.039008478793996604,elevated_leverage;incremental_roic_below_wacc,8.0,2025.0,ttm,2026-05-28,2026-07-10,True,,,,0.1470686611253768,0.035385746992096026,0.375,0.2670686611253768,-0.2670686611253768,robust_return<=0; median_irr<=hurdle,False
125,NOC,539.63,-0.07965379554207172,-0.08148251904931383,-0.14843063648513632,-0.007219507584522916,0.0,0.12,0.75,0.14843063648513632,0.2684306364851363,0.14843063648513632,0.2684306364851363,187.65676791993852,236.01480995531728,362.09503396778985,187.65676791993852,362.09503396778985,False,,-0.5626358616916827,0.631476,1.0,0.08166128445030671,0.7762,-0.20148251904931383,0.631476,valid,,,forward_roic_floor_hit;reinvestment_cap_hit,,False,ok,False,,Northrop Grumman Corporation,Industrials,Aerospace & Defense,general_dcf,76645267790.0,0.7762,0.12393943707660934,-0.18236401268334634,0.06709094524713129,0.05684849182947806,0.10848230245639823,0.11084098472868034,0.048603467408775636,2.4156053522489116,0.002461433480369459,-0.028890005351792758,incremental_roic_below_wacc,8.0,2025.0,ttm,2026-04-21,2026-07-10,True,,,,0.14843063648513632,0.040830642225153355,0.375,0.2684306364851363,-0.2684306364851363,robust_return<=0; median_irr<=hurdle,False
126,MDLZ,58.83,-0.06079238866223019,-0.06027608699514528,-0.14879807281540702,0.02618069215677681,0.0,0.12,0.25,0.14879807281540702,0.268798072815407,0.14879807281540702,0.268798072815407,20.13943254012997,28.953244831444152,47.12432535664518,20.13943254012997,47.12432535664518,False,,-0.5078489744782568,0.623862,1.0,0.09877352248609192,0.5866,-0.18027608699514527,0.623862,valid,,,forward_roic_floor_hit;reinvestment_cap_hit,,False,ok,False,,"Mondelez International, Inc.",Consumer Defensive,Food Confectioners,general_dcf,75517115734.0,0.5866,0.062365886079228945,-0.5531695634595382,0.06515674150684529,-0.002790855427616347,0.1467575459152321,0.09553734988805211,0.05818855387889599,3.916212003117693,0.004033917839795834,-0.022903224484404072,elevated_leverage;incremental_roic_below_wacc,8.0,2025.0,ttm,2026-04-28,2026-07-10,True,,,,0.14879807281540702,0.04938676124304596,0.125,0.268798072815407,-0.268798072815407,robust_return<=0; median_irr<=hurdle,False
127,GILD,129.83,0.006574870858457892,0.02345010019489567,-0.14895814192714163,0.12835742497118185,0.25,0.12,0.25,0.14895814192714163,0.2689581419271416,0.14895814192714163,0.2689581419271416,46.975079171779235,106.20239062731406,166.93544706287696,46.975079171779235,166.93544706287696,False,,-0.18198882671713745,0.7626,1.0,0.14577978344916173,0.8797,-0.09654989980510433,0.7626,valid,,,,,False,ok,False,,"Gilead Sciences, Inc.",Healthcare,Drug Manufacturers - General,general_dcf,161193016741.0,0.8797,0.2432851750969466,,0.0676848791040591,0.1756002959928875,0.27457344275875006,0.3825586870249546,0.04164727434795856,0.8746460928652322,0.029039437991236,-0.0021175288352626165,,8.0,2025.0,ttm,2026-05-07,2026-07-10,True,,,,0.14895814192714163,0.07288989172458087,0.125,0.2689581419271416,-0.2689581419271416,robust_return<=0; median_irr<=hurdle,False
128,EQIX,1051.21,-0.08515166605945529,-0.06372407813205361,-0.14943442984166033,-0.06372407813205361,0.0,0.12,0.25,0.14943442984166033,0.26943442984166033,0.14943442984166033,0.26943442984166033,467.9812776488747,756.3255252778399,756.3255252778399,467.9812776488747,756.3255252778399,False,,-0.28051909201982483,0.6,0.8,0.06085517585480336,0.6187564243279499,-0.1837240781320536,0.48,valid,,,specialist_model_v1,,False,specialist,False,,"Equinix, Inc.",Real Estate,REIT - Specialty,reit,103674745282.0,,,,,,,,,,,,,,,,,2026-07-10,True,98624200.0,0.971,P/AFFO Gordon proxy; no property-level NOI or maintenance-capex detail,0.14943442984166033,0.03042758792740168,0.125,0.26943442984166033,-0.26943442984166033,robust_return<=0; median_irr<=hurdle,False
129,AMT,168.59,-0.1109994024347358,-0.113772581429751,-0.1520773652052394,-0.0643750816742018,0.0,0.12,0.75,0.1520773652052394,0.2720773652052394,0.1520773652052394,0.2720773652052394,73.89464276535463,92.16323752897583,120.87617521825902,73.89464276535463,120.87617521825902,False,,-0.45332915636173066,0.6,0.8,0.06185114176551879,0.8017800236468732,-0.233772581429751,0.48,valid,,,specialist_model_v1,,False,specialist,False,,American Tower Corporation,Real Estate,REIT - Specialty,reit,78544900870.0,,,,,,,,,,,,,,,,,2026-07-10,True,465893000.0,0.909,P/AFFO Gordon proxy; no property-level NOI or maintenance-capex detail,0.1520773652052394,0.030925570882759396,0.375,0.2720773652052394,-0.2720773652052394,robust_return<=0; median_irr<=hurdle,False
130,CHD,96.36,-0.09932881404529323,-0.09654542629723434,-0.15208205052767876,-0.05214235305902546,0.0,0.12,0.75,0.15208205052767876,0.27208205052767875,0.15208205052767876,0.27208205052767875,33.426703341079495,41.477199192772744,51.205763613603374,33.426703341079495,51.205763613603374,False,,-0.5695599917728026,0.74313,1.0,0.05767594873432665,0.8155,-0.21654542629723433,0.74313,valid,,,reinvestment_cap_hit,,False,ok,False,,"Church & Dwight Co., Inc.",Consumer Defensive,Household & Personal Products,general_dcf,22831885489.0,0.8155,0.1400260760267632,-0.016516850136827292,0.0684602564886522,0.071565819538111,0.18558024830582392,0.17296225867792567,0.05925266631317894,1.4624629311690338,0.009693635276972704,-0.01122306342429269,incremental_roic_below_wacc,8.0,2025.0,ttm,2026-05-01,2026-07-10,True,,,,0.15208205052767876,0.028837974367163326,0.375,0.27208205052767875,-0.27208205052767875,robust_return<=0; median_irr<=hurdle,False
131,TXT,90.91,0.008474121763720224,0.0226605079660658,-0.15423930167453354,0.14281477279728283,0.25,0.12,0.25,0.15423930167453354,0.27423930167453353,0.15423930167453354,0.27423930167453353,30.210292705345708,69.68320532254899,112.4534161868881,30.210292705345708,112.4534161868881,False,,-0.23349240652789582,0.62217,0.85,0.1643619372359082,0.6852,-0.09733949203393419,0.5288444999999999,valid,,,share_change_floor_hit,,False,ok,False,,Textron Inc.,Industrials,Aerospace & Defense,general_dcf,15808248990.0,0.6852,0.10606703326884692,0.25759232874061827,0.08259979706850837,0.023467236200338554,0.07336775937487461,0.08439759443205622,0.008248732569438255,1.376219512195122,0.0,-0.05701769422892122,,8.0,2025.0,annual,2026-02-11,2026-07-10,True,,,,0.15423930167453354,0.0821809686179541,0.125,0.27423930167453353,-0.27423930167453353,robust_return<=0; median_irr<=hurdle,False
132,JPM,336.47,-0.07390944513631836,-0.06037831362177226,-0.15449981255713763,-0.020381340744591303,0.0,0.12,0.25,0.15449981255713763,0.2744998125571376,0.15449981255713763,0.2744998125571376,145.38342275996663,246.44017393305876,303.5509468395149,145.38342275996663,303.5509468395149,False,,-0.26757162917033095,0.6,0.8,0.08505923590627315,0.5899339399080994,-0.18037831362177226,0.48,valid,,,specialist_model_v1,,False,specialist,False,,JPMorgan Chase & Co.,Financial Services,Banks - Diversified,bank,901575206813.9999,,,,,,,,,,,,,,,,,2026-07-10,True,2679511417.9986324,0.982,Justified P/B residual-income proxy; no regulatory-capital or reserve-detail model,0.15449981255713763,0.042529617953136575,0.125,0.2744998125571376,-0.2744998125571376,robust_return<=0; median_irr<=hurdle,False
133,PNC,251.91,-0.06306309400979052,-0.047310555305790314,-0.15465651437896488,-0.002974751048616553,0.0,0.12,0.25,0.15465651437896488,0.2746565143789649,0.15465651437896488,0.2746565143789649,108.74554124232174,197.6979542575702,248.1853779806502,108.74554124232174,248.1853779806502,False,,-0.2152040242246429,0.6,0.8,0.09384088166517415,0.5500590112361149,-0.1673105553057903,0.48,valid,,,specialist_model_v1,,False,specialist,False,,"The PNC Financial Services Group, Inc.",Financial Services,Banks - Regional,bank,101158239150.0,,,,,,,,,,,,,,,,,2026-07-10,True,401565000.0,0.897,Justified P/B residual-income proxy; no regulatory-capital or reserve-detail model,0.15465651437896488,0.046920440832587076,0.125,0.2746565143789649,-0.2746565143789649,robust_return<=0; median_irr<=hurdle,False
134,AIZ,278.89,-0.009851041125708226,0.014084468403401162,-0.15502641036383613,0.0874533090542009,0.0,0.12,0.25,0.15502641036383613,0.2750264103638361,0.15502641036383613,0.2750264103638361,120.12920885079664,299.09117445855645,424.1173488628649,120.12920885079664,424.1173488628649,False,,0.07243420150796531,0.6,0.8,0.1392398597090185,0.40164745438666344,-0.10591553159659883,0.48,valid,,,specialist_model_v1,,False,specialist,False,,"Assurant, Inc.",Financial Services,Insurance - Specialty,insurance,13818340483.0,,,,,,,,,,,,,,,,,2026-07-10,True,49547637.000250995,0.555,Justified P/B residual-income proxy; no regulatory-capital or reserve-detail model,0.15502641036383613,0.06961992985450925,0.125,0.2750264103638361,-0.2750264103638361,robust_return<=0; median_irr<=hurdle,False
135,WFC,87.16,-0.054303112095917816,-0.037237064942764575,-0.15506865325349195,0.012330334755349837,0.0,0.12,0.25,0.15506865325349195,0.27506865325349195,0.15506865325349195,0.27506865325349195,37.53395549633714,72.09647522909067,92.6677195308406,37.53395549633714,92.6677195308406,False,,-0.17282612174058432,0.6,0.8,0.10169949400442088,0.5206073580861041,-0.15723706494276457,0.48,valid,,,specialist_model_v1,,False,specialist,False,,Wells Fargo & Company,Financial Services,Banks - Diversified,bank,266726160400.0,,,,,,,,,,,,,,,,,2026-07-10,True,3060190000.0,0.917,Justified P/B residual-income proxy; no regulatory-capital or reserve-detail model,0.15506865325349195,0.05084974700221044,0.125,0.27506865325349195,-0.27506865325349195,robust_return<=0; median_irr<=hurdle,False
136,SYK,329.78,-0.08145083455456185,-0.07448841227451337,-0.15573034536791963,-0.021096168301301052,0.0,0.12,0.75,0.15573034536791963,0.2757303453679196,0.15573034536791963,0.2757303453679196,102.76814978972047,153.79256030228993,200.10491940089153,102.76814978972047,200.10491940089153,False,,-0.5336510391706897,0.8486,1.0,0.07185908853330929,0.8181,-0.19448841227451336,0.8486,valid,,,,,False,ok,False,,Stryker Corporation,Healthcare,Medical - Devices,general_dcf,126424712092.0,0.8181,0.13148921238418004,0.09753873624329018,0.0810134943925225,0.05047571799165754,0.2154756628818411,0.21341511673921645,0.09157664076422001,1.84801928001205,0.010000975704946824,0.003736241152631381,,8.0,2025.0,ttm,2026-05-11,2026-07-10,True,,,,0.15573034536791963,0.035929544266654644,0.375,0.2757303453679196,-0.2757303453679196,robust_return<=0; median_irr<=hurdle,False
137,IRM,121.51,-0.10951034296915249,-0.0930653253391095,-0.15884539585928148,-0.0930653253391095,0.0,0.12,1.0,0.15884539585928148,0.2788453958592815,0.15884539585928148,0.2788453958592815,51.16714121579957,74.55762296096317,74.55762296096317,51.16714121579957,74.55762296096317,False,,-0.38640751410613805,0.6,0.8,0.05089003526008599,0.6862764554952299,-0.2130653253391095,0.48,valid,,,specialist_model_v1,,False,specialist,False,,Iron Mountain Incorporated,Real Estate,REIT - Specialty,reit,36152223988.81004,,,,,,,,,,,,,,,,,2026-07-10,True,297524681.0041152,1.219,P/AFFO Gordon proxy; no property-level NOI or maintenance-capex detail,0.15884539585928148,0.025445017630042994,0.5,0.2788453958592815,-0.2788453958592815,robust_return<=0; median_irr<=hurdle,False
138,FAST,46.49,-0.0811877894826466,-0.0709604409174062,-0.1599864008137956,-0.02284387528197837,0.0,0.12,0.25,0.1599864008137956,0.27998640081379556,0.1599864008137956,0.27998640081379556,14.72154973384212,22.96544166486404,28.94361308383968,14.72154973384212,28.94361308383968,False,,-0.5060133003901045,0.9176,1.0,0.07104326276590861,0.995,-0.19096044091740622,0.9176,valid,,,,,False,ok,False,,Fastenal Company,Industrials,Industrial - Distribution,general_dcf,53372379600.0,0.995,0.31469657159522996,0.4999846681073931,0.08095847443150155,0.2337380971637284,0.20204371901989834,0.2024826181197958,0.07431176869979028,0.07248371896013131,0.001024327784891165,-0.00010019134877115032,,8.0,2025.0,ttm,2026-04-16,2026-07-10,True,,,,0.1599864008137956,0.035521631382954305,0.125,0.27998640081379556,-0.27998640081379556,robust_return<=0; median_irr<=hurdle,False
139,CINF,179.28,0.04581169191277598,0.0822670475689955,-0.16134350279113197,0.1800561753042449,0.25,0.12,0.25,0.16134350279113197,0.28134350279113196,0.16134350279113197,0.28134350279113196,74.37935756453729,266.1975295313534,410.2468481412887,74.37935756453729,410.2468481412887,False,,0.4848144217500747,0.6,0.8,0.18869983904768842,0.27941415420152016,-0.037732952431004496,0.48,valid,,,specialist_model_v1,,False,specialist,False,,Cincinnati Financial Corporation,Financial Services,Insurance - Property & Casualty,insurance,27732285360.0,,,,,,,,,,,,,,,,,2026-07-10,True,154687000.0,0.553,Justified P/B residual-income proxy; no regulatory-capital or reserve-detail model,0.16134350279113197,0.09434991952384421,0.125,0.28134350279113196,-0.28134350279113196,robust_return<=0; median_irr<=hurdle,False
140,TGT,135.14,-0.08063603311311453,-0.08109565176418981,-0.16190529495361258,0.001552466029534144,0.0,0.12,0.75,0.16190529495361258,0.2819052949536126,0.16190529495361258,0.2819052949536126,40.64443363669429,52.6180397342622,84.00558882305423,40.64443363669429,84.00558882305423,False,,-0.610640522907635,0.579312,1.0,0.09434952049157337,0.7306,-0.2010956517641898,0.579312,valid,,,forward_roic_floor_hit;reinvestment_cap_hit,,False,ok,False,,Target Corporation,Consumer Defensive,Discount Stores,general_dcf,61379373958.16413,0.7306,0.11774949277174536,-0.3941557238297022,0.08353599406460926,0.034213498707136095,0.053836488804846115,0.044934525320323,0.048217746472034584,1.9265743073047858,0.0026818095056308456,-0.006425242375689977,incremental_roic_below_wacc,8.0,2025.0,ttm,2026-05-29,2026-07-10,True,,,,0.16190529495361258,0.047174760245786686,0.375,0.2819052949536126,-0.2819052949536126,robust_return<=0; median_irr<=hurdle,False
141,EA,206.41,-0.06785550578642867,-0.05823321927746289,-0.16401089958671944,0.009055314995930559,0.0,0.12,0.25,0.16401089958671944,0.28401089958671943,0.16401089958671944,0.28401089958671943,63.75884566610288,112.46093008011383,152.43508958648312,63.75884566610288,152.43508958648312,False,,-0.4551575501181443,0.7671,0.95,0.09502010729132501,0.8553,-0.17823321927746288,0.728745,valid,,,,,False,ok,False,,Electronic Arts Inc.,Technology,Electronic Gaming & Multimedia,general_dcf,51757513910.0,0.8553,0.16920346878140427,,0.07732507053299852,0.09187839824840575,0.19328197964511903,0.15429557827645732,0.06178197842882893,-0.9643097643097643,0.08602438697574702,-0.030922355340933794,heavy_sbc,8.0,2026.0,ttm,2026-05-11,2026-07-10,True,,,,0.16401089958671944,0.047510053645662506,0.125,0.28401089958671943,-0.28401089958671943,robust_return<=0; median_irr<=hurdle,False
142,PSA,320.56,-0.15541113465527323,-0.16457092755501102,-0.16457092755501102,-0.12793175595605988,0.0,0.12,1.0,0.16457092755501102,0.284570927555011,0.16457092755501102,0.284570927555011,130.45395533844675,130.45395533844675,161.68200648498043,130.45395533844675,161.68200648498043,False,,-0.5930435633315237,0.6,0.8,0.036319585799475564,1.0,-0.284570927555011,0.48,valid,,,specialist_model_v1,,False,specialist,False,,Public Storage,Real Estate,REIT - Industrial,reit,56283814527.0,,,,,,,,,,,,,,,,,2026-07-10,True,175579655.99887696,0.952,P/AFFO Gordon proxy; no property-level NOI or maintenance-capex detail,0.16457092755501102,0.018159792899737782,0.5,0.284570927555011,-0.284570927555011,robust_return<=0; median_irr<=hurdle,False
143,EXPD,172.02,-0.0578524953969463,-0.05261778266285543,-0.16735340639716012,0.0411789901350858,0.0,0.12,0.25,0.16735340639716012,0.2873534063971601,0.16735340639716012,0.2873534063971601,52.29348079450307,93.61145263352157,136.98611397977172,52.29348079450307,136.98611397977172,False,,-0.45581064624159073,0.54648,0.95,0.11937179826612296,0.9805,-0.17261778266285543,0.519156,valid,,,share_change_floor_hit,,False,ok,False,,"Expeditors International of Washington, Inc.",Industrials,Integrated Freight & Logistics,general_dcf,22498690699.0,0.9805,0.5229825541212312,,0.09666588148449355,0.4263166726367376,0.09817747651779296,0.09668865693887972,0.04491666064397681,-0.6606408827345642,0.006254489448874782,-0.0657581801049153,cyclical_revenue,8.0,2025.0,ttm,2026-05-06,2026-07-10,True,,,,0.16735340639716012,0.05968589913306148,0.125,0.2873534063971601,-0.2873534063971601,robust_return<=0; median_irr<=hurdle,False
144,SYY,83.83,0.039523393484705634,0.06638742540962998,-0.16977301585138777,0.19509173897095033,0.25,0.12,0.25,0.16977301585138777,0.28977301585138776,0.16977301585138777,0.28977301585138776,25.17979448802145,80.28088728478028,140.1167338688772,25.17979448802145,140.1167338688772,False,,-0.04233702392007299,0.6612,1.0,0.19259637741116906,0.8101,-0.05361257459037001,0.6612,valid,,,,,False,ok,False,,Sysco Corporation,Consumer Defensive,Food Distribution,general_dcf,40086048029.0,0.8101,0.14470530960124747,0.2579916819709189,0.06897076996557777,0.0757345396356697,0.03835616996896853,0.03588737180944631,0.04768810912481891,3.3451153657339225,0.0012577792335407795,-0.021751722499201764,elevated_leverage;thin_interest_coverage,8.0,2025.0,ttm,2026-04-29,2026-07-10,True,,,,0.16977301585138777,0.09629818870558453,0.125,0.28977301585138776,-0.28977301585138776,robust_return<=0; median_irr<=hurdle,False
145,PPG,116.76,-0.05160281318239865,-0.03913736894610335,-0.17063249854254534,0.04249598370515745,0.0,0.12,0.25,0.17063249854254534,0.29063249854254536,0.17063249854254534,0.29063249854254536,33.03073104297551,63.97790848404315,91.80787965407404,33.03073104297551,91.80787965407404,False,,-0.4520562822538271,0.7544,1.0,0.11393224112385139,0.7606,-0.15913736894610334,0.7544,valid,,,,,False,ok,False,,"PPG Industries, Inc.",Basic Materials,Chemicals - Specialty,general_dcf,26025804000.0,0.7606,0.11179084222607207,,0.08612832270142697,0.0256625195246451,0.12688760969798327,0.12796972892500466,0.004591619879200204,2.344854070660522,0.0026506784474597664,-0.018459166786427894,,8.0,2025.0,ttm,2026-04-29,2026-07-10,True,,,,0.17063249854254534,0.056966120561925696,0.125,0.29063249854254536,-0.29063249854254536,robust_return<=0; median_irr<=hurdle,False
146,MMM,157.52,-0.0548931653385807,-0.04414974781975611,-0.1708124174590921,0.03953925174428154,0.0,0.12,0.25,0.1708124174590921,0.2908124174590921,0.1708124174590921,0.2908124174590921,45.305812748761866,86.12463848513462,123.41256850392482,45.305812748761866,123.41256850392482,False,,-0.45324632754485383,0.7419,1.0,0.11291883460168681,0.9489,-0.1641497478197561,0.7419,valid,,,,,False,ok,False,,3M Company,Industrials,Conglomerates,general_dcf,82157274953.0,0.9489,0.3375467097765881,,0.09289131447104536,0.24465539530554276,0.2067602674975359,0.19601182864450128,-0.0381898272428316,1.3453352536405825,0.011133685493701747,-0.020869430778441722,weak_cash_conversion,8.0,2025.0,ttm,2026-04-21,2026-07-10,True,,,,0.1708124174590921,0.056459417300843404,0.125,0.2908124174590921,-0.2908124174590921,robust_return<=0; median_irr<=hurdle,False
147,BRK-B,493.71,0.043336400726224356,0.08175559709590652,-0.17146832120075928,0.18130272991384366,0.25,0.12,0.25,0.17146832120075928,0.2914683212007593,0.17146832120075928,0.2914683212007593,192.76026522246988,731.3372234642696,1135.737489993906,192.76026522246988,1135.737489993906,False,,0.4813093181508774,0.6,0.8,0.19438552555730146,0.26357234260466633,-0.03824440290409348,0.48,valid,,,specialist_model_v1,,False,specialist,False,,Berkshire Hathaway Inc.,Financial Services,Insurance - Diversified,insurance,1064860263431.0001,,,,,,,,,,,,,,,,,2026-07-10,True,2156853746.999251,0.607,Justified P/B residual-income proxy; no regulatory-capital or reserve-detail model,0.17146832120075928,0.09719276277865073,0.125,0.2914683212007593,-0.2914683212007593,robust_return<=0; median_irr<=hurdle,False
148,PKG,228.77,-0.10380460993328594,-0.10560538675345012,-0.17232986848975995,-0.031677797736483604,0.0,0.12,0.75,0.17232986848975995,0.29232986848975995,0.17232986848975995,0.29232986848975995,65.40502996948362,78.14364803864856,123.2743599879326,65.40502996948362,123.2743599879326,False,,-0.6584182889423938,0.69759,1.0,0.07939833537663818,0.7699,-0.2256053867534501,0.69759,valid,,,reinvestment_cap_hit,,False,ok,False,,Packaging Corporation of America,Consumer Cyclical,Packaging & Containers,general_dcf,20383109599.0,0.7699,0.10895146025628281,-0.007728144868957102,0.0793156605769259,0.02963579967935691,0.1454775627681674,0.13161749546988422,0.03606975223775488,1.9576036866359448,0.005126627704296114,-0.013116268150041743,incremental_roic_below_wacc,8.0,2025.0,ttm,2026-05-08,2026-07-10,True,,,,0.17232986848975995,0.03969916768831909,0.375,0.29232986848975995,-0.29232986848975995,robust_return<=0; median_irr<=hurdle,False
149,VRSK,185.39,-0.0326711594185326,-0.017987910789088322,-0.17235320835316087,0.07764439225720708,0.0,0.12,0.25,0.17235320835316087,0.29235320835316086,0.17235320835316087,0.29235320835316086,55.14233601454792,122.03668740488656,183.01075560213053,55.14233601454792,183.01075560213053,False,,-0.3417299347058279,0.7063200000000001,1.0,0.13380920030518398,0.943,-0.1379879107890883,0.7063200000000001,valid,,,share_change_floor_hit,,False,ok,False,,"Verisk Analytics, Inc.",Technology,Software - Services,general_dcf,24290138918.0,0.943,0.3719066841025896,,0.07479814523525209,0.2971085388673375,0.42172227797197337,0.44866711794475067,0.03623115196750715,2.3841367680409373,0.017639209815471735,-0.05242106460720275,,8.0,2025.0,ttm,2026-04-29,2026-07-10,True,,,,0.17235320835316087,0.06690460015259199,0.125,0.29235320835316086,-0.29235320835316086,robust_return<=0; median_irr<=hurdle,False
150,QCOM,189.16,-0.04496972077249664,-0.035560129809891775,-0.17446641075366642,0.06570778728346341,0.0,0.12,0.25,0.17446641075366642,0.2944664107536664,0.17446641075366642,0.2944664107536664,50.655796808356286,98.7252518530264,148.22631877918909,50.655796808356286,148.22631877918909,False,,-0.47808600204574747,0.5379,1.0,0.13395009901856492,0.8972,-0.15556012980989176,0.5379,valid,,,,,False,ok,False,,QUALCOMM Incorporated,Technology,Semiconductors,general_dcf,199374640000.0,0.8972,0.30269917712161976,0.19884242462262983,0.12219323214188837,0.18050594497973138,0.27240711397066963,0.25524310472722367,0.09994948852052121,0.4231245166279969,0.06796365689646322,-0.01943111813623355,heavy_sbc;cyclical_revenue,8.0,2025.0,ttm,2026-04-29,2026-07-10,True,,,,0.17446641075366642,0.06697504950928246,0.125,0.2944664107536664,-0.2944664107536664,robust_return<=0; median_irr<=hurdle,False
151,DGX,207.44,-0.07781402904729474,-0.07733384064340497,-0.1757290495588677,0.019140614656498682,0.0,0.12,0.75,0.1757290495588677,0.2957290495588677,0.1757290495588677,0.2957290495588677,61.06141125400502,89.33372908610556,156.9458510975282,61.06141125400502,156.9458510975282,False,,-0.5693514795309219,0.5631120000000001,1.0,0.1105414721076832,0.7229,-0.19733384064340498,0.5631120000000001,valid,,,forward_roic_floor_hit;reinvestment_cap_hit,,False,ok,False,,Quest Diagnostics Incorporated,Healthcare,Medical - Diagnostics & Research,general_dcf,22962778240.0,0.7229,0.09016698804137668,-0.182444261713831,0.06787632480469875,0.02229066323667793,0.14573039501972124,0.14311048058166342,0.056094577724565386,3.0063897763578273,0.00832252485948984,-0.017244827160577514,elevated_leverage;incremental_roic_below_wacc,8.0,2025.0,ttm,2026-04-22,2026-07-10,True,,,,0.1757290495588677,0.0552707360538416,0.375,0.2957290495588677,-0.2957290495588677,robust_return<=0; median_irr<=hurdle,False
152,ALGN,179.45,-0.12132774344790956,-0.12619257869955613,-0.17878947618301022,-0.054136340209515736,0.0,0.12,0.75,0.17878947618301022,0.2987894761830102,0.17878947618301022,0.2987894761830102,49.334605573826565,52.073715565749346,76.00005832991299,49.334605573826565,76.00005832991299,False,,-0.7098149035065514,0.42849000000000004,0.7999999999999999,0.08547186798674725,0.7135,-0.24619257869955613,0.342792,valid,,,forward_roic_floor_hit;reinvestment_cap_hit,,False,ok,False,,"Align Technology, Inc.",Healthcare,Medical - Devices,general_dcf,12851872890.0,0.7135,0.14695696076029993,-0.5358257089366919,0.1284638784761549,0.018493082284145035,0.1693170094374621,0.15271908249986865,0.10813455367511038,-1.1485499946113873,0.04343647881026613,-0.025430839830211993,cyclical_revenue;incremental_roic_below_wacc,8.0,2025.0,annual,2026-02-27,2026-07-10,True,,,,0.17878947618301022,0.04273593399337362,0.375,0.2987894761830102,-0.2987894761830102,robust_return<=0; median_irr<=hurdle,False
153,NTAP,168.87,-0.0929509955960384,-0.08663246581563724,-0.17951598206127528,-0.019023068691603806,0.0,0.12,0.75,0.17951598206127528,0.2995159820612753,0.17951598206127528,0.2995159820612753,46.60510196827958,75.71215652276554,99.61065447777995,46.60510196827958,99.61065447777995,False,,-0.5516541924393585,0.7137,1.0,0.08883545668483574,0.7371,-0.20663246581563724,0.7137,valid,,,forward_roic_cap_hit,,False,ok,False,,"NetApp, Inc.",Technology,Computer Hardware,general_dcf,33085010400.0,0.7371,2.861150546261354,0.538397152151984,0.11309587376535521,2.7480546724959987,0.1884048836470307,0.24115523465703972,0.017194231969849705,-0.4550802139037433,0.056955966815571156,-0.03288794110663151,heavy_sbc,8.0,2026.0,ttm,2026-06-05,2026-07-10,True,,,,0.17951598206127528,0.04441772834241787,0.375,0.2995159820612753,-0.2995159820612753,robust_return<=0; median_irr<=hurdle,False
154,ROL,44.47,-0.10294292022008446,-0.09419696904951703,-0.1795344145502895,-0.043843328231014285,0.0,0.12,0.75,0.1795344145502895,0.2995344145502895,0.1795344145502895,0.2995344145502895,12.124839958447899,19.336054246051248,24.75771095162726,12.124839958447899,24.75771095162726,False,,-0.5651887959062009,0.924,1.0,0.07012554315963762,0.9778,-0.21419696904951702,0.924,valid,,,,,False,ok,False,,"Rollins, Inc.",Consumer Cyclical,Personal Products & Services,general_dcf,21410704080.0,0.9778,0.23191815668701563,0.2277945761618683,0.08114369523505316,0.15077446145196247,0.18720936478423789,0.18985583762682154,0.10912535473277218,1.1078922126796136,0.00884820999625816,-0.007512778424072053,,8.0,2025.0,ttm,2026-04-23,2026-07-10,True,,,,0.1795344145502895,0.03506277157981881,0.375,0.2995344145502895,-0.2995344145502895,robust_return<=0; median_irr<=hurdle,False
155,ITW,268.81,-0.0885628009727952,-0.0791648383659776,-0.18047325104271292,-0.015448276116512689,0.0,0.12,0.75,0.18047325104271292,0.30047325104271294,0.18047325104271292,0.30047325104271294,72.96780147285801,124.77234878620861,166.05978370224406,72.96780147285801,166.05978370224406,False,,-0.5358344228778371,0.8499,1.0,0.08701548746310012,0.9848,-0.1991648383659776,0.8499,valid,,,,,False,ok,False,,Illinois Tool Works Inc.,Industrials,Industrial - Machinery,general_dcf,77336637000.0,0.9848,0.28815826409433676,0.4208160594421664,0.09095840629147918,0.1971998578028576,0.24190478911019891,0.2641637383638493,0.011909252837439377,1.7757148954332054,0.00428385174147886,-0.02373224311752742,,8.0,2025.0,ttm,2026-05-07,2026-07-10,True,,,,0.18047325104271292,0.04350774373155006,0.375,0.30047325104271294,-0.30047325104271294,robust_return<=0; median_irr<=hurdle,False
156,IEX,222.16,-0.13328211093103157,-0.13057472167711232,-0.18315494827111248,-0.08882405209878923,0.0,0.12,1.0,0.18315494827111248,0.30315494827111245,0.18315494827111248,0.30315494827111245,59.72225651233057,71.24973587506553,85.74124341855192,59.72225651233057,85.74124341855192,False,,-0.6792863887510554,0.73503,1.0,0.055114548086161626,0.7633,-0.2505747216771123,0.73503,valid,,,reinvestment_cap_hit,,False,ok,False,,IDEX Corporation,Industrials,Industrial - Machinery,general_dcf,16443183952.0,0.7633,0.10724302086651309,0.02470218066916018,0.08944966653078658,0.017793354335726513,0.2322517632887101,0.2080394323106994,0.048393072016545746,1.389965068275643,0.0078928046989721,-0.007067373967917012,incremental_roic_below_wacc,8.0,2025.0,ttm,2026-04-29,2026-07-10,True,,,,0.18315494827111248,0.027557274043080813,0.5,0.30315494827111245,-0.30315494827111245,robust_return<=0; median_irr<=hurdle,False
157,FISV,50.45,0.2219892137276475,0.30209604308474813,-0.25070494760293505,0.5344697163440287,0.75,0.12,0.25,0.25070494760293505,0.37070494760293504,0.25070494760293505,0.37070494760293504,10.236817700678284,118.59386078603289,263.6944001681456,10.236817700678284,263.6944001681456,False,,1.3507207291582337,0.368307,1.0,0.4115381219734819,0.6667,0.18209604308474814,0.368307,valid,,,forward_roic_cap_hit;share_change_floor_hit;intrinsic_2x_price,,False,ok,False,,"Fiserv, Inc.",Technology,Information Technology Services,general_dcf,26902664300.0,0.6667,0.0767878766895658,1.0079318519076124,0.0778773630574192,-0.0010894863678534011,0.2367339951540479,0.24376481744902798,0.20267803207389457,3.4091943014485815,0.01791232388833604,-0.06159539790027424,elevated_leverage;thin_interest_coverage;cyclical_revenue,8.0,2025.0,ttm,2026-05-06,2026-07-10,True,,,,0.25070494760293505,0.20576906098674094,0.125,0.37070494760293504,-0.3036377002625207,robust_return<=0,False
158,TPL,397.82,-0.0706923800131335,-0.06049835221347164,-0.18370124065986598,0.021928425034275306,0.0,0.12,0.25,0.18370124065986598,0.303701240659866,0.18370124065986598,0.303701240659866,109.6992422359882,208.0193977427501,310.29570560303307,109.6992422359882,310.29570560303307,False,,-0.47710170996241996,0.6166,1.0,0.11431683284707064,0.9816,-0.18049835221347163,0.6166,valid,,,,,False,ok,False,,Texas Pacific Land Corporation,Energy,Oil & Gas Exploration & Production,general_dcf,27439395808.0,0.9816,0.37095281994358054,0.16116902136869546,0.07528405717189006,0.29566876277169046,0.786585672348183,0.7442162033312476,0.14991745407168078,-0.33619581523426506,0.017706988862646867,-0.002553389969461861,cyclical_revenue,8.0,2025.0,ttm,2026-05-06,2026-07-10,True,,,,0.18370124065986598,0.05715841642353532,0.125,0.303701240659866,-0.303701240659866,robust_return<=0; median_irr<=hurdle,False
159,ABBV,248.08,-0.023089857144077516,-0.00606146313075439,-0.18395960003836076,0.10372309772355949,0.0,0.12,0.25,0.18395960003836076,0.30395960003836076,0.18395960003836076,0.30395960003836076,70.65501241572073,173.38987271840725,288.9830140831674,70.65501241572073,288.9830140831674,False,,-0.30107274782970317,0.6377,1.0,0.1547103488809601,0.8455,-0.1260614631307544,0.6377,valid,,,,,False,ok,False,,AbbVie Inc.,Healthcare,Drug Manufacturers - General,general_dcf,438305963034.0,0.8455,0.17156849812017677,,0.06831091163575986,0.10325758648441691,0.28007514501636444,0.2760470558270587,0.09331472871090596,2.5009654411474957,0.015614780902550687,-0.000750469325035974,,8.0,2025.0,ttm,2026-05-08,2026-07-10,True,,,,0.18395960003836076,0.07735517444048005,0.125,0.30395960003836076,-0.30395960003836076,robust_return<=0; median_irr<=hurdle,False
160,GOOGL,357.18,-0.10552921111629981,-0.0984567902385606,-0.1852650838845875,-0.039938180103490546,0.0,0.12,0.75,0.1852650838845875,0.3052650838845875,0.1852650838845875,0.3052650838845875,86.04263133789325,140.85989288543882,185.0262090242982,86.04263133789325,185.0262090242982,False,,-0.6056333140561094,0.7447,1.0,0.08032245189054849,0.9495,-0.2184567902385606,0.7447,valid,,,,,False,ok,False,,Alphabet Inc.,Communication Services,Internet Content & Information,general_dcf,4320045771254.0005,0.9495,0.26221298953631045,0.20436649731136108,0.106778910328457,0.15543407920785346,0.2694154064384683,0.32704240284357944,0.16685519908060154,-0.2253545571754438,0.065096652172174,-0.02389653605051978,heavy_sbc,8.0,2025.0,ttm,2026-04-30,2026-07-10,True,,,,0.1852650838845875,0.04016122594527424,0.375,0.3052650838845875,-0.3052650838845875,robust_return<=0; median_irr<=hurdle,False
161,LLY,1188.58,-0.050322005628004235,-0.03694493324364881,-0.18620601248039748,0.058807856455678154,0.0,0.12,0.25,0.18620601248039748,0.30620601248039747,0.18620601248039748,0.30620601248039747,327.38364456636384,726.3197433030625,1124.8726685310153,327.38364456636384,1124.8726685310153,False,,-0.3889180843501804,0.5872499999999999,0.85,0.1393894344680378,0.9387,-0.1569449332436488,0.49916249999999995,valid,,,base_growth_cap_hit,,False,ok,False,,Eli Lilly and Company,Healthcare,Drug Manufacturers - General,general_dcf,1119334517780.0,0.9387,0.4095918883332159,0.46811342852770665,0.07019119721085262,0.33940069112236326,0.2985125860686211,0.45865507719776605,0.17173452760489116,1.0826359832635983,0.014333066179425301,-0.01941725719694465,peak_cycle_margins,8.0,2025.0,ttm,2026-04-30,2026-07-10,True,,,,0.18620601248039748,0.0696947172340189,0.125,0.30620601248039747,-0.30620601248039747,robust_return<=0; median_irr<=hurdle,False
162,WM,233.33,-0.07196612078914763,-0.05881095421791539,-0.18673312375613016,0.01649054903537037,0.0,0.12,0.25,0.18673312375613016,0.30673312375613015,0.18673312375613016,0.30673312375613015,64.04624513161153,123.48864279378724,179.93703827308795,64.04624513161153,179.93703827308795,False,,-0.47075539881803785,0.8498,1.0,0.10611783639575026,0.8143,-0.17881095421791537,0.8498,valid,,,,,False,ok,False,,"Waste Management, Inc.",Industrials,Waste Management,general_dcf,93699728080.0,0.8143,0.11323527244135807,0.10289034716402387,0.06614399691654188,0.04709127552481619,0.18049160262802283,0.18462991382363358,0.07783831760085991,2.88197261663286,0.00455302065994321,-0.008587591856509813,,8.0,2025.0,ttm,2026-04-29,2026-07-10,True,,,,0.18673312375613016,0.05305891819787513,0.125,0.30673312375613015,-0.30673312375613015,robust_return<=0; median_irr<=hurdle,False
163,BSX,44.77,-0.029435243032639818,-0.012980687757953972,-0.18918365023564546,0.09740405362099412,0.0,0.12,0.25,0.18918365023564546,0.3091836502356454,0.18918365023564546,0.3091836502356454,13.19241872134898,30.97510087012812,51.86790740852722,13.19241872134898,51.86790740852722,False,,-0.30812819141996606,0.6649,1.0,0.1533468519283198,0.502,-0.13298068775795396,0.6649,valid,,,,,False,ok,False,,Boston Scientific Corporation,Healthcare,Medical - Devices,general_dcf,66544121364.0,0.502,0.10017304374020378,0.16740732851380255,0.071226036397905,0.028947007342298783,0.15840997764783987,0.20116420082464226,0.1074940369415851,1.7153943331528605,0.015883441810473516,0.012643072407720446,,8.0,2025.0,ttm,2026-03-31,2026-07-10,True,,,,0.18918365023564546,0.0766734259641599,0.125,0.3091836502356454,-0.3091836502356454,robust_return<=0; median_irr<=hurdle,False
164,MRK,123.54,0.007241492139291997,0.02870757047203372,-0.18929888003622175,0.1608497076493223,0.25,0.12,0.25,0.18929888003622175,0.30929888003622175,0.18929888003622175,0.30929888003622175,35.42556000121121,102.97342665855588,180.89414669565275,35.42556000121121,180.89414669565275,False,,-0.16647703854172025,0.675,1.0,0.18482429384277202,0.7935,-0.09129242952796628,0.675,valid,,,,,False,ok,False,,"Merck & Co., Inc.",Healthcare,Drug Manufacturers - General,general_dcf,305122108229.0,0.7935,0.16631601978689647,0.3538441559451518,0.06770587586841322,0.09861014391848326,0.24108456958368574,0.27591358834021923,0.0631423349445206,1.7830301039057046,0.01072943524910588,-0.009264693518373779,,8.0,2025.0,ttm,2026-05-04,2026-07-10,True,,,,0.18929888003622175,0.09241214692138601,0.125,0.30929888003622175,-0.30929888003622175,robust_return<=0; median_irr<=hurdle,False
165,FFIV,430.39,-0.11217627082223769,-0.1052089418546529,-0.19052751751441976,-0.0477596820652252,0.0,0.12,0.75,0.19052751751441976,0.31052751751441976,0.19052751751441976,0.31052751751441976,113.507064429759,181.15488267093744,233.75015803499463,113.507064429759,233.75015803499463,False,,-0.5790913295593823,0.7338600000000001,0.95,0.08086811772459729,0.9286,-0.2252089418546529,0.697167,valid,,,forward_roic_cap_hit,,False,ok,False,,"F5, Inc.",Technology,Software - Infrastructure,general_dcf,24282279716.0,0.9286,0.2622348993366424,1.0870605327209826,0.0968094838992797,0.16542541543736272,0.19959417324742823,0.2464835445982091,0.052290955682298135,-1.3272722795939251,0.07780492308566396,-0.021171680882617117,heavy_sbc,8.0,2025.0,ttm,2026-05-05,2026-07-10,True,,,,0.19052751751441976,0.040434058862298644,0.375,0.31052751751441976,-0.31052751751441976,robust_return<=0; median_irr<=hurdle,False
166,BAC,59.67,-0.1007772960326877,-0.08492089738143827,-0.19238858870120734,-0.04087880066666694,0.0,0.12,0.75,0.19238858870120734,0.31238858870120734,0.19238858870120734,0.31238858870120734,20.50068023451456,38.28681377564667,48.43100587540626,20.50068023451456,48.43100587540626,False,,-0.35835740278788886,0.6,0.8,0.09375489401727019,0.5354501514449488,-0.20492089738143826,0.48,valid,,,specialist_model_v1,,False,specialist,False,,Bank of America Corporation,Financial Services,Banks - Diversified,bank,423453564145.0,,,,,,,,,,,,,,,,,2026-07-10,True,7096590650.99715,1.175,Justified P/B residual-income proxy; no regulatory-capital or reserve-detail model,0.19238858870120734,0.046877447008635095,0.375,0.31238858870120734,-0.31238858870120734,robust_return<=0; median_irr<=hurdle,False
167,UNP,286.96,-0.10507190245043602,-0.0955499439645791,-0.19344543487241028,-0.03574228700017555,0.0,0.12,0.75,0.19344543487241028,0.3134454348724103,0.19344543487241028,0.3134454348724103,71.23540829765375,115.57638384169522,154.06800764969398,71.23540829765375,154.06800764969398,False,,-0.5972386958402034,0.8263,0.7,0.09306257393611736,0.853,-0.2155499439645791,0.57841,valid,,,,,False,ok,False,,Union Pacific Corporation,Industrials,Railroads,general_dcf,170371882480.0,0.853,0.15539717537189446,0.0937992238101382,0.08642545500802676,0.0689717203638677,0.39960472465419883,0.4014279885760914,0.010182656377619725,2.461719765929779,0.0,-0.0165656401599229,,8.0,2025.0,annual,2026-02-06,2026-07-10,True,,,,0.19344543487241028,0.04653128696805868,0.375,0.3134454348724103,-0.3134454348724103,robust_return<=0; median_irr<=hurdle,False
168,KO,83.49,-0.06983195721695662,-0.054659496643580455,-0.19437060982454565,0.024361774243880085,0.0,0.12,0.25,0.19437060982454565,0.3143706098245457,0.19437060982454565,0.3143706098245457,22.88811228559308,46.75726577816609,67.89695141269729,22.88811228559308,67.89695141269729,False,,-0.43996567519264473,0.8095,1.0,0.11508119203421287,0.9086,-0.17465949664358044,0.8095,valid,,,,,False,ok,False,,The Coca-Cola Company,Consumer Defensive,Beverages - Non-Alcoholic,general_dcf,359214055200.0,0.9086,0.1777041809221706,0.3070694854507463,0.06829973145084434,0.10940444947132627,0.2667444120505345,0.29344209073938804,0.04899466931403018,2.115352376039719,0.0058196533238772654,-0.0027662658604344914,weak_cash_conversion,8.0,2025.0,ttm,2026-04-30,2026-07-10,True,,,,0.19437060982454565,0.057540596017106434,0.125,0.3143706098245457,-0.3143706098245457,robust_return<=0; median_irr<=hurdle,False
169,ADSK,208.45,-0.08181946196928036,-0.07151093554275573,-0.19829086119134443,0.014034884399734465,0.0,0.12,0.75,0.19829086119134443,0.3182908611913444,0.19829086119134443,0.3182908611913444,50.17413341577128,96.99580975261948,140.50768954252908,50.17413341577128,140.50768954252908,False,,-0.5346806919999065,0.66276,1.0,0.11628007279553945,0.8164,-0.19151093554275572,0.66276,valid,,,forward_roic_cap_hit,,False,ok,False,,"Autodesk, Inc.",Technology,Software - Application,general_dcf,44013227571.0,0.8164,0.536810308317395,0.9112533635999258,0.10783923583999191,0.42897107247740307,0.1817827291442067,0.26601838284268015,0.1586991935968085,-0.09111617312072894,0.11140107649649324,-0.009259790999624373,heavy_sbc,8.0,2026.0,ttm,2026-05-29,2026-07-10,True,,,,0.19829086119134443,0.058140036397769726,0.375,0.3182908611913444,-0.3182908611913444,robust_return<=0; median_irr<=hurdle,False
170,AAPL,315.32,-0.12246500035289498,-0.11756941860803632,-0.2002701639954466,-0.054451000200060634,0.0,0.12,0.75,0.2002701639954466,0.3202701639954466,0.2002701639954466,0.3202701639954466,76.24987297771347,122.25570713316867,162.1148582913709,76.24987297771347,162.1148582913709,False,,-0.6122805177814009,0.69309,0.95,0.08361688189769298,0.9712,-0.23756941860803632,0.6584355,valid,,,forward_roic_cap_hit,,False,ok,False,,Apple Inc.,Technology,Consumer Electronics,general_dcf,4631217093920.0,0.9712,1.0115830694535688,,0.09994066567330988,0.911642403780259,0.2980189489629316,0.32643396050876966,0.06625988170490915,0.10129019352902935,0.02988990755303234,-0.032873323384973285,,8.0,2025.0,ttm,2026-05-01,2026-07-10,True,,,,0.2002701639954466,0.04180844094884649,0.375,0.3202701639954466,-0.3202701639954466,robust_return<=0; median_irr<=hurdle,False
171,GWW,1375.76,-0.11331113587266368,-0.10659628017419887,-0.20093774085689797,-0.03911424228535904,0.0,0.12,0.75,0.20093774085689797,0.32093774085689797,0.20093774085689797,0.32093774085689797,331.1670145196493,558.7876567146695,760.8061110350266,331.1670145196493,760.8061110350266,False,,-0.5938334762497314,0.8166,1.0,0.08641374928576948,0.9434,-0.22659628017419886,0.8166,valid,,,,,False,ok,False,,"W.W. Grainger, Inc.",Industrials,Industrial - Distribution,general_dcf,64953920595.0,0.9434,0.3289200251333505,0.4509324118893471,0.09523509813762505,0.23368492699572546,0.13212734752047384,0.14234410708455764,0.06935006106097008,0.7265761058864507,0.0036113699906803356,-0.024742840573265146,,8.0,2025.0,ttm,2026-05-07,2026-07-10,True,,,,0.20093774085689797,0.04320687464288474,0.375,0.32093774085689797,-0.32093774085689797,robust_return<=0; median_irr<=hurdle,False
172,COST,916.25,-0.13524699611743923,-0.12784133693858163,-0.20113261630576737,-0.08417269428682625,0.0,0.12,1.0,0.20113261630576737,0.3211326163057674,0.20113261630576737,0.3211326163057674,228.6620584894815,334.61627996865286,415.33696773306616,228.6620584894815,415.33696773306616,False,,-0.6347980573329846,0.8944,1.0,0.061647961009470564,0.981,-0.24784133693858162,0.8944,valid,,,,,False,ok,False,,Costco Wholesale Corporation,Consumer Defensive,Discount Stores,general_dcf,406337633750.0,0.981,0.38993330020520345,0.4250510050253514,0.08833773724485304,0.3015955629603504,0.03386284317762697,0.03823398174987312,0.09962564637566751,-0.8530819434372734,0.0031945189648768003,-0.0002451377367429508,,8.0,2025.0,ttm,2026-05-28,2026-07-10,True,,,,0.20113261630576737,0.030823980504735282,0.5,0.3211326163057674,-0.3211326163057674,robust_return<=0; median_irr<=hurdle,False
173,ROST,222.88,-0.09103245621445236,-0.084744533689809,-0.201467712392332,0.0068269549141405424,0.0,0.12,0.75,0.201467712392332,0.32146771239233196,0.201467712392332,0.32146771239233196,56.71762751593045,104.04175064834457,156.26201161320964,56.71762751593045,156.26201161320964,False,,-0.5331938682324813,0.5573,1.0,0.11742833365323627,0.9243,-0.204744533689809,0.5573,valid,,,,,False,ok,False,,"Ross Stores, Inc.",Consumer Cyclical,Apparel - Retail,general_dcf,71495686219.0,0.9243,0.3208454271649035,0.13945448458229762,0.0868612855356826,0.23398414162922088,0.12068597176322433,0.12217804427175162,0.061478219668546163,0.1725957565874324,0.007397244545574543,-0.02372314116180152,cyclical_revenue,8.0,2025.0,ttm,2026-06-02,2026-07-10,True,,,,0.201467712392332,0.05871416682661813,0.375,0.32146771239233196,-0.32146771239233196,robust_return<=0; median_irr<=hurdle,False
174,ROP,355.9,-0.10314781211563966,-0.09102736480708695,-0.2016927379765548,-0.028843780871829917,0.0,0.12,0.75,0.2016927379765548,0.3216927379765548,0.2016927379765548,0.3216927379765548,86.47196241781946,143.59808469963434,198.0032996724633,86.47196241781946,198.0032996724633,False,,-0.5965212568147391,0.7126199999999999,1.0,0.09504587855236243,0.5733,-0.21102736480708695,0.7126199999999999,valid,,,reinvestment_cap_hit,,False,ok,False,,"Roper Technologies, Inc.",Technology,Software - Application,general_dcf,35916488068.0,0.5733,0.062017847482421465,0.07287317514358209,0.07518018960974517,-0.0131623421273237,0.28084670952713225,0.2808626001232286,0.06186905149521538,3.1555701630826056,0.020726787134901694,-0.006914111743746454,elevated_leverage;incremental_roic_below_wacc,8.0,2025.0,ttm,2026-05-01,2026-07-10,True,,,,0.2016927379765548,0.04752293927618122,0.375,0.3216927379765548,-0.3216927379765548,robust_return<=0; median_irr<=hurdle,False
175,A,134.29,-0.1521985125378705,-0.15086435595003417,-0.20384898117044936,-0.10321635708096435,0.0,0.12,1.0,0.20384898117044936,0.32384898117044936,0.20384898117044936,0.32384898117044936,31.241215374865426,40.33675031616448,49.093829063150665,31.241215374865426,49.093829063150665,False,,-0.6996295307456661,0.8056,1.0,0.05614831204474251,0.8019,-0.27086435595003416,0.8056,valid,,,,,False,ok,False,,"Agilent Technologies, Inc.",Healthcare,Medical - Diagnostics & Research,general_dcf,37927793280.0,0.8019,0.1563631525438916,0.06527467842826057,0.10383810998577887,0.05252504255811273,0.20521881264522696,0.215016592920354,0.05072541423244137,0.8449781659388647,0.018422567645365574,-0.01810353813094956,incremental_roic_below_wacc,8.0,2025.0,ttm,2026-06-01,2026-07-10,True,,,,0.20384898117044936,0.028074156022371254,0.5,0.32384898117044936,-0.32384898117044936,robust_return<=0; median_irr<=hurdle,False
176,MTD,1296.17,-0.12981195611846486,-0.12497702752443726,-0.20411426732789548,-0.06517950209708939,0.0,0.12,0.75,0.20411426732789548,0.3241142673278955,0.20411426732789548,0.3241142673278955,292.1069514167461,466.19731912764183,611.1766335335793,292.1069514167461,611.1766335335793,False,,-0.6403270256774638,0.8528,1.0,0.07388338261540305,0.9773,-0.24497702752443726,0.8528,valid,,,,,False,ok,False,,Mettler-Toledo International Inc.,Healthcare,Medical - Diagnostics & Research,general_dcf,26192486188.0,0.9773,0.4376220756426632,0.26524520333931784,0.10325398465707215,0.33436809098559106,0.2726700953622288,0.28000612257572655,0.046172122400079285,1.753196375648433,0.005159384675137468,-0.03704082269681719,,8.0,2025.0,ttm,2026-05-08,2026-07-10,True,,,,0.20411426732789548,0.03694169130770152,0.375,0.3241142673278955,-0.3241142673278955,robust_return<=0; median_irr<=hurdle,False
177,TYL,309.48,-0.13702648487342228,-0.13267243199516085,-0.20451652763877062,-0.07824454786459681,0.0,0.12,1.0,0.20451652763877062,0.3245165276387706,0.20451652763877062,0.3245165276387706,75.46387802675152,104.59816358646462,136.95027922007282,75.46387802675152,136.95027922007282,False,,-0.6620196342688878,0.64125,1.0,0.0738984898870869,0.7381,-0.2526724319951609,0.64125,valid,,,reinvestment_cap_hit,,False,ok,False,,"Tyler Technologies, Inc.",Technology,Software - Application,general_dcf,13049997900.0,0.7381,0.10124837334196077,,0.0865315631741427,0.014716810167818062,0.14201850877509714,0.15471012879524237,0.13944339404503459,-0.5732371259187539,0.0574482307303339,0.006188189271232547,heavy_sbc,8.0,2025.0,ttm,2026-04-29,2026-07-10,True,,,,0.20451652763877062,0.03694924494354345,0.5,0.3245165276387706,-0.3245165276387706,robust_return<=0; median_irr<=hurdle,False
178,DOV,215.33,-0.15505678616827934,-0.15276613772730344,-0.20519622483407143,-0.10949864438443907,0.0,0.12,1.0,0.20519622483407143,0.3251962248340714,0.20519622483407143,0.3251962248340714,50.92291396612388,62.77972545570755,72.92958575861323,50.92291396612388,72.92958575861323,False,,-0.708448774180525,0.72297,1.0,0.05615969022481618,0.7605,-0.2727661377273034,0.72297,valid,,,reinvestment_cap_hit,,False,ok,False,,Dover Corporation,Industrials,Industrial - Machinery,general_dcf,28996642276.999996,0.7605,0.12229215992717236,0.0309088815527848,0.09803288885299367,0.02425927107417869,0.1572083358717778,0.16702155218483758,0.021099944953815397,0.929849859608325,0.005210363302744713,-0.018203709976368554,incremental_roic_below_wacc,8.0,2025.0,ttm,2026-04-23,2026-07-10,True,,,,0.20519622483407143,0.02807984511240809,0.5,0.3251962248340714,-0.3251962248340714,robust_return<=0; median_irr<=hurdle,False
179,SWK,88.22,-0.017212051532987948,0.016967214283067758,-0.21039207913563585,0.10760944443754854,0.0,0.12,0.25,0.21039207913563585,0.33039207913563584,0.21039207913563585,0.33039207913563584,19.581117622968137,60.50554063788203,90.49772165062313,19.581117622968137,90.49772165062313,False,,-0.3141516590582404,0.6687,1.0,0.1689397617865922,0.6511,-0.10303278571693224,0.6687,valid,,,,,False,ok,False,,"Stanley Black & Decker, Inc.",Industrials,Manufacturing - Tools & Accessories,general_dcf,13714289856.0,0.6511,0.07053716551040634,,0.09519411840923733,-0.02465695289883099,0.11132867047083822,0.07787450269823137,0.011336139540656154,3.6586858365019013,0.0054724263733939614,-0.008945795663361622,elevated_leverage;thin_interest_coverage,8.0,2025.0,ttm,2026-04-29,2026-07-10,True,,,,0.21039207913563585,0.0844698808932961,0.125,0.33039207913563584,-0.33039207913563584,robust_return<=0; median_irr<=hurdle,False
180,CTAS,179.64,-0.1275089619171922,-0.11883485778816974,-0.21214922756189475,-0.06021690453053449,0.0,0.12,0.75,0.21214922756189475,0.33214922756189474,0.21214922756189475,0.33214922756189474,40.9916718102017,68.46852769854685,90.6936365379615,40.9916718102017,90.6936365379615,False,,-0.6188570045727741,0.8673,1.0,0.07994716151568013,0.9597,-0.23883485778816974,0.8673,valid,,,,,False,ok,False,,Cintas Corporation,Industrials,Specialty Business Services,general_dcf,71880589303.0,0.9597,0.27336008880403845,0.6799586534569824,0.09057211196324959,0.18278797684078885,0.1983947976835504,0.22951671365649154,0.06911779918813399,0.901169583706489,0.012190340031354805,-0.012196065681276402,,8.0,2025.0,ttm,2026-04-07,2026-07-10,True,,,,0.21214922756189475,0.03997358075784006,0.375,0.33214922756189474,-0.33214922756189474,robust_return<=0; median_irr<=hurdle,False
181,AME,233.98,-0.13816458162473277,-0.1320308108668541,-0.21457928658637682,-0.0740174181788461,0.0,0.12,1.0,0.21457928658637682,0.3345792865863768,0.21457928658637682,0.3345792865863768,53.08887334142287,79.25146666302902,104.78990598787198,53.08887334142287,104.78990598787198,False,,-0.6612895689245704,0.7887,1.0,0.07661993420376535,0.7889,-0.2520308108668541,0.7887,valid,,,,,False,ok,False,,"AMETEK, Inc.",Industrials,Electrical Equipment & Parts,general_dcf,53628917940.0,0.7889,0.12772128848845107,0.15542265014439383,0.09330576340926953,0.03441552507918154,0.23996926366993981,0.2616589067416449,0.062368142586528785,0.7038871290201842,0.006895513442959266,-0.002454884771549426,,8.0,2025.0,ttm,2026-04-30,2026-07-10,True,,,,0.21457928658637682,0.038309967101882676,0.5,0.3345792865863768,-0.3345792865863768,robust_return<=0; median_irr<=hurdle,False
182,TJX,151.34,-0.06415217963367464,-0.050848559921723754,-0.21615765145979815,0.06124605276854711,0.0,0.12,0.25,0.21615765145979815,0.33615765145979815,0.21615765145979815,0.33615765145979815,36.43361420772989,85.8012197364002,141.865730000734,36.43361420772989,141.865730000734,False,,-0.43305656312673324,0.541,1.0,0.15247185211417263,0.9153,-0.17084855992172376,0.541,valid,,,,,False,ok,False,,"The TJX Companies, Inc.",Consumer Cyclical,Apparel - Retail,general_dcf,167185970858.0,0.9153,0.30122773677764214,0.3518534824190332,0.07430296969559763,0.2269247670820445,0.1063916885959994,0.12392829306313329,0.06451848879760735,0.9642336584818926,0.003246983676366217,-0.016688970043847173,cyclical_revenue,8.0,2026.0,ttm,2026-05-29,2026-07-10,True,,,,0.21615765145979815,0.07623592605708632,0.125,0.33615765145979815,-0.33615765145979815,robust_return<=0; median_irr<=hurdle,False
183,ABT,93.93,-0.12902549651771547,-0.12577417605207294,-0.21623554682009852,-0.04831808714661745,0.0,0.12,0.75,0.21623554682009852,0.3362355468200985,0.21623554682009852,0.3362355468200985,19.622004549003833,30.443725735648083,48.978498473283544,19.622004549003833,48.978498473283544,False,,-0.6758892181875005,0.598023,1.0,0.09601803983674054,0.7308,-0.24577417605207294,0.598023,valid,,,forward_roic_floor_hit;reinvestment_cap_hit,,False,ok,False,,Abbott Laboratories,Healthcare,Medical - Devices,general_dcf,163608213300.0,0.7308,0.08949712593777351,-0.07363566932580261,0.07184425331985092,0.017652872617922588,0.16156574496594517,0.18172552842646342,0.05448021910170198,2.369110874955721,0.01604290822407628,-0.003222771166020877,incremental_roic_below_wacc,8.0,2025.0,ttm,2026-04-29,2026-07-10,True,,,,0.21623554682009852,0.04800901991837027,0.375,0.3362355468200985,-0.3362355468200985,robust_return<=0; median_irr<=hurdle,False
184,WMT,113.9,-0.14791230908158465,-0.1419185541511979,-0.21750242830021305,-0.09030969972372982,0.0,0.12,1.0,0.21750242830021305,0.33750242830021304,0.21750242830021305,0.33750242830021304,25.88209953474193,39.382942405745304,51.10885977733639,25.88209953474193,51.10885977733639,False,,-0.6542322879214635,0.9075,1.0,0.06637136428824161,0.8414,-0.2619185541511979,0.9075,valid,,,,,False,ok,False,,Walmart Inc.,Consumer Defensive,Discount Stores,general_dcf,906425312000.0,0.8414,0.14254615440729357,0.09590727000201303,0.07343569725043703,0.06911045715685654,0.0417489397208882,0.041614217467134514,0.04777754991382177,1.4150943396226414,0.0,-0.008319034749429188,,8.0,2026.0,ttm,2026-05-29,2026-07-10,True,,,,0.21750242830021305,0.03318568214412081,0.5,0.33750242830021304,-0.33750242830021304,robust_return<=0; median_irr<=hurdle,False
185,WSM,221.75,-0.16509901932149657,-0.16562344505509824,-0.21874543932499357,-0.11040374785079618,0.0,0.12,1.0,0.21874543932499357,0.33874543932499357,0.21874543932499357,0.33874543932499357,47.313924134975274,61.62368493427156,74.93742001777983,47.313924134975274,74.93742001777983,False,,-0.7221028864294405,0.7133,0.95,0.0642718457370987,0.9245,-0.28562344505509824,0.677635,valid,,,,,False,ok,False,,"Williams-Sonoma, Inc.",Consumer Cyclical,Specialty Retail,general_dcf,26110310989.0,0.9245,0.3966256074794315,-0.06734620042273971,0.11688155311621135,0.27974405436322014,0.16663394849440455,0.1797346386948043,0.0467045849233334,0.47794949520752267,0.012835696522912865,-0.046260428596221814,incremental_roic_below_wacc,8.0,2025.0,ttm,2026-05-22,2026-07-10,True,,,,0.21874543932499357,0.03213592286854935,0.5,0.33874543932499357,-0.33874543932499357,robust_return<=0; median_irr<=hurdle,False
186,GDDY,88.92,0.0011148803372634936,0.03471348583116198,-0.21930529108503827,0.15433784077176826,0.25,0.12,0.25,0.21930529108503827,0.33930529108503826,0.21930529108503827,0.33930529108503826,21.367236328352153,70.93832176813417,117.80173676833627,21.367236328352153,117.80173676833627,False,,-0.2022231020227826,0.6130890000000001,1.0,0.19842889592840326,0.733,-0.085286514168838,0.6130890000000001,valid,,,forward_roic_cap_hit;share_change_floor_hit,,False,ok,False,,GoDaddy Inc.,Technology,Software - Infrastructure,general_dcf,11773883595.0,0.733,0.3819031766830754,6.204132231404959,0.08126528169933082,0.30063789498374455,0.11102806941403387,0.23850946513525886,0.09280680491839521,1.9770677266473016,0.06557771363596607,-0.05956701407576903,heavy_sbc;peak_cycle_margins,8.0,2025.0,ttm,2026-05-01,2026-07-10,True,,,,0.21930529108503827,0.09921444796420163,0.125,0.33930529108503826,-0.33930529108503826,robust_return<=0; median_irr<=hurdle,False
187,ISRG,406.78,-0.14808385155702122,-0.1410285520352772,-0.21977689656341676,-0.09050140559411371,0.0,0.12,1.0,0.21977689656341676,0.33977689656341675,0.21977689656341676,0.33977689656341675,81.03666477024021,122.99240917454067,156.84869983475318,81.03666477024021,156.84869983475318,False,,-0.6976439127426602,0.7599,1.0,0.07184074548465152,0.8869,-0.2610285520352772,0.7599,valid,,,,,False,ok,False,,"Intuitive Surgical, Inc.",Healthcare,Medical - Devices,general_dcf,144066425140.0,0.8869,0.2197763862470826,0.22610213095241274,0.11859999999999998,0.10117638624708261,0.2869455859558496,0.3045425766152276,0.1526066469941605,-1.148778701154361,0.08103351252978293,-0.0020299003963198947,heavy_sbc,8.0,2025.0,ttm,2026-04-22,2026-07-10,True,,,,0.21977689656341676,0.03592037274232576,0.5,0.33977689656341675,-0.33977689656341675,robust_return<=0; median_irr<=hurdle,False
188,NFLX,73.37,-0.1268134792684577,-0.12011033176677298,-0.2210578668047674,-0.0459753867355175,0.0,0.12,0.75,0.2210578668047674,0.3410578668047674,0.2210578668047674,0.3410578668047674,15.07679779589523,25.86239458517067,36.193228122733046,15.07679779589523,36.193228122733046,False,,-0.6475072293148334,0.6498,1.0,0.09804724003462496,0.9074,-0.240110331766773,0.6498,valid,,,forward_roic_cap_hit,,False,ok,False,,"Netflix, Inc.",Communication Services,Entertainment,general_dcf,308946396000.0,0.9074,0.34195123765986724,1.526529513517013,0.11792581864030427,0.22402541901956297,0.19482409221340108,0.2972190952815688,0.16201185019113717,0.14295863631880354,0.00815458704457133,-0.01609850932772472,peak_cycle_margins,8.0,2025.0,ttm,2026-04-17,2026-07-10,True,,,,0.2210578668047674,0.04902362001731248,0.375,0.3410578668047674,-0.3410578668047674,robust_return<=0; median_irr<=hurdle,False
189,NDSN,286.6,-0.1593934210784937,-0.1550190887704957,-0.22168807771668075,-0.10584742905630264,0.0,0.12,1.0,0.22168807771668075,0.34168807771668075,0.22168807771668075,0.34168807771668075,60.915601514063326,82.45583030732728,101.36535073796763,60.915601514063326,101.36535073796763,False,,-0.7122964748523124,0.73809,1.0,0.06577762433018906,0.7632,-0.2750190887704957,0.73809,valid,,,reinvestment_cap_hit,,False,ok,False,,Nordson Corporation,Industrials,Industrial - Machinery,general_dcf,15968778800.0,0.7632,0.11998824591370559,0.03974633978397207,0.08900497083586037,0.03098327507784522,0.2532505691538013,0.2636817205456467,0.03099100141540756,2.046836845276565,0.007047418864717588,-0.012375917292465122,incremental_roic_below_wacc,8.0,2025.0,ttm,2026-05-21,2026-07-10,True,,,,0.22168807771668075,0.03288881216509453,0.5,0.34168807771668075,-0.34168807771668075,robust_return<=0; median_irr<=hurdle,False
190,MET,91.65,-0.08306504308001156,-0.059448148941892986,-0.22300549883365384,0.009641624397393578,0.0,0.12,0.25,0.22300549883365384,0.34300549883365383,0.22300549883365384,0.34300549883365383,25.955069475889744,67.45997589810668,96.1542984856426,25.955069475889744,96.1542984856426,False,,-0.2639391609590107,0.6,0.8,0.1343235616155237,0.38474768379836016,-0.17944814894189298,0.48,valid,,,specialist_model_v1,,False,specialist,False,,"MetLife, Inc.",Financial Services,Insurance - Life,insurance,58970980795.00001,,,,,,,,,,,,,,,,,2026-07-10,True,643436778.9961811,0.778,Justified P/B residual-income proxy; no regulatory-capital or reserve-detail model,0.22300549883365384,0.06716178080776185,0.125,0.34300549883365383,-0.34300549883365383,robust_return<=0; median_irr<=hurdle,False
191,CSCO,121.31,-0.1829778090381296,-0.18049258631072002,-0.22719895329209974,-0.1437271102389786,0.0,0.12,1.0,0.22719895329209974,0.3471989532920997,0.22719895329209974,0.3471989532920997,22.61054285429249,27.206647289222794,33.9985830979737,22.61054285429249,33.9985830979737,False,,-0.7757262609082286,0.76905,1.0,0.048664421526560565,0.8698,-0.30049258631072,0.76905,valid,,,reinvestment_cap_hit,,False,ok,False,,"Cisco Systems, Inc.",Technology,Communication Equipment,general_dcf,478135439211.0,0.8698,0.18079819819324663,-0.02843197082884546,0.0930678491018497,0.08773034909139693,0.2606543314348322,0.23361208968491753,0.019972575142745974,0.8770261379269095,0.0571343605375165,-0.016574072843876686,heavy_sbc;incremental_roic_below_wacc,8.0,2025.0,ttm,2026-05-19,2026-07-10,True,,,,0.22719895329209974,0.024332210763280283,0.5,0.3471989532920997,-0.3471989532920997,robust_return<=0; median_irr<=hurdle,False
192,SLB,47.76,-0.011878004047321117,0.011144173529464778,-0.22730995621532196,0.15750959296710793,0.25,0.12,0.25,0.22730995621532196,0.34730995621532196,0.22730995621532196,0.34730995621532196,11.592742493095901,37.40063968282265,70.53168762225066,11.592742493095901,70.53168762225066,False,,-0.21690452925413206,0.5538,1.0,0.20579577459121495,0.6346,-0.10885582647053521,0.5538,valid,,,,,False,ok,False,,Slb N.V.,Energy,Oil & Gas Equipment & Services,general_dcf,71404065600.0,0.6346,0.12134802607850606,0.26793802341834855,0.07762083872513512,0.043727187353370944,0.13417969730870635,0.14321090706733444,0.012147044721517952,1.0492661135928525,0.008842613550626226,0.01777541240220315,cyclical_revenue,8.0,2025.0,ttm,2026-04-29,2026-07-10,True,,,,0.22730995621532196,0.10289788729560748,0.125,0.34730995621532196,-0.34730995621532196,robust_return<=0; median_irr<=hurdle,False
193,PTC,124.74,-0.06970925418354451,-0.0533022369840182,-0.2279583788797026,0.05572583611356095,0.0,0.12,0.25,0.2279583788797026,0.3479583788797026,0.2279583788797026,0.3479583788797026,28.282010361759717,64.45567794455003,105.6806038341198,28.282010361759717,105.6806038341198,False,,-0.48327979842432234,0.6673,1.0,0.15182310749663178,0.5703,-0.1733022369840182,0.6673,valid,,,,,False,ok,False,,PTC Inc.,Technology,Software - Application,general_dcf,14408218440.0,0.5703,0.19333345910402724,0.29146960792156157,0.09120515778852595,0.1021283013155013,0.21465823542404253,0.38705276430520436,0.11964698925178596,0.7267853670731369,0.09722154544410373,0.0009013606968777399,heavy_sbc;peak_cycle_margins,8.0,2025.0,ttm,2026-05-07,2026-07-10,True,,,,0.2279583788797026,0.07591155374831589,0.125,0.3479583788797026,-0.3479583788797026,robust_return<=0; median_irr<=hurdle,False
194,CMI,675.95,-0.13683955634805894,-0.13053102528501764,-0.22907314592011965,-0.05722302890208081,0.0,0.12,0.75,0.22907314592011965,0.3490731459201196,0.22907314592011965,0.3490731459201196,135.519180748391,221.31547594766909,313.9839558042778,135.519180748391,313.9839558042778,False,,-0.6725860256710273,0.6785,1.0,0.09557005850901942,0.8109,-0.25053102528501764,0.6785,valid,,,,,False,ok,False,,Cummins Inc.,Industrials,Industrial - Machinery,general_dcf,93273709839.0,0.8109,0.17083794841286554,0.13010139299735682,0.10187881967995281,0.06895912873291273,0.11359188026109883,0.11240927597804921,0.05099192828886134,1.02637987012987,0.0,-0.008266792915946009,,8.0,2025.0,ttm,2026-05-05,2026-07-10,True,,,,0.22907314592011965,0.04778502925450971,0.375,0.3490731459201196,-0.3490731459201196,robust_return<=0; median_irr<=hurdle,False
195,KVUE,19.48,-0.02770136166363952,-0.0025979343103244615,-0.2306152616627514,0.12500568362884223,0.25,0.12,0.25,0.2306152616627514,0.35061526166275137,0.2306152616627514,0.35061526166275137,4.463943146603784,13.996722798963592,24.88729085807265,4.463943146603784,24.88729085807265,False,,-0.2814824025172694,0.741,0.95,0.1870804726457968,0.5185,-0.12259793431032445,0.70395,valid,,,,,False,ok,False,,Kenvue Inc.,Consumer Defensive,Household & Personal Products,general_dcf,37401768853.0,0.5185,0.12068022198095033,,0.06566196072181738,0.05501826125913295,0.16265216265216265,0.1962464033481559,0.009098884434247001,2.1279102384291724,0.012173012173012173,0.0012354431745782435,,7.0,2025.0,ttm,2026-05-07,2026-07-10,True,,,,0.2306152616627514,0.0935402363228984,0.125,0.35061526166275137,-0.35061526166275137,robust_return<=0; median_irr<=hurdle,False
196,LII,552.03,-0.14239540229427797,-0.1342865682949195,-0.23338925097923488,-0.06761922160803804,0.0,0.12,0.75,0.23338925097923488,0.3533892509792349,0.23338925097923488,0.3533892509792349,107.92461045726948,181.78379758491073,251.3329457729119,107.92461045726948,251.3329457729119,False,,-0.6706994228847876,0.7943,1.0,0.08905601468559841,0.9501,-0.25428656829491947,0.7943,valid,,,,,False,ok,False,,Lennox International Inc.,Industrials,Construction,general_dcf,19210644000.0,0.9501,0.2652154711658351,0.1663844299821386,0.09867906538102708,0.16653640578480802,0.1496697217049871,0.19515767050857774,0.04243489707952652,1.6675713535282788,0.005601216484129886,-0.007504973290857975,,8.0,2025.0,ttm,2026-04-29,2026-07-10,True,,,,0.23338925097923488,0.04452800734279921,0.375,0.3533892509792349,-0.3533892509792349,robust_return<=0; median_irr<=hurdle,False
197,PGR,230.72,-0.0683333479652514,-0.03875492798276792,-0.24117364637195082,0.045350110476481076,0.0,0.12,0.25,0.24117364637195082,0.3611736463719508,0.24117364637195082,0.3611736463719508,58.049337749186286,189.3458865430427,288.0010627887002,58.049337749186286,288.0010627887002,False,,-0.17932608121080662,0.6,0.8,0.16126187842421594,0.3065782880685413,-0.1587549279827679,0.48,valid,,,specialist_model_v1,,False,specialist,False,,The Progressive Corporation,Financial Services,Insurance - Property & Casualty,insurance,134818232640.0,,,,,,,,,,,,,,,,,2026-07-10,True,584337000.0,0.246,Justified P/B residual-income proxy; no regulatory-capital or reserve-detail model,0.24117364637195082,0.08063093921210797,0.125,0.3611736463719508,-0.3611736463719508,robust_return<=0; median_irr<=hurdle,False
198,TDY,634.6,-0.11462729692102581,-0.10246290357172252,-0.2454679489019327,-0.008115431638725535,0.0,0.12,0.75,0.2454679489019327,0.3654679489019327,0.2454679489019327,0.3654679489019327,122.11017770137175,257.05476413117685,402.5929966056531,122.11017770137175,402.5929966056531,False,,-0.594934188258467,0.6462,1.0,0.1292902586316036,0.6606,-0.22246290357172252,0.6462,valid,,,,,False,ok,False,,Teledyne Technologies Incorporated,Technology,"Hardware, Equipment & Parts",general_dcf,29400446860.0,0.6606,0.07977628073225122,0.28773128831523037,0.08868171905468761,-0.008905438322436385,0.1650039602819721,0.19029491133384735,0.11237458070703754,1.2798036006546645,0.005731523378582202,-0.006329283488911153,cyclical_revenue,8.0,2025.0,ttm,2026-04-24,2026-07-10,True,,,,0.2454679489019327,0.0646451293158018,0.375,0.3654679489019327,-0.3654679489019327,robust_return<=0; median_irr<=hurdle,False
199,MSI,422.88,-0.14709268161459474,-0.13574711600231237,-0.24590258620301023,-0.07097390825074398,0.0,0.12,0.75,0.24590258620301023,0.3659025862030102,0.24590258620301023,0.3659025862030102,74.07982172137372,137.8188359401123,194.1714782723643,74.07982172137372,194.1714782723643,False,,-0.674094693671698,0.834,1.0,0.09244433897613312,0.9192,-0.25574711600231237,0.834,valid,,,,,False,ok,False,,"Motorola Solutions, Inc.",Technology,Communication Equipment,general_dcf,70196388480.0,0.9192,0.21194133906846221,0.15088799315472587,0.0849404657356308,0.12700087333283142,0.20223532193357102,0.24839905628581058,0.06857802574283212,2.533624454148472,0.022464638994175834,-0.007620460262660167,,8.0,2025.0,ttm,2026-05-07,2026-07-10,True,,,,0.24590258620301023,0.04622216948806656,0.375,0.3659025862030102,-0.3659025862030102,robust_return<=0; median_irr<=hurdle,False
200,NTRS,183.55,-0.15718972764933453,-0.142404535751385,-0.2462664207121945,-0.0976834183823736,0.0,0.12,1.0,0.2462664207121945,0.3662664207121945,0.2462664207121945,0.3662664207121945,44.652287029309996,85.14649316862845,109.78653554596,44.652287029309996,109.78653554596,False,,-0.5361128130284476,0.6,0.8,0.09229150116491044,0.5244172175227267,-0.262404535751385,0.48,valid,,,specialist_model_v1,,False,specialist,False,,Northern Trust Corporation,Financial Services,Banks - Diversified,bank,33965424205.999996,,,,,,,,,,,,,,,,,2026-07-10,True,185047258.0005448,1.26,Justified P/B residual-income proxy; no regulatory-capital or reserve-detail model,0.2462664207121945,0.04614575058245522,0.5,0.3662664207121945,-0.3662664207121945,robust_return<=0; median_irr<=hurdle,False
201,APH,159.06,-0.13673725854532673,-0.12536957858246747,-0.24646515557251397,-0.04974472144385797,0.0,0.12,0.75,0.24646515557251397,0.36646515557251397,0.24646515557251397,0.36646515557251397,26.75514976076973,53.81590196316191,80.09699834567652,26.75514976076973,80.09699834567652,False,,-0.6616628821629453,0.5976,0.85,0.114932217064328,0.8645,-0.24536957858246747,0.50796,valid,,,base_growth_cap_hit,,False,ok,False,,Amphenol Corporation,Technology,"Hardware, Equipment & Parts",general_dcf,195680383800.0,0.8645,0.18794224474011875,0.4045780359553282,0.10248990922856734,0.08545233551155142,0.20659165612487077,0.26000046325249576,0.15938454986222794,1.7915744476343447,0.007193204884810185,0.012641452647415896,cyclical_revenue,8.0,2025.0,ttm,2026-05-01,2026-07-10,True,,,,0.24646515557251397,0.057466108532164,0.375,0.36646515557251397,-0.36646515557251397,robust_return<=0; median_irr<=hurdle,False
202,IDXX,563.57,-0.19265060561319838,-0.1892833434802014,-0.25006978621677256,-0.14196594927561812,0.0,0.12,1.0,0.25006978621677256,0.37006978621677256,0.25006978621677256,0.37006978621677256,92.69303909854595,135.47793078098252,170.8885080791742,92.69303909854595,170.8885080791742,False,,-0.7596076249960386,0.8727,1.0,0.057870918470577216,0.9662,-0.30928334348020137,0.8727,valid,,,,,False,ok,False,,"IDEXX Laboratories, Inc.",Healthcare,Medical - Diagnostics & Research,general_dcf,44456092310.00001,0.9662,0.46257641645358455,0.37422638754222093,0.12125488747673542,0.34132152897684914,0.27820512448371637,0.3162512272004984,0.09966155300662871,0.6247638812944276,0.01547015731093541,-0.01571045899589718,,8.0,2025.0,ttm,2026-05-05,2026-07-10,True,,,,0.25006978621677256,0.028935459235288608,0.5,0.37006978621677256,-0.37006978621677256,robust_return<=0; median_irr<=hurdle,False
203,EME,781.78,-0.157629061989428,-0.1533573727123439,-0.2535465739543725,-0.0702549285786517,0.0,0.12,1.0,0.2535465739543725,0.3735465739543725,0.2535465739543725,0.3735465739543725,145.38194026502455,259.50461075161763,377.56199126808025,145.38194026502455,377.56199126808025,False,,-0.6680592868177522,0.7287,0.85,0.1042848226878604,0.874,-0.2733573727123439,0.619395,valid,,,,,False,ok,False,,"EMCOR Group, Inc.",Industrials,Engineering & Construction,general_dcf,34814669447.0,0.874,0.3670004557692413,0.5760422920959553,0.1010520237231525,0.26594843204608876,0.05229815894925574,0.09894669334631148,0.11102584323305242,-0.20471701686974453,0.0010918810036467824,-0.035021816601687794,peak_cycle_margins,8.0,2025.0,ttm,2026-04-29,2026-07-10,True,,,,0.2535465739543725,0.0521424113439302,0.5,0.3735465739543725,-0.3735465739543725,robust_return<=0; median_irr<=hurdle,False
204,ANET,186.96,-0.17768927852739577,-0.1715714772988576,-0.2540513030078728,-0.11356285650399509,0.0,0.12,1.0,0.2540513030078728,0.3740513030078728,0.2540513030078728,0.3740513030078728,31.421688909805,48.08603284425214,64.06142112808423,31.421688909805,64.06142112808423,False,,-0.7428004233833326,0.502281,1.0,0.08517579325193887,0.9218,-0.2915714772988576,0.502281,valid,,,base_growth_cap_hit;forward_roic_cap_hit,,False,ok,False,,"Arista Networks, Inc.",Technology,Computer Hardware,general_dcf,235414318127.99997,0.9218,3.1794789421061704,2.541673972213756,0.12565,3.0538289421061706,0.34139911629930414,0.4279240774879247,0.22695585796283524,-2.9154158406494854,0.05063950385040156,0.0020930458623871218,heavy_sbc;cyclical_revenue,8.0,2025.0,ttm,2026-05-06,2026-07-10,True,,,,0.2540513030078728,0.042587896625969436,0.5,0.3740513030078728,-0.3740513030078728,robust_return<=0; median_irr<=hurdle,False
205,WELL,231.59,-0.18426241579561922,-0.15938491240427988,-0.25889492596963726,-0.15938491240427988,0.0,0.12,1.0,0.25889492596963726,0.37889492596963725,0.25889492596963726,0.37889492596963725,51.774836518244896,97.20882767342542,97.20882767342542,51.774836518244896,97.20882767342542,False,,-0.5802546410750662,0.6,0.8,0.06775500678267868,0.5326145552560645,-0.2793849124042799,0.48,valid,,,specialist_model_v1,,False,specialist,False,,Welltower Inc.,Real Estate,REIT - Healthcare Facilities,reit,163482623260.0,,,,,,,,,,,,,,,,,2026-07-10,True,705914000.0,0.763,P/AFFO Gordon proxy; no property-level NOI or maintenance-capex detail,0.25889492596963726,0.03387750339133934,0.5,0.37889492596963725,-0.37889492596963725,robust_return<=0; median_irr<=hurdle,False
206,ODFL,227.63,-0.21945877450343682,-0.22091055963101097,-0.25996771317441003,-0.17604626557731534,0.0,0.12,1.0,0.25996771317441003,0.37996771317441,0.25996771317441003,0.37996771317441,39.03493498748294,45.644362448754435,53.67202447359206,39.03493498748294,53.67202447359206,False,,-0.7994800226299063,0.64053,1.0,0.05274482379854734,0.939,-0.34091055963101097,0.64053,valid,,,reinvestment_cap_hit,,False,ok,False,,"Old Dominion Freight Line, Inc.",Industrials,Trucking,general_dcf,47339820259.415,0.939,0.2413165278436665,-0.017990229634820724,0.10474976990677504,0.13656675793689146,0.2561866213225866,0.2456516196998402,0.044823000248298994,-0.145232918509256,0.0019517404695940195,-0.025461443284672147,incremental_roic_below_wacc,8.0,2025.0,ttm,2026-05-06,2026-07-10,True,,,,0.25996771317441003,0.02637241189927367,0.5,0.37996771317441,-0.37996771317441,robust_return<=0; median_irr<=hurdle,False
207,FICO,1250.9,-0.13572432264109008,-0.12053205456322755,-0.261137168982168,-0.04069601245573719,0.0,0.12,0.75,0.261137168982168,0.381137168982168,0.261137168982168,0.381137168982168,180.2213773825437,411.71764855158654,623.2261566950793,180.2213773825437,623.2261566950793,False,,-0.6708628598996031,0.69057,1.0,0.1195034782632154,0.9176,-0.24053205456322754,0.69057,valid,,,forward_roic_cap_hit,,False,ok,False,,Fair Isaac Corporation,Technology,Software - Application,general_dcf,29009504315.0,0.9176,0.6852768089297788,2.028945268637725,0.10323974613788617,0.5820370627918927,0.3888932635167768,0.5036736380231953,0.09834200068390975,2.9834336578146767,0.08182513113150017,-0.03402632822753349,heavy_sbc,8.0,2025.0,ttm,2026-04-28,2026-07-10,True,,,,0.261137168982168,0.0597517391316077,0.375,0.381137168982168,-0.381137168982168,robust_return<=0; median_irr<=hurdle,False
208,PFE,24.17,0.02143593990476806,0.05525119157973679,-0.2621449437690898,0.23738632022868847,0.25,0.12,0.25,0.2621449437690898,0.3821449437690898,0.2621449437690898,0.3821449437690898,5.026905304744919,22.62703304897981,52.76031614079502,5.026905304744919,52.76031614079502,False,,-0.06383810306248205,0.361665,1.0,0.2689156819988891,0.7064,-0.0647488084202632,0.361665,valid,,,forward_roic_floor_hit;reinvestment_cap_hit,,False,ok,False,,Pfizer Inc.,Healthcare,Drug Manufacturers - General,general_dcf,137755464800.0,0.7064,0.09443317477258431,-0.08432284924605535,0.06548084209180849,0.028952332680775822,0.251237204699979,0.23446260759693596,0.022244399137135495,2.3973497573721536,0.008815676792101153,-0.00011629935558732374,cyclical_revenue;incremental_roic_below_wacc,8.0,2025.0,ttm,2026-05-05,2026-07-10,True,,,,0.2621449437690898,0.13445784099944455,0.125,0.3821449437690898,-0.3821449437690898,robust_return<=0; median_irr<=hurdle,False
209,HSIC,84.4,-0.14707778232695998,-0.14461986945825625,-0.26241087781963873,-0.0366605125716887,0.0,0.12,0.75,0.26241087781963873,0.38241087781963873,0.26241087781963873,0.38241087781963873,14.10049938438195,19.766771605075842,43.00214106080518,14.10049938438195,43.00214106080518,False,,-0.7657965449635564,0.5078943,1.0,0.12763835362397502,0.7236,-0.2646198694582562,0.5078943,valid,,,forward_roic_floor_hit;share_change_floor_hit;reinvestment_cap_hit,,False,ok,False,,"Henry Schein, Inc.",Healthcare,Medical - Distribution,general_dcf,9614594800.0,0.7236,0.08389398884621356,-0.03311241926184948,0.07489698162795004,0.00899700721826352,0.05769458738710034,0.05596234309623431,-0.0001948354983694056,3.3810861423220975,0.003077408664089008,-0.05552040579331741,elevated_leverage;thin_interest_coverage;incremental_roic_below_wacc,8.0,2025.0,ttm,2026-05-05,2026-07-10,True,,,,0.26241087781963873,0.06381917681198751,0.375,0.38241087781963873,-0.38241087781963873,robust_return<=0; median_irr<=hurdle,False
210,DXCM,74.96,-0.1214375649884459,-0.11154110926436257,-0.26421555423294185,0.0015475128078833496,0.0,0.12,0.75,0.26421555423294185,0.38421555423294185,0.26421555423294185,0.38421555423294185,12.654665460601182,28.807800482558758,47.00403980433811,12.654665460601182,47.00403980433811,False,,-0.6156910287812332,0.59121,1.0,0.1451452335204126,0.7084,-0.23154110926436255,0.59121,valid,,,forward_roic_cap_hit,,False,ok,False,,"DexCom, Inc.",Healthcare,Medical - Devices,general_dcf,28925038356.0,0.7084,0.4530686126358633,0.8165646582952667,0.11518589530722322,0.33788271732864006,0.14160742777167754,0.21449179102928662,0.24045248560262444,-0.7973380793933297,0.041631007923142754,-0.02716394732763383,peak_cycle_margins,8.0,2025.0,ttm,2026-04-30,2026-07-10,True,,,,0.26421555423294185,0.0725726167602063,0.375,0.38421555423294185,-0.38421555423294185,robust_return<=0; median_irr<=hurdle,False
211,AKAM,126.19,-0.1512694534896581,-0.1342013905174098,-0.26595107734610773,-0.07072395557770503,0.0,0.12,1.0,0.26595107734610773,0.38595107734610773,0.26595107734610773,0.38595107734610773,13.9109656298285,37.256495052973655,56.50411652178493,13.9109656298285,56.50411652178493,False,,-0.7047587364056291,0.673029,1.0,0.10742269088420135,0.6961,-0.2542013905174098,0.673029,valid,,,forward_roic_floor_hit;reinvestment_cap_hit,,False,ok,False,,"Akamai Technologies, Inc.",Technology,Software - Infrastructure,general_dcf,18346190062.0,0.6961,0.05124025743522671,-0.030526924258574523,0.07123139021294586,-0.019991132777719148,0.17709245816795977,0.1367158184672457,0.06463602570036953,3.793054704077415,0.09856212517238061,-0.022185651472434675,elevated_leverage;heavy_sbc;incremental_roic_below_wacc,8.0,2025.0,ttm,2026-05-08,2026-07-10,True,,,,0.26595107734610773,0.053711345442100676,0.5,0.38595107734610773,-0.38595107734610773,robust_return<=0; median_irr<=hurdle,False
212,AJG,253.09,-0.1498698947701079,-0.12947471036424985,-0.2678114448338019,-0.07271871351812997,0.0,0.12,1.0,0.2678114448338019,0.3878114448338019,0.2678114448338019,0.3878114448338019,53.25859025191987,126.52663191324002,173.51317733145387,53.25859025191987,173.51317733145387,False,,-0.5000725753161326,0.6,0.8,0.11554636565783596,0.42092790621692644,-0.24947471036424984,0.48,valid,,,specialist_model_v1,,False,specialist,False,,Arthur J. Gallagher & Co.,Financial Services,Insurance - Brokers,insurance,65029450780.0,,,,,,,,,,,,,,,,,2026-07-10,True,256942000.0,0.508,Justified P/B residual-income proxy; no regulatory-capital or reserve-detail model,0.2678114448338019,0.05777318282891798,0.5,0.3878114448338019,-0.3878114448338019,robust_return<=0; median_irr<=hurdle,False
213,FDX,314.69,-0.14030886692489727,-0.13070340653357554,-0.26921076304861347,-0.030617891583824504,0.0,0.12,0.75,0.26921076304861347,0.38921076304861346,0.26921076304861347,0.38921076304861346,43.51596611106891,68.8918245395057,146.73558573430861,43.51596611106891,146.73558573430861,False,,-0.7810803503781318,0.65925,1.0,0.12951893573239448,0.5949,-0.25070340653357553,0.65925,valid,,,reinvestment_cap_hit,,False,ok,False,,FedEx Corporation,Industrials,Integrated Freight & Logistics,general_dcf,75087160046.0,0.5949,0.07994678442098742,0.012706893705180085,0.08846750826666944,-0.008520723845682018,0.0694637784171968,0.06735641891891891,0.044807004966957775,2.7567215554935345,0.0017514728294247435,-0.01992564426454624,incremental_roic_below_wacc,8.0,2026.0,ttm,2026-06-23,2026-07-10,True,,,,0.26921076304861347,0.06475946786619724,0.375,0.38921076304861346,-0.38921076304861346,robust_return<=0; median_irr<=hurdle,False
214,RL,394.9,-0.1272129804798169,-0.11919697690900646,-0.27204653369990417,0.001588565598649466,0.0,0.12,0.75,0.27204653369990417,0.39204653369990417,0.27204653369990417,0.39204653369990417,63.866847996644196,149.0292598430203,252.16153155308365,63.866847996644196,252.16153155308365,False,,-0.6226151941174467,0.5353,1.0,0.15075854964927682,0.8593,-0.23919697690900646,0.5353,valid,,,,,False,ok,False,,Ralph Lauren Corporation,Consumer Cyclical,Apparel - Manufacturers,general_dcf,24088825759.0,0.8593,0.24913408189677175,0.696809468882311,0.10602475367359798,0.14310932822317377,0.11167506474262193,0.14532010598311665,0.03651392104845108,0.6540858235377426,0.015004373133878215,-0.033475237244851574,cyclical_revenue,8.0,2026.0,ttm,2026-05-21,2026-07-10,True,,,,0.27204653369990417,0.07537927482463841,0.375,0.39204653369990417,-0.39204653369990417,robust_return<=0; median_irr<=hurdle,False
215,GEN,25.91,-0.010593271325342317,0.026572331506758952,-0.2725516531849279,0.17703390487004075,0.25,0.12,0.25,0.2725516531849279,0.3925516531849279,0.2725516531849279,0.3925516531849279,4.021399951684328,17.597490308651704,37.270877574220584,4.021399951684328,37.270877574220584,False,,-0.32082245045728663,0.41175,1.0,0.24244027902748433,0.6412,-0.09342766849324105,0.41175,valid,,,reinvestment_cap_hit,,False,ok,False,,Gen Digital Inc.,Technology,Software - Infrastructure,general_dcf,15609064940.0,0.6412,0.15378059645713996,0.10027188194900236,0.09156004032079336,0.0622205561363466,0.355338434982158,0.4282,0.007931476795870251,2.9832953682612,0.03631578947368421,-0.008077897235781228,thin_interest_coverage;cyclical_revenue,8.0,2026.0,ttm,2026-05-21,2026-07-10,True,,,,0.2725516531849279,0.12122013951374216,0.125,0.3925516531849279,-0.3925516531849279,robust_return<=0; median_irr<=hurdle,False
216,CFG,70.34,-0.13927732613810492,-0.11489496251470033,-0.2729313698889877,-0.05438800963403134,0.0,0.12,0.75,0.2729313698889877,0.3929313698889877,0.2729313698889877,0.3929313698889877,14.291552186923468,38.20994622416058,53.18231231734832,14.291552186923468,53.18231231734832,False,,-0.45678211225247967,0.6,0.8,0.12727168012747817,0.37402701650196923,-0.23489496251470032,0.48,valid,,,specialist_model_v1,,False,specialist,False,,"Citizens Financial Group, Inc.",Financial Services,Banks - Regional,bank,29745519880.0,,,,,,,,,,,,,,,,,2026-07-10,True,422882000.0,0.998,Justified P/B residual-income proxy; no regulatory-capital or reserve-detail model,0.2729313698889877,0.06363584006373908,0.375,0.3929313698889877,-0.3929313698889877,robust_return<=0; median_irr<=hurdle,False
217,CSX,49.41,-0.20425078762345944,-0.20752260396257036,-0.2730985008063726,-0.1288594417623244,0.0,0.12,1.0,0.2730985008063726,0.3930985008063726,0.2730985008063726,0.3930985008063726,6.334114188708305,6.334114188708305,12.442517356228072,6.999542828854744,12.442517356228072,True,"growth destroys value: forward ROIC 2.0% at/below WACC 9.6%, so higher-growth scenarios reinvest below the cost of capital and are worth less than the bear case",-0.8718050154076441,0.617706,1.0,0.08358834952202411,0.7586,-0.3275226039625704,0.617706,valid,,,forward_roic_floor_hit;reinvestment_cap_hit,,False,ok,False,,CSX Corporation,Industrials,Railroads,general_dcf,91810697400.0,0.7586,0.11386407878473057,-0.12815277880637105,0.09574887460708673,0.01811520417764384,0.3882619842609072,0.33446399547735145,0.02021319242870323,2.8467905669217553,0.0,-0.04547420374920552,incremental_roic_below_wacc,8.0,2025.0,ttm,2026-04-22,2026-07-10,True,,,,0.2730985008063726,0.041794174761012055,0.5,0.3930985008063726,-0.3930985008063726,robust_return<=0; median_irr<=hurdle,False
218,SHW,333.99,-0.17022504298111013,-0.1577836780241341,-0.2752909710659878,-0.09004184481018451,0.0,0.12,1.0,0.2752909710659878,0.3952909710659878,0.2752909710659878,0.3952909710659878,47.534107820284106,91.85711136817432,132.0597563922819,47.534107820284106,132.0597563922819,False,,-0.7249704740615758,0.8558,1.0,0.09695056312790165,0.8379,-0.27778367802413406,0.8558,valid,,,,,False,ok,False,,The Sherwin-Williams Company,Basic Materials,Chemicals - Specialty,general_dcf,82373957640.0,0.8379,0.16762051245448076,0.17270819297715267,0.09296592331822225,0.07465458913625851,0.145467137345766,0.1613252282175012,0.04319057856107422,2.973094956399807,0.005238755763691817,-0.017756777877273366,,8.0,2025.0,ttm,2026-04-28,2026-07-10,True,,,,0.2752909710659878,0.048475281563950826,0.5,0.3952909710659878,-0.3952909710659878,robust_return<=0; median_irr<=hurdle,False
219,WST,353.71,-0.2261636176241154,-0.22641679372900392,-0.2775190748667228,-0.17430180817173097,0.0,0.12,1.0,0.2775190748667228,0.3975190748667228,0.2775190748667228,0.3975190748667228,48.21002426631374,57.697755122787456,80.54727307790718,48.21002426631374,80.54727307790718,False,,-0.8368783604569069,0.575505,1.0,0.0643434833474959,0.847,-0.3464167937290039,0.575505,valid,,,forward_roic_floor_hit;reinvestment_cap_hit,,False,ok,False,,"West Pharmaceutical Services, Inc.",Healthcare,Medical - Instruments & Supplies,general_dcf,24988762596.0,0.847,0.1978689502544038,-0.12951822220621453,0.10288305741945883,0.09498589283494496,0.20320865651832,0.2066823997019004,0.08665376290342741,-0.24399524375743162,0.007743110908676839,-0.015180921258852953,incremental_roic_below_wacc,8.0,2025.0,ttm,2026-04-23,2026-07-10,True,,,,0.2775190748667228,0.03217174167374795,0.5,0.3975190748667228,-0.3975190748667228,robust_return<=0; median_irr<=hurdle,False
220,HUBB,490.94,-0.1546259180124252,-0.14282966008904616,-0.27830114981843507,-0.05454320205317341,0.0,0.12,0.75,0.27830114981843507,0.39830114981843506,0.27830114981843507,0.39830114981843506,77.8179349942401,160.4913240060525,249.56877993826095,77.8179349942401,249.56877993826095,False,,-0.6730938118587759,0.6964,0.85,0.12548697388263083,0.8075,-0.2628296600890462,0.59194,valid,,,,,False,ok,False,,Hubbell Incorporated,Industrials,Electrical Equipment & Parts,general_dcf,25942153292.0,0.8075,0.1630342726923971,0.2157911849580883,0.08613206876288294,0.07690220392951415,0.13879854972726194,0.20773502776804922,0.038659372864209285,1.5163800163800163,0.005436617215954517,-0.004867878368850498,,8.0,2025.0,ttm,2026-04-30,2026-07-10,True,,,,0.27830114981843507,0.06274348694131542,0.375,0.39830114981843506,-0.39830114981843506,robust_return<=0; median_irr<=hurdle,False
221,FSLR,227.83,-0.1092994580263621,-0.10090505346015555,-0.27921371175034443,0.043825986565207156,0.0,0.12,0.75,0.27921371175034443,0.3992137117503444,0.27921371175034443,0.3992137117503444,42.38923853508174,91.64741738002621,165.30747724390397,42.38923853508174,165.30747724390397,False,,-0.5977377106613431,0.475,1.0,0.17726984915777577,0.3803,-0.22090505346015554,0.475,valid,,,,,False,ok,False,,"First Solar, Inc.",Energy,Solar,general_dcf,24481016990.0,0.3803,0.2053476593605079,0.3726158317919293,0.13077412931993054,0.07457353004057735,0.15890352931345095,0.33168685717491336,0.1281571554750882,-0.8520650211229218,0.006681423934494278,0.0033424521659295436,cyclical_revenue;peak_cycle_margins,8.0,2025.0,ttm,2026-04-30,2026-07-10,True,,,,0.27921371175034443,0.08863492457888789,0.375,0.3992137117503444,-0.3992137117503444,robust_return<=0; median_irr<=hurdle,False
222,JBL,330.29,-0.1665442890720442,-0.15945464389660627,-0.2835637904907343,-0.06370407800422981,0.0,0.12,0.75,0.2835637904907343,0.4035637904907343,0.2835637904907343,0.4035637904907343,43.25095153412881,96.95614068038435,154.21609842823926,43.25095153412881,154.21609842823926,False,,-0.706451479970982,0.6168600000000001,1.0,0.12142405624325225,0.8832,-0.27945464389660624,0.6168600000000001,valid,,,share_change_floor_hit,,False,ok,False,,Jabil Inc.,Technology,"Hardware, Equipment & Parts",general_dcf,34610127626.0,0.8832,0.260780816077851,,0.1027173554243861,0.15806346065346488,0.037843518287798666,0.0432271509377791,0.0436702842341532,1.1782224290367613,0.0030813973617698992,-0.09650142586031651,thin_interest_coverage,8.0,2025.0,ttm,2026-06-30,2026-07-10,True,,,,0.2835637904907343,0.06071202812162613,0.375,0.4035637904907343,-0.4035637904907343,robust_return<=0; median_irr<=hurdle,False
223,WAT,376.43,-0.21557981692603784,-0.2083071360786561,-0.2856264972811914,-0.1600784982656478,0.0,0.12,1.0,0.2856264972811914,0.4056264972811914,0.2856264972811914,0.4056264972811914,44.48090256621411,89.41389549905759,127.93832994771233,44.48090256621411,127.93832994771233,False,,-0.7624687312407152,0.6143283,0.85,0.0788441505077718,0.7389,-0.32830713607865614,0.5221790550000001,valid,,,base_growth_cap_hit;share_change_cap_hit;reinvestment_cap_hit,,False,ok,False,,Waters Corporation,Healthcare,Medical - Diagnostics & Research,general_dcf,24537071959.0,0.7389,0.027036962477932854,0.029667878242803907,0.09574825406837989,-0.06871129159044703,0.28803615176012815,0.17077049929440583,0.03910304855053126,5.068606788043327,0.015112627252621108,0.10833137896728617,elevated_leverage;ongoing_dilution;incremental_roic_below_wacc,8.0,2025.0,ttm,2026-05-12,2026-07-10,True,,,,0.2856264972811914,0.0394220752538859,0.5,0.4056264972811914,-0.4056264972811914,robust_return<=0; median_irr<=hurdle,False
224,KLAC,231.52,-0.23092764989560233,-0.22873055198142533,-0.2888531926146243,-0.17739630300493442,0.0,0.12,1.0,0.2888531926146243,0.4088531926146243,0.2888531926146243,0.4088531926146243,30.55592204285585,47.30457572943759,61.72169902015149,30.55592204285585,61.72169902015149,False,,-0.7956782319910263,0.68922,1.0,0.06505184480484492,0.9699,-0.34873055198142533,0.68922,valid,,,forward_roic_cap_hit,,False,ok,False,,KLA Corporation,Technology,Semiconductors,general_dcf,302429945600.0,0.9699,0.6899220117264848,1.206275773051553,0.11471132392256096,0.5752106878039238,0.37555765765641247,0.41679264661427823,0.17056544479350988,0.20297062535810645,0.021676482461152884,-0.04560801163090278,,8.0,2025.0,ttm,2026-04-29,2026-07-10,True,,,,0.2888531926146243,0.03252592240242246,0.5,0.4088531926146243,-0.4088531926146243,robust_return<=0; median_irr<=hurdle,False
225,PODD,161.28,-0.13177172239666105,-0.1137979265884496,-0.28917324498179364,-0.010317791427951282,0.0,0.12,0.75,0.28917324498179364,0.40917324498179364,0.28917324498179364,0.40917324498179364,20.6678413007805,57.357203375412645,97.09442534547804,20.6678413007805,97.09442534547804,False,,-0.6443625782774514,0.6942,1.0,0.14860172677692116,0.5092,-0.2337979265884496,0.6942,valid,,,,,False,ok,False,,Insulet Corp.,Healthcare,Medical - Devices,general_dcf,11171006622.999998,0.5092,0.2188662763781082,0.33265370660312693,0.0968584674536612,0.12200780892444701,0.09120143577728251,0.17484229032369264,0.2512966236922243,0.7767812655705032,0.028460314654410464,0.0013903323272508317,peak_cycle_margins,8.0,2025.0,ttm,2026-05-06,2026-07-10,True,,,,0.28917324498179364,0.07430086338846058,0.375,0.40917324498179364,-0.40917324498179364,robust_return<=0; median_irr<=hurdle,False
226,PCAR,124.57,-0.13215465596076678,-0.11389898529159831,-0.2969217926991405,-0.0038988605607300714,0.0,0.12,0.75,0.2969217926991405,0.4169217926991405,0.2969217926991405,0.4169217926991405,17.441328626547573,45.572967851477344,79.40052643277252,17.441328626547573,79.40052643277252,False,,-0.6341577598821759,0.43776,1.0,0.1633786660692052,0.6287,-0.2338989852915983,0.43776,valid,,,reinvestment_cap_hit,,False,ok,False,,PACCAR Inc,Industrials,Industrial - Machinery,general_dcf,65559475547.0,0.6287,0.07973302626910145,,0.08567038692903917,-0.005937360659937718,0.11531679288096988,0.09676767973448273,0.027683097680262003,1.7603018998872213,0.0,0.0025729235493343605,cyclical_revenue,8.0,2025.0,ttm,2026-04-29,2026-07-10,True,,,,0.2969217926991405,0.0816893330346026,0.375,0.4169217926991405,-0.4169217926991405,robust_return<=0; median_irr<=hurdle,False
227,TXN,311.46,-0.2379360932987765,-0.23803012157295592,-0.2971753540841746,-0.1785087759650196,0.0,0.12,1.0,0.2971753540841746,0.4171753540841746,0.2971753540841746,0.4171753540841746,34.06982443547151,41.79543235848427,63.5137820729215,34.06982443547151,63.5137820729215,False,,-0.8658080255619204,0.559953,1.0,0.0725346990595775,0.8989,-0.3580301215729559,0.559953,valid,,,forward_roic_floor_hit;reinvestment_cap_hit,,False,ok,False,,Texas Instruments Incorporated,Technology,Semiconductors,general_dcf,283457565780.0,0.8989,0.22154213793040595,-0.17168647586355487,0.10835980750136881,0.11318233042903714,0.41301948168070923,0.35291246339082327,0.016353768938195623,1.0350532161036556,0.023696414432756475,-0.004338449350777318,incremental_roic_below_wacc,8.0,2025.0,ttm,2026-04-24,2026-07-10,True,,,,0.2971753540841746,0.03626734952978875,0.5,0.4171753540841746,-0.4171753540841746,robust_return<=0; median_irr<=hurdle,False
228,CBRE,139.53,-0.19183977422071619,-0.18208936032024206,-0.2974690186034423,-0.10571135763893832,0.0,0.12,1.0,0.2974690186034423,0.4174690186034423,0.2974690186034423,0.4174690186034423,7.22805268480423,24.72245955122466,43.30273057195342,7.22805268480423,43.30273057195342,False,,-0.8228161717822357,0.615357,1.0,0.107418120482252,0.6907,-0.30208936032024203,0.615357,valid,,,forward_roic_floor_hit;reinvestment_cap_hit,,False,ok,False,,"CBRE Group, Inc.",Real Estate,Real Estate - Services,general_dcf,40856756010.0,0.6907,0.08585613162797563,-0.04102788275435944,0.09652865682009189,-0.010672525192116256,0.04487385041355632,0.037564920435411576,0.09604354201767173,2.6547066272688897,0.0,-0.03226693695322658,incremental_roic_below_wacc,8.0,2025.0,ttm,2026-04-23,2026-07-10,True,,,,0.2974690186034423,0.053709060241126,0.5,0.4174690186034423,-0.4174690186034423,robust_return<=0; median_irr<=hurdle,False
229,JBHT,279.96,-0.23709587594566983,-0.24013055842951866,-0.29751278685726,-0.17060960006638193,0.0,0.12,1.0,0.29751278685726,0.41751278685726,0.29751278685726,0.41751278685726,35.23584547669678,35.23584547669678,58.59903015691742,36.51128936262459,58.59903015691742,True,"growth destroys value: forward ROIC 2.0% at/below WACC 10.7%, so higher-growth scenarios reinvest below the cost of capital and are worth less than the bear case",-0.8741397146853237,0.56133,1.0,0.07661169339543904,0.7771,-0.3601305584295187,0.56133,valid,,,forward_roic_floor_hit;reinvestment_cap_hit,,False,ok,False,,"J.B. Hunt Transport Services, Inc.",Industrials,Integrated Freight & Logistics,general_dcf,26400004872.000004,0.7771,0.13860724012891001,-0.11504860955793367,0.10727593043558929,0.03133130969332072,0.07823289501812905,0.07362968866084647,0.0484726000390483,0.8073061274489991,0.005979867149991966,-0.032965562784714186,incremental_roic_below_wacc,8.0,2025.0,ttm,2026-04-24,2026-07-10,True,,,,0.29751278685726,0.03830584669771952,0.5,0.41751278685726,-0.41751278685726,robust_return<=0; median_irr<=hurdle,False
230,AMAT,602.5,-0.25205787598388263,-0.25228489017172245,-0.29923785584978757,-0.20442386774229812,0.0,0.12,1.0,0.29923785584978757,0.41923785584978757,0.29923785584978757,0.41923785584978757,71.88683738578042,101.9633743714858,129.69816087486473,71.88683738578042,129.69816087486473,False,,-0.8307661836157912,0.7448,0.7,0.06406299405374473,0.9754,-0.37228489017172245,0.5213599999999999,valid,,,,,False,ok,False,,"Applied Materials, Inc.",Technology,Semiconductors,general_dcf,478360297500.0,0.9754,0.3789467821548689,0.19038816312622922,0.12290993860792403,0.25603684354694484,0.28906419392654936,0.2921954314720812,0.07858556936479122,-0.17457588262265017,0.02123196938475125,-0.026945297525425738,,8.0,2025.0,annual,2025-12-12,2026-07-10,True,,,,0.29923785584978757,0.032031497026872364,0.5,0.41923785584978757,-0.41923785584978757,robust_return<=0; median_irr<=hurdle,False
231,COO,70.7,-0.1661078711113078,-0.14927272765198724,-0.3008405446715188,-0.06504548446973786,0.0,0.12,0.75,0.3008405446715188,0.42084054467151877,0.3008405446715188,0.42084054467151877,8.879425908564762,18.93939070928356,31.288702629764465,8.879425908564762,31.288702629764465,False,,-0.7321161144372905,0.62811,1.0,0.12905423010089045,0.2599,-0.26927272765198723,0.62811,valid,,,reinvestment_cap_hit,,False,ok,False,,"The Cooper Companies, Inc.",Healthcare,Medical - Instruments & Supplies,general_dcf,13788691700.0,0.2599,0.035931474516320165,0.052212610579211796,0.08132929278331232,-0.04539781826699215,0.16301111144007413,0.11767625442974079,0.07094746791504969,2.6301835486063903,0.0,-0.006412596201342491,incremental_roic_below_wacc,8.0,2025.0,ttm,2026-06-05,2026-07-10,True,,,,0.3008405446715188,0.06452711505044523,0.375,0.42084054467151877,-0.42084054467151877,robust_return<=0; median_irr<=hurdle,False
232,CMG,35.25,-0.17879716015013397,-0.16880901479162275,-0.3018191914423369,-0.07575141957495357,0.0,0.12,1.0,0.3018191914423369,0.42181919144233687,0.3018191914423369,0.42181919144233687,4.1960886430906905,9.835775686459423,15.83687064178595,4.1960886430906905,15.83687064178595,False,,-0.7209709025117894,0.7277,0.95,0.12270288593369165,0.8413,-0.28880901479162274,0.691315,valid,,,,,False,ok,False,,"Chipotle Mexican Grill, Inc.",Consumer Cyclical,Restaurants,general_dcf,45216373500.0,0.8413,0.21575282868818774,0.13387818191996204,0.09084396766572704,0.1249088610224607,0.12052278617695131,0.15786372222803471,0.13665429055320644,1.9126390606226489,0.011643248325747205,-0.024654596262011608,,8.0,2025.0,ttm,2026-04-29,2026-07-10,True,,,,0.3018191914423369,0.061351442966845825,0.5,0.42181919144233687,-0.42181919144233687,robust_return<=0; median_irr<=hurdle,False
233,PH,961.27,-0.21665070161498073,-0.20963105885311958,-0.3026631147826265,-0.14467757397105732,0.0,0.12,1.0,0.3026631147826265,0.42266311478262647,0.3026631147826265,0.42266311478262647,121.08810660678381,204.23839167501174,286.34587814410116,121.08810660678381,286.34587814410116,False,,-0.787532751802291,0.7868,1.0,0.08538877040578458,0.7911,-0.3296310588531196,0.7868,valid,,,,,False,ok,False,,Parker-Hannifin Corporation,Industrials,Industrial - Machinery,general_dcf,121203063154.0,0.7911,0.14533454152170117,0.15501181968334055,0.09718697536048088,0.04814756616122029,0.16818159133227,0.2086778747718715,0.047938934794694577,1.7152416341472099,0.00778615492950538,-0.0060610466495389925,,8.0,2025.0,ttm,2026-04-30,2026-07-10,True,,,,0.3026631147826265,0.04269438520289229,0.5,0.42266311478262647,-0.42266311478262647,robust_return<=0; median_irr<=hurdle,False
234,CHRW,193.5,-0.17388556064615834,-0.16367632428300563,-0.3035115568258333,-0.06467803719278888,0.0,0.12,0.75,0.3035115568258333,0.4235115568258333,0.3035115568258333,0.4235115568258333,25.658766271530133,59.369102272067295,94.6858724195594,25.658766271530133,94.6858724195594,False,,-0.6931829339944843,0.5706,1.0,0.13229875981652223,0.8864,-0.2836763242830056,0.5706,valid,,,,,False,ok,False,,"C.H. Robinson Worldwide, Inc.",Industrials,Integrated Freight & Logistics,general_dcf,22808433627.0,0.8864,0.20038066020268494,,0.08848731239536091,0.11189334780732403,0.04790639549170544,0.049002784561993716,-0.0034578874655647462,1.657495573897493,0.0047723672769624925,-0.016362753358798665,cyclical_revenue,8.0,2025.0,ttm,2026-05-01,2026-07-10,True,,,,0.3035115568258333,0.06614937990826111,0.375,0.4235115568258333,-0.4235115568258333,robust_return<=0; median_irr<=hurdle,False
235,CASY,819.83,-0.17246403083863693,-0.1596370316110551,-0.3051682605932001,-0.06541379953923748,0.0,0.12,0.75,0.3051682605932001,0.4251682605932001,0.3051682605932001,0.4251682605932001,113.29872340450738,250.69617742034941,408.0635563023965,113.29872340450738,408.0635563023965,False,,-0.6942095587861515,0.6225,0.95,0.13270223052698132,0.7841,-0.27963703161105513,0.591375,valid,,,,,False,ok,False,,"Casey's General Stores, Inc.",Consumer Cyclical,Specialty Retail,general_dcf,30337727167.0,0.7841,0.12555122029931043,0.16134749944440768,0.07560661794093605,0.049944602358374376,0.04542217167062353,0.05886060333005317,0.09417408999463706,1.596025249138085,0.0029943104212629412,-0.002122010404048913,cyclical_revenue,8.0,2026.0,ttm,2026-06-22,2026-07-10,True,,,,0.3051682605932001,0.06635111526349066,0.375,0.4251682605932001,-0.4251682605932001,robust_return<=0; median_irr<=hurdle,False
236,URI,1095.55,-0.17860125870238336,-0.16193735326669415,-0.305802817035874,-0.08472751124027122,0.0,0.12,1.0,0.305802817035874,0.42580281703587397,0.305802817035874,0.42580281703587397,100.40600463023335,228.32700700589126,349.5899450313926,100.40600463023335,349.5899450313926,False,,-0.7915868677779277,0.7515,1.0,0.11799265289780138,0.6284,-0.2819373532666941,0.7515,valid,,,,,False,ok,False,,"United Rentals, Inc.",Industrials,Rental & Leasing Services,general_dcf,68632482630.0,0.6284,0.1276037586296446,0.14640983758377604,0.11920158170091372,0.008402176928730881,0.24881215862584077,0.2467461044912924,0.10413850897536503,2.0671766342141864,0.007298794395568589,-0.03590169898188733,,8.0,2025.0,ttm,2026-04-22,2026-07-10,True,,,,0.305802817035874,0.05899632644890069,0.5,0.42580281703587397,-0.42580281703587397,robust_return<=0; median_irr<=hurdle,False
237,CTVA,85.68,-0.10908095425838833,-0.09250002546468745,-0.3069524389866274,0.055628672882448923,0.0,0.12,0.75,0.3069524389866274,0.4269524389866274,0.3069524389866274,0.4269524389866274,12.943241869687576,41.40140015061955,79.57043366275586,12.943241869687576,79.57043366275586,False,,-0.5167903810618634,0.58338,1.0,0.19378915593453816,0.2783,-0.21250002546468744,0.58338,valid,,,forward_roic_cap_hit,,False,ok,False,,"Corteva, Inc.",Basic Materials,Agricultural Inputs,general_dcf,57304497600.00001,0.2783,0.09266578347916789,4.51371823474996,0.07216502962660457,0.020500753852563322,0.09729096702649447,0.16261389680809435,0.028568710822397314,0.2949185509360564,0.0,-0.023989335881232088,peak_cycle_margins,8.0,2025.0,ttm,2026-05-06,2026-07-10,True,,,,0.3069524389866274,0.09689457796726908,0.375,0.4269524389866274,-0.4269524389866274,robust_return<=0; median_irr<=hurdle,False
238,CDNS,384.17,-0.241468386941051,-0.23599486870807593,-0.30780551173229465,-0.18607829861575736,0.0,0.12,1.0,0.30780551173229465,0.42780551173229464,0.30780551173229465,0.42780551173229464,42.616445510193465,68.83190760507662,91.39967460247048,42.616445510193465,91.39967460247048,False,,-0.8208295608582746,0.8491,1.0,0.06539060655826864,0.8365,-0.35599486870807595,0.8491,valid,,,,,False,ok,False,,"Cadence Design Systems, Inc.",Technology,Software - Application,general_dcf,105960232720.0,0.8365,0.18238935683361482,0.26272291701168327,0.10155934452905951,0.0808300123045553,0.27587571713297987,0.31105975404681063,0.13837522331577512,0.7744199203135067,0.08429147749406196,-0.0015611614866534174,heavy_sbc,8.0,2025.0,ttm,2026-05-01,2026-07-10,True,,,,0.30780551173229465,0.03269530327913432,0.5,0.42780551173229464,-0.42780551173229464,robust_return<=0; median_irr<=hurdle,False
239,ECL,274.31,-0.16902006760647054,-0.15162112273974343,-0.30968601222266445,-0.06315201272373083,0.0,0.12,0.75,0.30968601222266445,0.42968601222266445,0.30968601222266445,0.42968601222266445,34.08448778216084,83.5570252815695,132.56439310264486,34.08448778216084,132.56439310264486,False,,-0.6953919824958277,0.7519,1.0,0.13070999974946682,0.7763,-0.2716211227397434,0.7519,valid,,,,,False,ok,False,,Ecolab Inc.,Basic Materials,Chemicals - Specialty,general_dcf,77201257780.0,0.7763,0.12640814610997408,0.3991607246694041,0.08601559933695654,0.04039254677301754,0.14301889947341256,0.17494210535912913,0.013225117332945624,2.4447146291016826,0.008494390965848319,-0.003384318101478545,,8.0,2025.0,ttm,2026-05-07,2026-07-10,True,,,,0.30968601222266445,0.06535499987473341,0.375,0.42968601222266445,-0.42968601222266445,robust_return<=0; median_irr<=hurdle,False
240,MPWR,1352.74,-0.24209304264986709,-0.23489314023463514,-0.31123343530125563,-0.18735245482894242,0.0,0.12,1.0,0.31123343530125563,0.43123343530125563,0.31123343530125563,0.43123343530125563,140.22474934864556,219.4697531465746,285.93399418496466,140.22474934864556,285.93399418496466,False,,-0.8377591014189167,0.58518,1.0,0.07438509023615661,0.9457,-0.35489314023463514,0.58518,valid,,,base_growth_cap_hit,,False,ok,False,,"Monolithic Power Systems, Inc.",Technology,Semiconductors,general_dcf,66460116200.0,0.9457,0.30815612094581896,0.23276839249069248,0.1311,0.17705612094581896,0.2308215064033451,0.2708842138724219,0.2508627848368101,-1.5948560369295812,0.08221036839839391,0.006056684480668428,heavy_sbc;cyclical_revenue,8.0,2025.0,ttm,2026-05-04,2026-07-10,True,,,,0.31123343530125563,0.037192545118078305,0.5,0.43123343530125563,-0.43123343530125563,robust_return<=0; median_irr<=hurdle,False
241,TFC,51.67,-0.0761607096403483,-0.029575122261940034,-0.3121809332291846,0.0666883391916715,0.0,0.12,0.25,0.3121809332291846,0.4321809332291846,0.3121809332291846,0.4321809332291846,7.954438242583628,44.46804835575013,71.35529386643384,7.954438242583628,71.35529386643384,False,,-0.13938361997774096,0.6,0.8,0.20743463621042804,0.1788798595105208,-0.14957512226194003,0.48,valid,,,specialist_model_v1,,False,specialist,False,,Truist Financial Corporation,Financial Services,Banks - Regional,bank,64374582139.0,,,,,,,,,,,,,,,,,2026-07-10,True,1245879274.9951615,0.875,Justified P/B residual-income proxy; no regulatory-capital or reserve-detail model,0.3121809332291846,0.10371731810521402,0.125,0.4321809332291846,-0.4321809332291846,robust_return<=0; median_irr<=hurdle,False
242,SBUX,106.01,-0.2214481607436028,-0.2202333358698525,-0.31406617209140686,-0.13125979914329933,0.0,0.12,1.0,0.31406617209140686,0.43406617209140685,0.31406617209140686,0.43406617209140685,11.128972753287176,14.158285540905567,29.061841863414024,11.128972753287176,29.061841863414024,False,,-0.8664438681171063,0.569511,0.85,0.10881785647405376,0.8653,-0.3402333358698525,0.48408435,valid,,,forward_roic_floor_hit;reinvestment_cap_hit,,False,ok,False,,Starbucks Corporation,Consumer Cyclical,Restaurants,general_dcf,120819597000.0,0.8653,0.19546857847923407,-0.297353315146048,0.08617935622627824,0.10928922225295583,0.1516728793480779,0.09283008665042675,0.060062777447075,2.8402573506402473,0.008522177564254952,-0.0044217674909690086,incremental_roic_below_wacc,8.0,2025.0,ttm,2026-04-28,2026-07-10,True,,,,0.31406617209140686,0.05440892823702688,0.5,0.43406617209140685,-0.43406617209140685,robust_return<=0; median_irr<=hurdle,False
243,DVA,232.8,-0.10494328784589013,-0.06939584636420473,-0.31408247130893874,0.03310101265378765,0.0,0.12,0.25,0.31408247130893874,0.43408247130893873,0.31408247130893874,0.43408247130893873,26.249614946817815,107.56719480863244,181.01718899474778,26.249614946817815,181.01718899474778,False,,-0.5379416030557026,0.8733,0.85,0.18189274198136318,0.7845,-0.18939584636420473,0.742305,valid,,,,,False,ok,False,,DaVita Inc.,Healthcare,Medical - Care Facilities,general_dcf,14942268000.0,0.7845,0.11645443881875096,0.1227338483621266,0.07856590457463238,0.03788853424411859,0.14550525066336295,0.14737263294644334,0.025929444209832786,5.234091218406119,0.009256477701629148,-0.027658629253879186,elevated_leverage;thin_interest_coverage,8.0,2025.0,annual,2026-02-11,2026-07-10,True,,,,0.31408247130893874,0.09094637099068159,0.125,0.43408247130893873,-0.43408247130893873,robust_return<=0; median_irr<=hurdle,False
244,DHR,199.05,-0.19972781983742602,-0.1950440340151544,-0.31424667105311527,-0.09457654026628004,0.0,0.12,1.0,0.31424667105311527,0.43424667105311526,0.31424667105311527,0.43424667105311526,25.400713372792424,39.1645464851311,75.98655557206835,25.400713372792424,75.98655557206835,False,,-0.8032426702580704,0.491832,1.0,0.1250801053934176,0.4746,-0.3150440340151544,0.491832,valid,,,forward_roic_floor_hit;reinvestment_cap_hit,,False,ok,False,,Danaher Corporation,Healthcare,Medical - Diagnostics & Research,general_dcf,140881743304.0,0.4746,0.06604086454626092,-5.032108954031949,0.0825649530885549,-0.01652408854229398,0.2131120096631041,0.20954072160787796,0.053583813771420186,1.6877475574333245,0.012129599478997069,-0.011852493859673685,cyclical_revenue;incremental_roic_below_wacc,8.0,2025.0,ttm,2026-04-21,2026-07-10,True,,,,0.31424667105311527,0.0625400526967088,0.5,0.43424667105311526,-0.43424667105311526,robust_return<=0; median_irr<=hurdle,False
245,TMO,527.05,-0.19758793088421955,-0.19079888751366525,-0.3150063830144064,-0.09374756549514127,0.0,0.12,1.0,0.3150063830144064,0.4350063830144064,0.3150063830144064,0.4350063830144064,59.67167810239895,93.61851215175683,190.88855334348398,59.67167810239895,190.88855334348398,False,,-0.8223726171107925,0.5543640000000001,1.0,0.12399848875963257,0.6345,-0.31079888751366525,0.5543640000000001,valid,,,forward_roic_floor_hit;reinvestment_cap_hit,,False,ok,False,,Thermo Fisher Scientific Inc.,Healthcare,Medical - Diagnostics & Research,general_dcf,195862848050.0,0.6345,0.07863792258696717,-0.1729233713142559,0.08277749094019742,-0.004139568353230247,0.18034227974651323,0.17755603248003185,0.09010006871566945,3.6826319675156887,0.006957536583176228,-0.018091838162383578,elevated_leverage;incremental_roic_below_wacc,8.0,2025.0,ttm,2026-05-01,2026-07-10,True,,,,0.3150063830144064,0.061999244379816285,0.5,0.4350063830144064,-0.4350063830144064,robust_return<=0; median_irr<=hurdle,False
246,LRCX,350.33,-0.2627062455561826,-0.2628809597779762,-0.31715129055810387,-0.20791177211067402,0.0,0.12,1.0,0.31715129055810387,0.43715129055810387,0.31715129055810387,0.43715129055810387,36.77463204745141,55.70511767825193,73.86881178738739,36.77463204745141,73.86881178738739,False,,-0.8409924423307968,0.6518,1.0,0.06506575922371492,0.9787,-0.3828809597779762,0.6518,valid,,,,,False,ok,False,,Lam Research Corporation,Technology,Semiconductors,general_dcf,438112188100.0,0.9787,0.6868702791765688,0.42787582267146246,0.13515501194255428,0.5517152672340145,0.29351875552048795,0.3425647125509845,0.0754865864010088,-0.12952184475452566,0.018625440323556754,-0.0366326643006597,cyclical_revenue,8.0,2025.0,ttm,2026-04-23,2026-07-10,True,,,,0.31715129055810387,0.03253287961185746,0.5,0.43715129055810387,-0.43715129055810387,robust_return<=0; median_irr<=hurdle,False
247,ROK,472.12,-0.2186712897248071,-0.2095148721840814,-0.32171801153017454,-0.13393740300089113,0.0,0.12,1.0,0.32171801153017454,0.44171801153017454,0.32171801153017454,0.44171801153017454,48.87198833443227,98.57509653280826,145.45821065960138,48.87198833443227,145.45821065960138,False,,-0.7912075393272722,0.67923,1.0,0.1035134042646417,0.8318,-0.3295148721840814,0.67923,valid,,,forward_roic_cap_hit,,False,ok,False,,"Rockwell Automation, Inc.",Industrials,Industrial - Machinery,general_dcf,52534680880.0,0.8318,0.19645237799480172,0.804075570656804,0.11744827191954738,0.07900410607525435,0.17226625135061094,0.19082235347569287,0.03261237098756298,1.81187624750499,0.010189403020858308,-0.011850827048212609,,8.0,2025.0,ttm,2026-05-05,2026-07-10,True,,,,0.32171801153017454,0.05175670213232085,0.5,0.44171801153017454,-0.44171801153017454,robust_return<=0; median_irr<=hurdle,False
248,BNY,151.92,-0.2088306879194978,-0.18887646065293717,-0.3234221887893042,-0.13414764158281267,0.0,0.12,1.0,0.3234221887893042,0.4434221887893042,0.3234221887893042,0.4434221887893042,21.537917315879465,53.339627350313,73.93229246311559,21.537917315879465,73.93229246311559,False,,-0.6488966077520207,0.6,0.8,0.11263727360324574,0.40378829747773026,-0.30887646065293717,0.48,valid,,,specialist_model_v1,,False,specialist,False,,Bank of New York Mellon Corp,Financial Services,Investment - Banking & Investment Services,bank,104274697679.99998,,,,,,,,,,,,,,,,,2026-07-10,True,686379000.0,1.058,Justified P/B residual-income proxy; no regulatory-capital or reserve-detail model,0.3234221887893042,0.05631863680162287,0.5,0.4434221887893042,-0.4434221887893042,robust_return<=0; median_irr<=hurdle,False
249,NWSA,27.37,-0.18467762194050008,-0.167363833473064,-0.3254827715572901,-0.07850004925858228,0.0,0.12,1.0,0.3254827715572901,0.4454827715572901,0.3254827715572901,0.4454827715572901,3.5423898766963458,8.43432153195342,11.983393601851263,3.5423898766963458,11.983393601851263,False,,-0.6918406455259986,0.4968000000000001,0.7,0.14758736114935392,0.2107,-0.287363833473064,0.34776,valid,,,reinvestment_cap_hit,,False,ok,False,,News Corporation,Communication Services,Entertainment,general_dcf,15363653747.0,0.2107,0.06930110598314645,,0.08257545718794211,-0.013274351204795656,0.07525118018893645,0.11310932323710364,-0.009311320802890988,0.3795053003533569,0.0,-0.012879660099238022,peak_cycle_margins,8.0,2025.0,annual,2025-08-06,2026-07-10,True,,,,0.3254827715572901,0.07379368057467696,0.5,0.4454827715572901,-0.4454827715572901,robust_return<=0; median_irr<=hurdle,False
250,NSC,327.47,-0.23555999341333517,-0.23512148176087067,-0.3268744796834654,-0.145122530448134,0.0,0.12,1.0,0.3268744796834654,0.4468744796834654,0.3268744796834654,0.4468744796834654,28.90849562868174,28.90849562868174,70.45108905883491,31.998687464385966,70.45108905883491,True,"growth destroys value: forward ROIC 2.0% at/below WACC 9.7%, so higher-growth scenarios reinvest below the cost of capital and are worth less than the bear case",-0.9117216977778675,0.604179,1.0,0.10275060461766569,0.7124,-0.35512148176087066,0.604179,valid,,,forward_roic_floor_hit;reinvestment_cap_hit,,False,ok,False,,Norfolk Southern Corporation,Industrials,Railroads,general_dcf,73547797507.0,0.7124,0.09824994931150086,-0.0692751831503375,0.09721652394341297,0.001033425368087884,0.3450790239831443,0.3239228559704555,0.008767797689063883,2.947998503554059,0.0,-0.015077809221265337,thin_interest_coverage;incremental_roic_below_wacc,8.0,2025.0,ttm,2026-04-24,2026-07-10,True,,,,0.3268744796834654,0.051375302308832846,0.5,0.4468744796834654,-0.4468744796834654,robust_return<=0; median_irr<=hurdle,False
251,TER,359.6,-0.2713558599054522,-0.2693988311017164,-0.32953865827730633,-0.2170871191410697,0.0,0.12,1.0,0.32953865827730633,0.4495386582773063,0.32953865827730633,0.4495386582773063,24.084157767406918,37.58847053805879,53.79394403385919,24.084157767406918,53.79394403385919,False,,-0.8954714389931624,0.45402120000000007,1.0,0.0726051335681183,0.9442,-0.3893988311017164,0.45402120000000007,valid,,,base_growth_cap_hit;forward_roic_floor_hit;reinvestment_cap_hit,,False,ok,False,,"Teradyne, Inc.",Technology,Semiconductors,general_dcf,56292561455.00001,0.9442,0.29898942004408796,-0.32082571804789234,0.13258348981486495,0.166405930229223,0.23338936981766334,0.26915040991983286,0.0614891194634577,-0.14207587002415828,0.0,-0.024346695038381383,cyclical_revenue;incremental_roic_below_wacc,8.0,2025.0,ttm,2026-05-01,2026-07-10,True,,,,0.32953865827730633,0.03630256678405915,0.5,0.4495386582773063,-0.4495386582773063,robust_return<=0; median_irr<=hurdle,False
252,GNRC,233.94,-0.21562516042831698,-0.21155043825274328,-0.33542749131447624,-0.10397227389330506,0.0,0.12,1.0,0.33542749131447624,0.45542749131447624,0.33542749131447624,0.45542749131447624,19.300685098157782,28.509392650792442,62.93886771475185,19.300685098157782,62.93886771475185,False,,-0.8781337409130869,0.40815900000000005,1.0,0.13348283871058558,0.5485,-0.3315504382527433,0.40815900000000005,valid,,,forward_roic_floor_hit;reinvestment_cap_hit,,False,ok,False,,Generac Holdings Inc.,Industrials,Industrial - Machinery,general_dcf,13771739233.0,0.5485,0.06778591412929326,-1.435172989305175,0.13220699512827047,-0.06442108099897721,0.1468885095320479,0.07462201174142605,0.11030592847427156,2.006299384658548,0.011866299751469835,-0.028904621280608445,thin_interest_coverage;cyclical_revenue;incremental_roic_below_wacc,8.0,2025.0,ttm,2026-05-05,2026-07-10,True,,,,0.33542749131447624,0.06674141935529279,0.5,0.45542749131447624,-0.45542749131447624,robust_return<=0; median_irr<=hurdle,False
253,NOW,107.71,-0.20453155180439347,-0.1846568366454448,-0.336845002521295,-0.11196753140538927,0.0,0.12,1.0,0.336845002521295,0.456845002521295,0.336845002521295,0.456845002521295,10.010880779597477,25.95765789768212,39.0476416897033,10.010880779597477,39.0476416897033,False,,-0.7590041974033783,0.61713,1.0,0.12392483555795286,0.3562,-0.3046568366454448,0.61713,valid,,,reinvestment_cap_hit,,False,ok,False,,"ServiceNow, Inc.",Technology,Software - Application,general_dcf,111082184680.0,0.3562,0.17134313197529602,0.17653142927074073,0.09261061696333174,0.07873251501196428,0.04650028597992858,0.13438395415472779,0.26169854473332754,-1.0143805309734513,0.15895848506919155,0.007222139677373729,heavy_sbc;peak_cycle_margins,8.0,2025.0,ttm,2026-04-23,2026-07-10,True,,,,0.336845002521295,0.06196241777897643,0.5,0.456845002521295,-0.456845002521295,robust_return<=0; median_irr<=hurdle,False
254,TECH,71.3,-0.27252335417579165,-0.27270739307859915,-0.33771073589450684,-0.20696789465146137,0.0,0.12,1.0,0.33771073589450684,0.45771073589450684,0.33771073589450684,0.45771073589450684,7.102143943080099,7.981905076038909,12.594718878587853,7.102143943080099,12.594718878587853,False,,-0.8880518222154431,0.5386500000000001,1.0,0.07921192062152273,0.5567,-0.39270739307859914,0.5386500000000001,valid,,,forward_roic_floor_hit;reinvestment_cap_hit,,False,ok,False,,Bio-Techne Corporation,Healthcare,Biotechnology,general_dcf,11163369700.0,0.5567,0.061430211697803015,-0.2604211226685503,0.1085896877479455,-0.047159476050142486,0.21244651555028604,0.12698431051584433,0.09576559931916306,0.3168374113970632,0.03347968859535845,-0.014786527152423234,incremental_roic_below_wacc,8.0,2025.0,ttm,2026-05-06,2026-07-10,True,,,,0.33771073589450684,0.039605960310761364,0.5,0.45771073589450684,-0.45771073589450684,robust_return<=0; median_irr<=hurdle,False
255,ZBRA,272.52,-0.21466753361928564,-0.20900284306990213,-0.3402186264022021,-0.10044582193513632,0.0,0.12,1.0,0.3402186264022021,0.46021862640220207,0.3402186264022021,0.46021862640220207,25.17527299242164,27.818295611927418,73.7984536226012,25.17527299242164,73.7984536226012,False,,-0.8979220034789102,0.524151,1.0,0.13416187223353288,0.5296,-0.32900284306990213,0.524151,valid,,,forward_roic_floor_hit;reinvestment_cap_hit,,False,ok,False,,Zebra Technologies Corporation,Technology,Communication Equipment,general_dcf,12981054168.0,0.5296,0.11102056464296949,-0.061870115414357205,0.11641666700729142,-0.005396102364321934,0.14730794126744565,0.14382948235715565,0.03581159084964791,2.7268195413758725,0.0178678980124473,-0.012240574462547227,thin_interest_coverage;incremental_roic_below_wacc,8.0,2025.0,ttm,2026-05-12,2026-07-10,True,,,,0.3402186264022021,0.06708093611676644,0.5,0.46021862640220207,-0.46021862640220207,robust_return<=0; median_irr<=hurdle,False
256,C,140.79,-0.17738110797192838,-0.1461701119039689,-0.34175671831909193,-0.07542748976068381,0.0,0.12,1.0,0.34175671831909193,0.46175671831909193,0.34175671831909193,0.46175671831909193,17.398186619466088,63.88936540605179,95.12106241610351,17.398186619466088,95.12106241610351,False,,-0.546208072973565,0.6,0.8,0.15116461427920405,0.27231741165201934,-0.2661701119039689,0.48,valid,,,specialist_model_v1,,False,specialist,False,,Citigroup Inc.,Financial Services,Banks - Diversified,bank,241442178900.0,,,,,,,,,,,,,,,,,2026-07-10,True,1714910000.0,1.094,Justified P/B residual-income proxy; no regulatory-capital or reserve-detail model,0.34175671831909193,0.07558230713960203,0.5,0.46175671831909193,-0.46175671831909193,robust_return<=0; median_irr<=hurdle,False
257,IBM,287.56,-0.16687045045837293,-0.14290226060547861,-0.34224303913651966,-0.03943424148601477,0.0,0.12,0.75,0.34224303913651966,0.46224303913651965,0.34224303913651966,0.46224303913651965,30.831513504585725,99.86277876730122,170.12181457224128,30.831513504585725,170.12181457224128,False,,-0.6527236793458714,0.7033,0.85,0.16480539882525244,0.7543,-0.2629022606054786,0.597805,valid,,,,,False,ok,False,,International Business Machines Corporation,Technology,Information Technology Services,general_dcf,270273330600.0,0.7543,0.10889946209466665,0.1679611650485437,0.07441237169040983,0.03448709040425682,0.1439620828678379,0.1528836899385504,-0.023191843102530085,3.4330118597680177,0.018315551244746202,0.013138108297700457,elevated_leverage,8.0,2025.0,annual,2026-02-24,2026-07-10,True,,,,0.34224303913651966,0.08240269941262622,0.375,0.46224303913651965,-0.46224303913651965,robust_return<=0; median_irr<=hurdle,False
258,TPR,140.73,-0.16997461030696281,-0.15555743146687745,-0.3437957393296528,-0.02498783896444362,0.0,0.12,0.75,0.3437957393296528,0.4637957393296528,0.3437957393296528,0.4637957393296528,11.953120355861607,40.645175035024565,75.52394456659061,11.953120355861607,75.52394456659061,False,,-0.7111832940025256,0.5829300000000001,1.0,0.17191605018260459,0.7287,-0.27555743146687744,0.5829300000000001,valid,,,share_change_floor_hit,,False,ok,False,,"Tapestry, Inc.",Consumer Cyclical,Luxury Goods,general_dcf,28433792849.999996,0.7287,0.20571353778161833,,0.10953345864756803,0.0961800791340503,0.15222930660687622,0.1131859173587405,0.02544414133287609,2.678614994839073,0.012452394197441055,-0.08296010729535341,,8.0,2025.0,ttm,2026-05-07,2026-07-10,True,,,,0.3437957393296528,0.08595802509130229,0.375,0.4637957393296528,-0.4637957393296528,robust_return<=0; median_irr<=hurdle,False
259,FIX,1756.09,-0.26515221411254963,-0.26078888828706104,-0.3448311512702276,-0.19419992860584895,0.0,0.12,1.0,0.3448311512702276,0.4648311512702276,0.3448311512702276,0.4648311512702276,163.6749063618741,275.1036204741821,388.89372157896025,163.6749063618741,388.89372157896025,False,,-0.8433430971794258,0.540918,0.85,0.09358807133218934,0.8776,-0.38078888828706103,0.4597803,valid,,,base_growth_cap_hit;forward_roic_cap_hit,,False,ok,False,,"Comfort Systems USA, Inc.",Industrials,Engineering & Construction,general_dcf,61818582616.0,0.8776,0.6113593876091934,0.8890094250228319,0.12815757618597287,0.4832018114232205,0.06778238600945254,0.15692207148859272,0.22626488254906207,-0.46347231489451685,0.002396161307614748,-0.007406437133725352,peak_cycle_margins,8.0,2025.0,ttm,2026-04-23,2026-07-10,True,,,,0.3448311512702276,0.04679403566609467,0.5,0.4648311512702276,-0.4648311512702276,robust_return<=0; median_irr<=hurdle,False
260,KR,60.54,-0.1534019145314232,-0.11874100139830257,-0.34737250866019165,-0.028753146668896046,0.0,0.12,0.75,0.34737250866019165,0.46737250866019164,0.34737250866019165,0.46737250866019164,5.631595220309231,22.818692444164085,36.13614499509759,5.631595220309231,36.13614499509759,False,,-0.6230807326699028,0.71073,1.0,0.1679877809956478,0.6865,-0.23874100139830257,0.71073,valid,,,share_change_floor_hit,,False,ok,False,,The Kroger Co.,Consumer Defensive,Grocery Stores,general_dcf,37089666452.0,0.6865,0.05638680073292233,,0.0689257500767999,-0.012538949343877566,0.021216851165038214,0.013286689764203304,0.027805735425239453,3.627437203583348,0.0011463686108278514,-0.054241539698790975,elevated_leverage;thin_interest_coverage,8.0,2025.0,ttm,2026-06-26,2026-07-10,True,,,,0.34737250866019165,0.0839938904978239,0.375,0.46737250866019164,-0.46737250866019164,robust_return<=0; median_irr<=hurdle,False
261,IBKR,94.09,-0.2803936060186377,-0.2693689677535275,-0.3474884991681685,-0.23534798939932733,0.0,0.12,1.0,0.3474884991681685,0.4674884991681685,0.3474884991681685,0.4674884991681685,11.129722143103699,19.5899821050481,24.595895692669753,11.129722143103699,24.595895692669753,False,,-0.7917952799973631,0.6,0.8,0.07407025488442057,0.5681333491486806,-0.3893689677535275,0.48,valid,,,specialist_model_v1,,False,specialist,False,,"Interactive Brokers Group, Inc.",Financial Services,Investment - Banking & Investment Services,bank,161823380109.0,,,,,,,,,,,,,,,,,2026-07-10,True,1719878628.0051014,1.329,Justified P/B residual-income proxy; no regulatory-capital or reserve-detail model,0.3474884991681685,0.03703512744221028,0.5,0.4674884991681685,-0.4674884991681685,robust_return<=0; median_irr<=hurdle,False
262,TRMB,52.82,-0.22675998024787986,-0.20437160563888024,-0.34857816910371187,-0.14971854061004705,0.0,0.12,1.0,0.34857816910371187,0.46857816910371186,0.34857816910371187,0.46857816910371186,5.172599747149237,12.008358587444667,12.154750178355222,5.172599747149237,12.154750178355222,False,,-0.7726550816462577,0.6400800000000001,1.0,0.11022741424683241,0.2532,-0.32437160563888023,0.6400800000000001,valid,,,reinvestment_cap_hit,,False,ok,False,,Trimble Inc.,Technology,"Hardware, Equipment & Parts",general_dcf,12312950434.0,0.2532,0.08334873016012517,0.021094141713031075,0.10833307412672499,-0.02498434396659982,0.12922263775761822,0.17818586231215755,0.020681196117285916,1.3828015016424213,0.04083851364536002,-0.018042740614959585,incremental_roic_below_wacc,8.0,2025.0,ttm,2026-05-06,2026-07-10,True,,,,0.34857816910371187,0.055113707123416206,0.5,0.46857816910371186,-0.46857816910371186,robust_return<=0; median_irr<=hurdle,False
263,KEYS,322.05,-0.246198229044603,-0.23725412820931518,-0.3529985978093463,-0.15728606195043535,0.0,0.12,1.0,0.3529985978093463,0.4729985978093463,0.3529985978093463,0.4729985978093463,19.74850266929666,47.59749994073201,80.08685535582305,19.74850266929666,80.08685535582305,False,,-0.8522046267948082,0.5421330000000001,1.0,0.11159227792945546,0.6289,-0.3572541282093152,0.5421330000000001,valid,,,forward_roic_floor_hit;reinvestment_cap_hit,,False,ok,False,,"Keysight Technologies, Inc.",Technology,"Hardware, Equipment & Parts",general_dcf,55036853264.0,0.6289,0.13645567318738172,-0.033775434415324726,0.10360903269477216,0.03284664049260956,0.1788043833986215,0.1816688567674113,0.047738618867254834,0.2689922480620155,0.027515565374573208,-0.016762942620847432,incremental_roic_below_wacc,8.0,2025.0,ttm,2026-06-04,2026-07-10,True,,,,0.3529985978093463,0.05579613896472773,0.5,0.4729985978093463,-0.4729985978093463,robust_return<=0; median_irr<=hurdle,False
264,BKR,57.56,-0.17542603451583996,-0.15612663744250305,-0.3609716873965226,-0.02847917578183111,0.0,0.12,0.75,0.3609716873965226,0.4809716873965226,0.3609716873965226,0.4809716873965226,5.917261367089547,18.175066222475866,33.78244331024566,5.917261367089547,33.78244331024566,False,,-0.6842413790396826,0.6022,0.7,0.18718025580734574,0.3623,-0.27612663744250304,0.42153999999999997,valid,,,,,False,ok,False,,Baker Hughes Company,Energy,Oil & Gas Equipment & Services,general_dcf,57103491640.0,0.3623,0.10998239939111407,0.44018987341772153,0.08757211890901456,0.022410280482099504,0.07661628186406616,0.12825875311001333,0.027880293666787903,0.46111696522655427,0.0073197995168211155,0.002358499301831074,peak_cycle_margins,8.0,2025.0,annual,2026-02-05,2026-07-10,True,,,,0.3609716873965226,0.09359012790367287,0.375,0.4809716873965226,-0.4809716873965226,robust_return<=0; median_irr<=hurdle,False
265,AMZN,245.34,-0.2419735257437423,-0.2275506410442176,-0.3626831811343435,-0.15010963975219055,0.0,0.12,1.0,0.3626831811343435,0.4826831811343435,0.3626831811343435,0.4826831811343435,19.513601434604798,43.52345610120504,67.23726946707092,19.513601434604798,67.23726946707092,False,,-0.8225994289508232,0.6501,0.85,0.12128377069107647,0.6547,-0.3475506410442176,0.552585,valid,,,,,False,ok,False,,"Amazon.com, Inc.",Consumer Cyclical,Specialty Retail,general_dcf,2639146914000.0,0.6547,0.14521036249502256,0.1686968132723965,0.11376974561383235,0.03144061688119021,0.05632443944936712,0.11500371579049404,0.17425150285834046,0.42858059424743844,0.03450221722712588,0.02192554537473068,peak_cycle_margins,8.0,2025.0,ttm,2026-04-30,2026-07-10,True,,,,0.3626831811343435,0.060641885345538236,0.5,0.4826831811343435,-0.4826831811343435,robust_return<=0; median_irr<=hurdle,False
266,EMR,138.88,-0.24955779329102368,-0.23248636595380956,-0.3642525171017041,-0.16900592415477148,0.0,0.12,1.0,0.3642525171017041,0.4842525171017041,0.3642525171017041,0.4842525171017041,10.880257339887345,23.128329883648977,29.874572864472412,10.880257339887345,29.874572864472412,False,,-0.8334653666211911,0.738,1.0,0.10548329647346631,0.7259,-0.35248636595380956,0.738,valid,,,,,False,ok,False,,Emerson Electric Co.,Industrials,Industrial - Machinery,general_dcf,77786688000.0,0.7259,0.08967687613346981,0.07026125393498663,0.09871245576709209,-0.009035579633622282,0.16970042527951743,0.19955230399650578,0.00491638614415546,2.3891702376314763,0.014863937800137205,-0.017100800193298404,incremental_roic_below_wacc,8.0,2025.0,ttm,2026-05-05,2026-07-10,True,,,,0.3642525171017041,0.052741648236733156,0.5,0.4842525171017041,-0.4842525171017041,robust_return<=0; median_irr<=hurdle,False
267,LH,276.81,-0.16228714438875608,-0.13997993924858743,-0.36573472386371564,-0.00345397519413379,0.0,0.12,0.75,0.36573472386371564,0.48573472386371563,0.36573472386371564,0.48573472386371563,23.95010440784413,70.12077561700386,172.08787190489537,23.95010440784413,172.08787190489537,False,,-0.7466826501318455,0.5068980000000001,1.0,0.19593343433479093,0.4511,-0.2599799392485874,0.5068980000000001,valid,,,forward_roic_floor_hit;reinvestment_cap_hit,,False,ok,False,,Labcorp Holdings Inc.,Healthcare,Medical - Diagnostics & Research,general_dcf,22698420000.0,0.4511,0.07847412560497373,-7.794511381847969,0.07825821586586341,0.00021590973911031486,0.11604691500812825,0.11031376818766703,0.030137680570719194,2.7845989590284264,0.009016822322727696,-0.03271819414794375,incremental_roic_below_wacc,8.0,2025.0,ttm,2026-05-04,2026-07-10,True,,,,0.36573472386371564,0.09796671716739547,0.375,0.48573472386371563,-0.48573472386371563,robust_return<=0; median_irr<=hurdle,False
268,ADI,395.65,-0.23045988129233588,-0.22340154743724264,-0.3663304953239276,-0.10870593497093065,0.0,0.12,1.0,0.3663304953239276,0.4863304953239276,0.3663304953239276,0.4863304953239276,33.45797772720489,67.0245525033385,132.10850383645197,33.45797772720489,132.10850383645197,False,,-0.8305963540924087,0.42543000000000003,1.0,0.1460493801764985,0.4345,-0.3434015474372426,0.42543000000000003,valid,,,reinvestment_cap_hit,,False,ok,False,,"Analog Devices, Inc.",Technology,Semiconductors,general_dcf,192715987376.0,0.4345,0.09556764162858658,,0.1028240533235828,-0.007256411694996218,0.27015266265536875,0.32495151368586017,0.08501578301136647,0.8593589859528546,0.027867362344766295,-0.021297307348000838,cyclical_revenue,8.0,2025.0,ttm,2026-05-20,2026-07-10,True,,,,0.3663304953239276,0.07302469008824924,0.5,0.4863304953239276,-0.4863304953239276,robust_return<=0; median_irr<=hurdle,False
269,KEY,23.3,-0.11552098480495476,-0.06354314494756408,-0.3707394289782844,0.035741779653593486,0.0,0.12,0.25,0.3707394289782844,0.4907394289782844,0.3707394289782844,0.4907394289782844,2.2988388141295446,16.780109349581252,27.77239904033517,2.2988388141295446,27.77239904033517,False,,-0.2798236330651823,0.6,0.8,0.22124060431593892,0.13699784466463635,-0.18354314494756407,0.48,valid,,,specialist_model_v1,,False,specialist,False,,KeyCorp,Financial Services,Banks - Regional,bank,25149321000.0,,,,,,,,,,,,,,,,,2026-07-10,True,1079370000.0,1.024,Justified P/B residual-income proxy; no regulatory-capital or reserve-detail model,0.3707394289782844,0.11062030215796946,0.125,0.4907394289782844,-0.4907394289782844,robust_return<=0; median_irr<=hurdle,False
270,RTX,195.93,-0.1867713717074366,-0.16337674589594825,-0.37722842014045455,-0.04310357489739541,0.0,0.12,0.75,0.37722842014045455,0.49722842014045454,0.37722842014045455,0.49722842014045454,16.67174848395411,54.70886440740707,109.59479092539515,16.67174848395411,109.59479092539515,False,,-0.7207734169988922,0.55917,1.0,0.18028732262152958,0.4478,-0.28337674589594825,0.55917,valid,,,reinvestment_cap_hit,,False,ok,False,,RTX Corporation,Industrials,Aerospace & Defense,general_dcf,263855012400.0,0.4478,0.08096890432951227,,0.06784380358032045,0.01312510074919182,0.0815182999861138,0.10866077257587996,0.1432943634046051,2.259056059646902,0.006166569936157864,-0.027987325139707364,,8.0,2025.0,ttm,2026-04-21,2026-07-10,True,,,,0.37722842014045455,0.09014366131076479,0.375,0.49722842014045454,-0.49722842014045454,robust_return<=0; median_irr<=hurdle,False
271,FTV,62.2,-0.20916176067694317,-0.17997478181496257,-0.38043396606226443,-0.09626351301558311,0.0,0.12,1.0,0.38043396606226443,0.5004339660622644,0.38043396606226443,0.5004339660622644,4.741900206870826,15.94567511606864,22.718671754575805,4.741900206870826,22.718671754575805,False,,-0.7436386637287999,0.5740200000000001,1.0,0.15486462652334065,0.5398,-0.29997478181496257,0.5740200000000001,valid,,,reinvestment_cap_hit,,False,ok,False,,Fortive Corporation,Industrials,Industrial - Machinery,general_dcf,18962355506.0,0.5398,0.07854780003766418,,0.08788789152516498,-0.009340091487500798,0.17465117318383777,0.177297479880387,-0.03190008590079263,2.4938310912998487,0.018680032314972055,-0.0464720994483494,,8.0,2025.0,ttm,2026-04-30,2026-07-10,True,,,,0.38043396606226443,0.07743231326167033,0.5,0.5004339660622644,-0.5004339660622644,robust_return<=0; median_irr<=hurdle,False
272,DELL,434.97,-0.23318386468017702,-0.21928153310145715,-0.3884487570845521,-0.10572363543324169,0.0,0.12,1.0,0.3884487570845521,0.5084487570845522,0.3884487570845521,0.5084487570845522,31.34571953790504,94.75017253052462,167.168594633539,31.34571953790504,167.168594633539,False,,-0.7821684885612235,0.5747399999999999,1.0,0.15412036082565522,0.6976,-0.33928153310145714,0.5747399999999999,valid,,,forward_roic_cap_hit,,False,ok,False,,Dell Technologies Inc.,Technology,Computer Hardware,general_dcf,288929232676.56006,0.6976,0.4880433442665101,1.8342847668362352,0.10815794432898819,0.3798853999375219,0.05122543748972912,0.07979731645796331,0.03273164337374879,1.4250473002474167,0.008214132493433926,-0.0449276156905386,peak_cycle_margins,8.0,2026.0,ttm,2026-06-09,2026-07-10,True,,,,0.3884487570845521,0.07706018041282761,0.5,0.5084487570845522,-0.5084487570845522,robust_return<=0; median_irr<=hurdle,False
273,AVGO,399.97,-0.2779261500847497,-0.2640899476682535,-0.3968120096367784,-0.1867126953657134,0.0,0.12,1.0,0.3968120096367784,0.5168120096367783,0.3968120096367784,0.5168120096367783,24.776362944372,62.18801553486452,100.51668851616024,24.776362944372,100.51668851616024,False,,-0.8445183000353413,0.47749500000000006,1.0,0.12072480713553249,0.6453,-0.3840899476682535,0.47749500000000006,valid,,,base_growth_cap_hit;reinvestment_cap_hit,,False,ok,False,,Broadcom Inc.,Technology,Semiconductors,general_dcf,1902889272600.0002,0.6453,0.2229863879070467,0.1979041101217094,0.11658370718148701,0.10640268072555968,0.2856942347434634,0.4365599946995296,0.17348704517829217,1.0858794186771548,0.11131577926862372,0.048514505916566586,heavy_sbc;ongoing_dilution;peak_cycle_margins,8.0,2025.0,ttm,2026-06-09,2026-07-10,True,,,,0.3968120096367784,0.060362403567766246,0.5,0.5168120096367783,-0.5168120096367783,robust_return<=0; median_irr<=hurdle,False
274,VMC,295.25,-0.21519111877678368,-0.1876663652510615,-0.4003967508106143,-0.0850349937943974,0.0,0.12,1.0,0.4003967508106143,0.5203967508106143,0.4003967508106143,0.5203967508106143,20.148178483971066,70.01636820337663,117.08505785544598,20.148178483971066,117.08505785544598,False,,-0.7628573473213324,0.6618,1.0,0.16782687850810846,0.3299,-0.3076663652510615,0.6618,valid,,,,,False,ok,False,,Vulcan Materials Company,Basic Materials,Construction Materials,general_dcf,38310163750.0,0.3299,0.09769614388186953,0.1569505195752272,0.09450851338546679,0.003187630496402749,0.18273980107251592,0.20621795110564806,0.0884530894949942,2.0664354656750095,0.007954316256555063,-0.004166104781237356,thin_interest_coverage,8.0,2025.0,ttm,2026-04-29,2026-07-10,True,,,,0.4003967508106143,0.08391343925405423,0.5,0.5203967508106143,-0.5203967508106143,robust_return<=0; median_irr<=hurdle,False
275,ON,95.96,-0.3026332158842706,-0.29837021440616807,-0.4196636618347839,-0.19412877288996244,0.0,0.12,1.0,0.4196636618347839,0.5396636618347839,0.4196636618347839,0.5396636618347839,5.131830470082559,7.045568641423197,15.326498206491438,5.131830470082559,15.326498206491438,False,,-0.9265780675133055,0.417312,1.0,0.1302480844724107,0.4362,-0.41837021440616806,0.417312,valid,,,forward_roic_floor_hit;reinvestment_cap_hit,,False,ok,False,,ON Semiconductor Corporation,Technology,Semiconductors,general_dcf,37346288560.0,0.4362,0.07147640398640859,-0.20507036683135024,0.13918768320075392,-0.06771127921434533,0.16852792331505653,0.10842817087250536,0.0028218172896363747,0.41240850947397223,0.01467345207803223,-0.04197201773083803,cyclical_revenue;incremental_roic_below_wacc,8.0,2025.0,ttm,2026-05-04,2026-07-10,True,,,,0.4196636618347839,0.06512404223620535,0.5,0.5396636618347839,-0.5396636618347839,robust_return<=0; median_irr<=hurdle,False
276,MLM,577.72,-0.22158771557642468,-0.18962187933502722,-0.42270794640135134,-0.0843991572342929,0.0,0.12,1.0,0.42270794640135134,0.5427079464013513,0.42270794640135134,0.5427079464013513,29.922905194821737,125.7116605836732,222.42229345408427,29.922905194821737,222.42229345408427,False,,-0.7824003659494683,0.6444,1.0,0.17982239458352922,0.3595,-0.3096218793350272,0.6444,valid,,,,,False,ok,False,,"Martin Marietta Materials, Inc.",Basic Materials,Construction Materials,general_dcf,34689717348.0,0.3595,0.07207327114833631,0.12745319670657848,0.09337237462043273,-0.021299103472096417,0.20423619418469918,0.22737677399664277,0.06380605907772896,2.5303738317757007,0.007377895824110963,-0.01132783532441528,,8.0,2025.0,ttm,2026-04-30,2026-07-10,True,,,,0.42270794640135134,0.08991119729176461,0.5,0.5427079464013513,-0.5427079464013513,robust_return<=0; median_irr<=hurdle,False
277,CAT,952.41,-0.27668054347377613,-0.25739367446585665,-0.42755292940128126,-0.16438189556210997,0.0,0.12,1.0,0.42755292940128126,0.5475529294012813,0.42755292940128126,0.5475529294012813,39.6387488169414,127.48461534202461,223.2463698897007,39.6387488169414,223.2463698897007,False,,-0.8661452364611621,0.6442,1.0,0.14225951691958563,0.7059,-0.37739367446585664,0.6442,valid,,,,,False,ok,False,,Caterpillar Inc.,Industrials,Agricultural - Machinery,general_dcf,438715285170.0,0.7059,0.1585949719709314,0.35038510576386805,0.11700678645304956,0.041588185517881834,0.15281852143765806,0.16558547099144938,0.030628169211895928,2.778735836955747,0.0034408801246740423,-0.04236798600512226,,8.0,2025.0,ttm,2026-05-06,2026-07-10,True,,,,0.42755292940128126,0.07112975845979282,0.5,0.5475529294012813,-0.5475529294012813,robust_return<=0; median_irr<=hurdle,False
278,DIS,95.62,-0.10871668246254554,-0.055010457965545316,-0.42946449261507946,0.10461867869598794,0.0,0.12,0.25,0.42946449261507946,0.5494644926150795,0.42946449261507946,0.5494644926150795,5.368814387296754,44.14770598630329,92.59917782430169,5.368814387296754,92.59917782430169,False,,-0.538300502130273,0.6222,1.0,0.2783755856555337,0.4227,-0.17501045796554532,0.6222,valid,,,,,False,ok,False,,The Walt Disney Company,Communication Services,Entertainment,general_dcf,166045222362.76,0.4227,0.07847227337332668,0.42600419020964775,0.10039389249099374,-0.02192161911766706,0.11577769258226561,0.15502297893340736,0.06837008516307796,2.0304993909866016,0.014434736563410114,-0.010137078334304772,,8.0,2025.0,ttm,2026-05-06,2026-07-10,True,,,,0.42946449261507946,0.13918779282776686,0.125,0.5494644926150795,-0.5494644926150795,robust_return<=0; median_irr<=hurdle,False
279,HPE,48.54,-0.24150015933118987,-0.21218177602859206,-0.43330420888378274,-0.10833287638379259,0.0,0.12,1.0,0.43330420888378274,0.5533042088837827,0.43330420888378274,0.5533042088837827,-2.244236273130947,6.140542327491994,15.039673395556179,-2.244236273130947,15.039673395556179,False,,-0.8734952136899053,0.569268,1.0,0.1754076262499951,0.254,-0.33218177602859206,0.569268,valid,,,forward_roic_floor_hit;reinvestment_cap_hit,,False,ok,False,,Hewlett Packard Enterprise Company,Technology,Computer Hardware,general_dcf,64276838909.84041,0.254,0.05594724336905397,-0.03986654875793874,0.10185917028654567,-0.045911926917491706,0.07724874801730915,0.06595159091493685,0.015120249641591421,2.71465033180194,0.014704366647198269,0.027000182898342162,incremental_roic_below_wacc,8.0,2025.0,ttm,2026-06-02,2026-07-10,True,,,,0.43330420888378274,0.08770381312499755,0.5,0.5533042088837827,-0.5533042088837827,robust_return<=0; median_irr<=hurdle,False
280,PWR,658.56,-0.3089378802264036,-0.29359607835067447,-0.4364673092968586,-0.2120920549074071,0.0,0.12,1.0,0.4364673092968586,0.5564673092968586,0.4364673092968586,0.5564673092968586,25.10076977133886,61.39240236529761,112.21134443135709,25.10076977133886,112.21134443135709,False,,-0.9067778146785447,0.60327,1.0,0.12408952719472577,0.2837,-0.41359607835067447,0.60327,valid,,,reinvestment_cap_hit,,False,ok,False,,"Quanta Services, Inc.",Industrials,Engineering & Construction,general_dcf,98823513599.99998,0.2837,0.08654623463711195,0.11935196509498437,0.10269556946318116,-0.016149334826069214,0.05513084108909788,0.05758286076370985,0.1423022663027309,2.2092779171710735,0.006358607000145103,0.009137471473922076,,8.0,2025.0,ttm,2026-04-30,2026-07-10,True,,,,0.4364673092968586,0.062044763597362884,0.5,0.5564673092968586,-0.5564673092968586,robust_return<=0; median_irr<=hurdle,False
281,ADM,80.41,-0.17101131963281657,-0.12640549700008702,-0.4503992075100541,0.01916492297896187,0.0,0.12,0.75,0.4503992075100541,0.5703992075100541,0.4503992075100541,0.5703992075100541,3.83645053995216,26.224600975325615,60.16772092087843,3.83645053995216,60.16772092087843,False,,-0.6738639351408331,0.47250000000000003,1.0,0.250607065244508,0.4412,-0.24640549700008701,0.47250000000000003,valid,,,reinvestment_cap_hit,,False,ok,False,,Archer-Daniels-Midland Company,Consumer Defensive,Agricultural Farm Products,general_dcf,38754124336.0,0.4412,0.03150652178244641,,0.07523988211178999,-0.04373336032934358,0.029387294404086977,0.01519737984765402,0.03210258008547795,4.159618573797678,0.0010340230973352104,-0.04914931813618828,elevated_leverage;thin_interest_coverage,8.0,2025.0,ttm,2026-05-05,2026-07-10,True,,,,0.4503992075100541,0.125303532622254,0.375,0.5703992075100541,-0.5703992075100541,robust_return<=0; median_irr<=hurdle,False
282,BALL,61.69,-0.18803974949114483,-0.13440997668076296,-0.4606600511935539,-0.022678993409499495,0.0,0.12,0.75,0.4606600511935539,0.5806600511935539,0.4606600511935539,0.5806600511935539,2.5580757014491655,17.537166857672,32.695550118842526,2.5580757014491655,32.695550118842526,False,,-0.7157210754146215,0.533223,1.0,0.2329938388920272,0.6476,-0.25440997668076293,0.533223,valid,,,share_change_floor_hit;reinvestment_cap_hit,,False,ok,False,,Ball Corporation,Consumer Cyclical,Packaging & Containers,general_dcf,16424747264.0,0.6476,0.07962489247493586,,0.08657768182851534,-0.006952789353579486,0.08794729929249331,0.09168865435356201,0.017786620061432057,3.7603613177470776,0.0,-0.0580970780100033,elevated_leverage;thin_interest_coverage,8.0,2025.0,ttm,2026-05-05,2026-07-10,True,,,,0.4606600511935539,0.1164969194460136,0.375,0.5806600511935539,-0.5806600511935539,robust_return<=0; median_irr<=hurdle,False
283,CIEN,460.72,-0.3884958858076061,-0.38038853245379867,-0.47625054746458767,-0.3169559308582393,0.0,0.12,1.0,0.47625054746458767,0.5962505474645876,0.47625054746458767,0.5962505474645876,8.723949616178194,22.547907667120946,37.96029683312339,8.723949616178194,37.96029683312339,False,,-0.9510594120786574,0.4944240000000001,1.0,0.09481458830317417,0.4825,-0.5003885324537987,0.4944240000000001,valid,,,forward_roic_floor_hit;reinvestment_cap_hit,,False,ok,False,,Ciena Corporation,Technology,Communication Equipment,general_dcf,65216262224.00001,0.4825,0.15063105331717072,-0.18621580215313555,0.10784761806382609,0.04278343525334463,0.08102395252304644,0.11184507510122729,0.06376260613059448,0.46823469621751607,0.038688484994361054,-0.01304564321384205,incremental_roic_below_wacc,8.0,2025.0,ttm,2026-06-04,2026-07-10,True,,,,0.47625054746458767,0.047407294151587086,0.5,0.5962505474645876,-0.5962505474645876,robust_return<=0; median_irr<=hurdle,False
284,DD,134.68,-0.28364612732621025,-0.23855677708052098,-0.5101218090421753,-0.14734914610162372,0.0,0.12,1.0,0.5101218090421753,0.6301218090421753,0.5101218090421753,0.6301218090421753,4.232554088097468,27.516003498967535,33.687082969174156,4.232554088097468,33.687082969174156,False,,-0.7956934697136357,0.43011000000000005,0.85,0.20298303147027577,0.4309,-0.35855677708052097,0.3655935,valid,,,base_growth_floor_hit;share_change_floor_hit;reinvestment_cap_hit,,False,ok,False,,"DuPont de Nemours, Inc.",Basic Materials,Chemicals - Specialty,general_dcf,18184412927.0,0.4309,0.03700941347828496,,0.09384873653329119,-0.05683932305500623,0.1422084324504564,0.12556577602569718,-0.15676675554909192,1.617120106171201,0.0,-0.05668318057452093,thin_interest_coverage;cyclical_revenue,8.0,2025.0,annual,2026-02-17,2026-07-10,True,,,,0.5101218090421753,0.10149151573513789,0.5,0.6301218090421753,-0.6301218090421753,robust_return<=0; median_irr<=hurdle,False
285,MAR,376.11,-0.21096057052927786,-0.15783991209755177,-0.51885992075986,-0.0093025371621479,0.0,0.12,0.75,0.51885992075986,0.63885992075986,0.51885992075986,0.63885992075986,8.361684493798155,104.43507703442857,227.1119264203207,8.361684493798155,227.1119264203207,False,,-0.7223283692684891,0.38296800000000003,1.0,0.27328965179885606,0.891,-0.27783991209755177,0.38296800000000003,valid,,,forward_roic_cap_hit;share_change_floor_hit,,False,ok,False,,"Marriott International, Inc.",Consumer Cyclical,Travel Lodging,general_dcf,99175927997.0,0.891,0.2635376211998751,1.12170246356831,0.09303846900718885,0.17049915219268627,0.13818482151354172,0.16017609210971892,0.033741498293627714,3.4723473986071283,0.009012449400442985,-0.06139649755319576,elevated_leverage;cyclical_revenue,8.0,2025.0,ttm,2026-05-06,2026-07-10,True,,,,0.51885992075986,0.13664482589942803,0.375,0.63885992075986,-0.63885992075986,robust_return<=0; median_irr<=hurdle,False
286,EL,82.66,-0.29376744001274346,-0.2604722995776683,-0.5193812224402792,-0.1347439384553581,0.0,0.12,1.0,0.5193812224402792,0.6393812224402792,0.5193812224402792,0.6393812224402792,0.9889874839216681,5.647480071254882,19.938829463892983,0.9889874839216681,19.938829463892983,False,,-0.9316781989928032,0.5350860000000001,0.7,0.21526606199246054,0.628,-0.3804722995776683,0.3745602,valid,,,forward_roic_floor_hit;reinvestment_cap_hit,,False,ok,False,,The Estée Lauder Companies Inc.,Consumer Defensive,Household & Personal Products,general_dcf,29896025908.0,0.628,0.06670641833661942,-1.0127790412849715,0.09742852789006061,-0.030722109553441193,0.12251618571963457,0.06704927211646136,0.006199974731573077,3.6474538332400672,0.0,-0.0044041308425162295,elevated_leverage;thin_interest_coverage;incremental_roic_below_wacc,8.0,2025.0,annual,2025-08-20,2026-07-10,True,,,,0.5193812224402792,0.10763303099623027,0.5,0.6393812224402792,-0.6393812224402792,robust_return<=0; median_irr<=hurdle,False
287,WAB,261.21,-0.21600615913484936,-0.1567851951855118,-0.554638599292957,0.004184353124583167,0.0,0.12,0.75,0.554638599292957,0.674638599292957,0.554638599292957,0.674638599292957,5.234715871738491,73.64951275785383,171.95139485491984,5.234715871738491,171.95139485491984,False,,-0.7180448192724098,0.4611,1.0,0.2955784762087701,0.5122,-0.2767851951855118,0.4611,valid,,,,,False,ok,False,,Westinghouse Air Brake Technologies Corporation,Industrials,Railroads,general_dcf,44321419549.0,0.5122,0.07956794814663004,0.3547289909129661,0.08613004071041215,-0.00656209256378211,0.11644795394000608,0.16103241505170765,0.143668657691588,3.158259149357072,0.006354096466737268,-0.02256974795321809,elevated_leverage;cyclical_revenue,8.0,2025.0,ttm,2026-04-22,2026-07-10,True,,,,0.554638599292957,0.14778923810438505,0.375,0.674638599292957,-0.674638599292957,robust_return<=0; median_irr<=hurdle,False
288,HLT,335.48,-0.2705280783651687,-0.20455124981526746,-0.6402313356680677,-0.03277847816207211,0.0,0.12,0.75,0.6402313356680677,0.7602313356680677,0.6402313356680677,0.7602313356680677,-8.710003829799176,69.44527957259612,181.30472819830828,-8.710003829799176,181.30472819830828,False,,-0.7929972589346723,0.42399000000000003,1.0,0.32100672875299774,0.8425,-0.32455124981526745,0.42399000000000003,valid,,,share_change_floor_hit,,False,ok,False,,Hilton Worldwide Holdings Inc.,Consumer Cyclical,Travel Lodging,general_dcf,76371351040.0,0.8425,0.3095148652999893,0.6733492050774321,0.0901734987141737,0.2193413665858156,0.19370316505405474,0.23084439377900823,0.044001453671123514,4.196693657219973,0.01575085018793628,-0.057381254969486206,elevated_leverage;thin_interest_coverage;cyclical_revenue,8.0,2025.0,ttm,2026-04-28,2026-07-10,True,,,,0.6402313356680677,0.16050336437649887,0.375,0.7602313356680677,-0.7602313356680677,robust_return<=0; median_irr<=hurdle,False
289,ATO,176.2,-0.30355493692331936,-0.22833919964905358,-0.644269689673092,-0.1132716587220784,0.0,0.12,1.0,0.644269689673092,0.764269689673092,0.644269689673092,0.764269689673092,3.5425400784614474,41.61568373370777,86.94542890921697,3.5425400784614474,86.94542890921697,False,,-0.7638156428279922,0.5787,1.0,0.2781380154755068,0.5371,-0.3483391996490536,0.5787,valid,,,reinvestment_cap_hit,,False,ok,False,,Atmos Energy Corporation,Utilities,Regulated Gas,general_dcf,29411272636.0,0.5371,0.059406914641302246,0.07424817774024534,0.06925616364674778,-0.00984924900544553,0.26134417377789865,0.35874483558586845,0.06058493797688347,3.781317227728446,0.0025710730394577722,0.06712174906577117,elevated_leverage;ongoing_dilution,8.0,2025.0,ttm,2026-05-06,2026-07-10,True,,,,0.644269689673092,0.1390690077377534,0.5,0.764269689673092,-0.764269689673092,robust_return<=0; median_irr<=hurdle,False
290,GLW,190.89,-0.42280397180038565,-0.38219445447030015,-0.6446134667974547,-0.2822135114634876,0.0,0.12,1.0,0.6446134667974547,0.7646134667974547,0.6446134667974547,0.7646134667974547,1.5337259379429626,8.894665273729021,19.62009676495982,1.5337259379429626,19.62009676495982,False,,-0.9534042366088898,0.49041000000000007,1.0,0.19648767766698352,0.2109,-0.5021944544703001,0.49041000000000007,valid,,,reinvestment_cap_hit,,False,ok,False,,Corning Inc,Technology,"Hardware, Equipment & Parts",general_dcf,164287187820.0,0.2109,0.10397779129905689,0.06963985974859185,0.0972112525970771,0.006766538701979796,0.10744085629756046,0.1531156179155689,0.0475547969063439,1.8583934088568486,0.01829931537526393,0.002247259151031855,incremental_roic_below_wacc,8.0,2025.0,ttm,2026-05-01,2026-07-10,True,,,,0.6446134667974547,0.09824383883349176,0.5,0.7646134667974547,-0.7646134667974547,robust_return<=0; median_irr<=hurdle,False
291,VRT,318.86,-0.45166023003821454,-0.41878507628862277,-0.6551798713779133,-0.3138908961976995,0.0,0.12,1.0,0.6551798713779133,0.7751798713779133,0.6551798713779133,0.7751798713779133,2.697649346253905,14.76628017169855,30.361403328078488,2.697649346253905,30.361403328078488,False,,-0.9536903965009768,0.502281,0.85,0.19007605759010693,0.43,-0.5387850762886228,0.42693885,valid,,,forward_roic_cap_hit;wacc_cap_hit,,False,ok,False,,Vertiv Holdings Co,Industrials,Electrical Equipment & Parts,general_dcf,122476937070.0,0.43,0.2552732521708003,0.8519918106941591,0.14,0.11527325217080031,0.06545753986066255,0.18543680778893246,0.13234812422476638,0.790080738177624,0.004318630020719439,0.010835786410082093,peak_cycle_margins,8.0,2025.0,annual,2026-02-13,2026-07-10,True,,,,0.6551798713779133,0.09503802879505346,0.5,0.7751798713779133,-0.7751798713779133,robust_return<=0; median_irr<=hurdle,False
292,WDC,582.59,-0.4969578521595394,-0.48449762158998055,-0.6622752836927246,-0.3565608817654719,0.0,0.12,1.0,0.6622752836927246,0.7822752836927246,0.6622752836927246,0.7822752836927246,8.496258648952912,23.40309828623442,52.37763390581168,8.496258648952912,52.37763390581168,False,,-0.9598292138789982,0.37602,1.0,0.17157660096362634,0.475,-0.6044976215899805,0.37602,valid,,,wacc_cap_hit,,False,ok,False,,Western Digital Corporation,Technology,Computer Hardware,general_dcf,200808286380.0,0.475,0.35459195087079776,,0.14,0.21459195087079774,0.04605611369385074,0.3078033455039484,-0.10470002969905501,-0.37948332079257585,0.04669938261833149,0.05966092682862967,ongoing_dilution;cyclical_revenue;peak_cycle_margins,8.0,2025.0,ttm,2026-04-30,2026-07-10,True,,,,0.6622752836927246,0.08578830048181317,0.5,0.7822752836927246,-0.7822752836927246,robust_return<=0; median_irr<=hurdle,False
293,HAL,34.39,-0.08920062693068748,0.02895048232749107,-0.6711217619013039,0.2564182895235718,0.25,0.12,0.25,0.6711217619013039,0.7911217619013039,0.6711217619013039,0.7911217619013039,0.5236957701543983,27.79045115845722,70.86161388669926,0.5236957701543983,70.86161388669926,False,,-0.19190313584015062,0.4753,1.0,0.47951102571243787,0.469,-0.09104951767250893,0.4753,valid,,,,,False,ok,False,,Halliburton Company,Energy,Oil & Gas Equipment & Services,general_dcf,28729328107.0,0.469,0.11644098717542561,0.14439759535311975,0.07432163849078624,0.042119348684639374,0.11024930210138989,0.11313094862194957,-0.011147990725109747,1.6597487711632988,0.0,-0.02600056690526298,cyclical_revenue,8.0,2025.0,ttm,2026-04-24,2026-07-10,True,,,,0.6711217619013039,0.23975551285621893,0.125,0.7911217619013039,-0.7911217619013039,robust_return<=0; median_irr<=hurdle,False
294,PRU,115.37,-0.1540186001217337,-0.013363319880076219,-0.6985519710344311,0.10920421030764871,0.0,0.12,0.25,0.6985519710344311,0.8185519710344311,0.6985519710344311,0.8185519710344311,0.28718062437445385,107.86465989086474,193.70928568067384,0.28718062437445385,193.70928568067384,False,,-0.06505452118518906,0.6,0.8,0.42187809067103993,0.0026624162600152575,-0.13336331988007621,0.48,valid,,,specialist_model_v1,,False,specialist,False,,"Prudential Financial, Inc.",Financial Services,Insurance - Life,insurance,40070897595.0,,,,,,,,,,,,,,,,,2026-07-10,True,347325107.00355375,0.84,Justified P/B residual-income proxy; no regulatory-capital or reserve-detail model,0.6985519710344311,0.21093904533551996,0.125,0.8185519710344311,-0.8185519710344311,robust_return<=0; median_irr<=hurdle,False
295,DLTR,124.91,-0.2059071602430776,-0.09803862361004573,-0.7139224701677447,0.08637107641552577,0.0,0.12,0.75,0.7139224701677447,0.8339224701677447,0.7139224701677447,0.8339224701677447,-2.027352108898076,54.53050444652668,130.6138781323622,-2.027352108898076,130.6138781323622,False,,-0.563441642410322,0.48924,1.0,0.41546957329163525,0.6594,-0.21803862361004572,0.48924,valid,,,base_growth_floor_hit,,False,ok,False,,"Dollar Tree, Inc.",Consumer Defensive,Discount Stores,general_dcf,24004579250.0,0.6594,0.12719708134444005,,0.07044935356265951,0.05674772778178054,0.07816983415618828,0.08544706019374212,-0.022863270003800173,2.6073874658537552,0.005762435120462902,-0.04140513713567551,cyclical_revenue,8.0,2025.0,ttm,2026-05-28,2026-07-10,True,,,,0.7139224701677447,0.20773478664581763,0.375,0.8339224701677447,-0.8339224701677447,robust_return<=0; median_irr<=hurdle,False
296,UAL,126.0,-0.0006365378678310218,0.16143279212410563,-0.95,0.6245882642804645,0.75,0.12,0.25,0.95,1.0699999999999998,0.95,1.0699999999999998,-55.59674547711824,166.45164422565205,857.5682838416482,-55.59674547711824,857.5682838416482,False,,0.32104479544168285,0.4126,1.0,0.8049161321402323,0.5142,0.04143279212410564,0.4126,valid,,,,,False,ok,True,bear,"United Airlines Holdings, Inc.",Industrials,"Airlines, Airports & Air Services",general_dcf,40895820000.0,0.5142,0.12037131919057413,0.5465351348676303,0.08187356342444733,0.038497755766126796,0.07828532791915829,0.08439453577216949,0.05244136817293299,2.082280049566295,0.0,-0.0033434900048592286,thin_interest_coverage;cyclical_revenue,8.0,2025.0,ttm,2026-04-22,2026-07-10,True,,,,0.95,0.40245806607011614,0.125,1.0699999999999998,-1.0529048299695938,robust_return<=0,False
297,LVS,46.69,-0.04729025450360497,0.13036991106346255,-0.95,0.500099159858655,0.75,0.12,0.25,0.95,1.0699999999999998,0.95,1.0699999999999998,-10.828364584452855,56.95940382670143,245.83558464542017,-10.828364584452855,245.83558464542017,False,,0.21994867908977156,0.3987,1.0,0.7430885799293275,0.6893,0.01036991106346255,0.3987,valid,,,reinvestment_cap_hit,,False,ok,True,bear,Las Vegas Sands Corp.,Consumer Cyclical,"Gambling, Resorts & Casinos",general_dcf,30938536704.0,0.6893,0.21912608503751654,,0.07552085049000597,0.14360523454751056,0.22266116299469607,0.24636098981077148,-0.007578875588428513,2.5083991094920055,0.004242190512919399,-0.04234358866962151,thin_interest_coverage;cyclical_revenue,8.0,2025.0,ttm,2026-04-24,2026-07-10,True,,,,0.95,0.37154428996466377,0.125,1.0699999999999998,-1.0658655164589974,robust_return<=0,False
298,DAL,87.39,-0.0558606745296856,0.0890004798595328,-0.95,0.548556342162192,0.25,0.12,0.25,0.95,1.0699999999999998,0.95,1.0699999999999998,-40.112365770095,84.76071704168706,500.4162782294736,-40.112365770095,500.4162782294736,False,,-0.030086771464846618,0.3976,1.0,0.7673501710810959,0.4832,-0.030999520140467196,0.3976,valid,,,,,False,ok,True,bear,"Delta Air Lines, Inc.",Industrials,"Airlines, Airports & Air Services",general_dcf,57414705660.0,0.4832,0.11347644226181147,0.2925212432198165,0.0935514258011795,0.019925016460631967,0.09349638415522864,0.08077672177720503,0.05199235309385486,2.2694814814814817,0.0,0.008252049186159294,cyclical_revenue,8.0,2025.0,ttm,2026-07-10,2026-07-10,True,,,,0.95,0.38367508554054797,0.125,1.0699999999999998,-1.0699999999999998,robust_return<=0; median_irr<=hurdle,False
299,ZBH,91.34,-0.15663938362849872,0.03295134125510232,-0.95,0.2575397829758004,0.25,0.12,0.25,0.95,1.0699999999999998,0.95,1.0699999999999998,-2.15691814176351,77.32868921859549,198.28318831351623,-2.15691814176351,198.28318831351623,False,,-0.153397315320829,0.51129,1.0,0.6184311914879002,0.2145,-0.08704865874489767,0.51129,valid,,,forward_roic_cap_hit,,False,ok,True,bear,"Zimmer Biomet Holdings, Inc.",Healthcare,Medical - Devices,general_dcf,17670819080.0,0.2145,0.058761228839764416,1.620416730156763,0.06552179850812906,-0.006760569668364642,0.13425669510777075,0.15605527279646103,0.005292468669956474,2.909856712226948,0.013153439429062589,-0.02353247349355425,thin_interest_coverage,8.0,2025.0,ttm,2026-05-01,2026-07-10,True,,,,0.95,0.3092155957439501,0.125,1.0699999999999998,-1.0699999999999998,robust_return<=0; median_irr<=hurdle,False
300,PEG,80.55,-0.16271824919676872,0.029235415003495316,-0.95,0.24065617320593444,0.25,0.12,0.25,0.95,1.0699999999999998,0.95,1.0699999999999998,0.4460324363492088,66.6508210728489,161.84115125438547,0.4460324363492088,161.84115125438547,False,,-0.17255343174613402,0.5912,1.0,0.6075920866029673,0.338,-0.09076458499650468,0.5912,valid,,,,,False,ok,True,bear,Public Service Enterprise Group Incorporated,Utilities,Regulated Electric,general_dcf,40139788931.0,0.338,0.08395750519997351,0.4178713766367468,0.0726485461838488,0.011308959016124706,0.23252653674492513,0.25465061747694234,0.0329742925901062,3.7970342910101946,0.0,-0.0006657791581933248,elevated_leverage;thin_interest_coverage,8.0,2025.0,ttm,2026-05-05,2026-07-10,True,,,,0.95,0.30379604330148363,0.125,1.0699999999999998,-1.0699999999999998,robust_return<=0; median_irr<=hurdle,False
301,T,21.13,-0.18624918356072157,0.016253680433146678,-0.95,0.1724959048908204,0.25,0.12,0.25,0.95,1.0699999999999998,0.95,1.0699999999999998,-2.990080327022033,16.662992889115245,34.03927429604996,-2.990080327022033,34.03927429604996,False,,-0.21140592100732392,0.6333,1.0,0.5722489524454102,0.5228,-0.10374631956685332,0.6333,valid,,,,,False,ok,True,bear,AT&T Inc.,Communication Services,Telecommunications Services,general_dcf,146818424200.0,0.5228,0.07543117481009164,,0.06977597818356107,0.005655196626530565,0.17997454287874726,0.19353028578654527,-0.042875319057744776,3.3701964606082084,0.0,-0.02523493375363184,elevated_leverage;thin_interest_coverage,8.0,2025.0,ttm,2026-04-27,2026-07-10,True,,,,0.95,0.2861244762227051,0.125,1.0699999999999998,-1.0699999999999998,robust_return<=0; median_irr<=hurdle,False
302,AIG,79.17,-0.18947488728143785,0.011337030654200442,-0.95,0.16942638956584766,0.25,0.12,0.25,0.95,1.0699999999999998,0.95,1.0699999999999998,0.0,83.76067957412002,173.15103624435744,0.0,173.15103624435744,False,,0.05798508998509555,0.6,0.8,0.5777131947829238,0.0,-0.10866296934579955,0.48,valid,,,specialist_model_v1,,False,specialist,False,,"American International Group, Inc.",Financial Services,Insurance - Diversified,insurance,41976426517.0,,,,,,,,,,,,,,,,,2026-07-10,True,530206221.00543135,0.541,Justified P/B residual-income proxy; no regulatory-capital or reserve-detail model,0.95,0.2888565973914619,0.125,1.0699999999999998,-1.0699999999999998,robust_return<=0; median_irr<=hurdle,False
303,TMUS,187.61,-0.18958400837873338,-0.012505217973375664,-0.95,0.21667440243181776,0.25,0.12,0.25,0.95,1.0699999999999998,0.95,1.0699999999999998,-31.38151519046529,123.80911611537671,347.0706927133928,-31.38151519046529,347.0706927133928,False,,-0.34007187188648413,0.41204700000000005,1.0,0.6009757912159088,0.4858,-0.13250521797337567,0.41204700000000005,valid,,,forward_roic_cap_hit;wacc_floor_hit,,False,ok,True,bear,"T-Mobile US, Inc.",Communication Services,Telecommunications Services,general_dcf,203032426956.0,0.4858,0.08348408532410032,1.990527861070957,0.065,0.018484085324100313,0.12487129857199122,0.20364520048602675,0.10713963255832692,3.507324263734914,0.008490542019908858,-0.04249120632732084,elevated_leverage;thin_interest_coverage;cyclical_revenue;peak_cycle_margins,8.0,2025.0,ttm,2026-04-28,2026-07-10,True,,,,0.95,0.3004878956079544,0.125,1.0699999999999998,-1.0699999999999998,robust_return<=0; median_irr<=hurdle,False
304,HAS,78.96,-0.19410680741420944,-0.026613139244727753,-0.95,0.2267990488326177,0.25,0.12,0.25,0.95,1.0699999999999998,0.95,1.0699999999999998,-7.559944570008351,51.64582274056148,155.52600739075183,-7.559944570008351,155.52600739075183,False,,-0.3459242307426358,0.5778,0.85,0.6055655244163088,0.7,-0.14661313924472774,0.49112999999999996,valid,,,,,False,ok,True,bear,"Hasbro, Inc.",Consumer Cyclical,Leisure,general_dcf,11172129360.0,0.7,0.2716024684617174,,0.06522444582860182,0.20637802263311555,0.10535031530997216,0.22504413672813903,0.00375236020630787,2.0492150004067353,0.0,0.0031100678704076845,peak_cycle_margins,8.0,2025.0,annual,2026-02-25,2026-07-10,True,,,,0.95,0.3027827622081544,0.125,1.0699999999999998,-1.0699999999999998,robust_return<=0; median_irr<=hurdle,False
305,NRG,140.42,-0.19800645163777514,-0.0722794239496579,-0.95,0.3025330413482152,0.25,0.12,0.75,0.95,1.0699999999999998,0.95,1.0699999999999998,-64.74115561772861,45.55765178359338,359.1709013078726,-64.74115561772861,359.1709013078726,False,,-0.6755615169947773,0.35802,1.0,0.6455259206741076,0.5741,-0.1922794239496579,0.35802,valid,,,reinvestment_cap_hit,,False,ok,True,bear,"NRG Energy, Inc.",Utilities,Independent Power Producers,general_dcf,29626720117.0,0.5741,0.030341420498202175,,0.08839380311948405,-0.05805238262128188,0.09488985175466122,0.030004934007647713,0.18287155276652345,8.986995515695067,0.0036260220405261285,-0.041224096277523326,elevated_leverage;thin_interest_coverage;cyclical_revenue,8.0,2025.0,ttm,2026-05-06,2026-07-10,True,,,,0.95,0.3227629603370538,0.375,1.0699999999999998,-1.0699999999999998,robust_return<=0; median_irr<=hurdle,False
306,LYV,179.79,-0.20660013726155732,-0.20044260173744977,-0.95,0.5244846544286702,0.25,0.12,0.75,0.95,1.0699999999999998,0.95,1.0699999999999998,-16.813366961784464,42.15643823267357,921.4321413093501,-16.813366961784464,921.4321413093501,False,,-0.7655240100524302,0.4202,1.0,0.7546363272143352,0.5312,-0.32044260173744976,0.4202,valid,,,,,False,ok,True,bear,"Live Nation Entertainment, Inc.",Communication Services,Entertainment,general_dcf,41839434132.0,0.5312,0.742449845013421,0.38241129362642984,0.08945605029665463,0.6529937947167664,0.031868649483831786,0.05452177346853182,0.12886419341228894,0.717585798478136,0.005102410566569146,0.0012136706823184795,thin_interest_coverage;cyclical_revenue;peak_cycle_margins,8.0,2025.0,ttm,2026-05-05,2026-07-10,True,,,,0.95,0.3773181636071676,0.375,1.0699999999999998,-1.0699999999999998,robust_return<=0; median_irr<=hurdle,False
307,KMI,32.12,-0.2922530660289339,-0.12711505398619913,-0.95,0.035217843856662545,0.0,0.12,0.75,0.95,1.0699999999999998,0.95,1.0699999999999998,-2.88314877941707,11.058144404855542,26.52688280959503,-2.88314877941707,26.52688280959503,False,,-0.6557240222647713,0.45566999999999996,1.0,0.5089388219283313,0.2768,-0.24711505398619912,0.45566999999999996,valid,,,reinvestment_cap_hit,,False,ok,True,bear,"Kinder Morgan, Inc.",Energy,Oil & Gas Midstream,general_dcf,71461403315.0,0.2768,0.06191373921626637,,0.07060195402296744,-0.008688214806701074,0.28441380746680256,0.2860648253823328,0.024819864010472203,4.270797169181466,0.0,-0.0048954945173924624,elevated_leverage;thin_interest_coverage;cyclical_revenue,8.0,2025.0,ttm,2026-04-24,2026-07-10,True,,,,0.95,0.25446941096416564,0.375,1.0699999999999998,-1.0699999999999998,robust_return<=0; median_irr<=hurdle,False
308,CVS,104.15,-0.29652686728513794,-0.1322089601133484,-0.95,0.02831045108614492,0.0,0.12,0.75,0.95,1.0699999999999998,0.95,1.0699999999999998,-0.5739732321136019,26.768572119349432,81.21117048773755,-0.5739732321136019,81.21117048773755,False,,-0.742980584547773,0.5256090000000001,0.85,0.5078869555430724,0.5851,-0.25220896011334837,0.44676765000000007,valid,,,forward_roic_floor_hit;reinvestment_cap_hit,,False,ok,True,bear,CVS Health Corp.,Healthcare,Medical - Healthcare Plans,general_dcf,132888109500.0,0.5851,0.0488343256646087,-0.11097765204606212,0.07060683504043451,-0.02177250937582581,0.032120665582538864,0.025829028495250792,0.10924868668053822,5.532386098325662,0.0014484628858208895,-0.013277036450652147,elevated_leverage;thin_interest_coverage;incremental_roic_below_wacc,8.0,2025.0,annual,2026-02-10,2026-07-10,True,,,,0.95,0.2539434777715362,0.375,1.0699999999999998,-1.0699999999999998,robust_return<=0; median_irr<=hurdle,False
309,ALL,251.61,-0.311112612614799,-0.1699180243107974,-0.95,0.04538559816239873,0.0,0.12,0.75,0.95,1.0699999999999998,0.95,1.0699999999999998,0.0,99.15915482403662,314.1307572924206,0.0,314.1307572924206,False,,-0.605901375843422,0.6,0.8,0.5156927990811994,0.0,-0.2899180243107974,0.48,valid,,,specialist_model_v1,,False,specialist,False,,The Allstate Corporation,Financial Services,Insurance - Property & Casualty,insurance,64769697810.0,,,,,,,,,,,,,,,,,2026-07-10,True,257421000.0,0.166,Justified P/B residual-income proxy; no regulatory-capital or reserve-detail model,0.95,0.2578463995405997,0.375,1.0699999999999998,-1.0699999999999998,robust_return<=0; median_irr<=hurdle,False
310,SO,95.61,-0.31567892421589927,-0.178046541014919,-0.95,0.04337738516624089,0.0,0.12,0.75,0.95,1.0699999999999998,0.95,1.0699999999999998,-25.59055973606849,25.968779048399526,89.20371221608042,-25.59055973606849,89.20371221608042,False,,-0.7283884630436197,0.5673,1.0,0.5096696925831204,0.3365,-0.298046541014919,0.5673,valid,,,,,False,ok,True,bear,The Southern Company,Utilities,Regulated Electric,general_dcf,107781153000.0,0.3365,0.054290078300704425,0.16261594866140794,0.070980586042876,-0.01669050774217158,0.23522993198402714,0.2414993040365878,0.033313976114662136,5.563102476642444,0.004939380332285586,0.014293274404168832,elevated_leverage;thin_interest_coverage,8.0,2025.0,ttm,2026-03-31,2026-07-10,True,,,,0.95,0.2548348462915602,0.375,1.0699999999999998,-1.0699999999999998,robust_return<=0; median_irr<=hurdle,False
311,CAH,235.8,-0.3200707640615292,-0.20705536848399786,-0.95,0.08382768072187904,0.0,0.12,0.75,0.95,1.0699999999999998,0.95,1.0699999999999998,-52.41334535557616,57.464139419007076,252.0272050959026,-52.41334535557616,252.0272050959026,False,,-0.7563013595461956,0.5860350000000001,1.0,0.5293327903609395,0.6438,-0.32705536848399785,0.5860350000000001,valid,,,forward_roic_cap_hit;share_change_floor_hit,,False,ok,True,bear,"Cardinal Health, Inc.",Healthcare,Medical - Distribution,general_dcf,55225774800.0,0.6438,0.8041789047600153,,0.06707697177818493,0.7371019329818304,0.0032869369312651603,0.009227735891981208,0.0720014350924516,1.538627935723115,0.0005334461946770006,-0.05426542517926303,peak_cycle_margins,8.0,2025.0,ttm,2026-04-30,2026-07-10,True,,,,0.95,0.26466639518046975,0.375,1.0699999999999998,-1.0699999999999998,robust_return<=0; median_irr<=hurdle,False
312,BDX,151.94,-0.3283107984854723,-0.15958257742458953,-0.95,-0.04407803909271021,0.0,0.12,0.75,0.95,1.0699999999999998,0.95,1.0699999999999998,-1.47544608460643,48.86576031189177,84.86557227296264,-1.47544608460643,84.86557227296264,False,,-0.6783877825991065,0.6942,1.0,0.4621349804536449,0.4155,-0.27958257742458953,0.6942,valid,,,,,False,ok,True,bear,"Becton, Dickinson and Company",Healthcare,Medical - Instruments & Supplies,general_dcf,55047117646.0,0.4155,0.05025864617203665,0.07352428393524284,0.06676320149578294,-0.016504555323746284,0.11329093663343556,0.10610812075824948,0.04560530592574796,3.5773576705780097,0.01224105461393597,-0.00786126920640362,elevated_leverage;thin_interest_coverage,8.0,2025.0,ttm,2026-05-07,2026-07-10,True,,,,0.95,0.23106749022682244,0.375,1.0699999999999998,-1.0699999999999998,robust_return<=0; median_irr<=hurdle,False
313,ED,111.12,-0.3449632733943872,-0.19194200898346025,-0.95,-0.04596907561062831,0.0,0.12,0.75,0.95,1.0699999999999998,0.95,1.0699999999999998,-3.0846295557682235,17.1053267878101,59.14774409756982,-3.0846295557682235,59.14774409756982,False,,-0.8460643737598084,0.6649200000000001,1.0,0.4620678621946858,0.4356,-0.31194200898346025,0.6649200000000001,valid,,,reinvestment_cap_hit,,False,ok,True,bear,"Consolidated Edison, Inc.",Utilities,Regulated Electric,general_dcf,40951020820.0,0.4356,0.047254411350166795,0.01581143566133083,0.07090372203251286,-0.02364931068234606,0.19193011684904407,0.1732791170490851,0.04619218097214417,5.088478915662651,0.0,0.00799290411037279,elevated_leverage;thin_interest_coverage;incremental_roic_below_wacc,8.0,2025.0,ttm,2026-05-07,2026-07-10,True,,,,0.95,0.2310339310973429,0.375,1.0699999999999998,-1.0699999999999998,robust_return<=0; median_irr<=hurdle,False
314,J,125.83,-0.35105125484114974,-0.19380606756312768,-0.95,-0.06659288423834366,0.0,0.12,0.75,0.95,1.0699999999999998,0.95,1.0699999999999998,0.6814828109682631,32.460080408504055,61.13509529451541,0.6814828109682631,61.13509529451541,False,,-0.7420322625089084,0.52083,1.0,0.45607865788082813,0.5194,-0.3138060675631277,0.52083,valid,,,base_growth_floor_hit,,False,ok,True,bear,Jacobs Solutions Inc.,Industrials,Engineering & Construction,general_dcf,14858117005.0,0.5194,0.07799016421150091,,0.0722466081297494,0.005743556081751519,0.052005834956734234,0.046887960756679295,-0.030890069801322917,4.013784189627718,0.006451037354247796,-0.027638266062380956,elevated_leverage;thin_interest_coverage,8.0,2025.0,ttm,2026-05-05,2026-07-10,True,,,,0.95,0.22803932894041407,0.375,1.0699999999999998,-1.0699999999999998,robust_return<=0; median_irr<=hurdle,False
315,IQV,207.85,-0.35641449934992125,-0.210346757483785,-0.95,-0.05496448243211487,0.0,0.12,0.75,0.95,1.0699999999999998,0.95,1.0699999999999998,-16.569226468082917,36.546475124255515,92.96879204713136,-16.569226468082917,92.96879204713136,False,,-0.8241689914637694,0.6701,1.0,0.45741475878394255,0.3854,-0.330346757483785,0.6701,valid,,,,,False,ok,True,bear,IQVIA Holdings Inc.,Healthcare,Medical - Diagnostics & Research,general_dcf,34690165000.0,0.3854,0.09353255896292795,0.2088408077754411,0.09453677196654903,-0.0010042130036210795,0.11262374556294646,0.1385882635882636,0.06621720428944555,4.066244239631336,0.014482114255205552,-0.03778616609216234,elevated_leverage;thin_interest_coverage,8.0,2025.0,ttm,2026-05-05,2026-07-10,True,,,,0.95,0.22870737939197128,0.375,1.0699999999999998,-1.0699999999999998,robust_return<=0; median_irr<=hurdle,False
316,EFX,166.44,-0.36150854838488156,-0.21242395346926057,-0.95,-0.07118628660100507,0.0,0.12,1.0,0.95,1.0699999999999998,0.95,1.0699999999999998,-4.74453093433381,16.84636154648758,59.09766569449051,-4.74453093433381,59.09766569449051,False,,-0.8987841772020694,0.534357,1.0,0.45337614669949744,0.4206,-0.33242395346926057,0.534357,valid,,,forward_roic_floor_hit;reinvestment_cap_hit,,False,ok,True,bear,Equifax Inc.,Industrials,Consulting Services,general_dcf,20078421492.0,0.4206,0.09113329555073894,-0.03812143496395194,0.09783788620938422,-0.006704590658645274,0.17880493808027148,0.18260260451491706,0.08588569570479487,2.7251794735442703,0.013636708956924714,-0.0068047834466663515,incremental_roic_below_wacc,8.0,2025.0,ttm,2026-04-21,2026-07-10,True,,,,0.95,0.22668807334974872,0.5,1.0699999999999998,-1.0699999999999998,robust_return<=0; median_irr<=hurdle,False
317,WMB,75.02,-0.37139051216654473,-0.25375488275894886,-0.95,-0.02805228314828124,0.0,0.12,0.75,0.95,1.0699999999999998,0.95,1.0699999999999998,-11.13693871163563,11.79577386130143,43.896048246955544,-11.13693871163563,43.896048246955544,False,,-0.8427649445307728,0.42696,1.0,0.4781650584258594,0.3348,-0.37375488275894886,0.42696,valid,,,reinvestment_cap_hit,,False,ok,True,bear,"The Williams Companies, Inc.",Energy,Oil & Gas Midstream,general_dcf,91749329840.00002,0.3348,0.08283339259965206,0.1539877216489435,0.07276329158614217,0.010070101013509886,0.28025475539685774,0.38788692223806726,0.046628563535081824,4.254529641977098,0.007059686439900981,8.94136432536552e-05,elevated_leverage;thin_interest_coverage,8.0,2025.0,ttm,2026-05-04,2026-07-10,True,,,,0.95,0.2390825292129297,0.375,1.0699999999999998,-1.0699999999999998,robust_return<=0; median_irr<=hurdle,False
318,DE,586.86,-0.38757417550059464,-0.2494968319268082,-0.95,-0.10130303814876238,0.0,0.12,1.0,0.95,1.0699999999999998,0.95,1.0699999999999998,-32.82755959193144,52.81717830287567,191.34177600560378,-32.82755959193144,191.34177600560378,False,,-0.9100003777683338,0.51246,1.0,0.43897468092561875,0.5075,-0.36949683192680816,0.51246,valid,,,reinvestment_cap_hit,,False,ok,True,bear,Deere & Company,Industrials,Agricultural - Machinery,general_dcf,158415477236.0,0.5075,0.08170265368566916,0.02696339984426077,0.08362247234757594,-0.001919818661906783,0.1770399089665699,0.1838359263290437,0.029428901014733944,5.019408587384418,0.0033807231613119893,-0.04022988902685265,elevated_leverage;thin_interest_coverage;cyclical_revenue;incremental_roic_below_wacc,8.0,2025.0,ttm,2026-05-28,2026-07-10,True,,,,0.95,0.21948734046280938,0.5,1.0699999999999998,-1.0699999999999998,robust_return<=0; median_irr<=hurdle,False
319,WEC,114.96,-0.40330428556626424,-0.2681484661414288,-0.95,-0.12692020998219958,0.0,0.12,1.0,0.95,1.0699999999999998,0.95,1.0699999999999998,-12.64169259251682,11.898031810506401,36.478310735274555,-12.64169259251682,36.478310735274555,False,,-0.8965028548146625,0.65088,1.0,0.4220134950089002,0.4397,-0.3881484661414288,0.65088,valid,,,reinvestment_cap_hit,,False,ok,True,bear,"WEC Energy Group, Inc.",Utilities,Regulated Electric,general_dcf,37445423943.0,0.4397,0.05749906289040306,0.06076045036824309,0.07193698555917172,-0.014437922668768657,0.21038385074284094,0.23970728224654927,0.03544783221141867,5.687777721027632,0.0,0.012703075648047957,elevated_leverage;thin_interest_coverage;incremental_roic_below_wacc,8.0,2025.0,ttm,2026-05-07,2026-07-10,True,,,,0.95,0.2110067475044501,0.5,1.0699999999999998,-1.0699999999999998,robust_return<=0; median_irr<=hurdle,False
320,AEP,135.43,-0.40799697700495013,-0.28586618909612294,-0.95,-0.11025552982755468,0.0,0.12,1.0,0.95,1.0699999999999998,0.95,1.0699999999999998,-25.735629270408392,12.241270334977223,50.624467348965176,-25.735629270408392,50.624467348965176,False,,-0.9096118265157113,0.63936,1.0,0.4306914350862226,0.4842,-0.40586618909612293,0.63936,valid,,,reinvestment_cap_hit,,False,ok,True,bear,"American Electric Power Company, Inc.",Utilities,Regulated Electric,general_dcf,73688140150.0,0.4842,0.056381285000301075,0.08173681135634871,0.07337509627542767,-0.016993811275126593,0.19810734374412714,0.23469802109746524,0.04351225641155998,5.844895258089544,0.0,0.021333592798721934,elevated_leverage;thin_interest_coverage,8.0,2025.0,ttm,2026-05-05,2026-07-10,True,,,,0.95,0.2153457175431113,0.5,1.0699999999999998,-1.0699999999999998,robust_return<=0; median_irr<=hurdle,False
321,CRL,233.41,-0.42839069512774586,-0.29881667266017764,-0.95,-0.16592943519062825,0.0,0.12,1.0,0.95,1.0699999999999998,0.95,1.0699999999999998,-4.203480934988297,3.4168942444306794,38.4277155757782,-4.203480934988297,38.4277155757782,False,,-0.985360977488408,0.5426190000000001,0.85,0.41025671240468586,0.4019,-0.41881667266017764,0.46122615000000006,valid,,,forward_roic_floor_hit;reinvestment_cap_hit,,False,ok,True,bear,"Charles River Laboratories International, Inc.",Healthcare,Medical - Diagnostics & Research,general_dcf,11242829859.0,0.4019,0.06896517348144895,-0.1283123019166573,0.10140160364617355,-0.0324364301647246,0.14711536221006205,0.1264733965535533,0.0851571891397469,3.1298248040116294,0.017447533048918138,-0.011416162516314277,elevated_leverage;thin_interest_coverage;incremental_roic_below_wacc,8.0,2025.0,annual,2026-02-18,2026-07-10,True,,,,0.95,0.20512835620234293,0.5,1.0699999999999998,-1.0699999999999998,robust_return<=0; median_irr<=hurdle,False
322,RVTY,112.29,-0.43948361887596554,-0.32287933689658543,-0.95,-0.1621758017106913,0.0,0.12,1.0,0.95,1.0699999999999998,0.95,1.0699999999999998,-9.185217905007967,9.79458507240177,23.661206189861254,-9.185217905007967,23.661206189861254,False,,-0.9127742000854772,0.47439000000000003,1.0,0.4096803991446543,0.3116,-0.44287933689658543,0.47439000000000003,valid,,,reinvestment_cap_hit,,False,ok,True,bear,"Revvity, Inc.",Healthcare,Medical - Diagnostics & Research,general_dcf,12527072400.0,0.3116,0.03351006242660167,,0.09526703075419299,-0.06175696832759132,0.14712330139003132,0.12413524360987277,0.003966430835526502,3.219929778277822,0.01372364543928079,-0.0399360164596676,elevated_leverage;thin_interest_coverage,8.0,2025.0,ttm,2026-05-12,2026-07-10,True,,,,0.95,0.20484019957232716,0.5,1.0699999999999998,-1.0699999999999998,robust_return<=0; median_irr<=hurdle,False
323,CARR,69.34,-0.4447571540687932,-0.3196881993790157,-0.95,-0.18965221751714129,0.0,0.12,1.0,0.95,1.0699999999999998,0.95,1.0699999999999998,-1.3499884156209572,1.9038592029286698,10.437401254636002,-1.3499884156209572,10.437401254636002,False,,-0.9725431323488799,0.48729600000000006,1.0,0.39555501124142933,0.6046,-0.4396881993790157,0.48729600000000006,valid,,,forward_roic_floor_hit;reinvestment_cap_hit,,False,ok,True,bear,Carrier Global Corporation,Industrials,Industrial - Machinery,general_dcf,57592446531.0,0.6046,0.04691045978115132,-0.049360741584424696,0.09907838477110328,-0.052167924989951965,0.11922563929220478,0.07242798353909465,0.020139172074632672,3.9020905923344946,0.003746504142261622,-0.007173176923426783,elevated_leverage;thin_interest_coverage;incremental_roic_below_wacc,8.0,2025.0,ttm,2026-04-30,2026-07-10,True,,,,0.95,0.19777750562071467,0.5,1.0699999999999998,-1.0699999999999998,robust_return<=0; median_irr<=hurdle,False
324,XEL,80.06,-0.549846794311452,-0.5117285024593002,-0.95,-0.22593017232720736,0.0,0.12,1.0,0.95,1.0699999999999998,0.95,1.0699999999999998,-21.667477756699494,-10.47586899186099,8.70615656676952,-21.667477756699494,8.70615656676952,False,,-1.130850224729715,0.66618,0.85,0.3765495138363963,0.4498,-0.6317285024593002,0.566253,valid,,,reinvestment_cap_hit,,False,ok,True,bear,Xcel Energy Inc.,Utilities,Regulated Electric,general_dcf,49979020973.99999,0.4498,0.0445849679950444,0.03392438942790231,0.07324263313559948,-0.02865766514055508,0.17608053511468033,0.19626423069057194,0.03490643646473668,5.788793826539171,0.0024551744661855516,0.024965677922967222,elevated_leverage;thin_interest_coverage;incremental_roic_below_wacc,8.0,2025.0,annual,2026-02-25,2026-07-10,True,,,,0.95,0.18827475691819814,0.5,1.0699999999999998,-1.0699999999999998,robust_return<=0; median_irr<=hurdle,False
325,CRM,163.32,-0.6020492310351983,-0.6601493283262241,-0.95,-0.1378982674883445,0.0,0.12,1.0,0.95,1.0699999999999998,0.95,1.0699999999999998,-30.79725381888878,-1.4595680290333324,49.965848044102195,-30.79725381888878,49.965848044102195,False,,-1.0089368603296187,0.54801,0.85,0.42411056625582777,0.1631,-0.7801493283262241,0.46580849999999996,valid,,,forward_roic_cap_hit,,False,ok,True,bear,"Salesforce, Inc.",Technology,Software - Application,general_dcf,133759080000.0,0.1631,0.12198230527609223,1.3495777818937513,0.0916378746806017,0.030344430595490537,0.036566423432434825,0.21943075953209273,0.17684937422531677,2.2812998253739276,0.08399525003298589,-0.04403718618447794,heavy_sbc;peak_cycle_margins,8.0,2026.0,ttm,2026-05-28,2026-07-10,True,,,,0.95,0.21205528312791389,0.5,1.0699999999999998,-1.0699999999999998,robust_return<=0; median_irr<=hurdle,False
326,MCHP,88.59,-0.6118843100222876,-0.5919799796771259,-0.95,-0.31357728073489843,0.0,0.12,1.0,0.95,1.0699999999999998,0.95,1.0699999999999998,-6.788542712597987,-2.108446858127545,3.402366976089192,-6.788542712597987,3.402366976089192,False,,-1.0238000548383288,0.3852,1.0,0.3366553596325508,0.3807,-0.7119799796771259,0.3852,valid,,,reinvestment_cap_hit,,False,ok,True,bear,Microchip Technology Incorporated,Technology,Semiconductors,general_dcf,48105078720.0,0.3807,0.035691234785719554,,0.12587774662662313,-0.09018651184090357,0.15852737070229608,0.10398676030638009,-0.017931178829099226,4.489486179413261,0.04098509632860778,-0.005654256190469442,elevated_leverage;thin_interest_coverage;cyclical_revenue,8.0,2026.0,ttm,2026-05-21,2026-07-10,True,,,,0.95,0.1683276798162754,0.5,1.0699999999999998,-1.0699999999999998,robust_return<=0; median_irr<=hurdle,False
