ticker,name,sector,industry,final_bucket,decision_stage,decision_reason,rank,eligible,robust_return,expected_irr,median_irr,p10_irr,worst_case_hurdle_gap,business_quality,model_confidence,data_confidence,evidence_confidence,catastrophic_tail_floor_applied,catastrophic_tail_scenarios
LLY,Eli Lilly and Company,Healthcare,Drug Manufacturers - General,research_queue,step7_risk_adjusted_ranking,robust_return<=0; median_irr<=hurdle,160,False,-0.308204229427356,-0.05184904510097109,-0.03839303831264257,-0.18820422942735598,0.308204229427356,0.9387,0.58716,0.85,0.499086,False,
BRK-B,Berkshire Hathaway Inc.,Financial Services,Insurance - Diversified,research_queue,step7_risk_adjusted_ranking,robust_return<=0; median_irr<=hurdle,146,False,-0.29546325757471403,0.038305739082033746,0.07653968937246192,-0.17546325757471404,0.29546325757471403,0.2635723426046663,0.6,0.8,0.48,False,
JPM,JPMorgan Chase & Co.,Financial Services,Banks - Diversified,research_queue,step7_risk_adjusted_ranking,robust_return<=0; median_irr<=hurdle,129,False,-0.2739760370018446,-0.07333574497417839,-0.05979623111267596,-0.1539760370018446,0.2739760370018446,0.5899339399080994,0.6,0.8,0.48,False,
V,Visa Inc.,Financial Services,Financial - Credit Services,watchlist,step2_model_routing,consumer_finance_model_not_supported,,,,,,,,,,,,,
JNJ,Johnson & Johnson,Healthcare,Drug Manufacturers - General,research_queue,step7_risk_adjusted_ranking,robust_return<=0; median_irr<=hurdle,98,False,-0.2407594903054996,-0.04091189363571172,-0.03293121385795526,-0.1207594903054996,0.2407594903054996,0.9489,0.9161,1.0,0.9161,False,
XOM,Exxon Mobil Corporation,Energy,Oil & Gas Integrated,watchlist,step5_quality_risk,insufficient_model_confidence,,,,,,,,,0.3378,1.0,,,
MA,Mastercard Incorporated,Financial Services,Financial - Credit Services,watchlist,step2_model_routing,consumer_finance_model_not_supported,,,,,,,,,,,,,
ABBV,AbbVie Inc.,Healthcare,Drug Manufacturers - General,research_queue,step7_risk_adjusted_ranking,robust_return<=0; median_irr<=hurdle,163,False,-0.3106572091218549,-0.030488633593631645,-0.013527075189631407,-0.19065720912185494,0.3106572091218549,0.8465,0.6378,1.0,0.6378,False,
CAT,Caterpillar Inc.,Industrials,Agricultural - Machinery,research_queue,step7_risk_adjusted_ranking,robust_return<=0; median_irr<=hurdle,275,False,-0.5549136433276727,-0.28297878780913377,-0.2633339849013282,-0.4349136433276727,0.5549136433276727,0.7041,0.6439,1.0,0.6439,False,
BAC,Bank of America Corporation,Financial Services,Banks - Diversified,research_queue,step7_risk_adjusted_ranking,robust_return<=0; median_irr<=hurdle,162,False,-0.31053257544925983,-0.09871074616518224,-0.08281790711002923,-0.19053257544925983,0.31053257544925983,0.5354501514449488,0.6,0.8,0.48,False,
ORCL,Oracle Corporation,Technology,Software - Infrastructure,watchlist,step2_material_event_gate,material_event_requires_reunderwriting,,,,,,,,,,,,,
GE,GE Aerospace,Industrials,Aerospace & Defense,hard_filter_rejected,step2_hard_filters,security_type,,,,,,,,,,,,,
UNH,UnitedHealth Group Incorporated,Healthcare,Medical - Healthcare Plans,research_queue,step7_risk_adjusted_ranking,robust_return<=0; median_irr<=hurdle,44,False,-0.15297182629175943,0.016352275854660585,0.011252347745175967,-0.032971826291759446,0.15297182629175943,0.7425,0.6666300000000001,1.0,0.6666300000000001,False,
KO,The Coca-Cola Company,Consumer Defensive,Beverages - Non-Alcoholic,research_queue,step7_risk_adjusted_ranking,robust_return<=0; median_irr<=hurdle,165,False,-0.3136672712385189,-0.06838346502190687,-0.05308585506863889,-0.19366727123851887,0.3136672712385189,0.9097,0.8096,1.0,0.8096,False,
HD,"The Home Depot, Inc.",Consumer Cyclical,Home Improvement,research_queue,step7_risk_adjusted_ranking,robust_return<=0; median_irr<=hurdle,120,False,-0.2670608968826127,-0.11133014533224919,-0.1133668227892485,-0.14706089688261267,0.2670608968826127,0.9626,0.76905,1.0,0.76905,False,
PG,The Procter & Gamble Company,Consumer Defensive,Household & Personal Products,research_queue,step7_risk_adjusted_ranking,robust_return<=0; median_irr<=hurdle,89,False,-0.22630377675406632,0.015025062701897724,0.027772110965452197,-0.10630377675406631,0.22630377675406632,0.9106,0.8372,1.0,0.8372,False,
MS,Morgan Stanley,Financial Services,Financial - Capital Markets,watchlist,step2_model_routing,asset_management_model_not_supported,,,,,,,,,,,,,
CVX,Chevron Corporation,Energy,Oil & Gas Integrated,watchlist,step5_quality_risk,insufficient_model_confidence,,,,,,,,,0.3132,1.0,,,
MRK,"Merck & Co., Inc.",Healthcare,Drug Manufacturers - General,research_queue,step7_risk_adjusted_ranking,robust_return<=0; median_irr<=hurdle,167,False,-0.31614818998961713,-0.0007054862289805758,0.020614000456407693,-0.1961481899896171,0.31614818998961713,0.7944,0.6751,1.0,0.6751,False,
GS,"The Goldman Sachs Group, Inc.",Financial Services,Financial - Capital Markets,watchlist,step2_model_routing,asset_management_model_not_supported,,,,,,,,,,,,,
GEV,GE Vernova Inc.,Utilities,Renewable Utilities,hard_filter_rejected,step2_hard_filters,listing_age,,,,,,,,,,,,,
PM,Philip Morris International Inc.,Consumer Defensive,Tobacco,research_queue,step7_risk_adjusted_ranking,robust_return<=0; median_irr<=hurdle,90,False,-0.22681747834896665,0.00014750280679439245,0.013615170726552633,-0.10681747834896667,0.22681747834896665,0.9783,0.8815,1.0,0.8815,False,
IBM,International Business Machines Corporation,Technology,Information Technology Services,research_queue,step7_risk_adjusted_ranking,robust_return<=0; median_irr<=hurdle,251,False,-0.4600588173491996,-0.16497568230370233,-0.14114093681564555,-0.3400588173491996,0.4600588173491996,0.7554,0.7035,0.85,0.597975,False,
RTX,RTX Corporation,Industrials,Aerospace & Defense,research_queue,step7_risk_adjusted_ranking,robust_return<=0; median_irr<=hurdle,267,False,-0.4964232676592655,-0.18658240396616746,-0.16346013107977342,-0.3764232676592655,0.4964232676592655,0.4489,0.55935,1.0,0.55935,False,
DELL,Dell Technologies Inc.,Technology,Computer Hardware,research_queue,step7_risk_adjusted_ranking,robust_return<=0; median_irr<=hurdle,265,False,-0.49264957067818604,-0.21322654099349164,-0.19921501548378728,-0.37264957067818605,0.49264957067818604,0.6976,0.5747399999999999,1.0,0.5747399999999999,False,
WFC,Wells Fargo & Company,Financial Services,Banks - Diversified,research_queue,step7_risk_adjusted_ranking,robust_return<=0; median_irr<=hurdle,125,False,-0.2717050788365851,-0.05053840166050663,-0.033404416538401094,-0.15170507883658513,0.2717050788365851,0.5206073580861041,0.6,0.8,0.48,False,
AXP,American Express Company,Financial Services,Financial - Credit Services,watchlist,step2_model_routing,consumer_finance_model_not_supported,,,,,,,,,,,,,
C,Citigroup Inc.,Financial Services,Banks - Diversified,research_queue,step7_risk_adjusted_ranking,robust_return<=0; median_irr<=hurdle,252,False,-0.4615981943680838,-0.1771829976370912,-0.14596448506186266,-0.3415981943680838,0.4615981943680838,0.2723174116520194,0.6,0.8,0.48,False,
APH,Amphenol Corporation,Technology,"Hardware, Equipment & Parts",research_queue,step7_risk_adjusted_ranking,robust_return<=0; median_irr<=hurdle,202,False,-0.37350626609579196,-0.14486461271444567,-0.13364268940349572,-0.25350626609579197,0.37350626609579196,0.863,0.59742,0.85,0.5078069999999999,False,
ANET,"Arista Networks, Inc.",Technology,Computer Hardware,research_queue,step7_risk_adjusted_ranking,robust_return<=0; median_irr<=hurdle,192,False,-0.3489091972197639,-0.14991662169704795,-0.14357055677101013,-0.22890919721976388,0.3489091972197639,0.9218,0.502281,1.0,0.502281,False,
MCD,McDonald's Corporation,Consumer Cyclical,Restaurants,research_queue,step7_risk_adjusted_ranking,robust_return<=0; median_irr<=hurdle,109,False,-0.2554733278174535,9.698326430227985e-05,0.017622723097156297,-0.13547332781745353,0.2554733278174535,0.9395,0.7364700000000001,1.0,0.7364700000000001,False,
TMO,Thermo Fisher Scientific Inc.,Healthcare,Medical - Diagnostics & Research,research_queue,step7_risk_adjusted_ranking,robust_return<=0; median_irr<=hurdle,240,False,-0.4351192896722933,-0.19483263225884,-0.18798506211896887,-0.3151192896722933,0.4351192896722933,0.6345,0.549747,1.0,0.549747,False,
NEE,"NextEra Energy, Inc.",Utilities,Regulated Electric,hard_filter_rejected,step2_hard_filters,interest_coverage;excessive_leverage,,,,,,,,,,,,,
BA,The Boeing Company,Industrials,Aerospace & Defense,hard_filter_rejected,step2_hard_filters,interest_coverage;negative_ebitda_with_debt;severe_dilution;earnings_cash_mismatch,,,,,,,,,,,,,
VZ,Verizon Communications Inc.,Communication Services,Telecommunications Services,research_queue,step7_risk_adjusted_ranking,robust_return<=0; median_irr<=hurdle,43,False,-0.14923098162282256,0.013114525470882687,0.0014705738867633324,-0.029230981622822554,0.14923098162282256,0.7606,0.6580683,1.0,0.6580683,False,
DIS,The Walt Disney Company,Communication Services,Entertainment,research_queue,step7_risk_adjusted_ranking,robust_return<=0; median_irr<=hurdle,274,False,-0.5518227570562158,-0.11488535191747357,-0.06204501250176688,-0.43182275705621576,0.5518227570562158,0.4227,0.6222,1.0,0.6222,False,
TJX,"The TJX Companies, Inc.",Consumer Cyclical,Apparel - Retail,research_queue,step7_risk_adjusted_ranking,robust_return<=0; median_irr<=hurdle,182,False,-0.3375167668174254,-0.06500445833735283,-0.051618430786766076,-0.21751676681742538,0.3375167668174254,0.9153,0.541,1.0,0.541,False,
GLW,Corning Inc,Technology,"Hardware, Equipment & Parts",research_queue,step7_risk_adjusted_ranking,robust_return<=0; median_irr<=hurdle,288,False,-0.7889542194173553,-0.4352981537071172,-0.39066118300979724,-0.6689542194173553,0.7889542194173553,0.2065,0.48987,1.0,0.48987,False,
SCHW,The Charles Schwab Corporation,Financial Services,Financial - Capital Markets,watchlist,step2_model_routing,asset_management_model_not_supported,,,,,,,,,,,,,
DE,Deere & Company,Industrials,Agricultural - Machinery,research_queue,step7_risk_adjusted_ranking,robust_return<=0; median_irr<=hurdle,313,False,-1.0699999999999998,-0.39579624168200095,-0.2601266709621996,-0.95,1.0699999999999998,0.5075,0.51246,1.0,0.51246,True,bear
UNP,Union Pacific Corporation,Industrials,Railroads,research_queue,step7_risk_adjusted_ranking,robust_return<=0; median_irr<=hurdle,161,False,-0.30987562488182446,-0.10093298382380451,-0.09130563074140807,-0.18987562488182447,0.30987562488182446,0.8537,0.8264,0.85,0.70244,False,
WELL,Welltower Inc.,Real Estate,REIT - Healthcare Facilities,research_queue,step7_risk_adjusted_ranking,robust_return<=0; median_irr<=hurdle,206,False,-0.38222833074678697,-0.18829206677054847,-0.16364664544513563,-0.262228330746787,0.38222833074678697,0.5341470752568014,0.6,0.8,0.48,False,
ABT,Abbott Laboratories,Healthcare,Medical - Devices,research_queue,step7_risk_adjusted_ranking,robust_return<=0; median_irr<=hurdle,184,False,-0.33822764186945276,-0.131194202912593,-0.12791118159657344,-0.21822764186945276,0.33822764186945276,0.731,0.598104,1.0,0.598104,False,
ETN,Eaton Corporation plc,Industrials,Electrical Equipment & Parts,hard_filter_rejected,step2_hard_filters,adr_excluded,,,,,,,,,,,,,
BLK,"BlackRock, Inc.",Financial Services,Asset Management,watchlist,step2_model_routing,asset_management_model_not_supported,,,,,,,,,,,,,
UBER,"Uber Technologies, Inc.",Technology,Software - Application,normalization_rejected,step4_normalized_model,no_normalized_earnings,,,,,,,,,,,,,
BX,Blackstone Inc.,Financial Services,Asset Management,watchlist,step2_model_routing,asset_management_model_not_supported,,,,,,,,,,,,,
T,AT&T Inc.,Communication Services,Telecommunications Services,research_queue,step7_risk_adjusted_ranking,robust_return<=0; median_irr<=hurdle,296,False,-1.0699999999999998,-0.1778361377888359,0.027439820813015128,-0.95,1.0699999999999998,0.5238,0.6327,1.0,0.6327,True,bear
DHR,Danaher Corporation,Healthcare,Medical - Diagnostics & Research,research_queue,step7_risk_adjusted_ranking,robust_return<=0; median_irr<=hurdle,238,False,-0.43326918669074066,-0.19862910601477776,-0.19394885929650627,-0.31326918669074066,0.43326918669074066,0.4746,0.491832,1.0,0.491832,False,
CB,Chubb Limited,Financial Services,Insurance - Property & Casualty,hard_filter_rejected,step2_hard_filters,adr_excluded,,,,,,,,,,,,,
PFE,Pfizer Inc.,Healthcare,Drug Manufacturers - General,watchlist,step6_scenario_valuation,insufficient_post_valuation_model_confidence,,,,0.022879537346307204,0.0566773842321709,-0.25969296477269377,0.37969296477269376,0.7072,0.32557140000000007,1.0,0.32557140000000007,False,
CRM,"Salesforce, Inc.",Technology,Software - Application,research_queue,step7_risk_adjusted_ranking,robust_return<=0; median_irr<=hurdle,320,False,-1.0699999999999998,-0.6003923249045329,-0.6582323153837933,-0.95,1.0699999999999998,0.1656,0.54828,0.85,0.46603799999999995,True,bear
PGR,The Progressive Corporation,Financial Services,Insurance - Property & Casualty,research_queue,step7_risk_adjusted_ranking,robust_return<=0; median_irr<=hurdle,194,False,-0.3598081134946305,-0.06665678330988103,-0.03702513599185209,-0.2398081134946305,0.3598081134946305,0.3065782880685413,0.6,0.8,0.48,False,
CVS,CVS Health Corp.,Healthcare,Medical - Healthcare Plans,research_queue,step7_risk_adjusted_ranking,robust_return<=0; median_irr<=hurdle,303,False,-1.0699999999999998,-0.2974561371534946,-0.1333947012084536,-0.95,1.0699999999999998,0.5851,0.5256090000000001,0.85,0.44676765000000007,True,bear
SPGI,S&P Global Inc.,Financial Services,Financial - Data & Stock Exchanges,watchlist,step2_model_routing,financial_sector_model_not_supported,,,,,,,,,,,,,
PLD,"Prologis, Inc.",Real Estate,REIT - Industrial,research_queue,step7_risk_adjusted_ranking,robust_return<=0; median_irr<=hurdle,101,False,-0.24516113602662948,-0.07806172337558931,-0.06236191915857592,-0.12516113602662948,0.24516113602662948,0.7070728365131232,0.6,0.8,0.48,False,
COP,ConocoPhillips,Energy,Oil & Gas Exploration & Production,watchlist,step5_quality_risk,insufficient_model_confidence,,,,,,,,,0.3462,1.0,,,
LOW,"Lowe's Companies, Inc.",Consumer Cyclical,Home Improvement,research_queue,step7_risk_adjusted_ranking,robust_return<=0; median_irr<=hurdle,136,False,-0.28117935641377695,-0.1098429898775066,-0.11832064740883648,-0.16117935641377695,0.28117935641377695,0.9586,0.6261300000000001,1.0,0.6261300000000001,False,
COF,Capital One Financial Corporation,Financial Services,Financial - Credit Services,watchlist,step2_model_routing,consumer_finance_model_not_supported,,,,,,,,,,,,,
LMT,Lockheed Martin Corporation,Industrials,Aerospace & Defense,research_queue,step7_risk_adjusted_ranking,robust_return<=0; median_irr<=hurdle,50,False,-0.1679185211137519,-0.0019165043417160386,-0.0037720774642366174,-0.04791852111375191,0.1679185211137519,0.9652,0.706806,1.0,0.706806,False,
SYK,Stryker Corporation,Healthcare,Medical - Devices,research_queue,step7_risk_adjusted_ranking,robust_return<=0; median_irr<=hurdle,126,False,-0.2720759864972206,-0.07710183932067592,-0.07005368265672585,-0.1520759864972206,0.2720759864972206,0.8193,0.8488,1.0,0.8488,False,
MO,"Altria Group, Inc.",Consumer Defensive,Tobacco,research_queue,step7_risk_adjusted_ranking,robust_return<=0,23,False,-0.07033013579923726,0.15189897649688647,0.17121488699922338,0.004247380921151517,0.11575261907884848,0.9577,0.8869,1.0,0.8869,False,
PH,Parker-Hannifin Corporation,Industrials,Industrial - Machinery,research_queue,step7_risk_adjusted_ranking,robust_return<=0; median_irr<=hurdle,227,False,-0.42147952833722224,-0.21525814819060538,-0.20820686240258507,-0.30147952833722225,0.42147952833722224,0.7923,0.7869,1.0,0.7869,False,
BMY,Bristol-Myers Squibb Company,Healthcare,Drug Manufacturers - General,research_queue,step7_risk_adjusted_ranking,robust_return<=0,80,False,-0.21570139467327587,0.11036167132842825,0.13539876455906785,-0.10315193291753529,0.22315193291753527,0.8828,0.48384,1.0,0.48384,False,
VRT,Vertiv Holdings Co,Industrials,Electrical Equipment & Parts,research_queue,step7_risk_adjusted_ranking,robust_return<=0; median_irr<=hurdle,285,False,-0.7703631636049246,-0.4448338845737453,-0.4116443925478961,-0.6503631636049246,0.7703631636049246,0.43,0.5027670000000001,0.85,0.42735195000000004,False,
SO,The Southern Company,Utilities,Regulated Electric,research_queue,step7_risk_adjusted_ranking,robust_return<=0; median_irr<=hurdle,305,False,-1.0699999999999998,-0.3145794010473764,-0.17591185359051448,-0.95,1.0699999999999998,0.3365,0.5673,1.0,0.5673,True,bear
NOW,"ServiceNow, Inc.",Technology,Software - Application,research_queue,step7_risk_adjusted_ranking,robust_return<=0; median_irr<=hurdle,247,False,-0.4543629465176491,-0.20118516553411608,-0.18119240753585475,-0.3343629465176491,0.4543629465176491,0.3574,0.61731,1.0,0.61731,False,
HWM,Howmet Aerospace Inc.,Industrials,Aerospace & Defense,hard_filter_rejected,step2_hard_filters,security_type,,,,,,,,,,,,,
MDT,Medtronic plc,Healthcare,Medical - Devices,research_queue,step7_risk_adjusted_ranking,robust_return<=0; median_irr<=hurdle,93,False,-0.23025553755462166,0.032176083679951284,0.04857240116689356,-0.11025553755462167,0.23025553755462166,0.5745,0.8277,1.0,0.8277,False,
TT,Trane Technologies plc,Industrials,Industrial - Machinery,hard_filter_rejected,step2_hard_filters,adr_excluded,,,,,,,,,,,,,
NEM,Newmont Corporation,Basic Materials,Gold,hard_filter_rejected,step2_hard_filters,severe_dilution,,,,,,,,,,,,,
DUK,Duke Energy Corporation,Utilities,Regulated Electric,hard_filter_rejected,step2_hard_filters,excessive_leverage,,,,,,,,,,,,,
GD,General Dynamics Corporation,Industrials,Aerospace & Defense,research_queue,step7_risk_adjusted_ranking,robust_return<=0; median_irr<=hurdle,52,False,-0.17130609715852185,0.06029680707979427,0.07300438211532315,-0.05130609715852185,0.17130609715852185,0.8673,0.8617,1.0,0.8617,False,
BNY,Bank of New York Mellon Corp,Financial Services,Investment - Banking & Investment Services,research_queue,step7_risk_adjusted_ranking,robust_return<=0; median_irr<=hurdle,242,False,-0.4379492359557423,-0.20243078497170558,-0.1823151445715031,-0.3179492359557423,0.4379492359557423,0.4037882974777302,0.6,0.8,0.48,False,
PWR,"Quanta Services, Inc.",Industrials,Engineering & Construction,research_queue,step7_risk_adjusted_ranking,robust_return<=0; median_irr<=hurdle,276,False,-0.5568234991816281,-0.30971649276525565,-0.2944811001572815,-0.43682349918162805,0.5568234991816281,0.2837,0.60327,1.0,0.60327,False,
PNC,"The PNC Financial Services Group, Inc.",Financial Services,Banks - Regional,research_queue,step7_risk_adjusted_ranking,robust_return<=0; median_irr<=hurdle,128,False,-0.27392587264646684,-0.0622532868534354,-0.0464871330185852,-0.15392587264646684,0.27392587264646684,0.5500590112361149,0.6,0.8,0.48,False,
USB,U.S. Bancorp,Financial Services,Banks - Diversified,research_queue,step7_risk_adjusted_ranking,robust_return<=0; median_irr<=hurdle,116,False,-0.26337205765917193,-0.04382565397751731,-0.027017494663168606,-0.14337205765917194,0.26337205765917193,0.5289760691982344,0.6,0.8,0.48,False,
WM,"Waste Management, Inc.",Industrials,Waste Management,research_queue,step7_risk_adjusted_ranking,robust_return<=0; median_irr<=hurdle,150,False,-0.30131495607085523,-0.06539214353251734,-0.052093751181382666,-0.18131495607085524,0.30131495607085523,0.8155,0.8499,1.0,0.8499,False,
MCK,McKesson Corporation,Healthcare,Medical - Distribution,research_queue,step7_risk_adjusted_ranking,robust_return<=0,32,False,-0.13278810659874796,0.11363809885915546,0.13015436513087483,-0.020643015745736168,0.14064301574573618,0.9592,0.7735500000000001,1.0,0.7735500000000001,False,
CMI,Cummins Inc.,Industrials,Industrial - Machinery,research_queue,step7_risk_adjusted_ranking,robust_return<=0; median_irr<=hurdle,189,False,-0.345470478637726,-0.13289051512092553,-0.12652944190194826,-0.225470478637726,0.345470478637726,0.8108,0.6785,1.0,0.6785,False,
HCA,"HCA Healthcare, Inc.",Healthcare,Medical - Care Facilities,research_queue,step7_risk_adjusted_ranking,robust_return<=0,39,False,-0.14286181126810119,0.10313070653319303,0.12003397454100198,-0.022889159414626166,0.14288915941462615,0.9669,0.80496,1.0,0.80496,False,
ELV,Elevance Health Inc.,Healthcare,Medical - Healthcare Plans,research_queue,step7_risk_adjusted_ranking,robust_return<=0; median_irr<=hurdle,16,False,-0.033264172023627886,0.11710616662312531,0.10695738859212725,0.08673582797637211,0.033264172023627886,0.8345,0.6697080000000001,1.0,0.6697080000000001,False,
WMB,"The Williams Companies, Inc.",Energy,Oil & Gas Midstream,research_queue,step7_risk_adjusted_ranking,robust_return<=0; median_irr<=hurdle,311,False,-1.0699999999999998,-0.36443072919500985,-0.24442619706387628,-0.95,1.0699999999999998,0.336,0.42714,1.0,0.42714,True,bear
FCX,Freeport-McMoRan Inc.,Basic Materials,Copper,watchlist,step6_scenario_valuation,insufficient_post_valuation_model_confidence,,,,-0.1213088723190594,-0.12066165971336883,-0.2551273403572849,0.3751273403572849,0.6742,0.34489800000000004,0.85,0.2931633,False,
SHW,The Sherwin-Williams Company,Basic Materials,Chemicals - Specialty,research_queue,step7_risk_adjusted_ranking,robust_return<=0; median_irr<=hurdle,217,False,-0.40578162785270244,-0.18198394456012462,-0.16970476438582405,-0.28578162785270245,0.40578162785270244,0.8366,0.8556,1.0,0.8556,False,
MRSH,"Marsh & McLennan Companies, Inc.",Financial Services,Insurance - Brokers,research_queue,step7_risk_adjusted_ranking,robust_return<=0; median_irr<=hurdle,83,False,-0.22070859578461355,-0.03794239766224897,-0.019469563621485997,-0.10070859578461355,0.22070859578461355,0.6489284522725358,0.6,0.8,0.48,False,
JCI,Johnson Controls International plc,Basic Materials,Construction Materials,hard_filter_rejected,step2_hard_filters,adr_excluded,,,,,,,,,,,,,
MCO,Moody's Corporation,Financial Services,Financial - Data & Stock Exchanges,watchlist,step2_model_routing,financial_sector_model_not_supported,,,,,,,,,,,,,
KKR,KKR & Co. Inc.,Financial Services,Asset Management,watchlist,step2_model_routing,asset_management_model_not_supported,,,,,,,,,,,,,
ACN,Accenture plc,Technology,Information Technology Services,eligible,step7_risk_adjusted_ranking,eligible,8,True,0.05624867470891978,0.18987851096026137,0.20051923185237686,0.10535149106290195,0.014648508937098043,0.9914,0.8805,1.0,0.8805,False,
MMM,3M Company,Industrials,Conglomerates,research_queue,step7_risk_adjusted_ranking,robust_return<=0; median_irr<=hurdle,145,False,-0.29496867543086414,-0.05888314352559972,-0.04819560901378279,-0.1749686754308641,0.29496867543086414,0.9489,0.7398,1.0,0.7398,False,
UPS,"United Parcel Service, Inc.",Industrials,Integrated Freight & Logistics,research_queue,step7_risk_adjusted_ranking,robust_return<=0; median_irr<=hurdle,100,False,-0.24284102709963915,-0.07000374382478183,-0.07856336072436532,-0.12284102709963915,0.24284102709963915,0.8136,0.619812,1.0,0.619812,False,
ECL,Ecolab Inc.,Basic Materials,Chemicals - Specialty,research_queue,step7_risk_adjusted_ranking,robust_return<=0; median_irr<=hurdle,239,False,-0.43502716697868893,-0.17538938057259654,-0.15812090105027887,-0.31502716697868893,0.43502716697868893,0.7759,0.7518,1.0,0.7518,False,
VLO,Valero Energy Corporation,Energy,Oil & Gas Refining & Marketing,watchlist,step5_quality_risk,insufficient_model_confidence,,,,,,,,,0.3484,1.0,,,
RCL,Royal Caribbean Cruises Ltd.,Consumer Cyclical,Travel Services,watchlist,step6_scenario_valuation,insufficient_post_valuation_model_confidence,,,,-0.09042020030174167,-0.1801616305368952,-0.95,1.0699999999999998,0.1664,0.29508300000000004,1.0,0.29508300000000004,True,bear
ITW,Illinois Tool Works Inc.,Industrials,Industrial - Machinery,research_queue,step7_risk_adjusted_ranking,robust_return<=0; median_irr<=hurdle,152,False,-0.3015112797223264,-0.08949943398474712,-0.08007282205362568,-0.1815112797223264,0.3015112797223264,0.9848,0.8499,1.0,0.8499,False,
NOC,Northrop Grumman Corporation,Industrials,Aerospace & Defense,research_queue,step7_risk_adjusted_ranking,robust_return<=0; median_irr<=hurdle,121,False,-0.2690114854335842,-0.08025642220927688,-0.08198807803273661,-0.14901148543358422,0.2690114854335842,0.7772,0.631557,1.0,0.631557,False,
EMR,Emerson Electric Co.,Industrials,Industrial - Machinery,research_queue,step7_risk_adjusted_ranking,robust_return<=0; median_irr<=hurdle,262,False,-0.4822736513061681,-0.24809558181732422,-0.23116213177854655,-0.3622736513061681,0.4822736513061681,0.7259,0.738,1.0,0.738,False,
MPC,Marathon Petroleum Corporation,Energy,Oil & Gas Refining & Marketing,watchlist,step5_quality_risk,insufficient_model_confidence,,,,,,,,,0.3219,1.0,,,
AMT,American Tower Corporation,Real Estate,REIT - Specialty,research_queue,step7_risk_adjusted_ranking,robust_return<=0; median_irr<=hurdle,119,False,-0.2669816772069714,-0.10496434820023268,-0.10786026579034902,-0.14698167720697142,0.2669816772069714,0.7991483133784496,0.6,0.8,0.48,False,
HLT,Hilton Worldwide Holdings Inc.,Consumer Cyclical,Travel Lodging,research_queue,step7_risk_adjusted_ranking,robust_return<=0; median_irr<=hurdle,284,False,-0.7591699678977599,-0.2697573607852973,-0.20378103861585256,-0.6391699678977599,0.7591699678977599,0.8425,0.42399000000000003,1.0,0.42399000000000003,False,
AON,Aon plc,Financial Services,Insurance - Brokers,hard_filter_rejected,step2_hard_filters,adr_excluded,,,,,,,,,,,,,
CI,Cigna Corporation,Healthcare,Medical - Healthcare Plans,watchlist,step6_scenario_valuation,insufficient_post_valuation_model_confidence,,,,0.3125548321164388,0.34776953576947567,-0.09327954589098225,0.21327954589098225,0.7373,0.3279771000000001,1.0,0.3279771000000001,False,
CL,Colgate-Palmolive Company,Consumer Defensive,Household & Personal Products,research_queue,step7_risk_adjusted_ranking,robust_return<=0; median_irr<=hurdle,61,False,-0.18369901076541278,0.05482546478888256,0.07054239467834125,-0.06369901076541279,0.18369901076541278,0.9792,0.9173,1.0,0.9173,False,
TDG,TransDigm Group Incorporated,Industrials,Aerospace & Defense,hard_filter_rejected,step2_hard_filters,excessive_leverage,,,,,,,,,,,,,
CVNA,Carvana Co.,Consumer Cyclical,Auto - Dealerships,hard_filter_rejected,step2_hard_filters,severe_dilution,,,,,,,,,,,,,
ICE,"Intercontinental Exchange, Inc.",Financial Services,Financial - Data & Stock Exchanges,watchlist,step2_model_routing,financial_sector_model_not_supported,,,,,,,,,,,,,
FDX,FedEx Corporation,Industrials,Integrated Freight & Logistics,research_queue,step7_risk_adjusted_ranking,robust_return<=0; median_irr<=hurdle,204,False,-0.3781800317580928,-0.13166195576122844,-0.122717709292192,-0.2581800317580928,0.3781800317580928,0.5949,0.65925,1.0,0.65925,False,
SPG,"Simon Property Group, Inc.",Real Estate,REIT - Retail,research_queue,step7_risk_adjusted_ranking,robust_return<=0; median_irr<=hurdle,114,False,-0.2596810505348237,-0.08939973872132662,-0.09152391868673304,-0.13968105053482371,0.2596810505348237,0.7616052978702631,0.6,0.8,0.48,False,
TRV,"The Travelers Companies, Inc.",Financial Services,Insurance - Property & Casualty,research_queue,step7_risk_adjusted_ranking,robust_return<=0; median_irr<=hurdle,106,False,-0.2514578065788907,-0.017799989488509582,0.0008862818822166219,-0.13145780657889072,0.2514578065788907,0.49207456972096114,0.6,0.8,0.48,False,
NSC,Norfolk Southern Corporation,Industrials,Railroads,research_queue,step7_risk_adjusted_ranking,robust_return<=0; median_irr<=hurdle,245,False,-0.4425213709883974,-0.2317220075998193,-0.23147039933828634,-0.3225213709883974,0.4425213709883974,0.7132,0.60426,1.0,0.60426,False,
CRH,CRH plc,Basic Materials,Construction Materials,hard_filter_rejected,step2_hard_filters,adr_excluded,,,,,,,,,,,,,
KMI,"Kinder Morgan, Inc.",Energy,Oil & Gas Midstream,research_queue,step7_risk_adjusted_ranking,robust_return<=0; median_irr<=hurdle,302,False,-1.0699999999999998,-0.29006884604459626,-0.12403462061192838,-0.95,1.0699999999999998,0.2768,0.45566999999999996,1.0,0.45566999999999996,True,bear
PSX,Phillips 66,Energy,Oil & Gas Refining & Marketing,watchlist,step5_quality_risk,insufficient_model_confidence,,,,,,,,,0.3407,1.0,,,
MSI,"Motorola Solutions, Inc.",Technology,Communication Equipment,research_queue,step7_risk_adjusted_ranking,robust_return<=0; median_irr<=hurdle,196,False,-0.36387537154834715,-0.144675253704554,-0.13325652116036502,-0.24387537154834713,0.36387537154834715,0.9204,0.8342,1.0,0.8342,False,
APD,"Air Products and Chemicals, Inc.",Basic Materials,Chemicals - Specialty,hard_filter_rejected,step2_hard_filters,interest_coverage;excessive_leverage,,,,,,,,,,,,,
EOG,"EOG Resources, Inc.",Energy,Oil & Gas Exploration & Production,research_queue,step7_risk_adjusted_ranking,robust_return<=0,25,False,-0.07946013906106786,0.2383019257234992,0.256674308545189,-0.014653325080871556,0.13465332508087155,0.832,0.40383,1.0,0.40383,False,
URI,"United Rentals, Inc.",Industrials,Rental & Leasing Services,research_queue,step7_risk_adjusted_ranking,robust_return<=0; median_irr<=hurdle,232,False,-0.4241208860689949,-0.1773529319921181,-0.16081722711896873,-0.3041208860689949,0.4241208860689949,0.6295,0.7517,1.0,0.7517,False,
GM,General Motors Company,Consumer Cyclical,Auto - Manufacturers,watchlist,step6_scenario_valuation,irr_below_solver_bound,,,,-0.7226743361505213,-0.95,-0.95,1.0699999999999998,0.2487,0.40918770000000004,1.0,0.40918770000000004,True,bear;base
APO,"Apollo Global Management, Inc.",Financial Services,Asset Management,watchlist,step2_model_routing,asset_management_model_not_supported,,,,,,,,,,,,,
SLB,Slb N.V.,Energy,Oil & Gas Equipment & Services,research_queue,step7_risk_adjusted_ranking,robust_return<=0; median_irr<=hurdle,176,False,-0.33127771262545136,0.008490055147558462,0.03194578334223482,-0.2112777126254514,0.33127771262545136,0.6379,0.5542,1.0,0.5542,False,
BSX,Boston Scientific Corporation,Healthcare,Medical - Devices,research_queue,step7_risk_adjusted_ranking,robust_return<=0; median_irr<=hurdle,159,False,-0.30819498472148554,-0.02803255457256453,-0.011592624918557674,-0.18819498472148555,0.30819498472148554,0.5032,0.6651,1.0,0.6651,False,
RSG,"Republic Services, Inc.",Industrials,Waste Management,research_queue,step7_risk_adjusted_ranking,robust_return<=0; median_irr<=hurdle,74,False,-0.20406506109458855,0.010779053988517286,0.021654355755890746,-0.08406506109458856,0.20406506109458855,0.9818,0.8645,1.0,0.8645,False,
NKE,"NIKE, Inc.",Consumer Cyclical,Apparel - Footwear & Accessories,hard_filter_rejected,step2_hard_filters,missing_core_financials,,,,,,,,,,,,,
AJG,Arthur J. Gallagher & Co.,Financial Services,Insurance - Brokers,research_queue,step7_risk_adjusted_ranking,robust_return<=0; median_irr<=hurdle,207,False,-0.38518464158574706,-0.14681996383916043,-0.12635160956979663,-0.26518464158574706,0.38518464158574706,0.4209279062169265,0.6,0.8,0.48,False,
ALL,The Allstate Corporation,Financial Services,Insurance - Property & Casualty,research_queue,step7_risk_adjusted_ranking,robust_return<=0; median_irr<=hurdle,304,False,-1.0699999999999998,-0.30832420355728574,-0.1664960088464965,-0.95,1.0699999999999998,0.0,0.6,0.8,0.48,False,
TFC,Truist Financial Corporation,Financial Services,Banks - Regional,research_queue,step7_risk_adjusted_ranking,robust_return<=0; median_irr<=hurdle,236,False,-0.4288187229787369,-0.0716447808418107,-0.02483147290871912,-0.3088187229787369,0.4288187229787369,0.17887985951052082,0.6,0.8,0.48,False,
GWW,"W.W. Grainger, Inc.",Industrials,Industrial - Distribution,research_queue,step7_risk_adjusted_ranking,robust_return<=0; median_irr<=hurdle,169,False,-0.31685550775757293,-0.10864443940881754,-0.10183249594156221,-0.19685550775757293,0.31685550775757293,0.9434,0.8166,1.0,0.8166,False,
AFL,Aflac Incorporated,Financial Services,Insurance - Life,research_queue,step7_risk_adjusted_ranking,robust_return<=0; median_irr<=hurdle,36,False,-0.1399074970911547,0.09042649836776198,0.10802309229676066,-0.01990749709115469,0.1399074970911547,0.5414910434704986,0.6,0.8,0.48,False,
D,"Dominion Energy, Inc.",Utilities,Regulated Electric,hard_filter_rejected,step2_hard_filters,persistent_negative_fcf;excessive_leverage,,,,,,,,,,,,,
FIX,"Comfort Systems USA, Inc.",Industrials,Engineering & Construction,research_queue,step7_risk_adjusted_ranking,robust_return<=0; median_irr<=hurdle,254,False,-0.46352705646087994,-0.2635825093709172,-0.25917947811904,-0.34352705646087994,0.46352705646087994,0.8776,0.540918,0.85,0.4597803,False,
DAL,"Delta Air Lines, Inc.",Industrials,"Airlines, Airports & Air Services",research_queue,step7_risk_adjusted_ranking,robust_return<=0; median_irr<=hurdle,293,False,-1.0699999999999998,-0.07263041875557977,0.07589590484276415,-0.95,1.0699999999999998,0.5346,0.4034,1.0,0.4034,True,bear
DLR,"Digital Realty Trust, Inc.",Real Estate,REIT - Industrial,research_queue,step7_risk_adjusted_ranking,robust_return<=0; median_irr<=hurdle,68,False,-0.19680911359236875,-0.011710549841529527,0.009988971408750213,-0.07680911359236875,0.19680911359236875,0.6380789022298455,0.6,0.8,0.48,False,
SRE,Sempra,Utilities,Diversified Utilities,hard_filter_rejected,step2_hard_filters,persistent_negative_fcf;excessive_leverage,,,,,,,,,,,,,
CIEN,Ciena Corporation,Technology,Communication Equipment,research_queue,step7_risk_adjusted_ranking,robust_return<=0; median_irr<=hurdle,277,False,-0.586140481524053,-0.37684691610520527,-0.3686017031082883,-0.46614048152405296,0.586140481524053,0.4838,0.4945860000000001,1.0,0.4945860000000001,False,
O,Realty Income Corporation,Real Estate,REIT - Retail,research_queue,step7_risk_adjusted_ranking,robust_return<=0,27,False,-0.10270309937133783,0.11230007399289127,0.14853309339004084,0.003601015801442564,0.11639898419855743,0.5094339622641509,0.6,0.8,0.48,False,
TGT,Target Corporation,Consumer Defensive,Discount Stores,research_queue,step7_risk_adjusted_ranking,robust_return<=0; median_irr<=hurdle,127,False,-0.272571440365864,-0.0716564810310956,-0.07233450299827379,-0.152571440365864,0.272571440365864,0.7316,0.579474,1.0,0.579474,False,
CARR,Carrier Global Corporation,Industrials,Industrial - Machinery,research_queue,step7_risk_adjusted_ranking,robust_return<=0; median_irr<=hurdle,318,False,-1.0699999999999998,-0.4444650828707381,-0.318933674984146,-0.95,1.0699999999999998,0.6046,0.48729600000000006,1.0,0.48729600000000006,True,bear
MET,"MetLife, Inc.",Financial Services,Insurance - Life,research_queue,step7_risk_adjusted_ranking,robust_return<=0; median_irr<=hurdle,185,False,-0.3390963309076739,-0.07845181516344224,-0.05471610113028269,-0.2190963309076739,0.3390963309076739,0.38474768379836005,0.6,0.8,0.48,False,
PSA,Public Storage,Real Estate,REIT - Industrial,research_queue,step7_risk_adjusted_ranking,robust_return<=0; median_irr<=hurdle,141,False,-0.2890045589149146,-0.1598810256716128,-0.16900455891491462,-0.16900455891491462,0.2890045589149146,1.0,0.6,0.8,0.48,False,
COR,"Cencora, Inc.",Healthcare,Medical - Distribution,research_queue,step7_risk_adjusted_ranking,robust_return<=0; median_irr<=hurdle,70,False,-0.19884226113674228,0.047642655096569814,0.06453504088276533,-0.07884226113674228,0.19884226113674228,0.973,0.9128,1.0,0.9128,False,
TEL,TE Connectivity plc,Technology,Semiconductors,hard_filter_rejected,step2_hard_filters,adr_excluded,,,,,,,,,,,,,
CTVA,"Corteva, Inc.",Basic Materials,Agricultural Inputs,research_queue,step7_risk_adjusted_ranking,robust_return<=0; median_irr<=hurdle,234,False,-0.4272884843219072,-0.1094707285519689,-0.09290123779210258,-0.3072884843219072,0.4272884843219072,0.2783,0.58338,1.0,0.58338,False,
BDX,"Becton, Dickinson and Company",Healthcare,Medical - Instruments & Supplies,research_queue,step7_risk_adjusted_ranking,robust_return<=0; median_irr<=hurdle,307,False,-1.0699999999999998,-0.33279745734180316,-0.16327149294083937,-0.95,1.0699999999999998,0.4155,0.7077,1.0,0.7077,True,bear
LHX,"L3Harris Technologies, Inc.",Industrials,Aerospace & Defense,watchlist,step6_scenario_valuation,invalid_valuation_output,,,,-0.5730206800129962,-0.95,-0.95,1.0699999999999998,0.3876,,1.0,,False,
CAH,"Cardinal Health, Inc.",Healthcare,Medical - Distribution,research_queue,step7_risk_adjusted_ranking,robust_return<=0; median_irr<=hurdle,306,False,-1.0699999999999998,-0.3193859455808706,-0.20610011394892352,-0.95,1.0699999999999998,0.6438,0.5860350000000001,1.0,0.5860350000000001,True,bear
TRGP,Targa Resources Corp.,Energy,Oil & Gas Midstream,watchlist,step6_scenario_valuation,insufficient_post_valuation_model_confidence,,,,-0.2797303715240559,-0.1442725369386607,-0.95,1.0699999999999998,0.6619,0.33021,1.0,0.33021,True,bear
OKE,"ONEOK, Inc.",Energy,Oil & Gas Midstream,hard_filter_rejected,step2_hard_filters,severe_dilution,,,,,,,,,,,,,
HPE,Hewlett Packard Enterprise Company,Technology,Computer Hardware,research_queue,step7_risk_adjusted_ranking,robust_return<=0; median_irr<=hurdle,269,False,-0.5234701231052167,-0.2089502642425941,-0.17975130610866474,-0.4034701231052167,0.5234701231052167,0.254,0.569268,1.0,0.569268,False,
EW,Edwards Lifesciences Corporation,Healthcare,Medical - Devices,research_queue,step7_risk_adjusted_ranking,robust_return<=0; median_irr<=hurdle,107,False,-0.25469618724193416,-0.0985909966853796,-0.09840404588030648,-0.13469618724193416,0.25469618724193416,0.9355,0.7381800000000001,0.95,0.701271,False,
AME,"AMETEK, Inc.",Industrials,Electrical Equipment & Parts,research_queue,step7_risk_adjusted_ranking,robust_return<=0; median_irr<=hurdle,180,False,-0.3338143307369318,-0.1370526672671985,-0.13087432341708333,-0.2138143307369318,0.3338143307369318,0.79,0.7888,1.0,0.7888,False,
KEYS,"Keysight Technologies, Inc.",Technology,"Hardware, Equipment & Parts",research_queue,step7_risk_adjusted_ranking,robust_return<=0; median_irr<=hurdle,259,False,-0.4690647669808823,-0.24168593789727305,-0.23269506750802965,-0.3490647669808823,0.4690647669808823,0.6296,0.5422140000000001,1.0,0.5422140000000001,False,
COHR,"Coherent, Inc.",Technology,"Hardware, Equipment & Parts",hard_filter_rejected,step2_hard_filters,severe_dilution,,,,,,,,,,,,,
ETR,Entergy Corporation,Utilities,Regulated Electric,hard_filter_rejected,step2_hard_filters,persistent_negative_fcf,,,,,,,,,,,,,
ROK,"Rockwell Automation, Inc.",Industrials,Industrial - Machinery,research_queue,step7_risk_adjusted_ranking,robust_return<=0; median_irr<=hurdle,244,False,-0.442113546566834,-0.21912133465793884,-0.2099814345492632,-0.322113546566834,0.442113546566834,0.8314,0.67923,1.0,0.67923,False,
F,Ford Motor Company,Consumer Cyclical,Auto - Manufacturers,hard_filter_rejected,step2_hard_filters,excessive_leverage,,,,,,,,,,,,,
FITB,Fifth Third Bancorp,Financial Services,Banks - Regional,research_queue,step7_risk_adjusted_ranking,robust_return<=0; median_irr<=hurdle,108,False,-0.25488025639589007,-0.04918239573846353,-0.03444605330911721,-0.13488025639589007,0.25488025639589007,0.5774287464306916,0.6,0.8,0.48,False,
AZO,"AutoZone, Inc.",Consumer Cyclical,Specialty Retail,research_queue,step7_risk_adjusted_ranking,robust_return<=0,41,False,-0.1438266876809331,0.10429980003273163,0.1211048869239676,-0.024721646089346877,0.14472164608934687,0.98,0.81,1.0,0.81,False,
VST,Vistra Corp.,Utilities,Independent Power Producers,hard_filter_rejected,step2_hard_filters,interest_coverage,,,,,,,,,,,,,
NUE,Nucor Corporation,Basic Materials,Steel,watchlist,step6_scenario_valuation,insufficient_post_valuation_model_confidence,,,,-0.1524192495784518,-0.11587842615263068,-0.4836964368718326,0.6036964368718326,0.3119,0.301644,1.0,0.301644,False,
OXY,Occidental Petroleum Corporation,Energy,Oil & Gas Exploration & Production,watchlist,step6_scenario_valuation,insufficient_post_valuation_model_confidence,,,,-0.22681700145185457,-0.06399255105061452,-0.95,1.0699999999999998,0.4233,0.322704,1.0,0.322704,True,bear
HUM,Humana Inc.,Healthcare,Medical - Healthcare Plans,research_queue,step7_risk_adjusted_ranking,robust_return<=0,22,False,-0.0596078579310102,0.14536491097933324,0.15204155710962372,0.04113452541496375,0.07886547458503625,0.6587,0.60102,1.0,0.60102,False,
STT,State Street Corporation,Financial Services,Asset Management,watchlist,step2_model_routing,asset_management_model_not_supported,,,,,,,,,,,,,
XYZ,"Block, Inc.",Technology,Software - Infrastructure,watchlist,step6_scenario_valuation,insufficient_post_valuation_model_confidence,,,,-0.22857469360606045,-0.24378599307965484,-0.3642649235087447,0.48426492350874467,0.1391,0.285849,0.85,0.24297165,False,
GRMN,Garmin Ltd.,Technology,"Hardware, Equipment & Parts",hard_filter_rejected,step2_hard_filters,adr_excluded,,,,,,,,,,,,,
YUM,"Yum! Brands, Inc.",Consumer Cyclical,Restaurants,research_queue,step7_risk_adjusted_ranking,robust_return<=0; median_irr<=hurdle,71,False,-0.19991895271115934,0.07168437868094771,0.09259314256487415,-0.07991895271115934,0.19991895271115934,0.9664,0.8471,1.0,0.8471,False,
CMG,"Chipotle Mexican Grill, Inc.",Consumer Cyclical,Restaurants,research_queue,step7_risk_adjusted_ranking,robust_return<=0; median_irr<=hurdle,228,False,-0.4215522964880802,-0.1792601522669429,-0.16933795004151758,-0.3015522964880802,0.4215522964880802,0.8414,0.7293,0.95,0.6928349999999999,False,
VTR,"Ventas, Inc.",Real Estate,REIT - Healthcare Facilities,research_queue,step7_risk_adjusted_ranking,robust_return<=0; median_irr<=hurdle,92,False,-0.2299742396949085,-0.01357640789913836,0.018556202699451685,-0.1099742396949085,0.2299742396949085,0.5094339622641509,0.6,0.8,0.48,False,
DHI,"D.R. Horton, Inc.",Consumer Cyclical,Residential Construction,research_queue,step7_risk_adjusted_ranking,robust_return<=0; median_irr<=hurdle,81,False,-0.21751529271597972,-0.03065102803739134,-0.039943970166495965,-0.09751529271597972,0.21751529271597972,0.6813,0.46218600000000004,1.0,0.46218600000000004,False,
WAB,Westinghouse Air Brake Technologies Corporation,Industrials,Railroads,research_queue,step7_risk_adjusted_ranking,robust_return<=0; median_irr<=hurdle,283,False,-0.6673221913169252,-0.21286107435698784,-0.15506774765672154,-0.5473221913169252,0.6673221913169252,0.5122,0.4611,1.0,0.4611,False,
AMP,"Ameriprise Financial, Inc.",Financial Services,Asset Management,watchlist,step2_model_routing,asset_management_model_not_supported,,,,,,,,,,,,,
MSCI,MSCI Inc.,Financial Services,Financial - Data & Stock Exchanges,watchlist,step2_model_routing,financial_sector_model_not_supported,,,,,,,,,,,,,
LYV,"Live Nation Entertainment, Inc.",Communication Services,Entertainment,research_queue,step7_risk_adjusted_ranking,robust_return<=0; median_irr<=hurdle,301,False,-1.0699999999999998,-0.21344975020183485,-0.20750865111185696,-0.95,1.0699999999999998,0.5312,0.4202,1.0,0.4202,True,bear
AIG,"American International Group, Inc.",Financial Services,Insurance - Diversified,research_queue,step7_risk_adjusted_ranking,robust_return<=0; median_irr<=hurdle,298,False,-1.0699999999999998,-0.1875534154668153,0.013772111416090471,-0.95,1.0699999999999998,0.0,0.6,0.8,0.48,False,
ED,"Consolidated Edison, Inc.",Utilities,Regulated Electric,research_queue,step7_risk_adjusted_ranking,robust_return<=0; median_irr<=hurdle,308,False,-1.0699999999999998,-0.3444282519631087,-0.1906111094402149,-0.95,1.0699999999999998,0.4356,0.6649200000000001,1.0,0.6649200000000001,True,bear
CBRE,"CBRE Group, Inc.",Real Estate,Real Estate - Services,research_queue,step7_risk_adjusted_ranking,robust_return<=0; median_irr<=hurdle,223,False,-0.41850526482041456,-0.19335523029440077,-0.18366715184529306,-0.29850526482041456,0.41850526482041456,0.6907,0.615357,1.0,0.615357,False,
PEG,Public Service Enterprise Group Incorporated,Utilities,Regulated Electric,research_queue,step7_risk_adjusted_ranking,robust_return<=0; median_irr<=hurdle,295,False,-1.0699999999999998,-0.16347730817797124,0.02826376517768952,-0.95,1.0699999999999998,0.3387,0.5911,1.0,0.5911,True,bear
SYY,Sysco Corporation,Consumer Defensive,Food Distribution,research_queue,step7_risk_adjusted_ranking,robust_return<=0; median_irr<=hurdle,142,False,-0.2921412021899596,0.036483332919306145,0.06325207044719722,-0.1721412021899596,0.2921412021899596,0.8099,0.6612,1.0,0.6612,False,
VMC,Vulcan Materials Company,Basic Materials,Construction Materials,research_queue,step7_risk_adjusted_ranking,robust_return<=0; median_irr<=hurdle,270,False,-0.5236741730509675,-0.21932648988549774,-0.19198636870132763,-0.40367417305096753,0.5236741730509675,0.3302,0.6618,1.0,0.6618,False,
PRU,"Prudential Financial, Inc.",Financial Services,Insurance - Life,research_queue,step7_risk_adjusted_ranking,robust_return<=0; median_irr<=hurdle,289,False,-0.8173195077409495,-0.15055982473714746,-0.009329478635789146,-0.6973195077409495,0.8173195077409495,0.0026624162600152566,0.6,0.8,0.48,False,
WEC,"WEC Energy Group, Inc.",Utilities,Regulated Electric,research_queue,step7_risk_adjusted_ranking,robust_return<=0; median_irr<=hurdle,314,False,-1.0699999999999998,-0.40302626346383474,-0.2669883730704896,-0.95,1.0699999999999998,0.4397,0.65088,1.0,0.65088,True,bear
ARES,Ares Management Corporation,Financial Services,Asset Management,watchlist,step2_model_routing,asset_management_model_not_supported,,,,,,,,,,,,,
CCL,Carnival Corporation & plc,Consumer Cyclical,Leisure,watchlist,step5_quality_risk,insufficient_model_confidence,,,,,,,,,0.3456,1.0,,,
KVUE,Kenvue Inc.,Consumer Defensive,Household & Personal Products,research_queue,step7_risk_adjusted_ranking,robust_return<=0; median_irr<=hurdle,193,False,-0.35183400076813987,-0.029196105420123745,-0.004214773280546041,-0.23183400076813987,0.35183400076813987,0.5192,0.7411,0.95,0.7040449999999999,False,
HIG,"The Hartford Insurance Group, Inc.",Financial Services,Insurance - Diversified,research_queue,step7_risk_adjusted_ranking,robust_return<=0; median_irr<=hurdle,47,False,-0.16239028712314807,0.06432961094474082,0.0817045411995887,-0.042390287123148074,0.16239028712314807,0.5437502218826495,0.6,0.8,0.48,False,
PCG,PG&E Corporation,Utilities,Regulated Electric,hard_filter_rejected,step2_hard_filters,persistent_negative_fcf;interest_coverage;excessive_leverage,,,,,,,,,,,,,
ADM,Archer-Daniels-Midland Company,Consumer Defensive,Agricultural Farm Products,research_queue,step7_risk_adjusted_ranking,robust_return<=0; median_irr<=hurdle,271,False,-0.5241779138555285,-0.15207156017568194,-0.11510152983828445,-0.4041779138555285,0.5241779138555285,0.4975,0.48006,1.0,0.48006,False,
HSY,The Hershey Company,Consumer Defensive,Food Confectioners,research_queue,step7_risk_adjusted_ranking,robust_return<=0; median_irr<=hurdle,66,False,-0.19367031163303178,-0.016745222669851473,-0.0188015651045134,-0.07367031163303178,0.19367031163303178,0.8432,0.65529,0.85,0.5569965,False,
A,"Agilent Technologies, Inc.",Healthcare,Medical - Diagnostics & Research,research_queue,step7_risk_adjusted_ranking,robust_return<=0; median_irr<=hurdle,170,False,-0.31783830696833315,-0.14584222208359274,-0.14440806780476118,-0.19783830696833313,0.31783830696833315,0.8032,0.8058,1.0,0.8058,False,
MLM,"Martin Marietta Materials, Inc.",Basic Materials,Construction Materials,research_queue,step7_risk_adjusted_ranking,robust_return<=0; median_irr<=hurdle,273,False,-0.5454598897088727,-0.22612678824425525,-0.1946089582459535,-0.42545988970887266,0.5454598897088727,0.3595,0.6444,1.0,0.6444,False,
JBL,Jabil Inc.,Technology,"Hardware, Equipment & Parts",research_queue,step7_risk_adjusted_ranking,robust_return<=0; median_irr<=hurdle,219,False,-0.40766859898896646,-0.1713695311114861,-0.1642446432771976,-0.28766859898896646,0.40766859898896646,0.8832,0.6168600000000001,1.0,0.6168600000000001,False,
KR,The Kroger Co.,Consumer Defensive,Grocery Stores,research_queue,step7_risk_adjusted_ranking,robust_return<=0; median_irr<=hurdle,246,False,-0.45369393585599027,-0.14185427396878364,-0.10784162827185353,-0.3336939358559903,0.45369393585599027,0.6865,0.71073,1.0,0.71073,False,
MTB,M&T Bank Corporation,Financial Services,Banks - Regional,research_queue,step7_risk_adjusted_ranking,robust_return<=0; median_irr<=hurdle,78,False,-0.21286303243266647,0.010683503083562806,0.028684495008533872,-0.09286303243266647,0.21286303243266647,0.533277620614586,0.6,0.8,0.48,False,
IRM,Iron Mountain Incorporated,Real Estate,REIT - Specialty,research_queue,step7_risk_adjusted_ranking,robust_return<=0; median_irr<=hurdle,124,False,-0.2708961421107495,-0.10046593012667393,-0.0836558594653154,-0.15089614211074953,0.2708961421107495,0.6831420753284336,0.6,0.8,0.48,False,
IQV,IQVIA Holdings Inc.,Healthcare,Medical - Diagnostics & Research,research_queue,step7_risk_adjusted_ranking,robust_return<=0; median_irr<=hurdle,310,False,-1.0699999999999998,-0.35504410788344104,-0.20847008343698686,-0.95,1.0699999999999998,0.3854,0.6701,1.0,0.6701,True,bear
EME,"EMCOR Group, Inc.",Industrials,Engineering & Construction,research_queue,step7_risk_adjusted_ranking,robust_return<=0; median_irr<=hurdle,200,False,-0.3711460550776974,-0.15433794195596418,-0.14992471957739323,-0.2511460550776974,0.3711460550776974,0.874,0.7287,0.85,0.619395,False,
CNC,Centene Corp.,Healthcare,Medical - Healthcare Plans,hard_filter_rejected,step2_hard_filters,interest_coverage;negative_ebitda_with_debt,,,,,,,,,,,,,
CCI,Crown Castle Inc.,Real Estate,REIT - Specialty,research_queue,step7_risk_adjusted_ranking,robust_return<=0; median_irr<=hurdle,72,False,-0.2004949635620361,-0.07044055860868326,-0.08049496356203611,-0.08049496356203611,0.2004949635620361,1.0,0.6,0.8,0.48,False,
EQT,EQT Corporation,Energy,Oil & Gas Exploration & Production,hard_filter_rejected,step2_hard_filters,severe_dilution,,,,,,,,,,,,,
DTE,DTE Energy Company,Utilities,Regulated Electric,hard_filter_rejected,step2_hard_filters,persistent_negative_fcf;excessive_leverage,,,,,,,,,,,,,
AEE,Ameren Corporation,Utilities,Regulated Electric,hard_filter_rejected,step2_hard_filters,persistent_negative_fcf,,,,,,,,,,,,,
RJF,"Raymond James Financial, Inc.",Financial Services,Financial - Capital Markets,watchlist,step2_model_routing,asset_management_model_not_supported,,,,,,,,,,,,,
EXR,Extra Space Storage Inc.,Real Estate,REIT - Industrial,hard_filter_rejected,step2_hard_filters,security_type,,,,,,,,,,,,,
IR,Ingersoll Rand Inc.,Industrials,Industrial - Machinery,watchlist,step6_scenario_valuation,insufficient_post_valuation_model_confidence,,,,-0.24392897979269035,-0.17114819097332656,-0.6597841435344888,0.7797841435344888,0.2498,0.34704,1.0,0.34704,False,
ZTS,Zoetis Inc.,Healthcare,Drug Manufacturers - General,research_queue,step7_risk_adjusted_ranking,robust_return<=0,12,False,-0.008582864235808799,0.17194917712477037,0.18758130253991112,0.0506547866505571,0.0693452133494429,0.9836,0.8991,1.0,0.8991,False,
VEEV,Veeva Systems Inc.,Healthcare,Medical - Healthcare Information Services,research_queue,step7_risk_adjusted_ranking,robust_return<=0; median_irr<=hurdle,60,False,-0.18066679205687247,0.005122293964086592,0.011304839857621147,-0.06066679205687249,0.18066679205687247,0.963,0.72972,0.95,0.693234,False,
LVS,Las Vegas Sands Corp.,Consumer Cyclical,"Gambling, Resorts & Casinos",research_queue,step7_risk_adjusted_ranking,robust_return<=0,292,False,-1.0651291909127294,-0.045829769986448804,0.13221121411770587,-0.95,1.0699999999999998,0.6904,0.39888,1.0,0.39888,True,bear
RMD,ResMed Inc.,Healthcare,Medical - Devices,research_queue,step7_risk_adjusted_ranking,robust_return<=0; median_irr<=hurdle,57,False,-0.17690675592923066,0.02727009707450637,0.036873926367843556,-0.05690675592923068,0.17690675592923066,0.9669,0.895,0.85,0.76075,False,
EL,The Estée Lauder Companies Inc.,Consumer Defensive,Household & Personal Products,research_queue,step7_risk_adjusted_ranking,robust_return<=0; median_irr<=hurdle,280,False,-0.6294922460877569,-0.2902245569617662,-0.258767610724317,-0.5094922460877569,0.6294922460877569,0.628,0.5350860000000001,0.7,0.3745602,False,
TDY,Teledyne Technologies Incorporated,Technology,"Hardware, Equipment & Parts",research_queue,step7_risk_adjusted_ranking,robust_return<=0; median_irr<=hurdle,199,False,-0.36866163592232615,-0.11808709785018433,-0.10596608357882356,-0.24866163592232618,0.36866163592232615,0.6606,0.6462,1.0,0.6462,False,
CFG,"Citizens Financial Group, Inc.",Financial Services,Banks - Regional,research_queue,step7_risk_adjusted_ranking,robust_return<=0; median_irr<=hurdle,212,False,-0.39517022651765676,-0.14192774259676477,-0.11762045939102661,-0.27517022651765677,0.39517022651765676,0.37402701650196934,0.6,0.8,0.48,False,
Q,"Qnity Electronics, Inc.",Technology,Semiconductors,hard_filter_rejected,step2_hard_filters,listing_age,,,,,,,,,,,,,
ATO,Atmos Energy Corporation,Utilities,Regulated Gas,research_queue,step7_risk_adjusted_ranking,robust_return<=0; median_irr<=hurdle,282,False,-0.6664300050167367,-0.27861875043017786,-0.2258229007187765,-0.5464300050167367,0.6664300050167367,0.5371,0.58878,1.0,0.58878,False,
FICO,Fair Isaac Corporation,Technology,Software - Application,research_queue,step7_risk_adjusted_ranking,robust_return<=0; median_irr<=hurdle,205,False,-0.38190465570362,-0.13655515118925904,-0.1213564152450999,-0.26190465570362,0.38190465570362,0.9176,0.69057,1.0,0.69057,False,
CNP,"CenterPoint Energy, Inc.",Utilities,Diversified Utilities,hard_filter_rejected,step2_hard_filters,persistent_negative_fcf;excessive_leverage,,,,,,,,,,,,,
TPR,"Tapestry, Inc.",Consumer Cyclical,Luxury Goods,research_queue,step7_risk_adjusted_ranking,robust_return<=0; median_irr<=hurdle,256,False,-0.4660323364648502,-0.17351847426616585,-0.15928573579294603,-0.3460323364648502,0.4660323364648502,0.7294,0.58338,1.0,0.58338,False,
EIX,Edison International,Utilities,Regulated Electric,hard_filter_rejected,step2_hard_filters,persistent_negative_fcf,,,,,,,,,,,,,
VICI,VICI Properties Inc.,Real Estate,REIT - Specialty,eligible,step7_risk_adjusted_ranking,eligible,4,True,0.10192867269869202,0.2861634629782821,0.3323514014556084,0.14759964754630328,0.0,0.4740870752279265,0.6,0.8,0.48,False,
NRG,"NRG Energy, Inc.",Utilities,Independent Power Producers,research_queue,step7_risk_adjusted_ranking,robust_return<=0; median_irr<=hurdle,299,False,-1.0699999999999998,-0.193567923908995,-0.06706185298389752,-0.95,1.0699999999999998,0.5741,0.35802,1.0,0.35802,True,bear
DOV,Dover Corporation,Industrials,Industrial - Machinery,research_queue,step7_risk_adjusted_ranking,robust_return<=0; median_irr<=hurdle,171,False,-0.3235463256936054,-0.15337888761423524,-0.15106952125497625,-0.2035463256936054,0.3235463256936054,0.7608,0.72306,1.0,0.72306,False,
TPL,Texas Pacific Land Corporation,Energy,Oil & Gas Exploration & Production,research_queue,step7_risk_adjusted_ranking,robust_return<=0; median_irr<=hurdle,158,False,-0.30795312254515006,-0.0756383551561157,-0.06552775149757505,-0.18795312254515006,0.30795312254515006,0.9816,0.6166,1.0,0.6166,False,
XYL,Xylem Inc.,Industrials,Industrial - Machinery,hard_filter_rejected,step2_hard_filters,severe_dilution,,,,,,,,,,,,,
OTIS,Otis Worldwide Corporation,Industrials,Industrial - Machinery,research_queue,step7_risk_adjusted_ranking,robust_return<=0; median_irr<=hurdle,102,False,-0.24605582352261984,0.001397530952817791,0.020009060058509956,-0.12605582352261985,0.24605582352261984,0.9848,0.80577,1.0,0.80577,False,
FE,FirstEnergy Corp.,Utilities,Regulated Electric,hard_filter_rejected,step2_hard_filters,persistent_negative_fcf;excessive_leverage,,,,,,,,,,,,,
ES,Eversource Energy,Utilities,Regulated Electric,hard_filter_rejected,step2_hard_filters,persistent_negative_fcf,,,,,,,,,,,,,
PPG,"PPG Industries, Inc.",Basic Materials,Chemicals - Specialty,research_queue,step7_risk_adjusted_ranking,robust_return<=0; median_irr<=hurdle,157,False,-0.3053011167433578,-0.06845073497825067,-0.05649279479985123,-0.18530111674335784,0.3053011167433578,0.7595,0.7542,1.0,0.7542,False,
PPL,PPL Corporation,Utilities,Regulated Electric,hard_filter_rejected,step2_hard_filters,insufficient_financial_history,,,,,,,,,,,,,
HAL,Halliburton Company,Energy,Oil & Gas Equipment & Services,research_queue,step7_risk_adjusted_ranking,robust_return<=0; median_irr<=hurdle,287,False,-0.7811674774088896,-0.07248636441945563,0.04698704879265281,-0.6611674774088896,0.7811674774088896,0.4719,0.4761,1.0,0.4761,False,
AVB,"AvalonBay Communities, Inc.",Real Estate,REIT - Residential,research_queue,step7_risk_adjusted_ranking,robust_return<=0,11,False,-0.00790374218712335,0.17459171495212888,0.20978992142684083,0.06899709552799305,0.05100290447200695,0.5386824360256111,0.6,0.8,0.48,False,
WRB,W. R. Berkley Corporation,Financial Services,Insurance - Property & Casualty,research_queue,step7_risk_adjusted_ranking,robust_return<=0; median_irr<=hurdle,64,False,-0.1855460176989846,0.023115574600693023,0.03777348157279237,-0.0655460176989846,0.1855460176989846,0.5919387232185139,0.6,0.8,0.48,False,
WSM,"Williams-Sonoma, Inc.",Consumer Cyclical,Specialty Retail,research_queue,step7_risk_adjusted_ranking,robust_return<=0; median_irr<=hurdle,187,False,-0.3423623993631917,-0.16885625752111078,-0.16935443479451348,-0.22236239936319172,0.3423623993631917,0.9245,0.7133,0.95,0.677635,False,
AWK,"American Water Works Company, Inc.",Utilities,Regulated Water,hard_filter_rejected,step2_hard_filters,persistent_negative_fcf,,,,,,,,,,,,,
MTD,Mettler-Toledo International Inc.,Healthcare,Medical - Diagnostics & Research,research_queue,step7_risk_adjusted_ranking,robust_return<=0; median_irr<=hurdle,172,False,-0.32459584179588996,-0.1301209125623245,-0.12523187218212112,-0.20459584179588997,0.32459584179588996,0.9773,0.8528,1.0,0.8528,False,
EQR,Equity Residential,Real Estate,REIT - Residential,research_queue,step7_risk_adjusted_ranking,robust_return<=0,20,False,-0.05455264794775681,0.15010034951356066,0.15919813863231447,0.04663224550873224,0.07336775449126776,0.6000427296800266,0.6,0.8,0.48,False,
DG,Dollar General Corporation,Consumer Defensive,Discount Stores,research_queue,step7_risk_adjusted_ranking,robust_return<=0; median_irr<=hurdle,48,False,-0.16652958468650464,0.05408189591544217,0.05313032015110368,-0.046529584686504644,0.16652958468650464,0.6944,0.5347944000000001,1.0,0.5347944000000001,False,
RF,Regions Financial Corporation,Financial Services,Banks - Regional,research_queue,step7_risk_adjusted_ranking,robust_return<=0; median_irr<=hurdle,99,False,-0.24200732657065993,-0.025894731401989807,-0.009614192170281033,-0.12200732657065994,0.24200732657065993,0.5475608863520824,0.6,0.8,0.48,False,
WST,"West Pharmaceutical Services, Inc.",Healthcare,Medical - Instruments & Supplies,research_queue,step7_risk_adjusted_ranking,robust_return<=0; median_irr<=hurdle,215,False,-0.4025359761351137,-0.23160616755412772,-0.23230314337270097,-0.2825359761351137,0.4025359761351137,0.8462,0.5709690000000001,1.0,0.5709690000000001,False,
HUBB,Hubbell Incorporated,Industrials,Electrical Equipment & Parts,research_queue,step7_risk_adjusted_ranking,robust_return<=0; median_irr<=hurdle,214,False,-0.39933345969577205,-0.15515983339992087,-0.1432093919429462,-0.27933345969577206,0.39933345969577205,0.8087,0.6979,0.85,0.5932149999999999,False,
SYF,Synchrony Financial,Financial Services,Financial - Credit Services,watchlist,step2_model_routing,consumer_finance_model_not_supported,,,,,,,,,,,,,
PHM,"PulteGroup, Inc.",Consumer Cyclical,Residential Construction,research_queue,step7_risk_adjusted_ranking,robust_return<=0; median_irr<=hurdle,35,False,-0.13654739095247348,0.06471110038692136,0.07260914744692859,-0.016547390952473477,0.13654739095247348,0.7958,0.6591600000000001,1.0,0.6591600000000001,False,
DVN,Devon Energy Corporation,Energy,Oil & Gas Exploration & Production,watchlist,step6_scenario_valuation,insufficient_post_valuation_model_confidence,,,,0.28420052478322766,0.30786017267964777,-0.13189553413540117,0.25189553413540117,0.6057,0.2676159,1.0,0.2676159,False,
KEY,KeyCorp,Financial Services,Banks - Regional,research_queue,step7_risk_adjusted_ranking,robust_return<=0; median_irr<=hurdle,264,False,-0.4894792701635021,-0.11374972488686036,-0.06166779407560097,-0.3694792701635021,0.4894792701635021,0.13699784466463633,0.6,0.8,0.48,False,
WAT,Waters Corporation,Healthcare,Medical - Diagnostics & Research,research_queue,step7_risk_adjusted_ranking,robust_return<=0; median_irr<=hurdle,216,False,-0.40495877605237174,-0.21512158765526684,-0.2078876421117456,-0.28495877605237174,0.40495877605237174,0.7389,0.6143283,0.85,0.5221790550000001,False,
LUV,Southwest Airlines Co.,Industrials,"Airlines, Airports & Air Services",hard_filter_rejected,step2_hard_filters,persistent_negative_fcf,,,,,,,,,,,,,
RL,Ralph Lauren Corporation,Consumer Cyclical,Apparel - Manufacturers,research_queue,step7_risk_adjusted_ranking,robust_return<=0; median_irr<=hurdle,210,False,-0.3936702484718989,-0.12931624486336657,-0.1213751285700709,-0.2736702484718989,0.3936702484718989,0.859,0.5353,1.0,0.5353,False,
SW,Smurfit Westrock plc,Consumer Cyclical,Packaging & Containers,hard_filter_rejected,step2_hard_filters,adr_excluded,,,,,,,,,,,,,
CMS,CMS Energy Corporation,Utilities,Regulated Electric,hard_filter_rejected,step2_hard_filters,persistent_negative_fcf;excessive_leverage,,,,,,,,,,,,,
L,Loews Corporation,Financial Services,Insurance - Property & Casualty,research_queue,step7_risk_adjusted_ranking,robust_return<=0; median_irr<=hurdle,103,False,-0.2484943836389497,-0.011202364257892922,0.009234893210930517,-0.12849438363894972,0.2484943836389497,0.48016407557828217,0.6,0.8,0.48,False,
DGX,Quest Diagnostics Incorporated,Healthcare,Medical - Diagnostics & Research,research_queue,step7_risk_adjusted_ranking,robust_return<=0; median_irr<=hurdle,153,False,-0.30309417763666713,-0.08523174586880483,-0.0845204870391171,-0.18309417763666713,0.30309417763666713,0.7226,0.5631120000000001,1.0,0.5631120000000001,False,
BRO,"Brown & Brown, Inc.",Financial Services,Insurance - Brokers,research_queue,step7_risk_adjusted_ranking,robust_return<=0; median_irr<=hurdle,63,False,-0.18501258496007777,0.04456444929176051,0.0625107322368117,-0.06501258496007778,0.18501258496007777,0.5276697514817059,0.6,0.8,0.48,False,
LH,Labcorp Holdings Inc.,Healthcare,Medical - Diagnostics & Research,research_queue,step7_risk_adjusted_ranking,robust_return<=0; median_irr<=hurdle,263,False,-0.48782872441690406,-0.16630750821495893,-0.1442607625198434,-0.36782872441690406,0.48782872441690406,0.4518,0.5069790000000001,1.0,0.5069790000000001,False,
STZ,"Constellation Brands, Inc.",Consumer Defensive,Beverages - Alcoholic,research_queue,step7_risk_adjusted_ranking,robust_return<=0; median_irr<=hurdle,51,False,-0.16908554527792144,0.09527201185846937,0.11348831479554067,-0.04908554527792145,0.16908554527792144,0.8291,0.78615,1.0,0.78615,False,
DRI,"Darden Restaurants, Inc.",Consumer Cyclical,Restaurants,research_queue,step7_risk_adjusted_ranking,robust_return<=0; median_irr<=hurdle,111,False,-0.2583292302256449,0.06069925829215213,0.08348463208822068,-0.13832923022564492,0.2583292302256449,0.827,0.6278,1.0,0.6278,False,
CHD,"Church & Dwight Co., Inc.",Consumer Defensive,Household & Personal Products,research_queue,step7_risk_adjusted_ranking,robust_return<=0; median_irr<=hurdle,131,False,-0.2743295620591379,-0.10155261223844712,-0.09876714590936896,-0.1543295620591379,0.2743295620591379,0.8166,0.74322,1.0,0.74322,False,
CPAY,"Corpay, Inc.",Technology,Software - Infrastructure,research_queue,step7_risk_adjusted_ranking,robust_return<=0,14,False,-0.01711083147922518,0.16856966796622153,0.1835066478903173,0.04977855889010246,0.07022144110989753,0.9886,0.8363,1.0,0.8363,False,
NI,NiSource Inc,Utilities,Regulated Gas,hard_filter_rejected,step2_hard_filters,persistent_negative_fcf,,,,,,,,,,,,,
VLTO,Veralto Corporation,Industrials,Industrial - Pollution & Treatment Controls,hard_filter_rejected,step2_hard_filters,listing_age,,,,,,,,,,,,,
OMC,Omnicom Group Inc.,Communication Services,Advertising Agencies,eligible,step7_risk_adjusted_ranking,eligible,5,True,0.07884530982584007,0.2497908066638047,0.2565579729154706,0.1656032134662383,0.0,0.8027,0.679266,0.85,0.5773761000000001,False,
EXPD,"Expeditors International of Washington, Inc.",Industrials,Integrated Freight & Logistics,research_queue,step7_risk_adjusted_ranking,robust_return<=0; median_irr<=hurdle,139,False,-0.2827348567242734,-0.052039823723316635,-0.046605416748207035,-0.1627348567242734,0.2827348567242734,0.9805,0.54648,0.95,0.519156,False,
LEN,Lennar Corporation,Consumer Cyclical,Residential Construction,research_queue,step7_risk_adjusted_ranking,robust_return<=0; median_irr<=hurdle,33,False,-0.134924072579015,0.0880871620916878,0.08981217459077016,-0.01492407257901502,0.134924072579015,0.4944,0.4536567,1.0,0.4536567,False,
FIS,"Fidelity National Information Services, Inc.",Technology,Information Technology Services,research_queue,step7_risk_adjusted_ranking,robust_return<=0; median_irr<=hurdle,88,False,-0.225881060170941,0.03219976859982128,0.03871025147382171,-0.10588106017094101,0.225881060170941,0.3092,0.464049,1.0,0.464049,False,
IFF,International Flavors & Fragrances Inc.,Basic Materials,Chemicals - Specialty,watchlist,step6_scenario_valuation,insufficient_post_valuation_model_confidence,,,,-0.350100859257509,-0.2814782806963194,-0.95,1.0699999999999998,0.225,0.33984,1.0,0.33984,True,bear
SNA,Snap-on Incorporated,Industrials,Manufacturing - Tools & Accessories,research_queue,step7_risk_adjusted_ranking,robust_return<=0; median_irr<=hurdle,67,False,-0.1939835481261252,0.007843493096515906,0.01609460536565168,-0.0739835481261252,0.1939835481261252,0.9141,0.8254,0.85,0.70159,False,
STE,STERIS plc,Healthcare,Medical - Specialties,hard_filter_rejected,step2_hard_filters,adr_excluded,,,,,,,,,,,,,
PKG,Packaging Corporation of America,Consumer Cyclical,Packaging & Containers,research_queue,step7_risk_adjusted_ranking,robust_return<=0; median_irr<=hurdle,149,False,-0.29866866658150687,-0.11038089646681327,-0.11206477860396259,-0.17866866658150687,0.29866866658150687,0.7706,0.69768,1.0,0.69768,False,
TSN,"Tyson Foods, Inc.",Consumer Defensive,Agricultural Farm Products,research_queue,step7_risk_adjusted_ranking,robust_return<=0,31,False,-0.12443056960042385,0.12002537088119426,0.12049094383837658,-0.004715535987634184,0.12471553598763419,0.6055,0.580446,1.0,0.580446,False,
ROL,"Rollins, Inc.",Consumer Cyclical,Personal Products & Services,research_queue,step7_risk_adjusted_ranking,robust_return<=0; median_irr<=hurdle,143,False,-0.29370528692845255,-0.0959141232073307,-0.08695898350561036,-0.17370528692845255,0.29370528692845255,0.9778,0.924,1.0,0.924,False,
AMCR,Amcor plc,Consumer Cyclical,Packaging & Containers,hard_filter_rejected,step2_hard_filters,adr_excluded,,,,,,,,,,,,,
EFX,Equifax Inc.,Industrials,Consulting Services,research_queue,step7_risk_adjusted_ranking,robust_return<=0; median_irr<=hurdle,312,False,-1.0699999999999998,-0.365094571908412,-0.21688039065047632,-0.95,1.0699999999999998,0.4206,0.534357,1.0,0.534357,True,bear
BG,Bunge Global S.A.,Consumer Defensive,Agricultural Farm Products,hard_filter_rejected,step2_hard_filters,interest_coverage;excessive_leverage,,,,,,,,,,,,,
IP,International Paper Company,Consumer Cyclical,Packaging & Containers,hard_filter_rejected,step2_hard_filters,interest_coverage;excessive_leverage;severe_dilution,,,,,,,,,,,,,
HPQ,HP Inc.,Technology,Computer Hardware,research_queue,step7_risk_adjusted_ranking,robust_return<=0; median_irr<=hurdle,13,False,-0.011897478024475244,0.1269559338630643,0.10810252197552475,0.10810252197552475,0.011897478024475244,0.9686,0.669951,1.0,0.669951,False,
GIS,"General Mills, Inc.",Consumer Defensive,Packaged Foods,hard_filter_rejected,step2_hard_filters,interest_coverage;excessive_leverage,,,,,,,,,,,,,
DOW,Dow Inc.,Basic Materials,Chemicals,hard_filter_rejected,step2_hard_filters,interest_coverage,,,,,,,,,,,,,
LII,Lennox International Inc.,Industrials,Construction,research_queue,step7_risk_adjusted_ranking,robust_return<=0; median_irr<=hurdle,195,False,-0.36049131080391816,-0.15053220527115624,-0.14259328181215092,-0.24049131080391814,0.36049131080391816,0.9501,0.7942,1.0,0.7942,False,
FTV,Fortive Corporation,Industrials,Industrial - Machinery,research_queue,step7_risk_adjusted_ranking,robust_return<=0; median_irr<=hurdle,268,False,-0.4984347653738222,-0.20826670368551273,-0.1794205653190147,-0.3784347653738222,0.4984347653738222,0.5398,0.5740200000000001,1.0,0.5740200000000001,False,
FDXF,"FedEx Freight Holding Company, Inc.",Industrials,Integrated Freight & Logistics,hard_filter_rejected,step2_hard_filters,listing_age,,,,,,,,,,,,,
DD,"DuPont de Nemours, Inc.",Basic Materials,Chemicals - Specialty,research_queue,step7_risk_adjusted_ranking,robust_return<=0; median_irr<=hurdle,279,False,-0.6289431826869262,-0.286572882130713,-0.24284808237571262,-0.5089431826869262,0.6289431826869262,0.4309,0.43011000000000005,0.85,0.3655935,False,
GPN,Global Payments Inc.,Financial Services,Financial - Credit Services,watchlist,step2_model_routing,consumer_finance_model_not_supported,,,,,,,,,,,,,
GPC,Genuine Parts Company,Consumer Cyclical,Specialty Retail,research_queue,step7_risk_adjusted_ranking,robust_return<=0; median_irr<=hurdle,123,False,-0.2698632318282034,-0.068578899030399,-0.06810514542739834,-0.14986323182820338,0.2698632318282034,0.7261,0.7056,1.0,0.7056,False,
NVR,"NVR, Inc.",Consumer Cyclical,Residential Construction,research_queue,step7_risk_adjusted_ranking,robust_return<=0; median_irr<=hurdle,49,False,-0.16767848726341977,0.0569570207268271,0.06552295292203784,-0.04767848726341978,0.16767848726341977,0.9453,0.67896,1.0,0.67896,False,
INVH,Invitation Homes Inc.,Real Estate,REIT - Residential,research_queue,step7_risk_adjusted_ranking,robust_return<=0,24,False,-0.07382834020045878,0.12255928548236722,0.15335931830552685,0.030159187012888333,0.08984081298711166,0.5684582266928556,0.6,0.8,0.48,False,
BEN,"Franklin Resources, Inc.",Financial Services,Asset Management,watchlist,step2_model_routing,asset_management_model_not_supported,,,,,,,,,,,,,
LYB,LyondellBasell Industries N.V.,Basic Materials,Chemicals,hard_filter_rejected,step2_hard_filters,interest_coverage;excessive_leverage,,,,,,,,,,,,,
WY,Weyerhaeuser Company,Basic Materials,"Paper, Lumber & Forest Products",hard_filter_rejected,step2_hard_filters,interest_coverage,,,,,,,,,,,,,
KIM,Kimco Realty Corporation,Real Estate,REIT - Retail,research_queue,step7_risk_adjusted_ranking,robust_return<=0; median_irr<=hurdle,58,False,-0.1795559257443693,0.007632803971701602,0.0002922386594657045,-0.0595559257443693,0.1795559257443693,0.7345652443292332,0.6,0.8,0.48,False,
CF,"CF Industries Holdings, Inc.",Basic Materials,Agricultural Inputs,watchlist,step6_scenario_valuation,insufficient_post_valuation_model_confidence,,,,0.33446425980364436,0.36208566200220954,0.05787911417428406,0.062120885825715934,0.8943,0.31922100000000003,1.0,0.31922100000000003,False,
ZBH,"Zimmer Biomet Holdings, Inc.",Healthcare,Medical - Devices,research_queue,step7_risk_adjusted_ranking,robust_return<=0; median_irr<=hurdle,294,False,-1.0699999999999998,-0.1459751824120758,0.046334275102708516,-0.95,1.0699999999999998,0.2145,0.4601610000000001,1.0,0.4601610000000001,True,bear
BALL,Ball Corporation,Consumer Cyclical,Packaging & Containers,research_queue,step7_risk_adjusted_ranking,robust_return<=0; median_irr<=hurdle,278,False,-0.5885780028346925,-0.19446669332683084,-0.14027709811925887,-0.46857800283469253,0.5885780028346925,0.6476,0.533223,1.0,0.533223,False,
MAS,Masco Corporation,Consumer Cyclical,"Furnishings, Fixtures & Appliances",research_queue,step7_risk_adjusted_ranking,robust_return<=0; median_irr<=hurdle,135,False,-0.27829577144468204,-0.14250817478023234,-0.1535462091793306,-0.15829577144468204,0.27829577144468204,0.9855,0.6931170000000001,1.0,0.6931170000000001,False,
BR,"Broadridge Financial Solutions, Inc.",Technology,Information Technology Services,research_queue,step7_risk_adjusted_ranking,robust_return<=0; median_irr<=hurdle,97,False,-0.23919848531833848,-0.020236209880386,-0.00946219596662556,-0.11919848531833849,0.23919848531833848,0.866,0.873,1.0,0.873,False,
IEX,IDEX Corporation,Industrials,Industrial - Machinery,research_queue,step7_risk_adjusted_ranking,robust_return<=0; median_irr<=hurdle,155,False,-0.30464584686735174,-0.13479547923707283,-0.13209186293825037,-0.18464584686735175,0.30464584686735174,0.7631,0.73503,1.0,0.73503,False,
MAA,"Mid-America Apartment Communities, Inc.",Real Estate,REIT - Residential,research_queue,step7_risk_adjusted_ranking,robust_return<=0; median_irr<=hurdle,96,False,-0.23406669632873023,-0.10325904644822259,-0.11406669632873023,-0.11406669632873023,0.23406669632873023,1.0,0.6,0.8,0.48,False,
BBY,"Best Buy Co., Inc.",Consumer Cyclical,Specialty Retail,research_queue,step7_risk_adjusted_ranking,robust_return<=0; median_irr<=hurdle,77,False,-0.20800758289871735,-0.04517670696077399,-0.04317564920056608,-0.08800758289871735,0.20800758289871735,0.8677,0.636174,1.0,0.636174,False,
TXT,Textron Inc.,Industrials,Aerospace & Defense,research_queue,step7_risk_adjusted_ranking,robust_return<=0; median_irr<=hurdle,133,False,-0.27590638958965424,0.006559916837431984,0.020686548686353515,-0.15590638958965425,0.27590638958965424,0.6861,0.62226,0.85,0.528921,False,
ALB,Albemarle Corporation,Basic Materials,Chemicals - Specialty,hard_filter_rejected,step2_hard_filters,interest_coverage,,,,,,,,,,,,,
J,Jacobs Solutions Inc.,Industrials,Engineering & Construction,research_queue,step7_risk_adjusted_ranking,robust_return<=0; median_irr<=hurdle,309,False,-1.0699999999999998,-0.35252565576302003,-0.1956787742761662,-0.95,1.0699999999999998,0.5197,0.52083,1.0,0.52083,True,bear
DOC,"Healthpeak Properties, Inc.",Real Estate,REIT - Healthcare Facilities,research_queue,step7_risk_adjusted_ranking,robust_return<=0; median_irr<=hurdle,91,False,-0.2297829199095368,-0.1002914232204539,-0.10978291990953681,-0.10978291990953681,0.2297829199095368,1.0,0.6,0.8,0.48,False,
DVA,DaVita Inc.,Healthcare,Medical - Care Facilities,research_queue,step7_risk_adjusted_ranking,robust_return<=0; median_irr<=hurdle,235,False,-0.428264875819441,-0.10165657657635165,-0.06684386486886065,-0.308264875819441,0.428264875819441,0.7855,0.8734,0.85,0.74239,False,
GNRC,Generac Holdings Inc.,Industrials,Industrial - Machinery,research_queue,step7_risk_adjusted_ranking,robust_return<=0; median_irr<=hurdle,258,False,-0.46714503797440554,-0.22824388449625982,-0.22392127760394936,-0.34714503797440555,0.46714503797440554,0.5485,0.40815900000000005,1.0,0.40815900000000005,False,
EG,"Everest Group, Ltd.",Financial Services,Insurance - Reinsurance,hard_filter_rejected,step2_hard_filters,adr_excluded,,,,,,,,,,,,,
TKO,"TKO Group Holdings, Inc.",Communication Services,Entertainment,hard_filter_rejected,step2_hard_filters,listing_age,,,,,,,,,,,,,
DECK,Deckers Outdoor Corporation,Consumer Cyclical,Apparel - Footwear & Accessories,research_queue,step7_risk_adjusted_ranking,robust_return<=0; median_irr<=hurdle,30,False,-0.12151188852032643,0.08919476305018181,0.09768265250604602,-0.0015118885203264374,0.12151188852032643,0.9559,0.7479899999999999,1.0,0.7479899999999999,False,
MKC,"McCormick & Company, Incorporated",Consumer Defensive,Packaged Foods,research_queue,step7_risk_adjusted_ranking,robust_return<=0,45,False,-0.1554787350208274,0.11109026918129536,0.13103097297716895,-0.044824175327084936,0.16482417532708493,0.7388,0.8472,1.0,0.8472,False,
SWK,"Stanley Black & Decker, Inc.",Industrials,Manufacturing - Tools & Accessories,research_queue,step7_risk_adjusted_ranking,robust_return<=0; median_irr<=hurdle,186,False,-0.3406400457478594,-0.02819115150632567,0.005725612794049113,-0.2206400457478594,0.3406400457478594,0.6511,0.6687,1.0,0.6687,False,
GL,Globe Life Inc.,Financial Services,Insurance - Life,research_queue,step7_risk_adjusted_ranking,robust_return<=0; median_irr<=hurdle,40,False,-0.14355655585527272,0.08314008982260004,0.10024872940761376,-0.02355655585527272,0.14355655585527272,0.5505301281256516,0.6,0.8,0.48,False,
AIZ,"Assurant, Inc.",Financial Services,Insurance - Specialty,research_queue,step7_risk_adjusted_ranking,robust_return<=0; median_irr<=hurdle,132,False,-0.2753834705663577,-0.010269448034655959,0.013655947074328711,-0.1553834705663577,0.2753834705663577,0.40164745438666344,0.6,0.8,0.48,False,
HRL,Hormel Foods Corporation,Consumer Defensive,Packaged Foods,research_queue,step7_risk_adjusted_ranking,robust_return<=0; median_irr<=hurdle,59,False,-0.1799651865661144,0.006064354017144089,0.0013628256041556873,-0.05996518656611441,0.1799651865661144,0.6897,0.6025590000000001,1.0,0.6025590000000001,False,
LDOS,"Leidos Holdings, Inc.",Technology,Information Technology Services,research_queue,step7_risk_adjusted_ranking,robust_return<=0,28,False,-0.11841904218501761,0.1713629429257708,0.2025481340126135,-0.05078691801754755,0.17078691801754753,0.792,0.6343920000000001,1.0,0.6343920000000001,False,
SOLV,Solventum Corporation,Healthcare,Medical - Care Facilities,hard_filter_rejected,step2_hard_filters,listing_age,,,,,,,,,,,,,
TYL,"Tyler Technologies, Inc.",Technology,Software - Application,research_queue,step7_risk_adjusted_ranking,robust_return<=0; median_irr<=hurdle,175,False,-0.32750175144203236,-0.13954463055124502,-0.13515468169061928,-0.20750175144203237,0.32750175144203236,0.7399,0.64152,1.0,0.64152,False,
UDR,"UDR, Inc.",Real Estate,REIT - Residential,research_queue,step7_risk_adjusted_ranking,robust_return<=0,15,False,-0.032128923428085446,0.1652744050612155,0.20461370780672516,0.04725649682468647,0.07274350317531353,0.4966224085720941,0.6,0.8,0.48,False,
PNW,Pinnacle West Capital Corporation,Utilities,Regulated Electric,hard_filter_rejected,step2_hard_filters,persistent_negative_fcf;excessive_leverage,,,,,,,,,,,,,
AVY,Avery Dennison Corporation,Consumer Cyclical,Packaging & Containers,research_queue,step7_risk_adjusted_ranking,robust_return<=0; median_irr<=hurdle,86,False,-0.22293239921738855,-0.028976859123940782,-0.02112423712969755,-0.10293239921738857,0.22293239921738855,0.8491,0.8279,1.0,0.8279,False,
RVTY,"Revvity, Inc.",Healthcare,Medical - Diagnostics & Research,research_queue,step7_risk_adjusted_ranking,robust_return<=0; median_irr<=hurdle,317,False,-1.0699999999999998,-0.4406566006087815,-0.3243158669909463,-0.95,1.0699999999999998,0.3116,0.47439000000000003,1.0,0.47439000000000003,True,bear
APTV,Aptiv PLC,Consumer Cyclical,Auto - Parts,hard_filter_rejected,step2_hard_filters,adr_excluded,,,,,,,,,,,,,
SJM,The J. M. Smucker Company,Consumer Defensive,Packaged Foods,hard_filter_rejected,step2_hard_filters,interest_coverage;excessive_leverage,,,,,,,,,,,,,
PNR,Pentair plc,Industrials,Industrial - Machinery,hard_filter_rejected,step2_hard_filters,adr_excluded,,,,,,,,,,,,,
BF-B,Brown-Forman Corporation,Consumer Defensive,Beverages - Wineries & Distilleries,research_queue,step7_risk_adjusted_ranking,robust_return<=0; median_irr<=hurdle,34,False,-0.1349885987397283,0.030432064313208718,0.04110876740887765,-0.014988598739728302,0.1349885987397283,0.8717,0.683235,1.0,0.683235,False,
ALLE,Allegion plc,Industrials,Security & Protection Services,hard_filter_rejected,step2_hard_filters,adr_excluded,,,,,,,,,,,,,
MGM,MGM Resorts International,Consumer Cyclical,"Gambling, Resorts & Casinos",hard_filter_rejected,step2_hard_filters,excessive_leverage,,,,,,,,,,,,,
IVZ,Invesco Ltd.,Financial Services,Asset Management,watchlist,step2_model_routing,asset_management_model_not_supported,,,,,,,,,,,,,
CLX,The Clorox Company,Consumer Defensive,Household & Personal Products,research_queue,step7_risk_adjusted_ranking,robust_return<=0,62,False,-0.18461672941120671,0.10251237716729523,0.12422922123223547,-0.06769716728013006,0.18769716728013006,0.936,0.7283700000000001,1.0,0.7283700000000001,False,
GDDY,GoDaddy Inc.,Technology,Software - Infrastructure,research_queue,step7_risk_adjusted_ranking,robust_return<=0; median_irr<=hurdle,181,False,-0.33594646282028406,0.005071845403290379,0.0387142595893238,-0.21594646282028404,0.33594646282028406,0.733,0.6130890000000001,1.0,0.6130890000000001,False,
BAX,Baxter International Inc.,Healthcare,Medical - Instruments & Supplies,hard_filter_rejected,step2_hard_filters,interest_coverage;excessive_leverage,,,,,,,,,,,,,
HII,"Huntington Ingalls Industries, Inc.",Industrials,Aerospace & Defense,research_queue,step7_risk_adjusted_ranking,robust_return<=0; median_irr<=hurdle,117,False,-0.26507877953728887,-0.029800878333844573,-0.01968433090805772,-0.1450787795372889,0.26507877953728887,0.6453,0.6582600000000001,1.0,0.6582600000000001,False,
CRL,"Charles River Laboratories International, Inc.",Healthcare,Medical - Diagnostics & Research,research_queue,step7_risk_adjusted_ranking,robust_return<=0; median_irr<=hurdle,316,False,-1.0699999999999998,-0.43087518996544527,-0.3012167565029812,-0.95,1.0699999999999998,0.4019,0.5469930000000001,0.85,0.46494405000000005,True,bear
BXP,"BXP, Inc.",Real Estate,REIT - Office,eligible,step7_risk_adjusted_ranking,eligible,10,True,0.026389375384523774,0.1812841148906808,0.20680439848341248,0.10472326411248578,0.015276735887514215,0.6428106701366297,0.6,0.8,0.48,False,
AES,The AES Corporation,Utilities,Independent Power Producers,hard_filter_rejected,step2_hard_filters,persistent_negative_fcf;interest_coverage;excessive_leverage,,,,,,,,,,,,,
UHS,"Universal Health Services, Inc.",Healthcare,Medical - Care Facilities,eligible,step7_risk_adjusted_ranking,eligible,1,True,0.13695655273677107,0.2800254860034329,0.2983985316357575,0.12720271989819595,0.0,0.7829,0.7677,1.0,0.7677,False,
ARE,"Alexandria Real Estate Equities, Inc.",Real Estate,REIT - Office,eligible,step7_risk_adjusted_ranking,eligible,6,True,0.06440966117028947,0.23084687824900696,0.25418679410476974,0.1608271306817186,0.0,0.6792452830188679,0.6,0.8,0.48,False,
IT,"Gartner, Inc.",Industrials,Consulting Services,research_queue,step7_risk_adjusted_ranking,robust_return<=0,19,False,-0.04873163381832294,0.18376873334636917,0.20302201236481784,0.009749055019347025,0.11025094498065297,0.9097,0.741,1.0,0.741,False,
BLDR,"Builders FirstSource, Inc.",Basic Materials,Construction Materials,watchlist,step6_scenario_valuation,insufficient_post_valuation_model_confidence,,,,-0.26970430919027416,-0.14822276314371266,-0.95,1.0699999999999998,0.5976,0.31419900000000006,1.0,0.31419900000000006,True,bear
NCLH,Norwegian Cruise Line Holdings Ltd.,Consumer Cyclical,Travel Services,hard_filter_rejected,step2_hard_filters,interest_coverage,,,,,,,,,,,,,
FDS,FactSet Research Systems Inc.,Financial Services,Financial - Data & Stock Exchanges,watchlist,step2_model_routing,financial_sector_model_not_supported,,,,,,,,,,,,,
AOS,A. O. Smith Corporation,Industrials,Industrial - Machinery,research_queue,step7_risk_adjusted_ranking,robust_return<=0; median_irr<=hurdle,75,False,-0.2055484558502212,-0.004383568654884557,0.0018306332291104176,-0.0855484558502212,0.2055484558502212,0.9523,0.8202,1.0,0.8202,False,
TAP,Molson Coors Beverage Company,Consumer Defensive,Beverages - Alcoholic,hard_filter_rejected,step2_hard_filters,interest_coverage;negative_ebitda_with_debt,,,,,,,,,,,,,
MOS,The Mosaic Company,Basic Materials,Agricultural Inputs,watchlist,step5_quality_risk,insufficient_model_confidence,,,,,,,,,0.3365,0.85,,,
NVDA,NVIDIA Corporation,Technology,Semiconductors,watchlist,step6_scenario_valuation,insufficient_post_valuation_model_confidence,,,,-0.17305681343714246,-0.16698832051188223,-0.32051566831651157,0.44051566831651157,0.8597,0.3443796,1.0,0.3443796,False,
AAPL,Apple Inc.,Technology,Consumer Electronics,research_queue,step7_risk_adjusted_ranking,robust_return<=0; median_irr<=hurdle,166,False,-0.3156188139534788,-0.11671210711538149,-0.11161712188186354,-0.1956188139534788,0.3156188139534788,0.9712,0.69309,0.95,0.6584355,False,
GOOGL,Alphabet Inc.,Communication Services,Internet Content & Information,research_queue,step7_risk_adjusted_ranking,robust_return<=0; median_irr<=hurdle,156,False,-0.3052143876283662,-0.10492396238696526,-0.09774652244814203,-0.18521438762836623,0.3052143876283662,0.9495,0.7447,1.0,0.7447,False,
GOOG,Alphabet Inc.,Communication Services,Internet Content & Information,hard_filter_rejected,step2_hard_filters,duplicate_share_class,,,,,,,,,,,,,
MSFT,Microsoft Corporation,Technology,Software - Infrastructure,research_queue,step7_risk_adjusted_ranking,robust_return<=0; median_irr<=hurdle,76,False,-0.20750714043562762,-0.017131802980293265,-0.01016626690689006,-0.08750714043562764,0.20750714043562762,0.9665,0.8866,1.0,0.8866,False,
AMZN,"Amazon.com, Inc.",Consumer Cyclical,Specialty Retail,research_queue,step7_risk_adjusted_ranking,robust_return<=0; median_irr<=hurdle,261,False,-0.4790350211743499,-0.23768035073444477,-0.22320457823225293,-0.3590350211743499,0.4790350211743499,0.6572,0.6504,0.85,0.55284,False,
AVGO,Broadcom Inc.,Technology,Semiconductors,research_queue,step7_risk_adjusted_ranking,robust_return<=0; median_irr<=hurdle,266,False,-0.4956170923719764,-0.2574392414735484,-0.24364493006287366,-0.3756170923719764,0.4956170923719764,0.7054,0.4847850000000001,1.0,0.4847850000000001,False,
META,"Meta Platforms, Inc.",Communication Services,Internet Content & Information,research_queue,step7_risk_adjusted_ranking,robust_return<=0; median_irr<=hurdle,37,False,-0.14136787004928916,0.08940180793197218,0.10313733333023269,-0.02136787004928916,0.14136787004928916,0.9547,0.7459,1.0,0.7459,False,
TSLA,"Tesla, Inc.",Consumer Cyclical,Auto - Manufacturers,watchlist,step5_quality_risk,insufficient_model_confidence,,,,,,,,,0.3256,1.0,,,
MU,"Micron Technology, Inc.",Technology,Semiconductors,watchlist,step6_scenario_valuation,insufficient_post_valuation_model_confidence,,,,-0.17740530889077485,-0.1645734745798108,-0.3879103288323677,0.5079103288323676,0.6493,0.32092200000000004,0.85,0.2727837,False,
WMT,Walmart Inc.,Consumer Defensive,Discount Stores,research_queue,step7_risk_adjusted_ranking,robust_return<=0; median_irr<=hurdle,177,False,-0.33256396019598466,-0.14188508822408036,-0.13571650471130847,-0.21256396019598467,0.33256396019598466,0.8426,0.9077,1.0,0.9077,False,
AMD,"Advanced Micro Devices, Inc.",Technology,Semiconductors,watchlist,step6_scenario_valuation,insufficient_post_valuation_model_confidence,,,,-0.4232941492949976,-0.41846209085560987,-0.5212048883353417,0.6412048883353417,0.3728,0.28212300000000007,1.0,0.28212300000000007,False,
ASML,ASML Holding N.V.,Technology,Semiconductors,hard_filter_rejected,step2_hard_filters,adr_excluded,,,,,,,,,,,,,
INTC,Intel Corp.,Technology,Semiconductors,hard_filter_rejected,step2_hard_filters,persistent_negative_fcf;interest_coverage,,,,,,,,,,,,,
AMAT,"Applied Materials, Inc.",Technology,Semiconductors,research_queue,step7_risk_adjusted_ranking,robust_return<=0; median_irr<=hurdle,230,False,-0.4234470553058781,-0.2581295851183313,-0.25874124747424504,-0.3034470553058781,0.4234470553058781,0.9754,0.7448,0.7,0.5213599999999999,False,
CSCO,"Cisco Systems, Inc.",Technology,Communication Equipment,research_queue,step7_risk_adjusted_ranking,robust_return<=0; median_irr<=hurdle,179,False,-0.3336935626040212,-0.1691339711847831,-0.16670465868082826,-0.21369356260402123,0.3336935626040212,0.8713,0.76932,1.0,0.76932,False,
LRCX,Lam Research Corporation,Technology,Semiconductors,research_queue,step7_risk_adjusted_ranking,robust_return<=0; median_irr<=hurdle,241,False,-0.43705886238778474,-0.2623867370028165,-0.2624980447159032,-0.31705886238778475,0.43705886238778474,0.9787,0.6518,1.0,0.6518,False,
COST,Costco Wholesale Corporation,Consumer Defensive,Discount Stores,research_queue,step7_risk_adjusted_ranking,robust_return<=0; median_irr<=hurdle,174,False,-0.32675404006651654,-0.14087979722235103,-0.13344745393769702,-0.20675404006651654,0.32675404006651654,0.981,0.8944,1.0,0.8944,False,
ARM,Arm Holdings plc American Depositary Shares,Technology,Semiconductors,hard_filter_rejected,step2_hard_filters,adr_excluded;listing_age,,,,,,,,,,,,,
NFLX,"Netflix, Inc.",Communication Services,Entertainment,research_queue,step7_risk_adjusted_ranking,robust_return<=0; median_irr<=hurdle,191,False,-0.34885286123491815,-0.1350223654560977,-0.1283990249910857,-0.22885286123491816,0.34885286123491815,0.9074,0.64899,1.0,0.64899,False,
KLAC,KLA Corporation,Technology,Semiconductors,research_queue,step7_risk_adjusted_ranking,robust_return<=0; median_irr<=hurdle,222,False,-0.41567117549304383,-0.2400879239081405,-0.23831941720854954,-0.29567117549304384,0.41567117549304383,0.9699,0.68922,1.0,0.68922,False,
PLTR,Palantir Technologies Inc.,Technology,Software - Infrastructure,hard_filter_rejected,step2_hard_filters,severe_dilution,,,,,,,,,,,,,
TXN,Texas Instruments Incorporated,Technology,Semiconductors,research_queue,step7_risk_adjusted_ranking,robust_return<=0; median_irr<=hurdle,218,False,-0.40695892386458576,-0.22727699334172935,-0.22744965617748672,-0.28695892386458577,0.40695892386458576,0.9003,0.560115,1.0,0.560115,False,
SNDK,Sandisk Corporation,Technology,"Hardware, Equipment & Parts",hard_filter_rejected,step2_hard_filters,insufficient_financial_history,,,,,,,,,,,,,
LIN,Linde plc,Basic Materials,Chemicals - Specialty,hard_filter_rejected,step2_hard_filters,adr_excluded,,,,,,,,,,,,,
PANW,"Palo Alto Networks, Inc.",Technology,Software - Infrastructure,normalization_rejected,step4_normalized_model,no_normalized_earnings,,,,,,,,,,,,,
MRVL,"Marvell Technology, Inc.",Technology,Semiconductors,normalization_rejected,step4_normalized_model,no_normalized_earnings,,,,,,,,,,,,,
AMGN,Amgen Inc.,Healthcare,Drug Manufacturers - General,research_queue,step7_risk_adjusted_ranking,robust_return<=0; median_irr<=hurdle,95,False,-0.23167630159907274,0.031200949741105474,0.04720889460295441,-0.11167630159907274,0.23167630159907274,0.8938,0.778,1.0,0.778,False,
CRWD,"CrowdStrike Holdings, Inc.",Technology,Software - Infrastructure,normalization_rejected,step4_normalized_model,no_normalized_earnings,,,,,,,,,,,,,
PEP,"PepsiCo, Inc.",Consumer Defensive,Beverages - Non-Alcoholic,research_queue,step7_risk_adjusted_ranking,robust_return<=0; median_irr<=hurdle,53,False,-0.1716979467705823,0.07138700800278461,0.08725118350703273,-0.051697946770582315,0.1716979467705823,0.9228,0.8958,1.0,0.8958,False,
TMUS,"T-Mobile US, Inc.",Communication Services,Telecommunications Services,research_queue,step7_risk_adjusted_ranking,robust_return<=0; median_irr<=hurdle,297,False,-1.0699999999999998,-0.17989608481439062,-0.00041293097310696723,-0.95,1.0699999999999998,0.4858,0.41204700000000005,1.0,0.41204700000000005,True,bear
WDC,Western Digital Corporation,Technology,Computer Hardware,research_queue,step7_risk_adjusted_ranking,robust_return<=0; median_irr<=hurdle,286,False,-0.7767850415754944,-0.48872651439924075,-0.4760280556285579,-0.6567850415754944,0.7767850415754944,0.475,0.37602,1.0,0.37602,False,
QCOM,QUALCOMM Incorporated,Technology,Semiconductors,research_queue,step7_risk_adjusted_ranking,robust_return<=0; median_irr<=hurdle,134,False,-0.27803956594318147,-0.023831736923602843,-0.013644731117528838,-0.15803956594318147,0.27803956594318147,0.8972,0.5368,1.0,0.5368,False,
STX,Seagate Technology Holdings plc,Technology,Computer Hardware,hard_filter_rejected,step2_hard_filters,adr_excluded,,,,,,,,,,,,,
ADI,"Analog Devices, Inc.",Technology,Semiconductors,research_queue,step7_risk_adjusted_ranking,robust_return<=0; median_irr<=hurdle,260,False,-0.46923596530134093,-0.2200366057961219,-0.21397091425460527,-0.34923596530134093,0.46923596530134093,0.4907,0.43299000000000004,1.0,0.43299000000000004,False,
APP,AppLovin Corporation,Technology,Software - Application,watchlist,step6_scenario_valuation,insufficient_post_valuation_model_confidence,,,,-0.28779833038006464,-0.276674640380952,-0.5120659583706582,0.6320659583706582,0.5555,0.30902310000000005,1.0,0.30902310000000005,False,
GILD,"Gilead Sciences, Inc.",Healthcare,Drug Manufacturers - General,research_queue,step7_risk_adjusted_ranking,robust_return<=0; median_irr<=hurdle,122,False,-0.2693779648095369,0.00696044961223382,0.023958271957235433,-0.14937796480953688,0.2693779648095369,0.8797,0.7626,1.0,0.7626,False,
IBKR,"Interactive Brokers Group, Inc.",Financial Services,Investment - Banking & Investment Services,research_queue,step7_risk_adjusted_ranking,robust_return<=0; median_irr<=hurdle,253,False,-0.4625307287457793,-0.27492604982798835,-0.2638176465634281,-0.3425307287457793,0.4625307287457793,0.5681333491486806,0.6,0.8,0.48,False,
SHOP,Shopify Inc.,Technology,Software - Application,hard_filter_rejected,step2_hard_filters,adr_excluded,,,,,,,,,,,,,
ISRG,"Intuitive Surgical, Inc.",Healthcare,Medical - Devices,research_queue,step7_risk_adjusted_ranking,robust_return<=0; median_irr<=hurdle,190,False,-0.3462520543779828,-0.1548925803712336,-0.14785109568620097,-0.22625205437798282,0.3462520543779828,0.8887,0.7602,1.0,0.7602,False,
BKNG,Booking Holdings Inc.,Consumer Cyclical,Travel Services,watchlist,step6_scenario_valuation,roic_not_meaningful:meaningless_capital,,,,,,,,,0.4338,1.0,,,
VRTX,Vertex Pharmaceuticals Incorporated,Healthcare,Biotechnology,research_queue,step7_risk_adjusted_ranking,robust_return<=0; median_irr<=hurdle,105,False,-0.25084869891754347,0.006636740775502432,0.017249270601314516,-0.13084869891754344,0.25084869891754347,0.8782,0.6201,1.0,0.6201,False,
SBUX,Starbucks Corporation,Consumer Cyclical,Restaurants,research_queue,step7_risk_adjusted_ranking,robust_return<=0; median_irr<=hurdle,237,False,-0.42957471103465644,-0.21725852759482217,-0.21618302886490703,-0.30957471103465645,0.42957471103465644,0.866,0.5695920000000001,0.85,0.48415320000000006,False,
PDD,PDD Holdings Inc.,Consumer Cyclical,Department Stores,hard_filter_rejected,step2_hard_filters,adr_excluded,,,,,,,,,,,,,
FTNT,"Fortinet, Inc.",Technology,Software - Infrastructure,watchlist,step6_scenario_valuation,roic_not_meaningful:meaningless_capital,,,,,,,,,0.6355,1.0,,,
CDNS,"Cadence Design Systems, Inc.",Technology,Software - Application,research_queue,step7_risk_adjusted_ranking,robust_return<=0; median_irr<=hurdle,229,False,-0.4226206561378786,-0.23554563124271224,-0.22996767043077848,-0.3026206561378786,0.4226206561378786,0.8376,0.8493,1.0,0.8493,False,
HOOD,"Robinhood Markets, Inc.",Financial Services,Financial - Capital Markets,watchlist,step2_model_routing,asset_management_model_not_supported,,,,,,,,,,,,,
EQIX,"Equinix, Inc.",Real Estate,REIT - Specialty,research_queue,step7_risk_adjusted_ranking,robust_return<=0; median_irr<=hurdle,113,False,-0.2588439470327153,-0.07258540841955108,-0.05049922888182967,-0.1388439470327153,0.2588439470327153,0.6136668786658187,0.6,0.8,0.48,False,
MAR,"Marriott International, Inc.",Consumer Cyclical,Travel Lodging,research_queue,step7_risk_adjusted_ranking,robust_return<=0; median_irr<=hurdle,281,False,-0.6310050745723129,-0.2058118604907577,-0.15370610134123128,-0.5110050745723129,0.6310050745723129,0.891,0.38296800000000003,1.0,0.38296800000000003,False,
ADP,"Automatic Data Processing, Inc.",Industrials,Staffing & Employment Services,research_queue,step7_risk_adjusted_ranking,robust_return<=0; median_irr<=hurdle,84,False,-0.22155424814438446,-0.014033196488890079,-0.004034223148482823,-0.10155424814438448,0.22155424814438446,0.9696,0.81504,1.0,0.81504,False,
MNST,Monster Beverage Corporation,Consumer Defensive,Beverages - Non-Alcoholic,research_queue,step7_risk_adjusted_ranking,robust_return<=0; median_irr<=hurdle,115,False,-0.2620283001381904,-0.051660142953915036,-0.042970166914164984,-0.1420283001381904,0.2620283001381904,0.9638,0.8507,1.0,0.8507,False,
DDOG,"Datadog, Inc.",Technology,Software - Application,normalization_rejected,step4_normalized_model,no_normalized_earnings,,,,,,,,,,,,,
CSX,CSX Corporation,Industrials,Railroads,research_queue,step7_risk_adjusted_ranking,robust_return<=0; median_irr<=hurdle,209,False,-0.3905443356418983,-0.20197499966307078,-0.2053779276728164,-0.2705443356418983,0.3905443356418983,0.7599,0.6178680000000001,1.0,0.6178680000000001,False,
MELI,"MercadoLibre, Inc.",Consumer Cyclical,Specialty Retail,hard_filter_rejected,step2_hard_filters,adr_excluded,,,,,,,,,,,,,
ABNB,"Airbnb, Inc.",Consumer Cyclical,Travel Services,watchlist,step6_scenario_valuation,roic_not_meaningful:meaningless_capital,,,,,,,,,0.3602,0.95,,,
ADBE,Adobe Inc.,Technology,Software - Application,research_queue,step7_risk_adjusted_ranking,robust_return<=0,17,False,-0.03817327610025771,0.14720665136410394,0.15768238426535397,0.05227393721579578,0.06772606278420422,0.9778,0.78426,1.0,0.78426,False,
CEG,Constellation Energy Corporation,Utilities,Renewable Utilities,hard_filter_rejected,step2_hard_filters,earnings_cash_mismatch,,,,,,,,,,,,,
CME,CME Group Inc.,Financial Services,Financial - Data & Stock Exchanges,watchlist,step2_model_routing,financial_sector_model_not_supported,,,,,,,,,,,,,
CMCSA,Comcast Corporation,Communication Services,Telecommunications Services,eligible,step7_risk_adjusted_ranking,eligible,9,True,0.02970226474420366,0.18892252802033915,0.18433135792147373,0.14855256511364134,0.0,0.7638,0.54318519,0.85,0.4617074115,False,
SNPS,"Synopsys, Inc.",Technology,Software - Infrastructure,hard_filter_rejected,step2_hard_filters,excessive_leverage,,,,,,,,,,,,,
DASH,"DoorDash, Inc.",Communication Services,Internet Content & Information,normalization_rejected,step4_normalized_model,no_normalized_earnings,,,,,,,,,,,,,
HONA,Honeywell Aerospace Inc,Industrials,Aerospace & Defense,hard_filter_rejected,step2_hard_filters,security_type;listing_age,,,,,,,,,,,,,
MDLZ,"Mondelez International, Inc.",Consumer Defensive,Food Confectioners,research_queue,step7_risk_adjusted_ranking,robust_return<=0; median_irr<=hurdle,130,False,-0.2742298629763536,-0.06631469025160185,-0.06561946130823343,-0.1542298629763536,0.2742298629763536,0.5866,0.5614758000000001,1.0,0.5614758000000001,False,
AEP,"American Electric Power Company, Inc.",Utilities,Regulated Electric,research_queue,step7_risk_adjusted_ranking,robust_return<=0; median_irr<=hurdle,315,False,-1.0699999999999998,-0.4078089289134368,-0.2850458154949592,-0.95,1.0699999999999998,0.4842,0.63936,1.0,0.63936,True,bear
INTU,Intuit Inc.,Technology,Software - Application,research_queue,step7_risk_adjusted_ranking,robust_return<=0,26,False,-0.10117890222224332,0.1119593630130112,0.12395312025037131,0.015533682977547897,0.1044663170224521,0.9482,0.8316,1.0,0.8316,False,
ORLY,"O'Reilly Automotive, Inc.",Consumer Cyclical,Specialty Retail,research_queue,step7_risk_adjusted_ranking,robust_return<=0; median_irr<=hurdle,85,False,-0.22169603570247998,0.0034669207976549127,0.016668296989519174,-0.10169603570247998,0.22169603570247998,0.9852,0.9176,1.0,0.9176,False,
HON,Honeywell International Inc.,Industrials,Conglomerates,watchlist,step2_material_event_gate,material_event_requires_reunderwriting,,,,,,,,,,,,,
CTAS,Cintas Corporation,Industrials,Specialty Business Services,research_queue,step7_risk_adjusted_ranking,robust_return<=0; median_irr<=hurdle,178,False,-0.33266977293416855,-0.1277419160302088,-0.11900661743711677,-0.21266977293416855,0.33266977293416855,0.9597,0.8673,1.0,0.8673,False,
ALAB,"Astera Labs, Inc. Common Stock",Technology,Semiconductors,hard_filter_rejected,step2_hard_filters,listing_age,,,,,,,,,,,,,
NXPI,NXP Semiconductors N.V.,Technology,Semiconductors,hard_filter_rejected,step2_hard_filters,adr_excluded,,,,,,,,,,,,,
ROST,"Ross Stores, Inc.",Consumer Cyclical,Apparel - Retail,research_queue,step7_risk_adjusted_ranking,robust_return<=0; median_irr<=hurdle,164,False,-0.3126220549270511,-0.08010595464365905,-0.07347592507139777,-0.1926220549270511,0.3126220549270511,0.9243,0.5573,1.0,0.5573,False,
REGN,"Regeneron Pharmaceuticals, Inc.",Healthcare,Biotechnology,research_queue,step7_risk_adjusted_ranking,robust_return<=0; median_irr<=hurdle,42,False,-0.14688033109006934,0.0936034247528369,0.08901099665527001,-0.026880331090069345,0.14688033109006934,0.7719,0.37260000000000004,1.0,0.37260000000000004,False,
WBD,"Warner Bros. Discovery, Inc.",Communication Services,Entertainment,hard_filter_rejected,step2_hard_filters,interest_coverage;severe_dilution,,,,,,,,,,,,,
MPWR,"Monolithic Power Systems, Inc.",Technology,Semiconductors,research_queue,step7_risk_adjusted_ranking,robust_return<=0; median_irr<=hurdle,231,False,-0.42360323607164896,-0.23354039524274411,-0.22622885102609866,-0.30360323607164896,0.42360323607164896,0.9457,0.58518,1.0,0.58518,False,
PCAR,PACCAR Inc,Industrials,Industrial - Machinery,research_queue,step7_risk_adjusted_ranking,robust_return<=0; median_irr<=hurdle,220,False,-0.41082249144266825,-0.12464510118807083,-0.10606061419821342,-0.29082249144266825,0.41082249144266825,0.6287,0.43776,1.0,0.43776,False,
RKLB,"Rocket Lab USA, Inc.",Industrials,Aerospace & Defense,hard_filter_rejected,step2_hard_filters,consecutive_losses;persistent_negative_fcf,,,,,,,,,,,,,
TER,"Teradyne, Inc.",Technology,Semiconductors,research_queue,step7_risk_adjusted_ranking,robust_return<=0; median_irr<=hurdle,248,False,-0.4548704222429659,-0.27720590302342313,-0.2752786971352179,-0.3348704222429659,0.4548704222429659,0.9442,0.45402120000000007,1.0,0.45402120000000007,False,
LITE,Lumentum Holdings Inc.,Technology,Communication Equipment,hard_filter_rejected,step2_hard_filters,interest_coverage;excessive_leverage,,,,,,,,,,,,,
FAST,Fastenal Company,Industrials,Industrial - Distribution,research_queue,step7_risk_adjusted_ranking,robust_return<=0; median_irr<=hurdle,140,False,-0.28801884698215874,-0.0900920943560777,-0.07997203422710297,-0.16801884698215871,0.28801884698215874,0.995,0.9179,1.0,0.9179,False,
BKR,Baker Hughes Company,Energy,Oil & Gas Equipment & Services,research_queue,step7_risk_adjusted_ranking,robust_return<=0; median_irr<=hurdle,255,False,-0.46456772929988793,-0.15438639944477467,-0.1346257644705474,-0.34456772929988794,0.46456772929988793,0.3658,0.6027,0.85,0.512295,False,
NBIS,Nebius Group N.V.,Communication Services,Internet Content & Information,hard_filter_rejected,step2_hard_filters,adr_excluded;listing_age,,,,,,,,,,,,,
EA,Electronic Arts Inc.,Technology,Electronic Gaming & Multimedia,research_queue,step7_risk_adjusted_ranking,robust_return<=0; median_irr<=hurdle,138,False,-0.2820673633151454,-0.06511300886122623,-0.05534751331433651,-0.16206736331514543,0.2820673633151454,0.8562,0.7673,0.95,0.728935,False,
XEL,Xcel Energy Inc.,Utilities,Regulated Electric,research_queue,step7_risk_adjusted_ranking,robust_return<=0; median_irr<=hurdle,319,False,-1.0699999999999998,-0.5428410021937452,-0.49547950871638013,-0.95,1.0699999999999998,0.506,0.67374,0.85,0.5726789999999999,True,bear
EBAY,eBay Inc.,Consumer Cyclical,Specialty Retail,research_queue,step7_risk_adjusted_ranking,robust_return<=0; median_irr<=hurdle,112,False,-0.2583941698702983,-0.0373543445472023,-0.028314134903484924,-0.1383941698702983,0.2583941698702983,0.9509,0.6684300000000001,1.0,0.6684300000000001,False,
FLEX,Flex Ltd.,Technology,"Hardware, Equipment & Parts",hard_filter_rejected,step2_hard_filters,adr_excluded,,,,,,,,,,,,,
EXC,Exelon Corporation,Utilities,Regulated Electric,hard_filter_rejected,step2_hard_filters,persistent_negative_fcf,,,,,,,,,,,,,
FER,Ferrovial SE,Industrials,Engineering & Construction,hard_filter_rejected,step2_hard_filters,adr_excluded,,,,,,,,,,,,,
FANG,"Diamondback Energy, Inc.",Energy,Oil & Gas Exploration & Production,hard_filter_rejected,step2_hard_filters,severe_dilution,,,,,,,,,,,,,
AXON,"Axon Enterprise, Inc.",Industrials,Aerospace & Defense,hard_filter_rejected,step2_hard_filters,interest_coverage;excessive_leverage;severe_dilution,,,,,,,,,,,,,
NDAQ,"Nasdaq, Inc.",Financial Services,Financial - Data & Stock Exchanges,watchlist,step2_model_routing,financial_sector_model_not_supported,,,,,,,,,,,,,
TTWO,"Take-Two Interactive Software, Inc.",Technology,Electronic Gaming & Multimedia,hard_filter_rejected,step2_hard_filters,consecutive_losses;interest_coverage,,,,,,,,,,,,,
CCEP,Coca-Cola Europacific Partners PLC,Consumer Defensive,Beverages - Non-Alcoholic,hard_filter_rejected,step2_hard_filters,adr_excluded,,,,,,,,,,,,,
MCHP,Microchip Technology Incorporated,Technology,Semiconductors,research_queue,step7_risk_adjusted_ranking,robust_return<=0; median_irr<=hurdle,321,False,-1.0699999999999998,-0.6045941021264297,-0.5813698816666146,-0.95,1.0699999999999998,0.3807,0.3852,1.0,0.3852,True,bear
KDP,Keurig Dr Pepper Inc.,Consumer Defensive,Beverages - Non-Alcoholic,research_queue,step7_risk_adjusted_ranking,robust_return<=0,69,False,-0.1971550396765254,0.12529722930048598,0.15002887449227276,-0.0916381580289453,0.2116381580289453,0.5562,0.4823064,1.0,0.4823064,False,
ODFL,"Old Dominion Freight Line, Inc.",Industrials,Trucking,research_queue,step7_risk_adjusted_ranking,robust_return<=0; median_irr<=hurdle,201,False,-0.372201004960807,-0.21221088569291163,-0.21353847487480374,-0.252201004960807,0.372201004960807,0.9405,0.64476,1.0,0.64476,False,
CRWV,"CoreWeave, Inc. Class A Common Stock",Technology,Software - Infrastructure,hard_filter_rejected,step2_hard_filters,listing_age,,,,,,,,,,,,,
IDXX,"IDEXX Laboratories, Inc.",Healthcare,Medical - Diagnostics & Research,research_queue,step7_risk_adjusted_ranking,robust_return<=0; median_irr<=hurdle,198,False,-0.3672614081038045,-0.18922503877820412,-0.18573067525794612,-0.2472614081038045,0.3672614081038045,0.9662,0.8727,1.0,0.8727,False,
ADSK,"Autodesk, Inc.",Technology,Software - Application,research_queue,step7_risk_adjusted_ranking,robust_return<=0; median_irr<=hurdle,168,False,-0.3166322809486883,-0.0795217158309242,-0.06910122995614071,-0.1966322809486883,0.3166322809486883,0.8164,0.66276,1.0,0.66276,False,
COIN,"Coinbase Global, Inc.",Financial Services,Financial - Data & Stock Exchanges,watchlist,step2_model_routing,financial_sector_model_not_supported,,,,,,,,,,,,,
UAL,"United Airlines Holdings, Inc.",Industrials,"Airlines, Airports & Air Services",research_queue,step7_risk_adjusted_ranking,robust_return<=0,291,False,-1.0611731799917912,-0.017645033868029764,0.1412951025529765,-0.95,1.0699999999999998,0.5122,0.4145,1.0,0.4145,True,bear
ALNY,"Alnylam Pharmaceuticals, Inc.",Healthcare,Biotechnology,watchlist,step2_model_routing,preprofit_biotech_not_supported,,,,,,,,,,,,,
PYPL,"PayPal Holdings, Inc.",Financial Services,Financial - Credit Services,watchlist,step2_model_routing,consumer_finance_model_not_supported,,,,,,,,,,,,,
TRI,Thomson Reuters Corporation,Industrials,Specialty Business Services,hard_filter_rejected,step2_hard_filters,adr_excluded,,,,,,,,,,,,,
KMB,Kimberly-Clark Corporation,Consumer Defensive,Household & Personal Products,research_queue,step7_risk_adjusted_ranking,robust_return<=0; median_irr<=hurdle,104,False,-0.24914048102684316,0.0058176141727017475,0.022557907970622203,-0.12914048102684317,0.24914048102684316,0.9442,0.8323,1.0,0.8323,False,
PAYX,"Paychex, Inc.",Industrials,Staffing & Employment Services,research_queue,step7_risk_adjusted_ranking,robust_return<=0; median_irr<=hurdle,46,False,-0.16169095166143957,0.039964343627798396,0.04943924655090088,-0.04169095166143958,0.16169095166143957,0.9848,0.893,1.0,0.893,False,
ROP,"Roper Technologies, Inc.",Technology,Software - Application,research_queue,step7_risk_adjusted_ranking,robust_return<=0; median_irr<=hurdle,173,False,-0.3258964581694454,-0.1067954825444758,-0.09460521352302745,-0.2058964581694454,0.3258964581694454,0.5733,0.71163,1.0,0.71163,False,
HBAN,Huntington Bancshares Incorporated,Financial Services,Banks - Regional,research_queue,step7_risk_adjusted_ranking,robust_return<=0; median_irr<=hurdle,118,False,-0.26589364871786636,-0.02627777644543766,-0.005890521039476737,-0.14589364871786636,0.26589364871786636,0.4681539396877593,0.6,0.8,0.48,False,
ACGL,Arch Capital Group Ltd.,Financial Services,Insurance - Diversified,hard_filter_rejected,step2_hard_filters,adr_excluded,,,,,,,,,,,,,
ON,ON Semiconductor Corporation,Technology,Semiconductors,research_queue,step7_risk_adjusted_ranking,robust_return<=0; median_irr<=hurdle,272,False,-0.5322567255166359,-0.29432930411567215,-0.2901475934428163,-0.4122567255166359,0.5322567255166359,0.4362,0.417312,1.0,0.417312,False,
WDAY,"Workday, Inc.",Technology,Software - Application,normalization_rejected,step4_normalized_model,no_normalized_earnings,,,,,,,,,,,,,
BIIB,Biogen Inc.,Healthcare,Drug Manufacturers - General,research_queue,step7_risk_adjusted_ranking,robust_return<=0; median_irr<=hurdle,82,False,-0.21967679615365338,0.016220439878816276,0.03636305116233419,-0.09967679615365338,0.21967679615365338,0.6394,0.545535,1.0,0.545535,False,
STLD,"Steel Dynamics, Inc.",Basic Materials,Steel,watchlist,step6_scenario_valuation,insufficient_post_valuation_model_confidence,,,,-0.08945243027919786,-0.07962772153114198,-0.3020056156907231,0.4220056156907231,0.6156,0.29196450000000007,1.0,0.29196450000000007,False,
MRNA,"Moderna, Inc.",Healthcare,Biotechnology,watchlist,step2_model_routing,preprofit_biotech_not_supported,,,,,,,,,,,,,
EXPE,"Expedia Group, Inc.",Consumer Cyclical,Travel Services,watchlist,step6_scenario_valuation,roic_not_meaningful:meaningless_capital,,,,,,,,,0.3969,0.85,,,
NTAP,"NetApp, Inc.",Technology,Computer Hardware,research_queue,step7_risk_adjusted_ranking,robust_return<=0; median_irr<=hurdle,137,False,-0.28156673076620786,-0.07127982012825668,-0.06424903403967618,-0.16156673076620787,0.28156673076620786,0.7371,0.7137,1.0,0.7137,False,
KHC,The Kraft Heinz Company,Consumer Defensive,Packaged Foods,hard_filter_rejected,step2_hard_filters,interest_coverage;negative_ebitda_with_debt,,,,,,,,,,,,,
MSTR,Strategy Inc,Technology,Software - Application,hard_filter_rejected,step2_hard_filters,persistent_negative_fcf;interest_coverage;negative_ebitda_with_debt;severe_dilution;earnings_cash_mismatch,,,,,,,,,,,,,
GEHC,GE HealthCare Technologies Inc.,Healthcare,Medical - Healthcare Information Services,research_queue,step7_risk_adjusted_ranking,robust_return<=0; median_irr<=hurdle,73,False,-0.20148823793744663,0.015521710831671979,0.026049748249352002,-0.08148823793744665,0.20148823793744663,0.65,0.8666,0.95,0.82327,False,
CINF,Cincinnati Financial Corporation,Financial Services,Insurance - Property & Casualty,research_queue,step7_risk_adjusted_ranking,robust_return<=0; median_irr<=hurdle,147,False,-0.2956724147132006,0.027943418465470132,0.06377591412832628,-0.1756724147132006,0.2956724147132006,0.27941415420152016,0.6,0.8,0.48,False,
CASY,"Casey's General Stores, Inc.",Consumer Cyclical,Specialty Retail,research_queue,step7_risk_adjusted_ranking,robust_return<=0; median_irr<=hurdle,224,False,-0.41961323281459045,-0.16587137321512274,-0.15292460476048292,-0.29961323281459046,0.41961323281459045,0.7849,0.6227,0.95,0.591565,False,
SATS,EchoStar Corporation,Communication Services,Telecommunications Services,hard_filter_rejected,step2_hard_filters,consecutive_losses;interest_coverage;excessive_leverage;severe_dilution,,,,,,,,,,,,,
FISV,"Fiserv, Inc.",Technology,Information Technology Services,research_queue,step7_risk_adjusted_ranking,robust_return<=0,148,False,-0.29755568720710635,0.22082318798638872,0.29842070660088205,-0.24326928239315743,0.3632692823931574,0.6667,0.368307,1.0,0.368307,False,
CPRT,"Copart, Inc.",Industrials,Specialty Business Services,research_queue,step7_risk_adjusted_ranking,robust_return<=0; median_irr<=hurdle,38,False,-0.1418035847181454,0.04892263408401053,0.055682633910328176,-0.021803584718145398,0.1418035847181454,0.978,0.8392,0.95,0.79724,False,
DXCM,"DexCom, Inc.",Healthcare,Medical - Devices,research_queue,step7_risk_adjusted_ranking,robust_return<=0; median_irr<=hurdle,203,False,-0.37544132028007876,-0.10995308985002336,-0.09967220352846196,-0.25544132028007877,0.37544132028007876,0.7084,0.59121,1.0,0.59121,False,
WTW,Willis Towers Watson Public Limited Company,Financial Services,Insurance - Brokers,hard_filter_rejected,step2_hard_filters,adr_excluded,,,,,,,,,,,,,
JBHT,"J.B. Hunt Transport Services, Inc.",Industrials,Integrated Freight & Logistics,research_queue,step7_risk_adjusted_ranking,robust_return<=0; median_irr<=hurdle,226,False,-0.4210160339181311,-0.24060772791126503,-0.24356387458974488,-0.3010160339181311,0.4210160339181311,0.7772,0.56133,1.0,0.56133,False,
TROW,"T. Rowe Price Group, Inc.",Financial Services,Asset Management,watchlist,step2_model_routing,asset_management_model_not_supported,,,,,,,,,,,,,
FOXA,Fox Corporation,Communication Services,Entertainment,eligible,step7_risk_adjusted_ranking,eligible,2,True,0.12831436818894038,0.28794399957405403,0.31076018144376577,0.11767130412627014,0.002328695873729858,0.901,0.6848550000000001,1.0,0.6848550000000001,False,
VRSK,"Verisk Analytics, Inc.",Technology,Software - Services,research_queue,step7_risk_adjusted_ranking,robust_return<=0; median_irr<=hurdle,144,False,-0.29416235513228456,-0.03469164289635954,-0.020027287933044105,-0.17416235513228456,0.29416235513228456,0.943,0.7063200000000001,1.0,0.7063200000000001,False,
FSLR,"First Solar, Inc.",Energy,Solar,research_queue,step7_risk_adjusted_ranking,robust_return<=0; median_irr<=hurdle,213,False,-0.3965965066835634,-0.10572269644435435,-0.09723091432824726,-0.2765965066835634,0.3965965066835634,0.3815,0.4752,1.0,0.4752,False,
PFG,"Principal Financial Group, Inc.",Financial Services,Asset Management,watchlist,step2_model_routing,asset_management_model_not_supported,,,,,,,,,,,,,
DLTR,"Dollar Tree, Inc.",Consumer Defensive,Discount Stores,research_queue,step7_risk_adjusted_ranking,robust_return<=0; median_irr<=hurdle,290,False,-0.824481009475421,-0.20073598275921534,-0.09441096415976058,-0.704481009475421,0.824481009475421,0.66,0.48924,1.0,0.48924,False,
INCY,Incyte Corporation,Healthcare,Biotechnology,research_queue,step7_risk_adjusted_ranking,robust_return<=0; median_irr<=hurdle,87,False,-0.2249899459583684,0.02849258887290492,0.03663446799619126,-0.10498994595836841,0.2249899459583684,0.813,0.66411,1.0,0.66411,False,
VRSN,"VeriSign, Inc.",Technology,Software - Infrastructure,watchlist,step6_scenario_valuation,roic_not_meaningful:meaningless_capital,,,,,,,,,0.8512,1.0,,,
FFIV,"F5, Inc.",Technology,Software - Infrastructure,research_queue,step7_risk_adjusted_ranking,robust_return<=0; median_irr<=hurdle,151,False,-0.3013217387185432,-0.10165307988536365,-0.09445113469118946,-0.18132173871854318,0.3013217387185432,0.9286,0.7338600000000001,0.95,0.697167,False,
CHRW,"C.H. Robinson Worldwide, Inc.",Industrials,Integrated Freight & Logistics,research_queue,step7_risk_adjusted_ranking,robust_return<=0; median_irr<=hurdle,225,False,-0.42083998523186883,-0.17032045064406698,-0.15994025099207645,-0.30083998523186883,0.42083998523186883,0.8869,0.5706,1.0,0.5706,False,
FOX,Fox Corporation,Communication Services,Entertainment,hard_filter_rejected,step2_hard_filters,duplicate_share_class,,,,,,,,,,,,,
EXE,Expand Energy Corporation,Energy,Oil & Gas Exploration & Production,hard_filter_rejected,step2_hard_filters,severe_dilution,,,,,,,,,,,,,
EVRG,"Evergy, Inc.",Utilities,Regulated Electric,hard_filter_rejected,step2_hard_filters,persistent_negative_fcf,,,,,,,,,,,,,
LNT,Alliant Energy Corporation,Utilities,Regulated Electric,hard_filter_rejected,step2_hard_filters,persistent_negative_fcf;excessive_leverage,,,,,,,,,,,,,
CTSH,Cognizant Technology Solutions Corporation,Technology,Information Technology Services,eligible,step7_risk_adjusted_ranking,eligible,3,True,0.11643434683551647,0.24386668883380486,0.2534032388124616,0.15112320713233204,0.0,0.8706,0.8728,1.0,0.8728,False,
ULTA,"Ulta Beauty, Inc.",Consumer Cyclical,Specialty Retail,research_queue,step7_risk_adjusted_ranking,robust_return<=0; median_irr<=hurdle,56,False,-0.1750697060243692,0.07971545438958857,0.09065624418726657,-0.05506970602436919,0.1750697060243692,0.9296,0.5637599999999999,1.0,0.5637599999999999,False,
SBAC,SBA Communications Corporation,Real Estate,REIT - Specialty,watchlist,step6_scenario_valuation,specialist_missing_book_or_price,,,,,,,,,,,,,
VTRS,Viatris Inc.,Healthcare,Drug Manufacturers - Specialty & Generic,hard_filter_rejected,step2_hard_filters,interest_coverage;excessive_leverage,,,,,,,,,,,,,
CHTR,"Charter Communications, Inc.",Communication Services,Telecommunications Services,watchlist,step2_material_event_gate,material_event_requires_reunderwriting,,,,,,,,,,,,,
SMCI,"Super Micro Computer, Inc.",Technology,Computer Hardware,watchlist,step2_material_event_gate,material_event_requires_reunderwriting,,,,,,,,,,,,,
CDW,CDW Corporation,Technology,Information Technology Services,research_queue,step7_risk_adjusted_ranking,robust_return<=0; median_irr<=hurdle,79,False,-0.21570085495652158,0.05714369774286755,0.07632949323742652,-0.0957008549565216,0.21570085495652158,0.8474,0.7953,1.0,0.7953,False,
TSCO,Tractor Supply Company,Consumer Cyclical,Specialty Retail,research_queue,step7_risk_adjusted_ranking,robust_return<=0; median_irr<=hurdle,54,False,-0.17252473263535645,0.01782407011487524,0.0232381330104545,-0.05252473263535646,0.17252473263535645,0.842,0.656586,1.0,0.656586,False,
NWS,News Corporation,Communication Services,Entertainment,hard_filter_rejected,step2_hard_filters,duplicate_share_class,,,,,,,,,,,,,
AKAM,"Akamai Technologies, Inc.",Technology,Software - Infrastructure,research_queue,step7_risk_adjusted_ranking,robust_return<=0; median_irr<=hurdle,197,False,-0.36439355364011133,-0.12834128323811456,-0.11121466523909475,-0.24439355364011134,0.36439355364011133,0.6961,0.673029,1.0,0.673029,False,
NDSN,Nordson Corporation,Industrials,Industrial - Machinery,research_queue,step7_risk_adjusted_ranking,robust_return<=0; median_irr<=hurdle,188,False,-0.3434577998839085,-0.16131473396198995,-0.15698376672662556,-0.22345779988390851,0.3434577998839085,0.7634,0.73809,1.0,0.73809,False,
GEN,Gen Digital Inc.,Technology,Software - Infrastructure,research_queue,step7_risk_adjusted_ranking,robust_return<=0; median_irr<=hurdle,211,False,-0.39440445960965,-0.014292776701040517,0.02241443728562447,-0.27440445960965,0.39440445960965,0.6418,0.41184000000000004,1.0,0.41184000000000004,False,
HST,"Host Hotels & Resorts, Inc.",Real Estate,REIT - Hotel & Motel,research_queue,step7_risk_adjusted_ranking,robust_return<=0,21,False,-0.05911634050707957,0.11869777968020234,0.14139184889995593,0.05061557202094158,0.06938442797905842,0.6607624181748171,0.6,0.8,0.48,False,
NWSA,News Corporation,Communication Services,Entertainment,research_queue,step7_risk_adjusted_ranking,robust_return<=0; median_irr<=hurdle,243,False,-0.4399262788984924,-0.17814489696174857,-0.1605489038163796,-0.3199262788984924,0.4399262788984924,0.2107,0.4968000000000001,0.7,0.34776,False,
REG,Regency Centers Corporation,Real Estate,REIT - Retail,research_queue,step7_risk_adjusted_ranking,robust_return<=0,29,False,-0.1198736960119762,0.09144053462070759,0.12223644225984387,-0.0009471882967012624,0.12094718829670126,0.5591397849462364,0.6,0.8,0.48,False,
COO,"The Cooper Companies, Inc.",Healthcare,Medical - Instruments & Supplies,research_queue,step7_risk_adjusted_ranking,robust_return<=0; median_irr<=hurdle,233,False,-0.4264666221442166,-0.1727391440115752,-0.15603295413893645,-0.3064666221442166,0.4264666221442166,0.2599,0.62811,1.0,0.62811,False,
PTC,PTC Inc.,Technology,Software - Application,research_queue,step7_risk_adjusted_ranking,robust_return<=0; median_irr<=hurdle,183,False,-0.33784101704251945,-0.06229984224191864,-0.046244936366565494,-0.21784101704251949,0.33784101704251945,0.6298,0.6763,1.0,0.6763,False,
LULU,Lululemon Athletica Inc.,Consumer Cyclical,Apparel - Retail,hard_filter_rejected,step2_hard_filters,adr_excluded,,,,,,,,,,,,,
ALGN,"Align Technology, Inc.",Healthcare,Medical - Devices,research_queue,step7_risk_adjusted_ranking,robust_return<=0; median_irr<=hurdle,154,False,-0.30326591719524,-0.1255449369840789,-0.13022298782016142,-0.18326591719524,0.30326591719524,0.7146,0.42857100000000004,0.7999999999999999,0.3428568,False,
ZBRA,Zebra Technologies Corporation,Technology,Communication Equipment,research_queue,step7_risk_adjusted_ranking,robust_return<=0; median_irr<=hurdle,249,False,-0.4569841833962709,-0.21149807589063127,-0.20598551381845026,-0.3369841833962709,0.4569841833962709,0.5296,0.524151,1.0,0.524151,False,
TRMB,Trimble Inc.,Technology,"Hardware, Equipment & Parts",research_queue,step7_risk_adjusted_ranking,robust_return<=0; median_irr<=hurdle,257,False,-0.4666623173677363,-0.22515957477444315,-0.2029001983115449,-0.3466623173677363,0.4666623173677363,0.2532,0.6400800000000001,1.0,0.6400800000000001,False,
CSGP,"CoStar Group, Inc.",Real Estate,Real Estate - Services,watchlist,step6_scenario_valuation,roic_not_meaningful:meaningless_capital,,,,,,,,,0.7122,1.0,,,
ERIE,Erie Indemnity Company,Financial Services,Insurance - Property & Casualty,research_queue,step7_risk_adjusted_ranking,robust_return<=0; median_irr<=hurdle,110,False,-0.2557886783889418,-0.052583282583849617,-0.039160516309119986,-0.13578867838894182,0.2557886783889418,0.5886342816859955,0.6,0.8,0.48,False,
APA,APA Corporation,Energy,Oil & Gas Exploration & Production,research_queue,step7_risk_adjusted_ranking,robust_return<=0,18,False,-0.046862207145560254,0.24473885662155231,0.2523830928839744,0.02648188704624775,0.09351811295375224,0.7238,0.352431,1.0,0.352431,False,
PODD,Insulet Corp.,Healthcare,Medical - Devices,research_queue,step7_risk_adjusted_ranking,robust_return<=0; median_irr<=hurdle,221,False,-0.4118626592319925,-0.13511353750582203,-0.11721982643648513,-0.2918626592319925,0.4118626592319925,0.5091,0.6942,1.0,0.6942,False,
HAS,"Hasbro, Inc.",Consumer Cyclical,Leisure,research_queue,step7_risk_adjusted_ranking,robust_return<=0; median_irr<=hurdle,300,False,-1.0699999999999998,-0.19534832196368368,-0.028084457968361648,-0.95,1.0699999999999998,0.7,0.52002,0.85,0.442017,True,bear
PSKY,Paramount Skydance Corporation Class B Common Stock,Communication Services,Entertainment,hard_filter_rejected,step2_hard_filters,insufficient_financial_history,,,,,,,,,,,,,
TECH,Bio-Techne Corporation,Healthcare,Biotechnology,research_queue,step7_risk_adjusted_ranking,robust_return<=0; median_irr<=hurdle,250,False,-0.4598989887209609,-0.27526604689628587,-0.2755630103580189,-0.3398989887209609,0.4598989887209609,0.5567,0.5386500000000001,1.0,0.5386500000000001,False,
JKHY,"Jack Henry & Associates, Inc.",Technology,Information Technology Services,research_queue,step7_risk_adjusted_ranking,robust_return<=0; median_irr<=hurdle,55,False,-0.17307430087123063,0.03282725872559243,0.04334748656838204,-0.05307430087123064,0.17307430087123063,0.9852,0.9253,1.0,0.9253,False,
DPZ,"Domino's Pizza, Inc.",Consumer Cyclical,Restaurants,research_queue,step7_risk_adjusted_ranking,robust_return<=0; median_irr<=hurdle,94,False,-0.2302601839258568,0.04291161791625202,0.06671163751452697,-0.11026018392585679,0.2302601839258568,0.9859,0.8114399999999999,1.0,0.8114399999999999,False,
WYNN,"Wynn Resorts, Limited",Consumer Cyclical,"Gambling, Resorts & Casinos",hard_filter_rejected,step2_hard_filters,interest_coverage,,,,,,,,,,,,,
HSIC,"Henry Schein, Inc.",Healthcare,Medical - Distribution,research_queue,step7_risk_adjusted_ranking,robust_return<=0; median_irr<=hurdle,208,False,-0.38697856141254305,-0.15155235046986484,-0.1489040291053242,-0.26697856141254306,0.38697856141254305,0.7233,0.5078943,1.0,0.5078943,False,
SWKS,"Skyworks Solutions, Inc.",Technology,Semiconductors,research_queue,step7_risk_adjusted_ranking,robust_return<=0; median_irr<=hurdle,65,False,-0.19281247257487844,0.061725899850716845,0.08662450257688763,-0.07281247257487845,0.19281247257487844,0.6714,0.44172,1.0,0.44172,False,
TTD,"The Trade Desk, Inc.",Communication Services,Advertising Agencies,eligible,step7_risk_adjusted_ranking,eligible,7,True,0.059168292254638,0.242271580779925,0.27161832181736834,0.07106442879885437,0.048935571201145625,0.9118,0.713,1.0,0.713,False,
