rank,ticker,price,expected_irr,median_irr,p10_irr,p90_irr,above_hurdle_weight,hurdle_rate,permanent_loss_weight,worst_case_shortfall,worst_case_hurdle_gap,expected_shortfall,hurdle_cvar,intrinsic_value_low,intrinsic_value_base,intrinsic_value_high,intrinsic_value_bear,intrinsic_value_bull,scenario_order_inversion,scenario_order_note,upside_to_base,model_confidence,data_confidence,model_uncertainty,business_quality,valuation_excess,evidence_confidence,valuation_status,invalid_reason,invalid_fields,assumption_flags,valuation_alerts,requires_manual_review,roic_status,catastrophic_tail_floor_applied,catastrophic_tail_scenarios,name,sector,industry,model_family,market_cap,financial_persistence_score,roic,incremental_roic,wacc,roic_minus_wacc,normalized_operating_margin,current_operating_margin,revenue_cagr,net_debt_to_ebitda,sbc_intensity,net_share_change_cagr,risk_flags,years_of_data,latest_fiscal_year,anchor_source,latest_filing_date,price_as_of,is_price_fresh,shares_outstanding,beta,specialist_model_note,downside_penalty,ambiguity_penalty,permanent_loss_penalty,hurdle_penalty,robust_return,ineligible_reasons,eligible
31,CI,282.52,0.31072816489977423,0.3473159064538778,-0.09884677230438678,0.6471276189957281,0.75,0.12,0.25,0.09884677230438678,0.21884677230438676,0.09884677230438678,0.21884677230438676,132.06889375467352,873.830107668254,2586.6124262391886,132.06889375467352,2586.6124262391886,False,,2.0929849485638328,0.36506700000000003,1.0,0.39203518565005746,0.7323,0.22731590645387778,0.36506700000000003,valid,,,share_change_floor_hit;reinvestment_cap_hit,intrinsic_3x_price;bull_return_extreme,True,ok,False,,Cigna Corporation,Healthcare,Medical - Healthcare Plans,general_dcf,74653222105.0,0.7323,0.11300800421130497,,0.06585504506509737,0.047152959146207596,0.046214788416645225,0.03456310954664249,0.28071776602947707,2.049022749118872,0.0,-0.05528176607441315,cyclical_revenue,8.0,2025.0,ttm,2026-07-30,2026-09-04,True,,,,0.09884677230438678,0.19601759282502873,0.125,0.21884677230438676,-0.13586123628298896,robust_return<=0,False
15,CF,133.35,0.2670466672847397,0.29347764175035995,0.005238898925017594,0.47599248671322125,0.75,0.12,0.0,0.0,0.1147611010749824,0.0,0.1147611010749824,101.9729606948905,304.4950692967391,617.3559688295082,101.9729606948905,617.3559688295082,False,,1.2834275912766335,0.36486,1.0,0.25443099389410184,0.8943,0.17347764175035996,0.36486,valid,,,share_change_floor_hit;intrinsic_2x_price,,False,ok,False,,"CF Industries Holdings, Inc.",Basic Materials,Agricultural Inputs,general_dcf,20486427150.0,0.8943,0.3503059009230228,0.12291746992958627,0.06957882012294728,0.28072708080007547,0.31057439237664275,0.3811861997674118,0.0693970500262917,0.295205836373111,0.006064690026954178,-0.08995899643941663,cyclical_revenue,8.0,2025.0,ttm,2026-08-06,2026-09-04,True,,,,0.0,0.12721549694705092,0.0,0.1147611010749824,-0.051466048705946066,robust_return<=0,False
21,EOG,145.19,0.23234621324736515,0.25327145042247146,-0.009820121779921438,0.4326620739244391,0.75,0.12,0.0,0.009820121779921438,0.12982012177992144,0.009820121779921438,0.12982012177992144,103.63970635508788,295.7028384088799,604.725459037672,103.63970635508788,604.725459037672,False,,1.0366611916032782,0.41426999999999997,1.0,0.23881299785218027,0.8742,0.13327145042247146,0.41426999999999997,valid,,,reinvestment_cap_hit;intrinsic_2x_price,,False,ok,False,,"EOG Resources, Inc.",Energy,Oil & Gas Exploration & Production,general_dcf,77332404510.0,0.8742,0.2326616405599142,0.11979666979573474,0.07052703327997284,0.16213460727994136,0.3240782636756039,0.3907246896964259,0.03975957813758413,0.23401999733428613,0.00851227649927282,-0.034084377593526116,cyclical_revenue,8.0,2025.0,ttm,2026-08-04,2026-09-04,True,,,,0.009820121779921438,0.11940649892609013,0.0,0.12982012177992144,-0.07460975801340419,robust_return<=0,False
10,UDR,36.38,0.17575079518967623,0.21315909068693073,0.06352590869791275,0.21315909068693073,0.75,0.12,0.0,0.0,0.05647409130208725,0.0,0.05647409130208725,49.49975690427849,95.5985883320412,95.5985883320412,49.49975690427849,95.5985883320412,False,,1.6277786787257065,0.6,0.8,0.09281659099450898,0.5177875297943909,0.09315909068693073,0.48,valid,,,specialist_model_v1,,False,specialist,False,,"UDR, Inc.",Real Estate,REIT - Residential,reit,11687592396.0,,,,,,,,,,,,,,,,,2026-09-04,True,321264221.99010444,0.691,P/AFFO Gordon proxy; no property-level NOI or maintenance-capex detail,0.0,0.04640829549725449,0.0,0.05647409130208725,-0.011757727772360498,robust_return<=0,False
11,VMRK,65.35,0.16642556927775348,0.18432042122891623,0.06615206505209659,0.23090936960108488,0.75,0.12,0.0,0.0,0.05384793494790341,0.0,0.05384793494790341,90.02048617856401,152.26205303101153,184.66133864433917,90.02048617856401,184.66133864433917,False,,1.3299472537262669,0.6,0.8,0.10037865227449413,0.5912207564955752,0.06432042122891624,0.48,valid,,,specialist_model_v1,,False,specialist,False,,Vivmark Residential,Real Estate,REIT - Residential,reit,24502590400.0,,,,,,,,,,,,,,,,,2026-09-04,True,374944000.00000006,0.7466878,P/AFFO Gordon proxy; no property-level NOI or maintenance-capex detail,0.0,0.05018932613724707,0.0,0.05384793494790341,-0.022974132758023617,robust_return<=0,False
252,FISV,53.0,0.16362079922982958,0.26200990565121174,-0.3688046612194739,0.4992680468363687,0.75,0.12,0.25,0.3688046612194739,0.4888046612194739,0.3688046612194739,0.4888046612194739,5.189395567458573,107.31134451778631,247.60080395594875,5.189395567458573,247.60080395594875,False,,1.0247423493921946,0.36126,1.0,0.4531985540279213,0.6104,0.14200990565121174,0.36126,valid,,,forward_roic_cap_hit;share_change_floor_hit;intrinsic_2x_price,,False,ok,False,,"Fiserv, Inc.",Technology,Information Technology Services,general_dcf,28262462000.0,0.6104,0.06724961820968274,1.0079318519076124,0.0797563469353475,-0.012506728725664759,0.2367339951540479,0.21374484807821337,0.20267803207389457,3.5277598032871746,0.01791232388833604,-0.061304866372050126,elevated_leverage;thin_interest_coverage;cyclical_revenue,8.0,2025.0,ttm,2026-08-07,2026-09-04,True,,,,0.3688046612194739,0.22659927701396065,0.125,0.4888046612194739,-0.4375021627039172,robust_return<=0,False
302,CHTR,151.99,0.15779151844035375,0.45641513862647126,-0.95,0.6683357965084724,0.75,0.12,0.25,0.95,1.0699999999999998,0.95,1.0699999999999998,-33.2374237416066,600.4870828417271,1204.2319641497895,-33.2374237416066,1204.2319641497895,False,,2.9508328366453522,0.71496,1.0,0.8177190982542362,0.5543,0.33641513862647127,0.71496,valid,,,share_change_floor_hit,intrinsic_3x_price;bull_return_extreme,True,ok,True,bear,"Charter Communications, Inc.",Communication Services,Telecommunications Services,general_dcf,20484829793.0,0.5543,0.09121231933124772,0.26677679637638607,0.07236100819337238,0.018851311137875346,0.21833216645863085,0.2366901978086624,0.033016031528634304,4.44613393723714,0.012286851425858985,-0.09655052047411605,elevated_leverage;thin_interest_coverage,8.0,2025.0,ttm,2026-07-24,2026-09-04,True,,,,0.95,0.4088595491271181,0.125,1.0699999999999998,-0.8294766324876179,robust_return<=0,False
13,HUM,401.54,0.15749924050032865,0.16297030957503017,0.06299083737249024,0.241065505478764,0.75,0.12,0.0,0.0,0.057009162627509755,0.0,0.057009162627509755,372.93836971086364,583.4877671758106,810.3025016420319,372.93836971086364,810.3025016420319,False,,0.4531248871240987,0.6177870000000001,1.0,0.10050372405313687,0.7611,0.042970309575030174,0.6177870000000001,valid,,,forward_roic_floor_hit;reinvestment_cap_hit,,False,ok,False,,Humana Inc.,Healthcare,Medical - Healthcare Plans,general_dcf,48216923200.0,0.7611,0.16514130525916965,-3.1877500630455566,0.08114177389377936,0.08399953136539029,0.03738824841318843,0.0138798316847315,0.12474239016717803,-3.458138699245419,0.0017570515486669326,-0.016535467597649012,thin_interest_coverage;incremental_roic_below_wacc,8.0,2025.0,ttm,2026-07-29,2026-09-04,True,,,,0.0,0.050251862026568436,0.0,0.057009162627509755,-0.030462663986080586,robust_return<=0,False
14,MO,68.88,0.15431955612730236,0.17275797197362414,0.020613177609629954,0.2511491029523313,0.75,0.12,0.0,0.0,0.09938682239037004,0.0,0.09938682239037004,55.23332897641146,102.61003062039828,138.06783709521122,55.23332897641146,138.06783709521122,False,,0.48969266289776825,0.9241,1.0,0.11754496267135067,0.9791,0.05275797197362414,0.9241,valid,,,,,False,ok,False,,"Altria Group, Inc.",Consumer Defensive,Tobacco,general_dcf,115011964034.0,0.9791,0.46451580310557666,,0.06818589899931955,0.3963299041062571,0.5487126521180992,0.5594677397228954,0.003685641666252071,1.7829332905193866,0.0,-0.025010556925988414,,8.0,2025.0,ttm,2026-07-30,2026-09-04,True,,,,0.0,0.058772481335675336,0.0,0.09938682239037004,-0.050633180489543975,robust_return<=0,False
23,GIS,38.29,0.14945420685398858,0.17026731711812315,-0.0046907654148526205,0.26197295859456066,0.75,0.12,0.0,0.0046907654148526205,0.12469076541485262,0.0046907654148526205,0.12469076541485262,27.149570686612467,57.05079270361752,82.86615137904359,27.149570686612467,82.86615137904359,False,,0.48996585802082837,0.7850699999999999,0.85,0.14427976200470666,0.8056,0.050267317118123156,0.6673094999999999,valid,,,wacc_floor_hit,,False,ok,False,,"General Mills, Inc.",Consumer Defensive,Packaged Foods,general_dcf,20435679282.0,0.8056,0.1098375745945436,,0.065,0.0448375745945436,0.17023929762976736,0.1506192807442224,0.01271362544800514,3.9288352400684623,0.004705797830303901,-0.03070705768587223,elevated_leverage;thin_interest_coverage,8.0,2026.0,annual,2026-07-01,2026-09-04,True,,,,0.0046907654148526205,0.07213988100235333,0.0,0.12469076541485262,-0.09114690716241641,robust_return<=0,False
22,TSN,51.42,0.144157903600717,0.1426811000332237,0.023166802222840517,0.26810261211358005,0.75,0.12,0.0,0.0,0.09683319777715949,0.0,0.09683319777715949,41.52853322519765,72.40862484661686,125.46119693445894,41.52853322519765,125.46119693445894,False,,0.40818017982529864,0.580932,1.0,0.13503994494536978,0.6055,0.02268110003322371,0.580932,valid,,,forward_roic_floor_hit;reinvestment_cap_hit,,False,ok,False,,"Tyson Foods, Inc.",Consumer Defensive,Agricultural Farm Products,general_dcf,18229409093.0,0.6055,0.042512516462013414,-2.0474368084662204,0.0714133314392771,-0.028900814977263684,0.06748815026900128,0.024885984127554134,0.04482396796231858,2.6479591836734695,0.0018368509028122188,-0.012082967464748573,thin_interest_coverage;incremental_roic_below_wacc,8.0,2025.0,ttm,2026-08-03,2026-09-04,True,,,,0.0,0.06751997247268489,0.0,0.09683319777715949,-0.08365702097265877,robust_return<=0,False
18,ZTS,75.81,0.14169691132410664,0.1566371645196341,0.022325452038785464,0.2311878642183729,0.75,0.12,0.0,0.0,0.09767454796121453,0.0,0.09767454796121453,58.72412469620083,100.43716329936798,133.05987436279258,58.72412469620083,133.05987436279258,False,,0.3248537567519849,0.8948,1.0,0.1075872060897937,0.9836,0.03663716451963411,0.8948,valid,,,,,False,ok,False,,Zoetis Inc.,Healthcare,Drug Manufacturers - Specialty & Generic,general_dcf,31781674680.0,0.9836,0.2653944447049959,0.23669392751065474,0.07673210885271203,0.18866233585228387,0.359833772599066,0.36996952821267204,0.0718423707978999,1.8886113886113887,0.007994814174589455,-0.03882233529173096,,8.0,2025.0,ttm,2026-08-06,2026-09-04,True,,,,0.0,0.05379360304489685,0.0,0.09767454796121453,-0.06489161314904593,robust_return<=0,False
17,DECK,85.81,0.13778744084702343,0.1475572165451013,0.03954655948909933,0.21648877080879175,0.75,0.12,0.0,0.0,0.08045344051090067,0.0,0.08045344051090067,67.99086612770698,101.05711366403723,128.65017919191752,67.99086612770698,128.65017919191752,False,,0.17768457830133122,0.74772,1.0,0.09603950565984622,0.9553,0.027557216545101293,0.74772,valid,,,forward_roic_cap_hit,,False,ok,False,,Deckers Outdoor Corporation,Consumer Cyclical,Apparel - Footwear & Accessories,general_dcf,11685777420.0,0.9553,0.8304912468216664,10.7962237500133,0.10392054362775033,0.7265707031939161,0.18901089246657682,0.22667839514090904,0.1529693238163654,-0.8513918245654738,0.008193087508424252,-0.04705755910162279,,8.0,2026.0,ttm,2026-07-30,2026-09-04,True,,,,0.0,0.04801975282992311,0.0,0.08045344051090067,-0.05984835855579753,robust_return<=0,False
117,APA,42.77,0.13107469667156696,0.14658911395817997,-0.155829033406917,0.3869495921768249,0.75,0.12,0.25,0.155829033406917,0.275829033406917,0.155829033406917,0.275829033406917,15.853368795039533,68.2764500641828,183.34061397162705,15.853368795039533,183.34061397162705,False,,0.596363106480776,0.35802,1.0,0.29064871279187093,0.5111,0.026589113958179977,0.35802,valid,,,reinvestment_cap_hit,,False,ok,False,,APA Corporation,Energy,Oil & Gas Exploration & Production,general_dcf,15117911900.000002,0.5111,0.07032522570633926,0.008723172606689075,0.0669487096146999,0.003376516091639359,0.3184182911929025,0.11843297101449275,0.028082479749838907,1.0427791262135921,0.0,0.020593996919940682,thin_interest_coverage;cyclical_revenue;incremental_roic_below_wacc,8.0,2025.0,ttm,2026-08-06,2026-09-04,True,,,,0.155829033406917,0.14532435639593547,0.125,0.275829033406917,-0.2663095988276094,robust_return<=0,False
20,CTSH,62.31,0.12518370838370177,0.1329067511134781,0.03937506633810703,0.19554626496974384,0.75,0.12,0.0,0.0,0.08062493366189297,0.0,0.08062493366189297,51.40470101190871,73.86243438927463,93.77880977566377,51.40470101190871,93.77880977566377,False,,0.18540257405351657,0.8707,1.0,0.0819645993158184,0.8557,0.01290675111347811,0.8707,valid,,,,,False,ok,False,,Cognizant Technology Solutions Corporation,Technology,Information Technology Services,general_dcf,28067178663.0,0.8557,0.16557896623287383,0.1406886596808351,0.08540561179808995,0.08017335443478388,0.14961661544644123,0.15756399593383236,0.03921825270499446,0.2830393487109905,0.008867044993919741,-0.03526910615298384,,8.0,2025.0,ttm,2026-07-29,2026-09-04,True,,,,0.0,0.0409822996579092,0.0,0.08062493366189297,-0.06938702546738758,robust_return<=0,False
19,INVH,28.39,0.12428909547809897,0.15356717481137583,0.036454857478268377,0.15356717481137583,0.75,0.12,0.0,0.0,0.08354514252173162,0.0,0.08354514252173162,33.95606441868699,57.99356948014836,57.99356948014836,33.95606441868699,57.99356948014836,False,,1.0427463712627105,0.6,0.8,0.07655615866655371,0.5855143031040779,0.03356717481137583,0.48,valid,,,specialist_model_v1,,False,specialist,False,,Invitation Homes Inc.,Real Estate,REIT - Residential,reit,16864852380.0,,,,,,,,,,,,,,,,,2026-09-04,True,594042000.0,0.836,P/AFFO Gordon proxy; no property-level NOI or maintenance-capex detail,0.0,0.03827807933327686,0.0,0.08354514252173162,-0.06743289861227122,robust_return<=0,False
12,ELV,407.5,0.12394072624956609,0.1148085824097507,0.09160389339958785,0.17454184677917514,0.25,0.12,0.0,0.0,0.02839610660041214,0.0,0.02839610660041214,442.1385465783108,497.2231168013175,648.742417337895,442.1385465783108,648.742417337895,False,,0.22017942773329446,0.66987,1.0,0.051372876689793644,0.8216,-0.005191417590249298,0.66987,valid,,,forward_roic_floor_hit;reinvestment_cap_hit,,False,ok,False,,Elevance Health Inc.,Healthcare,Medical - Healthcare Plans,general_dcf,88374235675.0,0.8216,0.14191121591929173,-0.055718693137273054,0.07358110982331309,0.06833010609597864,0.05862056864328994,0.03511458732155554,0.11643811436572027,-0.7545189504373178,0.0013860640301318267,-0.0354245980130079,incremental_roic_below_wacc,8.0,2025.0,ttm,2026-07-15,2026-09-04,True,,,,0.0,0.025686438344896822,0.0,0.02839610660041214,-0.02839610660041214,robust_return<=0; median_irr<=hurdle,False
16,HST,22.05,0.11863118249366422,0.14025585651224737,0.053757160437914786,0.14025585651224737,0.75,0.12,0.0,0.0,0.06624283956208521,0.0,0.06624283956208521,28.649120065060572,42.50305542506599,42.50305542506599,28.649120065060572,42.50305542506599,False,,0.9275762097535594,0.6,0.8,0.061249348037166286,0.674048483774766,0.020255856512247372,0.48,valid,,,specialist_model_v1,,False,specialist,False,,"Host Hotels & Resorts, Inc.",Real Estate,REIT - Hotel & Motel,reit,15101581950.0,,,,,,,,,,,,,,,,,2026-09-04,True,684879000.0,1.122,P/AFFO Gordon proxy; no property-level NOI or maintenance-capex detail,0.0,0.030624674018583143,0.0,0.06624283956208521,-0.056520028436206474,robust_return<=0,False
57,LDOS,133.05,0.11853906242031374,0.14626425054739234,-0.08386427222867493,0.2654920208151452,0.75,0.12,0.25,0.08386427222867493,0.20386427222867493,0.08386427222867493,0.20386427222867493,65.22138577884965,180.48637857856582,289.08174064965175,65.22138577884965,289.08174064965175,False,,0.3565304665807276,0.70434,1.0,0.1835479465219101,0.7882,0.026264250547392343,0.70434,valid,,,forward_roic_cap_hit,,False,ok,False,,"Leidos Holdings, Inc.",Technology,Information Technology Services,general_dcf,16735694250.0,0.7882,0.14147188645366313,1.803534724862237,0.06769446070354224,0.07377742575012089,0.08168230208944804,0.11461857774753317,0.07736031877777316,2.5094869799378783,0.005101428399951986,-0.02730904327254713,,8.0,2025.0,ttm,2026-08-04,2026-09-04,True,,,,0.08386427222867493,0.09177397326095504,0.125,0.20386427222867493,-0.18536530999812462,robust_return<=0,False
29,HCA,405.0,0.11307558561820773,0.12921453356393617,-0.007467144369729765,0.20134041971468836,0.75,0.12,0.0,0.007467144369729765,0.12746714436972975,0.007467144369729765,0.12746714436972975,248.35611642534258,457.757462436108,620.6146401255476,248.35611642534258,620.6146401255476,False,,0.13026533934841478,0.81189,1.0,0.11004708204220906,0.9801,0.009214533563936173,0.81189,valid,,,share_change_floor_hit,,False,ok,False,,"HCA Healthcare, Inc.",Healthcare,Medical - Care Facilities,general_dcf,87683108310.0,0.9801,0.23184631638352501,0.20581754978431388,0.08409920884783308,0.14774710753569192,0.1487826149175951,0.15475625857228922,0.07131449251891953,3.0331491712707184,0.0,-0.08894084167192495,elevated_leverage,8.0,2025.0,ttm,2026-07-28,2026-09-04,True,,,,0.007467144369729765,0.05502354102110453,0.0,0.12746714436972975,-0.11998595671450561,robust_return<=0,False
37,STZ,128.18,0.11167092958930885,0.13025566929718485,-0.035104566323570875,0.22127694608643658,0.75,0.12,0.0,0.035104566323570875,0.15510456632357086,0.035104566323570875,0.15510456632357086,79.51833817315519,162.9916635291688,235.41717050868323,79.51833817315519,235.41717050868323,False,,0.2715842060318987,0.78615,1.0,0.13460625620500372,0.8291,0.010255669297184855,0.78615,valid,,,wacc_floor_hit,,False,ok,False,,"Constellation Brands, Inc.",Consumer Defensive,Beverages - Alcoholic,general_dcf,21893701968.0,0.8291,0.1193747389147867,,0.065,0.0543747389147867,0.32804807294105043,0.32137533538706153,0.017110861284923784,3.1415585588297263,0.006384324275489616,-0.036150883637098064,elevated_leverage,8.0,2026.0,ttm,2026-07-01,2026-09-04,True,,,,0.035104566323570875,0.06730312810250186,0.0,0.15510456632357086,-0.147042071905589,robust_return<=0,False
41,MKC,52.08,0.10607951402198526,0.12561129061505202,-0.0461767609696835,0.21927223582752048,0.75,0.12,0.0,0.0461767609696835,0.16617676096968348,0.0461767609696835,0.16617676096968348,29.28844544405964,64.10707387148277,94.82253836382155,29.28844544405964,94.82253836382155,False,,0.23093459814675055,0.8498,1.0,0.137230498398602,0.7353,0.005611290615052028,0.8498,valid,,,,,False,ok,False,,"McCormick & Company, Incorporated",Consumer Defensive,Packaged Foods,general_dcf,14001788984.0,0.7353,0.07875956249661487,0.32789539622469666,0.07171705618790965,0.007042506308705218,0.1601489888335239,0.15342955400904437,0.03704045899573383,3.3107690094237823,0.007049689902880854,-0.0012351791227026565,elevated_leverage,8.0,2025.0,ttm,2026-06-25,2026-09-04,True,,,,0.0461767609696835,0.068615249199301,0.0,0.16617676096968348,-0.16140828620501227,robust_return<=0,False
35,AZO,2983.29,0.10329823467927783,0.11951536802935153,-0.022220750476844808,0.19638295313525306,0.25,0.12,0.0,0.022220750476844808,0.1422207504768448,0.022220750476844808,0.1422207504768448,1934.420320672935,3599.8851039884494,4888.134012503044,1934.420320672935,4888.134012503044,False,,0.20668292522297516,0.81,1.0,0.11500185180604892,0.98,-0.00048463197064846364,0.81,valid,,,share_change_floor_hit,,False,ok,False,,"AutoZone, Inc.",Consumer Cyclical,Specialty Retail,general_dcf,48703399583.0,0.98,0.2991518828607477,0.1586407035521743,0.0681100257153948,0.23104185714535286,0.19519689421872288,0.1802466316602026,0.07764003168086742,2.902763589288981,0.0057460497597979655,-0.06675336159101442,,8.0,2025.0,ttm,2026-06-12,2026-09-04,True,,,,0.022220750476844808,0.05750092590302446,0.0,0.1422207504768448,-0.1422207504768448,robust_return<=0; median_irr<=hurdle,False
25,O,61.25,0.10227124475810584,0.1358375686391664,0.0015722731149241387,0.1358375686391664,0.75,0.12,0.0,0.0,0.11842772688507586,0.0,0.11842772688507586,61.733025150120596,115.79431527431315,115.79431527431315,61.733025150120596,115.79431527431315,False,,0.8905194330500106,0.6,0.8,0.08513264776212112,0.5331265615576807,0.01583756863916641,0.48,valid,,,specialist_model_v1,,False,specialist,False,,Realty Income Corporation,Real Estate,REIT - Retail,reit,57115196250.0,,,,,,,,,,,,,,,,,2026-09-04,True,932493000.0,0.72,P/AFFO Gordon proxy; no property-level NOI or maintenance-capex detail,0.0,0.04256632388106056,0.0,0.11842772688507586,-0.11082569393827597,robust_return<=0,False
112,KDP,32.59,0.09999894661013972,0.13153993187006566,-0.1470455238828435,0.28396144658327105,0.75,0.12,0.25,0.1470455238828435,0.2670455238828435,0.1470455238828435,0.2670455238828435,9.178715575089367,43.542426085977475,84.85447982176902,9.178715575089367,84.85447982176902,False,,0.33606707842827466,0.528282,1.0,0.22965502523305728,0.5,0.011539931870065662,0.528282,valid,,,base_growth_cap_hit;reinvestment_cap_hit,,False,ok,False,,Keurig Dr Pepper Inc.,Consumer Defensive,Beverages - Non-Alcoholic,general_dcf,44340633160.0,0.5,0.044415010988458244,0.19519455993230328,0.0701946637225423,-0.02577965273408405,0.2147024553505525,0.16819313091090093,0.12146383175230757,8.00608716824933,0.006383948928408573,-0.015162829396900168,elevated_leverage;thin_interest_coverage;cyclical_revenue,8.0,2025.0,ttm,2026-08-10,2026-09-04,True,,,,0.1470455238828435,0.11482751261652864,0.125,0.2670455238828435,-0.2609491855946615,robust_return<=0,False
53,IT,186.42,0.097028544866771,0.1131178355892189,-0.0578250630642287,0.21970357135287488,0.25,0.12,0.0,0.0578250630642287,0.17782506306422868,0.0578250630642287,0.17782506306422868,98.58961273946456,202.40697027901214,300.1665259391688,98.58961273946456,300.1665259391688,False,,0.08575780645323539,0.601344,1.0,0.15072399720855179,0.9097,-0.0068821644107811,0.601344,valid,,,forward_roic_cap_hit;share_change_floor_hit,,False,ok,False,,"Gartner, Inc.",Technology,Information Technology Services,general_dcf,12481173012.0,0.9097,0.6765212236060094,,0.0851501276853486,0.5913710959206608,0.17117715207499506,0.17264192277559326,0.07269833519446389,1.156991275459513,0.02399120490250038,-0.06351231502017507,,8.0,2025.0,ttm,2026-08-04,2026-09-04,True,,,,0.0578250630642287,0.07536199860427589,0.0,0.17782506306422868,-0.17782506306422868,robust_return<=0; median_irr<=hurdle,False
30,LEN,83.58,0.09521635431010511,0.09633484837249853,-0.0020039374998304716,0.19019965799525382,0.25,0.12,0.0,0.0020039374998304716,0.12200393749983046,0.0020039374998304716,0.12200393749983046,51.76900847129173,77.87307163760897,122.21959040850497,51.76900847129173,122.21959040850497,False,,-0.0682810285043195,0.45788490000000004,1.0,0.11236525074754214,0.4944,-0.023665151627501463,0.45788490000000004,valid,,,forward_roic_floor_hit;share_change_floor_hit;reinvestment_cap_hit,,False,ok,False,,Lennar Corporation,Consumer Cyclical,Residential Construction,general_dcf,20752518750.0,0.4944,0.057819436282628055,-39.218177040906106,0.10165398624618786,-0.04383454996355981,0.13824940334022323,0.06016531328928665,0.07525893763257141,2.0796652158213473,0.004782353398523541,-0.057554321947309584,weak_cash_conversion;incremental_roic_below_wacc,8.0,2025.0,ttm,2026-06-29,2026-09-04,True,,,,0.0020039374998304716,0.05618262537377107,0.0,0.12200393749983046,-0.12200393749983046,robust_return<=0; median_irr<=hurdle,False
86,BMY,66.82,0.0933893812733004,0.11504451758228244,-0.10824330010218541,0.25171179003082217,0.25,0.12,0.25,0.10824330010218541,0.2282433001021854,0.10824330010218541,0.2282433001021854,29.765362912892744,80.1625083107155,139.1092514225206,29.765362912892744,139.1092514225206,False,,0.1996783644225606,0.5299,1.0,0.1940805450665038,0.9086,-0.004955482417717552,0.5299,valid,,,,,False,ok,False,,Bristol-Myers Squibb Company,Healthcare,Drug Manufacturers - General,general_dcf,136493882200.0,0.9086,0.21115290149577984,,0.06777266423500408,0.14338023726077576,0.20325958745177736,0.2826559863378535,0.11453047601171651,1.876749224193454,0.011474219317356572,-0.015459895353295616,cyclical_revenue,8.0,2025.0,ttm,2026-07-30,2026-09-04,True,,,,0.10824330010218541,0.0970402725332519,0.125,0.2282433001021854,-0.2282433001021854,robust_return<=0; median_irr<=hurdle,False
28,REG,75.26,0.09130292410766477,0.12033326040080539,0.004211915228242935,0.12033326040080539,0.75,0.12,0.0,0.0,0.11578808477175706,0.0,0.11578808477175706,76.85835135046149,132.83128113829758,132.83128113829758,76.85835135046149,132.83128113829758,False,,0.7649652024753864,0.6,0.8,0.07606067258628121,0.5786163522012578,0.00033326040080539077,0.48,valid,,,specialist_model_v1,,False,specialist,False,,Regency Centers Corporation,Real Estate,REIT - Retail,reit,13743568850.0,,,,,,,,,,,,,,,,,2026-09-04,True,182614520.99388784,0.819,P/AFFO Gordon proxy; no property-level NOI or maintenance-capex detail,0.0,0.03803033629314061,0.0,0.11578808477175706,-0.11562811977937047,robust_return<=0,False
27,ADBE,266.51,0.09108245400566378,0.10007302531448661,0.0051726712641539324,0.15901109412952796,0.25,0.12,0.0,0.0,0.11482732873584606,0.0,0.11482732873584606,170.64325560005028,248.91984571052234,308.8971211577265,170.64325560005028,308.8971211577265,False,,-0.06600185467516284,0.7893,1.0,0.083240211432687,0.9778,-0.019926974685513382,0.7893,valid,,,share_change_floor_hit,,False,ok,False,,Adobe Inc.,Technology,Software - Application,general_dcf,105937725000.0,0.9778,0.5828394717436669,,0.11355636288929322,0.4692831088543737,0.33594547644152983,0.36074291610445275,0.14827553206887933,0.14610620367550006,0.08746803069053709,-0.05143219139045718,heavy_sbc,8.0,2025.0,ttm,2026-06-15,2026-09-04,True,,,,0.0,0.0416201057163435,0.0,0.11482732873584606,-0.11482732873584606,robust_return<=0; median_irr<=hurdle,False
34,AFL,117.21,0.0880426436672985,0.10560076849891864,-0.022050143224062846,0.16301918089541956,0.25,0.12,0.0,0.022050143224062846,0.14205014322406284,0.022050143224062846,0.14205014322406284,104.84497079401159,193.62272388116378,249.40149503246795,104.84497079401159,249.40149503246795,False,,0.6519300732118742,0.6,0.8,0.11053466205974119,0.5414910434704985,-0.014399231501081355,0.48,valid,,,specialist_model_v1,,False,specialist,False,,Aflac Incorporated,Financial Services,Insurance - Life,insurance,59658131850.0,,,,,,,,,,,,,,,,,2026-09-04,True,508985000.0,0.595,Justified P/B residual-income proxy; no regulatory-capital or reserve-detail model,0.022050143224062846,0.055267331029870595,0.0,0.14205014322406284,-0.14205014322406284,robust_return<=0; median_irr<=hurdle,False
26,FRT,117.09,0.0825888506306286,0.10788968409576838,0.0066863502352092485,0.10788968409576838,0.0,0.12,0.0,0.0,0.11331364976479075,0.0,0.11331364976479075,121.05722268587392,195.43502500143686,195.43502500143686,121.05722268587392,195.43502500143686,False,,0.6691009052988031,0.6,0.8,0.06860166693027955,0.6194243978784453,-0.012110315904231617,0.48,valid,,,specialist_model_v1,,False,specialist,False,,Federal Realty Investment Trust,Real Estate,REIT - Retail,reit,10115311077.0,,,,,,,,,,,,,,,,,2026-09-04,True,86389197.00230591,0.929,P/AFFO Gordon proxy; no property-level NOI or maintenance-capex detail,0.0,0.03430083346513978,0.0,0.11331364976479075,-0.11331364976479075,robust_return<=0; median_irr<=hurdle,False
65,YUM,150.71,0.0814912291039946,0.10275149031076586,-0.07501287990598937,0.19547481570043607,0.25,0.12,0.0,0.07501287990598937,0.19501287990598937,0.07501287990598937,0.19501287990598937,75.38465183366219,170.2072774455643,250.46770138983018,75.38465183366219,250.46770138983018,False,,0.12936950066727015,0.8384,1.0,0.1400918478032127,0.9664,-0.017248509689234137,0.8384,valid,,,,,False,ok,False,,"Yum! Brands, Inc.",Consumer Cyclical,Restaurants,general_dcf,41538840910.0,0.9664,0.516341876615303,0.5520743240101674,0.07053711658386727,0.44580476003143565,0.32226093622302104,0.30990598486585647,0.05389975012472825,3.947260973120109,0.009140283481255795,-0.012806997138931409,elevated_leverage,8.0,2025.0,ttm,2026-08-05,2026-09-04,True,,,,0.07501287990598937,0.07004592390160636,0.0,0.19501287990598937,-0.19501287990598937,robust_return<=0; median_irr<=hurdle,False
38,META,616.77,0.07959913760532801,0.09296838022783051,-0.02835800815955733,0.16081779812520836,0.25,0.12,0.0,0.02835800815955733,0.14835800815955733,0.02835800815955733,0.14835800815955733,332.8197397199228,576.7446038137308,762.8486396485907,332.8197397199228,762.8486396485907,False,,-0.06489517354324814,0.7484,1.0,0.10213590314238284,0.9517,-0.027031619772169488,0.7484,valid,,,,,False,ok,False,,"Meta Platforms, Inc.",Communication Services,Internet Content & Information,general_dcf,1571213291779.0,0.9517,0.2542325652622373,0.23494255125411584,0.10608579909160412,0.1481467661706332,0.3882502134788519,0.38084451999579405,0.20075970336662885,0.2011563434741373,0.10164405919409253,-0.017067332158341664,heavy_sbc,8.0,2025.0,ttm,2026-07-30,2026-09-04,True,,,,0.02835800815955733,0.05106795157119142,0.0,0.14835800815955733,-0.14835800815955733,robust_return<=0; median_irr<=hurdle,False
39,GL,174.27,0.0771952312595765,0.09420996937838622,-0.028915805526460447,0.14927679180799402,0.25,0.12,0.0,0.028915805526460447,0.14891580552646044,0.028915805526460447,0.14891580552646044,150.48979786236848,273.35433643700804,349.41843562538884,150.48979786236848,349.41843562538884,False,,0.5685679487978885,0.6,0.8,0.10709629866722722,0.5505301281256515,-0.02579003062161378,0.48,valid,,,specialist_model_v1,,False,specialist,False,,Globe Life Inc.,Financial Services,Insurance - Life,insurance,13531159296.0,,,,,,,,,,,,,,,,,2026-09-04,True,77644800.0,0.472,Justified P/B residual-income proxy; no regulatory-capital or reserve-detail model,0.028915805526460447,0.05354814933361361,0.0,0.14891580552646044,-0.14891580552646044,robust_return<=0; median_irr<=hurdle,False
47,MCK,907.99,0.07429896666526475,0.08942699618492045,-0.052834669670846754,0.1711765439620649,0.25,0.12,0.0,0.052834669670846754,0.17283466967084676,0.052834669670846754,0.17283466967084676,518.1904279200687,969.440118994947,1333.444870310761,518.1904279200687,1333.444870310761,False,,0.06767708784782545,0.6961950000000001,1.0,0.12111975681645583,0.9592,-0.030573003815079547,0.6961950000000001,valid,,,forward_roic_cap_hit;share_change_floor_hit,,False,ok,False,,McKesson Corporation,Healthcare,Medical - Distribution,general_dcf,106305653220.0,0.9592,2.3305964865431577,4.1175891113896075,0.07059129681845605,2.2600051897247018,0.01369892604062704,0.016190450699907294,0.09457098304352618,0.9236964815599831,0.0,-0.05711465355989731,,8.0,2026.0,ttm,2026-08-05,2026-09-04,True,,,,0.052834669670846754,0.060559878408227914,0.0,0.17283466967084676,-0.17283466967084676,robust_return<=0; median_irr<=hurdle,False
36,INTU,332.7,0.07320060372658191,0.08411579626263119,-0.022617440795875122,0.14718826317694042,0.25,0.12,0.0,0.022617440795875122,0.14261744079587513,0.022617440795875122,0.14261744079587513,199.04935998323114,318.77773919028374,410.9467566996665,199.04935998323114,410.9467566996665,False,,-0.0418462903808724,0.8328,1.0,0.08991885198640778,0.9584,-0.03588420373736881,0.8328,valid,,,,,False,ok,False,,Intuit Inc.,Technology,Software - Application,general_dcf,91005759900.0,0.9584,0.23670984915765642,,0.0919824632028238,0.14472738595483262,0.26047758537266213,0.2743379336068631,0.17873023382238618,0.16879643387815751,0.10450852317986299,-0.013128009776834704,heavy_sbc,8.0,2026.0,ttm,2026-08-25,2026-09-04,True,,,,0.022617440795875122,0.04495942599320389,0.0,0.14261744079587513,-0.14261744079587513,robust_return<=0; median_irr<=hurdle,False
45,PEP,137.63,0.0725307815941051,0.0878000741649885,-0.04627149652806108,0.1607944745745045,0.25,0.12,0.0,0.04627149652806108,0.16627149652806109,0.04627149652806108,0.16627149652806109,80.52545249748354,147.70276024586772,201.48722363594771,80.52545249748354,201.48722363594771,False,,0.07318724294025825,0.899,1.0,0.1065629855512828,0.9202,-0.032199925835011495,0.899,valid,,,,,False,ok,False,,"PepsiCo, Inc.",Consumer Defensive,Beverages - Non-Alcoholic,general_dcf,188002580000.0,0.9202,0.18037599135706778,0.1883050065357062,0.06787622287322018,0.1124997684838476,0.14184361835179532,0.14958102864690828,0.054781936748586224,2.2964443964119745,0.003941036862847563,-0.004344732564134812,,8.0,2025.0,ttm,2026-07-09,2026-09-04,True,,,,0.04627149652806108,0.0532814927756414,0.0,0.16627149652806109,-0.16627149652806109,robust_return<=0; median_irr<=hurdle,False
33,PHM,124.45,0.06483593287121042,0.07414818275137808,-0.019700246176216726,0.13074761215830227,0.25,0.12,0.0,0.019700246176216726,0.13970024617621674,0.019700246176216726,0.13970024617621674,75.43586311476395,110.07374814891183,136.85787277460426,75.43586311476395,136.85787277460426,False,,-0.11551829530806079,0.65421,1.0,0.0855976291672595,0.7503,-0.04585181724862192,0.65421,valid,,,share_change_floor_hit,,False,ok,False,,"PulteGroup, Inc.",Consumer Cyclical,Residential Construction,general_dcf,24020193687.0,0.7503,0.13596417075730846,0.06851001784951659,0.10260837142428061,0.03335579933302785,0.17968502312346285,0.14610720398930316,0.0786780957076989,0.1644510582010582,0.0030473144461872353,-0.06369353690428192,incremental_roic_below_wacc,8.0,2025.0,ttm,2026-07-22,2026-09-04,True,,,,0.019700246176216726,0.04279881458362975,0.0,0.13970024617621674,-0.13970024617621674,robust_return<=0; median_irr<=hurdle,False
43,GD,359.39,0.0643346107674006,0.0766916351101827,-0.04451981611782682,0.14847498896706385,0.25,0.12,0.0,0.04451981611782682,0.16451981611782682,0.04451981611782682,0.16451981611782682,213.6655120087535,366.8163337490885,496.4020252598837,213.6655120087535,496.4020252598837,False,,0.02066371838139225,0.8639,1.0,0.10058040254244534,0.8578,-0.04330836488981729,0.8639,valid,,,,,False,ok,False,,General Dynamics Corporation,Industrials,Aerospace & Defense,general_dcf,97235480230.0,0.8578,0.14746595477575505,0.2569839233208686,0.07097771224065727,0.07648824253509778,0.10753809667743043,0.10322451285977288,0.054715790973965284,0.7792247122955784,0.0038351915500041914,-0.005263077817807771,,8.0,2025.0,ttm,2026-07-29,2026-09-04,True,,,,0.04451981611782682,0.05029020127122267,0.0,0.16451981611782682,-0.16451981611782682,robust_return<=0; median_irr<=hurdle,False
55,REGN,827.72,0.06403637294060902,0.060475384598976265,-0.05819977155188097,0.1933944941163645,0.25,0.12,0.0,0.05819977155188097,0.17819977155188096,0.05819977155188097,0.17819977155188096,468.05332563817916,785.509977708648,1430.0716358538982,468.05332563817916,1430.0716358538982,False,,-0.05099553265760415,0.36109800000000003,1.0,0.14496419283412276,0.7838,-0.05952461540102373,0.36109800000000003,valid,,,forward_roic_floor_hit;reinvestment_cap_hit,,False,ok,False,,"Regeneron Pharmaceuticals, Inc.",Healthcare,Biotechnology,general_dcf,85273369840.0,0.7838,0.13901451192467806,-0.5041851875039128,0.07242936214555996,0.0665851497791181,0.3573214670473511,0.25556335172227335,0.1146107805044887,-1.3354969213328294,0.06920152091254753,-0.020077347838763582,heavy_sbc;cyclical_revenue;incremental_roic_below_wacc,8.0,2025.0,ttm,2026-07-30,2026-09-04,True,,,,0.05819977155188097,0.07248209641706138,0.0,0.17819977155188096,-0.17819977155188096,robust_return<=0; median_irr<=hurdle,False
145,CLX,93.06,0.06277356237987991,0.09726441693492234,-0.1678341144463047,0.22439953009597963,0.25,0.12,0.25,0.1678341144463047,0.2878341144463047,0.1678341144463047,0.2878341144463047,30.398399208769682,102.63605039131674,172.19460534311003,30.398399208769682,172.19460534311003,False,,0.10290189545794903,0.7601,1.0,0.20331382227114217,0.9146,-0.022735583065077655,0.7601,valid,,,,,False,ok,False,,The Clorox Company,Consumer Defensive,Household & Personal Products,general_dcf,11252908260.0,0.9146,0.23413402357302607,0.36477327775891955,0.06613413425154678,0.1679998893214793,0.16627615240393642,0.24732142857142858,0.011246102047632878,2.816657936092195,0.010432821091216692,-0.005530567020865851,,8.0,2026.0,ttm,2026-08-07,2026-09-04,True,,,,0.1678341144463047,0.10165691113557108,0.125,0.2878341144463047,-0.2878341144463047,robust_return<=0; median_irr<=hurdle,False
49,CL,88.77,0.06018440089974322,0.07531709978939036,-0.05422733895829876,0.14433074297849094,0.25,0.12,0.0,0.05422733895829876,0.17422733895829876,0.05422733895829876,0.17422733895829876,50.198488362130746,89.89086955574258,119.65714595270556,50.198488362130746,119.65714595270556,False,,0.012626670674130702,0.9204,1.0,0.10166704096839485,0.9792,-0.04468290021060964,0.9204,valid,,,,,False,ok,False,,Colgate-Palmolive Company,Consumer Defensive,Household & Personal Products,general_dcf,71032777530.0,0.9792,0.48380789649339206,,0.0702305455600553,0.41357735093333675,0.22055648565468225,0.20650004751496723,0.03947009967583437,1.3005212510024058,0.006270236932723441,-0.013284113789083007,,8.0,2025.0,ttm,2026-07-31,2026-09-04,True,,,,0.05422733895829876,0.050833520484197425,0.0,0.17422733895829876,-0.17422733895829876,robust_return<=0; median_irr<=hurdle,False
50,NVR,6298.85,0.05153445941382418,0.06003129957407512,-0.05427463025562244,0.14034986876276892,0.25,0.12,0.0,0.05427463025562244,0.17427463025562243,0.05427463025562244,0.17427463025562243,3416.269170003054,5563.3722809965075,7515.731873866463,3416.269170003054,7515.731873866463,False,,-0.11676380910856632,0.67077,1.0,0.10718914950919567,0.9453,-0.05996870042592488,0.67077,valid,,,share_change_floor_hit,,False,ok,False,,"NVR, Inc.",Consumer Cyclical,Residential Construction,general_dcf,17002422817.0,0.9453,0.35084706145581024,0.15018659962693287,0.0909724571953345,0.2598746042604757,0.16300107727747046,0.1490706426194096,0.05334976012067316,-0.1023977608415569,0.007011381627723662,-0.06455125938889084,,8.0,2025.0,ttm,2026-08-05,2026-09-04,True,,,,0.05427463025562244,0.053594574754597835,0.0,0.17427463025562243,-0.17427463025562243,robust_return<=0; median_irr<=hurdle,False
52,HIG,138.37,0.05029863170139559,0.06744450952431502,-0.055014385773071384,0.1213198935300237,0.25,0.12,0.0,0.055014385773071384,0.17501438577307138,0.055014385773071384,0.17501438577307138,104.2720535821103,191.76461799148282,245.29549743505143,104.2720535821103,245.29549743505143,False,,0.3858829080832753,0.6,0.8,0.10616713965154753,0.5437502218826495,-0.052555490475684974,0.48,valid,,,specialist_model_v1,,False,specialist,False,,"The Hartford Insurance Group, Inc.",Financial Services,Insurance - Diversified,insurance,37931481563.0,,,,,,,,,,,,,,,,,2026-09-04,True,274130819.9971092,0.458,Justified P/B residual-income proxy; no regulatory-capital or reserve-detail model,0.055014385773071384,0.053083569825773766,0.0,0.17501438577307138,-0.17501438577307138,robust_return<=0; median_irr<=hurdle,False
133,CINF,171.1,0.04604663690867433,0.08251018237903662,-0.16115509588306187,0.18032127875968595,0.25,0.12,0.25,0.16115509588306187,0.28115509588306187,0.16115509588306187,0.28115509588306187,71.06542579185987,254.33724356213457,391.9685232241025,71.06542579185987,391.9685232241025,False,,0.4864830132211255,0.6,0.8,0.1887381873213739,0.27941415420152016,-0.03748981762096337,0.48,valid,,,specialist_model_v1,,False,specialist,False,,Cincinnati Financial Corporation,Financial Services,Insurance - Property & Casualty,insurance,26260093500.0,,,,,,,,,,,,,,,,,2026-09-04,True,153478045.00292227,0.554,Justified P/B residual-income proxy; no regulatory-capital or reserve-detail model,0.16115509588306187,0.09436909366068695,0.125,0.28115509588306187,-0.28115509588306187,robust_return<=0; median_irr<=hurdle,False
58,CPAY,416.37,0.040976607411357724,0.053303185457480154,-0.06854497050953792,0.1258450292400085,0.25,0.12,0.0,0.06854497050953792,0.18854497050953792,0.06854497050953792,0.18854497050953792,194.41989964761538,356.1500103955982,500.7879551342434,194.41989964761538,500.7879551342434,False,,-0.1446309522885938,0.8144,1.0,0.10276299987477322,0.8384,-0.06669681454251984,0.8144,valid,,,,,False,ok,False,,"Corpay, Inc.",Technology,Software - Infrastructure,general_dcf,27214742214.0,0.8384,0.13862949342327785,,0.07875873316476048,0.05987076025851737,0.43970602965951056,0.4080060121477892,0.09277496065239532,2.994437805741058,0.029367564797265832,-0.04796000676318146,thin_interest_coverage,8.0,2025.0,ttm,2026-08-10,2026-09-04,True,,,,0.06854497050953792,0.05138149993738661,0.0,0.18854497050953792,-0.18854497050953792,robust_return<=0; median_irr<=hurdle,False
71,INCY,126.75,0.038829933696251866,0.04751216103322807,-0.09328960223938335,0.15358501495793467,0.25,0.12,0.25,0.09328960223938335,0.21328960223938334,0.09328960223938335,0.21328960223938334,60.296197585255854,111.11376464646443,166.82563714124794,60.296197585255854,166.82563714124794,False,,-0.12336280357818985,0.67059,1.0,0.13331960859865902,0.813,-0.07248783896677193,0.67059,valid,,,forward_roic_cap_hit,,False,ok,False,,Incyte Corporation,Healthcare,Biotechnology,general_dcf,25691939306.0,0.813,0.7689896544560232,3.085292852414928,0.08619392436022699,0.6827957300957962,0.17580748591964146,0.3157179359845211,0.15439286151799103,-2.323539364532063,0.05841707369936918,-0.02400144908433799,heavy_sbc;peak_cycle_margins,8.0,2025.0,ttm,2026-07-28,2026-09-04,True,,,,0.09328960223938335,0.06665980429932951,0.125,0.21328960223938334,-0.21328960223938334,robust_return<=0; median_irr<=hurdle,False
83,CDW,152.38,0.03860910541188789,0.05643250455032104,-0.10668505891517266,0.14825647146208215,0.25,0.12,0.25,0.10668505891517266,0.22668505891517265,0.10668505891517266,0.22668505891517265,60.12860963472329,129.3463986175891,193.1949559385363,60.12860963472329,193.1949559385363,False,,-0.1511589538155328,0.7957,1.0,0.1335997651886274,0.8473,-0.06356749544967896,0.7957,valid,,,,,False,ok,False,,CDW Corporation,Technology,Information Technology Services,general_dcf,19467002140.0,0.8473,0.1590147540964756,0.3479403851802383,0.08378419459180038,0.07523055950467523,0.0706090264135506,0.07147112389576347,0.04716837528114315,2.7298640549627247,0.003081143118383519,-0.023925529980179383,,8.0,2025.0,ttm,2026-08-05,2026-09-04,True,,,,0.10668505891517266,0.0667998825943137,0.125,0.22668505891517265,-0.22668505891517265,robust_return<=0; median_irr<=hurdle,False
61,BRO,71.42,0.037349991414821315,0.05517232537573613,-0.07147023084860793,0.11052554575642093,0.0,0.12,0.25,0.07147023084860793,0.19147023084860793,0.07147023084860793,0.19147023084860793,49.294561295408585,93.4193426039461,120.63202324651819,49.294561295408585,120.63202324651819,False,,0.30802775978641983,0.6,0.8,0.10899788830251442,0.5276697514817059,-0.06482767462426386,0.48,valid,,,specialist_model_v1,,False,specialist,False,,"Brown & Brown, Inc.",Financial Services,Insurance - Brokers,insurance,23897871697.0,,,,,,,,,,,,,,,,,2026-09-04,True,334610357.00084007,0.581,Justified P/B residual-income proxy; no regulatory-capital or reserve-detail model,0.07147023084860793,0.05449894415125721,0.125,0.19147023084860793,-0.19147023084860793,robust_return<=0; median_irr<=hurdle,False
56,DG,133.21,0.036436679550388394,0.03567884754156697,-0.06102602803730404,0.13541505115572366,0.25,0.12,0.0,0.06102602803730404,0.18102602803730403,0.06102602803730404,0.18102602803730403,70.76879550536408,110.32719921550026,183.14449292140628,70.76879550536408,183.14449292140628,False,,-0.17177990229336948,0.535815,1.0,0.11214608959651384,0.704,-0.08432115245843302,0.535815,valid,,,forward_roic_floor_hit;wacc_floor_hit;reinvestment_cap_hit,,False,ok,False,,Dollar General Corporation,Consumer Defensive,Discount Stores,general_dcf,29384347247.0,0.704,0.08171107964887321,-0.2711183121925683,0.065,0.01671107964887321,0.08277072295880822,0.05591014968193545,0.07576117177707786,3.698855288625634,0.001446310315582163,-0.007108988481510536,elevated_leverage;incremental_roic_below_wacc,8.0,2025.0,ttm,2026-08-27,2026-09-04,True,,,,0.06102602803730404,0.05607304479825692,0.0,0.18102602803730403,-0.18102602803730403,robust_return<=0; median_irr<=hurdle,False
24,HPQ,32.64,0.0343501618888695,0.0169810838531703,0.0169810838531703,0.07774005969986322,0.0,0.12,0.0,0.0,0.1030189161468297,0.0,0.1030189161468297,21.019046182395424,21.019046182395424,29.10443917601716,23.85946202086459,29.10443917601716,True,"growth destroys value: forward ROIC 2.0% at/below WACC 9.4%, so higher-growth scenarios reinvest below the cost of capital and are worth less than the bear case",-0.3560341243138657,0.6665490000000001,1.0,0.04038301792334646,0.9686,-0.1030189161468297,0.6665490000000001,valid,,,forward_roic_floor_hit;reinvestment_cap_hit,,False,ok,False,,HP Inc.,Technology,Computer Hardware,general_dcf,29850030720.0,0.9686,0.4944225074037512,-0.3893044128646223,0.09438492330974038,0.4000375840940108,0.06576206509215812,0.056438254284845,-0.007949026438381246,1.445303349730616,0.008439291248903079,-0.04068004510888701,incremental_roic_below_wacc,8.0,2025.0,ttm,2026-08-27,2026-09-04,True,,,,0.0,0.02019150896167323,0.0,0.1030189161468297,-0.1030189161468297,robust_return<=0; median_irr<=hurdle,False
134,DRI,216.88,0.032383488117193375,0.05459598094457764,-0.16137595034088004,0.18171794092049826,0.25,0.12,0.25,0.16137595034088004,0.28137595034088003,0.16137595034088004,0.28137595034088003,69.81660626554066,196.5652586947679,340.77194410045325,69.81660626554066,340.77194410045325,False,,-0.0936681174162306,0.627,1.0,0.18273694563068915,0.8221,-0.06540401905542235,0.627,valid,,,,,False,ok,False,,"Darden Restaurants, Inc.",Consumer Cyclical,Restaurants,general_dcf,24840351451.0,0.8221,0.17276114672245155,0.2681590505748327,0.07275318780851378,0.10000795891393777,0.11369714016231727,0.11981015676448993,0.06483717505613917,2.7212556555809506,0.006014047410008779,-0.021336182737631826,,8.0,2026.0,ttm,2026-07-24,2026-09-04,True,,,,0.16137595034088004,0.09136847281534458,0.125,0.28137595034088003,-0.28137595034088003,robust_return<=0; median_irr<=hurdle,False
167,BRK-B,506.03,0.02888512222812792,0.06677217335105667,-0.1829443341401037,0.16494047635050202,0.25,0.12,0.25,0.1829443341401037,0.3029443341401037,0.1829443341401037,0.3029443341401037,184.26145427926522,699.0925241182839,1085.6627601348869,184.26145427926522,1085.6627601348869,False,,0.3815238703600259,0.6,0.8,0.19194240524530284,0.2635723426046662,-0.05322782664894332,0.48,valid,,,specialist_model_v1,,False,specialist,False,,Berkshire Hathaway Inc.,Financial Services,Insurance - Diversified,insurance,1091432624678.0,,,,,,,,,,,,,,,,,2026-09-04,True,2156853595.0002966,0.61,Justified P/B residual-income proxy; no regulatory-capital or reserve-detail model,0.1829443341401037,0.09597120262265142,0.125,0.3029443341401037,-0.3029443341401037,robust_return<=0; median_irr<=hurdle,False
32,UNH,397.14,0.028621930508597897,0.023104324765154186,-0.017773248575394952,0.08605232107947816,0.0,0.12,0.0,0.017773248575394952,0.13777324857539494,0.017773248575394952,0.13777324857539494,259.35135733559116,303.1422185700068,415.49861004819513,259.35135733559116,415.49861004819513,False,,-0.2366867639371335,0.671328,0.85,0.06627294482743655,0.7693,-0.09689567523484581,0.5706288,valid,,,forward_roic_floor_hit;reinvestment_cap_hit,,False,ok,False,,UnitedHealth Group Incorporated,Healthcare,Medical - Healthcare Plans,general_dcf,360660468605.0,0.7693,0.11664574601678894,-0.07804786860320123,0.07434233015534508,0.04230341586144386,0.08231835080659637,0.0481550844313519,0.10236402697783231,1.6124186279419128,0.0025432324534448558,-0.015683275784179607,incremental_roic_below_wacc,8.0,2025.0,ttm,2026-08-10,2026-09-04,True,,,,0.017773248575394952,0.033136472413718275,0.0,0.13777324857539494,-0.13777324857539494,robust_return<=0; median_irr<=hurdle,False
51,SNA,383.0,0.026904448551431443,0.03476356546743776,-0.054548097235965515,0.09263876050681577,0.0,0.12,0.0,0.054548097235965515,0.1745480972359655,0.054548097235965515,0.1745480972359655,212.73973112023594,314.23392718345696,401.4719640987236,212.73973112023594,401.4719640987236,False,,-0.17954588202752753,0.8207,0.7,0.08797242887139065,0.9106,-0.08523643453256224,0.57449,valid,,,,,False,ok,False,,Snap-on Incorporated,Industrials,Manufacturing - Tools & Accessories,general_dcf,19811488492.0,0.9106,0.1826697670219214,0.16516481002067349,0.08173680161847743,0.10093296540344396,0.2560587847667042,0.2575008242664029,0.046911038224504376,-0.20915720095358295,0.005598621877691645,-0.007435219273921656,,8.0,2025.0,annual,2026-02-12,2026-09-04,True,,,,0.054548097235965515,0.04398621443569532,0.0,0.1745480972359655,-0.1745480972359655,robust_return<=0; median_irr<=hurdle,False
78,ULTA,564.12,0.02588997630773523,0.03507081932184523,-0.09985872676916183,0.1332769933564123,0.25,0.12,0.25,0.09985872676916183,0.21985872676916182,0.09985872676916183,0.21985872676916182,238.66557265816465,445.38309763184606,667.7778246571917,238.66557265816465,667.7778246571917,False,,-0.2104816393110578,0.5637599999999999,1.0,0.12965506006278707,0.9296,-0.08492918067815478,0.5637599999999999,valid,,,share_change_floor_hit,,False,ok,False,,"Ulta Beauty, Inc.",Consumer Cyclical,Specialty Retail,general_dcf,24251130121.0,0.9296,0.24996444950013744,0.14727490186479877,0.08638240686298262,0.1635820426371548,0.13493027782983869,0.1256354339236327,0.09144740440932342,1.1417279841403885,0.003787917016580005,-0.05607722820770178,cyclical_revenue,8.0,2025.0,ttm,2026-08-27,2026-09-04,True,,,,0.09985872676916183,0.06482753003139353,0.125,0.21985872676916182,-0.21985872676916182,robust_return<=0; median_irr<=hurdle,False
42,HRL,21.54,0.025529656885191827,0.023278323374688648,-0.044118425552733216,0.09968040634412323,0.0,0.12,0.0,0.044118425552733216,0.1641184255527332,0.044118425552733216,0.1641184255527332,12.791690782935518,17.001957072941803,24.760414959375684,12.791690782935518,24.760414959375684,False,,-0.2106798016275857,0.601344,1.0,0.08385909594842822,0.6897,-0.09672167662531135,0.601344,valid,,,forward_roic_floor_hit;reinvestment_cap_hit,,False,ok,False,,Hormel Foods Corporation,Consumer Defensive,Packaged Foods,general_dcf,11853785100.0,0.6897,0.046408627682061714,-0.8173585816308039,0.06835917911975123,-0.021950551437689515,0.1019744015582596,0.047245427253068704,0.0345289804796276,2.3494065808270497,0.001988189935433579,0.0009138258127456833,incremental_roic_below_wacc,8.0,2025.0,ttm,2026-08-27,2026-09-04,True,,,,0.044118425552733216,0.04192954797421411,0.0,0.1641184255527332,-0.1641184255527332,robust_return<=0; median_irr<=hurdle,False
140,SYY,80.05,0.021518985269358394,0.0446841592609417,-0.16652445420622825,0.16323207676177842,0.25,0.12,0.25,0.16652445420622825,0.28652445420622824,0.16652445420622825,0.28652445420622824,24.477209828728864,68.8040245132192,116.88437608923721,24.477209828728864,116.88437608923721,False,,-0.14048688927896058,0.6619,1.0,0.17502126548400332,0.8169,-0.0753158407390583,0.6619,valid,,,,,False,ok,False,,Sysco Corporation,Consumer Defensive,Food Distribution,general_dcf,38278549150.0,0.8169,0.1510280152815579,0.14692294252732546,0.0708756269750923,0.08015238830646561,0.037277182255506566,0.03660426004990953,0.04994089349208797,3.150334608030593,0.0013190604231139973,-0.019409425343016373,elevated_leverage;thin_interest_coverage,8.0,2026.0,ttm,2026-08-21,2026-09-04,True,,,,0.16652445420622825,0.08751063274200166,0.125,0.28652445420622824,-0.28652445420622824,robust_return<=0; median_irr<=hurdle,False
74,COR,330.95,0.019262672265176684,0.034175354770559385,-0.09687824583961627,0.10557822535920423,0.0,0.12,0.25,0.09687824583961627,0.21687824583961626,0.09687824583961627,0.21687824583961626,149.05918221621323,277.2748003496936,373.8036587706608,149.05918221621323,373.8036587706608,False,,-0.1621852232974963,0.9138,1.0,0.10381423559941025,0.973,-0.08582464522944061,0.9138,valid,,,,,False,ok,False,,"Cencora, Inc.",Healthcare,Medical - Distribution,general_dcf,64389982807.0,0.973,0.2767981215871712,0.5179923594370694,0.07205899286874026,0.20473912871843095,0.010527337797762354,0.013030410676343045,0.097128283927292,1.6490599953534308,0.0004753495006402461,-0.02802754545195918,,8.0,2025.0,ttm,2026-08-05,2026-09-04,True,,,,0.09687824583961627,0.051907117799705124,0.125,0.21687824583961626,-0.21687824583961626,robust_return<=0; median_irr<=hurdle,False
59,WRB,69.14,0.018838775680829895,0.03343541008288731,-0.06945219592691998,0.07793647848446494,0.0,0.12,0.25,0.06945219592691998,0.18945219592691998,0.06945219592691998,0.18945219592691998,48.24172383987847,81.49783406224304,100.62252725276747,48.24172383987847,100.62252725276747,False,,0.17873639083371473,0.6,0.8,0.09169433720569245,0.591938723218514,-0.08656458991711269,0.48,valid,,,specialist_model_v1,,False,specialist,False,,W. R. Berkley Corporation,Financial Services,Insurance - Property & Casualty,insurance,25739231780.0,,,,,,,,,,,,,,,,,2026-09-04,True,372277000.0,0.294,Justified P/B residual-income proxy; no regulatory-capital or reserve-detail model,0.06945219592691998,0.045847168602846225,0.125,0.18945219592691998,-0.18945219592691998,robust_return<=0; median_irr<=hurdle,False
89,KMB,104.96,0.016376867395592874,0.03228773799492049,-0.11329738401691428,0.1142293776094448,0.0,0.12,0.25,0.11329738401691428,0.23329738401691427,0.11329738401691428,0.23329738401691427,44.245548043155104,88.19048585719129,125.66041775046678,44.245548043155104,125.66041775046678,False,,-0.1597705234642598,0.8343,1.0,0.11873438081317954,0.9589,-0.0877122620050795,0.8343,valid,,,,,False,ok,False,,Kimberly-Clark Corporation,Consumer Defensive,Household & Personal Products,general_dcf,34840422400.0,0.9589,0.2211245952274063,,0.06912849085846377,0.1519961043689425,0.13873102540272614,0.12381527316631452,-0.010116269221897567,2.003242074927954,0.008131970260223048,-0.004951066355880496,,8.0,2025.0,ttm,2026-08-04,2026-09-04,True,,,,0.11329738401691428,0.05936719040658977,0.125,0.23329738401691427,-0.23329738401691427,robust_return<=0; median_irr<=hurdle,False
46,CPRT,33.72,0.01569804662140089,0.021936651784926674,-0.05102901973295954,0.06994790264870976,0.0,0.12,0.0,0.05102901973295954,0.17102901973295953,0.05102901973295954,0.17102901973295953,18.214670845283564,24.830034910962105,30.36464390468338,18.214670845283564,30.36464390468338,False,,-0.26364072031547725,0.8392,0.95,0.06681246119083464,0.978,-0.09806334821507331,0.79724,valid,,,,,False,ok,False,,"Copart, Inc.",Industrials,Specialty Business Services,general_dcf,31218363173.0,0.978,0.2961389065373297,0.3038365386306291,0.09841984636590397,0.19771906017142576,0.3705266255577967,0.36566622841310176,0.14458048241388965,-2.1418830709916064,0.00831613687897748,0.0002110956201459846,,8.0,2025.0,ttm,2026-05-29,2026-09-04,True,,,,0.05102901973295954,0.03340623059541732,0.0,0.17102901973295953,-0.17102901973295953,robust_return<=0; median_irr<=hurdle,False
256,VLO,370.72,0.01526333870351669,0.04188899614964614,-0.32705673286109227,0.30433209537586675,0.25,0.12,0.25,0.32705673286109227,0.44705673286109227,0.32705673286109227,0.44705673286109227,56.37022031875752,324.957643620014,873.9844545030023,56.37022031875752,873.9844545030023,False,,-0.1234418331354824,0.352512,1.0,0.33511905411847953,0.7167,-0.07811100385035386,0.352512,valid,,,forward_roic_cap_hit;share_change_floor_hit,,False,ok,False,,Valero Energy Corporation,Energy,Oil & Gas Refining & Marketing,general_dcf,106740468713.0,0.7167,0.27853923052902174,1.322717358761822,0.07302589323993314,0.2055133372890886,0.03527931484866552,0.07531144679826673,0.006762829683323979,0.26244241371497623,0.0,-0.0945091874400511,cyclical_revenue;peak_cycle_margins,8.0,2025.0,ttm,2026-07-30,2026-09-04,True,,,,0.32705673286109227,0.16755952705923977,0.125,0.44705673286109227,-0.44705673286109227,robust_return<=0; median_irr<=hurdle,False
63,JKHY,165.64,0.014503913072985632,0.02596393762505616,-0.07265827809460458,0.07874605513643479,0.0,0.12,0.0,0.07265827809460458,0.19265827809460456,0.07265827809460458,0.19265827809460456,84.98873262875271,133.65721724762506,167.9507555308972,84.98873262875271,167.9507555308972,False,,-0.19308610693295658,0.9443,1.0,0.07737316661551968,0.9886,-0.09403606237494383,0.9443,valid,,,,,False,ok,False,,"Jack Henry & Associates, Inc.",Technology,Information Technology Services,general_dcf,11768854511.999998,0.9886,0.23514753696874857,0.4890098975313745,0.07535931588933993,0.15978822107940865,0.22906459806807788,0.2490582869368027,0.07018588295632311,0.033100807975276265,0.013003161458725578,-0.004825148960993508,,8.0,2026.0,ttm,2026-08-28,2026-09-04,True,,,,0.07265827809460458,0.03868658330775984,0.0,0.19265827809460456,-0.19265827809460456,robust_return<=0; median_irr<=hurdle,False
60,RMD,228.35,0.013781803724123198,0.02319783549755814,-0.07110485430457625,0.07983639820595276,0.0,0.12,0.0,0.07110485430457625,0.19110485430457624,0.07110485430457625,0.19110485430457624,114.0136446531311,175.44705609722533,223.58792986433224,114.0136446531311,223.58792986433224,False,,-0.23167481455123573,0.8899,0.7,0.0877736262552645,0.9648,-0.09680216450244186,0.62293,valid,,,,,False,ok,False,,ResMed Inc.,Healthcare,Medical - Instruments & Supplies,general_dcf,33123625286.0,0.9648,0.2577929435702289,0.37277116338814886,0.08524189623277822,0.1725510473374507,0.280632662862087,0.3347782935106978,0.11695263244741794,-0.3010643943612932,0.01781095526965154,-0.005635670692350492,,8.0,2026.0,annual,2026-08-13,2026-09-04,True,,,,0.07110485430457625,0.04388681312763225,0.0,0.19110485430457624,-0.19110485430457624,robust_return<=0; median_irr<=hurdle,False
48,KIM,23.6,0.011727661264615413,0.005047613653100358,-0.05290932708253082,0.08972474483479176,0.0,0.12,0.0,0.05290932708253082,0.17290932708253082,0.05290932708253082,0.17290932708253082,17.98331705451003,24.201661741802763,36.26570016048183,17.98331705451003,36.26570016048183,False,,0.02549414160181196,0.6,0.8,0.08931703595866128,0.7430612511804517,-0.11495238634689964,0.48,valid,,,specialist_model_v1,,False,specialist,False,,Kimco Realty Corporation,Real Estate,REIT - Retail,reit,15915604000.000002,,,,,,,,,,,,,,,,,2026-09-04,True,674390000.0,0.968,P/AFFO Gordon proxy; no property-level NOI or maintenance-capex detail,0.05290932708253082,0.04465851797933064,0.0,0.17290932708253082,-0.17290932708253082,robust_return<=0; median_irr<=hurdle,False
109,DPZ,341.08,0.010677546900842601,0.03395802191080296,-0.13830683134729038,0.11310097512905487,0.0,0.12,0.25,0.13830683134729038,0.2583068313472904,0.13830683134729038,0.2583068313472904,110.3563794395144,259.94245909342374,371.4740597298273,110.3563794395144,371.4740597298273,False,,-0.2378841940500066,0.81342,1.0,0.13130130323817263,0.9859,-0.08604197808919703,0.81342,valid,,,forward_roic_cap_hit,,False,ok,False,,"Domino's Pizza, Inc.",Consumer Cyclical,Restaurants,general_dcf,11283518174.0,0.9859,0.8178818349966508,,0.08150653653929799,0.7363752984573528,0.17766900952576264,0.1953608078260636,0.05337097893699405,4.628759453774648,0.009036448222406748,-0.02632140380006387,elevated_leverage;thin_interest_coverage,8.0,2025.0,ttm,2026-07-20,2026-09-04,True,,,,0.13830683134729038,0.06565065161908631,0.125,0.2583068313472904,-0.2583068313472904,robust_return<=0; median_irr<=hurdle,False
44,LMT,525.28,0.009506602022884211,0.010483504837611715,-0.045346145742223565,0.06240554415853698,0.0,0.12,0.0,0.045346145742223565,0.16534614574222356,0.045346145742223565,0.16534614574222356,286.014127126514,384.1544643978212,501.15467760777113,286.014127126514,501.15467760777113,False,,-0.26866725480158926,0.7047,1.0,0.06273484495038027,0.9652,-0.10951649516238827,0.7047,valid,,,forward_roic_floor_hit;reinvestment_cap_hit,,False,ok,False,,Lockheed Martin Corporation,Industrials,Aerospace & Defense,general_dcf,121229896480.0,0.9652,0.30714651909252777,-0.22619799174616526,0.07004306435947492,0.23710345473305283,0.129345407397142,0.11883463381067992,0.04882312670059519,1.544641210108836,0.003921800772520756,-0.04412001399874721,incremental_roic_below_wacc,8.0,2025.0,ttm,2026-07-23,2026-09-04,True,,,,0.045346145742223565,0.031367422475190136,0.0,0.16534614574222356,-0.16534614574222356,robust_return<=0; median_irr<=hurdle,False
40,BF-B,26.73,0.00920946706319231,0.019858103734441128,-0.03879999455530193,0.03592165533918891,0.0,0.12,0.0,0.03879999455530193,0.15879999455530192,0.03879999455530193,0.15879999455530192,16.45188287048219,21.28068499753078,22.285307140948724,16.45188287048219,22.285307140948724,False,,-0.20386513290195363,0.6809670000000001,1.0,0.046931814947245416,0.8527,-0.10014189626555886,0.6809670000000001,valid,,,forward_roic_floor_hit;reinvestment_cap_hit,,False,ok,False,,Brown-Forman Corporation,Consumer Defensive,Beverages - Wineries & Distilleries,general_dcf,12465325883.0,0.8527,0.14714816867154762,-0.044201954155991735,0.0691325515761799,0.07801561709536772,0.2998562717978978,0.28607918263090676,0.024138370352259964,1.7642209398186315,0.007044025157232704,-0.014965924395725527,weak_cash_conversion;incremental_roic_below_wacc,8.0,2026.0,ttm,2026-09-02,2026-09-04,True,,,,0.03879999455530193,0.023465907473622708,0.0,0.15879999455530192,-0.15879999455530192,robust_return<=0; median_irr<=hurdle,False
85,PG,146.43,0.008538468828192015,0.020715302991447998,-0.10774547917535524,0.1004687485052273,0.0,0.12,0.25,0.10774547917535524,0.22774547917535523,0.10774547917535524,0.22774547917535523,63.98629157446509,116.89436689260778,165.26125273872205,63.98629157446509,165.26125273872205,False,,-0.201704794832973,0.837,1.0,0.10899711384029127,0.8978,-0.099284697008552,0.837,valid,,,,,False,ok,False,,The Procter & Gamble Company,Consumer Defensive,Household & Personal Products,general_dcf,348094704645.0,0.8978,0.19913089818715438,0.20048355018762667,0.07074087152212706,0.1283900266650273,0.22175520007394978,0.22690504641970768,0.03657085188392206,1.0949886502531867,0.006020773968195606,-0.008308571708339096,,8.0,2026.0,ttm,2026-08-04,2026-09-04,True,,,,0.10774547917535524,0.05449855692014564,0.125,0.22774547917535523,-0.22774547917535523,robust_return<=0; median_irr<=hurdle,False
68,GEHC,68.86,0.007391783763887392,0.017730461678002057,-0.08815687120659273,0.08226308290613818,0.0,0.12,0.25,0.08815687120659273,0.2081568712065927,0.08815687120659273,0.2081568712065927,30.932039436832856,50.375176717634744,67.78047054718054,30.932039436832856,67.78047054718054,False,,-0.2684406517915372,0.8675,0.95,0.09068497705636545,0.6528,-0.10226953832199794,0.824125,valid,,,,,False,ok,False,,GE HealthCare Technologies Inc.,Healthcare,Medical - Devices,general_dcf,31103115313.0,0.6528,0.1055053894121165,,0.07890386162234264,0.026601527789773857,0.13391515151515151,0.1270068665711604,0.036502995670744776,2.634564643799472,0.006303030303030303,5.423569159290764e-05,,7.0,2025.0,ttm,2026-07-29,2026-09-04,True,,,,0.08815687120659273,0.04534248852818273,0.125,0.2081568712065927,-0.2081568712065927,robust_return<=0; median_irr<=hurdle,False
125,SWK,97.36,0.005319445270288284,0.028266601526411278,-0.15356916784076025,0.11831374586909083,0.0,0.12,0.25,0.15356916784076025,0.27356916784076024,0.15356916784076025,0.27356916784076024,30.30203625105123,70.73366762605333,102.78198949037233,30.30203625105123,102.78198949037233,False,,-0.27348328239468644,0.6649,1.0,0.14599445685492554,0.6511,-0.09173339847358872,0.6649,valid,,,,,False,ok,False,,"Stanley Black & Decker, Inc.",Industrials,Manufacturing - Tools & Accessories,general_dcf,14703015120.0,0.6511,0.08719322173373056,,0.09970600327904826,-0.012512781545317694,0.11132867047083822,0.08338962597637677,0.011336139540656154,2.3563185880755744,0.0054724263733939614,-0.008945795663361622,thin_interest_coverage,8.0,2025.0,ttm,2026-07-29,2026-09-04,True,,,,0.15356916784076025,0.07299722842746277,0.125,0.27356916784076024,-0.27356916784076024,robust_return<=0; median_irr<=hurdle,False
77,ORLY,87.89,0.004923791880719383,0.017807534534949834,-0.09934830617276019,0.08342840462573806,0.0,0.12,0.25,0.09934830617276019,0.2193483061727602,0.09934830617276019,0.2193483061727602,38.679805281952675,68.86001525084922,91.24808334790866,38.679805281952675,91.24808334790866,False,,-0.2165204772915097,0.9167,1.0,0.09388735539924913,0.9852,-0.10219246546505016,0.9167,valid,,,,,False,ok,False,,"O'Reilly Automotive, Inc.",Consumer Cyclical,Specialty Retail,general_dcf,72835761350.0,0.9852,0.3780374789056834,0.19740063058460058,0.07086588712701333,0.30717159177867004,0.19813277759802017,0.19555891104307527,0.09309116056016165,2.2364087579477303,0.0017398535945232336,-0.036963905694126664,,8.0,2025.0,ttm,2026-08-07,2026-09-04,True,,,,0.09934830617276019,0.04694367769962456,0.125,0.2193483061727602,-0.2193483061727602,robust_return<=0; median_irr<=hurdle,False
96,OTIS,71.21,0.00435241168015639,0.023583197034895444,-0.12635720798280087,0.09660046063363553,0.0,0.12,0.25,0.12635720798280087,0.24635720798280086,0.12635720798280087,0.24635720798280086,25.57976322347864,52.85518147093651,73.36824707055008,25.57976322347864,73.36824707055008,False,,-0.25775619335856603,0.8050499999999999,1.0,0.1173273343082182,0.9848,-0.09641680296510455,0.8050499999999999,valid,,,forward_roic_cap_hit,,False,ok,False,,Otis Worldwide Corporation,Industrials,Industrial - Machinery,general_dcf,27107463630.0,0.9848,0.7258816088734021,,0.08037204108152608,0.6455095677918761,0.1447580284207614,0.15351083093018578,0.015981973389793902,3.264120276310443,0.0,-0.029715895277589777,elevated_leverage,8.0,2025.0,ttm,2026-07-23,2026-09-04,True,,,,0.12635720798280087,0.0586636671541091,0.125,0.24635720798280086,-0.24635720798280086,robust_return<=0; median_irr<=hurdle,False
104,MCD,255.69,0.003082398076367128,0.02058166319620798,-0.13148630385985594,0.10265256977290849,0.0,0.12,0.25,0.13148630385985594,0.25148630385985593,0.13148630385985594,0.25148630385985593,96.8096333155755,201.47011457253444,293.37420625694176,96.8096333155755,293.37420625694176,False,,-0.21205321063579163,0.8198,1.0,0.1224754368163822,0.9353,-0.09941833680379202,0.8198,valid,,,,,False,ok,False,,McDonald's Corporation,Consumer Cyclical,Restaurants,general_dcf,181669279140.0,0.9353,0.18961775705941464,0.13139506502445034,0.06740725074660772,0.12221050631280692,0.43523389640373805,0.4583814611608432,0.03411765915312581,3.5930504510524557,0.006635802469135803,-0.012660165475957386,elevated_leverage,8.0,2025.0,ttm,2026-08-07,2026-09-04,True,,,,0.13148630385985594,0.0612377184081911,0.125,0.25148630385985593,-0.25148630385985593,robust_return<=0; median_irr<=hurdle,False
303,UAL,111.38,0.0030039600183954795,0.16284737391397364,-0.95,0.6363210922456346,0.75,0.12,0.25,0.95,1.0699999999999998,0.95,1.0699999999999998,-56.2053272130841,143.99207048818042,753.262904507655,-56.2053272130841,753.262904507655,False,,0.29280005825265243,0.4128,1.0,0.8107765461228172,0.4843,0.04284737391397364,0.4128,valid,,,,,False,ok,True,bear,"United Airlines Holdings, Inc.",Industrials,"Airlines, Airports & Air Services",general_dcf,36150576305.0,0.4843,0.11139724115697172,0.5465351348676303,0.09083609339530302,0.020561147761668702,0.07828532791915829,0.0774856125401418,0.05244136817293299,2.1640406607369758,0.0,-0.003546847796669028,thin_interest_coverage;cyclical_revenue,8.0,2025.0,ttm,2026-07-16,2026-09-04,True,,,,0.95,0.4053882730614086,0.125,1.0699999999999998,-1.0523126040483115,robust_return<=0,False
64,PAYX,121.71,0.0026419346526381816,0.011318124918034328,-0.0742964162956923,0.062227905070176365,0.0,0.12,0.25,0.0742964162956923,0.19429641629569228,0.0742964162956923,0.19429641629569228,56.78970860535901,86.38567149201432,109.07010898383575,56.78970860535901,109.07010898383575,False,,-0.29023357577837217,0.8929,1.0,0.07147516068293433,0.9848,-0.10868187508196567,0.8929,valid,,,,,False,ok,False,,"Paychex, Inc.",Industrials,Staffing & Employment Services,general_dcf,43290160891.0,0.9848,0.26609775216569775,0.11491149872492346,0.08384921619074004,0.18224853597495771,0.39087679209438503,0.3855190417690418,0.08110856046543469,1.1692797399343062,0.014757371007371007,-0.003786515759150011,,8.0,2026.0,ttm,2026-07-17,2026-09-04,True,,,,0.0742964162956923,0.035737580341467165,0.125,0.19429641629569228,-0.19429641629569228,robust_return<=0; median_irr<=hurdle,False
124,PPG,112.53,0.002559563689283121,0.02017283301102,-0.15350670120096763,0.12339928993606011,0.25,0.12,0.25,0.15350670120096763,0.27350670120096765,0.15350670120096763,0.27350670120096765,34.58838083389154,80.57066830135452,124.755454087674,34.58838083389154,124.755454087674,False,,-0.28400721317555755,0.7556,1.0,0.14578499556851388,0.7535,-0.09982716698898,0.7556,valid,,,,,False,ok,False,,"PPG Industries, Inc.",Basic Materials,Chemicals - Specialty,general_dcf,25015419338.0,0.7535,0.11027170890768577,0.39650198918486124,0.08887002888200081,0.02140168002568496,0.12688760969798327,0.1247792460873272,0.004591619879200204,2.266228748068006,0.0028976377952755904,-0.01918872022395801,,8.0,2025.0,ttm,2026-07-29,2026-09-04,True,,,,0.15350670120096763,0.07289249778425694,0.125,0.27350670120096765,-0.27350670120096765,robust_return<=0; median_irr<=hurdle,False
119,TXT,79.07,0.0020335903100204035,0.015084036363987278,-0.14646494160406287,0.12443123011616992,0.25,0.12,0.25,0.14646494160406287,0.26646494160406287,0.14646494160406287,0.26646494160406287,26.770546594201644,57.77257205661736,90.57294279130673,26.770546594201644,90.57294279130673,False,,-0.26934903178680447,0.61794,1.0,0.14690988586011638,0.642,-0.10491596363601272,0.61794,valid,,,share_change_floor_hit,,False,ok,False,,Textron Inc.,Industrials,Aerospace & Defense,general_dcf,13599012089.999998,0.642,0.08202194777352559,0.141012093543685,0.0845223568756617,-0.002500409102136114,0.06919660549664519,0.06560755118319596,0.011824558863952728,1.608632040965618,0.0,-0.05194242253153214,,8.0,2026.0,ttm,2026-07-28,2026-09-04,True,,,,0.14646494160406287,0.07345494293005819,0.125,0.26646494160406287,-0.26646494160406287,robust_return<=0; median_irr<=hurdle,False
72,BIIB,220.83,0.0017383521735610252,0.008116444075130885,-0.09535928390978367,0.086079804453766,0.0,0.12,0.25,0.09535928390978367,0.21535928390978365,0.09535928390978367,0.21535928390978365,103.78497472286193,163.7881852580504,237.90913949541223,103.78497472286193,237.90913949541223,False,,-0.2583064562874139,0.553635,0.7,0.11311049418177482,0.6476,-0.11188355592486911,0.38754449999999996,valid,,,forward_roic_floor_hit;reinvestment_cap_hit,,False,ok,False,,Biogen Inc.,Healthcare,Drug Manufacturers - General,general_dcf,32628515378.0,0.6476,0.07426099117084277,-0.11553738708399777,0.06934661371275123,0.0049143774580915345,0.2706785477390644,0.19137463559823048,-0.04410238223859042,1.1787085120794762,0.029641408272684647,0.0015956261390392967,incremental_roic_below_wacc,8.0,2025.0,annual,2026-02-06,2026-09-04,True,,,,0.09535928390978367,0.05655524709088741,0.125,0.21535928390978365,-0.21535928390978365,robust_return<=0; median_irr<=hurdle,False
81,MTB,239.84,0.00108506691163468,0.018915103862574778,-0.1014780897239218,0.06798814964531097,0.0,0.12,0.25,0.1014780897239218,0.2214780897239218,0.1014780897239218,0.2214780897239218,140.4639814389234,263.39748005371575,333.2374362083209,140.4639814389234,333.2374362083209,False,,0.09822164798914179,0.6,0.8,0.10273311968461638,0.533277620614586,-0.10108489613742522,0.48,valid,,,specialist_model_v1,,False,specialist,False,,M&T Bank Corporation,Financial Services,Banks - Regional,bank,34760730720.0,,,,,,,,,,,,,,,,,2026-09-04,True,144933000.0,0.573,Justified P/B residual-income proxy; no regulatory-capital or reserve-detail model,0.1014780897239218,0.05136655984230819,0.125,0.2214780897239218,-0.2214780897239218,robust_return<=0; median_irr<=hurdle,False
105,VRTX,546.12,3.910349732910018e-05,0.009999842559045676,-0.1330477708397665,0.11320449971099153,0.0,0.12,0.25,0.1330477708397665,0.2530477708397665,0.1330477708397665,0.2530477708397665,204.38874887990488,412.56493411197675,654.3712086119517,204.38874887990488,654.3712086119517,False,,-0.24455259995609624,0.6176,1.0,0.134598135275379,0.8782,-0.11000015744095432,0.6176,valid,,,,,False,ok,False,,Vertex Pharmaceuticals Incorporated,Healthcare,Biotechnology,general_dcf,138607986600.0,0.8782,0.28728024082636705,0.13529162365860806,0.07252462865963438,0.21475561216673267,0.37779085295187886,0.3859223877759559,0.2173528009112493,-1.1532557272138355,0.05889028492684311,-0.004393389129279002,heavy_sbc,8.0,2025.0,ttm,2026-08-04,2026-09-04,True,,,,0.1330477708397665,0.0672990676376895,0.125,0.2530477708397665,-0.2530477708397665,robust_return<=0; median_irr<=hurdle,False
82,PM,182.53,-0.0013806420123728229,0.011574552615638847,-0.10503707162279168,0.07636539834202269,0.0,0.12,0.25,0.10503707162279168,0.22503707162279168,0.10503707162279168,0.22503707162279168,79.8846227156232,139.7997210061595,188.15413590929097,79.8846227156232,188.15413590929097,False,,-0.23410003283756364,0.8816,1.0,0.09425323498240717,0.9783,-0.10842544738436115,0.8816,valid,,,,,False,ok,False,,Philip Morris International Inc.,Consumer Defensive,Tobacco,general_dcf,284493083300.0,0.9783,0.3645060948567819,0.0740186415125545,0.06932881188149359,0.29517728297528834,0.375011668771804,0.37745916088847103,0.046226778751697895,2.3809366026065826,0.0,0.0023186132197321463,,8.0,2025.0,ttm,2026-07-24,2026-09-04,True,,,,0.10503707162279168,0.04712661749120359,0.125,0.22503707162279168,-0.22503707162279168,robust_return<=0; median_irr<=hurdle,False
87,EBAY,103.41,-0.0020746597379911434,0.008299522160086805,-0.11072606098605316,0.08582837771391498,0.0,0.12,0.25,0.11072606098605316,0.23072606098605314,0.11072606098605316,0.23072606098605314,38.02653780062654,67.03900290639805,91.96998810801017,38.02653780062654,91.96998810801017,False,,-0.35171644032107097,0.6620400000000001,1.0,0.10841601934998407,0.9445,-0.11170047783991319,0.6620400000000001,valid,,,share_change_floor_hit,,False,ok,False,,eBay Inc.,Consumer Cyclical,Specialty Retail,general_dcf,45914040000.0,0.9445,0.25115872807710987,,0.10732156811086765,0.14383715996624222,0.2318380411812394,0.20519653564290474,0.036268770373628634,1.3278916290378604,0.0568631329113924,-0.06439184111788199,heavy_sbc,8.0,2025.0,ttm,2026-08-06,2026-09-04,True,,,,0.11072606098605316,0.054208009674992036,0.125,0.23072606098605314,-0.23072606098605314,robust_return<=0; median_irr<=hurdle,False
69,AOS,60.48,-0.00479151297477071,0.0016140102292411306,-0.08907033141003919,0.06667625905247408,0.0,0.12,0.25,0.08907033141003919,0.20907033141003917,0.08907033141003919,0.20907033141003917,26.31039398096513,39.93323279992509,51.57966626400909,26.31039398096513,51.57966626400909,False,,-0.3397282936520323,0.8133,1.0,0.08347429523125663,0.9271,-0.11838598977075887,0.8133,valid,,,,,False,ok,False,,A. O. Smith Corporation,Industrials,Industrial - Machinery,general_dcf,8381728514.999999,0.9271,0.22252654430285335,0.2108640304651065,0.10140648229055671,0.12112006201229664,0.17426573959201086,0.17574706299771348,0.026568913605153677,0.6509000131388779,0.0036029450159260614,-0.038406661410573695,,8.0,2025.0,ttm,2026-07-30,2026-09-04,True,,,,0.08907033141003919,0.041737147615628314,0.125,0.20907033141003917,-0.20907033141003917,robust_return<=0; median_irr<=hurdle,False
99,SWKS,74.02,-0.005535196981509189,0.016397920390591052,-0.12879262564238156,0.07385599693516269,0.0,0.12,0.25,0.12879262564238156,0.24879262564238155,0.12879262564238156,0.24879262564238155,25.26772165040226,49.23426392363485,59.62882566532724,25.26772165040226,59.62882566532724,False,,-0.3348518789025283,0.44451,1.0,0.11798901128877212,0.6714,-0.10360207960940894,0.44451,valid,,,reinvestment_cap_hit,,False,ok,False,,"Skyworks Solutions, Inc.",Technology,Semiconductors,general_dcf,11137995324.0,0.6714,0.05073129070139853,,0.11982861249142422,-0.0690973217900257,0.27206351044866306,0.07892180065269923,0.007895169321973539,-0.15137144321968726,0.04315461943513643,-0.026195630452851004,cyclical_revenue,8.0,2025.0,ttm,2026-07-28,2026-09-04,True,,,,0.12879262564238156,0.05899450564438606,0.125,0.24879262564238155,-0.24879262564238155,robust_return<=0; median_irr<=hurdle,False
95,L,109.3,-0.008443834237199827,0.01205043872825362,-0.12606307280341122,0.06818685839810468,0.0,0.12,0.25,0.12606307280341122,0.24606307280341122,0.12606307280341122,0.24606307280341122,55.721219625118714,116.04620682630467,152.0044545379506,55.721219625118714,152.0044545379506,False,,0.06172192887744443,0.6,0.8,0.11512496560075794,0.4801640755782821,-0.10794956127174637,0.48,valid,,,specialist_model_v1,,False,specialist,False,,Loews Corporation,Financial Services,Insurance - Property & Casualty,insurance,22490551700.0,,,,,,,,,,,,,,,,,2026-09-04,True,205769000.0,0.507,Justified P/B residual-income proxy; no regulatory-capital or reserve-detail model,0.12606307280341122,0.05756248280037897,0.125,0.24606307280341122,-0.24606307280341122,robust_return<=0; median_irr<=hurdle,False
97,BR,172.88,-0.011327993351005677,0.0034078024677001214,-0.1271195672801695,0.07499198894074653,0.0,0.12,0.25,0.1271195672801695,0.24711956728016948,0.1271195672801695,0.24711956728016948,62.545124714413944,117.81709504844619,161.1118401198998,62.545124714413944,161.1118401198998,False,,-0.318503614944203,0.79344,1.0,0.10725257811045802,0.867,-0.11659219753229988,0.79344,valid,,,forward_roic_cap_hit,,False,ok,False,,"Broadridge Financial Solutions, Inc.",Technology,Information Technology Services,general_dcf,19994955040.0,0.867,0.17361815009713402,2.204962552609776,0.08590471721156039,0.08771343288557364,0.15206242107890017,0.17420545252771055,0.08001766005318234,1.9078157540120053,0.010850187496157866,-0.009615980212059005,,8.0,2026.0,ttm,2026-08-04,2026-09-04,True,,,,0.1271195672801695,0.05362628905522901,0.125,0.24711956728016948,-0.24711956728016948,robust_return<=0; median_irr<=hurdle,False
156,ABBV,256.34,-0.012434898165156458,0.006129270652309087,-0.17654221406410212,0.11454408009885811,0.0,0.12,0.25,0.17654221406410212,0.2965422140641021,0.17654221406410212,0.2965422140641021,75.75384389095879,189.28964476614988,308.37334032131236,75.75384389095879,308.37334032131236,False,,-0.26156805505910163,0.6482,1.0,0.15609714708148012,0.9234,-0.11387072934769091,0.6482,valid,,,,,False,ok,False,,AbbVie Inc.,Healthcare,Drug Manufacturers - General,general_dcf,452899671735.0,0.9234,0.2913525841078226,,0.07059848300686056,0.22075410110096205,0.28007514501636444,0.29321591650358775,0.09331472871090596,2.402160909226858,0.015614780902550687,-0.0013140619604852244,,8.0,2025.0,ttm,2026-08-03,2026-09-04,True,,,,0.17654221406410212,0.07804857354074006,0.125,0.2965422140641021,-0.2965422140641021,robust_return<=0; median_irr<=hurdle,False
67,TSCO,34.99,-0.013614900517859466,-0.007285990496166021,-0.08613604400306936,0.04624842292396354,0.0,0.12,0.25,0.08613604400306936,0.20613604400306934,0.08613604400306936,0.20613604400306934,16.67559202812445,23.6032344708088,30.77285207557568,16.67559202812445,30.77285207557568,False,,-0.32542913773052873,0.7263900000000001,1.0,0.07440053346351645,0.8265,-0.127285990496166,0.7263900000000001,valid,,,reinvestment_cap_hit,,False,ok,False,,Tractor Supply Company,Consumer Cyclical,Specialty Retail,general_dcf,18350505500.0,0.8265,0.1221185396772932,0.03805267903443068,0.0665086257137327,0.055609913963560506,0.096563335188451,0.08912180226624489,0.1010940863197809,3.300231991663538,0.0036757814296607986,-0.021955913912675262,elevated_leverage;incremental_roic_below_wacc,8.0,2025.0,ttm,2026-08-06,2026-09-04,True,,,,0.08613604400306936,0.037200266731758226,0.125,0.20613604400306934,-0.20613604400306934,robust_return<=0; median_irr<=hurdle,False
62,HSY,173.15,-0.015564991102291943,-0.016793052613502342,-0.07259444668306966,0.04392058750090658,0.0,0.12,0.25,0.07259444668306966,0.19259444668306966,0.07259444668306966,0.19259444668306966,84.44785357537512,109.4455745941136,150.5381990854526,84.44785357537512,150.5381990854526,False,,-0.3679146717059567,0.6642,1.0,0.06833151709198812,0.9015,-0.13679305261350233,0.6642,valid,,,forward_roic_floor_hit;reinvestment_cap_hit,,False,ok,False,,The Hershey Company,Consumer Defensive,Food Confectioners,general_dcf,35116483106.0,0.9015,0.1918551762405282,-0.4027921326222956,0.07005383200044853,0.12180134424007967,0.21786215855119656,0.17578695077701975,0.05971136737461946,1.806628510851091,0.005598424162477114,-0.003725755580062051,incremental_roic_below_wacc,8.0,2025.0,ttm,2026-07-30,2026-09-04,True,,,,0.07259444668306966,0.03416575854599406,0.125,0.19259444668306966,-0.19259444668306966,robust_return<=0; median_irr<=hurdle,False
54,NKE,38.4,-0.016425413877004733,-0.022471642890013722,-0.05801093783229587,0.037252568104304384,0.0,0.12,0.0,0.05801093783229587,0.17801093783229588,0.05801093783229587,0.17801093783229588,19.889914991456376,21.474332040733266,28.67635935777814,19.889914991456376,28.67635935777814,False,,-0.4407726031059045,0.588789,1.0,0.059968082968300127,0.8398,-0.1424716428900137,0.588789,valid,,,forward_roic_floor_hit;reinvestment_cap_hit,,False,ok,False,,"NIKE, Inc.",Consumer Cyclical,Apparel - Footwear & Accessories,general_dcf,56824751040.0,0.8398,0.1903205635142238,-1.2394377554731943,0.09546713831223595,0.09485342520198785,0.11874099658327855,0.0819000819000819,0.024685360359247177,0.44078224566029445,0.015410146989094358,-0.01880382435635297,incremental_roic_below_wacc,8.0,2026.0,ttm,2026-07-15,2026-09-04,True,,,,0.05801093783229587,0.029984041484150063,0.0,0.17801093783229588,-0.17801093783229588,robust_return<=0; median_irr<=hurdle,False
235,PFE,28.45,-0.020540780210285443,0.008659547846764355,-0.29090088150696836,0.1914186649722979,0.25,0.12,0.25,0.29090088150696836,0.41090088150696835,0.29090088150696836,0.41090088150696835,5.010503507760472,20.793506003791013,50.15236975609543,5.010503507760472,50.15236975609543,False,,-0.2691210543482948,0.36198900000000006,1.0,0.2603001032396331,0.7198,-0.11134045215323564,0.36198900000000006,valid,,,forward_roic_floor_hit;reinvestment_cap_hit,,False,ok,False,,Pfizer Inc.,Healthcare,Drug Manufacturers - General,general_dcf,162149068000.0,0.7198,0.10519369352891686,-0.08432284924605535,0.06823452421620532,0.03695916931271154,0.251237204699979,0.250816377794524,0.022244399137135495,2.2825797872340425,0.008815676792101153,-0.001980780018675521,cyclical_revenue;incremental_roic_below_wacc,8.0,2025.0,ttm,2026-08-04,2026-09-04,True,,,,0.29090088150696836,0.13015005161981655,0.125,0.41090088150696835,-0.41090088150696835,robust_return<=0; median_irr<=hurdle,False
137,AIZ,285.74,-0.021039626541628137,0.002625414094452827,-0.16457452844961284,0.07516519409419464,0.0,0.12,0.25,0.16457452844961284,0.28457452844961284,0.16457452844961284,0.28457452844961284,116.28122618490525,289.5106763778019,410.5320083587491,116.28122618490525,410.5320083587491,False,,0.01319617966613662,0.6,0.8,0.13786986127190373,0.40164745438666344,-0.11737458590554717,0.48,valid,,,specialist_model_v1,,False,specialist,False,,"Assurant, Inc.",Financial Services,Insurance - Property & Casualty,insurance,14157731224.0,,,,,,,,,,,,,,,,,2026-09-04,True,49547600.0,0.543,Justified P/B residual-income proxy; no regulatory-capital or reserve-detail model,0.16457452844961284,0.06893493063595187,0.125,0.28457452844961284,-0.28457452844961284,robust_return<=0; median_irr<=hurdle,False
70,DHI,142.75,-0.021624268684536194,-0.032076242056791646,-0.09004762714612294,0.06770303652156145,0.0,0.12,0.25,0.09004762714612294,0.21004762714612293,0.09004762714612294,0.21004762714612293,59.94259833791723,66.23352302433717,114.60218836191005,59.94259833791723,114.60218836191005,False,,-0.5360173518435225,0.45846810000000005,1.0,0.09512128883384219,0.6802,-0.15207624205679166,0.45846810000000005,valid,,,forward_roic_floor_hit;share_change_floor_hit;reinvestment_cap_hit,,False,ok,False,,"D.R. Horton, Inc.",Consumer Cyclical,Residential Construction,general_dcf,39927355864.0,0.6802,0.10256985992859616,-0.07310092748107339,0.10609718021907921,-0.0035273202904830547,0.15579730005557357,0.11639015409341558,0.11418597975037237,1.2782062196404427,0.003209117044460265,-0.0667373579426046,incremental_roic_below_wacc,8.0,2025.0,ttm,2026-07-23,2026-09-04,True,,,,0.09004762714612294,0.047560644416921094,0.125,0.21004762714612293,-0.21004762714612293,robust_return<=0; median_irr<=hurdle,False
113,HBAN,17.03,-0.021924132139127306,-0.0014457225453781142,-0.14207482322195775,0.05726973975620475,0.0,0.12,0.25,0.14207482322195775,0.26207482322195774,0.14207482322195775,0.26207482322195774,7.915196706777737,16.90725215739265,22.497986918203708,7.915196706777737,22.497986918203708,False,,-0.0072077417855167525,0.6,0.8,0.11767228148908124,0.46815393968775926,-0.12144572254537811,0.48,valid,,,specialist_model_v1,,False,specialist,False,,Huntington Bancshares Incorporated,Financial Services,Banks - Regional,bank,34407667075.0,,,,,,,,,,,,,,,,,2026-09-04,True,2020414977.980035,0.946,Justified P/B residual-income proxy; no regulatory-capital or reserve-detail model,0.14207482322195775,0.05883614074454062,0.125,0.26207482322195774,-0.26207482322195774,robust_return<=0; median_irr<=hurdle,False
90,MNST,43.82,-0.022467519898782453,-0.013631176983471934,-0.11383568138116966,0.05122795575298371,0.0,0.12,0.25,0.11383568138116966,0.23383568138116967,0.11383568138116966,0.23383568138116967,18.03581910107071,29.856848559881836,39.75385874574424,18.03581910107071,39.75385874574424,False,,-0.31864791054582753,0.8473,1.0,0.08711281856707669,0.9638,-0.13363117698347193,0.8473,valid,,,,,False,ok,False,,Monster Beverage Corporation,Consumer Defensive,Beverages - Non-Alcoholic,general_dcf,85712630760.0,0.9638,0.34715848696729135,0.23892665820974032,0.07400000000000001,0.27315848696729134,0.30803030191925174,0.29161501584344257,0.11766377971547848,-1.2174210266587766,0.012143138082634732,-0.024987757467859084,,8.0,2025.0,ttm,2026-08-07,2026-09-04,True,,,,0.11383568138116966,0.04355640928353834,0.125,0.23383568138116967,-0.23383568138116967,robust_return<=0; median_irr<=hurdle,False
143,VRSK,185.79,-0.02744503360227097,-0.012769489845959442,-0.16750299966661258,0.08326184494944758,0.0,0.12,0.25,0.16750299966661258,0.2875029996666126,0.16750299966661258,0.2875029996666126,56.66654468189472,124.69927681114854,186.77026164474552,56.66654468189472,186.77026164474552,False,,-0.32881599218930757,0.7055100000000001,1.0,0.1342171223080301,0.943,-0.13276948984595943,0.7055100000000001,valid,,,share_change_floor_hit,,False,ok,False,,"Verisk Analytics, Inc.",Technology,Software - Services,general_dcf,24181686770.0,0.943,0.3816549486958677,,0.07590226205164369,0.305752686644224,0.42172227797197337,0.446843112244898,0.03623115196750715,2.3536528887345143,0.017639209815471735,-0.06274555930634207,,8.0,2025.0,ttm,2026-07-29,2026-09-04,True,,,,0.16750299966661258,0.06710856115401505,0.125,0.2875029996666126,-0.2875029996666126,robust_return<=0; median_irr<=hurdle,False
121,HII,285.93,-0.02959701484651303,-0.019249314122134792,-0.1494679813622497,0.06957855022046716,0.0,0.12,0.25,0.1494679813622497,0.2694679813622497,0.1494679813622497,0.2694679813622497,91.80466554231886,177.78947289747234,282.40897288693805,91.80466554231886,282.40897288693805,False,,-0.37820629910302406,0.65934,1.0,0.11974306579135843,0.6451,-0.1392493141221348,0.65934,valid,,,reinvestment_cap_hit,,False,ok,False,,"Huntington Ingalls Industries, Inc.",Industrials,Aerospace & Defense,general_dcf,11266956706.0,0.6451,0.06886608103932305,0.04451518236260853,0.06853128525206935,0.0003347957872537055,0.06102485467315274,0.05180128934395146,0.06232886601518706,2.908457711442786,0.002968395320412083,-0.00501261550340415,incremental_roic_below_wacc,8.0,2025.0,ttm,2026-07-30,2026-09-04,True,,,,0.1494679813622497,0.059871532895679216,0.125,0.2694679813622497,-0.2694679813622497,robust_return<=0; median_irr<=hurdle,False
92,VTR,90.27,-0.02973277299061694,-0.0006574221625937904,-0.11695882547468639,-0.0006574221625937904,0.0,0.12,0.25,0.11695882547468639,0.23695882547468639,0.11695882547468639,0.23695882547468639,48.467231640297456,89.97366240096444,89.97366240096444,48.467231640297456,89.97366240096444,False,,-0.003282791614440561,0.6,0.8,0.07615070165604629,0.5386824360256111,-0.12065742216259379,0.48,valid,,,specialist_model_v1,,False,specialist,False,,"Ventas, Inc.",Real Estate,REIT - Healthcare Facilities,reit,43886565900.0,,,,,,,,,,,,,,,,,2026-09-04,True,486170000.0,0.731,P/AFFO Gordon proxy; no property-level NOI or maintenance-capex detail,0.11695882547468639,0.038075350828023144,0.125,0.23695882547468639,-0.23695882547468639,robust_return<=0; median_irr<=hurdle,False
136,QCOM,168.74,-0.029791838373785105,-0.019898902543354753,-0.16287766992172686,0.08350812151329594,0.0,0.12,0.25,0.16287766992172686,0.28287766992172686,0.16287766992172686,0.28287766992172686,47.11778710708471,92.72001537632502,139.87591088473266,47.11778710708471,139.87591088473266,False,,-0.45051549498444343,0.5392,1.0,0.1370168957175114,0.8685,-0.13989890254335474,0.5392,valid,,,,,False,ok,False,,QUALCOMM Incorporated,Technology,Semiconductors,general_dcf,177177000000.0,0.8685,0.2576637392692592,0.19884242462262983,0.12490977759645944,0.13275396167279974,0.27240711397066963,0.23188636002632235,0.09994948852052121,0.5907394843962008,0.06796365689646322,-0.02034668251722571,heavy_sbc;cyclical_revenue,8.0,2025.0,ttm,2026-07-29,2026-09-04,True,,,,0.16287766992172686,0.0685084478587557,0.125,0.28287766992172686,-0.28287766992172686,robust_return<=0; median_irr<=hurdle,False
147,ADM,84.61,-0.03208106941310686,-0.018943168071564254,-0.16856274458114057,0.07812480307184164,0.0,0.12,0.25,0.16856274458114057,0.28856274458114056,0.16856274458114057,0.28856274458114056,27.047279131215213,55.964625128858216,84.38053440079257,27.047279131215213,84.38053440079257,False,,-0.3385577930639615,0.47826,1.0,0.1389959738264911,0.4412,-0.13894316807156426,0.47826,valid,,,reinvestment_cap_hit,,False,ok,False,,Archer-Daniels-Midland Company,Consumer Defensive,Agricultural Farm Products,general_dcf,40778381770.0,0.4412,0.0732143136153888,,0.07760819385904529,-0.004393880243656487,0.029387294404086977,0.02461662139611932,0.03210258008547795,-0.08317757009345794,0.0010340230973352104,-0.04849491278036211,thin_interest_coverage,8.0,2025.0,ttm,2026-08-04,2026-09-04,True,,,,0.16856274458114057,0.06949798691324555,0.125,0.28856274458114056,-0.28856274458114056,robust_return<=0; median_irr<=hurdle,False
149,LLY,1148.2,-0.032420870628811806,-0.018782858605118205,-0.1717290623731969,0.0796112970681861,0.0,0.12,0.25,0.1717290623731969,0.2917290623731969,0.1717290623731969,0.2917290623731969,340.72852519616436,758.0071257808135,1178.82468811184,340.72852519616436,1178.82468811184,False,,-0.33983005941402766,0.5814900000000001,1.0,0.1382254797206915,0.9387,-0.1387828586051182,0.5814900000000001,valid,,,base_growth_cap_hit,,False,ok,False,,Eli Lilly and Company,Healthcare,Drug Manufacturers - General,general_dcf,1081307016200.0,0.9387,0.37532549953209626,0.46811342852770665,0.07216644159814542,0.3031590579339508,0.2985125860686211,0.4392022674723658,0.17173452760489116,1.2391575734534797,0.014333066179425301,-0.020220564960768295,,8.0,2025.0,ttm,2026-08-05,2026-09-04,True,,,,0.1717290623731969,0.06911273986034575,0.125,0.2917290623731969,-0.2917290623731969,robust_return<=0; median_irr<=hurdle,False
101,RF,30.42,-0.0346076880230754,-0.018472771278654765,-0.129860596975645,0.028375387440652933,0.0,0.12,0.25,0.129860596975645,0.249860596975645,0.129860596975645,0.249860596975645,15.174115563718114,27.712197751760403,34.987876057321024,15.174115563718114,34.987876057321024,False,,-0.08901388061274162,0.6,0.8,0.09711799220814896,0.5475608863520826,-0.13847277127865476,0.48,valid,,,specialist_model_v1,,False,specialist,False,,Regions Financial Corporation,Financial Services,Banks - Regional,bank,25959819600.0,,,,,,,,,,,,,,,,,2026-09-04,True,853380000.0,1.012,Justified P/B residual-income proxy; no regulatory-capital or reserve-detail model,0.129860596975645,0.04855899610407448,0.125,0.249860596975645,-0.249860596975645,robust_return<=0; median_irr<=hurdle,False
84,AVY,175.06,-0.03540970102985736,-0.028052240220131315,-0.10691862204985227,0.02138429837068546,0.0,0.12,0.25,0.10691862204985227,0.22691862204985225,0.10691862204985227,0.22691862204985225,71.39665191643938,101.41668316453777,127.3661473941192,71.39665191643938,127.3661473941192,False,,-0.4206747220122371,0.8264,1.0,0.06935946021026887,0.8534,-0.1480522402201313,0.8264,valid,,,,,False,ok,False,,Avery Dennison Corporation,Consumer Cyclical,Packaging & Containers,general_dcf,13390409424.0,0.8534,0.14973977127290433,0.0533767593904854,0.07954193497544274,0.0701978362974616,0.12112797327355174,0.12413360582173635,0.03084742229791626,2.314952706782049,0.0031505843825870928,-0.022820121934728266,incremental_roic_below_wacc,8.0,2025.0,ttm,2026-08-04,2026-09-04,True,,,,0.10691862204985227,0.034679730105134435,0.125,0.22691862204985225,-0.22691862204985225,robust_return<=0; median_irr<=hurdle,False
123,EXPD,188.8,-0.03651355564870752,-0.030452290235552903,-0.15312211305717935,0.06797247093345506,0.0,0.12,0.25,0.15312211305717935,0.27312211305717937,0.15312211305717935,0.27312211305717937,60.82239286772888,110.82740961206609,165.0759298582685,60.82239286772888,165.0759298582685,False,,-0.412990415190328,0.53073,0.95,0.12612539199531722,0.9805,-0.1504522902355529,0.5041935,valid,,,share_change_floor_hit,,False,ok,False,,"Expeditors International of Washington, Inc.",Industrials,Integrated Freight & Logistics,general_dcf,24693340800.0,0.9805,0.5301623306592967,,0.09926467562909065,0.4308976550302061,0.09817747651779296,0.09832151905591242,0.04491666064397681,-0.37484312993928703,0.006254489448874782,-0.06890904105664042,cyclical_revenue,8.0,2025.0,ttm,2026-08-05,2026-09-04,True,,,,0.15312211305717935,0.06306269599765861,0.125,0.27312211305717937,-0.27312211305717937,robust_return<=0; median_irr<=hurdle,False
173,TJX,132.08,-0.036670650054293194,-0.023070501571055477,-0.19158595930202862,0.09104436222696678,0.0,0.12,0.25,0.19158595930202862,0.3115859593020286,0.19158595930202862,0.3115859593020286,36.65392035596224,84.9487674549066,139.67329981334612,36.65392035596224,139.67329981334612,False,,-0.3568385262348077,0.541,1.0,0.15508516076449771,0.9153,-0.14307050157105547,0.541,valid,,,,,False,ok,False,,"The TJX Companies, Inc.",Consumer Cyclical,Apparel - Retail,general_dcf,145909363228.0,0.9153,0.3163621480062569,0.3518534824190332,0.07578549235703921,0.24057665564921768,0.1063916885959994,0.1282651572246364,0.06451848879760735,0.9259300512363555,0.003246983676366217,-0.017567711378715933,cyclical_revenue,8.0,2026.0,ttm,2026-08-28,2026-09-04,True,,,,0.19158595930202862,0.07754258038224886,0.125,0.3115859593020286,-0.3115859593020286,robust_return<=0; median_irr<=hurdle,False
150,AMGN,437.23,-0.040363524104031934,-0.026096700722700886,-0.17220173474488545,0.06294103977415949,0.0,0.12,0.25,0.17220173474488545,0.2922017347448854,0.17220173474488545,0.2922017347448854,133.18431220683377,274.7798403026888,417.5522284348557,133.18431220683377,417.5522284348557,False,,-0.37154394642936495,0.7715,0.7,0.13342638725952247,0.8534,-0.14609670072270087,0.5400499999999999,valid,,,,,False,ok,False,,Amgen Inc.,Healthcare,Drug Manufacturers - General,general_dcf,235976528840.0,0.8534,0.17343685784665275,0.12051756984447885,0.07362922936700501,0.09980762847964773,0.3267543447010294,0.29057456247788577,0.06433283393956057,2.870352837215174,0.015289109613338063,0.0006157637024006846,thin_interest_coverage,8.0,2025.0,annual,2026-02-13,2026-09-04,True,,,,0.17220173474488545,0.06671319362976123,0.125,0.2922017347448854,-0.2922017347448854,robust_return<=0; median_irr<=hurdle,False
79,DLR,188.39,-0.04052665933146224,-0.02055786384073144,-0.10043304580365464,-0.02055786384073144,0.0,0.12,0.25,0.10043304580365464,0.22043304580365464,0.10043304580365464,0.22043304580365464,110.97504041375475,169.8055045313029,169.8055045313029,110.97504041375475,169.8055045313029,False,,-0.09864905498538723,0.6,0.8,0.0579375909814616,0.6535420669669575,-0.14055786384073143,0.48,valid,,,specialist_model_v1,,False,specialist,False,,"Digital Realty Trust, Inc.",Real Estate,REIT - Specialty,reit,69699779017.0,,,,,,,,,,,,,,,,,2026-09-04,True,369976002.00116783,1.042,P/AFFO Gordon proxy; no property-level NOI or maintenance-capex detail,0.10043304580365464,0.0289687954907308,0.125,0.22043304580365464,-0.22043304580365464,robust_return<=0; median_irr<=hurdle,False
171,GILD,151.0,-0.04120234715082913,-0.024759179254760934,-0.1907243362133158,0.07543330611952116,0.0,0.12,0.25,0.1907243362133158,0.3107243362133158,0.1907243362133158,0.3107243362133158,43.06126861696241,97.76116705932999,153.54775759401895,43.06126861696241,153.54775759401895,False,,-0.35257505258721855,0.7637,0.7,0.14916782116641847,0.8797,-0.14475917925476092,0.53459,valid,,,,,False,ok,False,,"Gilead Sciences, Inc.",Healthcare,Drug Manufacturers - General,general_dcf,187477050974.37003,0.8797,0.23608782307396914,,0.06990992690093038,0.16617789617303874,0.27457344275875006,0.3974254466408532,0.04164727434795856,1.0596086024479634,0.029039437991236,-0.0018523461304686961,,8.0,2025.0,annual,2026-02-24,2026-09-04,True,,,,0.1907243362133158,0.07458391058320923,0.125,0.3107243362133158,-0.3107243362133158,robust_return<=0; median_irr<=hurdle,False
199,KVUE,18.74,-0.041506522370036686,-0.016453694598749253,-0.23900021319277587,0.10588151291012765,0.0,0.12,0.25,0.23900021319277587,0.35900021319277586,0.23900021319277587,0.35900021319277586,4.01851718578157,12.474721804414482,21.83439444027344,4.01851718578157,21.83439444027344,False,,-0.33432647788610015,0.7386,0.6499999999999999,0.19078286305145176,0.4949,-0.13645369459874926,0.48008999999999996,valid,,,,,False,ok,False,,Kenvue Inc.,Consumer Defensive,Household & Personal Products,general_dcf,35980962438.0,0.4949,0.1085399929396204,,0.06765688208020763,0.04088311085941276,0.16265216265216265,0.17878868024332187,0.009098884434247001,2.288255136461208,0.012173012173012173,0.0015826122187574398,,7.0,2025.0,annual,2026-02-20,2026-09-04,True,,,,0.23900021319277587,0.09539143152572588,0.125,0.35900021319277586,-0.35900021319277586,robust_return<=0; median_irr<=hurdle,False
305,DAL,80.17,-0.042454266024287785,0.108620553475339,-0.95,0.5629418289521708,0.25,0.12,0.25,0.95,1.0699999999999998,0.95,1.0699999999999998,-41.68167009419529,83.62307751337673,473.6434136846421,-41.68167009419529,473.6434136846421,False,,0.04307194104249379,0.4187,1.0,0.7739099144760854,0.4802,-0.011379446524660997,0.4187,valid,,,,,False,ok,True,bear,"Delta Air Lines, Inc.",Industrials,"Airlines, Airports & Air Services",general_dcf,52721635910.0,0.4802,0.11347644226181147,0.2925212432198165,0.09538084621706458,0.018095596044746892,0.09349638415522864,0.08077672177720503,0.05199235309385486,2.2694814814814817,0.0,0.008252049186159294,cyclical_revenue,8.0,2025.0,ttm,2026-07-10,2026-09-04,True,,,,0.95,0.3869549572380427,0.125,1.0699999999999998,-1.0699999999999998,robust_return<=0; median_irr<=hurdle,False
210,GDDY,101.31,-0.043149758975778205,-0.009919447731226655,-0.26008439085562707,0.10732425041496757,0.0,0.12,0.25,0.26008439085562707,0.38008439085562706,0.26008439085562707,0.38008439085562706,19.45316240692025,64.96182698535131,108.59116305161736,19.45316240692025,108.59116305161736,False,,-0.35878169000739013,0.613494,1.0,0.19529950063529733,0.7323,-0.12991944773122666,0.613494,valid,,,forward_roic_cap_hit;share_change_floor_hit,,False,ok,False,,GoDaddy Inc.,Technology,Software - Infrastructure,general_dcf,13414441600.0,0.7323,0.4299450345391072,6.250413223140496,0.08542319407475323,0.34452184046435397,0.11102806941403387,0.25201308751787777,0.09280680491839521,1.9477157360406092,0.06557771363596607,-0.06732248183061451,heavy_sbc;peak_cycle_margins,8.0,2025.0,ttm,2026-07-31,2026-09-04,True,,,,0.26008439085562707,0.09764975031764866,0.125,0.38008439085562706,-0.38008439085562706,robust_return<=0; median_irr<=hurdle,False
238,GEN,30.65,-0.044112754228990476,-0.008758682920597463,-0.2949035784462466,0.1359699273714796,0.25,0.12,0.25,0.2949035784462466,0.4149035784462466,0.2949035784462466,0.4149035784462466,4.091590995362388,17.09875419282786,35.82158477915359,4.091590995362388,35.82158477915359,False,,-0.4421287375912606,0.41157,1.0,0.2330896529088631,0.6402,-0.12875868292059744,0.41157,valid,,,reinvestment_cap_hit,,False,ok,False,,Gen Digital Inc.,Technology,Software - Infrastructure,general_dcf,18346387042.0,0.6402,0.15657121236314456,0.10027188194900236,0.09495557963665034,0.061615632726494216,0.355338434982158,0.4209490057097854,0.007931476795870251,2.8931965032307105,0.03631578947368421,-0.011346198039045685,thin_interest_coverage;cyclical_revenue,8.0,2026.0,ttm,2026-08-07,2026-09-04,True,,,,0.2949035784462466,0.11654482645443155,0.125,0.4149035784462466,-0.4149035784462466,robust_return<=0; median_irr<=hurdle,False
127,TRV,369.35,-0.04465569298374575,-0.026480349079923582,-0.15520583281590172,0.029543759040765893,0.0,0.12,0.25,0.15520583281590172,0.2752058328159017,0.15520583281590172,0.2752058328159017,158.92515241041622,322.96965173497443,427.2304070149734,158.92515241041622,427.2304070149734,False,,-0.12557289363754054,0.6,0.8,0.1103747959283338,0.49207456972096114,-0.14648034907992358,0.48,valid,,,specialist_model_v1,,False,specialist,False,,"The Travelers Companies, Inc.",Financial Services,Insurance - Property & Casualty,insurance,77037184376.0,,,,,,,,,,,,,,,,,2026-09-04,True,208575022.00081223,0.457,Justified P/B residual-income proxy; no regulatory-capital or reserve-detail model,0.15520583281590172,0.0551873979641669,0.125,0.2752058328159017,-0.2752058328159017,robust_return<=0; median_irr<=hurdle,False
304,LVS,44.37,-0.048337081650970476,0.12907459500711413,-0.95,0.49850248338188974,0.75,0.12,0.25,0.95,1.0699999999999998,0.95,1.0699999999999998,-10.554553196345152,53.20263959272128,226.49387760076155,-10.554553196345152,226.49387760076155,False,,0.19906782945055856,0.4518,1.0,0.7406972416909448,0.6974,0.009074595007114133,0.4518,valid,,,,,False,ok,True,bear,Las Vegas Sands Corp.,Consumer Cyclical,"Gambling, Resorts & Casinos",general_dcf,28738501533.999996,0.6974,0.22608807251143018,,0.07765756891951203,0.14843050359191814,0.22266116299469607,0.23347182739266711,-0.007578875588428513,2.5386586928662966,0.004242190512919399,-0.04616470226949909,thin_interest_coverage;cyclical_revenue,8.0,2025.0,ttm,2026-07-24,2026-09-04,True,,,,0.95,0.3703486208454724,0.125,1.0699999999999998,-1.0659000979757858,robust_return<=0,False
107,FITB,54.87,-0.04972216618953307,-0.03499418944690158,-0.1353713769558602,0.0064710910915311,0.0,0.12,0.25,0.1353713769558602,0.2553713769558602,0.1353713769558602,0.2553713769558602,26.514473196348437,45.91817321227001,56.66846983120632,26.514473196348437,56.66846983120632,False,,-0.1631461051162746,0.6,0.8,0.08892123402369564,0.5774287464306916,-0.15499418944690158,0.48,valid,,,specialist_model_v1,,False,specialist,False,,Fifth Third Bancorp,Financial Services,Banks - Regional,bank,49729339440.0,,,,,,,,,,,,,,,,,2026-09-04,True,906312000.0,0.923,Justified P/B residual-income proxy; no regulatory-capital or reserve-detail model,0.1353713769558602,0.04446061701184782,0.125,0.2553713769558602,-0.2553713769558602,robust_return<=0; median_irr<=hurdle,False
88,MRSH,185.74,-0.05036380997927034,-0.03212948420217754,-0.11231961501856447,-0.02487665649416182,0.0,0.12,0.25,0.11231961501856447,0.23231961501856446,0.11231961501856447,0.23231961501856446,102.37373733145192,157.758127221793,163.75825692595876,102.37373733145192,163.75825692595876,False,,-0.15065076331542493,0.6,0.8,0.06172147926220132,0.6489284522725358,-0.15212948420217753,0.48,valid,,,specialist_model_v1,,False,specialist,False,,"Marsh & McLennan Companies, Inc.",Financial Services,Insurance - Brokers,insurance,88637220918.0,,,,,,,,,,,,,,,,,2026-09-04,True,477211267.9982771,0.579,Justified P/B residual-income proxy; no regulatory-capital or reserve-detail model,0.11231961501856447,0.03086073963110066,0.125,0.23231961501856446,-0.23231961501856446,robust_return<=0; median_irr<=hurdle,False
203,MRK,150.33,-0.053146985526836915,-0.03139297032030297,-0.2507079862290993,0.10090598476235757,0.0,0.12,0.25,0.2507079862290993,0.3707079862290993,0.2507079862290993,0.3707079862290993,28.463279871581427,93.3741125827795,170.17455194115624,28.463279871581427,170.17455194115624,False,,-0.37887239684175156,0.6589,1.0,0.18603998549572842,0.6827,-0.15139297032030297,0.6589,valid,,,,,False,ok,False,,"Merck & Co., Inc.",Healthcare,Drug Manufacturers - General,general_dcf,371288040600.00006,0.6827,0.10228339064705289,0.3538441559451518,0.07010370152650591,0.03217968912054697,0.24108456958368574,0.16650602409638554,0.0631423349445206,2.7964480057405967,0.01072943524910588,-0.009264693518373779,,8.0,2025.0,ttm,2026-08-07,2026-09-04,True,,,,0.2507079862290993,0.09301999274786421,0.125,0.3707079862290993,-0.3707079862290993,robust_return<=0; median_irr<=hurdle,False
154,CSGP,30.91,-0.053441682725679104,-0.04281441534403708,-0.17549272580072284,0.047354825586080576,0.0,0.12,0.25,0.17549272580072284,0.29549272580072283,0.17549272580072284,0.29549272580072283,7.83600988573108,16.65761924862254,26.318921120420836,7.83600988573108,26.318921120420836,False,,-0.46109287451884373,0.578502,1.0,0.1240687156934017,0.4235,-0.16281441534403707,0.578502,valid,,,forward_roic_floor_hit;reinvestment_cap_hit,,False,ok,False,,"CoStar Group, Inc.",Real Estate,Real Estate - Services,general_dcf,12524670180.0,0.4235,0.0074566345139128265,-0.0800471048627112,0.08122329585662247,-0.07376666134270964,0.190487205124872,0.021768477894026323,0.15393417399277043,-0.2820121951219512,0.034623217922606926,0.005540556308074374,incremental_roic_below_wacc,8.0,2025.0,ttm,2026-07-29,2026-09-04,True,,,,0.17549272580072284,0.06203435784670085,0.125,0.29549272580072283,-0.29549272580072283,robust_return<=0; median_irr<=hurdle,False
122,USB,63.37,-0.053654667239754344,-0.03701928773434082,-0.1521777816791644,0.01159768818882867,0.0,0.12,0.25,0.1521777816791644,0.2721777816791644,0.1521777816791644,0.2721777816791644,27.75924662649063,52.47732032294984,67.13095848439859,27.75924662649063,67.13095848439859,False,,-0.17189016375335575,0.6,0.8,0.09988773493399652,0.5289760691982344,-0.15701928773434082,0.48,valid,,,specialist_model_v1,,False,specialist,False,,U.S. Bancorp,Financial Services,Banks - Diversified,bank,98713459603.0,,,,,,,,,,,,,,,,,2026-09-04,True,1557731727.9943192,0.977,Justified P/B residual-income proxy; no regulatory-capital or reserve-detail model,0.1521777816791644,0.04994386746699826,0.125,0.2721777816791644,-0.2721777816791644,robust_return<=0; median_irr<=hurdle,False
100,JNJ,275.23,-0.05531055584760904,-0.048379751888569425,-0.12912692096870157,0.004644201355404247,0.0,0.12,0.25,0.12912692096870157,0.24912692096870157,0.12912692096870157,0.24912692096870157,106.16802361451424,161.1066456735123,204.01286475383804,106.16802361451424,204.01286475383804,False,,-0.4146472198760589,0.9161,1.0,0.06940256116205291,0.9509,-0.1683797518885694,0.9161,valid,,,,,False,ok,False,,Johnson & Johnson,Healthcare,Drug Manufacturers - General,general_dcf,663276341036.0,0.9509,0.1996631695104311,0.12066491948116082,0.07151153338072987,0.1281516361297012,0.26112666111616145,0.2681126121986337,0.020747946632048597,0.8315346840356397,0.013645063939219578,-0.028827069017122064,,8.0,2025.0,ttm,2026-07-23,2026-09-04,True,,,,0.12912692096870157,0.03470128058102646,0.125,0.24912692096870157,-0.24912692096870157,robust_return<=0; median_irr<=hurdle,False
142,TPL,362.42,-0.05606164324308335,-0.04629062496824188,-0.16690917937667105,0.035243856340821396,0.0,0.12,0.25,0.16690917937667105,0.28690917937667104,0.16690917937667105,0.28690917937667104,109.05261959025746,200.52804511841813,295.7453672840957,109.05261959025746,295.7453672840957,False,,-0.4466970776490864,0.6166,1.0,0.11257851785874622,0.9816,-0.16629062496824187,0.6166,valid,,,,,False,ok,False,,Texas Pacific Land Corporation,Energy,Oil & Gas Exploration & Production,general_dcf,24997702048.0,0.9816,0.3675649652243681,0.16116902136869546,0.07943136584727745,0.28813359937709065,0.786585672348183,0.7492493379132541,0.14991745407168078,-0.3148846093576921,0.017706988862646867,-0.0024347009572321943,cyclical_revenue,8.0,2025.0,ttm,2026-08-05,2026-09-04,True,,,,0.16690917937667105,0.05628925892937311,0.125,0.28690917937667104,-0.28690917937667104,robust_return<=0; median_irr<=hurdle,False
187,BSX,47.8,-0.056683936508488804,-0.037715675507206434,-0.22627275510458272,0.07496836008504035,0.0,0.12,0.25,0.22627275510458272,0.3462727551045827,0.22627275510458272,0.3462727551045827,11.29310310376228,28.715923988098734,49.02549618871088,11.29310310376228,49.02549618871088,False,,-0.3992484521318256,0.6635,0.85,0.16521555759481152,0.506,-0.15771567550720644,0.563975,valid,,,,,False,ok,False,,Boston Scientific Corporation,Healthcare,Medical - Devices,general_dcf,71048008000.0,0.506,0.10400472003146155,0.16740732851380255,0.07271341052100339,0.031291309510458165,0.15840997764783987,0.21461230710611545,0.1074940369415851,2.0417300219631693,0.015883441810473516,0.010357495119869276,,8.0,2025.0,ttm,2026-08-03,2026-09-04,True,,,,0.22627275510458272,0.08260777879740576,0.125,0.3462727551045827,-0.3462727551045827,robust_return<=0; median_irr<=hurdle,False
212,SLB,57.51,-0.058183454218669745,-0.03642525875475253,-0.2621197130065411,0.10223641364136714,0.0,0.12,0.25,0.2621197130065411,0.3821197130065411,0.2621197130065411,0.3821197130065411,11.13603201428388,35.64756487973132,66.71997509411085,11.13603201428388,66.71997509411085,False,,-0.3801501498916481,0.5569,1.0,0.19547106332395411,0.6164,-0.15642525875475252,0.5569,valid,,,,,False,ok,False,,Slb N.V.,Energy,Oil & Gas Equipment & Services,general_dcf,85353079343.0,0.6164,0.11355765823882537,0.26793802341834855,0.08077495190788994,0.03278270633093543,0.13417969730870635,0.13399879007864487,0.012147044721517952,1.1422774869109948,0.008842613550626226,0.01777541240220315,cyclical_revenue,8.0,2025.0,ttm,2026-07-29,2026-09-04,True,,,,0.2621197130065411,0.09773553166197706,0.125,0.3821197130065411,-0.3821197130065411,robust_return<=0; median_irr<=hurdle,False
114,ERIE,252.8,-0.059642329029042485,-0.04631957358250971,-0.14222777508796525,-0.0037023938631852715,0.0,0.12,0.25,0.14222777508796525,0.26222777508796524,0.14222777508796525,0.26222777508796524,117.3915851324621,199.43042528244072,248.15469921174224,117.3915851324621,248.15469921174224,False,,-0.21111382404097823,0.6,0.8,0.08726269061238998,0.5886342816859955,-0.1663195735825097,0.48,valid,,,specialist_model_v1,,False,specialist,False,,Erie Indemnity Company,Financial Services,Insurance - Property & Casualty,insurance,11676604480.0,,,,,,,,,,,,,,,,,2026-09-04,True,46189100.0,0.3,Justified P/B residual-income proxy; no regulatory-capital or reserve-detail model,0.14222777508796525,0.04363134530619499,0.125,0.26222777508796524,-0.26222777508796524,robust_return<=0; median_irr<=hurdle,False
103,ADP,277.62,-0.06005863110331117,-0.05330557542038147,-0.13146580807224378,-0.002157565500237951,0.0,0.12,0.25,0.13146580807224378,0.2514658080722438,0.13146580807224378,0.2514658080722438,99.7589056996318,148.37819800005357,187.11276300130106,99.7589056996318,187.11276300130106,False,,-0.4655349110292718,0.9017,1.0,0.06760312128600292,0.9674,-0.17330557542038147,0.9017,valid,,,,,False,ok,False,,"Automatic Data Processing, Inc.",Technology,Software - Application,general_dcf,110974153080.0,0.9674,0.4441411359901999,0.11546791731589875,0.08710976598704437,0.35703137000315555,0.22604047931542276,0.18582526483654174,0.06444264651271969,0.21243978117089898,0.012680574505535709,-0.013221449526767737,,8.0,2026.0,ttm,2026-08-05,2026-09-04,True,,,,0.13146580807224378,0.03380156064300146,0.125,0.2514658080722438,-0.2514658080722438,robust_return<=0; median_irr<=hurdle,False
106,SYK,303.13,-0.06081863909712405,-0.05395549224194834,-0.13423548345308509,-0.001128088451514458,0.0,0.12,0.25,0.13423548345308509,0.2542354834530851,0.13423548345308509,0.2542354834530851,105.82465609305652,156.15447144252164,201.56780544353848,105.82465609305652,201.56780544353848,False,,-0.4848597253900253,0.8497,1.0,0.07106269750078531,0.8261,-0.17395549224194834,0.8497,valid,,,,,False,ok,False,,Stryker Corporation,Healthcare,Medical - Devices,general_dcf,116208147785.0,0.8261,0.13794867350986603,0.09753873624329018,0.08266095083335785,0.05528772267650818,0.2154756628818411,0.22026551070170686,0.09157664076422001,1.6528758829465187,0.010000975704946824,0.0033032228757905457,,8.0,2025.0,ttm,2026-07-31,2026-09-04,True,,,,0.13423548345308509,0.035531348750392655,0.125,0.2542354834530851,-0.2542354834530851,robust_return<=0; median_irr<=hurdle,False
93,UPS,102.29,-0.06112584877846527,-0.06929978501284491,-0.11896522611496035,0.013061401026789127,0.0,0.12,0.75,0.11896522611496035,0.23896522611496035,0.11896522611496035,0.23896522611496035,37.39411677120602,39.69651451351525,65.88197170955826,37.39411677120602,65.88197170955826,False,,-0.6119218446229813,0.616248,1.0,0.07752587357087475,0.7756,-0.1892997850128449,0.616248,valid,,,forward_roic_floor_hit;reinvestment_cap_hit,,False,ok,False,,"United Parcel Service, Inc.",Industrials,Integrated Freight & Logistics,general_dcf,86895576560.33998,0.7756,0.13095237871304025,-0.30342497292373505,0.08709171170058953,0.04386066701245071,0.10081949793917383,0.07312354053152452,0.030364868438471193,2.300986684548328,0.0008233608914855461,-0.007713380775377421,thin_interest_coverage;incremental_roic_below_wacc,8.0,2025.0,ttm,2026-08-05,2026-09-04,True,,,,0.11896522611496035,0.03876293678543737,0.375,0.23896522611496035,-0.23896522611496035,robust_return<=0; median_irr<=hurdle,False
94,VEEV,275.09,-0.06360678800629099,-0.05783448751026296,-0.12532734123233236,-0.013430835772305697,0.0,0.12,0.25,0.12532734123233236,0.24532734123233235,0.12532734123233236,0.24532734123233235,105.69063973037777,145.15400217948613,177.7678234552313,105.69063973037777,177.7678234552313,False,,-0.472339953544345,0.7292700000000001,0.95,0.06557015273001333,0.963,-0.17783448751026296,0.6928065000000001,valid,,,forward_roic_cap_hit,,False,ok,False,,Veeva Systems Inc.,Technology,Software - Application,general_dcf,44686524921.0,0.963,2.73774636460639,2.3158502216989403,0.09384965853675778,2.6438967060696323,0.2581749952379913,0.29925670122709075,0.2057893393406618,-6.555570141460682,0.0,0.005347793504405507,,8.0,2026.0,ttm,2026-08-27,2026-09-04,True,,,,0.12532734123233236,0.03278507636500667,0.125,0.24532734123233235,-0.24532734123233235,robust_return<=0; median_irr<=hurdle,False
129,PNC,245.6,-0.06464181341409603,-0.04891581741362272,-0.1560809007549533,-0.004654718074185382,0.0,0.12,0.25,0.1560809007549533,0.2760809007549533,0.1560809007549533,0.2760809007549533,105.13139843884723,191.12749048977795,239.9369717700673,105.13139843884723,239.9369717700673,False,,-0.2217936054976467,0.6,0.8,0.09371309134038394,0.550059011236115,-0.16891581741362272,0.48,valid,,,specialist_model_v1,,False,specialist,False,,"The PNC Financial Services Group, Inc.",Financial Services,Banks - Regional,bank,97994400000.0,,,,,,,,,,,,,,,,,2026-09-04,True,399000000.0,0.898,Justified P/B residual-income proxy; no regulatory-capital or reserve-detail model,0.1560809007549533,0.04685654567019197,0.125,0.2760809007549533,-0.2760809007549533,robust_return<=0; median_irr<=hurdle,False
231,DVA,183.99,-0.06543071881096693,-0.027327391883591165,-0.2865396606794093,0.07947156920272393,0.0,0.12,0.25,0.2865396606794093,0.4065396606794093,0.2865396606794093,0.4065396606794093,25.211979522974165,105.60790990985896,178.14728667498426,25.211979522974165,178.14728667498426,False,,-0.42601277292320805,0.8732,0.7,0.1958096149410666,0.7839,-0.14732739188359117,0.6112399999999999,valid,,,,,False,ok,False,,DaVita Inc.,Healthcare,Medical - Care Facilities,general_dcf,11812158000.0,0.7839,0.11645443881875096,0.1227338483621266,0.07894420181737924,0.037510237001371724,0.14550525066336295,0.14737263294644334,0.025929444209832786,5.234091218406119,0.009256477701629148,-0.027658629253879186,elevated_leverage;thin_interest_coverage,8.0,2025.0,annual,2026-02-11,2026-09-04,True,,,,0.2865396606794093,0.0979048074705333,0.125,0.4065396606794093,-0.4065396606794093,robust_return<=0; median_irr<=hurdle,False
116,ROL,35.86,-0.06561458037758709,-0.056461256346665295,-0.14609927756246177,-0.0034365312545560018,0.0,0.12,0.25,0.14609927756246177,0.26609927756246177,0.14609927756246177,0.26609927756246177,11.765017898107411,18.740340429790336,24.06965933084581,11.765017898107411,24.06965933084581,False,,-0.477402665092294,0.92,1.0,0.07373137315395288,0.9617,-0.1764612563466653,0.92,valid,,,,,False,ok,False,,"Rollins, Inc.",Industrials,Specialty Business Services,general_dcf,17253874187.0,0.9617,0.22298138703838224,0.2277945761618683,0.08266442486300409,0.14031696217537815,0.18720936478423789,0.18680235748093982,0.10912535473277218,1.166059041257495,0.00884820999625816,-0.0075134656502403585,,8.0,2025.0,ttm,2026-07-23,2026-09-04,True,,,,0.14609927756246177,0.03686568657697644,0.125,0.26609927756246177,-0.26609927756246177,robust_return<=0; median_irr<=hurdle,False
139,WFC,89.96,-0.06677401214187595,-0.04993301486564283,-0.16621075862123347,-0.001019260214984663,0.0,0.12,0.25,0.16621075862123347,0.28621075862123346,0.16621075862123347,0.28621075862123346,36.25190905133145,69.63387760135285,89.50247038988894,36.25190905133145,89.50247038988894,False,,-0.22594622497384553,0.6,0.8,0.10059574920312439,0.5206073580861041,-0.16993301486564283,0.48,valid,,,specialist_model_v1,,False,specialist,False,,Wells Fargo & Company,Financial Services,Banks - Diversified,bank,272039039999.99997,,,,,,,,,,,,,,,,,2026-09-04,True,3024000000.0,0.92,Justified P/B residual-income proxy; no regulatory-capital or reserve-detail model,0.16621075862123347,0.050297874601562195,0.125,0.28621075862123346,-0.28621075862123346,robust_return<=0; median_irr<=hurdle,False
202,PGR,218.95,-0.0673557895935846,-0.03774633422734941,-0.24037744200742794,0.046446952087788373,0.0,0.12,0.25,0.24037744200742794,0.36037744200742794,0.24037744200742794,0.36037744200742794,55.377610907173526,180.63122230884403,274.745783748216,55.377610907173526,274.745783748216,False,,-0.17501154460450308,0.6,0.8,0.16141219704760815,0.30657828806854137,-0.1577463342273494,0.48,valid,,,specialist_model_v1,,False,specialist,False,,The Progressive Corporation,Financial Services,Insurance - Property & Casualty,insurance,127297530000.0,,,,,,,,,,,,,,,,,2026-09-04,True,581400000.0,0.257,Justified P/B residual-income proxy; no regulatory-capital or reserve-detail model,0.24037744200742794,0.08070609852380407,0.125,0.36037744200742794,-0.36037744200742794,robust_return<=0; median_irr<=hurdle,False
165,WM,218.99,-0.06792687443667088,-0.0548457754513947,-0.18187372552638403,0.019857778682489908,0.0,0.12,0.25,0.18187372552638403,0.30187372552638403,0.18187372552638403,0.30187372552638403,61.66211780360883,117.33003769575086,170.07402117554338,61.66211780360883,170.07402117554338,False,,-0.4642219384640812,0.8497,1.0,0.10537475210443698,0.8142,-0.17484577545139468,0.8497,valid,,,,,False,ok,False,,"Waste Management, Inc.",Industrials,Waste Management,general_dcf,87533628144.0,0.8142,0.11493336236488408,0.10289034716402387,0.0679226547275022,0.04701070763738188,0.18049160262802283,0.18537421591927378,0.07783831760085991,2.9080357142857145,0.00455302065994321,-0.009487314856267304,,8.0,2025.0,ttm,2026-07-29,2026-09-04,True,,,,0.18187372552638403,0.05268737605221849,0.125,0.30187372552638403,-0.30187372552638403,robust_return<=0; median_irr<=hurdle,False
291,SJM,126.08,-0.06844490555013177,0.021031920419773115,-0.4998702261626022,0.18402676312252883,0.25,0.12,0.25,0.4998702261626022,0.6198702261626021,0.4998702261626022,0.6198702261626021,7.94117204857438,99.52109485063319,206.7645463489933,7.94117204857438,206.7645463489933,False,,-0.2106512146999271,0.63558,1.0,0.3528810946425655,0.4172,-0.09896807958022688,0.63558,valid,,,wacc_floor_hit,,False,ok,False,,The J. M. Smucker Company,Consumer Defensive,Packaged Foods,general_dcf,13475517395.0,0.4172,0.10696100392373654,,0.065,0.04196100392373654,0.13818781635690608,0.19690069783441994,0.020767052789140816,2.913701483654296,0.0029222248034528717,0.0028169162889233323,thin_interest_coverage,8.0,2026.0,ttm,2026-08-26,2026-09-04,True,,,,0.4998702261626022,0.17644054732128275,0.125,0.6198702261626021,-0.6198702261626021,robust_return<=0; median_irr<=hurdle,False
73,BBY,90.27,-0.06855378735053816,-0.06839275407255627,-0.0965728927578311,-0.040856748499209034,0.0,0.12,0.25,0.0965728927578311,0.2165728927578311,0.0965728927578311,0.2165728927578311,37.73397858948467,39.92725417629155,41.43966195713159,37.73397858948467,41.43966195713159,False,,-0.5576907701751241,0.656829,1.0,0.03815320212931103,0.9551,-0.18839275407255626,0.656829,valid,,,forward_roic_floor_hit;reinvestment_cap_hit,,False,ok,False,,"Best Buy Co., Inc.",Consumer Cyclical,Specialty Retail,general_dcf,19025937090.0,0.9551,0.2794593460115472,-0.7173123244092846,0.10198719809638204,0.17747214791516516,0.043143110587273464,0.043577166417857395,-0.004005800635851875,0.7121729237770194,0.0033370155573966675,-0.01958041782842479,incremental_roic_below_wacc,8.0,2026.0,ttm,2026-09-04,2026-09-04,True,,,,0.0965728927578311,0.019076601064655516,0.125,0.2165728927578311,-0.2165728927578311,robust_return<=0; median_irr<=hurdle,False
158,MMM,168.56,-0.06978034028070393,-0.06019858245272186,-0.1778110335784731,0.019086837361101092,0.0,0.12,0.25,0.1778110335784731,0.2978110335784731,0.1778110335784731,0.2978110335784731,46.424383622775615,84.82966592314834,120.10261038227,46.424383622775615,120.10261038227,False,,-0.4967390488659923,0.7414,0.7,0.11520693546978711,0.9489,-0.18019858245272186,0.5189799999999999,valid,,,,,False,ok,False,,3M Company,Industrials,Conglomerates,general_dcf,86930170610.0,0.9489,0.31307239394566605,,0.09514641913269357,0.2179259748129725,0.2067602674975359,0.1829004329004329,-0.0381898272428316,1.1928121274058934,0.011133685493701747,-0.017086139095032538,weak_cash_conversion,8.0,2025.0,annual,2026-02-03,2026-09-04,True,,,,0.1778110335784731,0.057603467734893554,0.125,0.2978110335784731,-0.2978110335784731,robust_return<=0; median_irr<=hurdle,False
111,NOC,514.98,-0.07141526599662026,-0.07349352192104558,-0.14003878283838272,0.0013647626939928435,0.0,0.12,0.75,0.14003878283838272,0.2600387828383827,0.14003878283838272,0.2600387828383827,185.9870170921517,233.73269295029485,358.09933764414,185.9870170921517,358.09933764414,False,,-0.5461324848532082,0.629046,1.0,0.0818303927661878,0.7596,-0.19349352192104557,0.629046,valid,,,forward_roic_floor_hit;reinvestment_cap_hit,,False,ok,False,,Northrop Grumman Corporation,Industrials,Aerospace & Defense,general_dcf,73159603740.0,0.7596,0.11609902537122374,-0.18236401268334634,0.06923121756779554,0.046867807803428196,0.10848230245639823,0.10181385806210948,0.048603467408775636,2.3734510269903244,0.002461433480369459,-0.029117218742081397,incremental_roic_below_wacc,8.0,2025.0,ttm,2026-07-21,2026-09-04,True,,,,0.14003878283838272,0.0409151963830939,0.375,0.2600387828383827,-0.2600387828383827,robust_return<=0; median_irr<=hurdle,False
108,MSFT,499.7,-0.07225920178607337,-0.06585376396615175,-0.13660534939845084,-0.020723929813539113,0.0,0.12,0.25,0.13660534939845084,0.2566053493984508,0.13660534939845084,0.2566053493984508,157.7856561531165,229.5862020815813,285.4395954200039,157.7856561531165,285.4395954200039,False,,-0.5405519269930332,0.8924,1.0,0.061168709792455866,0.9713,-0.18585376396615175,0.8924,valid,,,,,False,ok,False,,Microsoft Corporation,Technology,Software - Infrastructure,general_dcf,3710547335000.0,0.9713,0.26042184982291633,0.16825618449363328,0.10105007876513744,0.1593717710577789,0.41914079396076964,0.4678081840892722,0.14856852011738142,0.2615461660417243,0.042502591188539135,-0.0008483283082364457,,8.0,2026.0,ttm,2026-07-29,2026-09-04,True,,,,0.13660534939845084,0.030584354896227933,0.125,0.2566053493984508,-0.2566053493984508,robust_return<=0; median_irr<=hurdle,False
115,VZ,50.14,-0.07238317012670445,-0.07287060827948148,-0.1443093344336375,0.0005178704857826512,0.0,0.12,0.75,0.1443093344336375,0.26430933443363747,0.1443093344336375,0.26430933443363747,18.17702420927222,21.096542720319448,32.955832299597276,18.17702420927222,32.955832299597276,False,,-0.5792472532844146,0.726489,1.0,0.08061893245971007,0.7472,-0.1928706082794815,0.726489,valid,,,forward_roic_floor_hit;reinvestment_cap_hit,,False,ok,False,,Verizon Communications Inc.,Communication Services,Telecommunications Services,general_dcf,209362578400.0,0.7472,0.07587896882153765,-0.07161350908395321,0.07046236706210873,0.005416601759428916,0.22817686263697068,0.20540696209366788,0.007814059039057186,3.925116151954086,0.0,-0.0026234320384361798,elevated_leverage;thin_interest_coverage;incremental_roic_below_wacc,8.0,2025.0,ttm,2026-07-31,2026-09-04,True,,,,0.1443093344336375,0.04030946622985503,0.375,0.26430933443363747,-0.26430933443363747,robust_return<=0; median_irr<=hurdle,False
66,CCI,75.83,-0.07333486851895066,-0.08311496494611004,-0.08311496494611004,-0.04399457923747252,0.0,0.12,0.75,0.08311496494611004,0.20311496494611003,0.08311496494611004,0.20311496494611003,49.137773964988355,49.137773964988355,60.5539991112822,49.137773964988355,60.5539991112822,False,,-0.3520008708296406,0.6,0.8,0.037560192854318754,1.0,-0.20311496494611003,0.48,valid,,,specialist_model_v1,,False,specialist,False,,Crown Castle Inc.,Real Estate,REIT - Specialty,reit,33137710000.0,,,,,,,,,,,,,,,,,2026-09-04,True,437000000.0,0.97,P/AFFO Gordon proxy; no property-level NOI or maintenance-capex detail,0.08311496494611004,0.018780096427159377,0.375,0.20311496494611003,-0.20311496494611003,robust_return<=0; median_irr<=hurdle,False
219,BALL,62.67,-0.0749808133507031,-0.04737223645206538,-0.266850722412346,0.06167194191366436,0.0,0.12,0.25,0.266850722412346,0.38685072241234597,0.266850722412346,0.38685072241234597,9.956070458272615,30.558144355693013,53.617163797308294,9.956070458272615,53.617163797308294,False,,-0.5123959732616401,0.53541,1.0,0.17819903216300517,0.6817,-0.1673722364520654,0.53541,valid,,,share_change_floor_hit;reinvestment_cap_hit,,False,ok,False,,Ball Corporation,Consumer Cyclical,Packaging & Containers,general_dcf,16685699490.0,0.6817,0.10251720371960853,,0.08203083145322072,0.020486372266387803,0.08794729929249331,0.11068435754189944,0.017786620061432057,3.022911051212938,0.0,-0.058261480905624,elevated_leverage;thin_interest_coverage,8.0,2025.0,ttm,2026-08-04,2026-09-04,True,,,,0.266850722412346,0.08909951608150259,0.125,0.38685072241234597,-0.38685072241234597,robust_return<=0; median_irr<=hurdle,False
152,MDLZ,61.28,-0.07551368116255613,-0.0732290411600843,-0.17307823406881645,0.0174815917387605,0.0,0.12,0.75,0.17307823406881645,0.29307823406881645,0.17307823406881645,0.29307823406881645,18.38072477914932,27.5183157796594,46.352299092806234,18.38072477914932,46.352299092806234,False,,-0.5509413221334954,0.612117,1.0,0.10691640290378847,0.4843,-0.1932290411600843,0.612117,valid,,,forward_roic_floor_hit;reinvestment_cap_hit,,False,ok,False,,"Mondelez International, Inc.",Consumer Defensive,Food Confectioners,general_dcf,78212276800.0,0.4843,0.07340546114766142,-0.5531695634595382,0.06730475428741291,0.006100706860248509,0.1467575459152321,0.11415248897290485,0.05818855387889599,3.4380598276153456,0.004033917839795834,-0.022903224484404072,elevated_leverage;incremental_roic_below_wacc,8.0,2025.0,ttm,2026-07-28,2026-09-04,True,,,,0.17307823406881645,0.053458201451894234,0.375,0.29307823406881645,-0.29307823406881645,robust_return<=0; median_irr<=hurdle,False
128,GOOGL,338.46,-0.07560777762810174,-0.06843522065901195,-0.15535485395666906,-0.010205815237713951,0.0,0.12,0.25,0.15535485395666906,0.27535485395666903,0.15535485395666906,0.27535485395666903,97.07286356022696,154.8248863866262,201.45417559254423,97.07286356022696,201.45417559254423,False,,-0.5425607564065881,0.7434,1.0,0.08027251935947756,0.9237,-0.18843522065901194,0.7434,valid,,,,,False,ok,False,,Alphabet Inc.,Communication Services,Internet Content & Information,general_dcf,4096080585860.0,0.9237,0.24261131136609723,0.20385205694906536,0.10812464971755402,0.13448666164854323,0.2694154064384683,0.3311032213642185,0.16680265592600962,-0.7504006016255459,0.065096652172174,-0.02201252034036738,heavy_sbc,8.0,2025.0,ttm,2026-07-23,2026-09-04,True,,,,0.15535485395666906,0.04013625967973878,0.125,0.27535485395666903,-0.27535485395666903,robust_return<=0; median_irr<=hurdle,False
176,RSG,222.71,-0.07682181685231623,-0.06215496059448922,-0.20087186795426526,0.01789452173397879,0.0,0.12,0.25,0.20087186795426526,0.32087186795426526,0.20087186795426526,0.32087186795426526,57.27684114407785,116.12294662485617,171.97931782049696,57.27684114407785,171.97931782049696,False,,-0.47859123243295687,0.8352,1.0,0.11432719484412203,0.7932,-0.1821549605944892,0.8352,valid,,,,,False,ok,False,,"Republic Services, Inc.",Industrials,Waste Management,general_dcf,68519849440.0,0.7932,0.10596839232559875,0.14611973123002106,0.06915000913014409,0.03681838319545466,0.1819383189583541,0.2,0.0743948770161611,2.4236419542193373,0.002619760479041916,-0.010066942453016647,,8.0,2025.0,ttm,2026-08-07,2026-09-04,True,,,,0.20087186795426526,0.057163597422061015,0.125,0.32087186795426526,-0.32087186795426526,robust_return<=0; median_irr<=hurdle,False
169,KO,88.07,-0.07805240644520378,-0.064880122145405,-0.19020145640824918,0.007752074918244061,0.0,0.12,0.25,0.19020145640824918,0.31020145640824914,0.19020145640824918,0.31020145640824914,24.616083331333478,46.55278017440746,65.73503096714687,24.616083331333478,65.73503096714687,False,,-0.4714116024252587,0.8144,1.0,0.10454476566324662,0.9278,-0.184880122145405,0.8144,valid,,,,,False,ok,False,,The Coca-Cola Company,Consumer Defensive,Beverages - Non-Alcoholic,general_dcf,378925484617.0,0.9278,0.19150834735521824,0.26614620905089226,0.07058088709727513,0.12092746025794311,0.2667444120505345,0.2963155059945341,0.04899466931403018,1.710221550855992,0.0058196533238772654,-0.0028433258819251517,weak_cash_conversion,8.0,2025.0,ttm,2026-07-29,2026-09-04,True,,,,0.19020145640824918,0.05227238283162331,0.125,0.31020145640824914,-0.31020145640824914,robust_return<=0; median_irr<=hurdle,False
174,ADSK,217.9,-0.07864239432456084,-0.06819342957169278,-0.19417241467745042,0.015989696522592595,0.0,0.12,0.25,0.19417241467745042,0.3141724146774504,0.19417241467745042,0.3141724146774504,53.89179645301889,103.13381519248172,148.27125713360016,53.89179645301889,148.27125713360016,False,,-0.5266919908559811,0.66366,1.0,0.1151712556000215,0.8164,-0.18819342957169277,0.66366,valid,,,forward_roic_cap_hit,,False,ok,False,,"Autodesk, Inc.",Technology,Software - Application,general_dcf,46008550193.0,0.8164,0.5878768409704991,0.9112533635999258,0.10806127801665712,0.479815562953842,0.1817827291442067,0.2754813863928113,0.1586991935968085,-0.19173412867490414,0.11140107649649324,-0.009259790999624373,heavy_sbc;peak_cycle_margins,8.0,2026.0,ttm,2026-08-28,2026-09-04,True,,,,0.19417241467745042,0.05758562780001075,0.125,0.3141724146774504,-0.3141724146774504,robust_return<=0; median_irr<=hurdle,False
213,TPR,122.14,-0.07867906458050128,-0.0638891337031964,-0.2621848743321607,0.0752468834165484,0.0,0.12,0.25,0.2621848743321607,0.3821848743321607,0.2621848743321607,0.3821848743321607,20.31807681808481,57.49648204449773,101.80302625923305,20.31807681808481,101.80302625923305,False,,-0.5292575565375983,0.6515,1.0,0.17917087887435454,0.8206,-0.1838891337031964,0.6515,valid,,,,,False,ok,False,,"Tapestry, Inc.",Consumer Cyclical,Luxury Goods,general_dcf,24677776300.0,0.8206,0.44999400593469857,,0.1114130648065689,0.33858094112812964,0.16967750641430596,0.2391744334224532,0.041361127543141585,1.3497494217424826,0.012876244153975296,-0.04495215288247545,,8.0,2026.0,ttm,2026-08-13,2026-09-04,True,,,,0.2621848743321607,0.08958543943717727,0.125,0.3821848743321607,-0.3821848743321607,robust_return<=0; median_irr<=hurdle,False
91,EW,89.9,-0.07919441706326322,-0.07889798908727243,-0.11390473182545971,-0.04507695825304833,0.0,0.12,0.75,0.11390473182545971,0.2339047318254597,0.11390473182545971,0.2339047318254597,34.639519039336875,41.29944400501295,47.77175008531295,34.639519039336875,47.77175008531295,False,,-0.5406068520020806,0.74385,0.95,0.04359838678620569,0.9654,-0.1988979890872724,0.7066574999999999,valid,,,reinvestment_cap_hit,,False,ok,False,,Edwards Lifesciences Corporation,Healthcare,Medical - Devices,general_dcf,51764420000.0,0.9654,0.23115851288466588,0.01311753128077258,0.08994324895438613,0.14121526393027975,0.28914920347335843,0.28094528814704484,0.07227640149460335,-1.7785073429903262,0.027824351297405188,-0.0255314960308628,weak_cash_conversion;incremental_roic_below_wacc,8.0,2025.0,ttm,2026-08-04,2026-09-04,True,,,,0.11390473182545971,0.021799193393102843,0.375,0.2339047318254597,-0.2339047318254597,robust_return<=0; median_irr<=hurdle,False
157,LII,390.53,-0.07996277707206896,-0.07122420031373616,-0.1772393375984393,-0.00016337006236423726,0.0,0.12,0.25,0.1772393375984393,0.2972393375984393,0.1772393375984393,0.2972393375984393,104.51047451588096,175.6103102757906,242.91944877394533,104.51047451588096,242.91944877394533,False,,-0.5503282455232873,0.7942,1.0,0.09471198376803752,0.9501,-0.19122420031373616,0.7942,valid,,,,,False,ok,False,,Lennox International Inc.,Industrials,Industrial - Machinery,general_dcf,13496990171.0,0.9501,0.2531980644409045,0.1663844299821386,0.10029787252972834,0.15290019191117615,0.1496697217049871,0.1937120440571838,0.04243489707952652,1.7167972149695387,0.005601216484129886,-0.009399052372510042,,8.0,2025.0,ttm,2026-07-29,2026-09-04,True,,,,0.1772393375984393,0.04735599188401876,0.125,0.2972393375984393,-0.2972393375984393,robust_return<=0; median_irr<=hurdle,False
102,SPG,209.44,-0.0805288480816726,-0.08250619800653014,-0.1301039179748653,-0.026999078338764804,0.0,0.12,0.75,0.1301039179748653,0.2501039179748653,0.1301039179748653,0.2501039179748653,104.32694814199478,136.16808342640482,182.65261211834022,104.32694814199478,182.65261211834022,False,,-0.34984681328110756,0.6,0.8,0.06955241981805024,0.7661630061671587,-0.20250619800653014,0.48,valid,,,specialist_model_v1,,False,specialist,False,,"Simon Property Group, Inc.",Real Estate,REIT - Retail,reit,67917622080.0,,,,,,,,,,,,,,,,,2026-09-04,True,324282000.0,1.326,P/AFFO Gordon proxy; no property-level NOI or maintenance-capex detail,0.1301039179748653,0.03477620990902512,0.375,0.2501039179748653,-0.2501039179748653,robust_return<=0; median_irr<=hurdle,False
251,TFC,51.65,-0.08158903471272891,-0.035277176449997616,-0.3162224429640216,0.060420657013101176,0.0,0.12,0.25,0.3162224429640216,0.4362224429640216,0.3162224429640216,0.4362224429640216,7.720484176625286,43.160164580581,69.25660875271518,7.720484176625286,69.25660875271518,False,,-0.1643724185753921,0.6,0.8,0.20632154998856136,0.17887985951052082,-0.1552771764499976,0.48,valid,,,specialist_model_v1,,False,specialist,False,,Truist Financial Corporation,Financial Services,Banks - Regional,bank,64349702000.0,,,,,,,,,,,,,,,,,2026-09-04,True,1245880000.0,0.87,Justified P/B residual-income proxy; no regulatory-capital or reserve-detail model,0.3162224429640216,0.10316077499428068,0.125,0.4362224429640216,-0.4362224429640216,robust_return<=0; median_irr<=hurdle,False
200,FICO,932.26,-0.08235030703890514,-0.060846497577585965,-0.2391874761284271,0.031479243127978423,0.0,0.12,0.25,0.2391874761284271,0.3591874761284271,0.2391874761284271,0.3591874761284271,140.36740872466265,407.5427296276598,647.2323262980191,140.36740872466265,647.2323262980191,False,,-0.5628443463972927,0.69795,1.0,0.14439485962820275,0.9176,-0.18084649757758597,0.69795,valid,,,forward_roic_cap_hit,,False,ok,False,,Fair Isaac Corporation,Technology,Software - Application,general_dcf,20134612137.0,0.9176,0.7951425991995238,2.028945268637725,0.10008734247088796,0.6950552567286359,0.3888932635167768,0.5165068986766657,0.09834200068390975,4.27130837196453,0.08182513113150017,-0.048408196573786144,elevated_leverage;heavy_sbc,8.0,2025.0,ttm,2026-07-29,2026-09-04,True,,,,0.2391874761284271,0.07219742981410138,0.125,0.3591874761284271,-0.3591874761284271,robust_return<=0; median_irr<=hurdle,False
98,PLD,137.34,-0.08309883091609518,-0.06803787596030941,-0.1282816957834525,-0.06803787596030941,0.0,0.12,0.25,0.1282816957834525,0.2482816957834525,0.1282816957834525,0.2482816957834525,69.13180077707085,96.55802088592301,96.55802088592301,69.13180077707085,96.55802088592301,False,,-0.2969417439498834,0.6,0.8,0.04812190991157154,0.7159612442631312,-0.1880378759603094,0.48,valid,,,specialist_model_v1,,False,specialist,False,,"Prologis, Inc.",Real Estate,REIT - Industrial,reit,128148657840.0,,,,,,,,,,,,,,,,,2026-09-04,True,933076000.0,1.324,P/AFFO Gordon proxy; no property-level NOI or maintenance-capex detail,0.1282816957834525,0.02406095495578577,0.125,0.2482816957834525,-0.2482816957834525,robust_return<=0; median_irr<=hurdle,False
138,GPC,138.08,-0.08399902824166927,-0.08360983502352605,-0.16595833373430652,-0.002818109185318435,0.0,0.12,0.75,0.16595833373430652,0.2859583337343065,0.16595833373430652,0.2859583337343065,40.530699248195695,54.760061058528976,89.68342570884552,40.530699248195695,89.68342570884552,False,,-0.6034178660303522,0.70425,1.0,0.09044261227449404,0.7121,-0.20360983502352603,0.70425,valid,,,reinvestment_cap_hit,,False,ok,False,,Genuine Parts Company,Consumer Cyclical,Auto - Parts,general_dcf,19035675385.0,0.7121,0.071265139769287,0.00652465213536238,0.0716017930293692,-0.0003366532600821981,0.061460954263392015,0.040090041544320096,0.053860976464620514,3.880246403380469,0.002010152945203075,-0.01018617593716209,elevated_leverage;incremental_roic_below_wacc,8.0,2025.0,ttm,2026-07-21,2026-09-04,True,,,,0.16595833373430652,0.04522130613724702,0.375,0.2859583337343065,-0.2859583337343065,robust_return<=0; median_irr<=hurdle,False
161,ITW,270.12,-0.08761308631546852,-0.07842021251562983,-0.18018726971786234,-0.013424650512752098,0.0,0.12,0.75,0.18018726971786234,0.30018726971786236,0.18018726971786234,0.30018726971786236,72.84235937380474,125.04487560355794,167.1425358133429,72.84235937380474,167.1425358133429,False,,-0.537076574842448,0.8467,1.0,0.08798030960255512,0.9848,-0.19842021251562983,0.8467,valid,,,,,False,ok,False,,Illinois Tool Works Inc.,Industrials,Industrial - Machinery,general_dcf,77713524000.0,0.9848,0.28850017127133576,0.4208160594421664,0.09258542393426339,0.19591474733707237,0.24190478911019891,0.26498269475985187,0.011909252837439377,1.8587321578505458,0.00428385174147886,-0.02610183436957758,,8.0,2025.0,ttm,2026-08-06,2026-09-04,True,,,,0.18018726971786234,0.04399015480127756,0.375,0.30018726971786236,-0.30018726971786236,robust_return<=0; median_irr<=hurdle,False
159,DGX,237.14,-0.08771347149740902,-0.0874587317346595,-0.1789918660972034,0.0030554435768863457,0.0,0.12,0.75,0.1789918660972034,0.2989918660972034,0.1789918660972034,0.2989918660972034,68.26810445608639,96.80197649016175,164.20412373496862,68.26810445608639,164.20412373496862,False,,-0.5917939761737296,0.563274,1.0,0.10412543483704487,0.729,-0.2074587317346595,0.563274,valid,,,forward_roic_floor_hit;reinvestment_cap_hit,,False,ok,False,,Quest Diagnostics Incorporated,Healthcare,Medical - Diagnostics & Research,general_dcf,26173853220.0,0.729,0.09601968769607533,-0.182444261713831,0.07005391337788823,0.0259657743181871,0.14573039501972124,0.14143598615916955,0.056094577724565386,2.599097065462754,0.00832252485948984,-0.017244827160577514,incremental_roic_below_wacc,8.0,2025.0,ttm,2026-07-23,2026-09-04,True,,,,0.1789918660972034,0.05206271741852243,0.375,0.2989918660972034,-0.2989918660972034,robust_return<=0; median_irr<=hurdle,False
75,MAA,128.32,-0.0878672269486577,-0.09867452481767669,-0.09867452481767669,-0.05544533334160073,0.0,0.12,0.75,0.09867452481767669,0.21867452481767669,0.09867452481767669,0.21867452481767669,76.33128646649413,76.33128646649413,96.47834415301364,76.33128646649413,96.47834415301364,False,,-0.4051489521002639,0.6,0.8,0.03961459573803797,1.0,-0.21867452481767669,0.48,valid,,,specialist_model_v1,,False,specialist,False,,"Mid-America Apartment Communities, Inc.",Real Estate,REIT - Residential,reit,14934497793.0,,,,,,,,,,,,,,,,,2026-09-04,True,116384802.00280549,0.72,P/AFFO Gordon proxy; no property-level NOI or maintenance-capex detail,0.09867452481767669,0.019807297869018987,0.375,0.21867452481767669,-0.21867452481767669,robust_return<=0; median_irr<=hurdle,False
144,FFIV,390.47,-0.08820482598530358,-0.0812788509065285,-0.1676287306370795,-0.02263287149107779,0.0,0.12,0.75,0.1676287306370795,0.2876287306370795,0.1676287306370795,0.2876287306370795,116.44973375764253,182.90686749476237,235.68433149322107,116.44973375764253,235.68433149322107,False,,-0.5315725472001374,0.7306199999999999,0.95,0.08207932957300086,0.9286,-0.2012788509065285,0.694089,valid,,,forward_roic_cap_hit,,False,ok,False,,"F5, Inc.",Technology,Software - Infrastructure,general_dcf,22030005024.0,0.9286,0.2640060021463601,1.0870605327209826,0.09913289474739655,0.16487310739896355,0.19959417324742823,0.2452963317068218,0.052290955682298135,-1.4886110533661985,0.07780492308566396,-0.019035263540231218,heavy_sbc,8.0,2025.0,ttm,2026-08-06,2026-09-04,True,,,,0.1676287306370795,0.04103966478650043,0.375,0.2876287306370795,-0.2876287306370795,robust_return<=0; median_irr<=hurdle,False
141,FAST,49.6,-0.08843916723562868,-0.078488162625581,-0.16685963376658036,-0.029920709924772353,0.0,0.12,0.75,0.16685963376658036,0.28685963376658036,0.16685963376658036,0.28685963376658036,14.976256615549639,23.367118509469766,29.556989797548166,14.976256615549639,29.556989797548166,False,,-0.5288887397284321,0.9107,1.0,0.071148461920904,0.995,-0.198488162625581,0.9107,valid,,,,,False,ok,False,,Fastenal Company,Industrials,Industrial - Distribution,general_dcf,56916000000.0,0.995,0.31318996629376483,0.4999846681073931,0.08312523508380062,0.2300647312099642,0.20204371901989834,0.20289623169853588,0.07431176869979028,0.1211377122979333,0.001024327784891165,-0.0002739811860511532,,8.0,2025.0,ttm,2026-07-16,2026-09-04,True,,,,0.16685963376658036,0.035574230960452,0.375,0.28685963376658036,-0.28685963376658036,robust_return<=0; median_irr<=hurdle,False
76,WY,23.02,-0.08877193334446462,-0.09868542798822577,-0.09868542798822577,-0.05903144941318117,0.0,0.12,0.75,0.09868542798822577,0.21868542798822577,0.09868542798822577,0.21868542798822577,13.692642905525869,13.692642905525869,16.981688172591237,13.692642905525869,16.981688172591237,False,,-0.4051849302551751,0.6,0.8,0.037826989287522296,1.0,-0.21868542798822577,0.48,valid,,,specialist_model_v1,,False,specialist,False,,Weyerhaeuser Company,Real Estate,REIT - Specialty,reit,16598400859.0,,,,,,,,,,,,,,,,,2026-09-04,True,721042608.9921807,0.901,P/AFFO Gordon proxy; no property-level NOI or maintenance-capex detail,0.09868542798822577,0.018913494643761148,0.375,0.21868542798822577,-0.21868542798822577,robust_return<=0; median_irr<=hurdle,False
258,CVS,96.74,-0.08986470690797431,-0.05961842018296008,-0.3344255137810251,0.09420352651504799,0.0,0.12,0.25,0.3344255137810251,0.4544255137810251,0.3344255137810251,0.4544255137810251,10.1434444988892,44.091298100221714,106.15937222128562,10.1434444988892,106.15937222128562,False,,-0.544228880502153,0.5021190000000001,1.0,0.22925095014803654,0.4163,-0.1796184201829601,0.5021190000000001,valid,,,forward_roic_floor_hit;reinvestment_cap_hit,,False,ok,False,,CVS Health Corp.,Healthcare,Medical - Healthcare Plans,general_dcf,123433468200.0,0.4163,0.043390673860166755,-0.11097765204606212,0.07289929219778288,-0.029508618337616123,0.032120665582538864,0.01996694660865459,0.10924868668053822,6.667522190140092,0.0014484628858208895,-0.010181414715909831,elevated_leverage;thin_interest_coverage;incremental_roic_below_wacc,8.0,2025.0,ttm,2026-08-05,2026-09-04,True,,,,0.3344255137810251,0.11462547507401827,0.125,0.4544255137810251,-0.4544255137810251,robust_return<=0; median_irr<=hurdle,False
148,JPM,358.64,-0.09068512399910886,-0.07739910233450786,-0.16981563620794515,-0.03812665511947455,0.0,0.12,0.75,0.16981563620794515,0.28981563620794515,0.16981563620794515,0.28981563620794515,141.4267210937847,239.73314896209618,295.2896161160388,141.4267210937847,295.2896161160388,False,,-0.3315493281226406,0.6,0.8,0.08384449054423529,0.5899339399080994,-0.19739910233450786,0.48,valid,,,specialist_model_v1,,False,specialist,False,,JPMorgan Chase & Co.,Financial Services,Banks - Diversified,bank,960979466400.0,,,,,,,,,,,,,,,,,2026-09-04,True,2679510000.0,0.977,Justified P/B residual-income proxy; no regulatory-capital or reserve-detail model,0.16981563620794515,0.041922245272117645,0.375,0.28981563620794515,-0.28981563620794515,robust_return<=0; median_irr<=hurdle,False
80,DOC,20.65,-0.09121312196371331,-0.10072655127112051,-0.10072655127112051,-0.06267283404149171,0.0,0.12,0.75,0.10072655127112051,0.2207265512711205,0.10072655127112051,0.2207265512711205,12.144479629311476,12.144479629311476,14.940876517882279,12.144479629311476,14.940876517882279,False,,-0.41188960632874205,0.6,0.8,0.0370268586148144,1.0,-0.2207265512711205,0.48,valid,,,specialist_model_v1,,False,specialist,False,,"Healthpeak Properties, Inc.",Real Estate,REIT - Healthcare Facilities,reit,14236522999.999998,,,,,,,,,,,,,,,,,2026-09-04,True,689420000.0,0.989,P/AFFO Gordon proxy; no property-level NOI or maintenance-capex detail,0.10072655127112051,0.0185134293074072,0.375,0.2207265512711205,-0.2207265512711205,robust_return<=0; median_irr<=hurdle,False
126,EQIX,1035.98,-0.09313700809361328,-0.0728941058315995,-0.1538657148796546,-0.0728941058315995,0.0,0.12,1.0,0.1538657148796546,0.2738657148796546,0.1538657148796546,0.2738657148796546,449.3118117852227,709.5746342922589,709.5746342922589,449.3118117852227,709.5746342922589,False,,-0.31506917672903056,0.6,0.8,0.05848580452402755,0.6332128997725144,-0.1928941058315995,0.48,valid,,,specialist_model_v1,,False,specialist,False,,"Equinix, Inc.",Real Estate,REIT - Specialty,reit,102221893262.0,,,,,,,,,,,,,,,,,2026-09-04,True,98671685.99972972,0.972,P/AFFO Gordon proxy; no property-level NOI or maintenance-capex detail,0.1538657148796546,0.029242902262013776,0.5,0.2738657148796546,-0.2738657148796546,robust_return<=0; median_irr<=hurdle,False
168,CMI,560.75,-0.09335610453308615,-0.08702030812783047,-0.1863890505992458,-0.012994751277437872,0.0,0.12,0.75,0.1863890505992458,0.3063890505992458,0.1863890505992458,0.3063890505992458,143.01063271908868,228.46434843465323,321.5230584122873,143.01063271908868,321.5230584122873,False,,-0.5925736095681619,0.6771,1.0,0.09638414966090396,0.8143,-0.20702030812783045,0.6771,valid,,,,,False,ok,False,,Cummins Inc.,Industrials,Industrial - Machinery,general_dcf,77377331750.0,0.8143,0.17522750228907755,0.13010139299735682,0.10419209751694387,0.07103540477213367,0.11359188026109883,0.11129998847527947,0.05099192828886134,0.8753762793497892,0.0,-0.008743358682304914,,8.0,2025.0,ttm,2026-08-04,2026-09-04,True,,,,0.1863890505992458,0.04819207483045198,0.375,0.3063890505992458,-0.3063890505992458,robust_return<=0; median_irr<=hurdle,False
177,ROST,230.69,-0.09362114441173613,-0.08766851147229314,-0.20256846914417106,0.003420914441812811,0.0,0.12,0.75,0.20256846914417106,0.32256846914417103,0.20256846914417106,0.32256846914417103,58.54702893907797,106.01662442009538,158.2890713746849,58.54702893907797,158.2890713746849,False,,-0.5404368441627492,0.5573,1.0,0.11627569179299194,0.9243,-0.20766851147229315,0.5573,valid,,,,,False,ok,False,,"Ross Stores, Inc.",Consumer Cyclical,Apparel - Retail,general_dcf,74000986422.0,0.9243,0.35791176633522975,0.13945448458229762,0.08901303274548854,0.2688987335897412,0.12068597176322433,0.13749529920244938,0.061478219668546163,0.10989460374552985,0.007397244545574543,-0.02462356683731426,cyclical_revenue,8.0,2025.0,ttm,2026-09-01,2026-09-04,True,,,,0.20256846914417106,0.05813784589649597,0.375,0.32256846914417103,-0.32256846914417103,robust_return<=0; median_irr<=hurdle,False
164,NTAP,185.59,-0.09445794867642689,-0.08754537516506387,-0.18133351562719324,-0.02140752874838651,0.0,0.12,0.75,0.18133351562719324,0.30133351562719324,0.18133351562719324,0.30133351562719324,50.50581328452695,82.20933840821773,107.59259552951595,50.50581328452695,107.59259552951595,False,,-0.5570378877729526,0.7137,0.85,0.09305199343940337,0.7371,-0.20754537516506388,0.606645,valid,,,forward_roic_cap_hit,,False,ok,False,,"NetApp, Inc.",Technology,Computer Hardware,general_dcf,36419068060.0,0.7371,3.4889312486630697,0.538397152151984,0.11517906526904603,3.3737521833940236,0.1884048836470307,0.24962792585577054,0.017194231969849705,-0.5140601874691663,0.056955966815571156,-0.03127069384853576,heavy_sbc,8.0,2026.0,ttm,2026-09-02,2026-09-04,True,,,,0.18133351562719324,0.04652599671970169,0.375,0.30133351562719324,-0.30133351562719324,robust_return<=0; median_irr<=hurdle,False
155,UNP,289.62,-0.09748152916799879,-0.09114657447644273,-0.17645145408168905,-0.031181513637420687,0.0,0.12,0.75,0.17645145408168905,0.29645145408168905,0.17645145408168905,0.29645145408168905,78.7157949135735,120.90779560594814,159.21490810349871,78.7157949135735,159.21490810349871,False,,-0.5825295366136727,0.8279,1.0,0.07779797022213418,0.852,-0.21114657447644272,0.8279,valid,,,,,False,ok,False,,Union Pacific Corporation,Industrials,Railroads,general_dcf,172056145731.0,0.852,0.15711371343584235,0.0937992238101382,0.08873559071514087,0.06837812272070148,0.39960472465419883,0.39929161747343567,0.010182656377619725,2.295204992495458,0.0,-0.016289549645743695,,8.0,2025.0,ttm,2026-07-23,2026-09-04,True,,,,0.17645145408168905,0.03889898511106709,0.375,0.29645145408168905,-0.29645145408168905,robust_return<=0; median_irr<=hurdle,False
188,TDY,610.65,-0.09879519684745897,-0.08725745327319596,-0.2267774630374333,0.006111582193989334,0.0,0.12,0.75,0.2267774630374333,0.3467774630374333,0.2267774630374333,0.3467774630374333,131.31776538284277,265.07242316735505,410.6543488562546,131.31776538284277,410.6543488562546,False,,-0.5659175908173995,0.6439,1.0,0.1271275226157113,0.6606,-0.20725745327319595,0.6439,valid,,,,,False,ok,False,,Teledyne Technologies Incorporated,Technology,"Hardware, Equipment & Parts",general_dcf,28306128112.0,0.6606,0.08383687047928738,0.28773128831523037,0.09110928102876434,-0.007272410549476957,0.1650039602819721,0.19448104919678716,0.11237458070703754,1.0665107163178857,0.005731523378582202,-0.005622044306011653,cyclical_revenue,8.0,2025.0,ttm,2026-07-24,2026-09-04,True,,,,0.2267774630374333,0.06356376130785565,0.375,0.3467774630374333,-0.3467774630374333,robust_return<=0; median_irr<=hurdle,False
196,MET,97.62,-0.09891468033529288,-0.07570601494051166,-0.23643620174218027,-0.007810489717967939,0.0,0.12,0.75,0.23643620174218027,0.35643620174218027,0.23643620174218027,0.35643620174218027,25.33759858597932,65.85510362489495,93.86678851346569,25.33759858597932,93.86678851346569,False,,-0.32539332488327244,0.6,0.8,0.13231285601210616,0.38474768379836005,-0.19570601494051165,0.48,valid,,,specialist_model_v1,,False,specialist,False,,"MetLife, Inc.",Financial Services,Insurance - Life,insurance,62812298365.99999,,,,,,,,,,,,,,,,,2026-09-04,True,643436779.0002048,0.763,Justified P/B residual-income proxy; no regulatory-capital or reserve-detail model,0.23643620174218027,0.06615642800605308,0.375,0.35643620174218027,-0.35643620174218027,robust_return<=0; median_irr<=hurdle,False
195,CHRW,147.64,-0.10050750869922918,-0.08950449126423332,-0.23535778474179095,0.012336732473340842,0.0,0.12,0.75,0.23535778474179095,0.3553577847417909,0.23535778474179095,0.3553577847417909,29.41646589125972,64.36261861965357,102.04426095081516,29.41646589125972,102.04426095081516,False,,-0.5640570399644163,0.5806,1.0,0.1364292586075659,0.8736,-0.20950449126423332,0.5806,valid,,,,,False,ok,False,,"C.H. Robinson Worldwide, Inc.",Industrials,Integrated Freight & Logistics,general_dcf,17402775921.0,0.8736,0.1947546732284229,,0.09056483273639226,0.10418984049203064,0.04790639549170544,0.049046416111729274,-0.0034578874655647462,1.9478040904313392,0.0047723672769624925,-0.019785939048169054,cyclical_revenue,8.0,2025.0,ttm,2026-07-31,2026-09-04,True,,,,0.23535778474179095,0.06821462930378296,0.375,0.3553577847417909,-0.3553577847417909,robust_return<=0; median_irr<=hurdle,False
204,RL,351.2,-0.1006330766500468,-0.09214571025222536,-0.2508765841339481,0.03263569803821158,0.0,0.12,0.75,0.2508765841339481,0.3708765841339481,0.2508765841339481,0.3708765841339481,64.42056576551046,150.16887854504733,253.39266412798347,64.42056576551046,253.39266412798347,False,,-0.5724120770357422,0.537,1.0,0.15564614108607983,0.8708,-0.21214571025222534,0.537,valid,,,,,False,ok,False,,Ralph Lauren Corporation,Consumer Cyclical,Apparel - Manufacturers,general_dcf,21423133974.0,0.8708,0.2622900167221947,0.696809468882311,0.10818352325494726,0.15410649346724745,0.11167506474262193,0.1493680582152432,0.03651392104845108,0.715642683912692,0.015004373133878215,-0.03867450275717699,cyclical_revenue,8.0,2026.0,ttm,2026-08-06,2026-09-04,True,,,,0.2508765841339481,0.07782307054303991,0.375,0.3708765841339481,-0.3708765841339481,robust_return<=0; median_irr<=hurdle,False
131,ALGN,158.64,-0.10126478242746083,-0.10696697889361526,-0.15745343803428102,-0.03367173388833178,0.0,0.12,0.75,0.15745343803428102,0.277453438034281,0.15745343803428102,0.277453438034281,48.81913877498833,51.14283349196228,74.51316059901575,48.81913877498833,74.51316059901575,False,,-0.6776170354767884,0.42873300000000003,0.6499999999999999,0.08952886207297463,0.7113,-0.22696697889361525,0.27867644999999996,valid,,,forward_roic_floor_hit;reinvestment_cap_hit,,False,ok,False,,"Align Technology, Inc.",Healthcare,Medical - Devices,general_dcf,11361499667.63501,0.7113,0.14695696076029993,-0.5358257089366919,0.12978985377151048,0.017167106988789455,0.1693170094374621,0.15271908249986865,0.10813455367511038,-1.1485499946113873,0.04343647881026613,-0.025430839830211993,cyclical_revenue;incremental_roic_below_wacc,8.0,2025.0,annual,2026-02-27,2026-09-04,True,,,,0.15745343803428102,0.044764431036487314,0.375,0.277453438034281,-0.277453438034281,robust_return<=0; median_irr<=hurdle,False
110,HD,321.05,-0.10225339518292453,-0.10635744252213042,-0.13872188267996527,-0.05757681300747205,0.0,0.12,0.75,0.13872188267996527,0.25872188267996526,0.13872188267996527,0.25872188267996526,102.66010791791523,102.66010791791523,139.895118134209,104.22688022674402,139.895118134209,True,"growth destroys value: forward ROIC 2.9% at/below WACC 8.8%, so higher-growth scenarios reinvest below the cost of capital and are worth less than the bear case",-0.680236387111306,0.765,1.0,0.04762253483624661,0.9324,-0.22635744252213041,0.765,valid,,,reinvestment_cap_hit,,False,ok,False,,"The Home Depot, Inc.",Consumer Cyclical,Home Improvement,general_dcf,320124412850.0,0.9324,0.20749522649054986,-0.04736403118234224,0.0879090195438056,0.11958620694674425,0.14279601693997807,0.12426112450938667,0.06183856728649273,2.3874787826155606,0.002770916659352784,-0.009521261005304371,incremental_roic_below_wacc,8.0,2025.0,ttm,2026-08-25,2026-09-04,True,,,,0.13872188267996527,0.023811267418123304,0.375,0.25872188267996526,-0.25872188267996526,robust_return<=0; median_irr<=hurdle,False
172,GWW,1324.49,-0.10416507721647573,-0.09753276498813646,-0.19087764583709937,-0.030717133052530668,0.0,0.12,0.75,0.19087764583709937,0.31087764583709937,0.19087764583709937,0.31087764583709937,334.3552886378962,557.2759078140392,753.6801985021115,334.3552886378962,753.6801985021115,False,,-0.5792524610876344,0.8201,1.0,0.08547725639228436,0.9434,-0.21753276498813645,0.8201,valid,,,,,False,ok,False,,"W.W. Grainger, Inc.",Industrials,Industrial - Distribution,general_dcf,62533278819.0,0.9434,0.32755331549379885,0.4509324118893471,0.09789600744128513,0.22965730805251372,0.13212734752047384,0.1456619793048554,0.06935006106097008,0.7355096602265156,0.0036113699906803356,-0.025429158294256182,,8.0,2025.0,ttm,2026-08-04,2026-09-04,True,,,,0.19087764583709937,0.04273862819614218,0.375,0.31087764583709937,-0.31087764583709937,robust_return<=0; median_irr<=hurdle,False
151,PKG,237.25,-0.10606690119748233,-0.10670607001229651,-0.17220387780398594,-0.03865158696135036,0.0,0.12,0.75,0.17220387780398594,0.29220387780398593,0.17220387780398594,0.29220387780398593,65.70234877649537,79.9074800855255,121.8489112884787,65.70234877649537,121.8489112884787,False,,-0.6631929185014731,0.70938,1.0,0.07549474542131779,0.7655,-0.2267060700122965,0.70938,valid,,,reinvestment_cap_hit,,False,ok,False,,Packaging Corporation of America,Consumer Cyclical,Packaging & Containers,general_dcf,21138654001.0,0.7655,0.10811729792008297,-0.007728144868957102,0.08113114519219936,0.026986152727883614,0.1454775627681674,0.12716708443894406,0.03606975223775488,1.9165576903732018,0.005126627704296114,-0.013485610898551714,incremental_roic_below_wacc,8.0,2025.0,ttm,2026-08-07,2026-09-04,True,,,,0.17220387780398594,0.037747372710658894,0.375,0.29220387780398593,-0.29220387780398593,robust_return<=0; median_irr<=hurdle,False
236,FSLR,204.45,-0.10635528838756725,-0.09617637848714364,-0.29110217572306285,0.05803377914708111,0.0,0.12,0.75,0.29110217572306285,0.41110217572306285,0.29110217572306285,0.41110217572306285,35.998482340171776,83.18565289088372,154.45413925141986,35.998482340171776,154.45413925141986,False,,-0.5931247107317988,0.4532,1.0,0.190971977435072,0.3455,-0.21617637848714363,0.4532,valid,,,,,False,ok,False,,"First Solar, Inc.",Energy,Solar,general_dcf,21972197952.0,0.3455,0.18534888198808655,0.3431737948737307,0.1344122276109196,0.05093665437716696,0.15890352931345095,0.3364964873092973,0.1281571554750882,-0.6431166207213946,0.006681423934494278,0.0036810645035771916,cyclical_revenue;peak_cycle_margins,8.0,2025.0,ttm,2026-07-30,2026-09-04,True,,,,0.29110217572306285,0.095485988717536,0.375,0.41110217572306285,-0.41110217572306285,robust_return<=0; median_irr<=hurdle,False
180,STE,224.59,-0.10681267589097838,-0.09823036854504605,-0.20555186669807876,-0.025238099775742713,0.0,0.12,0.75,0.20555186669807876,0.3255518666980788,0.20555186669807876,0.3255518666980788,54.366575918939404,88.88122565267315,125.57529441080818,54.366575918939404,125.57529441080818,False,,-0.6042511881531984,0.62802,1.0,0.10131628346116803,0.4502,-0.21823036854504604,0.62802,valid,,,reinvestment_cap_hit,,False,ok,False,,STERIS plc,Healthcare,Medical - Specialties,general_dcf,21888024843.0,0.4502,0.1017250702796889,,0.08970447477811172,0.012020595501577178,0.1685523738913676,0.18908488612836438,0.11433225549041048,0.9569372128637059,0.01051320492754393,-0.007862466369827348,,8.0,2026.0,ttm,2026-08-07,2026-09-04,True,,,,0.20555186669807876,0.050658141730584014,0.375,0.3255518666980788,-0.3255518666980788,robust_return<=0; median_irr<=hurdle,False
153,LOW,204.45,-0.1074769444945559,-0.11468352728115858,-0.1733898998209042,-0.02715082359500226,0.0,0.12,0.75,0.1733898998209042,0.2933898998209042,0.1733898998209042,0.2933898998209042,57.541103194790104,59.458174064218305,108.04434842288948,57.541103194790104,108.04434842288948,False,,-0.7091798774066114,0.5946210000000001,1.0,0.08528090811295097,0.9372,-0.23468352728115857,0.5946210000000001,valid,,,forward_roic_floor_hit;reinvestment_cap_hit,,False,ok,False,,"Lowe's Companies, Inc.",Consumer Cyclical,Home Improvement,general_dcf,114636546150.0,0.9372,0.24976319881583017,-0.14329235242671895,0.0788603436947195,0.17090285512111067,0.11266892234420117,0.11380927105449398,0.027609235184565373,3.0272812793979305,0.002641202763104429,-0.039008478793996604,elevated_leverage;incremental_roic_below_wacc,8.0,2025.0,ttm,2026-08-27,2026-09-04,True,,,,0.1733898998209042,0.042640454056475485,0.375,0.2933898998209042,-0.2933898998209042,robust_return<=0; median_irr<=hurdle,False
215,PTC,141.02,-0.10754263654089294,-0.09339466596720736,-0.2633911720011382,0.02000995777198116,0.0,0.12,0.75,0.2633911720011382,0.3833911720011382,0.2633911720011382,0.3833911720011382,25.511060210608896,61.31132032651967,101.27845918870447,25.511060210608896,101.27845918870447,False,,-0.5652296105054626,0.6702,1.0,0.15159456488655967,0.5603,-0.21339466596720735,0.6702,valid,,,,,False,ok,False,,PTC Inc.,Technology,Software - Application,general_dcf,16288656120.0,0.5603,0.18910145564567496,0.29146960792156157,0.09298183655072143,0.09611961909495353,0.21465823542404253,0.3781376397609727,0.11964698925178596,1.0041364757226843,0.09722154544410373,-0.009262320683786518,heavy_sbc;peak_cycle_margins,8.0,2025.0,ttm,2026-07-31,2026-09-04,True,,,,0.2633911720011382,0.07579728244327984,0.375,0.3833911720011382,-0.3833911720011382,robust_return<=0; median_irr<=hurdle,False
217,PODD,147.48,-0.10811181864846724,-0.09171516975620757,-0.26502629372698705,0.016009358645533243,0.0,0.12,0.75,0.26502629372698705,0.38502629372698705,0.26502629372698705,0.38502629372698705,22.372661698804603,60.09775366759469,100.94029024691928,22.372661698804603,100.94029024691928,False,,-0.5925023483347254,0.6937,1.0,0.14970682618626016,0.5004,-0.21171516975620758,0.6937,valid,,,,,False,ok,False,,Insulet Corp.,Healthcare,Medical - Devices,general_dcf,10215154122.0,0.5004,0.21464763294319028,0.33265370660312693,0.09791349640269512,0.11673413654049516,0.09120143577728251,0.16892091043065335,0.2512966236922243,0.6722484148918875,0.028460314654410464,-0.0024232612437863343,peak_cycle_margins,8.0,2025.0,ttm,2026-08-05,2026-09-04,True,,,,0.26502629372698705,0.07485341309313008,0.375,0.38502629372698705,-0.38502629372698705,robust_return<=0; median_irr<=hurdle,False
132,IRM,116.86,-0.1098697337590209,-0.09399081100399409,-0.15750650202410132,-0.09399081100399409,0.0,0.12,1.0,0.15750650202410132,0.2775065020241013,0.15750650202410132,0.2775065020241013,49.60194097467533,71.33930830077772,71.33930830077772,49.60194097467533,71.33930830077772,False,,-0.3895318475031857,0.6,0.8,0.04975784551005361,0.6952960738776127,-0.21399081100399409,0.48,valid,,,specialist_model_v1,,False,specialist,False,,Iron Mountain Incorporated,Real Estate,REIT - Specialty,reit,34768734222.0,,,,,,,,,,,,,,,,,2026-09-04,True,297524681.0029095,1.217,P/AFFO Gordon proxy; no property-level NOI or maintenance-capex detail,0.15750650202410132,0.024878922755026806,0.5,0.2775065020241013,-0.2775065020241013,robust_return<=0; median_irr<=hurdle,False
160,TGT,164.44,-0.11118263564494553,-0.11305197391484395,-0.1798341273883125,-0.03879246736178171,0.0,0.12,0.75,0.1798341273883125,0.2998341273883125,0.1798341273883125,0.2998341273883125,45.9480232161077,53.25023255147987,81.12403099013498,45.9480232161077,81.12403099013498,False,,-0.6761722661671135,0.585387,1.0,0.08295922001326539,0.7803,-0.23305197391484395,0.585387,valid,,,forward_roic_floor_hit;reinvestment_cap_hit,,False,ok,False,,Target Corporation,Consumer Defensive,Discount Stores,general_dcf,74687168040.0,0.7803,0.15103329149729816,-0.3941557238297022,0.08695365017048354,0.06407964132681462,0.053836488804846115,0.05592126642217167,0.048217746472034584,1.4451935624184429,0.0026818095056308456,-0.005844289307999628,incremental_roic_below_wacc,8.0,2025.0,ttm,2026-08-28,2026-09-04,True,,,,0.1798341273883125,0.041479610006632694,0.375,0.2998341273883125,-0.2998341273883125,robust_return<=0; median_irr<=hurdle,False
272,KEY,22.18,-0.11309580099668379,-0.06097544129038157,-0.36901403750849504,0.038581716102523034,0.0,0.12,0.25,0.36901403750849504,0.48901403750849504,0.36901403750849504,0.48901403750849504,2.2185030491196405,16.19370767876255,26.801858213656786,2.2185030491196405,26.801858213656786,False,,-0.26989595677355505,0.6,0.8,0.22179787680550903,0.13699784466463633,-0.18097544129038157,0.48,valid,,,specialist_model_v1,,False,specialist,False,,KeyCorp,Financial Services,Banks - Regional,bank,23940426600.0,,,,,,,,,,,,,,,,,2026-09-04,True,1079370000.0,1.032,Justified P/B residual-income proxy; no regulatory-capital or reserve-detail model,0.36901403750849504,0.11089893840275451,0.125,0.48901403750849504,-0.48901403750849504,robust_return<=0; median_irr<=hurdle,False
179,BAC,62.68,-0.11367937828847638,-0.09805048786046955,-0.20397622857430975,-0.05464030885865667,0.0,0.12,0.75,0.20397622857430975,0.32397622857430974,0.20397622857430975,0.32397622857430974,20.033608086314416,37.41451567854142,47.327590101151316,20.033608086314416,47.327590101151316,False,,-0.4030868589894476,0.6,0.8,0.09266795985782653,0.5354501514449488,-0.21805048786046954,0.48,valid,,,specialist_model_v1,,False,specialist,False,,Bank of America Corporation,Financial Services,Banks - Diversified,bank,444814261200.0,,,,,,,,,,,,,,,,,2026-09-04,True,7096590000.0,1.168,Justified P/B residual-income proxy; no regulatory-capital or reserve-detail model,0.20397622857430975,0.04633397992891326,0.375,0.32397622857430974,-0.32397622857430974,robust_return<=0; median_irr<=hurdle,False
146,CHD,98.55,-0.11539158907980887,-0.11418104727636086,-0.1679721597000025,-0.06523210206651128,0.0,0.12,0.75,0.1679721597000025,0.2879721597000025,0.1679721597000025,0.2879721597000025,30.90870240844636,36.622705453158986,47.86197334224185,30.90870240844636,47.86197334224185,False,,-0.6283845210232473,0.74349,1.0,0.059065328816745616,0.7984,-0.23418104727636085,0.74349,valid,,,reinvestment_cap_hit,,False,ok,False,,"Church & Dwight Co., Inc.",Consumer Defensive,Household & Personal Products,general_dcf,23350831200.0,0.7984,0.131903138508037,-0.016516850136827292,0.07061936321841669,0.06128377528962031,0.18558024830582392,0.17466407667239248,0.05925266631317894,1.6779896549061994,0.009693635276972704,-0.011084656796424452,incremental_roic_below_wacc,8.0,2025.0,ttm,2026-07-31,2026-09-04,True,,,,0.1679721597000025,0.029532664408372808,0.375,0.2879721597000025,-0.2879721597000025,robust_return<=0; median_irr<=hurdle,False
300,HAL,37.07,-0.11632505440211378,0.0003975617699325364,-0.6883840000140478,0.22228865886572752,0.25,0.12,0.25,0.6883840000140478,0.8083840000140478,0.6883840000140478,0.8083840000140478,0.27349548354886766,26.097223628174802,65.90826073834546,0.27349548354886766,65.90826073834546,False,,-0.29600152068586993,0.4753,1.0,0.47107732943988767,0.4641,-0.11960243823006746,0.4753,valid,,,,,False,ok,False,,Halliburton Company,Energy,Oil & Gas Equipment & Services,general_dcf,30968194036.0,0.4641,0.11702262413404302,0.14439759535311975,0.07787915101461149,0.03914347311943153,0.11024930210138989,0.11437893889956645,-0.011147990725109747,1.6512751677852349,0.0,-0.026387689137254755,cyclical_revenue,8.0,2025.0,ttm,2026-07-24,2026-09-04,True,,,,0.6883840000140478,0.23553866471994384,0.125,0.8083840000140478,-0.8083840000140478,robust_return<=0; median_irr<=hurdle,False
118,ESS,278.61,-0.11938067565477489,-0.12611349193150356,-0.1463431459456116,-0.07895257281048085,0.0,0.12,1.0,0.1463431459456116,0.2663431459456116,0.1463431459456116,0.2663431459456116,126.30291051487133,141.994614144467,184.67438824232224,126.30291051487133,184.67438824232224,False,,-0.4903463115305733,0.6,0.8,0.05169528656756537,0.8894908534091952,-0.24611349193150356,0.48,valid,,,specialist_model_v1,,False,specialist,False,,"Essex Property Trust, Inc.",Real Estate,REIT - Residential,reit,17903963103.0,,,,,,,,,,,,,,,,,2026-09-04,True,64261739.00075374,0.708,P/AFFO Gordon proxy; no property-level NOI or maintenance-capex detail,0.1463431459456116,0.025847643283782685,0.5,0.2663431459456116,-0.2663431459456116,robust_return<=0; median_irr<=hurdle,False
170,ISRG,366.7,-0.12026844921456356,-0.11324109877314181,-0.19057413808623092,-0.06401746122573967,0.0,0.12,0.75,0.19057413808623092,0.3105741380862309,0.19057413808623092,0.3105741380862309,86.1837873953672,128.46899667550073,161.56582523822257,86.1837873953672,161.56582523822257,False,,-0.6496618579888171,0.7692,1.0,0.07020233843024562,0.9085,-0.2332410987731418,0.7692,valid,,,,,False,ok,False,,"Intuitive Surgical, Inc.",Healthcare,Medical - Instruments & Supplies,general_dcf,129547042600.0,0.9085,0.23489406572755056,0.22610213095241274,0.12079999999999999,0.11409406572755057,0.2869455859558496,0.3127673457550932,0.1526066469941605,-1.223541002064177,0.08103351252978293,-0.0032332789213483926,heavy_sbc,8.0,2025.0,ttm,2026-07-21,2026-09-04,True,,,,0.19057413808623092,0.03510116921512281,0.375,0.3105741380862309,-0.3105741380862309,robust_return<=0; median_irr<=hurdle,False
135,AMT,175.85,-0.12136665180150058,-0.12401977561579114,-0.16139724601683814,-0.0760298099575819,0.0,0.12,1.0,0.16139724601683814,0.28139724601683813,0.16139724601683814,0.28139724601683813,72.93295232401135,90.70137736040768,118.42194011653237,72.93295232401135,118.42194011653237,False,,-0.4842116726732575,0.6,0.8,0.06068371802962811,0.8040997220384828,-0.24401977561579113,0.48,valid,,,specialist_model_v1,,False,specialist,False,,American Tower Corporation,Real Estate,REIT - Specialty,reit,81939066000.0,,,,,,,,,,,,,,,,,2026-09-04,True,465960000.0,0.894,P/AFFO Gordon proxy; no property-level NOI or maintenance-capex detail,0.16139724601683814,0.030341859014814055,0.5,0.28139724601683813,-0.28139724601683813,robust_return<=0; median_irr<=hurdle,False
214,HON,209.61,-0.12222343028115568,-0.09726684347260742,-0.2626052882493239,-0.031754745930084,0.0,0.12,0.75,0.2626052882493239,0.3826052882493239,0.2626052882493239,0.3826052882493239,35.98017534678583,88.39582417430802,116.69784279519811,35.98017534678583,116.69784279519811,False,,-0.5782843176646724,0.72693,0.85,0.12811737115961996,0.735,-0.2172668434726074,0.6178905,valid,,,base_growth_floor_hit,,False,ok,False,,Honeywell International Inc.,Industrials,Conglomerates,general_dcf,66433793400.00001,0.735,0.08189238094830455,0.031369920020666665,0.08589634568256194,-0.00400396473425739,0.1807451473825378,0.14090783282590644,-0.01561271176106549,3.9240265906932574,0.005588040441282369,-0.022510432158365012,elevated_leverage;thin_interest_coverage;incremental_roic_below_wacc,8.0,2025.0,ttm,2026-07-23,2026-09-04,True,,,,0.2626052882493239,0.06405868557980998,0.375,0.3826052882493239,-0.3826052882493239,robust_return<=0; median_irr<=hurdle,False
175,AAPL,319.97,-0.1224741514324705,-0.11772839348122938,-0.19939075199654321,-0.055049066770879986,0.0,0.12,0.75,0.19939075199654321,0.3193907519965432,0.19939075199654321,0.3193907519965432,77.46518842406502,123.46439571039085,163.20908234640507,77.46518842406502,163.20908234640507,False,,-0.6141375888039791,0.69435,0.95,0.08284034261283162,0.9712,-0.23772839348122937,0.6596325,valid,,,forward_roic_cap_hit,,False,ok,False,,Apple Inc.,Technology,Consumer Electronics,general_dcf,4699513299320.0,0.9712,1.0077187326021588,,0.10160386470870995,0.9061148678934489,0.2980189489629316,0.3317295848747812,0.06625988170490915,0.13043659464512172,0.02988990755303234,-0.03326232267146012,,8.0,2025.0,ttm,2026-07-31,2026-09-04,True,,,,0.19939075199654321,0.04142017130641581,0.375,0.3193907519965432,-0.3193907519965432,robust_return<=0; median_irr<=hurdle,False
189,APH,82.78,-0.12277026588271833,-0.1121782220783643,-0.22698878634255376,-0.03973583303159099,0.0,0.12,0.75,0.22698878634255376,0.34698878634255376,0.22698878634255376,0.34698878634255376,15.796720010417667,30.017108611164367,43.57596145772487,15.796720010417667,43.57596145772487,False,,-0.6373869459873838,0.60129,0.85,0.11008777665548138,0.9043,-0.2321782220783643,0.5110965,valid,,,base_growth_cap_hit,,False,ok,False,,Amphenol Corporation,Technology,"Hardware, Equipment & Parts",general_dcf,204132168800.0,0.9043,0.21449029385370993,0.4045780359553282,0.10520035319750845,0.10928994065620148,0.20659165612487077,0.2719188186794248,0.15938454986222794,1.4568298758797742,0.007193204884810185,0.012562928961256992,cyclical_revenue,8.0,2025.0,ttm,2026-07-31,2026-09-04,True,,,,0.22698878634255376,0.05504388832774069,0.375,0.34698878634255376,-0.34698878634255376,robust_return<=0; median_irr<=hurdle,False
191,EME,754.16,-0.12744937322349867,-0.12212892803727297,-0.22808982324349927,-0.03744981357594948,0.0,0.12,0.75,0.22808982324349927,0.34808982324349924,0.22808982324349927,0.34808982324349924,160.0605839848869,287.78740699699006,416.36916586417846,160.0605839848869,416.36916586417846,False,,-0.6184000649769412,0.6561,0.85,0.11013700483377489,0.874,-0.24212892803727298,0.557685,valid,,,forward_roic_cap_hit,,False,ok,False,,"EMCOR Group, Inc.",Industrials,Engineering & Construction,general_dcf,33265922938.0,0.874,0.3700780953852891,0.7802474152953118,0.10419366770396384,0.26588442768132525,0.05229815894925574,0.10152578686077297,0.11102584323305242,-0.18272801887270193,0.0010918810036467824,-0.035021816601687794,peak_cycle_margins,8.0,2025.0,ttm,2026-07-30,2026-09-04,True,,,,0.22808982324349927,0.055068502416887447,0.375,0.34808982324349924,-0.34808982324349924,robust_return<=0; median_irr<=hurdle,False
287,DIS,105.31,-0.12759640011936424,-0.075492558022961,-0.4393685827672015,0.0799680983356666,0.0,0.12,0.25,0.4393685827672015,0.5593685827672015,0.4393685827672015,0.5593685827672015,5.655761748327784,43.55049966773378,90.49508036200253,5.655761748327784,90.49508036200253,False,,-0.5864542810014834,0.6228,1.0,0.27098434055143406,0.4227,-0.195492558022961,0.6228,valid,,,,,False,ok,False,,The Walt Disney Company,Communication Services,Entertainment,general_dcf,182871868100.0,0.4227,0.08206931449336412,0.42600419020964775,0.10379301455472156,-0.021723700061357445,0.11577769258226561,0.16004288850001516,0.06837008516307796,1.9135403493981546,0.014434736563410114,-0.015566736385566604,,8.0,2025.0,ttm,2026-08-05,2026-09-04,True,,,,0.4393685827672015,0.13549217027571703,0.125,0.5593685827672015,-0.5593685827672015,robust_return<=0; median_irr<=hurdle,False
261,IBM,234.89,-0.12940427626817833,-0.09750011967553289,-0.34100255864032075,0.01838569291867318,0.0,0.12,0.75,0.34100255864032075,0.46100255864032075,0.34100255864032075,0.46100255864032075,26.04166188749142,103.46617615044767,182.40635831575392,26.04166188749142,182.40635831575392,False,,-0.5595122135874337,0.694,1.0,0.18887412577949697,0.7633,-0.2175001196755329,0.694,valid,,,,,False,ok,False,,International Business Machines Corporation,Technology,Information Technology Services,general_dcf,221297855260.0,0.7633,0.12128461000960783,0.27315533980582524,0.07700726337500192,0.044277346634605905,0.14690109790502892,0.17863293630693083,-0.023189776868179135,3.256768310059846,0.020891431485347313,0.01456003147851992,elevated_leverage,8.0,2025.0,ttm,2026-07-23,2026-09-04,True,,,,0.34100255864032075,0.09443706288974849,0.375,0.46100255864032075,-0.46100255864032075,robust_return<=0; median_irr<=hurdle,False
120,MAS,72.7,-0.13061056977312538,-0.13713367712916796,-0.1483984275371767,-0.09977649729698893,0.0,0.12,1.0,0.1483984275371767,0.2683984275371767,0.1483984275371767,0.2683984275371767,18.722037818566303,18.722037818566303,22.36765645334573,22.36765645334573,21.927283579980877,True,"growth destroys value: forward ROIC 2.0% at/below WACC 10.0%, so higher-growth scenarios reinvest below the cost of capital and are worth less than the bear case",-0.7424754082728157,0.695547,0.7,0.04244455512009389,0.9855,-0.25713367712916796,0.4868829,valid,,,forward_roic_floor_hit;reinvestment_cap_hit,,False,ok,False,,Masco Corporation,Basic Materials,Construction Materials,general_dcf,14335526161.0,0.9855,0.36950224832645623,-0.24970968064271476,0.10001062646524943,0.2694916218612068,0.16795059838708515,0.1682094683946046,0.018441922577974612,1.9640845070422535,0.0,-0.032664550890476485,incremental_roic_below_wacc,8.0,2025.0,annual,2026-02-10,2026-09-04,True,,,,0.1483984275371767,0.021222277560046944,0.5,0.2683984275371767,-0.2683984275371767,robust_return<=0; median_irr<=hurdle,False
163,DOV,192.88,-0.1309404978041129,-0.12845853834587606,-0.18109368034638462,-0.0857512341783149,0.0,0.12,1.0,0.18109368034638462,0.3010936803463846,0.18109368034638462,0.3010936803463846,52.28668631866861,64.14316769960207,74.27505707687378,52.28668631866861,74.27505707687378,False,,-0.6674452110140913,0.7216199999999999,1.0,0.05602262308403486,0.762,-0.24845853834587606,0.7216199999999999,valid,,,reinvestment_cap_hit,,False,ok,False,,Dover Corporation,Industrials,Industrial - Machinery,general_dcf,25977078400.0,0.762,0.12462696066287782,0.0309088815527848,0.09948369659954014,0.02514326406333768,0.1572083358717778,0.16865271732392273,0.021099944953815397,0.8299581714638884,0.005210363302744713,-0.0190280140371909,incremental_roic_below_wacc,8.0,2025.0,ttm,2026-07-23,2026-09-04,True,,,,0.18109368034638462,0.02801131154201743,0.5,0.3010936803463846,-0.3010936803463846,robust_return<=0; median_irr<=hurdle,False
162,IEX,223.74,-0.13114373089156287,-0.12921753396512936,-0.1808233627307345,-0.08531649290525818,0.0,0.12,1.0,0.1808233627307345,0.3008233627307345,0.1808233627307345,0.3008233627307345,60.45750123544592,70.62472623149968,87.05712474847083,60.45750123544592,87.05712474847083,False,,-0.6843446579444905,0.7317,1.0,0.055802434912738154,0.765,-0.24921753396512936,0.7317,valid,,,reinvestment_cap_hit,,False,ok,False,,IDEX Corporation,Industrials,Industrial - Machinery,general_dcf,16494090426.0,0.765,0.11052881078741031,0.02470218066916018,0.09173542614588745,0.01879338464152286,0.2322517632887101,0.2075419072323097,0.048393072016545746,1.3212792642140467,0.0078928046989721,-0.007957896980223311,incremental_roic_below_wacc,8.0,2025.0,ttm,2026-07-29,2026-09-04,True,,,,0.1808233627307345,0.027901217456369077,0.5,0.3008233627307345,-0.3008233627307345,robust_return<=0; median_irr<=hurdle,False
193,ROP,407.28,-0.13284005148161665,-0.12024549671332349,-0.2333744311516057,-0.05749478134821399,0.0,0.12,0.75,0.2333744311516057,0.3533744311516057,0.2333744311516057,0.3533744311516057,80.49197042384752,135.8426459656026,189.8549227894915,80.49197042384752,189.8549227894915,False,,-0.6664637449282984,0.71487,1.0,0.09649372490169586,0.5733,-0.2402454967133235,0.71487,valid,,,reinvestment_cap_hit,,False,ok,False,,"Roper Technologies, Inc.",Technology,Software - Application,general_dcf,41101475760.0,0.5733,0.06140264957956667,0.07287317514358209,0.07703470712334984,-0.01563205754378317,0.28084670952713225,0.2796517034406966,0.06186905149521538,3.3831068560840025,0.020726787134901694,-0.0132843055671924,elevated_leverage;incremental_roic_below_wacc,8.0,2025.0,ttm,2026-07-31,2026-09-04,True,,,,0.2333744311516057,0.04824686245084793,0.375,0.3533744311516057,-0.3533744311516057,robust_return<=0; median_irr<=hurdle,False
181,MTD,1345.26,-0.13488490505551448,-0.1305547307245433,-0.2065338960353983,-0.07189626273757309,0.0,0.12,1.0,0.2065338960353983,0.3265338960353983,0.2065338960353983,0.3265338960353983,299.2951552630872,471.5669814606926,614.6857768751015,299.2951552630872,614.6857768751015,False,,-0.6494603411528681,0.8542,1.0,0.0716928166489126,0.9773,-0.25055473072454326,0.8542,valid,,,,,False,ok,False,,Mettler-Toledo International Inc.,Healthcare,Medical - Diagnostics & Research,general_dcf,27184475976.0,0.9773,0.4648030667787421,0.26524520333931784,0.10482068758699414,0.35998237919174797,0.2726700953622288,0.2869218348401923,0.046172122400079285,1.5644837631795332,0.005159384675137468,-0.0389407114193947,,8.0,2025.0,ttm,2026-07-31,2026-09-04,True,,,,0.2065338960353983,0.0358464083244563,0.5,0.3265338960353983,-0.3265338960353983,robust_return<=0; median_irr<=hurdle,False
166,CSCO,109.2,-0.13510128757188788,-0.13218413424910969,-0.18254679169622248,-0.09349009009310973,0.0,0.12,1.0,0.18254679169622248,0.30254679169622245,0.18254679169622248,0.30254679169622245,28.20410279150725,36.678840262499826,43.432886887038016,28.20410279150725,43.432886887038016,False,,-0.6641131844093422,0.8435,1.0,0.049223350801556376,0.8936,-0.2521841342491097,0.8435,valid,,,,,False,ok,False,,"Cisco Systems, Inc.",Technology,Communication Equipment,general_dcf,430404665418.0,0.8936,0.1971295046462844,0.034925472050555066,0.09491899813823455,0.10221050650804984,0.2606543314348322,0.24268456375838926,0.02881952032572732,0.7606570199452484,0.060481642321358074,-0.00967511679577604,heavy_sbc;incremental_roic_below_wacc,8.0,2026.0,ttm,2026-09-02,2026-09-04,True,,,,0.18254679169622248,0.024611675400778188,0.5,0.30254679169622245,-0.30254679169622245,robust_return<=0; median_irr<=hurdle,False
184,AME,237.72,-0.13592613935179537,-0.12989493862551166,-0.21067747560737182,-0.07323720454878638,0.0,0.12,1.0,0.21067747560737182,0.3306774756073718,0.21067747560737182,0.3306774756073718,54.01853357278042,80.16751334882663,105.39359125416449,54.01853357278042,105.39359125416449,False,,-0.6627649615142747,0.7911,1.0,0.07498713552929272,0.7842,-0.24989493862551165,0.7911,valid,,,,,False,ok,False,,"AMETEK, Inc.",Industrials,Electrical Equipment & Parts,general_dcf,54486137160.0,0.7842,0.1273478416317972,0.15542265014439383,0.09574785844150635,0.03159998319029084,0.23996926366993981,0.26126171377822494,0.062368142586528785,0.7336237659610321,0.006895513442959266,-0.00244041742688883,,8.0,2025.0,ttm,2026-08-04,2026-09-04,True,,,,0.21067747560737182,0.03749356776464636,0.5,0.3306774756073718,-0.3306774756073718,robust_return<=0; median_irr<=hurdle,False
182,WMT,107.14,-0.13888981992058683,-0.1330764477024785,-0.20718116410425863,-0.08222522017313166,0.0,0.12,1.0,0.20718116410425863,0.3271811641042586,0.20718116410425863,0.3271811641042586,25.813040928664936,38.71168181448682,49.83563075980459,25.813040928664936,49.83563075980459,False,,-0.6386813345670448,0.9088,1.0,0.06521397196556349,0.8501,-0.2530764477024785,0.9088,valid,,,,,False,ok,False,,Walmart Inc.,Consumer Defensive,Discount Stores,general_dcf,852628691200.0,0.8501,0.14989976967601448,0.09590727000201303,0.07556164570402263,0.07433812397199185,0.0417489397208882,0.043868232224396606,0.04777754991382177,1.313533025140903,0.0,-0.009187624627883029,,8.0,2026.0,ttm,2026-08-28,2026-09-04,True,,,,0.20718116410425863,0.03260698598278174,0.5,0.3271811641042586,-0.3271811641042586,robust_return<=0; median_irr<=hurdle,False
178,COST,915.74,-0.1390722489265499,-0.1319935934916429,-0.20297902519123448,-0.08932278353167927,0.0,0.12,1.0,0.20297902519123448,0.32297902519123445,0.20297902519123448,0.32297902519123445,224.71251619303752,325.2170932994439,401.87005074637347,224.71251619303752,401.87005074637347,False,,-0.6448587008327211,0.895,1.0,0.059978120829777604,0.981,-0.2519935934916429,0.895,valid,,,,,False,ok,False,,Costco Wholesale Corporation,Consumer Defensive,Discount Stores,general_dcf,406111459460.0,0.981,0.38993330020520345,0.38001479997543736,0.08993849494070005,0.2999948052645034,0.03386284317762697,0.03823398174987312,0.09962564637566751,-0.8530819434372734,0.0031945189648768003,-0.0002451377367429508,,8.0,2025.0,ttm,2026-05-28,2026-09-04,True,,,,0.20297902519123448,0.029989060414888802,0.5,0.32297902519123445,-0.32297902519123445,robust_return<=0; median_irr<=hurdle,False
194,NFLX,78.25,-0.1392548576404806,-0.13295548750902522,-0.2345793006010353,-0.056529154942836585,0.0,0.12,0.75,0.2345793006010353,0.35457930060103526,0.2345793006010353,0.35457930060103526,14.7952725483423,25.803061343179156,36.47147267248396,14.7952725483423,36.47147267248396,False,,-0.6702484173395635,0.64287,1.0,0.09973897282909935,0.8511,-0.2529554875090252,0.64287,valid,,,forward_roic_cap_hit,,False,ok,False,,"Netflix, Inc.",Communication Services,Entertainment,general_dcf,325828304922.0,0.8511,0.3545950868267134,1.526529513517013,0.12061042815018451,0.2339846586765289,0.19482409221340108,0.2967601876207703,0.16201185019113717,0.1618017232549483,0.00815458704457133,-0.018940231111423622,peak_cycle_margins,8.0,2025.0,ttm,2026-07-17,2026-09-04,True,,,,0.2345793006010353,0.04986948641454968,0.375,0.35457930060103526,-0.35457930060103526,robust_return<=0; median_irr<=hurdle,False
267,CTVA,87.86,-0.14152613445330636,-0.12318714269204059,-0.34659603115287596,0.02686577872373166,0.0,0.12,0.75,0.34659603115287596,0.46659603115287596,0.34659603115287596,0.46659603115287596,10.426082082055656,36.413957842091406,71.31761659638985,10.426082082055656,71.31761659638985,False,,-0.5855456653529318,0.58086,1.0,0.1993051049383038,0.2133,-0.2431871426920406,0.58086,valid,,,forward_roic_cap_hit,,False,ok,False,,"Corteva, Inc.",Basic Materials,Agricultural Inputs,general_dcf,58762525200.0,0.2133,0.08956886470114767,4.51371823474996,0.0743281462468835,0.015240718454264168,0.09729096702649447,0.17078374129800133,0.028568710822397314,0.5859010270774977,0.0,-0.02495625811527946,peak_cycle_margins,8.0,2025.0,ttm,2026-07-31,2026-09-04,True,,,,0.34659603115287596,0.0996525524691519,0.375,0.46659603115287596,-0.46659603115287596,robust_return<=0; median_irr<=hurdle,False
186,CTAS,200.47,-0.14192951847289803,-0.13353341940382957,-0.2213720589643344,-0.07927917611959852,0.0,0.12,1.0,0.2213720589643344,0.3413720589643344,0.2213720589643344,0.3413720589643344,43.04952466939622,69.7537938871285,91.13829154240995,43.04952466939622,91.13829154240995,False,,-0.6520487160815658,0.8754,1.0,0.07478444142236794,0.9645,-0.25353341940382956,0.8754,valid,,,,,False,ok,False,,Cintas Corporation,Industrials,Specialty Business Services,general_dcf,80221991894.0,0.9645,0.27611923547728706,0.5952256441099528,0.09228297207297138,0.1838362634043157,0.20328985325583016,0.2313863560886911,0.07270340712107148,0.7748193698831618,0.012190340031354805,-0.007472729589171112,,8.0,2026.0,ttm,2026-07-29,2026-09-04,True,,,,0.2213720589643344,0.03739222071118397,0.5,0.3413720589643344,-0.3413720589643344,robust_return<=0; median_irr<=hurdle,False
242,PCAR,124.7,-0.14261541281884998,-0.12510270200145895,-0.3018117198836989,-0.018444527388783147,0.0,0.12,0.75,0.3018117198836989,0.4218117198836989,0.3018117198836989,0.4218117198836989,16.897505440526444,42.06512396037435,72.53948344869849,16.897505440526444,72.53948344869849,False,,-0.6626694149127959,0.44208000000000003,1.0,0.15842119624745787,0.6287,-0.24510270200145895,0.44208000000000003,valid,,,reinvestment_cap_hit,,False,ok,False,,PACCAR Inc,Industrials,Industrial - Machinery,general_dcf,65637709639.0,0.6287,0.07991444804047945,0.06372457485700526,0.08827753526898645,-0.008363087228506996,0.11531679288096988,0.09813152645782001,0.027683097680262003,1.6717809781833737,0.0,0.00269963903647108,cyclical_revenue;incremental_roic_below_wacc,8.0,2025.0,ttm,2026-07-29,2026-09-04,True,,,,0.3018117198836989,0.07921059812372894,0.375,0.4218117198836989,-0.4218117198836989,robust_return<=0; median_irr<=hurdle,False
226,CFG,70.78,-0.14655418560758343,-0.12237795926742845,-0.27907826993780993,-0.0623825539576669,0.0,0.12,0.75,0.27907826993780993,0.3990782699378099,0.27907826993780993,0.3990782699378099,13.78323432528187,36.8509057291836,51.29073896543169,13.78323432528187,51.29073896543169,False,,-0.4793599077538344,0.6,0.8,0.1263478579900715,0.3740270165019693,-0.24237795926742844,0.48,valid,,,specialist_model_v1,,False,specialist,False,,"Citizens Financial Group, Inc.",Financial Services,Banks - Regional,bank,29931587960.0,,,,,,,,,,,,,,,,,2026-09-04,True,422882000.0,1.006,Justified P/B residual-income proxy; no regulatory-capital or reserve-detail model,0.27907826993780993,0.06317392899503575,0.375,0.3990782699378099,-0.3990782699378099,robust_return<=0; median_irr<=hurdle,False
130,PSA,302.01,-0.14819987594896036,-0.15728806176468146,-0.15728806176468146,-0.12093531850179706,0.0,0.12,1.0,0.15728806176468146,0.27728806176468146,0.15728806176468146,0.27728806176468146,128.35626027216142,128.35626027216142,158.53511840505183,128.35626027216142,158.53511840505183,False,,-0.5749933436900718,0.6,0.8,0.036176371631442196,1.0,-0.27728806176468146,0.48,valid,,,specialist_model_v1,,False,specialist,False,,Public Storage,Real Estate,REIT - Industrial,reit,56317616760.0,,,,,,,,,,,,,,,,,2026-09-04,True,186476000.0,0.945,P/AFFO Gordon proxy; no property-level NOI or maintenance-capex detail,0.15728806176468146,0.018088185815721098,0.5,0.27728806176468146,-0.27728806176468146,robust_return<=0; median_irr<=hurdle,False
306,NRG,119.02,-0.15149978280387585,-0.009143702406436175,-0.95,0.3622882735973689,0.25,0.12,0.25,0.95,1.0699999999999998,0.95,1.0699999999999998,-67.005438652014,58.36217237694016,392.24426852847967,-67.005438652014,392.24426852847967,False,,-0.5096439894392526,0.39122999999999997,0.95,0.6759072367986845,0.5741,-0.12914370240643616,0.37166849999999996,valid,,,reinvestment_cap_hit,,False,ok,True,bear,"NRG Energy, Inc.",Utilities,Independent Power Producers,general_dcf,25111553720.0,0.5741,0.05454538097218734,,0.08875497751225872,-0.03420959654007138,0.09488985175466122,0.053795918367346936,0.18287155276652345,6.946348733233979,0.0036260220405261285,-0.038160893664907936,elevated_leverage;cyclical_revenue,8.0,2025.0,ttm,2026-08-04,2026-09-04,True,,,,0.95,0.33795361839934224,0.125,1.0699999999999998,-1.0699999999999998,robust_return<=0; median_irr<=hurdle,False
197,ABT,108.33,-0.15200049373961516,-0.1483029879571404,-0.2378324929915834,-0.07356350605259648,0.0,0.12,1.0,0.2378324929915834,0.3578324929915834,0.2378324929915834,0.3578324929915834,19.32249921823316,30.332224762606124,48.66449363994066,19.32249921823316,48.66449363994066,False,,-0.7200016176257166,0.599643,1.0,0.09414520346949345,0.7245,-0.26830298795714036,0.599643,valid,,,forward_roic_floor_hit;reinvestment_cap_hit,,False,ok,False,,Abbott Laboratories,Healthcare,Medical - Devices,general_dcf,187452430688.72,0.7245,0.08732436806141575,-0.07363566932580261,0.07346512237162864,0.013859245689787109,0.16156574496594517,0.17026940002146615,0.05448021910170198,2.398738674720199,0.01604290822407628,-0.003984105988745212,incremental_roic_below_wacc,8.0,2025.0,ttm,2026-07-28,2026-09-04,True,,,,0.2378324929915834,0.04707260173474673,0.5,0.3578324929915834,-0.3578324929915834,robust_return<=0; median_irr<=hurdle,False
233,AKAM,105.22,-0.1529462144477293,-0.13174006142653522,-0.2888328532571905,-0.05947188168065619,0.0,0.12,0.75,0.2888328532571905,0.4088328532571905,0.2888328532571905,0.4088328532571905,7.833438484884504,30.270819522525855,49.54084375875046,7.833438484884504,49.54084375875046,False,,-0.712309261333151,0.6724620000000001,1.0,0.12450662578826714,0.6961,-0.2517400614265352,0.6724620000000001,valid,,,forward_roic_floor_hit;reinvestment_cap_hit,,False,ok,False,,"Akamai Technologies, Inc.",Technology,Software - Infrastructure,general_dcf,15297457154.000002,0.6961,0.041273727504069914,-0.030526924258574523,0.07029502585760271,-0.029021298353532794,0.17709245816795977,0.11847343663901969,0.06463602570036953,4.823316461879624,0.09856212517238061,-0.014289177992000912,elevated_leverage;heavy_sbc;incremental_roic_below_wacc,8.0,2025.0,ttm,2026-08-07,2026-09-04,True,,,,0.2888328532571905,0.06225331289413357,0.375,0.4088328532571905,-0.4088328532571905,robust_return<=0; median_irr<=hurdle,False
240,DXCM,87.9,-0.15413326605339536,-0.14388949231943116,-0.29857847912353475,-0.030175600451184406,0.0,0.12,0.75,0.29857847912353475,0.41857847912353474,0.29857847912353475,0.41857847912353474,11.842649091177574,28.554480997939915,47.53465295867475,11.842649091177574,47.53465295867475,False,,-0.6751481115137666,0.58797,1.0,0.14656233933617518,0.7084,-0.26388949231943115,0.58797,valid,,,forward_roic_cap_hit,,False,ok,False,,"DexCom, Inc.",Healthcare,Medical - Devices,general_dcf,33170031900.000004,0.7084,0.46416136058679036,0.8165646582952667,0.11566013321081241,0.34850122737597794,0.14160742777167754,0.22923206954841827,0.24045248560262444,-0.39096351197263396,0.041631007923142754,-0.02864919551928613,peak_cycle_margins,8.0,2025.0,ttm,2026-07-30,2026-09-04,True,,,,0.29857847912353475,0.07328116966808759,0.375,0.41857847912353474,-0.41857847912353474,robust_return<=0; median_irr<=hurdle,False
237,URI,1009.86,-0.1550638904122024,-0.13614479942116298,-0.29428753180618505,-0.053678431000298565,0.0,0.12,0.75,0.29428753180618505,0.41428753180618505,0.29428753180618505,0.41428753180618505,98.93326518738398,239.30031807075824,374.9564617613016,98.93326518738398,374.9564617613016,False,,-0.7630361455342738,0.7352,1.0,0.12824855040294325,0.572,-0.25614479942116297,0.7352,valid,,,,,False,ok,False,,"United Rentals, Inc.",Industrials,Rental & Leasing Services,general_dcf,62856211050.0,0.572,0.12828471139830133,0.14640983758377604,0.11996298925745061,0.008321722140850724,0.24881215862584077,0.24792062737642587,0.10413850897536503,2.0678310316815596,0.007298794395568589,-0.03590169898188733,,8.0,2025.0,ttm,2026-07-22,2026-09-04,True,,,,0.29428753180618505,0.06412427520147163,0.375,0.41428753180618505,-0.41428753180618505,robust_return<=0; median_irr<=hurdle,False
218,SHW,333.71,-0.15519953913753848,-0.1412731810167315,-0.2664147304705693,-0.07183706404612161,0.0,0.12,0.75,0.2664147304705693,0.3864147304705693,0.2664147304705693,0.3864147304705693,49.47609772791842,100.54657349088517,145.26721887087538,49.47609772791842,145.26721887087538,False,,-0.6987007476824634,0.8588,1.0,0.10152483321222384,0.8486,-0.26127318101673147,0.8588,valid,,,,,False,ok,False,,The Sherwin-Williams Company,Basic Materials,Chemicals - Specialty,general_dcf,81010822570.0,0.8486,0.17552903017153537,0.24977029040990428,0.09448175739452389,0.08104727277701149,0.145467137345766,0.16358668267083976,0.04319057856107422,2.949742568383584,0.005238755763691817,-0.019078242169140336,,8.0,2025.0,ttm,2026-07-28,2026-09-04,True,,,,0.2664147304705693,0.05076241660611192,0.375,0.3864147304705693,-0.3864147304705693,robust_return<=0; median_irr<=hurdle,False
183,WSM,227.42,-0.1568442440147919,-0.1582767166692065,-0.2094442013738444,-0.10137934134691023,0.0,0.12,1.0,0.2094442013738444,0.3294442013738444,0.2094442013738444,0.3294442013738444,51.66988003830406,67.86074159291367,83.48317084039748,51.66988003830406,83.48317084039748,False,,-0.7016060962408157,0.7133,0.95,0.06413343001346708,0.9245,-0.2782767166692065,0.677635,valid,,,,,False,ok,False,,"Williams-Sonoma, Inc.",Consumer Cyclical,Specialty Retail,general_dcf,26777934274.0,0.9245,0.44214113510499026,-0.06734620042273971,0.11835042191175874,0.3237907131932315,0.16663394849440455,0.19205534532993485,0.0467045849233334,0.27334176896236284,0.012835696522912865,-0.04892478688078461,incremental_roic_below_wacc,8.0,2025.0,ttm,2026-08-28,2026-09-04,True,,,,0.2094442013738444,0.03206671500673354,0.5,0.3294442013738444,-0.3294442013738444,robust_return<=0; median_irr<=hurdle,False
223,HSIC,89.81,-0.15885214396403166,-0.15612194213317698,-0.274060831789393,-0.04910385980037969,0.0,0.12,0.75,0.274060831789393,0.394060831789393,0.274060831789393,0.394060831789393,13.804418289558706,18.766570524624743,41.74370136661649,13.804418289558706,41.74370136661649,False,,-0.7910414149357005,0.5087691000000001,1.0,0.12721541299450667,0.7254,-0.276121942133177,0.5087691000000001,valid,,,forward_roic_floor_hit;share_change_floor_hit;reinvestment_cap_hit,,False,ok,False,,"Henry Schein, Inc.",Healthcare,Medical - Distribution,general_dcf,10230885770.0,0.7254,0.08750857712776933,-0.03311241926184948,0.07738686969874353,0.010121707429025795,0.05769458738710034,0.05690339655932951,-0.0001948354983694056,3.320617620345141,0.003077408664089008,-0.0600747381342468,elevated_leverage;thin_interest_coverage;incremental_roic_below_wacc,8.0,2025.0,ttm,2026-08-04,2026-09-04,True,,,,0.274060831789393,0.06360770649725334,0.375,0.394060831789393,-0.394060831789393,robust_return<=0; median_irr<=hurdle,False
244,FDX,322.52,-0.15960937165182254,-0.14589670563291285,-0.30518080505717077,-0.04146327028429365,0.0,0.12,0.75,0.30518080505717077,0.42518080505717076,0.30518080505717077,0.42518080505717076,34.2080360739042,59.77848379621966,137.33039290986312,34.2080360739042,137.33039290986312,False,,-0.8146518547804178,0.65169,1.0,0.14230806738643856,0.5386,-0.26589670563291284,0.65169,valid,,,reinvestment_cap_hit,,False,ok,False,,FedEx Corporation,Industrials,Integrated Freight & Logistics,general_dcf,76302164754.0,0.5386,0.07994678442098742,0.012706893705180085,0.09146382279960621,-0.011517038378618796,0.0694637784171968,0.06735641891891891,0.044807004966957775,2.7567215554935345,0.0018587572554251764,-0.01992564426454624,incremental_roic_below_wacc,8.0,2026.0,ttm,2026-07-20,2026-09-04,True,,,,0.30518080505717077,0.07115403369321928,0.375,0.42518080505717076,-0.42518080505717076,robust_return<=0; median_irr<=hurdle,False
209,MSI,468.05,-0.16042197229580774,-0.14947517079708628,-0.25664567613712275,-0.08609187145193568,0.0,0.12,1.0,0.25664567613712275,0.37664567613712274,0.25664567613712275,0.37664567613712274,75.43448940531496,139.7601436552447,196.57559853078627,75.43448940531496,196.57559853078627,False,,-0.7013991162156934,0.8334,1.0,0.09027490234259353,0.9195,-0.26947517079708627,0.8334,valid,,,,,False,ok,False,,"Motorola Solutions, Inc.",Technology,Communication Equipment,general_dcf,77694427800.0,0.9195,0.21399779926408488,0.15088799315472587,0.08683595511477386,0.12716184414931103,0.20223532193357102,0.2504903563255966,0.06857802574283212,2.46513558384062,0.022464638994175834,-0.009198172843362107,,8.0,2025.0,ttm,2026-08-05,2026-09-04,True,,,,0.25664567613712275,0.045137451171296764,0.5,0.37664567613712274,-0.37664567613712274,robust_return<=0; median_irr<=hurdle,False
228,JBL,310.57,-0.16172657553543104,-0.1547230567637598,-0.27918848167464605,-0.05827170693955848,0.0,0.12,0.75,0.27918848167464605,0.39918848167464605,0.27918848167464605,0.39918848167464605,41.354342116313845,92.439516826043,146.9016354225158,41.354342116313845,146.9016354225158,False,,-0.702355292442789,0.6168600000000001,1.0,0.12195258736754379,0.8832,-0.2747230567637598,0.6168600000000001,valid,,,share_change_floor_hit,,False,ok,False,,Jabil Inc.,Technology,"Hardware, Equipment & Parts",general_dcf,32543726231.000004,0.8832,0.260780816077851,,0.10557403382381406,0.15520678225403692,0.037843518287798666,0.0432271509377791,0.0436702842341532,1.1782224290367613,0.0030813973617698992,-0.09650142586031651,thin_interest_coverage,8.0,2025.0,ttm,2026-06-30,2026-09-04,True,,,,0.27918848167464605,0.060976293683771894,0.375,0.39918848167464605,-0.39918848167464605,robust_return<=0; median_irr<=hurdle,False
273,KR,58.59,-0.16268474077078277,-0.12445987064274958,-0.36920660847681575,-0.032612613320816275,0.0,0.12,0.75,0.36920660847681575,0.48920660847681574,0.36920660847681575,0.48920660847681574,4.504412101678876,21.057012873794054,33.761553430850384,4.504412101678876,33.761553430850384,False,,-0.6406039789419005,0.71073,1.0,0.17697509757799973,0.6865,-0.24445987064274957,0.71073,valid,,,share_change_floor_hit,,False,ok,False,,The Kroger Co.,Consumer Defensive,Grocery Stores,general_dcf,35894987730.0,0.6865,0.05638680073292233,,0.07089556749950102,-0.014508766766578689,0.021216851165038214,0.013286689764203304,0.027805735425239453,3.627437203583348,0.0011463686108278514,-0.054241539698790975,elevated_leverage;thin_interest_coverage,8.0,2025.0,ttm,2026-06-26,2026-09-04,True,,,,0.36920660847681575,0.08848754878899986,0.375,0.48920660847681574,-0.48920660847681574,robust_return<=0; median_irr<=hurdle,False
227,AJG,262.69,-0.16297939609985282,-0.14289871731548043,-0.2791022187736092,-0.08701793099484123,0.0,0.12,1.0,0.2791022187736092,0.3991022187736092,0.2791022187736092,0.3991022187736092,51.146036567605705,121.5078302298338,166.63060871079074,51.146036567605705,166.63060871079074,False,,-0.5374478273636842,0.6,0.8,0.11404214388938397,0.4209279062169265,-0.2628987173154804,0.48,valid,,,specialist_model_v1,,False,specialist,False,,Arthur J. Gallagher & Co.,Financial Services,Insurance - Brokers,insurance,67485060737.0,,,,,,,,,,,,,,,,,2026-09-04,True,256899998.99881992,0.502,Justified P/B residual-income proxy; no regulatory-capital or reserve-detail model,0.2791022187736092,0.057021071944691984,0.5,0.3991022187736092,-0.3991022187736092,robust_return<=0; median_irr<=hurdle,False
239,ECL,279.28,-0.16327932949607202,-0.14705269271216814,-0.295886122234515,-0.06312581032543671,0.0,0.12,0.75,0.295886122234515,0.415886122234515,0.295886122234515,0.415886122234515,38.05305268286746,87.41969550639303,135.22348561866477,38.05305268286746,135.22348561866477,False,,-0.6869818980722106,0.7634,1.0,0.12347815595453915,0.7803,-0.26705269271216814,0.7634,valid,,,,,False,ok,False,,Ecolab Inc.,Basic Materials,Chemicals - Specialty,general_dcf,78600004639.99998,0.7803,0.12904083400004965,0.3991607246694041,0.08625643073017218,0.042784403269877466,0.14301889947341256,0.17372717826925932,0.013225117332945624,2.3591765221200176,0.008494390965848319,-0.004321978946172589,,8.0,2025.0,ttm,2026-08-06,2026-09-04,True,,,,0.295886122234515,0.061739077977269574,0.375,0.415886122234515,-0.415886122234515,robust_return<=0; median_irr<=hurdle,False
241,CASY,756.09,-0.1659963812004207,-0.15303432705113656,-0.299408178178419,-0.05850869252099071,0.0,0.12,0.75,0.299408178178419,0.419408178178419,0.299408178178419,0.419408178178419,108.32399795250623,238.18335868004647,386.5314269140491,108.32399795250623,386.5314269140491,False,,-0.6849801496117572,0.622,0.95,0.13328974282871414,0.7805,-0.27303432705113656,0.5909,valid,,,,,False,ok,False,,"Casey's General Stores, Inc.",Consumer Cyclical,Specialty Retail,general_dcf,27979034841.0,0.7805,0.12526980158853127,0.1604541009740596,0.0775007383382317,0.04776906325029956,0.04542217167062353,0.05886060333005317,0.09417408999463706,1.6055944433023392,0.0029943104212629412,-0.002122010404048913,cyclical_revenue,8.0,2026.0,ttm,2026-06-22,2026-09-04,True,,,,0.299408178178419,0.06664487141435707,0.375,0.419408178178419,-0.419408178178419,robust_return<=0; median_irr<=hurdle,False
190,NDSN,318.36,-0.16721101690054635,-0.16361029091494853,-0.2275689262896776,-0.11405455948261076,0.0,0.12,1.0,0.2275689262896776,0.3475689262896776,0.2275689262896776,0.3475689262896776,64.79541155136785,85.61269011692427,106.41350860373379,64.79541155136785,106.41350860373379,False,,-0.7310821393487741,0.73413,1.0,0.06473328340353342,0.7722,-0.2836102909149485,0.73413,valid,,,reinvestment_cap_hit,,False,ok,False,,Nordson Corporation,Industrials,Industrial - Machinery,general_dcf,17738382480.0,0.7722,0.1281533317828046,0.03974633978397207,0.09172592469751685,0.03642740708528776,0.2532505691538013,0.2687973501532824,0.03099100141540756,1.7932093168409111,0.007047418864717588,-0.012880726632626072,incremental_roic_below_wacc,8.0,2025.0,ttm,2026-08-20,2026-09-04,True,,,,0.2275689262896776,0.03236664170176671,0.5,0.3475689262896776,-0.3475689262896776,robust_return<=0; median_irr<=hurdle,False
301,PRU,122.02,-0.16739991730354842,-0.028969453019406677,-0.703320127509268,0.09165936433388766,0.0,0.12,0.25,0.703320127509268,0.823320127509268,0.703320127509268,0.823320127509268,0.2804603289522746,105.3405258840582,189.17630707660183,0.2804603289522746,189.17630707660183,False,,-0.13669459200083434,0.6,0.8,0.41548974592157784,0.0026624162600152566,-0.14896945301940667,0.48,valid,,,specialist_model_v1,,False,specialist,False,,"Prudential Financial, Inc.",Financial Services,Insurance - Life,insurance,42340940000.0,,,,,,,,,,,,,,,,,2026-09-04,True,347000000.0,0.826,Justified P/B residual-income proxy; no regulatory-capital or reserve-detail model,0.703320127509268,0.20774487296078892,0.125,0.823320127509268,-0.823320127509268,robust_return<=0; median_irr<=hurdle,False
249,NWSA,30.39,-0.16757424425450154,-0.14785983585752543,-0.31403577844612307,-0.06054152685683218,0.0,0.12,0.75,0.31403577844612307,0.43403577844612307,0.31403577844612307,0.43403577844612307,4.147177934255204,10.186126950101457,14.299341243209549,4.147177934255204,14.299341243209549,False,,-0.6648197778841245,0.5140800000000001,0.95,0.14282472579464545,0.2163,-0.26785983585752543,0.4883760000000001,valid,,,reinvestment_cap_hit,,False,ok,False,,News Corporation,Communication Services,Publishing,general_dcf,17058876046.0,0.2163,0.07729704702726226,,0.08872233022650035,-0.011425283199238093,0.0892934911546979,0.11397873283119185,-0.015539002592508733,0.5416116248348745,0.0,-0.011889238862307638,,8.0,2026.0,ttm,2026-08-07,2026-09-04,True,,,,0.31403577844612307,0.07141236289732272,0.375,0.43403577844612307,-0.43403577844612307,robust_return<=0; median_irr<=hurdle,False
243,COO,69.59,-0.1679906301375012,-0.150705563178053,-0.3048553902772255,-0.06569600391667332,0.0,0.12,0.75,0.3048553902772255,0.4248553902772255,0.3048553902772255,0.4248553902772255,8.473066633454195,18.29543878272195,30.422428388909058,8.473066633454195,30.422428388909058,False,,-0.7370967267894533,0.6272099999999999,1.0,0.1307633931802761,0.2599,-0.270705563178053,0.6272099999999999,valid,,,reinvestment_cap_hit,,False,ok,False,,"The Cooper Companies, Inc.",Healthcare,Medical - Instruments & Supplies,general_dcf,13572207290.0,0.2599,0.035931474516320165,0.052212610579211796,0.08264474349700372,-0.04671326898068356,0.16301111144007413,0.11767625442974079,0.07094746791504969,2.6301835486063903,0.0,-0.006412596201342491,incremental_roic_below_wacc,8.0,2025.0,ttm,2026-06-05,2026-09-04,True,,,,0.3048553902772255,0.06538169659013805,0.375,0.4248553902772255,-0.4248553902772255,robust_return<=0; median_irr<=hurdle,False
206,ANET,193.78,-0.16985299764855885,-0.163432698789984,-0.2513679600000615,-0.10117863301420583,0.0,0.12,1.0,0.2513679600000615,0.3713679600000615,0.2513679600000615,0.3713679600000615,33.122632903172374,51.749621189994166,70.1001204702281,33.122632903172374,70.1001204702281,False,,-0.7329465311693975,0.4822740000000001,1.0,0.09062644349292784,0.9218,-0.283432698789984,0.4822740000000001,valid,,,base_growth_cap_hit;forward_roic_cap_hit,,False,ok,False,,"Arista Networks, Inc.",Technology,Computer Hardware,general_dcf,244001853696.0,0.9218,2.7125688171141866,2.541673972213756,0.12855,2.5840188171141865,0.34139911629930414,0.4313619459623558,0.22695585796283524,-2.8759591344081388,0.05063950385040156,0.0023814179778338662,heavy_sbc;cyclical_revenue,8.0,2025.0,ttm,2026-08-05,2026-09-04,True,,,,0.2513679600000615,0.04531322174646392,0.5,0.3713679600000615,-0.3713679600000615,robust_return<=0; median_irr<=hurdle,False
307,ZBH,98.07,-0.17458522831730078,0.011836180114187326,-0.95,0.2279867265024223,0.25,0.12,0.25,0.95,1.0699999999999998,0.95,1.0699999999999998,-2.0656741539588706,74.57224420219332,187.84858963343973,-2.0656741539588706,187.84858963343973,False,,-0.23960187414914524,0.51543,1.0,0.6035304632512111,0.2145,-0.10816381988581267,0.51543,valid,,,forward_roic_cap_hit,,False,ok,True,bear,"Zimmer Biomet Holdings, Inc.",Healthcare,Medical - Devices,general_dcf,18972818340.0,0.2145,0.06001269163984646,1.620416730156763,0.06789535314757622,-0.00788266150772976,0.13425669510777075,0.15729412732550624,0.005292468669956474,2.8890796141899626,0.013153439429062589,-0.02854522876120502,thin_interest_coverage,8.0,2025.0,ttm,2026-08-05,2026-09-04,True,,,,0.95,0.30176523162560553,0.125,1.0699999999999998,-1.0699999999999998,robust_return<=0; median_irr<=hurdle,False
308,TMUS,181.52,-0.17594805726039336,0.004241396393626957,-0.95,0.2377249781711726,0.25,0.12,0.25,0.95,1.0699999999999998,0.95,1.0699999999999998,-30.780177879112383,130.64390700298452,365.57243392960555,-30.780177879112383,365.57243392960555,False,,-0.28027816767857805,0.408645,1.0,0.6116031390855863,0.4884,-0.11575860360637304,0.408645,valid,,,forward_roic_cap_hit;wacc_floor_hit,,False,ok,True,bear,"T-Mobile US, Inc.",Communication Services,Telecommunications Services,general_dcf,194711351192.0,0.4884,0.08506250011219815,1.990527861070957,0.065,0.02006250011219815,0.12487129857199122,0.20298517176669667,0.10713963255832692,3.416294373339773,0.008490542019908858,-0.04821422563407585,elevated_leverage;thin_interest_coverage;cyclical_revenue;peak_cycle_margins,8.0,2025.0,ttm,2026-07-23,2026-09-04,True,,,,0.95,0.30580156954279314,0.125,1.0699999999999998,-1.0699999999999998,robust_return<=0; median_irr<=hurdle,False
270,RTX,200.79,-0.17629573824924594,-0.15467851056600918,-0.36189703500567716,-0.03392889685928819,0.0,0.12,0.75,0.36189703500567716,0.48189703500567715,0.36189703500567716,0.48189703500567715,18.320516888751712,58.73912344638068,117.02563923617382,18.320516888751712,117.02563923617382,False,,-0.7074599160995035,0.55854,1.0,0.1772278690731945,0.4555,-0.27467851056600917,0.55854,valid,,,reinvestment_cap_hit,,False,ok,False,,RTX Corporation,Industrials,Aerospace & Defense,general_dcf,270616349100.0,0.4555,0.08776226342653236,,0.07005666939475035,0.017705594031782013,0.0815182999861138,0.11213903743315508,0.1432943634046051,2.0524689284514612,0.006166569936157864,-0.027963582188603286,,8.0,2025.0,ttm,2026-07-23,2026-09-04,True,,,,0.36189703500567716,0.08861393453659724,0.375,0.48189703500567715,-0.48189703500567715,robust_return<=0; median_irr<=hurdle,False
264,C,137.72,-0.1784618383592508,-0.14747841847008436,-0.34185938030945784,-0.07703113618737667,0.0,0.12,1.0,0.34185938030945784,0.46185938030945783,0.34185938030945784,0.46185938030945783,17.005542574399033,62.01888067075891,92.24275514517437,17.005542574399033,92.24275514517437,False,,-0.549674116535297,0.6,0.8,0.15041412206104057,0.27419944362873555,-0.26747841847008436,0.48,valid,,,specialist_model_v1,,False,specialist,False,,Citigroup Inc.,Financial Services,Banks - Diversified,bank,236177405200.0,,,,,,,,,,,,,,,,,2026-09-04,True,1714910000.0,1.102,Justified P/B residual-income proxy; no regulatory-capital or reserve-detail model,0.34185938030945784,0.07520706103052029,0.5,0.46185938030945783,-0.46185938030945783,robust_return<=0; median_irr<=hurdle,False
192,A,150.86,-0.17859536921241664,-0.17720844392606522,-0.23125682629761277,-0.1287077626999234,0.0,0.12,1.0,0.23125682629761277,0.3512568262976128,0.23125682629761277,0.3512568262976128,29.28057749941489,38.355144352549914,46.95528559679855,29.28057749941489,46.95528559679855,False,,-0.7457566992406873,0.8056,1.0,0.05710653179884469,0.7883,-0.2972084439260652,0.8056,valid,,,,,False,ok,False,,"Agilent Technologies, Inc.",Healthcare,Medical - Diagnostics & Research,general_dcf,42607691520.00001,0.7883,0.1495604759985737,0.06527467842826057,0.10517633078487301,0.04438414521370068,0.20521881264522696,0.22232772653282692,0.05072541423244137,1.1471204188481676,0.018422567645365574,-0.01925735407253759,incremental_roic_below_wacc,8.0,2025.0,ttm,2026-09-01,2026-09-04,True,,,,0.23125682629761277,0.028553265899422343,0.5,0.3512568262976128,-0.3512568262976128,robust_return<=0; median_irr<=hurdle,False
185,ODFL,185.87,-0.17921510441083224,-0.1807402913516853,-0.2187632143264636,-0.1366166206134948,0.0,0.12,1.0,0.2187632143264636,0.3387632143264636,0.2187632143264636,0.3387632143264636,40.68972235900465,46.67853957707977,54.78111278598704,40.68972235900465,54.78111278598704,False,,-0.7488645850482608,0.64683,1.0,0.05166839685648439,0.9548,-0.3007402913516853,0.64683,valid,,,reinvestment_cap_hit,,False,ok,False,,"Old Dominion Freight Line, Inc.",Industrials,Trucking,general_dcf,38655064761.0,0.9548,0.252635456590282,-0.017990229634820724,0.10661912745833999,0.14601632913194204,0.2561866213225866,0.2584087802121443,0.044823000248298994,-0.14529098711690347,0.0019517404695940195,-0.026396604688391778,incremental_roic_below_wacc,8.0,2025.0,ttm,2026-08-05,2026-09-04,True,,,,0.2187632143264636,0.025834198428242194,0.5,0.3387632143264636,-0.3387632143264636,robust_return<=0; median_irr<=hurdle,False
198,IDXX,535.38,-0.18033243446570846,-0.17682469313876936,-0.23838354482431892,-0.12929680676097627,0.0,0.12,1.0,0.23838354482431892,0.3583835448243189,0.23838354482431892,0.3583835448243189,94.23039969922701,137.02173888234276,172.42393861898532,94.23039969922701,172.42393861898532,False,,-0.7440663848437694,0.8734,1.0,0.05834136903167133,0.9662,-0.29682469313876936,0.8734,valid,,,,,False,ok,False,,"IDEXX Laboratories, Inc.",Healthcare,Medical - Diagnostics & Research,general_dcf,42232380540.0,0.9662,0.4701691090024938,0.37422638754222093,0.12302662947909385,0.34714247952339994,0.27820512448371637,0.320345170882252,0.09966155300662871,0.6120362750483457,0.01547015731093541,-0.01571045899589718,,8.0,2025.0,ttm,2026-08-04,2026-09-04,True,,,,0.23838354482431892,0.029170684515835665,0.5,0.3583835448243189,-0.3583835448243189,robust_return<=0; median_irr<=hurdle,False
271,HUBB,460.72,-0.18120886449287352,-0.15549219171152795,-0.3633652602409712,-0.05048581430746704,0.0,0.12,0.75,0.3633652602409712,0.4833652602409712,0.3633652602409712,0.4833652602409712,34.311450395858955,127.50787379714629,227.74782364545936,34.311450395858955,227.74782364545936,False,,-0.7232421561965048,0.6917,0.85,0.17018872296675208,0.7229,-0.27549219171152795,0.5879449999999999,valid,,,,,False,ok,False,,Hubbell Incorporated,Industrials,Electrical Equipment & Parts,general_dcf,24341022111.0,0.7229,0.11100336206559067,0.2157911849580883,0.08489854744295017,0.0261048146226405,0.13879854972726194,0.20211774535638538,0.038659372864209285,3.3261392489643193,0.005436617215954517,-0.004867878368850498,elevated_leverage,8.0,2025.0,ttm,2026-07-29,2026-09-04,True,,,,0.3633652602409712,0.08509436148337604,0.375,0.4833652602409712,-0.4833652602409712,robust_return<=0; median_irr<=hurdle,False
247,CMG,36.96,-0.18179897370864634,-0.167716615635436,-0.31258272650884456,-0.07917993705486877,0.0,0.12,1.0,0.31258272650884456,0.43258272650884455,0.31258272650884456,0.43258272650884455,3.9923527538430617,9.691392754250913,15.748806077017555,3.9923527538430617,15.748806077017555,False,,-0.7377869925797913,0.7278,0.95,0.1263673947269879,0.8263,-0.287716615635436,0.69141,valid,,,,,False,ok,False,,"Chipotle Mexican Grill, Inc.",Consumer Cyclical,Restaurants,general_dcf,47409700800.0,0.8263,0.20772042019513334,0.13387818191996204,0.09181823986296572,0.11590218033216762,0.12052278617695131,0.15198008911795535,0.13665429055320644,2.0919810186482293,0.011643248325747205,-0.027509131783148733,,8.0,2025.0,ttm,2026-07-31,2026-09-04,True,,,,0.31258272650884456,0.06318369736349395,0.5,0.43258272650884455,-0.43258272650884455,robust_return<=0; median_irr<=hurdle,False
205,CDNS,292.7,-0.18214425276019025,-0.1761817974736914,-0.25113723845133784,-0.12507617764204035,0.0,0.12,1.0,0.25113723845133784,0.37113723845133784,0.25113723845133784,0.37113723845133784,47.13092638837875,74.45863045846718,97.68772292703214,47.13092638837875,97.68772292703214,False,,-0.7456145184199959,0.8525,1.0,0.06745553040464874,0.8556,-0.2961817974736914,0.8525,valid,,,,,False,ok,False,,"Cadence Design Systems, Inc.",Technology,Software - Application,general_dcf,80607531100.0,0.8556,0.1956738681406974,0.26272291701168327,0.10337764957843033,0.09229621856226707,0.27587571713297987,0.3082855813059528,0.13837522331577512,0.4901198062587185,0.08429147749406196,-7.636641362107621e-05,heavy_sbc,8.0,2025.0,ttm,2026-07-29,2026-09-04,True,,,,0.25113723845133784,0.03372776520232437,0.5,0.37113723845133784,-0.37113723845133784,robust_return<=0; median_irr<=hurdle,False
281,MU,1016.59,-0.18487635338897232,-0.17191671737164138,-0.3823607003847428,-0.013311278427863702,0.0,0.12,0.75,0.3823607003847428,0.5023607003847428,0.3823607003847428,0.5023607003847428,98.59009039962214,248.2434480291508,524.2139079821573,98.59009039962214,524.2139079821573,False,,-0.7558077021914924,0.35842500000000005,0.85,0.20827196097843953,0.6493,-0.2919167173716414,0.30466125000000005,valid,,,base_growth_cap_hit;wacc_cap_hit,,False,ok,False,,"Micron Technology, Inc.",Technology,Semiconductors,general_dcf,1148126580100.0,0.6493,0.6587323318286095,0.19500453035336757,0.14,0.5187323318286094,0.24542062073250998,0.6573653543655981,0.030003556214882376,-0.28741551335693594,0.03317271315359802,0.006786870429842606,cyclical_revenue;peak_cycle_margins,8.0,2025.0,ttm,2026-06-25,2026-09-04,True,,,,0.3823607003847428,0.10413598048921976,0.375,0.5023607003847428,-0.5023607003847428,robust_return<=0; median_irr<=hurdle,False
248,GNRC,187.35,-0.18495441286358982,-0.1806550812063506,-0.31356958852557004,-0.06493790051608811,0.0,0.12,0.75,0.31356958852557004,0.43356958852557004,0.31356958852557004,0.43356958852557004,17.880411859837363,26.243745119131386,61.523585021759644,17.880411859837363,61.523585021759644,False,,-0.859921296401754,0.407673,1.0,0.14208565400474096,0.5485,-0.3006550812063506,0.407673,valid,,,forward_roic_floor_hit;reinvestment_cap_hit,,False,ok,False,,Generac Holdings Inc.,Industrials,Industrial - Machinery,general_dcf,11029050945.0,0.5485,0.080061298272563,-1.435172989305175,0.13260596046017156,-0.05254466218760856,0.1468885095320479,0.09495684803678167,0.11030592847427156,2.1716059473089295,0.011866299751469835,-0.027795246450895927,cyclical_revenue;incremental_roic_below_wacc,8.0,2025.0,ttm,2026-08-04,2026-09-04,True,,,,0.31356958852557004,0.07104282700237048,0.375,0.43356958852557004,-0.43356958852557004,robust_return<=0; median_irr<=hurdle,False
309,AIG,76.21,-0.18670324073456457,0.014849537646854927,-0.95,0.17348796176803183,0.25,0.12,0.25,0.95,1.0699999999999998,0.95,1.0699999999999998,0.0,82.03898009674856,169.59191936369228,0.0,169.59191936369228,False,,0.07648576429272502,0.6,0.8,0.5797439808840159,0.0,-0.10515046235314507,0.48,valid,,,specialist_model_v1,,False,specialist,False,,"American International Group, Inc.",Financial Services,Insurance - Diversified,insurance,40406999260.0,,,,,,,,,,,,,,,,,2026-09-04,True,530206000.00000006,0.517,Justified P/B residual-income proxy; no regulatory-capital or reserve-detail model,0.95,0.28987199044200795,0.125,1.0699999999999998,-1.0699999999999998,robust_return<=0; median_irr<=hurdle,False
201,AMAT,454.71,-0.18731108578649577,-0.18711656417290212,-0.23922745867748738,-0.13578375612269147,0.0,0.12,1.0,0.23922745867748738,0.3592274586774874,0.23922745867748738,0.3592274586774874,77.98313961999402,109.67373952840474,138.9081285733092,77.98313961999402,138.9081285733092,False,,-0.7588050855965236,0.7426,1.0,0.05944385127739795,0.9754,-0.3071165641729021,0.7426,valid,,,,,False,ok,False,,"Applied Materials, Inc.",Technology,Semiconductors,general_dcf,361021096890.0,0.9754,0.3422130561848825,0.19038816312622922,0.12721509897530242,0.2149979572095801,0.28906419392654936,0.30502318643188375,0.07858556936479122,-0.19004935038775306,0.02123196938475125,-0.030167356555322877,,8.0,2025.0,ttm,2026-08-20,2026-09-04,True,,,,0.23922745867748738,0.029721925638698975,0.5,0.3592274586774874,-0.3592274586774874,robust_return<=0; median_irr<=hurdle,False
254,FERG,228.41,-0.18834999350583528,-0.16670731318590692,-0.32307010083750365,-0.09691524681402368,0.0,0.12,1.0,0.32307010083750365,0.44307010083750364,0.32307010083750365,0.44307010083750364,27.040551283072077,66.71199375009483,75.37131226427017,27.040551283072077,75.37131226427017,False,,-0.7079287520244524,0.44703899999999996,1.0,0.12966625701173998,0.8491,-0.2867073131859069,0.44703899999999996,valid,,,forward_roic_floor_hit;reinvestment_cap_hit,,False,ok,False,,Ferguson plc,Industrials,Industrial - Distribution,general_dcf,44297337466.0,0.8491,0.18185917239317057,-0.47128061671998067,0.09684185780388822,0.08501731458928234,0.08749129080231521,0.09006805281149058,-0.12344977431450455,1.8327707885854556,0.0016534503121309262,-0.02170313993546824,cyclical_revenue;incremental_roic_below_wacc,8.0,2026.0,ttm,2026-08-10,2026-09-04,True,,,,0.32307010083750365,0.06483312850586999,0.5,0.44307010083750364,-0.44307010083750364,robust_return<=0; median_irr<=hurdle,False
208,KLAC,185.6,-0.18943110989930573,-0.1859740750776836,-0.25564986334356954,-0.13012642609828612,0.0,0.12,1.0,0.25564986334356954,0.37564986334356953,0.25564986334356954,0.37564986334356953,30.05639643862284,46.41187681991532,60.697482972922046,30.05639643862284,60.697482972922046,False,,-0.7499360085133873,0.68265,1.0,0.07228221862264171,0.9669,-0.3059740750776836,0.68265,valid,,,forward_roic_cap_hit,,False,ok,False,,KLA Corporation,Technology,Semiconductors,general_dcf,242445568000.0,0.9669,0.6607547332166038,0.8350404915492566,0.11909163139208602,0.5416631018245178,0.37555765765641247,0.4168629187164512,0.16837315102924522,0.2063344232750508,0.021800548561297553,-0.020061284419845227,,8.0,2026.0,ttm,2026-08-06,2026-09-04,True,,,,0.25564986334356954,0.036141109311320856,0.5,0.37564986334356953,-0.37564986334356953,robust_return<=0; median_irr<=hurdle,False
207,TXN,258.44,-0.1912097381122294,-0.18858817755535712,-0.25389444595202815,-0.13376815138617526,0.0,0.12,1.0,0.25389444595202815,0.37389444595202814,0.25389444595202815,0.37389444595202814,30.2150642312051,48.44097739254158,69.22583749867927,30.2150642312051,69.22583749867927,False,,-0.812563932082721,0.576477,1.0,0.07276883728292644,0.9482,-0.3085881775553571,0.576477,valid,,,forward_roic_floor_hit;reinvestment_cap_hit,,False,ok,False,,Texas Instruments Incorporated,Technology,Semiconductors,general_dcf,236019731970.0,0.9482,0.25354909542626325,-0.17168647586355487,0.11073206802471625,0.142817027401547,0.41301948168070923,0.37289878167891843,0.016353768938195623,0.7439333192656679,0.023696414432756475,-0.0021645089324286992,incremental_roic_below_wacc,8.0,2025.0,ttm,2026-07-24,2026-09-04,True,,,,0.25389444595202815,0.03638441864146322,0.5,0.37389444595202814,-0.37389444595202814,robust_return<=0; median_irr<=hurdle,False
230,ROK,433.81,-0.19123716309350125,-0.1834008422592887,-0.2845484559169564,-0.1135985119384713,0.0,0.12,1.0,0.2845484559169564,0.4045484559169564,0.2845484559169564,0.4045484559169564,58.663873046913025,105.84175816294692,149.33251753254046,58.663873046913025,149.33251753254046,False,,-0.756018168868982,0.6910200000000001,1.0,0.09474437198924253,0.9102,-0.3034008422592887,0.6910200000000001,valid,,,forward_roic_cap_hit,,False,ok,False,,"Rockwell Automation, Inc.",Industrials,Industrial - Machinery,general_dcf,48271773940.0,0.9102,0.24558202136360585,0.804075570656804,0.11953478501332665,0.1260472363502792,0.17226625135061094,0.2168728407444556,0.03261237098756298,1.3818342151675485,0.010189403020858308,-0.011850827048212609,,8.0,2025.0,ttm,2026-08-04,2026-09-04,True,,,,0.2845484559169564,0.047372185994621265,0.5,0.4045484559169564,-0.4045484559169564,robust_return<=0; median_irr<=hurdle,False
299,DLTR,131.42,-0.1918032477096858,-0.09338447877380526,-0.6704976048888056,0.09005357159767305,0.0,0.12,0.75,0.6704976048888056,0.7904976048888056,0.6704976048888056,0.7904976048888056,-0.30138842572090324,58.54963587044192,137.64463663440395,-0.30138842572090324,137.64463663440395,False,,-0.5544845847630351,0.44703899999999996,1.0,0.3968644182432393,0.7148,-0.21338447877380526,0.44703899999999996,valid,,,base_growth_floor_hit;share_change_floor_hit,,False,ok,False,,"Dollar Tree, Inc.",Consumer Defensive,Discount Stores,general_dcf,25255638500.0,0.7148,0.16329717878977773,,0.07329897856367029,0.08999820022610744,0.07816983415618828,0.10735623134532879,-0.022863270003800173,2.1963265577255213,0.005762435120462902,-0.05204434004947822,cyclical_revenue,8.0,2025.0,ttm,2026-08-27,2026-09-04,True,,,,0.6704976048888056,0.19843220912161966,0.375,0.7904976048888056,-0.7904976048888056,robust_return<=0; median_irr<=hurdle,False
216,TYL,364.03,-0.19296196772374963,-0.1894848237468977,-0.26476914792729067,-0.12810907547391245,0.0,0.12,1.0,0.26476914792729067,0.38476914792729067,0.26476914792729067,0.38476914792729067,59.654653477051895,87.30393912141204,119.82117067948526,59.654653477051895,119.82117067948526,False,,-0.7601737793000246,0.63702,1.0,0.0792194362266891,0.7252,-0.3094848237468977,0.63702,valid,,,reinvestment_cap_hit,,False,ok,False,,"Tyler Technologies, Inc.",Technology,Software - Application,general_dcf,14907865768.999998,0.7252,0.09357844766452977,,0.08659120600358046,0.006987241660949314,0.14201850877509714,0.15138515436541042,0.13944339404503459,0.9345535967195867,0.0574482307303339,-0.0043111130571173994,heavy_sbc,8.0,2025.0,ttm,2026-07-29,2026-09-04,True,,,,0.26476914792729067,0.03960971811334455,0.5,0.38476914792729067,-0.38476914792729067,robust_return<=0; median_irr<=hurdle,False
279,VMC,262.63,-0.1935885039001732,-0.166499699774431,-0.37697560450324086,-0.06437901154858991,0.0,0.12,0.75,0.37697560450324086,0.49697560450324085,0.37697560450324086,0.49697560450324085,21.10338505812774,69.91582465870961,115.35068894905282,21.10338505812774,115.35068894905282,False,,-0.7337858406933343,0.6617,1.0,0.16644729647732545,0.3247,-0.286499699774431,0.6617,valid,,,,,False,ok,False,,Vulcan Materials Company,Basic Materials,Construction Materials,general_dcf,34031332770.0,0.3247,0.09674770993466167,0.1569505195752272,0.09670039671166618,4.7313222995490345e-05,0.18273980107251592,0.19922294172062904,0.0884530894949942,2.0230712837983527,0.007954316256555063,-0.007035408844563884,thin_interest_coverage,8.0,2025.0,ttm,2026-07-29,2026-09-04,True,,,,0.37697560450324086,0.08322364823866273,0.375,0.49697560450324085,-0.49697560450324085,robust_return<=0; median_irr<=hurdle,False
275,BKR,63.5,-0.194096619533957,-0.17560854869661857,-0.3725481277680955,-0.05262125297449527,0.0,0.12,0.75,0.3725481277680955,0.4925481277680955,0.3725481277680955,0.4925481277680955,5.954409033633875,17.81290997356981,32.777609849775715,5.954409033633875,32.777609849775715,False,,-0.7194817326996881,0.6038,0.7,0.1808494373968001,0.358,-0.29560854869661857,0.42266,valid,,,,,False,ok,False,,Baker Hughes Company,Energy,Oil & Gas Equipment & Services,general_dcf,63034799000.0,0.358,0.10998239939111407,0.44018987341772153,0.09015828390351907,0.019824115487594995,0.07661628186406616,0.12825875311001333,0.027880293666787903,0.46111696522655427,0.0073197995168211155,0.002358499301831074,peak_cycle_margins,8.0,2025.0,annual,2026-02-05,2026-09-04,True,,,,0.3725481277680955,0.09042471869840005,0.375,0.4925481277680955,-0.4925481277680955,robust_return<=0; median_irr<=hurdle,False
211,CSX,49.41,-0.1944532145746052,-0.19814721141010522,-0.2618091810727492,-0.11970925440546121,0.0,0.12,1.0,0.2618091810727492,0.3818091810727492,0.2618091810727492,0.3818091810727492,6.825179061374369,6.825179061374369,13.136543654966948,7.525869402437848,13.136543654966948,True,"growth destroys value: forward ROIC 2.0% at/below WACC 9.8%, so higher-growth scenarios reinvest below the cost of capital and are worth less than the bear case",-0.8618664427975233,0.615762,1.0,0.08257710333364399,0.7625,-0.3181472114101052,0.615762,valid,,,forward_roic_floor_hit;reinvestment_cap_hit,,False,ok,False,,CSX Corporation,Industrials,Railroads,general_dcf,91531036800.0,0.7625,0.11831372724869005,-0.12815277880637105,0.09782352508436104,0.020490202164329008,0.3882619842609072,0.3415104740904079,0.02021319242870323,2.7181543116490166,0.0,-0.04598711400177957,incremental_roic_below_wacc,8.0,2025.0,ttm,2026-07-22,2026-09-04,True,,,,0.2618091810727492,0.04128855166682199,0.5,0.3818091810727492,-0.3818091810727492,robust_return<=0; median_irr<=hurdle,False
255,ADI,362.25,-0.1987092803876294,-0.19219837082928284,-0.32417031746736025,-0.08627006242459169,0.0,0.12,1.0,0.32417031746736025,0.44417031746736024,0.32417031746736025,0.44417031746736024,39.52130259292586,73.07347389565584,134.77649738541015,39.52130259292586,134.77649738541015,False,,-0.7982788850361467,0.45747,1.0,0.1352260275213843,0.4415,-0.3121983708292828,0.45747,valid,,,reinvestment_cap_hit,,False,ok,False,,"Analog Devices, Inc.",Technology,Semiconductors,general_dcf,176447265750.0,0.4415,0.11007850142856272,,0.10584985362991858,0.004228647798644139,0.27015266265536875,0.355494669833992,0.08501578301136647,0.9841821866422623,0.027867362344766295,-0.021391104238438374,cyclical_revenue,8.0,2025.0,ttm,2026-08-19,2026-09-04,True,,,,0.32417031746736025,0.06761301376069215,0.5,0.44417031746736024,-0.44417031746736024,robust_return<=0; median_irr<=hurdle,False
221,WELL,236.17,-0.200281929314454,-0.17737586799445892,-0.2690001132744392,-0.17737586799445892,0.0,0.12,1.0,0.2690001132744392,0.3890001132744392,0.2690001132744392,0.3890001132744392,49.29595424751282,88.9676168494741,88.9676168494741,49.29595424751282,88.9676168494741,False,,-0.6232899316192824,0.6,0.8,0.06381212263999012,0.5540887346787936,-0.2973758679944589,0.48,valid,,,specialist_model_v1,,False,specialist,False,,Welltower Inc.,Real Estate,REIT - Healthcare Facilities,reit,170177491838.0,,,,,,,,,,,,,,,,,2026-09-04,True,720572011.0005505,0.763,P/AFFO Gordon proxy; no property-level NOI or maintenance-capex detail,0.2690001132744392,0.03190606131999506,0.5,0.3890001132744392,-0.3890001132744392,robust_return<=0; median_irr<=hurdle,False
310,PEG,73.7,-0.2010645626316545,-0.03302493717055764,-0.95,0.21179162381449723,0.25,0.12,0.25,0.95,1.0699999999999998,0.95,1.0699999999999998,-17.172068113420202,44.50983950143988,132.43007154073362,-17.172068113420202,132.43007154073362,False,,-0.39606730662903833,0.5914,1.0,0.5931538119072486,0.3191,-0.15302493717055765,0.5914,valid,,,,,False,ok,True,bear,Public Service Enterprise Group Incorporated,Utilities,Regulated Electric,general_dcf,36726257700.0,0.3191,0.060254245654700035,0.4178713766367468,0.07498530051870804,-0.014731054864008004,0.23252653674492513,0.23136410747030217,0.0329742925901062,7.476641221374046,0.0,-0.0006657791581933248,elevated_leverage;thin_interest_coverage,8.0,2025.0,ttm,2026-08-04,2026-09-04,True,,,,0.95,0.2965769059536243,0.125,1.0699999999999998,-1.0699999999999998,robust_return<=0; median_irr<=hurdle,False
229,PH,962.59,-0.20247604014748496,-0.196024585593841,-0.28412242176054847,-0.1337325676417094,0.0,0.12,1.0,0.28412242176054847,0.40412242176054847,0.28412242176054847,0.40412242176054847,135.3166961289132,219.2441755453533,301.72549441584687,135.3166961289132,301.72549441584687,False,,-0.7722351410825448,0.7888,1.0,0.08153092705941953,0.8006,-0.316024585593841,0.7888,valid,,,,,False,ok,False,,Parker-Hannifin Corporation,Industrials,Industrial - Machinery,general_dcf,121369497188.0,0.8006,0.1557867525456143,0.15162653006173102,0.10055522522591091,0.05523152731970339,0.17319267955341092,0.21554490906553794,0.059764445504509434,1.517978978425226,0.00801007556675063,-0.005219128285064434,,8.0,2026.0,ttm,2026-08-21,2026-09-04,True,,,,0.28412242176054847,0.040765463529709764,0.5,0.40412242176054847,-0.40412242176054847,robust_return<=0; median_irr<=hurdle,False
296,MAR,336.51,-0.20346776947590112,-0.14348683554562738,-0.5358649362315191,0.008967529419169324,0.0,0.12,0.75,0.5358649362315191,0.6558649362315191,0.5358649362315191,0.6558649362315191,6.292049719429158,100.07115548694395,219.39697457750168,6.292049719429158,219.39697457750168,False,,-0.7026205596061218,0.38394,1.0,0.2908980328253442,0.891,-0.26348683554562735,0.38394,valid,,,forward_roic_cap_hit;share_change_floor_hit,,False,ok,False,,"Marriott International, Inc.",Consumer Cyclical,Travel Lodging,general_dcf,87750463575.0,0.891,0.2646063150538923,1.12170246356831,0.09473761374844362,0.16986870130544868,0.13818482151354172,0.157969075230449,0.033741498293627714,3.4945498587000405,0.009012449400442985,-0.06139649755319576,elevated_leverage;cyclical_revenue,8.0,2025.0,ttm,2026-08-03,2026-09-04,True,,,,0.5358649362315191,0.1454490164126721,0.375,0.6558649362315191,-0.6558649362315191,robust_return<=0; median_irr<=hurdle,False
225,SBUX,104.47,-0.2052155280776787,-0.20722060957923527,-0.2743837445450481,-0.1320371486071962,0.0,0.12,1.0,0.2743837445450481,0.3943837445450481,0.2743837445450481,0.3943837445450481,14.60199981056819,16.15074331904001,28.71060241161494,14.60199981056819,28.71060241161494,False,,-0.845403050454293,0.588708,0.85,0.08801205796892594,0.9331,-0.32722060957923527,0.5004018,valid,,,forward_roic_floor_hit;reinvestment_cap_hit,,False,ok,False,,Starbucks Corporation,Consumer Cyclical,Restaurants,general_dcf,119095800000.0,0.9331,0.2525337160488047,-0.297353315146048,0.08861928339010434,0.16391443265870037,0.1516728793480779,0.09432165628358848,0.060062777447075,3.5806433204618515,0.008522177564254952,-0.00424762401487766,elevated_leverage;incremental_roic_below_wacc,8.0,2025.0,ttm,2026-07-29,2026-09-04,True,,,,0.2743837445450481,0.04400602898446297,0.5,0.3943837445450481,-0.3943837445450481,robust_return<=0; median_irr<=hurdle,False
286,MLM,514.77,-0.20750450234227175,-0.17134016359923404,-0.4248572158314346,-0.06248046633918419,0.0,0.12,0.75,0.4248572158314346,0.5448572158314346,0.4248572158314346,0.5448572158314346,24.467842618125175,120.40535531643653,218.3174723047131,24.467842618125175,218.3174723047131,False,,-0.7660987328002088,0.642,1.0,0.1919283747461252,0.3595,-0.29134016359923404,0.642,valid,,,,,False,ok,False,,"Martin Marietta Materials, Inc.",Basic Materials,Construction Materials,general_dcf,30920071866.0,0.3595,0.06560225255022115,0.12745319670657848,0.09465333793070999,-0.02905108538048884,0.20423619418469918,0.21094333981163105,0.06380605907772896,2.7831267874165873,0.007377895824110963,-0.01242029164472147,,8.0,2025.0,ttm,2026-07-30,2026-09-04,True,,,,0.4248572158314346,0.0959641873730626,0.375,0.5448572158314346,-0.5448572158314346,robust_return<=0; median_irr<=hurdle,False
311,T,25.68,-0.20905531921307555,-0.013495582411996993,-0.95,0.1407698879716918,0.25,0.12,0.25,0.95,1.0699999999999998,0.95,1.0699999999999998,-1.8172920843953804,17.56043094488271,35.12790938980163,-1.8172920843953804,35.12790938980163,False,,-0.31618259560425577,0.6432,1.0,0.556088943985846,0.5294,-0.133495582411997,0.6432,valid,,,,,False,ok,True,bear,AT&T Inc.,Communication Services,Telecommunications Services,general_dcf,175969375200.0,0.5294,0.0817906181435148,,0.07184495454751118,0.009945663596003629,0.18042818427832208,0.20384473313999638,-0.042875319057744776,3.1376689553914585,0.0,-0.028994779230208878,elevated_leverage;thin_interest_coverage,8.0,2025.0,ttm,2026-07-22,2026-09-04,True,,,,0.95,0.278044471992923,0.125,1.0699999999999998,-1.0699999999999998,robust_return<=0; median_irr<=hurdle,False
289,LH,326.89,-0.21014354540966448,-0.17758182816614865,-0.4459722140600205,-0.03943831124634013,0.0,0.12,0.75,0.4459722140600205,0.5659722140600205,0.4459722140600205,0.5659722140600205,15.758222960174527,60.852025054606365,162.7252077690894,15.758222960174527,162.7252077690894,False,,-0.8138455595013419,0.5009850000000001,1.0,0.2182374014068402,0.3945,-0.29758182816614864,0.5009850000000001,valid,,,forward_roic_floor_hit;reinvestment_cap_hit,,False,ok,False,,Labcorp Holdings Inc.,Healthcare,Medical - Diagnostics & Research,general_dcf,26804980000.0,0.3945,0.08004811843435115,-7.794511381847969,0.08136206616668798,-0.001313947732336826,0.11604691500812825,0.11272651240591024,0.030137680570719194,2.863076457621991,0.009016822322727696,-0.03623135514492892,incremental_roic_below_wacc,8.0,2025.0,ttm,2026-08-05,2026-09-04,True,,,,0.4459722140600205,0.1091187007034201,0.375,0.5659722140600205,-0.5659722140600205,robust_return<=0; median_irr<=hurdle,False
232,MPWR,1223.86,-0.21130091628319855,-0.2037640456364897,-0.2870744825591828,-0.15060109130063204,0.0,0.12,1.0,0.2870744825591828,0.40707448255918277,0.2870744825591828,0.40707448255918277,150.78923234140322,239.55785618545184,317.7548876985791,150.78923234140322,317.7548876985791,False,,-0.8042604087187654,0.5661,1.0,0.08125369562927537,0.9457,-0.3237640456364897,0.5661,valid,,,base_growth_cap_hit,,False,ok,False,,"Monolithic Power Systems, Inc.",Technology,Semiconductors,general_dcf,60128241800.00001,0.9457,0.33670719680339917,0.23276839249069248,0.1321,0.20460719680339917,0.2308215064033451,0.28723483559302665,0.2508627848368101,-1.413362431794234,0.08221036839839391,0.006117973343718663,heavy_sbc;cyclical_revenue,8.0,2025.0,ttm,2026-08-05,2026-09-04,True,,,,0.2870744825591828,0.040626847814637684,0.5,0.40707448255918277,-0.40707448255918277,robust_return<=0; median_irr<=hurdle,False
293,WAB,282.86,-0.2113445315142598,-0.16175992787466378,-0.5169781955293729,-0.0048800747783388655,0.0,0.12,0.75,0.5169781955293729,0.6369781955293728,0.5169781955293729,0.6369781955293728,7.743712769453804,77.17937978788561,176.63178211290898,7.743712769453804,176.63178211290898,False,,-0.7271463629078498,0.4608,1.0,0.272225060375517,0.5122,-0.28175992787466375,0.4608,valid,,,,,False,ok,False,,Westinghouse Air Brake Technologies Corporation,Industrials,Railroads,general_dcf,47778165460.0,0.5122,0.08519544407339204,0.3547289909129661,0.08825343324217168,-0.00305798916877964,0.11644795394000608,0.16535893155258766,0.143668657691588,2.863802559414991,0.006354096466737268,-0.02371629475578585,cyclical_revenue,8.0,2025.0,ttm,2026-07-22,2026-09-04,True,,,,0.5169781955293729,0.1361125301877585,0.375,0.6369781955293728,-0.6369781955293728,robust_return<=0; median_irr<=hurdle,False
220,JBHT,273.77,-0.2125849947962706,-0.21515154217777305,-0.26695112826419065,-0.15308576656534564,0.0,0.12,1.0,0.26695112826419065,0.38695112826419065,0.26695112826419065,0.38695112826419065,41.38353401896246,41.38353401896246,63.79464820977931,41.75158977892155,63.79464820977931,True,"growth destroys value: forward ROIC 2.0% at/below WACC 11.0%, so higher-growth scenarios reinvest below the cost of capital and are worth less than the bear case",-0.8488383167660355,0.578259,1.0,0.0695849108494225,0.7937,-0.33515154217777304,0.578259,valid,,,forward_roic_floor_hit;reinvestment_cap_hit,,False,ok,False,,"J.B. Hunt Transport Services, Inc.",Industrials,Integrated Freight & Logistics,general_dcf,25711082173.0,0.7937,0.15116842496020624,-0.11504860955793367,0.10987872124483102,0.04128970371537523,0.07823289501812905,0.07523751487051336,0.0484726000390483,0.6817197492181736,0.005979867149991966,-0.03384668186885509,incremental_roic_below_wacc,8.0,2025.0,ttm,2026-07-24,2026-09-04,True,,,,0.26695112826419065,0.03479245542471125,0.5,0.38695112826419065,-0.38695112826419065,robust_return<=0; median_irr<=hurdle,False
224,LRCX,307.65,-0.21348787879142034,-0.21227628612832627,-0.2742625443832367,-0.15513639852579214,0.0,0.12,1.0,0.2742625443832367,0.3942625443832367,0.2742625443832367,0.3942625443832367,41.925528671378615,63.37101196274668,83.0066652254967,41.925528671378615,83.0066652254967,False,,-0.7940158883057153,0.5431860000000001,1.0,0.07326749292872228,0.9711,-0.33227628612832627,0.5431860000000001,valid,,,forward_roic_cap_hit;wacc_cap_hit,,False,ok,False,,Lam Research Corporation,Technology,Semiconductors,general_dcf,384737860500.0,0.9711,0.6588045365043671,0.7362280908030492,0.14,0.5188045365043671,0.30169449757852773,0.35294212594408997,0.13367203725807486,-0.16867847164232164,0.018625440323556754,-0.024455147864246407,cyclical_revenue,8.0,2026.0,ttm,2026-08-07,2026-09-04,True,,,,0.2742625443832367,0.03663374646436114,0.5,0.3942625443832367,-0.3942625443832367,robust_return<=0; median_irr<=hurdle,False
222,WST,339.97,-0.21443521855617284,-0.21391257017676246,-0.2699471180181717,-0.15996861585299485,0.0,0.12,1.0,0.2699471180181717,0.38994711801817167,0.2699471180181717,0.38994711801817167,46.07650280168443,59.43940030041535,83.67071874665669,46.07650280168443,83.67071874665669,False,,-0.8251628075994489,0.5737230000000001,1.0,0.06777756108258841,0.8458,-0.33391257017676246,0.5737230000000001,valid,,,forward_roic_floor_hit;reinvestment_cap_hit,,False,ok,False,,"West Pharmaceutical Services, Inc.",Healthcare,Medical - Instruments & Supplies,general_dcf,23925660726.000004,0.8458,0.1982938835421028,-0.12951822220621453,0.10402136764649036,0.09427251589561245,0.20320865651832,0.20637306478280476,0.08665376290342741,-0.142708814028611,0.007743110908676839,-0.02019396960477804,incremental_roic_below_wacc,8.0,2025.0,ttm,2026-07-23,2026-09-04,True,,,,0.2699471180181717,0.033888780541294204,0.5,0.38994711801817167,-0.38994711801817167,robust_return<=0; median_irr<=hurdle,False
277,HPE,52.0,-0.21471154272148849,-0.19335049137007446,-0.3753051548846997,-0.09684003326110538,0.0,0.12,1.0,0.3753051548846997,0.49530515488469967,0.3753051548846997,0.49530515488469967,-0.47515244088941117,8.511192064450563,17.999071770820574,-0.47515244088941117,17.999071770820574,False,,-0.8363232295297969,0.567486,1.0,0.15220798081179712,0.254,-0.3133504913700744,0.567486,valid,,,forward_roic_floor_hit;reinvestment_cap_hit,,False,ok,False,,Hewlett Packard Enterprise Company,Technology,Computer Hardware,general_dcf,68858583092.0,0.254,0.07687583247003107,-0.03986654875793874,0.10550014002427727,-0.028624307554246192,0.07724874801730915,0.08267284186401834,0.015120249641591421,2.017546382856321,0.014704366647198269,0.031048219899429297,ongoing_dilution;incremental_roic_below_wacc,8.0,2025.0,ttm,2026-09-03,2026-09-04,True,,,,0.3753051548846997,0.07610399040589856,0.5,0.49530515488469967,-0.49530515488469967,robust_return<=0; median_irr<=hurdle,False
312,HAS,92.53,-0.21622707452042955,-0.05046158480108713,-0.95,0.18601487152045593,0.25,0.12,0.25,0.95,1.0699999999999998,0.95,1.0699999999999998,-4.189271896160261,55.55696036586322,158.2644701337232,-4.189271896160261,158.2644701337232,False,,-0.39957894341442535,0.5822,1.0,0.580541435760228,0.7,-0.17046158480108714,0.5822,valid,,,,,False,ok,True,bear,"Hasbro, Inc.",Consumer Cyclical,Leisure,general_dcf,13050844532.0,0.7,0.32155946336884855,,0.06775210537098172,0.2538073579978668,0.10535031530997216,0.23855867449529478,0.00375236020630787,1.7145093128815152,0.0,0.010214483546903796,peak_cycle_margins,8.0,2025.0,ttm,2026-07-30,2026-09-04,True,,,,0.95,0.290270717880114,0.125,1.0699999999999998,-1.0699999999999998,robust_return<=0; median_irr<=hurdle,False
259,TMO,613.78,-0.2168928601940933,-0.2093135111717856,-0.3364737543430236,-0.11247066408977838,0.0,0.12,1.0,0.3364737543430236,0.4564737543430236,0.3364737543430236,0.4564737543430236,61.17638980072766,96.2161556656435,198.15886858438253,61.17638980072766,198.15886858438253,False,,-0.8432399953311553,0.5467500000000001,1.0,0.12559904512662262,0.5782,-0.3293135111717856,0.5467500000000001,valid,,,forward_roic_floor_hit;reinvestment_cap_hit,,False,ok,False,,Thermo Fisher Scientific Inc.,Healthcare,Medical - Diagnostics & Research,general_dcf,228093537380.0,0.5782,0.08090364617612215,-0.19817583732057417,0.08486286781504385,-0.003959221638921692,0.18034227974651323,0.17686032458563536,0.09010006871566945,3.4555984555984556,0.006957536583176228,-0.019849958596302675,elevated_leverage;incremental_roic_below_wacc,8.0,2025.0,ttm,2026-07-31,2026-09-04,True,,,,0.3364737543430236,0.06279952256331131,0.5,0.4564737543430236,-0.4564737543430236,robust_return<=0; median_irr<=hurdle,False
265,ORCL,158.83,-0.21750719920601114,-0.1985584414505865,-0.34455280026304547,-0.12835911365982605,0.0,0.12,1.0,0.34455280026304547,0.46455280026304546,0.34455280026304547,0.46455280026304546,2.142374871227033,19.01090671329419,34.8003808975748,2.142374871227033,34.8003808975748,False,,-0.880306574870653,0.71307,1.0,0.11670474330160971,0.7109,-0.3185584414505865,0.71307,valid,,,reinvestment_cap_hit,,False,ok,False,,Oracle Corporation,Technology,Software - Infrastructure,general_dcf,457505050100.00006,0.7109,0.11025559533873559,0.07323815469563844,0.11381933144036323,-0.0035637361016276348,0.30822780689561535,0.30847115413165477,0.07920446139060222,4.133384323767085,0.0750363475009913,0.01764302698759357,elevated_leverage;thin_interest_coverage;heavy_sbc;incremental_roic_below_wacc,8.0,2026.0,ttm,2026-06-22,2026-09-04,True,,,,0.34455280026304547,0.058352371650804855,0.5,0.46455280026304546,-0.46455280026304546,robust_return<=0; median_irr<=hurdle,False
245,NSC,329.46,-0.21893300076153532,-0.21916013237932924,-0.3065659574538585,-0.13084578083362425,0.0,0.12,1.0,0.3065659574538585,0.4265659574538585,0.3065659574538585,0.4265659574538585,34.39792595982125,34.39792595982125,78.0170153247095,36.42502891596547,78.0170153247095,True,"growth destroys value: forward ROIC 2.0% at/below WACC 10.0%, so higher-growth scenarios reinvest below the cost of capital and are worth less than the bear case",-0.8955930129307921,0.6023160000000001,1.0,0.09979060831011713,0.7107,-0.33916013237932924,0.6023160000000001,valid,,,forward_roic_floor_hit;reinvestment_cap_hit,,False,ok,False,,Norfolk Southern Corporation,Industrials,Railroads,general_dcf,73999351680.0,0.7107,0.09801495024539456,-0.0692751831503375,0.09989802654030361,-0.001883076294909053,0.3450790239831443,0.316347687400319,0.008767797689063883,2.890851617701748,0.0,-0.015077809221265337,incremental_roic_below_wacc,8.0,2025.0,ttm,2026-07-23,2026-09-04,True,,,,0.3065659574538585,0.049895304155058565,0.5,0.4265659574538585,-0.4265659574538585,robust_return<=0; median_irr<=hurdle,False
285,FTV,56.94,-0.22323920115886722,-0.19021337154554202,-0.4070911977207289,-0.10543886382365596,0.0,0.12,1.0,0.4070911977207289,0.5270911977207289,0.4070911977207289,0.5270911977207289,3.533745636283652,13.391704653937275,19.137082113678236,3.533745636283652,19.137082113678236,False,,-0.7648102449255835,0.5184000000000001,1.0,0.16527416694853644,0.5398,-0.310213371545542,0.5184000000000001,valid,,,share_change_floor_hit;reinvestment_cap_hit,,False,ok,False,,Fortive Corporation,Technology,"Hardware, Equipment & Parts",general_dcf,17196850941.0,0.5398,0.0737269510139396,,0.08940052512077365,-0.01567357410683405,0.17465117318383777,0.18228370178930528,-0.03190008590079263,2.6597946890642232,0.018680032314972055,-0.05178548137113648,,8.0,2025.0,ttm,2026-07-29,2026-09-04,True,,,,0.4070911977207289,0.08263708347426822,0.5,0.5270911977207289,-0.5270911977207289,robust_return<=0; median_irr<=hurdle,False
260,BNY,164.84,-0.22529551610737533,-0.2057565513118803,-0.337502281693844,-0.1521666801118967,0.0,0.12,1.0,0.337502281693844,0.457502281693844,0.337502281693844,0.457502281693844,21.037035517835754,52.09917090030572,72.2129368244385,21.037035517835754,72.2129368244385,False,,-0.6839409676030956,0.6,0.8,0.11066780079097363,0.40378829747773026,-0.3257565513118803,0.48,valid,,,specialist_model_v1,,False,specialist,False,,Bank of New York Mellon Corp,Financial Services,Investment - Banking & Investment Services,bank,113142714360.0,,,,,,,,,,,,,,,,,2026-09-04,True,686379000.0,1.049,Justified P/B residual-income proxy; no regulatory-capital or reserve-detail model,0.337502281693844,0.055333900395486815,0.5,0.457502281693844,-0.457502281693844,robust_return<=0; median_irr<=hurdle,False
257,KEYS,327.21,-0.22624584617333313,-0.2167502843571128,-0.3322627379529877,-0.1392200780261191,0.0,0.12,1.0,0.3322627379529877,0.4522627379529877,0.3322627379529877,0.4522627379529877,23.806495414668067,55.31389539124405,90.15635131391828,23.806495414668067,90.15635131391828,False,,-0.8309529189473303,0.60813,1.0,0.10827742996343431,0.6708,-0.3367502843571128,0.60813,valid,,,reinvestment_cap_hit,,False,ok,False,,"Keysight Technologies, Inc.",Technology,"Hardware, Equipment & Parts",general_dcf,55918673363.0,0.6708,0.1636293049575632,-0.033775434415324726,0.1056526062139575,0.0579766987436057,0.1788043833986215,0.20252202977818293,0.047738618867254834,0.08493975903614458,0.027515565374573208,-0.016762942620847432,incremental_roic_below_wacc,8.0,2025.0,ttm,2026-09-02,2026-09-04,True,,,,0.3322627379529877,0.054138714981717156,0.5,0.4522627379529877,-0.4522627379529877,robust_return<=0; median_irr<=hurdle,False
234,WAT,409.38,-0.2262789691259968,-0.21985942657556728,-0.2908389724609151,-0.17455805089193743,0.0,0.12,1.0,0.2908389724609151,0.4108389724609151,0.2908389724609151,0.4108389724609151,50.82313966837776,92.27133369948342,127.96057346039468,50.82313966837776,127.96057346039468,False,,-0.7746071285859509,0.6131619,0.85,0.07424560378448884,0.7389,-0.3398594265755673,0.521187615,valid,,,base_growth_cap_hit;share_change_cap_hit;reinvestment_cap_hit,,False,ok,False,,Waters Corporation,Healthcare,Medical - Diagnostics & Research,general_dcf,30617868347.999996,0.7389,0.015905032493243473,0.029667878242803907,0.10234349550180125,-0.08643846300855777,0.28803615176012815,0.07960189042404918,0.03910304855053126,4.79698039494969,0.015112627252621108,0.17633102452131566,elevated_leverage;thin_interest_coverage;ongoing_dilution;incremental_roic_below_wacc,8.0,2025.0,ttm,2026-08-11,2026-09-04,True,,,,0.2908389724609151,0.03712280189224442,0.5,0.4108389724609151,-0.4108389724609151,robust_return<=0; median_irr<=hurdle,False
269,CBRE,147.85,-0.22838203138235255,-0.21381256939494048,-0.35779753019451166,-0.12810545654501762,0.0,0.12,1.0,0.35779753019451166,0.47779753019451165,0.35779753019451166,0.47779753019451165,-0.6802782499473666,17.82129180970911,37.4994153722418,-0.6802782499473666,37.4994153722418,False,,-0.8794637009826912,0.6145470000000001,1.0,0.12640962682474702,0.6907,-0.3338125693949405,0.6145470000000001,valid,,,forward_roic_floor_hit;reinvestment_cap_hit,,False,ok,False,,"CBRE Group, Inc.",Real Estate,Real Estate - Services,general_dcf,42813707809.0,0.6907,0.07229894445549002,-0.04102788275435944,0.096149705580335,-0.02385076112484498,0.04487385041355632,0.03609074243813016,0.09604354201767173,3.6808424463345486,0.0,-0.03226693695322658,elevated_leverage;incremental_roic_below_wacc,8.0,2025.0,ttm,2026-07-29,2026-09-04,True,,,,0.35779753019451166,0.06320481341237351,0.5,0.47779753019451165,-0.47779753019451165,robust_return<=0; median_irr<=hurdle,False
262,AVGO,357.9,-0.22856316683973998,-0.21548459585028465,-0.34144228112418196,-0.14184119453420863,0.0,0.12,1.0,0.34144228112418196,0.46144228112418195,0.34144228112418196,0.46144228112418195,34.524246227952354,77.45879656926081,118.45452453686491,34.524246227952354,118.45452453686491,False,,-0.7835741923183548,0.55287,1.0,0.11321444329498667,0.7179,-0.3354845958502847,0.55287,valid,,,base_growth_cap_hit,,False,ok,False,,Broadcom Inc.,Technology,Semiconductors,general_dcf,1702737882000.0,0.7179,0.28646898633948525,0.1979041101217094,0.1185358842740087,0.16793310206547657,0.2856942347434634,0.48272804812354103,0.17348704517829217,0.684551055487958,0.11131577926862372,0.04930237830572848,heavy_sbc;ongoing_dilution;peak_cycle_margins,8.0,2025.0,ttm,2026-09-02,2026-09-04,True,,,,0.34144228112418196,0.056607221647493336,0.5,0.46144228112418195,-0.46144228112418195,robust_return<=0; median_irr<=hurdle,False
280,CAT,813.94,-0.22968621161335245,-0.21151451305777297,-0.37936740516634004,-0.11634841517152378,0.0,0.12,1.0,0.37936740516634004,0.49936740516634004,0.37936740516634004,0.49936740516634004,50.44496673973138,144.57747039526632,247.9036286163804,50.44496673973138,247.9036286163804,False,,-0.822373307129191,0.6422,1.0,0.14224349499740813,0.6756,-0.33151451305777296,0.6422,valid,,,,,False,ok,False,,Caterpillar Inc.,Industrials,Agricultural - Machinery,general_dcf,374930879780.0,0.6756,0.1766881077027873,0.35038510576386805,0.11955568274340356,0.057132424959383754,0.15281852143765806,0.17519303081802245,0.030628169211895928,2.48419623812294,0.0034408801246740423,-0.04463482300758159,,8.0,2025.0,ttm,2026-08-05,2026-09-04,True,,,,0.37936740516634004,0.07112174749870406,0.5,0.49936740516634004,-0.49936740516634004,robust_return<=0; median_irr<=hurdle,False
246,FIX,1610.34,-0.229775080758327,-0.22573766614732443,-0.3115358418699544,-0.15608914886870476,0.0,0.12,1.0,0.3115358418699544,0.4315358418699544,0.3115358418699544,0.4315358418699544,193.6668789930728,313.69366214123545,440.53436772023315,193.6668789930728,440.53436772023315,False,,-0.8052003538748118,0.525204,0.85,0.09646722650062484,0.8776,-0.34573766614732443,0.44642339999999997,valid,,,base_growth_cap_hit;forward_roic_cap_hit,,False,ok,False,,"Comfort Systems USA, Inc.",Industrials,Engineering & Construction,general_dcf,56674789062.0,0.8776,0.8571157930630792,0.8890094250228319,0.13236875594164832,0.7247470371214308,0.06778238600945254,0.16464214896583762,0.22626488254906207,-0.7878938473248959,0.002396161307614748,-0.007378280048640828,peak_cycle_margins,8.0,2025.0,ttm,2026-07-23,2026-09-04,True,,,,0.3115358418699544,0.04823361325031242,0.5,0.4315358418699544,-0.4315358418699544,robust_return<=0; median_irr<=hurdle,False
263,ZBRA,362.74,-0.23010094203127662,-0.22586024829506646,-0.3416947432051528,-0.1269885283298208,0.0,0.12,1.0,0.3416947432051528,0.4616947432051528,0.3416947432051528,0.4616947432051528,31.97993092272316,33.88736290986782,83.03127156520242,31.97993092272316,83.03127156520242,False,,-0.9065794703923807,0.5264190000000001,1.0,0.121560537437666,0.5515,-0.34586024829506645,0.5264190000000001,valid,,,forward_roic_floor_hit;reinvestment_cap_hit,,False,ok,False,,Zebra Technologies Corporation,Technology,Communication Equipment,general_dcf,17278539516.0,0.5515,0.12937033599894981,-0.061870115414357205,0.11625624340082068,0.013114092598129137,0.14730794126744565,0.16093723276894134,0.03581159084964791,2.4285714285714284,0.0178678980124473,-0.012240574462547227,thin_interest_coverage;incremental_roic_below_wacc,8.0,2025.0,ttm,2026-08-04,2026-09-04,True,,,,0.3416947432051528,0.060780268718833,0.5,0.4616947432051528,-0.4616947432051528,robust_return<=0; median_irr<=hurdle,False
283,DHR,207.66,-0.23933113140446943,-0.2250636732875136,-0.39740862351900436,-0.10978855552384628,0.0,0.12,1.0,0.39740862351900436,0.5174086235190043,0.39740862351900436,0.5174086235190043,14.12728542955797,29.873497543833718,70.0620714862321,14.12728542955797,70.0620714862321,False,,-0.8561422635855065,0.48794400000000004,1.0,0.159171713997579,0.4746,-0.3450636732875136,0.48794400000000004,valid,,,forward_roic_floor_hit;reinvestment_cap_hit,,False,ok,False,,Danaher Corporation,Healthcare,Medical - Diagnostics & Research,general_dcf,145982083974.0,0.4746,0.05731507832008858,-5.032108954031949,0.08219830795241105,-0.024883229632322472,0.2131120096631041,0.20420599832715974,0.053583813771420186,2.9389969564642056,0.012129599478997069,-0.013522605503985319,cyclical_revenue;incremental_roic_below_wacc,8.0,2025.0,ttm,2026-07-21,2026-09-04,True,,,,0.39740862351900436,0.0795858569987895,0.5,0.5174086235190043,-0.5174086235190043,robust_return<=0; median_irr<=hurdle,False
313,LYV,173.5,-0.24517550852178827,-0.2727261844469467,-0.95,0.5147503348067404,0.25,0.12,0.75,0.95,1.0699999999999998,0.95,1.0699999999999998,-30.700328628562332,22.74392326961538,898.8063840573802,-30.700328628562332,898.8063840573802,False,,-0.868911105074263,0.36702,0.7,0.7603645674033702,0.4518,-0.3927261844469467,0.256914,valid,,,reinvestment_cap_hit,,False,ok,True,bear,"Live Nation Entertainment, Inc.",Communication Services,Entertainment,general_dcf,40375705500.0,0.4518,0.1922885891404657,0.38241129362642984,0.08994128505710655,0.10234730408335915,0.031868649483831786,0.058882548061008975,0.12886419341228894,2.512901151547841,0.005102410566569146,0.0004135991233107372,thin_interest_coverage;cyclical_revenue;peak_cycle_margins,8.0,2025.0,annual,2026-02-19,2026-09-04,True,,,,0.95,0.3801822837016851,0.375,1.0699999999999998,-1.0699999999999998,robust_return<=0; median_irr<=hurdle,False
250,TER,357.03,-0.25126030606279526,-0.24916910022875527,-0.31441909458590095,-0.19228392920776965,0.0,0.12,1.0,0.31441909458590095,0.43441909458590094,0.31441909458590095,0.43441909458590094,26.12714322537556,41.867091834300474,61.17156010741899,26.12714322537556,61.17156010741899,False,,-0.8827350871514985,0.43973280000000003,1.0,0.07787559868906564,0.9442,-0.36916910022875526,0.43973280000000003,valid,,,base_growth_cap_hit;forward_roic_floor_hit;reinvestment_cap_hit,,False,ok,False,,"Teradyne, Inc.",Technology,Semiconductors,general_dcf,55818427229.99999,0.9442,0.3753808089907602,-0.32082571804789234,0.13730220464548903,0.23807860434527117,0.23338936981766334,0.3060677670025141,0.0614891194634577,-0.17003359922988134,0.0,-0.02428893184716152,cyclical_revenue;incremental_roic_below_wacc,8.0,2025.0,ttm,2026-07-31,2026-09-04,True,,,,0.31441909458590095,0.03893779934453282,0.5,0.43441909458590094,-0.43441909458590094,robust_return<=0; median_irr<=hurdle,False
284,DELL,524.0,-0.2527233718174102,-0.23850201054883652,-0.40672724316391407,-0.1271622230080538,0.0,0.12,1.0,0.40672724316391407,0.5267272431639141,0.40672724316391407,0.5267272431639141,34.703799122065746,102.71537360865658,180.20276954178053,34.703799122065746,180.20276954178053,False,,-0.8039782946399684,0.5747399999999999,1.0,0.15254031007793015,0.6976,-0.3585020105488365,0.5747399999999999,valid,,,forward_roic_cap_hit,,False,ok,False,,Dell Technologies Inc.,Technology,Computer Hardware,general_dcf,348067494132.0,0.6976,0.5547147508586986,1.8342847668362352,0.11192651947532524,0.44278823138337337,0.05122543748972912,0.09493574607961798,0.03273164337374879,1.3759389459768043,0.008214132493433926,-0.04687277868055573,peak_cycle_margins,8.0,2026.0,ttm,2026-09-01,2026-09-04,True,,,,0.40672724316391407,0.07627015503896507,0.5,0.5267272431639141,-0.5267272431639141,robust_return<=0; median_irr<=hurdle,False
278,TRMB,59.47,-0.2563768815263756,-0.23505909307859835,-0.3754771724459715,-0.17991216750233435,0.0,0.12,1.0,0.3754771724459715,0.4954771724459715,0.3754771724459715,0.4954771724459715,4.755019951555667,11.05446319395805,11.156527575143608,4.755019951555667,11.156527575143608,False,,-0.8141169800915075,0.6400800000000001,0.5499999999999999,0.12208010247181858,0.2532,-0.35505909307859834,0.352044,valid,,,reinvestment_cap_hit,,False,ok,False,,Trimble Inc.,Technology,"Hardware, Equipment & Parts",general_dcf,13863142035.0,0.2532,0.0753225485651409,0.021094141713031075,0.11000671638974593,-0.03468416782460504,0.12922263775761822,0.16934742006523013,0.020681196117285916,1.4104533069110725,0.04083851364536002,-0.014052119338680225,incremental_roic_below_wacc,8.0,2025.0,annual,2026-02-25,2026-09-04,True,,,,0.3754771724459715,0.06104005123590929,0.5,0.4954771724459715,-0.4954771724459715,robust_return<=0; median_irr<=hurdle,False
282,AMZN,258.51,-0.25715456482103033,-0.24112285480659917,-0.3828782663287711,-0.16349428334215188,0.0,0.12,1.0,0.3828782663287711,0.5028782663287711,0.3828782663287711,0.5028782663287711,16.88073942898841,40.77036178060621,63.86825291811851,16.88073942898841,63.86825291811851,False,,-0.8422870999937867,0.6505,0.85,0.1246769914933096,0.6168,-0.36112285480659917,0.552925,valid,,,,,False,ok,False,,"Amazon.com, Inc.",Consumer Cyclical,Specialty Retail,general_dcf,2780817921000.0,0.6168,0.12431940405929237,0.1686968132723965,0.11558121722687423,0.008738186832418143,0.05632443944936712,0.12081270627062707,0.17425150285834046,0.5934687884815762,0.03450221722712588,0.02283320077256734,peak_cycle_margins,8.0,2025.0,ttm,2026-07-31,2026-09-04,True,,,,0.3828782663287711,0.0623384957466548,0.5,0.5028782663287711,-0.5028782663287711,robust_return<=0; median_irr<=hurdle,False
274,EMR,152.82,-0.25852402790187623,-0.24228470346715758,-0.3701763160614064,-0.17935038861178332,0.0,0.12,1.0,0.3701763160614064,0.4901763160614064,0.3701763160614064,0.4901763160614064,11.615312897259622,24.00245153012076,30.720578942937365,11.615312897259622,30.720578942937365,False,,-0.8429364511836097,0.7329,1.0,0.10342596372481153,0.7259,-0.3622847034671576,0.7329,valid,,,,,False,ok,False,,Emerson Electric Co.,Industrials,Industrial - Machinery,general_dcf,85594482000.0,0.7259,0.09359088340825691,0.07087532184363748,0.10130642376661508,-0.007715540358358169,0.16970042527951743,0.20111611933891393,0.00491638614415546,2.221330275229358,0.014863937800137205,-0.01820773520579233,incremental_roic_below_wacc,8.0,2025.0,ttm,2026-08-04,2026-09-04,True,,,,0.3701763160614064,0.05171298186240576,0.5,0.4901763160614064,-0.4901763160614064,robust_return<=0; median_irr<=hurdle,False
276,PWR,624.41,-0.26223364540574035,-0.2495613037404837,-0.3734610944480664,-0.1763508796939277,0.0,0.12,1.0,0.3734610944480664,0.4934610944480664,0.3734610944480664,0.4934610944480664,30.187467667011852,79.7334031171139,134.05576679177105,30.187467667011852,134.05576679177105,False,,-0.8723060118878398,0.559305,1.0,0.11177595737706934,0.2837,-0.3695613037404837,0.559305,valid,,,base_growth_cap_hit;reinvestment_cap_hit,,False,ok,False,,"Quanta Services, Inc.",Industrials,Engineering & Construction,general_dcf,93875672630.0,0.2837,0.09703390867630325,0.11935196509498437,0.1047053507317564,-0.007671442055453143,0.05513084108909788,0.0619726530173285,0.1423022663027309,1.991217575822303,0.006358607000145103,0.00991762278282815,,8.0,2025.0,ttm,2026-07-30,2026-09-04,True,,,,0.3734610944480664,0.05588797868853467,0.5,0.4934610944480664,-0.4934610944480664,robust_return<=0; median_irr<=hurdle,False
253,CIEN,321.0,-0.26255420832276277,-0.26292292779689874,-0.320374458313745,-0.2039965193835086,0.0,0.12,1.0,0.320374458313745,0.440374458313745,0.320374458313745,0.440374458313745,35.65497047178357,51.3885308882342,69.09517280041752,35.65497047178357,69.09517280041752,False,,-0.8399111187282424,0.57348,1.0,0.0709845694651182,0.6611,-0.38292292779689874,0.57348,valid,,,reinvestment_cap_hit,,False,ok,False,,Ciena Corporation,Technology,Communication Equipment,general_dcf,45438487962.0,0.6611,1.0109634129572491,-0.18621580215313555,0.11291982865079106,0.898043584306458,0.08102395252304644,0.14096843425577663,0.06376260613059448,-2.288362244980907,0.038688484994361054,-0.013826485003586297,peak_cycle_margins;incremental_roic_below_wacc,8.0,2025.0,ttm,2026-09-03,2026-09-04,True,,,,0.320374458313745,0.0354922847325591,0.5,0.440374458313745,-0.440374458313745,robust_return<=0; median_irr<=hurdle,False
295,J,146.23,-0.26529798508636304,-0.21437438571883827,-0.5343638937134529,-0.09807927519432266,0.0,0.12,1.0,0.5343638937134529,0.6543638937134529,0.5343638937134529,0.6543638937134529,4.309058121020575,33.90272418671512,60.36989065745424,4.309058121020575,60.36989065745424,False,,-0.7681547959603698,0.5351400000000001,1.0,0.23208810925956513,0.5218,-0.33437438571883826,0.5351400000000001,valid,,,base_growth_floor_hit,,False,ok,False,,Jacobs Solutions Inc.,Industrials,Engineering & Construction,general_dcf,17266984630.0,0.5218,0.08656467669582311,,0.07937848073001763,0.007186195965805484,0.052005834956734234,0.04568761034363639,-0.030890069801322917,3.49521824215094,0.006451037354247796,-0.027638266062380956,elevated_leverage;thin_interest_coverage,8.0,2025.0,ttm,2026-08-04,2026-09-04,True,,,,0.5343638937134529,0.11604405462978257,0.5,0.6543638937134529,-0.6543638937134529,robust_return<=0; median_irr<=hurdle,False
314,FIS,41.89,-0.2696502350037917,-0.10808789127040652,-0.95,0.08757484252564612,0.0,0.12,0.75,0.95,1.0699999999999998,0.95,1.0699999999999998,-9.55417830317716,10.488670839292169,43.048283361925,-9.55417830317716,43.048283361925,False,,-0.7496139689832377,0.47069099999999997,1.0,0.5346666912628231,0.3655,-0.22808789127040652,0.47069099999999997,valid,,,share_change_floor_hit;reinvestment_cap_hit,,False,ok,True,bear,"Fidelity National Information Services, Inc.",Technology,Information Technology Services,general_dcf,21652061310.0,0.3655,0.03737998254288884,,0.06552783556731204,-0.0281478530244232,0.16954243194082974,0.16378130284241887,0.03445541525790263,4.654818865345181,0.016952327432799476,-0.05052281217146859,elevated_leverage;cyclical_revenue,8.0,2025.0,ttm,2026-08-04,2026-09-04,True,,,,0.95,0.26733334563141153,0.375,1.0699999999999998,-1.0699999999999998,robust_return<=0; median_irr<=hurdle,False
290,NOW,141.26,-0.2793624065336189,-0.2499656656204024,-0.44826053206052163,-0.16925776283314908,0.0,0.12,1.0,0.44826053206052163,0.5682605320605216,0.44826053206052163,0.5682605320605216,4.078444804148749,21.032401729397844,35.32428034182572,4.078444804148749,35.32428034182572,False,,-0.851108581839177,0.59976,1.0,0.15150858461368627,0.225,-0.3699656656204024,0.59976,valid,,,reinvestment_cap_hit,,False,ok,False,,"ServiceNow, Inc.",Technology,Software - Application,general_dcf,146043346120.0,0.225,0.08447993495680196,0.1983321615054725,0.09195773695685264,-0.007477802000050673,0.04650028597992858,0.11403746945424925,0.26169854473332754,1.3639308855291576,0.15895848506919155,0.0062901388644485134,heavy_sbc;peak_cycle_margins,8.0,2025.0,ttm,2026-07-23,2026-09-04,True,,,,0.44826053206052163,0.07575429230684314,0.5,0.5682605320605216,-0.5682605320605216,robust_return<=0; median_irr<=hurdle,False
266,TECH,72.43,-0.2801724194257985,-0.28076443535974244,-0.34600489576114335,-0.21315591122256594,0.0,0.12,1.0,0.34600489576114335,0.46600489576114335,0.34600489576114335,0.46600489576114335,7.223696536602586,7.629282210020877,12.22585159676398,7.223696536602586,12.22585159676398,False,,-0.8946668202399437,0.5222880000000001,1.0,0.0807558522692887,0.4996,-0.40076443535974243,0.5222880000000001,valid,,,forward_roic_floor_hit;reinvestment_cap_hit,,False,ok,False,,Bio-Techne Corporation,Healthcare,Biotechnology,general_dcf,11340292670.000002,0.4996,0.10042845021647769,-0.10800961741023922,0.11020191896463327,-0.009773468748155587,0.21020778123991454,0.20731021802592345,0.0789070996991017,0.06979261214777994,0.03347968859535845,-0.010081419726610474,incremental_roic_below_wacc,8.0,2026.0,ttm,2026-08-24,2026-09-04,True,,,,0.34600489576114335,0.04037792613464435,0.5,0.46600489576114335,-0.46600489576114335,robust_return<=0; median_irr<=hurdle,False
268,IBKR,92.62,-0.28283964505414866,-0.271852481019082,-0.3497064736268499,-0.23794714455158072,0.0,0.12,1.0,0.3497064736268499,0.4697064736268499,0.3497064736268499,0.4697064736268499,10.770898416422199,18.958398468531815,23.802920734262386,10.770898416422199,23.802920734262386,False,,-0.7953098848139515,0.6,0.8,0.07387966453763459,0.5681333491486806,-0.391852481019082,0.48,valid,,,specialist_model_v1,,False,specialist,False,,"Interactive Brokers Group, Inc.",Financial Services,Investment - Banking & Investment Services,bank,160050364222.0,,,,,,,,,,,,,,,,,2026-09-04,True,1728032435.9965448,1.343,Justified P/B residual-income proxy; no regulatory-capital or reserve-detail model,0.3497064736268499,0.036939832268817294,0.5,0.4697064736268499,-0.4697064736268499,robust_return<=0; median_irr<=hurdle,False
315,CAH,247.18,-0.28481607554131183,-0.1481669941538712,-0.95,0.10706968614249493,0.0,0.12,0.75,0.95,1.0699999999999998,0.95,1.0699999999999998,-39.83519488806917,83.69265888490408,288.4497240283413,-39.83519488806917,288.4497240283413,False,,-0.661410070050554,0.6436799999999999,1.0,0.5392244430712474,0.6438,-0.2681669941538712,0.6436799999999999,valid,,,forward_roic_cap_hit,,False,ok,True,bear,"Cardinal Health, Inc.",Healthcare,Medical - Distribution,general_dcf,57891039080.0,0.6438,0.9027458313085579,1.3428471436807443,0.07004863880663438,0.8326971925019235,0.004574307885169777,0.010277366980271232,0.08296219718377862,1.4267301765200335,0.0010962449118960545,-0.03287557520980511,peak_cycle_margins,8.0,2026.0,ttm,2026-08-11,2026-09-04,True,,,,0.95,0.2696122215356237,0.375,1.0699999999999998,-1.0699999999999998,robust_return<=0; median_irr<=hurdle,False
292,DD,131.59,-0.28572318340884517,-0.24052495342330069,-0.5102145946322707,-0.15162823215650856,0.0,0.12,1.0,0.5102145946322707,0.6302145946322707,0.5102145946322707,0.6302145946322707,4.111603857726328,26.398703342158655,31.372955909334287,4.111603857726328,31.372955909334287,False,,-0.7993867061162805,0.43375500000000006,0.7,0.20528053123788106,0.4309,-0.3605249534233007,0.3036285,valid,,,base_growth_floor_hit;share_change_floor_hit;reinvestment_cap_hit,,False,ok,False,,"DuPont de Nemours, Inc.",Basic Materials,Chemicals,general_dcf,17767150210.0,0.4309,0.03700941347828496,,0.09612865871306081,-0.05911924523477585,0.1422084324504564,0.12556577602569718,-0.15676675554909192,1.617120106171201,0.0,-0.05668318057452093,thin_interest_coverage;cyclical_revenue,8.0,2025.0,annual,2026-02-17,2026-09-04,True,,,,0.5102145946322707,0.10264026561894053,0.5,0.6302145946322707,-0.6302145946322707,robust_return<=0; median_irr<=hurdle,False
316,KMI,31.4,-0.28766030947736,-0.12215919757727531,-0.95,0.043677157245110745,0.0,0.12,0.75,0.95,1.0699999999999998,0.95,1.0699999999999998,-2.9112763690469565,10.765892812952092,26.664931963891984,-2.9112763690469565,26.664931963891984,False,,-0.6571371715620353,0.45261,1.0,0.5132602786225554,0.2768,-0.2421591975772753,0.45261,valid,,,reinvestment_cap_hit,,False,ok,True,bear,"Kinder Morgan, Inc.",Energy,Oil & Gas Midstream,general_dcf,69921520000.0,0.2768,0.06393213133511433,,0.07333732889575212,-0.00940519756063779,0.28441380746680256,0.2904393340386436,0.024819864010472203,4.178664241164241,0.0,-0.0048954945173924624,elevated_leverage;thin_interest_coverage;cyclical_revenue,8.0,2025.0,ttm,2026-07-24,2026-09-04,True,,,,0.95,0.2566301393112777,0.375,1.0699999999999998,-1.0699999999999998,robust_return<=0; median_irr<=hurdle,False
288,FLEX,109.51,-0.3049256427526416,-0.291221039305674,-0.44321597441739863,-0.1940445179818198,0.0,0.12,1.0,0.44321597441739863,0.5632159744173986,0.44321597441739863,0.5632159744173986,5.033213240761737,15.120686299049888,25.610721206332606,5.033213240761737,25.610721206332606,False,,-0.8619241503145841,0.61002,1.0,0.13628512821778943,0.636,-0.411221039305674,0.61002,valid,,,share_change_floor_hit,,False,ok,False,,Flex Ltd.,Technology,"Hardware, Equipment & Parts",general_dcf,40453320121.0,0.636,0.14667679168978937,0.4429837451465646,0.12111241126563443,0.02556438042415493,0.034318220210944134,0.05169644992653842,0.009033296901042487,1.4963680387409202,0.005087053091638604,-0.06801295495152604,peak_cycle_margins,8.0,2026.0,ttm,2026-07-31,2026-09-04,True,,,,0.44321597441739863,0.06814256410889472,0.5,0.5632159744173986,-0.5632159744173986,robust_return<=0; median_irr<=hurdle,False
317,ALL,259.57,-0.3216175480709101,-0.18280998199736243,-0.95,0.02914977171108446,0.0,0.12,0.75,0.95,1.0699999999999998,0.95,1.0699999999999998,0.0,94.59534435096379,299.67285632917105,0.0,299.67285632917105,False,,-0.6355690397543484,0.6,0.8,0.5075748858555422,0.0,-0.3028099819973624,0.48,valid,,,specialist_model_v1,,False,specialist,False,,The Allstate Corporation,Financial Services,Insurance - Property & Casualty,insurance,66818768970.0,,,,,,,,,,,,,,,,,2026-09-04,True,257421000.0,0.156,Justified P/B residual-income proxy; no regulatory-capital or reserve-detail model,0.95,0.2537874429277711,0.375,1.0699999999999998,-1.0699999999999998,robust_return<=0; median_irr<=hurdle,False
298,CARR,59.71,-0.33120813437126345,-0.28074073009192946,-0.6114600635657552,-0.15189101373543962,0.0,0.12,1.0,0.6114600635657552,0.7314600635657552,0.6114600635657552,0.7314600635657552,-0.29273187817588314,2.3923333647175573,11.83790937548214,-0.29273187817588314,11.83790937548214,False,,-0.9599341255280932,0.49150800000000006,1.0,0.2450392849151578,0.6046,-0.40074073009192945,0.49150800000000006,valid,,,forward_roic_floor_hit;reinvestment_cap_hit,,False,ok,False,,Carrier Global Corporation,Industrials,Industrial - Machinery,general_dcf,49220449153.0,0.6046,0.04703635340358544,-0.049360741584424696,0.09969156192638218,-0.05265520852279674,0.11922563929220478,0.07051745974307942,0.020139172074632672,3.888106966924701,0.003746504142261622,-0.00843131459065094,elevated_leverage;thin_interest_coverage;incremental_roic_below_wacc,8.0,2025.0,ttm,2026-07-28,2026-09-04,True,,,,0.6114600635657552,0.1225196424575789,0.5,0.7314600635657552,-0.7314600635657552,robust_return<=0; median_irr<=hurdle,False
318,ED,107.29,-0.3431220930287963,-0.1889976513193687,-0.95,-0.044493069476447974,0.0,0.12,0.75,0.95,1.0699999999999998,0.95,1.0699999999999998,-2.0797661965654117,17.129137658692397,58.515477177719404,-2.0797661965654117,58.515477177719404,False,,-0.8403473048868264,0.6646500000000001,1.0,0.462813965261776,0.4356,-0.3089976513193687,0.6646500000000001,valid,,,reinvestment_cap_hit,,False,ok,True,bear,"Consolidated Edison, Inc.",Utilities,Regulated Electric,general_dcf,39539583700.0,0.4356,0.05042975634622005,0.01581143566133083,0.07296502678740782,-0.02253527044118777,0.19193011684904407,0.17977274012097913,0.04619218097214417,4.87207403375068,0.0,0.013130197305111224,elevated_leverage;thin_interest_coverage;incremental_roic_below_wacc,8.0,2025.0,ttm,2026-08-06,2026-09-04,True,,,,0.95,0.231406982630888,0.375,1.0699999999999998,-1.0699999999999998,robust_return<=0; median_irr<=hurdle,False
319,SO,88.11,-0.3546875941057805,-0.22813659612438636,-0.95,-0.012477184174349504,0.0,0.12,0.75,0.95,1.0699999999999998,0.95,1.0699999999999998,-25.697052364106113,15.836192296025924,60.605800099680785,-25.697052364106113,60.605800099680785,False,,-0.8202679344452852,0.51381,1.0,0.4833471079128252,0.3365,-0.34813659612438635,0.51381,valid,,,reinvestment_cap_hit,,False,ok,True,bear,The Southern Company,Utilities,Regulated Electric,general_dcf,101358219600.0,0.3365,0.05364898726721754,0.1121662064822892,0.07304123569884738,-0.019392248431629837,0.23522993198402714,0.24186493472065743,0.033313976114662136,5.430780505679736,0.004939380332285586,0.01817491734295751,elevated_leverage;thin_interest_coverage,8.0,2025.0,ttm,2026-07-30,2026-09-04,True,,,,0.95,0.2416735539564126,0.375,1.0699999999999998,-1.0699999999999998,robust_return<=0; median_irr<=hurdle,False
320,EFX,177.05,-0.3701249381061643,-0.22329255964723413,-0.95,-0.083914633130189,0.0,0.12,1.0,0.95,1.0699999999999998,0.95,1.0699999999999998,-7.086390716858518,15.552380641264259,57.2533467008455,-7.086390716858518,57.2533467008455,False,,-0.9121582567564854,0.5380020000000001,1.0,0.4469026234349055,0.4206,-0.34329255964723415,0.5380020000000001,valid,,,forward_roic_floor_hit;reinvestment_cap_hit,,False,ok,True,bear,Equifax Inc.,Industrials,Consulting Services,general_dcf,20800700837.0,0.4206,0.0912919840543823,-0.03812143496395194,0.099202156825729,-0.007910172771346702,0.17880493808027148,0.17850880595856933,0.08588569570479487,2.793776371308017,0.013636708956924714,-0.011209254697171378,incremental_roic_below_wacc,8.0,2025.0,ttm,2026-07-21,2026-09-04,True,,,,0.95,0.22345131171745275,0.5,1.0699999999999998,-1.0699999999999998,robust_return<=0; median_irr<=hurdle,False
294,VRT,280.53,-0.38192207532683825,-0.3660004941863008,-0.5272852435962705,-0.26840206933848093,0.0,0.12,1.0,0.5272852435962705,0.6472852435962705,0.5272852435962705,0.6472852435962705,7.45195880352515,20.98911388089054,38.08464322534127,7.45195880352515,38.08464322534127,False,,-0.9251805016187554,0.4601448,1.0,0.14563724312889478,0.4879,-0.4860004941863008,0.4601448,valid,,,base_growth_cap_hit;forward_roic_cap_hit;wacc_cap_hit,,False,ok,False,,Vertiv Holdings Co,Industrials,Electrical Equipment & Parts,general_dcf,108000683640.0,0.4879,0.33236838429470056,0.8519918106941591,0.14,0.19236838429470055,0.06545753986066255,0.19122617512805323,0.13234812422476638,0.0563816604708798,0.004318630020719439,0.012638826037127737,peak_cycle_margins,8.0,2025.0,ttm,2026-07-29,2026-09-04,True,,,,0.5272852435962705,0.07281862156444739,0.5,0.6472852435962705,-0.6472852435962705,robust_return<=0; median_irr<=hurdle,False
321,WMB,74.15,-0.382550765670021,-0.26661371747031803,-0.95,-0.046975627739448064,0.0,0.12,0.75,0.95,1.0699999999999998,0.95,1.0699999999999998,-11.09380832224099,10.222232996603816,38.26458958391035,-11.09380832224099,38.26458958391035,False,,-0.862141159856995,0.44415,1.0,0.46818768613027595,0.3342,-0.38661371747031803,0.44415,valid,,,reinvestment_cap_hit,,False,ok,True,bear,"The Williams Companies, Inc.",Energy,Oil & Gas Midstream,general_dcf,90697868049.0,0.3342,0.08522766104193366,0.1539877216489435,0.07552115230957986,0.009706508732353805,0.28025475539685774,0.4030645689937725,0.046628563535081824,4.259852388246762,0.007059686439900981,0.0003619175841631517,elevated_leverage;thin_interest_coverage,8.0,2025.0,ttm,2026-08-03,2026-09-04,True,,,,0.95,0.23409384306513797,0.375,1.0699999999999998,-1.0699999999999998,robust_return<=0; median_irr<=hurdle,False
297,GLW,154.3,-0.3881020642802468,-0.3534855965495807,-0.5934025335678599,-0.252034530453966,0.0,0.12,1.0,0.5934025335678599,0.7134025335678599,0.5934025335678599,0.7134025335678599,2.0698600084737304,8.924748452582271,19.5342771969093,2.0698600084737304,19.5342771969093,False,,-0.9421597637551375,0.49050000000000005,1.0,0.18596900155694693,0.2086,-0.4734855965495807,0.49050000000000005,valid,,,reinvestment_cap_hit,,False,ok,False,,Corning Inc,Technology,"Hardware, Equipment & Parts",general_dcf,132912168400.00002,0.2086,0.10690361855546114,0.06963985974859185,0.10154339777628549,0.005360220779175653,0.10744085629756046,0.15468049988210328,0.0475547969063439,1.6933497536945812,0.01829931537526393,0.006352980847038614,incremental_roic_below_wacc,8.0,2025.0,ttm,2026-07-29,2026-09-04,True,,,,0.5934025335678599,0.09298450077847346,0.5,0.7134025335678599,-0.7134025335678599,robust_return<=0; median_irr<=hurdle,False
322,BDX,184.74,-0.3896347201181924,-0.24360940109472712,-0.95,-0.12132007828331548,0.0,0.12,1.0,0.95,1.0699999999999998,0.95,1.0699999999999998,-7.117729311650649,37.16474753686805,66.62671717262435,-7.117729311650649,66.62671717262435,False,,-0.7988267427905811,0.6955,1.0,0.42347496085834224,0.4155,-0.3636094010947271,0.6955,valid,,,,,False,ok,True,bear,"Becton, Dickinson and Company",Healthcare,Medical - Instruments & Supplies,general_dcf,50903259600.0,0.4155,0.045494261384672344,0.07352428393524284,0.0743439937259711,-0.028849732341298756,0.11329093663343556,0.09827726858294544,0.04560530592574796,2.92337025603777,0.01224105461393597,-0.014363915898295998,thin_interest_coverage;incremental_roic_below_wacc,8.0,2025.0,ttm,2026-08-06,2026-09-04,True,,,,0.95,0.21173748042917112,0.5,1.0699999999999998,-1.0699999999999998,robust_return<=0; median_irr<=hurdle,False
323,ATO,167.56,-0.3900431147972995,-0.23920183572336098,-0.95,-0.1317687877424759,0.0,0.12,1.0,0.95,1.0699999999999998,0.95,1.0699999999999998,2.944885478265861,37.233724618997925,73.31919987147542,2.944885478265861,73.31919987147542,False,,-0.7777887048281337,0.5948100000000001,1.0,0.421271306128762,0.5371,-0.35920183572336095,0.5948100000000001,valid,,,reinvestment_cap_hit,,False,ok,True,bear,Atmos Energy Corporation,Utilities,Regulated Gas,general_dcf,27969085374.0,0.5371,0.06028919742481522,0.07424817774024534,0.0709507428110174,-0.010661545386202183,0.26134417377789865,0.36969570007351377,0.06058493797688347,3.7482945680316795,0.0025710730394577722,0.07042246468653368,elevated_leverage;ongoing_dilution,8.0,2025.0,ttm,2026-08-05,2026-09-04,True,,,,0.95,0.210635653064381,0.5,1.0699999999999998,-1.0699999999999998,robust_return<=0; median_irr<=hurdle,False
324,IQV,267.77,-0.39070112409026475,-0.25349092486285374,-0.95,-0.10582264663535165,0.0,0.12,1.0,0.95,1.0699999999999998,0.95,1.0699999999999998,-17.057922339553922,34.476204689563986,88.90606260245148,-17.057922339553922,88.90606260245148,False,,-0.8712469481660978,0.6712,1.0,0.4319526766823241,0.3854,-0.37349092486285373,0.6712,valid,,,,,False,ok,True,bear,IQVIA Holdings Inc.,Healthcare,Medical - Diagnostics & Research,general_dcf,44074942000.0,0.3854,0.0935647608079378,0.2088408077754411,0.09777343820659315,-0.004208677398655353,0.11262374556294646,0.13572395925337102,0.06621720428944555,4.0599197247706424,0.014482114255205552,-0.04005822610346421,elevated_leverage;thin_interest_coverage,8.0,2025.0,ttm,2026-07-28,2026-09-04,True,,,,0.95,0.21597633834116206,0.5,1.0699999999999998,-1.0699999999999998,robust_return<=0; median_irr<=hurdle,False
325,DE,693.53,-0.406770486384994,-0.27510886006639346,-0.95,-0.12686422540718922,0.0,0.12,1.0,0.95,1.0699999999999998,0.95,1.0699999999999998,-38.472881913294096,52.51695925876061,189.23904622029704,-38.472881913294096,189.23904622029704,False,,-0.9242758651265834,0.50193,1.0,0.4265099872964054,0.5075,-0.39510886006639345,0.50193,valid,,,reinvestment_cap_hit,,False,ok,True,bear,Deere & Company,Industrials,Agricultural - Machinery,general_dcf,187209702359.99997,0.5075,0.08616691454137136,0.02696339984426077,0.08662864859081769,-0.00046173404944632734,0.1770399089665699,0.1897361687848664,0.029428901014733944,4.730320315928038,0.0033807231613119893,-0.04034804366438438,elevated_leverage;thin_interest_coverage;cyclical_revenue;incremental_roic_below_wacc,8.0,2025.0,ttm,2026-08-27,2026-09-04,True,,,,0.95,0.2132549936482027,0.5,1.0699999999999998,-1.0699999999999998,robust_return<=0; median_irr<=hurdle,False
326,WEC,105.94,-0.4135887758777243,-0.2871277282538357,-0.95,-0.1300996470032259,0.0,0.12,1.0,0.95,1.0699999999999998,0.95,1.0699999999999998,-16.265188951809503,7.424144667669536,31.45768978122353,-16.265188951809503,31.45768978122353,False,,-0.9299212321345145,0.64854,1.0,0.42049397649838705,0.4397,-0.4071277282538357,0.64854,valid,,,reinvestment_cap_hit,,False,ok,True,bear,"WEC Energy Group, Inc.",Utilities,Regulated Electric,general_dcf,34507412440.0,0.4397,0.05717249762739951,0.06076045036824309,0.07411382128375885,-0.016941323656359336,0.21038385074284094,0.24121569633239293,0.03544783221141867,5.7907669772962596,0.0,0.013319637794669381,elevated_leverage;thin_interest_coverage;incremental_roic_below_wacc,8.0,2025.0,ttm,2026-08-04,2026-09-04,True,,,,0.95,0.21024698824919352,0.5,1.0699999999999998,-1.0699999999999998,robust_return<=0; median_irr<=hurdle,False
327,AEP,124.5,-0.41500704279169437,-0.30066528929746705,-0.95,-0.10869759257184336,0.0,0.12,1.0,0.95,1.0699999999999998,0.95,1.0699999999999998,-28.97614859492991,8.551537539294666,45.82913152140999,-28.97614859492991,45.82913152140999,False,,-0.9313129514916091,0.63549,1.0,0.43158650371407825,0.428,-0.42066528929746705,0.63549,valid,,,reinvestment_cap_hit,,False,ok,True,bear,"American Electric Power Company, Inc.",Utilities,Regulated Electric,general_dcf,67777426500.0,0.428,0.06758943060749312,0.08173681135634871,0.0757394220211215,-0.008149991413628377,0.19810734374412714,0.28356837113475303,0.04351225641155998,5.286433868356354,0.0,0.02355295455672457,elevated_leverage;thin_interest_coverage,8.0,2025.0,ttm,2026-07-30,2026-09-04,True,,,,0.95,0.21579325185703913,0.5,1.0699999999999998,-1.0699999999999998,robust_return<=0; median_irr<=hurdle,False
328,RVTY,130.22,-0.4466746457888802,-0.3318506769952363,-0.95,-0.17299722916504828,0.0,0.12,1.0,0.95,1.0699999999999998,0.95,1.0699999999999998,-8.440398426642513,10.458645548201217,25.983148870515635,-8.440398426642513,25.983148870515635,False,,-0.9196847984318751,0.46224,1.0,0.4046341854174758,0.2554,-0.4518506769952363,0.46224,valid,,,reinvestment_cap_hit,,False,ok,True,bear,"Revvity, Inc.",Healthcare,Medical - Diagnostics & Research,general_dcf,14527343200.0,0.2554,0.03381366939089553,,0.0972088508991831,-0.06339518150828757,0.14712330139003132,0.12323842447191799,0.003966430835526502,3.006908474066312,0.01372364543928079,-0.040308025623225774,elevated_leverage;thin_interest_coverage,8.0,2025.0,ttm,2026-08-11,2026-09-04,True,,,,0.95,0.2023170927087379,0.5,1.0699999999999998,-1.0699999999999998,robust_return<=0; median_irr<=hurdle,False
329,CRL,288.5,-0.45448939571069785,-0.3314983546792064,-0.95,-0.20496087348437864,0.0,0.12,1.0,0.95,1.0699999999999998,0.95,1.0699999999999998,-4.493874511830003,1.2534954968795449,34.62737445896036,-4.493874511830003,34.62737445896036,False,,-0.9956551282603828,0.544806,0.7,0.39517538325781065,0.4019,-0.4514983546792064,0.3813642,valid,,,forward_roic_floor_hit;reinvestment_cap_hit,,False,ok,True,bear,"Charles River Laboratories International, Inc.",Healthcare,Medical - Diagnostics & Research,general_dcf,13896381450.0,0.4019,0.06896517348144895,-0.1283123019166573,0.10480009563087013,-0.035834922149421175,0.14711536221006205,0.1264733965535533,0.0851571891397469,3.1298248040116294,0.017447533048918138,-0.011416162516314277,elevated_leverage;thin_interest_coverage;incremental_roic_below_wacc,8.0,2025.0,annual,2026-02-18,2026-09-04,True,,,,0.95,0.19758769162890533,0.5,1.0699999999999998,-1.0699999999999998,robust_return<=0; median_irr<=hurdle,False
330,EL,103.86,-0.49222032535908505,-0.3934168224310269,-0.95,-0.23204765657428644,0.0,0.12,1.0,0.95,1.0699999999999998,0.95,1.0699999999999998,-5.500366716350919,-0.3272198005018318,11.881728683068408,-5.500366716350919,11.881728683068408,False,,-1.0031505854082594,0.52407,1.0,0.3732540717128568,0.5028,-0.5134168224310269,0.52407,valid,,,forward_roic_floor_hit;reinvestment_cap_hit,,False,ok,True,bear,The Estée Lauder Companies Inc.,Consumer Defensive,Household & Personal Products,general_dcf,37563528318.0,0.5028,0.05902477407177586,-6.2605687134957915,0.10089093301649792,-0.04186615894472206,0.08094764045797927,0.051830686424347135,0.0017782421489735967,3.6472081218274113,0.02059937537377899,0.0035892080197310605,elevated_leverage;thin_interest_coverage;incremental_roic_below_wacc,8.0,2026.0,ttm,2026-08-19,2026-09-04,True,,,,0.95,0.1866270358564284,0.5,1.0699999999999998,-1.0699999999999998,robust_return<=0; median_irr<=hurdle,False
331,WDC,467.46,-0.5317770496450975,-0.4524181130349461,-0.95,-0.272271972510498,0.0,0.12,1.0,0.95,1.0699999999999998,0.95,1.0699999999999998,5.041647032526542,26.22872356262413,75.79777666047127,5.041647032526542,75.79777666047127,False,,-0.9438909777037091,0.37602,1.0,0.35758341374475094,0.475,-0.5724181130349462,0.37602,valid,,,wacc_cap_hit,,False,ok,True,bear,Western Digital Corporation,Technology,Computer Hardware,general_dcf,161125047720.0,0.475,0.4866498740554156,,0.14,0.3466498740554156,0.04605611369385074,0.3489434166731171,-0.034923367700723795,-0.10792545566250256,0.027836134453781514,0.057434741853794824,ongoing_dilution;cyclical_revenue;peak_cycle_margins;weak_cash_conversion,8.0,2026.0,ttm,2026-08-14,2026-09-04,True,,,,0.95,0.17879170687237547,0.5,1.0699999999999998,-1.0699999999999998,robust_return<=0; median_irr<=hurdle,False
332,MCHP,74.17,-0.544279529133928,-0.48354107277118596,-0.95,-0.26003597099333997,0.0,0.12,1.0,0.95,1.0699999999999998,0.95,1.0699999999999998,-5.941398930863052,0.0037471638486309554,5.249985341547518,-5.941398930863052,5.249985341547518,False,,-0.99994947871311,0.3852,1.0,0.36342601450333,0.3807,-0.603541072771186,0.3852,valid,,,reinvestment_cap_hit,,False,ok,True,bear,Microchip Technology Incorporated,Technology,Semiconductors,general_dcf,40274903360.0,0.3807,0.058630247270549066,,0.12781784043312103,-0.06918759316257196,0.15852737070229608,0.1551646721199461,-0.017931178829099226,3.4880587875076547,0.04098509632860778,-0.004083884308469732,elevated_leverage;thin_interest_coverage;cyclical_revenue,8.0,2026.0,ttm,2026-08-06,2026-09-04,True,,,,0.95,0.181713007251665,0.5,1.0699999999999998,-1.0699999999999998,robust_return<=0; median_irr<=hurdle,False
333,CRM,259.23,-0.6400885414233927,-0.6951726835286536,-0.95,-0.22000879863626324,0.0,0.12,1.0,0.95,1.0699999999999998,0.95,1.0699999999999998,-32.95494528915375,-3.452247531751231,47.898445922330794,-32.95494528915375,47.898445922330794,False,,-1.0133173148622892,0.490536,0.85,0.3847795206818684,0.1415,-0.8151726835286536,0.41695560000000004,valid,,,forward_roic_cap_hit;share_change_floor_hit,,False,ok,True,bear,"Salesforce, Inc.",Technology,Software - Application,general_dcf,212309370000.0,0.1415,0.11409575646763795,1.3495777818937513,0.09669122828519267,0.017404528182445284,0.036566423432434825,0.21386954344758524,0.17684937422531677,2.2779487949545763,0.08399525003298589,-0.06269126083035437,heavy_sbc;peak_cycle_margins,8.0,2026.0,ttm,2026-08-27,2026-09-04,True,,,,0.95,0.1923897603409342,0.5,1.0699999999999998,-1.0699999999999998,robust_return<=0; median_irr<=hurdle,False
