ticker,name,exchange,security_type,is_adr,listing_date,sector,industry,country,shares_outstanding,beta,market_cap_hint,as_of,source,fetched_at
BRK-B,Berkshire Hathaway Inc.,NYSE,common_stock,False,1996-05-09,Financial Services,Insurance - Diversified,US,2156853595.0002966,0.61,1091432624678.0,2026-09-04,fmp:company-screener,2026-09-05T02:10:55.099962+00:00
LLY,Eli Lilly and Company,NYSE,common_stock,False,1972-06-01,Healthcare,Drug Manufacturers - General,US,941741000.0,0.506,1081307016200.0,2026-09-04,fmp:company-screener,2026-09-05T02:10:55.099962+00:00
JPM,JPMorgan Chase & Co.,NYSE,common_stock,False,1980-03-17,Financial Services,Banks - Diversified,US,2679510000.0,0.977,960979466400.0,2026-09-04,fmp:company-screener,2026-09-05T02:10:55.099962+00:00
V,Visa Inc.,NYSE,common_stock,False,2008-03-19,Financial Services,Financial - Credit Services,US,1867047211.0006132,0.759,700273397430.0,2026-09-04,fmp:company-screener,2026-09-05T02:10:55.099962+00:00
JNJ,Johnson & Johnson,NYSE,common_stock,False,1962-01-02,Healthcare,Drug Manufacturers - General,US,2409898416.0011625,0.231,663276341036.0,2026-09-04,fmp:company-screener,2026-09-05T02:10:55.099962+00:00
XOM,Exxon Mobil Corporation,NYSE,common_stock,False,1978-01-13,Energy,Oil & Gas Integrated,US,4144460000.0,0.173,660875591600.0,2026-09-04,fmp:company-screener,2026-09-05T02:10:55.099962+00:00
MA,Mastercard Incorporated,NYSE,common_stock,False,2006-05-25,Financial Services,Financial - Credit Services,US,877036000.0,0.735,507988021560.0,2026-09-04,fmp:company-screener,2026-09-05T02:10:55.099962+00:00
ORCL,Oracle Corporation,NYSE,common_stock,False,1986-03-12,Technology,Software - Infrastructure,US,2880470000.0,1.718,457505050100.0,2026-09-04,fmp:company-screener,2026-09-05T02:10:55.099962+00:00
ABBV,AbbVie Inc.,NYSE,common_stock,False,2013-01-02,Healthcare,Drug Manufacturers - General,US,1766792820.999454,0.28,452899671735.0,2026-09-04,fmp:company-screener,2026-09-05T02:10:55.099962+00:00
BAC,Bank of America Corporation,NYSE,common_stock,False,1973-02-21,Financial Services,Banks - Diversified,US,7096590000.0,1.168,444814261200.0,2026-09-04,fmp:company-screener,2026-09-05T02:10:55.099962+00:00
CVX,Chevron Corporation,NYSE,common_stock,False,1921-06-24,Energy,Oil & Gas Integrated,US,1991600000.0,0.488,415308348000.0,2026-09-04,fmp:company-screener,2026-09-05T02:10:55.099962+00:00
KO,The Coca-Cola Company,NYSE,common_stock,False,1962-01-02,Consumer Defensive,Beverages - Non-Alcoholic,US,4302548933.995686,0.342,378925484617.0,2026-09-04,fmp:company-screener,2026-09-05T02:10:55.099962+00:00
CAT,Caterpillar Inc.,NYSE,common_stock,False,1929-12-02,Industrials,Agricultural - Machinery,US,460636999.99999994,1.605,374930879780.0,2026-09-04,fmp:company-screener,2026-09-05T02:10:55.099962+00:00
MRK,"Merck & Co., Inc.",NYSE,common_stock,False,1978-01-13,Healthcare,Drug Manufacturers - General,US,2469820000.0,0.211,371312738800.0,2026-09-04,fmp:company-screener,2026-09-05T02:10:55.099962+00:00
UNH,UnitedHealth Group Incorporated,NYSE,common_stock,False,1984-10-17,Healthcare,Medical - Healthcare Plans,US,908144404.0011079,0.632,360660468605.0,2026-09-04,fmp:company-screener,2026-09-05T02:10:55.099962+00:00
GE,GE Aerospace,NYSE,spac,False,1962-01-02,Industrials,Aerospace & Defense,US,1037562513.0013051,1.366,349783074383.0,2026-09-04,fmp:company-screener,2026-09-05T02:10:55.099962+00:00
PG,The Procter & Gamble Company,NYSE,common_stock,False,1978-01-13,Consumer Defensive,Household & Personal Products,US,2377208937.0006146,0.377,348094704645.0,2026-09-04,fmp:company-screener,2026-09-05T02:10:55.099962+00:00
DELL,Dell Technologies Inc.,NYSE,common_stock,False,2016-08-17,Technology,Computer Hardware,US,664250943.0,1.401,348067494132.0,2026-09-04,fmp:company-screener,2026-09-05T02:10:55.099962+00:00
MS,Morgan Stanley,NYSE,common_stock,False,1993-02-23,Financial Services,Financial - Capital Markets,US,1577280000.0,1.209,343373856000.0,2026-09-04,fmp:company-screener,2026-09-05T02:10:55.099962+00:00
HD,"The Home Depot, Inc.",NYSE,common_stock,False,1981-09-22,Consumer Cyclical,Home Improvement,US,997117000.0,0.959,320124412850.0,2026-09-04,fmp:company-screener,2026-09-05T02:10:55.099962+00:00
GS,"The Goldman Sachs Group, Inc.",NYSE,common_stock,False,1999-05-04,Financial Services,Financial - Capital Markets,US,295007000.0,1.288,306397220270.0,2026-09-04,fmp:company-screener,2026-09-05T02:10:55.099962+00:00
PM,Philip Morris International Inc.,NYSE,common_stock,False,2008-03-17,Consumer Defensive,Tobacco,US,1558610000.0,0.4,284493083300.0,2026-09-04,fmp:company-screener,2026-09-05T02:10:55.099962+00:00
WFC,Wells Fargo & Company,NYSE,common_stock,False,1972-06-01,Financial Services,Banks - Diversified,US,3024000000.0,0.92,272039040000.0,2026-09-04,fmp:company-screener,2026-09-05T02:10:55.099962+00:00
RTX,RTX Corporation,NYSE,common_stock,False,1952-09-15,Industrials,Aerospace & Defense,US,1347758101.001046,0.294,270616349100.0,2026-09-04,fmp:company-screener,2026-09-05T02:10:55.099962+00:00
GEV,GE Vernova Inc.,NYSE,common_stock,False,2024-03-27,Industrials,Industrial - Machinery,US,266333600.0,0.935,250872934520.0,2026-09-04,fmp:company-screener,2026-09-05T02:10:55.099962+00:00
ANET,"Arista Networks, Inc.",NYSE,common_stock,False,2014-06-06,Technology,Computer Hardware,US,1259169438.0018578,1.615,244001853696.0,2026-09-04,fmp:company-screener,2026-09-05T02:10:55.099962+00:00
C,Citigroup Inc.,NYSE,common_stock,False,1977-01-03,Financial Services,Banks - Diversified,US,1714910000.0,1.102,236177405200.0,2026-09-04,fmp:company-screener,2026-09-05T02:10:55.099962+00:00
TMO,Thermo Fisher Scientific Inc.,NYSE,common_stock,False,1980-03-17,Healthcare,Medical - Diagnostics & Research,US,371621000.0,0.847,228093537380.0,2026-09-04,fmp:company-screener,2026-09-05T02:10:55.099962+00:00
IBM,International Business Machines Corporation,NYSE,common_stock,False,1915-09-24,Technology,Information Technology Services,US,942134000.0,0.705,221297855260.0,2026-09-04,fmp:company-screener,2026-09-05T02:10:55.099962+00:00
AXP,American Express Company,NYSE,common_stock,False,1972-06-01,Financial Services,Financial - Credit Services,US,675310000.0,1.055,220259109600.0,2026-09-04,fmp:company-screener,2026-09-05T02:10:55.099962+00:00
CRM,"Salesforce, Inc.",NYSE,common_stock,False,2004-06-23,Technology,Software - Application,US,819000000.0,1.152,212309370000.0,2026-09-04,fmp:company-screener,2026-09-05T02:10:55.099962+00:00
VZ,Verizon Communications Inc.,NYSE,common_stock,False,1983-11-21,Communication Services,Telecommunications Services,US,4175560000.0,0.24,209362578400.0,2026-09-04,fmp:company-screener,2026-09-05T02:10:55.099962+00:00
APH,Amphenol Corporation,NYSE,common_stock,False,1991-11-08,Technology,"Hardware, Equipment & Parts",US,2465960000.0,1.251,204132168800.0,2026-09-04,fmp:company-screener,2026-09-05T02:10:55.099962+00:00
SCHW,The Charles Schwab Corporation,NYSE,common_stock,False,1987-09-22,Financial Services,Financial - Capital Markets,US,1739140000.0,0.75,190070610600.0,2026-09-04,fmp:company-screener,2026-09-05T02:10:55.099962+00:00
ABT,Abbott Laboratories,NYSE,common_stock,False,1980-03-17,Healthcare,Medical - Devices,US,1730383371.999631,0.581,187435126855.0,2026-09-04,fmp:company-screener,2026-09-05T02:10:55.099962+00:00
DE,Deere & Company,NYSE,common_stock,False,1972-06-01,Industrials,Agricultural - Machinery,US,269937424.9996395,0.901,187209702360.0,2026-09-04,fmp:company-screener,2026-09-05T02:10:55.099962+00:00
DIS,The Walt Disney Company,NYSE,common_stock,False,1957-11-12,Communication Services,Entertainment,US,1736510000.0,1.395,182837137900.0,2026-09-04,fmp:company-screener,2026-09-05T02:10:55.099962+00:00
MCD,McDonald's Corporation,NYSE,common_stock,False,1965-04-21,Consumer Cyclical,Restaurants,US,710506000.0,0.419,181669279140.0,2026-09-04,fmp:company-screener,2026-09-05T02:10:55.099962+00:00
T,AT&T Inc.,NYSE,common_stock,False,1983-11-21,Communication Services,Telecommunications Services,US,6852390000.0,0.417,175866589350.0,2026-09-04,fmp:company-screener,2026-09-05T02:10:55.099962+00:00
NEE,"NextEra Energy, Inc.",NYSE,common_stock,False,2014-06-19,Utilities,Regulated Electric,US,2085978193.9949656,0.653,174033160725.0,2026-09-04,fmp:company-screener,2026-09-05T02:10:55.099962+00:00
BLK,"BlackRock, Inc.",NYSE,common_stock,False,1999-10-01,Financial Services,Asset Management,US,154995000.0,1.425,173949338550.0,2026-09-04,fmp:company-screener,2026-09-05T02:10:55.099962+00:00
UNP,Union Pacific Corporation,NYSE,common_stock,False,1980-01-02,Industrials,Railroads,US,594075498.0008286,0.965,172056145731.0,2026-09-04,fmp:company-screener,2026-09-05T02:10:55.099962+00:00
WELL,Welltower Inc.,NYSE,common_stock,False,1980-03-19,Real Estate,REIT - Healthcare Facilities,US,720572011.0005505,0.763,170177491838.0,2026-09-04,fmp:company-screener,2026-09-05T02:10:55.099962+00:00
BA,The Boeing Company,NYSE,common_stock,False,1962-01-02,Industrials,Aerospace & Defense,US,790370000.0,1.221,167756032500.0,2026-09-04,fmp:company-screener,2026-09-05T02:10:55.099962+00:00
BX,Blackstone Inc.,NYSE,common_stock,False,2007-06-22,Financial Services,Asset Management,US,1207992820.0,1.546,164468222443.0,2026-09-04,fmp:company-screener,2026-09-05T02:10:55.099962+00:00
COP,ConocoPhillips,NYSE,common_stock,False,1981-12-31,Energy,Oil & Gas Exploration & Production,US,1218294007.0013409,0.123,163568153380.0,2026-09-04,fmp:company-screener,2026-09-05T02:10:55.099962+00:00
PFE,Pfizer Inc.,NYSE,common_stock,False,1972-06-01,Healthcare,Drug Manufacturers - General,US,5699440000.0,0.28,162149068000.0,2026-09-04,fmp:company-screener,2026-09-05T02:10:55.099962+00:00
ETN,Eaton Corporation plc,NYSE,common_stock,True,1972-06-01,Industrials,Electrical Equipment & Parts,IE,388300000.0,1.177,159533055000.0,2026-09-04,fmp:company-screener,2026-09-05T02:10:55.099962+00:00
UBER,"Uber Technologies, Inc.",NYSE,common_stock,False,2019-05-10,Technology,Software - Application,US,2035599013.0015838,1.154,154216981225.0,2026-09-04,fmp:company-screener,2026-09-05T02:10:55.099962+00:00
NOW,"ServiceNow, Inc.",NYSE,common_stock,False,2012-06-29,Technology,Software - Application,US,1033862000.0000001,0.93,146043346120.0,2026-09-04,fmp:company-screener,2026-09-05T02:10:55.099962+00:00
DHR,Danaher Corporation,NYSE,common_stock,False,1978-12-29,Healthcare,Medical - Diagnostics & Research,US,702986054.0017337,0.796,145982083974.0,2026-09-04,fmp:company-screener,2026-09-05T02:10:55.099962+00:00
TJX,"The TJX Companies, Inc.",NYSE,common_stock,False,1987-06-26,Consumer Cyclical,Apparel - Retail,US,1104704446.0024226,0.616,145909363228.0,2026-09-04,fmp:company-screener,2026-09-05T02:10:55.099962+00:00
BMY,Bristol-Myers Squibb Company,NYSE,common_stock,False,1972-06-01,Healthcare,Drug Manufacturers - General,US,2042710000.0000002,0.225,136493882200.0,2026-09-04,fmp:company-screener,2026-09-05T02:10:55.099962+00:00
NEM,Newmont Corporation,NYSE,common_stock,False,1980-03-17,Basic Materials,Gold,US,1053692270.9969553,0.5,134967442992.0,2026-09-04,fmp:company-screener,2026-09-05T02:10:55.099962+00:00
COF,Capital One Financial Corporation,NYSE,common_stock,False,1994-11-16,Financial Services,Financial - Credit Services,US,613485000.0,1.016,134721306000.0,2026-09-04,fmp:company-screener,2026-09-05T02:10:55.099962+00:00
GLW,Corning Inc,NYSE,common_stock,False,1981-12-31,Technology,"Hardware, Equipment & Parts",US,861388000.0,1.148,132903554520.0,2026-09-04,fmp:company-screener,2026-09-05T02:10:55.099962+00:00
CB,Chubb Limited,NYSE,common_stock,True,1993-03-25,Financial Services,Insurance - Property & Casualty,CH,385800000.0,0.389,131785422000.0,2026-09-04,fmp:company-screener,2026-09-05T02:10:55.099962+00:00
SPGI,S&P Global Inc.,NYSE,common_stock,False,1973-02-21,Financial Services,Financial - Data & Stock Exchanges,US,294800000.0,1.072,130746748000.0,2026-09-04,fmp:company-screener,2026-09-05T02:10:55.099962+00:00
PLD,"Prologis, Inc.",NYSE,common_stock,False,1997-11-21,Real Estate,REIT - Industrial,US,933076000.0,1.324,128148657840.0,2026-09-04,fmp:company-screener,2026-09-05T02:10:55.099962+00:00
PGR,The Progressive Corporation,NYSE,common_stock,False,1980-03-17,Financial Services,Insurance - Property & Casualty,US,581400000.0,0.257,127297530000.0,2026-09-04,fmp:company-screener,2026-09-05T02:10:55.099962+00:00
CVS,CVS Health Corp.,NYSE,common_stock,False,1973-02-21,Healthcare,Medical - Healthcare Plans,US,1275930000.0,0.596,123433468200.0,2026-09-04,fmp:company-screener,2026-09-05T02:10:55.099962+00:00
PH,Parker-Hannifin Corporation,NYSE,common_stock,False,1980-03-17,Industrials,Industrial - Machinery,US,126086389.00050904,1.128,121369497188.0,2026-09-04,fmp:company-screener,2026-09-05T02:10:55.099962+00:00
LMT,Lockheed Martin Corporation,NYSE,common_stock,False,1977-01-03,Industrials,Aerospace & Defense,US,230791000.0,0.11,121229896480.0,2026-09-04,fmp:company-screener,2026-09-05T02:10:55.099962+00:00
MDT,Medtronic plc,NYSE,common_stock,True,1973-05-02,Healthcare,Medical - Devices,IE,1280050000.0,0.574,120542308500.0,2026-09-04,fmp:company-screener,2026-09-05T02:10:55.099962+00:00
SYK,Stryker Corporation,NYSE,common_stock,False,1980-03-17,Healthcare,Medical - Devices,US,383360761.99980205,0.771,116208147785.0,2026-09-04,fmp:company-screener,2026-09-05T02:10:55.099962+00:00
MO,"Altria Group, Inc.",NYSE,common_stock,False,1985-07-01,Consumer Defensive,Tobacco,US,1669743961.0046458,0.495,115011964034.0,2026-09-04,fmp:company-screener,2026-09-05T02:10:55.099962+00:00
LOW,"Lowe's Companies, Inc.",NYSE,common_stock,False,1980-03-17,Consumer Cyclical,Home Improvement,US,560707000.0,0.851,114636546150.0,2026-09-04,fmp:company-screener,2026-09-05T02:10:55.099962+00:00
ACN,Accenture plc,NYSE,common_stock,True,2001-07-19,Technology,Information Technology Services,IE,611942108.9974293,1.074,114261830592.0,2026-09-04,fmp:company-screener,2026-09-05T02:10:55.099962+00:00
MPC,Marathon Petroleum Corporation,NYSE,common_stock,False,2011-06-24,Energy,Oil & Gas Refining & Marketing,US,291937000.0,0.508,113534299300.0,2026-09-04,fmp:company-screener,2026-09-05T02:10:55.099962+00:00
BNY,Bank of New York Mellon Corp,NYSE,common_stock,False,2007-07-01,Financial Services,Investment - Banking & Investment Services,US,686379000.0,1.049,113142714360.0,2026-09-04,fmp:company-screener,2026-09-05T02:10:55.099962+00:00
VRT,Vertiv Holdings Co,NYSE,common_stock,False,2018-08-02,Industrials,Electrical Equipment & Parts,US,384988000.00000006,2.077,108000683640.0,2026-09-04,fmp:company-screener,2026-09-05T02:10:55.099962+00:00
VLO,Valero Energy Corporation,NYSE,common_stock,False,1982-01-04,Energy,Oil & Gas Refining & Marketing,US,287927462.0009711,0.554,106740468713.0,2026-09-04,fmp:company-screener,2026-09-05T02:10:55.099962+00:00
MCK,McKesson Corporation,NYSE,common_stock,False,1994-11-10,Healthcare,Medical - Distribution,US,117078000.0,0.307,106305653220.0,2026-09-04,fmp:company-screener,2026-09-05T02:10:55.099962+00:00
FCX,Freeport-McMoRan Inc.,NYSE,common_stock,False,1995-07-10,Basic Materials,Copper,US,1437560000.0,1.379,104539363200.0,2026-09-04,fmp:company-screener,2026-09-05T02:10:55.099962+00:00
HWM,Howmet Aerospace Inc.,NYSE,spac,False,2016-11-01,Industrials,Aerospace & Defense,US,400107482.9984187,1.212,103735867117.0,2026-09-04,fmp:company-screener,2026-09-05T02:10:55.099962+00:00
PSX,Phillips 66,NYSE,common_stock,False,2012-04-12,Energy,Oil & Gas Refining & Marketing,US,400935020.00078404,0.687,102274514252.0,2026-09-04,fmp:company-screener,2026-09-05T02:10:55.099962+00:00
SO,The Southern Company,NYSE,common_stock,False,1981-12-31,Utilities,Regulated Electric,US,1150360000.0,0.327,101358219600.0,2026-09-04,fmp:company-screener,2026-09-05T02:10:55.099962+00:00
USB,U.S. Bancorp,NYSE,common_stock,False,1973-05-03,Financial Services,Banks - Diversified,US,1557731727.9943192,0.977,98713459603.0,2026-09-04,fmp:company-screener,2026-09-05T02:10:55.099962+00:00
TT,Trane Technologies plc,NYSE,common_stock,True,1980-03-17,Industrials,Industrial - Machinery,IE,220023183.0006698,1.205,98548383666.0,2026-09-04,fmp:company-screener,2026-09-05T02:10:55.099962+00:00
PNC,"The PNC Financial Services Group, Inc.",NYSE,common_stock,False,1975-11-17,Financial Services,Banks - Regional,US,399000000.0,0.898,97994400000.0,2026-09-04,fmp:company-screener,2026-09-05T02:10:55.099962+00:00
GD,General Dynamics Corporation,NYSE,common_stock,False,1978-01-13,Industrials,Aerospace & Defense,US,270557000.0,0.328,97235480230.0,2026-09-04,fmp:company-screener,2026-09-05T02:10:55.099962+00:00
KKR,KKR & Co. Inc.,NYSE,common_stock,False,2010-07-15,Financial Services,Asset Management,US,897872941.0006497,1.786,96727851934.0,2026-09-04,fmp:company-screener,2026-09-05T02:10:55.099962+00:00
PWR,"Quanta Services, Inc.",NYSE,common_stock,False,1998-02-12,Industrials,Engineering & Construction,US,150343000.0,1.219,93875672630.0,2026-09-04,fmp:company-screener,2026-09-05T02:10:55.099962+00:00
DUK,Duke Energy Corporation,NYSE,common_stock,False,1980-03-17,Utilities,Regulated Electric,US,779596000.0,0.371,93723031120.0,2026-09-04,fmp:company-screener,2026-09-05T02:10:55.099962+00:00
WMB,"The Williams Companies, Inc.",NYSE,common_stock,False,1981-12-31,Energy,Oil & Gas Midstream,US,1223167472.0026972,0.615,90697868049.0,2026-09-04,fmp:company-screener,2026-09-05T02:10:55.099962+00:00
ICE,"Intercontinental Exchange, Inc.",NYSE,common_stock,False,2005-11-16,Financial Services,Financial - Data & Stock Exchanges,US,561395000.0,0.93,90530557700.0,2026-09-04,fmp:company-screener,2026-09-05T02:10:55.099962+00:00
MRSH,"Marsh & McLennan Companies, Inc.",NYSE,common_stock,False,1987-12-30,Financial Services,Insurance - Brokers,US,477211267.9982771,0.579,88637220918.0,2026-09-04,fmp:company-screener,2026-09-05T02:10:55.099962+00:00
ELV,Elevance Health Inc.,NYSE,common_stock,False,2001-10-30,Healthcare,Medical - Healthcare Plans,US,216869290.0,0.692,88374235675.0,2026-09-04,fmp:company-screener,2026-09-05T02:10:55.099962+00:00
JCI,Johnson Controls International plc,NYSE,common_stock,True,1987-09-28,Basic Materials,Construction Materials,IE,605741470.0013798,1.317,87796168662.0,2026-09-04,fmp:company-screener,2026-09-05T02:10:55.099962+00:00
HCA,"HCA Healthcare, Inc.",NYSE,common_stock,False,2011-03-10,Healthcare,Medical - Care Facilities,US,216501502.0,1.109,87683108310.0,2026-09-04,fmp:company-screener,2026-09-05T02:10:55.099962+00:00
WM,"Waste Management, Inc.",NYSE,common_stock,False,1988-06-22,Industrials,Waste Management,US,399715183.99926937,0.437,87533628144.0,2026-09-04,fmp:company-screener,2026-09-05T02:10:55.099962+00:00
MMM,3M Company,NYSE,common_stock,False,1946-01-14,Industrials,Conglomerates,US,515722417.0028477,1.08,86930170610.0,2026-09-04,fmp:company-screener,2026-09-05T02:10:55.099962+00:00
UPS,"United Parcel Service, Inc.",NYSE,common_stock,False,1999-11-10,Industrials,Integrated Freight & Logistics,US,849502166.001955,1.038,86904071582.0,2026-09-04,fmp:company-screener,2026-09-05T02:10:55.099962+00:00
EMR,Emerson Electric Co.,NYSE,common_stock,False,1972-06-01,Industrials,Industrial - Machinery,US,560100000.0,1.235,85594482000.0,2026-09-04,fmp:company-screener,2026-09-05T02:10:55.099962+00:00
MCO,Moody's Corporation,NYSE,common_stock,False,1994-10-31,Financial Services,Financial - Data & Stock Exchanges,US,173200000.0,1.33,85482860000.0,2026-09-04,fmp:company-screener,2026-09-05T02:10:55.099962+00:00
SLB,Slb N.V.,NYSE,common_stock,False,1981-12-31,Energy,Oil & Gas Equipment & Services,US,1484143268.0055642,0.749,85353079343.0,2026-09-04,fmp:company-screener,2026-09-05T02:10:55.099962+00:00
AMT,American Tower Corporation,NYSE,common_stock,False,1998-02-27,Real Estate,REIT - Specialty,US,465960000.0,0.894,81939066000.0,2026-09-04,fmp:company-screener,2026-09-05T02:10:55.099962+00:00
CVNA,Carvana Co.,NYSE,common_stock,False,2017-04-28,Consumer Cyclical,Auto - Dealerships,US,1096835667.0063012,3.488,81812972402.0,2026-09-04,fmp:company-screener,2026-09-05T02:10:55.099962+00:00
SHW,The Sherwin-Williams Company,NYSE,common_stock,False,1980-03-17,Basic Materials,Chemicals - Specialty,US,242758150.99937072,1.093,81010822570.0,2026-09-04,fmp:company-screener,2026-09-05T02:10:55.099962+00:00
GM,General Motors Company,NYSE,common_stock,False,2010-11-18,Consumer Cyclical,Auto - Manufacturers,US,904451540.9981768,1.329,79374667238.0,2026-09-04,fmp:company-screener,2026-09-05T02:10:55.099962+00:00
ECL,Ecolab Inc.,NYSE,common_stock,False,1973-02-21,Basic Materials,Chemicals - Specialty,US,281438000.0,0.89,78600004640.0,2026-09-04,fmp:company-screener,2026-09-05T02:10:55.099962+00:00
ITW,Illinois Tool Works Inc.,NYSE,common_stock,False,1973-03-13,Industrials,Industrial - Machinery,US,287700000.0,1.005,77713524000.0,2026-09-04,fmp:company-screener,2026-09-05T02:10:55.099962+00:00
MSI,"Motorola Solutions, Inc.",NYSE,common_stock,False,1980-03-17,Technology,Communication Equipment,US,165996000.0,0.87,77694427800.0,2026-09-04,fmp:company-screener,2026-09-05T02:10:55.099962+00:00
CMI,Cummins Inc.,NYSE,common_stock,False,1947-10-03,Industrials,Industrial - Machinery,US,137989000.0,1.246,77377331750.0,2026-09-04,fmp:company-screener,2026-09-05T02:10:55.099962+00:00
EOG,"EOG Resources, Inc.",NYSE,common_stock,False,1989-10-04,Energy,Oil & Gas Exploration & Production,US,532629000.0,0.278,77332404510.0,2026-09-04,fmp:company-screener,2026-09-05T02:10:55.099962+00:00
TRV,"The Travelers Companies, Inc.",NYSE,common_stock,False,1975-11-17,Financial Services,Insurance - Property & Casualty,US,208575022.00081223,0.457,77037184376.0,2026-09-04,fmp:company-screener,2026-09-05T02:10:55.099962+00:00
APO,"Apollo Global Management, Inc.",NYSE,common_stock,False,2011-03-30,Financial Services,Asset Management,US,575971791.0002245,1.508,76990149303.0,2026-09-04,fmp:company-screener,2026-09-05T02:10:55.099962+00:00
FDX,FedEx Corporation,NYSE,common_stock,False,1978-04-12,Industrials,Integrated Freight & Logistics,US,236581188.00074416,1.36,76302164754.0,2026-09-04,fmp:company-screener,2026-09-05T02:10:55.099962+00:00
TGT,Target Corporation,NYSE,common_stock,False,1967-10-18,Consumer Defensive,Discount Stores,US,454191000.0,0.973,74687168040.0,2026-09-04,fmp:company-screener,2026-09-05T02:10:55.099962+00:00
CI,Cigna Corporation,NYSE,common_stock,False,1982-03-31,Healthcare,Medical - Healthcare Plans,US,264240486.0009911,0.321,74653222105.0,2026-09-04,fmp:company-screener,2026-09-05T02:10:55.099962+00:00
NSC,Norfolk Southern Corporation,NYSE,common_stock,False,1982-06-02,Industrials,Railroads,US,224608000.0,1.269,73999351680.0,2026-09-04,fmp:company-screener,2026-09-05T02:10:55.099962+00:00
NOC,Northrop Grumman Corporation,NYSE,common_stock,False,1981-12-31,Industrials,Aerospace & Defense,US,142063000.0,-0.108,73159603740.0,2026-09-04,fmp:company-screener,2026-09-05T02:10:55.099962+00:00
RCL,Royal Caribbean Cruises Ltd.,NYSE,common_stock,False,1993-04-28,Consumer Cyclical,Travel Services,US,268195000.0,1.779,71122632050.0,2026-09-04,fmp:company-screener,2026-09-05T02:10:55.099962+00:00
BSX,Boston Scientific Corporation,NYSE,common_stock,False,1992-05-19,Healthcare,Medical - Devices,US,1486360000.0,0.566,71048008000.0,2026-09-04,fmp:company-screener,2026-09-05T02:10:55.099962+00:00
CL,Colgate-Palmolive Company,NYSE,common_stock,False,1973-05-02,Consumer Defensive,Household & Personal Products,US,800189000.0,0.327,71032777530.0,2026-09-04,fmp:company-screener,2026-09-05T02:10:55.099962+00:00
HLT,Hilton Worldwide Holdings Inc.,NYSE,common_stock,False,2013-12-12,Consumer Cyclical,Travel Lodging,US,225065000.0,1.063,70035726700.0,2026-09-04,fmp:company-screener,2026-09-05T02:10:55.099962+00:00
KMI,"Kinder Morgan, Inc.",NYSE,common_stock,False,2011-02-11,Energy,Oil & Gas Midstream,US,2226800000.0,0.554,69921520000.0,2026-09-04,fmp:company-screener,2026-09-05T02:10:55.099962+00:00
DLR,"Digital Realty Trust, Inc.",NYSE,common_stock,False,2004-10-29,Real Estate,REIT - Specialty,US,369976002.00116783,1.042,69699779017.0,2026-09-04,fmp:company-screener,2026-09-05T02:10:55.099962+00:00
HPE,Hewlett Packard Enterprise Company,NYSE,common_stock,False,2015-10-19,Technology,Computer Hardware,US,1324203521.0,1.442,68858583092.0,2026-09-04,fmp:company-screener,2026-09-05T02:10:55.099962+00:00
AON,Aon plc,NYSE,common_stock,True,1980-06-01,Financial Services,Insurance - Brokers,IE,212125433.9998143,0.676,68535606471.0,2026-09-04,fmp:company-screener,2026-09-05T02:10:55.099962+00:00
RSG,"Republic Services, Inc.",NYSE,common_stock,False,1998-07-01,Industrials,Waste Management,US,307664000.0,0.396,68519849440.0,2026-09-04,fmp:company-screener,2026-09-05T02:10:55.099962+00:00
SPG,"Simon Property Group, Inc.",NYSE,common_stock,False,1993-12-14,Real Estate,REIT - Retail,US,324282000.0,1.326,67917622080.0,2026-09-04,fmp:company-screener,2026-09-05T02:10:55.099962+00:00
AJG,Arthur J. Gallagher & Co.,NYSE,common_stock,False,1984-06-20,Financial Services,Insurance - Brokers,US,256899998.99881992,0.502,67485060737.0,2026-09-04,fmp:company-screener,2026-09-05T02:10:55.099962+00:00
APD,"Air Products and Chemicals, Inc.",NYSE,common_stock,False,1980-03-17,Basic Materials,Chemicals - Specialty,US,222685529.9996681,0.75,67088469623.0,2026-09-04,fmp:company-screener,2026-09-05T02:10:55.099962+00:00
ALL,The Allstate Corporation,NYSE,common_stock,False,1993-06-03,Financial Services,Insurance - Property & Casualty,US,257421000.0,0.156,66818768970.0,2026-09-04,fmp:company-screener,2026-09-05T02:10:55.099962+00:00
TDG,TransDigm Group Incorporated,NYSE,common_stock,False,2006-03-15,Industrials,Aerospace & Defense,US,55933600.0,0.906,64997639880.0,2026-09-04,fmp:company-screener,2026-09-05T02:10:55.099962+00:00
COR,"Cencora, Inc.",NYSE,common_stock,False,1995-04-04,Healthcare,Medical - Distribution,US,194561060.0,0.573,64389982807.0,2026-09-04,fmp:company-screener,2026-09-05T02:10:55.099962+00:00
TFC,Truist Financial Corporation,NYSE,common_stock,False,1980-03-18,Financial Services,Banks - Regional,US,1245880000.0,0.87,64349702000.0,2026-09-04,fmp:company-screener,2026-09-05T02:10:55.099962+00:00
CRH,CRH plc,NYSE,common_stock,True,1989-07-13,Basic Materials,Construction Materials,IE,668200200.0,1.204,62984550852.0,2026-09-04,fmp:company-screener,2026-09-05T02:10:55.099962+00:00
URI,"United Rentals, Inc.",NYSE,common_stock,False,1997-12-18,Industrials,Rental & Leasing Services,US,62242500.0,1.799,62856211050.0,2026-09-04,fmp:company-screener,2026-09-05T02:10:55.099962+00:00
MET,"MetLife, Inc.",NYSE,common_stock,False,2000-04-05,Financial Services,Insurance - Life,US,643436779.0002048,0.763,62812298366.0,2026-09-04,fmp:company-screener,2026-09-05T02:10:55.099962+00:00
GWW,"W.W. Grainger, Inc.",NYSE,common_stock,False,1973-02-21,Industrials,Industrial - Distribution,US,47213100.0,1.047,62533278819.0,2026-09-04,fmp:company-screener,2026-09-05T02:10:55.099962+00:00
TRGP,Targa Resources Corp.,NYSE,common_stock,False,2010-12-07,Energy,Oil & Gas Midstream,US,214644000.0,0.716,62257492200.0,2026-09-04,fmp:company-screener,2026-09-05T02:10:55.099962+00:00
TEL,TE Connectivity plc,NYSE,common_stock,True,2007-06-14,Technology,Semiconductors,IE,289940672.00095856,1.162,60496121213.0,2026-09-04,fmp:company-screener,2026-09-05T02:10:55.099962+00:00
OKE,"ONEOK, Inc.",NYSE,common_stock,False,1980-10-01,Energy,Oil & Gas Midstream,US,630147000.0,0.715,60134928210.0,2026-09-04,fmp:company-screener,2026-09-05T02:10:55.099962+00:00
OXY,Occidental Petroleum Corporation,NYSE,common_stock,False,1981-12-31,Energy,Oil & Gas Exploration & Production,US,994634700.9993337,0.16,59717867448.0,2026-09-04,fmp:company-screener,2026-09-05T02:10:55.099962+00:00
AFL,Aflac Incorporated,NYSE,common_stock,False,1980-03-17,Financial Services,Insurance - Life,US,508985000.0,0.595,59658131850.0,2026-09-04,fmp:company-screener,2026-09-05T02:10:55.099962+00:00
NUE,Nucor Corporation,NYSE,common_stock,False,1980-03-17,Basic Materials,Steel,US,227741000.0,1.892,59456342870.0,2026-09-04,fmp:company-screener,2026-09-05T02:10:55.099962+00:00
CTVA,"Corteva, Inc.",NYSE,common_stock,False,2019-05-24,Basic Materials,Agricultural Inputs,US,668820000.0,0.569,58762525200.0,2026-09-04,fmp:company-screener,2026-09-05T02:10:55.099962+00:00
F,Ford Motor Company,NYSE,common_stock,False,1972-06-01,Consumer Cyclical,Auto - Manufacturers,US,3987595793.023256,1.848,58298650494.0,2026-09-04,fmp:company-screener,2026-09-05T02:10:55.099962+00:00
D,"Dominion Energy, Inc.",NYSE,common_stock,False,1980-03-17,Utilities,Regulated Electric,US,879525948.9975698,0.63,57907988482.0,2026-09-04,fmp:company-screener,2026-09-05T02:10:55.099962+00:00
CAH,"Cardinal Health, Inc.",NYSE,common_stock,False,1983-08-04,Healthcare,Medical - Distribution,US,234206000.0,0.521,57891039080.0,2026-09-04,fmp:company-screener,2026-09-05T02:10:55.099962+00:00
O,Realty Income Corporation,NYSE,common_stock,False,1994-10-18,Real Estate,REIT - Retail,US,932493000.0,0.72,57115196250.0,2026-09-04,fmp:company-screener,2026-09-05T02:10:55.099962+00:00
NKE,"NIKE, Inc.",NYSE,common_stock,False,1980-12-02,Consumer Cyclical,Apparel - Footwear & Accessories,US,1479811225.0,1.118,56824751040.0,2026-09-04,fmp:company-screener,2026-09-05T02:10:55.099962+00:00
FIX,"Comfort Systems USA, Inc.",NYSE,common_stock,False,1997-06-27,Industrials,Engineering & Construction,US,35194300.0,1.701,56674789062.0,2026-09-04,fmp:company-screener,2026-09-05T02:10:55.099962+00:00
PSA,Public Storage,NYSE,common_stock,False,1980-11-18,Real Estate,REIT - Industrial,US,186476000.0,0.945,56317616760.0,2026-09-04,fmp:company-screener,2026-09-05T02:10:55.099962+00:00
KEYS,"Keysight Technologies, Inc.",NYSE,common_stock,False,2014-10-20,Technology,"Hardware, Equipment & Parts",US,170895367.9991443,1.21,55918673363.0,2026-09-04,fmp:company-screener,2026-09-05T02:10:55.099962+00:00
COHR,"Coherent, Inc.",NYSE,common_stock,False,1987-10-02,Technology,"Hardware, Equipment & Parts",US,195639320.99978712,2.107,55142899017.0,2026-09-04,fmp:company-screener,2026-09-05T02:10:55.099962+00:00
SRE,Sempra,NYSE,common_stock,False,1998-06-29,Utilities,Diversified Utilities,US,653707000.0,0.576,54937536280.0,2026-09-04,fmp:company-screener,2026-09-05T02:10:55.099962+00:00
AME,"AMETEK, Inc.",NYSE,common_stock,False,1984-07-19,Industrials,Electrical Equipment & Parts,US,229203000.0,0.997,54486137160.0,2026-09-04,fmp:company-screener,2026-09-05T02:10:55.099962+00:00
STT,State Street Corporation,NYSE,common_stock,False,1980-03-17,Financial Services,Asset Management,US,276767000.0,1.418,53764757420.0,2026-09-04,fmp:company-screener,2026-09-05T02:10:55.099962+00:00
GRMN,Garmin Ltd.,NYSE,common_stock,True,2000-12-08,Technology,"Hardware, Equipment & Parts",CH,192853000.00000003,0.874,53426066590.0,2026-09-04,fmp:company-screener,2026-09-05T02:10:55.099962+00:00
DVN,Devon Energy Corporation,NYSE,common_stock,False,1985-07-22,Energy,Oil & Gas Exploration & Production,US,1100000000.0,0.419,52866000000.0,2026-09-04,fmp:company-screener,2026-09-05T02:10:55.099962+00:00
DAL,"Delta Air Lines, Inc.",NYSE,common_stock,False,2007-05-03,Industrials,"Airlines, Airports & Air Services",US,657623000.0,1.311,52721635910.0,2026-09-04,fmp:company-screener,2026-09-05T02:10:55.099962+00:00
EW,Edwards Lifesciences Corporation,NYSE,common_stock,False,2000-03-27,Healthcare,Medical - Devices,US,575800000.0,0.846,51764420000.0,2026-09-04,fmp:company-screener,2026-09-05T02:10:55.099962+00:00
BDX,"Becton, Dickinson and Company",NYSE,common_stock,False,1973-02-21,Healthcare,Medical - Instruments & Supplies,US,275540000.0,0.258,50903259600.0,2026-09-04,fmp:company-screener,2026-09-05T02:10:55.099962+00:00
AMP,"Ameriprise Financial, Inc.",NYSE,common_stock,False,2005-09-15,Financial Services,Asset Management,US,89897100.00000001,1.137,50392718376.0,2026-09-04,fmp:company-screener,2026-09-05T02:10:55.099962+00:00
VST,Vistra Corp.,NYSE,common_stock,False,2016-10-05,Utilities,Independent Power Producers,US,337182467.99732083,1.433,50341342472.0,2026-09-04,fmp:company-screener,2026-09-05T02:10:55.099962+00:00
ETR,Entergy Corporation,NYSE,common_stock,False,1972-06-01,Utilities,Regulated Electric,US,466631497.99571174,0.486,50055560790.0,2026-09-04,fmp:company-screener,2026-09-05T02:10:55.099962+00:00
FITB,Fifth Third Bancorp,NYSE,common_stock,False,1980-03-17,Financial Services,Banks - Regional,US,906312000.0,0.923,49729339440.0,2026-09-04,fmp:company-screener,2026-09-05T02:10:55.099962+00:00
XYZ,"Block, Inc.",NYSE,common_stock,False,2015-11-19,Technology,Software - Infrastructure,US,595180972.0033833,2.526,49257177243.0,2026-09-04,fmp:company-screener,2026-09-05T02:10:55.099962+00:00
CARR,Carrier Global Corporation,NYSE,common_stock,False,2020-03-19,Industrials,Industrial - Machinery,US,824325056.9921286,1.309,49220449153.0,2026-09-04,fmp:company-screener,2026-09-05T02:10:55.099962+00:00
AZO,"AutoZone, Inc.",NYSE,common_stock,False,1991-04-02,Consumer Cyclical,Specialty Retail,US,16325399.000097208,0.344,48703399583.0,2026-09-04,fmp:company-screener,2026-09-05T02:10:55.099962+00:00
ROK,"Rockwell Automation, Inc.",NYSE,common_stock,False,1981-12-31,Industrials,Industrial - Machinery,US,111274000.0,1.535,48271773940.0,2026-09-04,fmp:company-screener,2026-09-05T02:10:55.099962+00:00
HUM,Humana Inc.,NYSE,common_stock,False,1981-12-31,Healthcare,Medical - Healthcare Plans,US,120080000.0,0.74,48216923200.0,2026-09-04,fmp:company-screener,2026-09-05T02:10:55.099962+00:00
WAB,Westinghouse Air Brake Technologies Corporation,NYSE,common_stock,False,1995-06-16,Industrials,Railroads,US,168911000.0,0.928,47778165460.0,2026-09-04,fmp:company-screener,2026-09-05T02:10:55.099962+00:00
LHX,"L3Harris Technologies, Inc.",NYSE,common_stock,False,1981-12-31,Industrials,Aerospace & Defense,US,186215000.0,0.746,47754836750.0,2026-09-04,fmp:company-screener,2026-09-05T02:10:55.099962+00:00
CMG,"Chipotle Mexican Grill, Inc.",NYSE,common_stock,False,2006-01-26,Consumer Cyclical,Restaurants,US,1282730000.0,0.937,47384046200.0,2026-09-04,fmp:company-screener,2026-09-05T02:10:55.099962+00:00
ARES,Ares Management Corporation,NYSE,common_stock,False,2014-05-02,Financial Services,Asset Management,US,328414955.9971459,1.507,46027356083.0,2026-09-04,fmp:company-screener,2026-09-05T02:10:55.099962+00:00
CIEN,Ciena Corporation,NYSE,common_stock,False,1997-02-07,Technology,Communication Equipment,US,141552922.0,1.309,45438487962.0,2026-09-04,fmp:company-screener,2026-09-05T02:10:55.099962+00:00
VEEV,Veeva Systems Inc.,NYSE,common_stock,False,2013-10-16,Technology,Software - Application,US,162443290.99930933,0.922,44686524921.0,2026-09-04,fmp:company-screener,2026-09-05T02:10:55.099962+00:00
FERG,Ferguson plc,NYSE,common_stock,False,2010-01-05,Industrials,Industrial - Distribution,US,193937819.99912438,1.121,44297337466.0,2026-09-04,fmp:company-screener,2026-09-05T02:10:55.099962+00:00
IQV,IQVIA Holdings Inc.,NYSE,common_stock,False,2013-05-09,Healthcare,Medical - Diagnostics & Research,US,164600000.0,1.186,44074942000.0,2026-09-04,fmp:company-screener,2026-09-05T02:10:55.099962+00:00
VTR,"Ventas, Inc.",NYSE,common_stock,False,1997-05-05,Real Estate,REIT - Healthcare Facilities,US,486170000.0,0.731,43886565900.0,2026-09-04,fmp:company-screener,2026-09-05T02:10:55.099962+00:00
CBRE,"CBRE Group, Inc.",NYSE,common_stock,False,2004-06-10,Real Estate,Real Estate - Services,US,289575297.99797094,1.193,42813707809.0,2026-09-04,fmp:company-screener,2026-09-05T02:10:55.099962+00:00
A,"Agilent Technologies, Inc.",NYSE,common_stock,False,1999-11-18,Healthcare,Medical - Diagnostics & Research,US,282432000.0,1.241,42602042880.0,2026-09-04,fmp:company-screener,2026-09-05T02:10:55.099962+00:00
PRU,"Prudential Financial, Inc.",NYSE,common_stock,False,2001-12-13,Financial Services,Insurance - Life,US,347000000.0,0.826,42340940000.0,2026-09-04,fmp:company-screener,2026-09-05T02:10:55.099962+00:00
MSCI,MSCI Inc.,NYSE,common_stock,False,2007-11-15,Financial Services,Financial - Data & Stock Exchanges,US,72700000.0,1.222,41657827000.0,2026-09-04,fmp:company-screener,2026-09-05T02:10:55.099962+00:00
YUM,"Yum! Brands, Inc.",NYSE,common_stock,False,1997-09-17,Consumer Cyclical,Restaurants,US,275621000.0,0.553,41538840910.0,2026-09-04,fmp:company-screener,2026-09-05T02:10:55.099962+00:00
ADM,Archer-Daniels-Midland Company,NYSE,common_stock,False,1980-03-17,Consumer Defensive,Agricultural Farm Products,US,481957000.0,0.612,40778381770.0,2026-09-04,fmp:company-screener,2026-09-05T02:10:55.099962+00:00
AIG,"American International Group, Inc.",NYSE,common_stock,False,1973-01-02,Financial Services,Insurance - Diversified,US,530206000.00000006,0.517,40406999260.0,2026-09-04,fmp:company-screener,2026-09-05T02:10:55.099962+00:00
LYV,"Live Nation Entertainment, Inc.",NYSE,common_stock,False,2005-12-21,Communication Services,Entertainment,US,232713000.0,1.116,40375705500.0,2026-09-04,fmp:company-screener,2026-09-05T02:10:55.099962+00:00
DHI,"D.R. Horton, Inc.",NYSE,common_stock,False,1992-06-05,Consumer Cyclical,Residential Construction,US,279701266.9982487,1.375,39927355864.0,2026-09-04,fmp:company-screener,2026-09-05T02:10:55.099962+00:00
ED,"Consolidated Edison, Inc.",NYSE,common_stock,False,2001-02-15,Utilities,Regulated Electric,US,368530000.0,0.263,39539583700.0,2026-09-04,fmp:company-screener,2026-09-05T02:10:55.099962+00:00
PCG,PG&E Corporation,NYSE,common_stock,False,1972-06-01,Utilities,Regulated Electric,US,2680110496.013986,0.278,38325580093.0,2026-09-04,fmp:company-screener,2026-09-05T02:10:55.099962+00:00
SYY,Sysco Corporation,NYSE,common_stock,False,1973-05-08,Consumer Defensive,Food Distribution,US,478183000.0,0.636,38278549150.0,2026-09-04,fmp:company-screener,2026-09-05T02:10:55.099962+00:00
HIG,"The Hartford Insurance Group, Inc.",NYSE,common_stock,False,1995-12-15,Financial Services,Insurance - Diversified,US,274130819.9971092,0.458,37931481563.0,2026-09-04,fmp:company-screener,2026-09-05T02:10:55.099962+00:00
EL,The Estée Lauder Companies Inc.,NYSE,common_stock,False,1995-11-17,Consumer Defensive,Household & Personal Products,US,361674641.9988446,1.246,37563528318.0,2026-09-04,fmp:company-screener,2026-09-05T02:10:55.099962+00:00
PEG,Public Service Enterprise Group Incorporated,NYSE,common_stock,False,1980-01-02,Utilities,Regulated Electric,US,498321000.0,0.527,36726257700.0,2026-09-04,fmp:company-screener,2026-09-05T02:10:55.099962+00:00
KVUE,Kenvue Inc.,NYSE,common_stock,False,2023-05-04,Consumer Defensive,Household & Personal Products,US,1920008667.9829245,0.431,35980962438.0,2026-09-04,fmp:company-screener,2026-09-05T02:10:55.099962+00:00
KR,The Kroger Co.,NYSE,common_stock,False,1977-01-02,Consumer Defensive,Grocery Stores,US,612647000.0,0.409,35894987730.0,2026-09-04,fmp:company-screener,2026-09-05T02:10:55.099962+00:00
HSY,The Hershey Company,NYSE,common_stock,False,1980-03-17,Consumer Defensive,Food Confectioners,US,202809605.00144383,0.097,35116483106.0,2026-09-04,fmp:company-screener,2026-09-05T02:10:55.099962+00:00
IRM,Iron Mountain Incorporated,NYSE,common_stock,False,1996-02-01,Real Estate,REIT - Specialty,US,297524681.0029095,1.217,34768734222.0,2026-09-04,fmp:company-screener,2026-09-05T02:10:55.099962+00:00
MTB,M&T Bank Corporation,NYSE,common_stock,False,1980-03-17,Financial Services,Banks - Regional,US,144933000.0,0.573,34760730720.0,2026-09-04,fmp:company-screener,2026-09-05T02:10:55.099962+00:00
EQT,EQT Corporation,NYSE,common_stock,False,1980-03-17,Energy,Oil & Gas Exploration & Production,US,625516000.0,0.578,34509717720.0,2026-09-04,fmp:company-screener,2026-09-05T02:10:55.099962+00:00
WEC,"WEC Energy Group, Inc.",NYSE,common_stock,False,1980-03-17,Utilities,Regulated Electric,US,325726000.0,0.462,34507412440.0,2026-09-04,fmp:company-screener,2026-09-05T02:10:55.099962+00:00
RJF,"Raymond James Financial, Inc.",NYSE,common_stock,False,1983-07-01,Financial Services,Asset Management,US,192100000.0,0.92,34249509000.0,2026-09-04,fmp:company-screener,2026-09-05T02:10:55.099962+00:00
VMC,Vulcan Materials Company,NYSE,common_stock,False,1957-01-02,Basic Materials,Construction Materials,US,129579000.0,1.057,34031332770.0,2026-09-04,fmp:company-screener,2026-09-05T02:10:55.099962+00:00
EME,"EMCOR Group, Inc.",NYSE,common_stock,False,1995-01-10,Industrials,Engineering & Construction,US,44109900.999787845,1.147,33265922938.0,2026-09-04,fmp:company-screener,2026-09-05T02:10:55.099962+00:00
CCI,Crown Castle Inc.,NYSE,common_stock,False,1998-08-18,Real Estate,REIT - Specialty,US,437000000.0,0.97,33137710000.0,2026-09-04,fmp:company-screener,2026-09-05T02:10:55.099962+00:00
RMD,ResMed Inc.,NYSE,common_stock,False,1995-06-02,Healthcare,Medical - Instruments & Supplies,US,145056383.9982483,0.766,33123625286.0,2026-09-04,fmp:company-screener,2026-09-05T02:10:55.099962+00:00
CNC,Centene Corp.,NYSE,common_stock,False,2001-12-13,Healthcare,Medical - Healthcare Plans,US,493994999.99999994,1.105,33117424800.0,2026-09-04,fmp:company-screener,2026-09-05T02:10:55.099962+00:00
JBL,Jabil Inc.,NYSE,common_stock,False,1993-05-03,Technology,"Hardware, Equipment & Parts",US,104787089.00086938,1.304,32543726231.0,2026-09-04,fmp:company-screener,2026-09-05T02:10:55.099962+00:00
CCL,Carnival Corporation & plc,NYSE,common_stock,False,1987-07-24,Consumer Cyclical,Travel Services,US,1369649119.0131857,2.338,32200450788.0,2026-09-04,fmp:company-screener,2026-09-05T02:10:55.099962+00:00
ZTS,Zoetis Inc.,NYSE,common_stock,False,2013-02-01,Healthcare,Drug Manufacturers - Specialty & Generic,US,419228000.0,0.73,31781674680.0,2026-09-04,fmp:company-screener,2026-09-05T02:10:55.099962+00:00
HAL,Halliburton Company,NYSE,common_stock,False,1972-06-01,Energy,Oil & Gas Equipment & Services,US,835397734.9878608,0.753,30968194036.0,2026-09-04,fmp:company-screener,2026-09-05T02:10:55.099962+00:00
MLM,"Martin Marietta Materials, Inc.",NYSE,common_stock,False,1994-02-17,Basic Materials,Construction Materials,US,60065800.0,1.106,30920071866.0,2026-09-04,fmp:company-screener,2026-09-05T02:10:55.099962+00:00
WAT,Waters Corporation,NYSE,common_stock,False,1995-11-17,Healthcare,Medical - Diagnostics & Research,US,74790826.00029312,1.184,30617868348.0,2026-09-04,fmp:company-screener,2026-09-05T02:10:55.099962+00:00
CFG,"Citizens Financial Group, Inc.",NYSE,common_stock,False,2014-09-24,Financial Services,Banks - Regional,US,422882000.0,1.006,29931587960.0,2026-09-04,fmp:company-screener,2026-09-05T02:10:55.099962+00:00
IR,Ingersoll Rand Inc.,NYSE,common_stock,False,2017-05-12,Industrials,Industrial - Machinery,US,391337000.0,1.161,29882493320.0,2026-09-04,fmp:company-screener,2026-09-05T02:10:55.099962+00:00
HPQ,HP Inc.,NYSE,common_stock,False,1957-11-06,Technology,Computer Hardware,US,914523000.0,1.194,29850030720.0,2026-09-04,fmp:company-screener,2026-09-05T02:10:55.099962+00:00
RDDT,"Reddit, Inc.",NYSE,common_stock,False,2024-03-21,Communication Services,Internet Content & Information,US,192509043.9984462,2.034,29734946936.0,2026-09-04,fmp:company-screener,2026-09-05T02:10:55.099962+00:00
AEE,Ameren Corporation,NYSE,common_stock,False,1998-01-02,Utilities,Regulated Electric,US,276752000.0,0.476,29465785440.0,2026-09-04,fmp:company-screener,2026-09-05T02:10:55.099962+00:00
EXR,Extra Space Storage Inc.,NYSE,spac,False,2004-08-16,Real Estate,REIT - Industrial,US,211269558.00359067,1.185,29419285952.0,2026-09-04,fmp:company-screener,2026-09-05T02:10:55.099962+00:00
DG,Dollar General Corporation,NYSE,common_stock,False,2009-11-13,Consumer Defensive,Discount Stores,US,220586647.00097588,0.235,29384347247.0,2026-09-04,fmp:company-screener,2026-09-05T02:10:55.099962+00:00
LVS,Las Vegas Sands Corp.,NYSE,common_stock,False,2004-12-15,Consumer Cyclical,"Gambling, Resorts & Casinos",US,647701183.998197,0.835,28738501534.0,2026-09-04,fmp:company-screener,2026-09-05T02:10:55.099962+00:00
DTE,DTE Energy Company,NYSE,common_stock,False,1970-01-02,Utilities,Regulated Electric,US,208087999.99999997,0.396,28316615040.0,2026-09-04,fmp:company-screener,2026-09-05T02:10:55.099962+00:00
TDY,Teledyne Technologies Incorporated,NYSE,common_stock,False,1999-11-23,Technology,"Hardware, Equipment & Parts",US,46354095.0004094,0.92,28306128112.0,2026-09-04,fmp:company-screener,2026-09-05T02:10:55.099962+00:00
VICI,VICI Properties Inc.,NYSE,common_stock,False,2018-01-02,Real Estate,REIT - Diversified,US,1101077547.9937057,0.687,27989391270.0,2026-09-04,fmp:company-screener,2026-09-05T02:10:55.099962+00:00
ATO,Atmos Energy Corporation,NYSE,common_stock,False,1983-12-28,Utilities,Regulated Gas,US,166919821.99809024,0.602,27969085374.0,2026-09-04,fmp:company-screener,2026-09-05T02:10:55.099962+00:00
AWK,"American Water Works Company, Inc.",NYSE,common_stock,False,2008-04-23,Utilities,Regulated Water,US,198728988.99786782,0.577,27961168752.0,2026-09-04,fmp:company-screener,2026-09-05T02:10:55.099962+00:00
CPAY,"Corpay, Inc.",NYSE,common_stock,False,2010-12-15,Technology,Software - Infrastructure,US,65361918.999927945,0.869,27214742214.0,2026-09-04,fmp:company-screener,2026-09-05T02:10:55.099962+00:00
MTD,Mettler-Toledo International Inc.,NYSE,common_stock,False,1997-11-14,Healthcare,Medical - Diagnostics & Research,US,20207600.0,1.224,27184475976.0,2026-09-04,fmp:company-screener,2026-09-05T02:10:55.099962+00:00
OTIS,Otis Worldwide Corporation,NYSE,common_stock,False,2020-03-19,Industrials,Industrial - Machinery,US,380669338.99733186,0.879,27107463630.0,2026-09-04,fmp:company-screener,2026-09-05T02:10:55.099962+00:00
FE,FirstEnergy Corp.,NYSE,common_stock,False,1997-11-10,Utilities,Regulated Electric,US,578639932.0076972,0.45,27062989620.0,2026-09-04,fmp:company-screener,2026-09-05T02:10:55.099962+00:00
LH,Labcorp Holdings Inc.,NYSE,common_stock,False,1990-03-29,Healthcare,Medical - Diagnostics & Research,US,82000000.0,0.843,26804980000.0,2026-09-04,fmp:company-screener,2026-09-05T02:10:55.099962+00:00
WSM,"Williams-Sonoma, Inc.",NYSE,common_stock,False,1983-07-07,Consumer Cyclical,Specialty Retail,US,117746611.00167093,1.47,26777934274.0,2026-09-04,fmp:company-screener,2026-09-05T02:10:55.099962+00:00
ES,Eversource Energy,NYSE,common_stock,False,1973-02-21,Utilities,Regulated Electric,US,376080024.99648136,0.702,26720485776.0,2026-09-04,fmp:company-screener,2026-09-05T02:10:55.099962+00:00
PPL,PPL Corporation,NYSE,common_stock,False,1980-03-17,Utilities,Regulated Electric,US,752577280.0056964,0.589,26422988301.0,2026-09-04,fmp:company-screener,2026-09-05T02:10:55.099962+00:00
DGX,Quest Diagnostics Incorporated,NYSE,common_stock,False,1996-12-17,Healthcare,Medical - Diagnostics & Research,US,110373000.0,0.548,26173853220.0,2026-09-04,fmp:company-screener,2026-09-05T02:10:55.099962+00:00
CNP,"CenterPoint Energy, Inc.",NYSE,common_stock,False,1970-01-02,Utilities,Regulated Electric,US,658720000.0,0.461,26131422400.0,2026-09-04,fmp:company-screener,2026-09-05T02:10:55.099962+00:00
SYF,Synchrony Financial,NYSE,common_stock,False,2014-07-31,Financial Services,Financial - Credit Services,US,325370840.0025025,1.311,26003637533.0,2026-09-04,fmp:company-screener,2026-09-05T02:10:55.099962+00:00
DOV,Dover Corporation,NYSE,common_stock,False,1980-03-17,Industrials,Industrial - Machinery,US,134680000.0,1.156,25977078400.0,2026-09-04,fmp:company-screener,2026-09-05T02:10:55.099962+00:00
RF,Regions Financial Corporation,NYSE,common_stock,False,1980-03-17,Financial Services,Banks - Regional,US,853380000.0,1.012,25959819600.0,2026-09-04,fmp:company-screener,2026-09-05T02:10:55.099962+00:00
WRB,W. R. Berkley Corporation,NYSE,common_stock,False,1973-10-23,Financial Services,Insurance - Property & Casualty,US,372277000.0,0.294,25739231780.0,2026-09-04,fmp:company-screener,2026-09-05T02:10:55.099962+00:00
Q,"Qnity Electronics, Inc.",NYSE,common_stock,False,2025-10-27,Technology,Semiconductors,US,209339200.0,1.631,25219093424.0,2026-09-04,fmp:company-screener,2026-09-05T02:10:55.099962+00:00
NRG,"NRG Energy, Inc.",NYSE,common_stock,False,2003-12-02,Utilities,Independent Power Producers,US,210986000.0,1.203,25111553720.0,2026-09-04,fmp:company-screener,2026-09-05T02:10:55.099962+00:00
PPG,"PPG Industries, Inc.",NYSE,common_stock,False,1980-03-17,Basic Materials,Chemicals - Specialty,US,222300003.00364348,1.063,25015419338.0,2026-09-04,fmp:company-screener,2026-09-05T02:10:55.099962+00:00
TPL,Texas Pacific Land Corporation,NYSE,common_stock,False,1980-03-17,Energy,Oil & Gas Exploration & Production,US,68974400.0,0.633,24997702048.0,2026-09-04,fmp:company-screener,2026-09-05T02:10:55.099962+00:00
DRI,"Darden Restaurants, Inc.",NYSE,common_stock,False,1995-05-09,Consumer Cyclical,Restaurants,US,114535003.0016599,0.585,24840351451.0,2026-09-04,fmp:company-screener,2026-09-05T02:10:55.099962+00:00
EXPD,"Expeditors International of Washington, Inc.",NYSE,common_stock,False,1984-09-26,Industrials,Integrated Freight & Logistics,US,130790999.99999999,1.045,24693340800.0,2026-09-04,fmp:company-screener,2026-09-05T02:10:55.099962+00:00
TPR,"Tapestry, Inc.",NYSE,common_stock,False,2000-10-06,Consumer Cyclical,Luxury Goods,US,202045000.0,1.464,24677776300.0,2026-09-04,fmp:company-screener,2026-09-05T02:10:55.099962+00:00
XYL,Xylem Inc.,NYSE,common_stock,False,2011-10-13,Industrials,Industrial - Machinery,US,233487000.0,1.01,24677241030.0,2026-09-04,fmp:company-screener,2026-09-05T02:10:55.099962+00:00
VMRK,Vivmark Residential,NYSE,common_stock,False,1993-08-12,Real Estate,REIT - Residential,US,374944000.00000006,0.7466878,24502590400.0,2026-09-04,fmp:company-screener,2026-09-05T02:10:55.099962+00:00
HUBB,Hubbell Incorporated,NYSE,common_stock,False,1972-06-05,Industrials,Electrical Equipment & Parts,US,52832570.999739535,0.899,24341022111.0,2026-09-04,fmp:company-screener,2026-09-05T02:10:55.099962+00:00
SW,Smurfit Westrock plc,NYSE,common_stock,True,2008-06-17,Consumer Cyclical,Packaging & Containers,IE,524522900.0,0.977,24038884507.0,2026-09-04,fmp:company-screener,2026-09-05T02:10:55.099962+00:00
PHM,"PulteGroup, Inc.",NYSE,common_stock,False,1980-03-17,Consumer Cyclical,Residential Construction,US,193010797.00281236,1.201,24020193687.0,2026-09-04,fmp:company-screener,2026-09-05T02:10:55.099962+00:00
KEY,KeyCorp,NYSE,common_stock,False,1987-11-05,Financial Services,Banks - Regional,US,1079370000.0,1.032,23940426600.0,2026-09-04,fmp:company-screener,2026-09-05T02:10:55.099962+00:00
WST,"West Pharmaceutical Services, Inc.",NYSE,common_stock,False,1980-03-17,Healthcare,Medical - Instruments & Supplies,US,70375800.0,1.138,23925660726.0,2026-09-04,fmp:company-screener,2026-09-05T02:10:55.099962+00:00
BRO,"Brown & Brown, Inc.",NYSE,common_stock,False,1981-02-11,Financial Services,Insurance - Brokers,US,334610357.00084007,0.581,23897871697.0,2026-09-04,fmp:company-screener,2026-09-05T02:10:55.099962+00:00
VLTO,Veralto Corporation,NYSE,common_stock,False,2023-10-04,Industrials,Industrial - Pollution & Treatment Controls,US,243793350.00519156,0.752,23479737539.0,2026-09-04,fmp:company-screener,2026-09-05T02:10:55.099962+00:00
CHD,"Church & Dwight Co., Inc.",NYSE,common_stock,False,1980-03-17,Consumer Defensive,Household & Personal Products,US,236944000.0,0.471,23350831200.0,2026-09-04,fmp:company-screener,2026-09-05T02:10:55.099962+00:00
GPN,Global Payments Inc.,NYSE,common_stock,False,2001-01-16,Financial Services,Financial - Credit Services,US,248254603.998271,0.775,22973481054.0,2026-09-04,fmp:company-screener,2026-09-05T02:10:55.099962+00:00
BG,Bunge Global S.A.,NYSE,common_stock,False,2001-08-02,Consumer Defensive,Agricultural Farm Products,US,192119122.99722013,0.65,22806461091.0,2026-09-04,fmp:company-screener,2026-09-05T02:10:55.099962+00:00
OMC,Omnicom Group Inc.,NYSE,common_stock,False,1980-03-17,Communication Services,Advertising Agencies,US,274346000.0,0.66,22666466520.0,2026-09-04,fmp:company-screener,2026-09-05T02:10:55.099962+00:00
L,Loews Corporation,NYSE,common_stock,False,1980-03-17,Financial Services,Insurance - Property & Casualty,US,205769000.0,0.507,22490551700.0,2026-09-04,fmp:company-screener,2026-09-05T02:10:55.099962+00:00
IFF,International Flavors & Fragrances Inc.,NYSE,common_stock,False,1974-12-17,Basic Materials,Chemicals - Specialty,US,255303000.00000003,0.943,22045414050.0,2026-09-04,fmp:company-screener,2026-09-05T02:10:55.099962+00:00
STZ,"Constellation Brands, Inc.",NYSE,common_stock,False,1992-03-17,Consumer Defensive,Beverages - Alcoholic,US,170804353.0035887,0.4,21893701968.0,2026-09-04,fmp:company-screener,2026-09-05T02:10:55.099962+00:00
STE,STERIS plc,NYSE,common_stock,False,1992-06-01,Healthcare,Medical - Specialties,US,97457700.0,0.914,21888024843.0,2026-09-04,fmp:company-screener,2026-09-05T02:10:55.099962+00:00
EIX,Edison International,NYSE,common_stock,False,1973-05-03,Utilities,Regulated Electric,US,384794000.0,0.651,21844755380.0,2026-09-04,fmp:company-screener,2026-09-05T02:10:55.099962+00:00
FIS,"Fidelity National Information Services, Inc.",NYSE,common_stock,False,2001-06-20,Technology,Information Technology Services,US,516879000.0,0.813,21657230100.0,2026-09-04,fmp:company-screener,2026-09-05T02:10:55.099962+00:00
CMS,CMS Energy Corporation,NYSE,common_stock,False,1973-02-21,Utilities,Regulated Electric,US,313577000.0,0.339,21467481420.0,2026-09-04,fmp:company-screener,2026-09-05T02:10:55.099962+00:00
RL,Ralph Lauren Corporation,NYSE,common_stock,False,1997-06-12,Consumer Cyclical,Apparel - Manufacturers,US,60999811.99886105,1.371,21423133974.0,2026-09-04,fmp:company-screener,2026-09-05T02:10:55.099962+00:00
DOW,Dow Inc.,NYSE,common_stock,False,2019-03-20,Basic Materials,Chemicals,US,722340711.0054348,0.423,21265710532.0,2026-09-04,fmp:company-screener,2026-09-05T02:10:55.099962+00:00
PKG,Packaging Corporation of America,NYSE,common_stock,False,2000-01-28,Consumer Cyclical,Packaging & Containers,US,89098647.00105374,0.807,21138654001.0,2026-09-04,fmp:company-screener,2026-09-05T02:10:55.099962+00:00
AMCR,Amcor plc,NYSE,common_stock,True,2012-05-15,Consumer Cyclical,Packaging & Containers,CH,462345690.0110742,0.593,20874907904.0,2026-09-04,fmp:company-screener,2026-09-05T02:10:55.099962+00:00
EFX,Equifax Inc.,NYSE,common_stock,False,1980-03-17,Industrials,Consulting Services,US,117484896.00112961,1.296,20800700837.0,2026-09-04,fmp:company-screener,2026-09-05T02:10:55.099962+00:00
LEN,Lennar Corporation,NYSE,common_stock,False,1980-03-17,Consumer Cyclical,Residential Construction,US,248295270.99784636,1.398,20752518750.0,2026-09-04,fmp:company-screener,2026-09-05T02:10:55.099962+00:00
LYB,LyondellBasell Industries N.V.,NYSE,common_stock,True,2010-04-28,Basic Materials,Chemicals - Specialty,NL,322785000.0,0.347,20504917125.0,2026-09-04,fmp:company-screener,2026-09-05T02:10:55.099962+00:00
CF,"CF Industries Holdings, Inc.",NYSE,common_stock,False,2005-08-11,Basic Materials,Agricultural Inputs,US,153629000.0,0.398,20486427150.0,2026-09-04,fmp:company-screener,2026-09-05T02:10:55.099962+00:00
GIS,"General Mills, Inc.",NYSE,common_stock,False,1980-03-17,Consumer Defensive,Packaged Foods,US,533707999.0075738,-0.047,20435679282.0,2026-09-04,fmp:company-screener,2026-09-05T02:10:55.099962+00:00
FICO,Fair Isaac Corporation,NYSE,common_stock,False,1987-07-22,Technology,Software - Application,US,21597635.99961384,1.321,20134612137.0,2026-09-04,fmp:company-screener,2026-09-05T02:10:55.099962+00:00
BR,"Broadridge Financial Solutions, Inc.",NYSE,common_stock,False,2007-03-22,Technology,Information Technology Services,US,115658000.0,0.889,19994955040.0,2026-09-04,fmp:company-screener,2026-09-05T02:10:55.099962+00:00
NI,NiSource Inc,NYSE,common_stock,False,1973-02-21,Utilities,Regulated Gas,US,479439245.0108722,0.554,19843990351.0,2026-09-04,fmp:company-screener,2026-09-05T02:10:55.099962+00:00
SNA,Snap-on Incorporated,NYSE,common_stock,False,2017-03-02,Industrials,Manufacturing - Tools & Accessories,US,51727124.0,0.723,19811488492.0,2026-09-04,fmp:company-screener,2026-09-05T02:10:55.099962+00:00
IP,International Paper Company,NYSE,common_stock,False,1970-01-02,Basic Materials,"Paper, Lumber & Forest Products",US,529517000.0,0.894,19719213080.0,2026-09-04,fmp:company-screener,2026-09-05T02:10:55.099962+00:00
LUV,Southwest Airlines Co.,NYSE,common_stock,False,1980-01-02,Industrials,"Airlines, Airports & Air Services",US,489208000.00000006,1.143,19382420960.0,2026-09-04,fmp:company-screener,2026-09-05T02:10:55.099962+00:00
FDXF,"FedEx Freight Holding Company, Inc.",NYSE,common_stock,False,2026-06-01,Industrials,Integrated Freight & Logistics,US,149505248.00309002,-7.34,19353454354.0,2026-09-04,fmp:company-screener,2026-09-05T02:10:55.099962+00:00
GPC,Genuine Parts Company,NYSE,common_stock,False,1980-03-17,Consumer Cyclical,Auto - Parts,US,137859758.00260717,0.646,19035675385.0,2026-09-04,fmp:company-screener,2026-09-05T02:10:55.099962+00:00
BBY,"Best Buy Co., Inc.",NYSE,common_stock,False,1985-04-18,Consumer Cyclical,Specialty Retail,US,210767000.0,1.317,19025937090.0,2026-09-04,fmp:company-screener,2026-09-05T02:10:55.099962+00:00
ZBH,"Zimmer Biomet Holdings, Inc.",NYSE,common_stock,False,2001-07-25,Healthcare,Medical - Devices,US,193462000.0,0.462,18972818340.0,2026-09-04,fmp:company-screener,2026-09-05T02:10:55.099962+00:00
TSN,"Tyson Foods, Inc.",NYSE,common_stock,False,1980-03-17,Consumer Defensive,Agricultural Farm Products,US,354519819.0003889,0.378,18229409093.0,2026-09-04,fmp:company-screener,2026-09-05T02:10:55.099962+00:00
BEN,"Franklin Resources, Inc.",NYSE,common_stock,False,1983-09-23,Financial Services,Asset Management,US,519636998.99222577,1.574,18046992975.0,2026-09-04,fmp:company-screener,2026-09-05T02:10:55.099962+00:00
ESS,"Essex Property Trust, Inc.",NYSE,common_stock,False,1994-06-07,Real Estate,REIT - Residential,US,64261739.00075374,0.708,17903963103.0,2026-09-04,fmp:company-screener,2026-09-05T02:10:55.099962+00:00
DD,"DuPont de Nemours, Inc.",NYSE,common_stock,False,1972-06-01,Basic Materials,Chemicals,US,135019000.0,1.09,17773901160.0,2026-09-04,fmp:company-screener,2026-09-05T02:10:55.099962+00:00
J,Jacobs Solutions Inc.,NYSE,common_stock,False,1980-03-17,Industrials,Engineering & Construction,US,118081000.00000001,0.667,17266984630.0,2026-09-04,fmp:company-screener,2026-09-05T02:10:55.099962+00:00
ROL,"Rollins, Inc.",NYSE,common_stock,False,1980-03-17,Industrials,Specialty Business Services,US,481145403.9877301,0.744,17253874187.0,2026-09-04,fmp:company-screener,2026-09-05T02:10:55.099962+00:00
FTV,Fortive Corporation,NYSE,common_stock,False,2016-07-05,Technology,"Hardware, Equipment & Parts",US,302017052.0021075,0.976,17196850941.0,2026-09-04,fmp:company-screener,2026-09-05T02:10:55.099962+00:00
NVR,"NVR, Inc.",NYSE,common_stock,False,1985-07-22,Consumer Cyclical,Residential Construction,US,2699290.0000793794,0.913,17002422817.0,2026-09-04,fmp:company-screener,2026-09-05T02:10:55.099962+00:00
INVH,Invitation Homes Inc.,NYSE,common_stock,False,2017-02-01,Real Estate,REIT - Residential,US,594042000.0,0.836,16864852380.0,2026-09-04,fmp:company-screener,2026-09-05T02:10:55.099962+00:00
LDOS,"Leidos Holdings, Inc.",NYSE,common_stock,False,2006-10-17,Technology,Information Technology Services,US,125784999.99999999,0.546,16735694250.0,2026-09-04,fmp:company-screener,2026-09-05T02:10:55.099962+00:00
BALL,Ball Corporation,NYSE,common_stock,False,1972-07-13,Consumer Cyclical,Packaging & Containers,US,266247000.0,0.956,16685699490.0,2026-09-04,fmp:company-screener,2026-09-05T02:10:55.099962+00:00
WY,Weyerhaeuser Company,NYSE,common_stock,False,1973-05-03,Real Estate,REIT - Specialty,US,721042608.9921807,0.901,16598400859.0,2026-09-04,fmp:company-screener,2026-09-05T02:10:55.099962+00:00
IEX,IDEX Corporation,NYSE,common_stock,False,1989-06-02,Industrials,Industrial - Machinery,US,73719900.0,0.976,16494090426.0,2026-09-04,fmp:company-screener,2026-09-05T02:10:55.099962+00:00
KIM,Kimco Realty Corporation,NYSE,common_stock,False,1991-11-22,Real Estate,REIT - Retail,US,674390000.0,0.968,15915604000.0,2026-09-04,fmp:company-screener,2026-09-05T02:10:55.099962+00:00
SOLV,Solventum Corporation,NYSE,common_stock,False,2024-04-01,Healthcare,Medical - Instruments & Supplies,US,173174711.99694625,0.671,15878389343.0,2026-09-04,fmp:company-screener,2026-09-05T02:10:55.099962+00:00
EG,"Everest Group, Ltd.",NYSE,common_stock,True,1995-10-06,Financial Services,Insurance - Reinsurance,BM,39571600.0,0.279,15071635292.0,2026-09-04,fmp:company-screener,2026-09-05T02:10:55.099962+00:00
MAA,"Mid-America Apartment Communities, Inc.",NYSE,common_stock,False,1994-01-28,Real Estate,REIT - Residential,US,116384802.00280549,0.72,14934497793.0,2026-09-04,fmp:company-screener,2026-09-05T02:10:55.099962+00:00
TYL,"Tyler Technologies, Inc.",NYSE,common_stock,False,1980-03-17,Technology,Software - Application,US,40952300.0,0.835,14907865769.0,2026-09-04,fmp:company-screener,2026-09-05T02:10:55.099962+00:00
ALB,Albemarle Corporation,NYSE,common_stock,False,1994-02-22,Basic Materials,Chemicals - Specialty,US,117934650.9977827,1.317,14892787728.0,2026-09-04,fmp:company-screener,2026-09-05T02:10:55.099962+00:00
SWK,"Stanley Black & Decker, Inc.",NYSE,common_stock,False,1980-03-17,Industrials,Manufacturing - Tools & Accessories,US,151017000.0,1.172,14703015120.0,2026-09-04,fmp:company-screener,2026-09-05T02:10:55.099962+00:00
IVZ,Invesco Ltd.,NYSE,common_stock,False,1995-08-24,Financial Services,Asset Management,US,443297000.0,1.596,14659831790.0,2026-09-04,fmp:company-screener,2026-09-05T02:10:55.099962+00:00
RVTY,"Revvity, Inc.",NYSE,common_stock,False,1965-07-06,Healthcare,Medical - Diagnostics & Research,US,111560000.0,1.072,14527343200.0,2026-09-04,fmp:company-screener,2026-09-05T02:10:55.099962+00:00
MAS,Masco Corporation,NYSE,common_stock,False,1980-03-17,Basic Materials,Construction Materials,US,197187430.0,1.296,14335526161.0,2026-09-04,fmp:company-screener,2026-09-05T02:10:55.099962+00:00
DOC,"Healthpeak Properties, Inc.",NYSE,common_stock,False,1985-05-23,Real Estate,REIT - Healthcare Facilities,US,689420000.0,0.989,14236523000.0,2026-09-04,fmp:company-screener,2026-09-05T02:10:55.099962+00:00
AIZ,"Assurant, Inc.",NYSE,common_stock,False,2004-02-05,Financial Services,Insurance - Property & Casualty,US,49547600.0,0.543,14157731224.0,2026-09-04,fmp:company-screener,2026-09-05T02:10:55.099962+00:00
MKC,"McCormick & Company, Incorporated",NYSE,common_stock,False,1999-04-26,Consumer Defensive,Packaged Foods,US,268851554.9923195,0.627,14001788984.0,2026-09-04,fmp:company-screener,2026-09-05T02:10:55.099962+00:00
TKO,"TKO Group Holdings, Inc.",NYSE,common_stock,False,2023-09-12,Communication Services,Entertainment,US,74967700.0,0.644,13944741877.0,2026-09-04,fmp:company-screener,2026-09-05T02:10:55.099962+00:00
CRL,"Charles River Laboratories International, Inc.",NYSE,common_stock,False,2000-06-23,Healthcare,Medical - Diagnostics & Research,US,48167700.0,1.376,13896381450.0,2026-09-04,fmp:company-screener,2026-09-05T02:10:55.099962+00:00
TXT,Textron Inc.,NYSE,common_stock,False,1947-12-22,Industrials,Aerospace & Defense,US,171987000.0,0.908,13599012090.0,2026-09-04,fmp:company-screener,2026-09-05T02:10:55.099962+00:00
GL,Globe Life Inc.,NYSE,common_stock,False,1980-10-01,Financial Services,Insurance - Life,US,77644800.0,0.472,13531159296.0,2026-09-04,fmp:company-screener,2026-09-05T02:10:55.099962+00:00
LII,Lennox International Inc.,NYSE,common_stock,False,1999-07-29,Industrials,Industrial - Machinery,US,34560700.0,1.199,13496990171.0,2026-09-04,fmp:company-screener,2026-09-05T02:10:55.099962+00:00
SJM,The J. M. Smucker Company,NYSE,common_stock,False,1994-10-31,Consumer Defensive,Packaged Foods,US,106880689.99841371,0.25,13475517395.0,2026-09-04,fmp:company-screener,2026-09-05T02:10:55.099962+00:00
GDDY,GoDaddy Inc.,NYSE,common_stock,False,2015-03-31,Technology,Software - Infrastructure,US,132409847.0042444,0.918,13414441600.0,2026-09-04,fmp:company-screener,2026-09-05T02:10:55.099962+00:00
AVY,Avery Dennison Corporation,NYSE,common_stock,False,1973-02-21,Consumer Cyclical,Packaging & Containers,US,76490400.0,0.812,13390409424.0,2026-09-04,fmp:company-screener,2026-09-05T02:10:55.099962+00:00
ALLE,Allegion plc,NYSE,common_stock,True,2013-11-18,Industrials,Security & Protection Services,IE,85036800.0,0.845,13360982016.0,2026-09-04,fmp:company-screener,2026-09-05T02:10:55.099962+00:00
BAX,Baxter International Inc.,NYSE,common_stock,False,1981-10-27,Healthcare,Medical - Instruments & Supplies,US,516995991.98606277,0.595,13354006473.0,2026-09-04,fmp:company-screener,2026-09-05T02:10:55.099962+00:00
IT,"Gartner, Inc.",NYSE,common_stock,False,1993-10-05,Technology,Information Technology Services,US,66951899.00225298,0.913,12481173012.0,2026-09-04,fmp:company-screener,2026-09-05T02:10:55.099962+00:00
BF-B,Brown-Forman Corporation,NYSE,common_stock,False,1980-03-17,Consumer Defensive,Beverages - Wineries & Distilleries,US,466342157.9872802,0.331,12465325883.0,2026-09-04,fmp:company-screener,2026-09-05T02:10:55.099962+00:00
HRL,Hormel Foods Corporation,NYSE,common_stock,False,1980-03-17,Consumer Defensive,Packaged Foods,US,550315000.0,0.331,11853785100.0,2026-09-04,fmp:company-screener,2026-09-05T02:10:55.099962+00:00
PNW,Pinnacle West Capital Corporation,NYSE,common_stock,False,1961-08-28,Utilities,Regulated Electric,US,121187000.0,0.444,11818156240.0,2026-09-04,fmp:company-screener,2026-09-05T02:10:55.099962+00:00
DVA,DaVita Inc.,NYSE,common_stock,False,1995-10-31,Healthcare,Medical - Care Facilities,US,64200000.0,0.87,11812158000.0,2026-09-04,fmp:company-screener,2026-09-05T02:10:55.099962+00:00
UDR,"UDR, Inc.",NYSE,common_stock,False,1980-03-17,Real Estate,REIT - Residential,US,321264221.99010444,0.691,11687592396.0,2026-09-04,fmp:company-screener,2026-09-05T02:10:55.099962+00:00
DECK,Deckers Outdoor Corporation,NYSE,common_stock,False,1993-10-15,Consumer Cyclical,Apparel - Footwear & Accessories,US,136182000.0,1.167,11685777420.0,2026-09-04,fmp:company-screener,2026-09-05T02:10:55.099962+00:00
HII,"Huntington Ingalls Industries, Inc.",NYSE,common_stock,False,2011-03-22,Industrials,Aerospace & Defense,US,39404597.99951037,0.241,11266956706.0,2026-09-04,fmp:company-screener,2026-09-05T02:10:55.099962+00:00
CLX,The Clorox Company,NYSE,common_stock,False,1983-03-21,Consumer Defensive,Household & Personal Products,US,120921000.0,0.541,11252908260.0,2026-09-04,fmp:company-screener,2026-09-05T02:10:55.099962+00:00
GNRC,Generac Holdings Inc.,NYSE,common_stock,False,2010-02-11,Industrials,Industrial - Machinery,US,58868700.0,1.925,11029050945.0,2026-09-04,fmp:company-screener,2026-09-05T02:10:55.099962+00:00
BXP,"BXP, Inc.",NYSE,common_stock,False,1997-06-18,Real Estate,REIT - Office,US,159477391.0031024,1.039,10795024597.0,2026-09-04,fmp:company-screener,2026-09-05T02:10:55.099962+00:00
FDS,FactSet Research Systems Inc.,NYSE,common_stock,False,1996-06-28,Financial Services,Financial - Data & Stock Exchanges,US,35565542.99907273,0.687,10739371364.0,2026-09-04,fmp:company-screener,2026-09-05T02:10:55.099962+00:00
CPT,Camden Property Trust,NYSE,common_stock,False,1993-07-22,Real Estate,REIT - Residential,US,100520000.0,0.789,10623958800.0,2026-09-04,fmp:company-screener,2026-09-05T02:10:55.099962+00:00
AES,The AES Corporation,NYSE,common_stock,False,1991-06-26,Utilities,Diversified Utilities,US,713158000.0,0.952,10547606820.0,2026-09-04,fmp:company-screener,2026-09-05T02:10:55.099962+00:00
MGM,MGM Resorts International,NYSE,common_stock,False,1988-05-02,Consumer Cyclical,"Gambling, Resorts & Casinos",US,251599795.00242603,1.296,10370943550.0,2026-09-04,fmp:company-screener,2026-09-05T02:10:55.099962+00:00
UHS,"Universal Health Services, Inc.",NYSE,common_stock,False,1981-07-09,Healthcare,Medical - Care Facilities,US,60536352.0011789,1.063,10269992117.0,2026-09-04,fmp:company-screener,2026-09-05T02:10:55.099962+00:00
APTV,Aptiv PLC,NYSE,common_stock,True,2011-11-17,Consumer Cyclical,Auto - Parts,CH,211621000.0,1.36,10147226950.0,2026-09-04,fmp:company-screener,2026-09-05T02:10:55.099962+00:00
FRT,Federal Realty Investment Trust,NYSE,common_stock,False,1973-05-03,Real Estate,REIT - Retail,US,86389197.00230591,0.929,10115311077.0,2026-09-04,fmp:company-screener,2026-09-05T02:10:55.099962+00:00
PNR,Pentair plc,NYSE,common_stock,True,1973-05-03,Industrials,Industrial - Machinery,GB,159638000.0,1.03,9611803980.0,2026-09-04,fmp:company-screener,2026-09-05T02:10:55.099962+00:00
ARE,"Alexandria Real Estate Equities, Inc.",NYSE,common_stock,False,1997-05-28,Real Estate,REIT - Office,US,174269000.0,1.169,9175262850.0,2026-09-04,fmp:company-screener,2026-09-05T02:10:55.099962+00:00
AOS,A. O. Smith Corporation,NYSE,common_stock,False,1983-09-30,Industrials,Industrial - Machinery,US,138586781.00198412,1.157,8381728515.0,2026-09-04,fmp:company-screener,2026-09-05T02:10:55.099962+00:00
MOS,The Mosaic Company,NYSE,common_stock,False,1988-01-26,Basic Materials,Agricultural Inputs,US,317846643.9845261,0.821,8216335747.0,2026-09-04,fmp:company-screener,2026-09-05T02:10:55.099962+00:00
TAP,Molson Coors Beverage Company,NYSE,common_stock,False,1975-06-12,Consumer Defensive,Beverages - Alcoholic,US,187551362.0,0.427,7595830161.0,2026-09-04,fmp:company-screener,2026-09-05T02:10:55.099962+00:00
NCLH,Norwegian Cruise Line Holdings Ltd.,NYSE,common_stock,False,2013-01-18,Consumer Cyclical,Travel Services,US,459110000.0,1.903,7148342700.0,2026-09-04,fmp:company-screener,2026-09-05T02:10:55.099962+00:00
BLDR,"Builders FirstSource, Inc.",NYSE,common_stock,False,2005-06-28,Basic Materials,Construction Materials,US,107595999.99999999,1.418,7078740840.0,2026-09-04,fmp:company-screener,2026-09-05T02:10:55.099962+00:00
NVDA,NVIDIA Corporation,NASDAQ,common_stock,False,1999-01-22,Technology,Semiconductors,US,24221000000.0,2.215,5579549560000.0,2026-09-04,fmp:company-screener,2026-09-05T02:10:55.099962+00:00
AAPL,Apple Inc.,NASDAQ,common_stock,False,1980-12-12,Technology,Consumer Electronics,US,14687355999.999998,1.086,4699513299320.0,2026-09-04,fmp:company-screener,2026-09-05T02:10:55.099962+00:00
GOOGL,Alphabet Inc.,NASDAQ,common_stock,False,2004-08-19,Communication Services,Internet Content & Information,US,12102111286.0013,1.237,4096080585860.0,2026-09-04,fmp:company-screener,2026-09-05T02:10:55.099962+00:00
GOOG,Alphabet Inc.,NASDAQ,common_stock,False,2004-08-19,Communication Services,Internet Content & Information,US,12135902451.999641,1.215,4069289451180.0,2026-09-04,fmp:company-screener,2026-09-05T02:10:55.099962+00:00
MSFT,Microsoft Corporation,NASDAQ,common_stock,False,1986-03-13,Technology,Software - Infrastructure,US,7425550000.0,1.099,3710547335000.0,2026-09-04,fmp:company-screener,2026-09-05T02:10:55.099962+00:00
AMZN,"Amazon.com, Inc.",NASDAQ,common_stock,False,1997-05-15,Consumer Cyclical,Specialty Retail,US,10757100000.0,1.454,2780817921000.0,2026-09-04,fmp:company-screener,2026-09-05T02:10:55.099962+00:00
SPCX,Space Exploration Technologies Corp.,NASDAQ,spac,False,2026-06-12,Industrials,Aerospace & Defense,US,13075865442.000677,0.0,1934574292144.0,2026-09-04,fmp:company-screener,2026-09-05T02:10:55.099962+00:00
AVGO,Broadcom Inc.,NASDAQ,common_stock,False,2009-08-06,Technology,Semiconductors,US,4757580000.0,1.458,1702714094100.0,2026-09-04,fmp:company-screener,2026-09-05T02:10:55.099962+00:00
META,"Meta Platforms, Inc.",NASDAQ,common_stock,False,2012-05-18,Communication Services,Internet Content & Information,US,2547486570.000162,1.243,1571213291779.0,2026-09-04,fmp:company-screener,2026-09-05T02:10:55.099962+00:00
TSLA,"Tesla, Inc.",NASDAQ,common_stock,False,2010-06-29,Consumer Cyclical,Auto - Manufacturers,US,3949547394.0013556,1.827,1398455741268.0,2026-09-04,fmp:company-screener,2026-09-05T02:10:55.099962+00:00
MU,"Micron Technology, Inc.",NASDAQ,common_stock,False,1984-06-01,Technology,Semiconductors,US,1129390000.0,2.222,1148126580100.0,2026-09-04,fmp:company-screener,2026-09-05T02:10:55.099962+00:00
WMT,Walmart Inc.,NASDAQ,common_stock,False,1972-08-25,Consumer Defensive,Discount Stores,US,7958080000.0,0.605,852628691200.0,2026-09-04,fmp:company-screener,2026-09-05T02:10:55.099962+00:00
AMD,"Advanced Micro Devices, Inc.",NASDAQ,common_stock,False,1972-09-07,Technology,Semiconductors,US,1630600000.0,2.489,778725642000.0,2026-09-04,fmp:company-screener,2026-09-05T02:10:55.099962+00:00
ASML,ASML Holding N.V.,NASDAQ,common_stock,True,1995-03-15,Technology,Semiconductors,NL,385417990.9999533,1.365,660945604406.0,2026-09-04,fmp:company-screener,2026-09-05T02:10:55.099962+00:00
INTC,Intel Corp.,NASDAQ,common_stock,False,1980-03-17,Technology,Semiconductors,US,5043999747.004175,2.241,483215175763.0,2026-09-04,fmp:company-screener,2026-09-05T02:10:55.099962+00:00
CSCO,"Cisco Systems, Inc.",NASDAQ,common_stock,False,1990-02-16,Technology,Communication Equipment,US,3941434665.0,1.002,430404665418.0,2026-09-04,fmp:company-screener,2026-09-05T02:10:55.099962+00:00
COST,Costco Wholesale Corporation,NASDAQ,common_stock,False,1986-07-09,Consumer Defensive,Discount Stores,US,443479000.0,0.86,406111459460.0,2026-09-04,fmp:company-screener,2026-09-05T02:10:55.099962+00:00
PLTR,Palantir Technologies Inc.,NASDAQ,common_stock,False,2020-09-30,Technology,Software - Infrastructure,US,2296070000.0,1.563,400273883100.0,2026-09-04,fmp:company-screener,2026-09-05T02:10:55.099962+00:00
LRCX,Lam Research Corporation,NASDAQ,common_stock,False,1984-05-04,Technology,Semiconductors,US,1250570000.0,1.865,384737860500.0,2026-09-04,fmp:company-screener,2026-09-05T02:10:55.099962+00:00
AMAT,"Applied Materials, Inc.",NASDAQ,common_stock,False,1980-03-17,Technology,Semiconductors,US,793959000.0,1.618,361021096890.0,2026-09-04,fmp:company-screener,2026-09-05T02:10:55.099962+00:00
NFLX,"Netflix, Inc.",NASDAQ,common_stock,False,2002-05-23,Communication Services,Entertainment,US,4163939999.003195,1.514,325828304922.0,2026-09-04,fmp:company-screener,2026-09-05T02:10:55.099962+00:00
PANW,"Palo Alto Networks, Inc.",NASDAQ,common_stock,False,2012-07-20,Technology,Software - Infrastructure,US,815000000.0,0.908,271606900000.0,2026-09-04,fmp:company-screener,2026-09-05T02:10:55.099962+00:00
ARM,Arm Holdings plc American Depositary Shares,NASDAQ,common_stock,True,2023-09-14,Technology,Semiconductors,GB,1067998568.999167,3.888,269231759259.0,2026-09-04,fmp:company-screener,2026-09-05T02:10:55.099962+00:00
SNDK,Sandisk Corporation,NASDAQ,common_stock,False,1995-11-08,Technology,Computer Hardware,US,148089750.0,5.163,257676165000.0,2026-09-04,fmp:company-screener,2026-09-05T02:10:55.099962+00:00
KLAC,KLA Corporation,NASDAQ,common_stock,False,1980-10-08,Technology,Semiconductors,US,1306280000.0,1.458,242445568000.0,2026-09-04,fmp:company-screener,2026-09-05T02:10:55.099962+00:00
TXN,Texas Instruments Incorporated,NASDAQ,common_stock,False,1972-06-01,Technology,Semiconductors,US,913247686.000619,1.325,236019731970.0,2026-09-04,fmp:company-screener,2026-09-05T02:10:55.099962+00:00
AMGN,Amgen Inc.,NASDAQ,common_stock,False,1983-06-17,Healthcare,Drug Manufacturers - General,US,539708000.0,0.413,235976528840.0,2026-09-04,fmp:company-screener,2026-09-05T02:10:55.099962+00:00
LIN,Linde plc,NASDAQ,common_stock,True,1992-06-17,Basic Materials,Chemicals - Specialty,GB,462600000.0,0.726,220923882000.0,2026-09-04,fmp:company-screener,2026-09-05T02:10:55.099962+00:00
CRWD,"CrowdStrike Holdings, Inc.",NASDAQ,common_stock,False,2019-06-12,Technology,Software - Infrastructure,US,1018259280.0,1.234,216991052568.0,2026-09-04,fmp:company-screener,2026-09-05T02:10:55.099962+00:00
MRVL,"Marvell Technology, Inc.",NASDAQ,common_stock,False,2000-06-27,Technology,Semiconductors,US,875766000.0,2.246,195777489300.0,2026-09-04,fmp:company-screener,2026-09-05T02:10:55.099962+00:00
TMUS,"T-Mobile US, Inc.",NASDAQ,common_stock,False,2007-04-19,Communication Services,Telecommunications Services,US,1072671613.0013222,0.327,194711351192.0,2026-09-04,fmp:company-screener,2026-09-05T02:10:55.099962+00:00
STX,Seagate Technology Holdings plc,NASDAQ,common_stock,True,2002-12-11,Technology,Computer Hardware,SG,224229000.0,2.102,190433205120.0,2026-09-04,fmp:company-screener,2026-09-05T02:10:55.099962+00:00
SHOP,Shopify Inc.,NASDAQ,common_stock,True,2015-05-20,Technology,Software - Application,CA,1297654682.9967606,2.59,188276717956.0,2026-09-04,fmp:company-screener,2026-09-05T02:10:55.099962+00:00
PEP,"PepsiCo, Inc.",NASDAQ,common_stock,False,1972-06-01,Consumer Defensive,Beverages - Non-Alcoholic,US,1366000000.0,0.361,188002580000.0,2026-09-04,fmp:company-screener,2026-09-05T02:10:55.099962+00:00
GILD,"Gilead Sciences, Inc.",NASDAQ,common_stock,False,1992-01-22,Healthcare,Drug Manufacturers - General,US,1241569874.0024505,0.336,187470843125.0,2026-09-04,fmp:company-screener,2026-09-05T02:10:55.099962+00:00
QCOM,QUALCOMM Incorporated,NASDAQ,common_stock,False,1991-12-13,Technology,Semiconductors,US,1050000000.0,1.663,177177000000.0,2026-09-04,fmp:company-screener,2026-09-05T02:10:55.099962+00:00
ADI,"Analog Devices, Inc.",NASDAQ,common_stock,False,1980-03-17,Technology,Semiconductors,US,487087000.0,1.212,176447265750.0,2026-09-04,fmp:company-screener,2026-09-05T02:10:55.099962+00:00
WDC,Western Digital Corporation,NASDAQ,common_stock,False,1978-10-31,Technology,Computer Hardware,US,344682000.0,2.217,161125047720.0,2026-09-04,fmp:company-screener,2026-09-05T02:10:55.099962+00:00
IBKR,"Interactive Brokers Group, Inc.",NASDAQ,common_stock,False,2007-05-04,Financial Services,Investment - Banking & Investment Services,US,1728032435.9965448,1.343,160050364222.0,2026-09-04,fmp:company-screener,2026-09-05T02:10:55.099962+00:00
BKNG,Booking Holdings Inc.,NASDAQ,common_stock,False,1999-03-31,Consumer Cyclical,Travel Services,US,774878000.0,1.068,149776168620.0,2026-09-04,fmp:company-screener,2026-09-05T02:10:55.099962+00:00
VRTX,Vertex Pharmaceuticals Incorporated,NASDAQ,common_stock,False,1991-07-24,Healthcare,Biotechnology,US,253805000.0,0.305,138607986600.0,2026-09-04,fmp:company-screener,2026-09-05T02:10:55.099962+00:00
ISRG,"Intuitive Surgical, Inc.",NASDAQ,common_stock,False,2000-06-16,Healthcare,Medical - Instruments & Supplies,US,353278000.0,1.46,129547042600.0,2026-09-04,fmp:company-screener,2026-09-05T02:10:55.099962+00:00
SBUX,Starbucks Corporation,NASDAQ,common_stock,False,1992-06-26,Consumer Cyclical,Restaurants,US,1140000000.0,0.966,119095800000.0,2026-09-04,fmp:company-screener,2026-09-05T02:10:55.099962+00:00
PDD,PDD Holdings Inc.,NASDAQ,common_stock,True,2018-07-26,Consumer Cyclical,Specialty Retail,IE,1423396448.9964726,-0.008,117017422072.0,2026-09-04,fmp:company-screener,2026-09-05T02:10:55.099962+00:00
FTNT,"Fortinet, Inc.",NASDAQ,common_stock,False,2009-11-18,Technology,Software - Infrastructure,US,733713652.9976326,1.058,114672106827.0,2026-09-04,fmp:company-screener,2026-09-05T02:10:55.099962+00:00
ADP,"Automatic Data Processing, Inc.",NASDAQ,common_stock,False,1980-03-17,Technology,Software - Application,US,399734000.0,0.823,110974153080.0,2026-09-04,fmp:company-screener,2026-09-05T02:10:55.099962+00:00
HOOD,"Robinhood Markets, Inc.",NASDAQ,common_stock,False,2021-07-29,Financial Services,Financial - Capital Markets,US,899082315.0028663,2.321,109786941485.0,2026-09-04,fmp:company-screener,2026-09-05T02:10:55.099962+00:00
ABNB,"Airbnb, Inc.",NASDAQ,common_stock,False,2020-12-10,Consumer Cyclical,Travel Services,US,593513628.9985709,1.137,107983869660.0,2026-09-04,fmp:company-screener,2026-09-05T02:10:55.099962+00:00
APP,AppLovin Corporation,NASDAQ,common_stock,False,2021-04-15,Technology,Software - Application,US,335939508.9998752,2.529,107688769005.0,2026-09-04,fmp:company-screener,2026-09-05T02:10:55.099962+00:00
CEG,Constellation Energy Corporation,NASDAQ,common_stock,False,2022-01-19,Utilities,Independent Power Producers,US,359102019.99933106,1.118,107357139899.0,2026-09-04,fmp:company-screener,2026-09-05T02:10:55.099962+00:00
ADBE,Adobe Inc.,NASDAQ,common_stock,False,1986-08-13,Technology,Software - Application,US,397500000.0,1.397,105937725000.0,2026-09-04,fmp:company-screener,2026-09-05T02:10:55.099962+00:00
EQIX,"Equinix, Inc.",NASDAQ,common_stock,False,2000-08-11,Real Estate,REIT - Specialty,US,98671685.99972972,0.972,102221893262.0,2026-09-04,fmp:company-screener,2026-09-05T02:10:55.099962+00:00
CME,CME Group Inc.,NASDAQ,common_stock,False,2002-12-06,Financial Services,Financial - Data & Stock Exchanges,US,359579279.00031996,0.267,101146055390.0,2026-09-04,fmp:company-screener,2026-09-05T02:10:55.099962+00:00
MELI,"MercadoLibre, Inc.",NASDAQ,common_stock,True,2007-08-10,Consumer Cyclical,Specialty Retail,UY,50697182.00024263,1.312,100297276982.0,2026-09-04,fmp:company-screener,2026-09-05T02:10:55.099962+00:00
CMCSA,Comcast Corporation,NASDAQ,common_stock,False,1980-03-17,Communication Services,Telecommunications Services,US,3548636612.9860325,0.647,94003383878.0,2026-09-04,fmp:company-screener,2026-09-05T02:10:55.099962+00:00
DASH,"DoorDash, Inc.",NASDAQ,common_stock,False,2020-12-09,Communication Services,Internet Content & Information,US,435718712.00113356,1.77,92254722892.0,2026-09-04,fmp:company-screener,2026-09-05T02:10:55.099962+00:00
CSX,CSX Corporation,NASDAQ,common_stock,False,1980-11-03,Industrials,Railroads,US,1852480000.0000002,1.211,91531036800.0,2026-09-04,fmp:company-screener,2026-09-05T02:10:55.099962+00:00
INTU,Intuit Inc.,NASDAQ,common_stock,False,1993-03-12,Technology,Software - Application,US,273537000.0,0.959,91005759900.0,2026-09-04,fmp:company-screener,2026-09-05T02:10:55.099962+00:00
MAR,"Marriott International, Inc.",NASDAQ,common_stock,False,1998-03-23,Consumer Cyclical,Travel Lodging,US,260766288.0003566,1.12,87750463575.0,2026-09-04,fmp:company-screener,2026-09-05T02:10:55.099962+00:00
MNST,Monster Beverage Corporation,NASDAQ,common_stock,False,1985-12-09,Consumer Defensive,Beverages - Non-Alcoholic,US,1956016219.9908717,0.524,85712630760.0,2026-09-04,fmp:company-screener,2026-09-05T02:10:55.099962+00:00
REGN,"Regeneron Pharmaceuticals, Inc.",NASDAQ,common_stock,False,1991-04-02,Healthcare,Biotechnology,US,103022000.0,0.236,85273369840.0,2026-09-04,fmp:company-screener,2026-09-05T02:10:55.099962+00:00
CDNS,"Cadence Design Systems, Inc.",NASDAQ,common_stock,False,1987-06-10,Technology,Software - Application,US,275393000.0,1.142,80607531100.0,2026-09-04,fmp:company-screener,2026-09-05T02:10:55.099962+00:00
CTAS,Cintas Corporation,NASDAQ,common_stock,False,1983-08-19,Industrials,Specialty Business Services,US,400169561.00164616,0.918,80221991894.0,2026-09-04,fmp:company-screener,2026-09-05T02:10:55.099962+00:00
MDLZ,"Mondelez International, Inc.",NASDAQ,common_stock,False,2001-06-13,Consumer Defensive,Food Confectioners,US,1276310000.0,0.404,78212276800.0,2026-09-04,fmp:company-screener,2026-09-05T02:10:55.099962+00:00
DDOG,"Datadog, Inc.",NASDAQ,common_stock,False,2019-09-19,Technology,Software - Application,US,355960174.0008453,1.509,75794599850.0,2026-09-04,fmp:company-screener,2026-09-05T02:10:55.099962+00:00
SNPS,"Synopsys, Inc.",NASDAQ,common_stock,False,1992-02-26,Technology,Software - Infrastructure,US,191479325.0,1.213,75412217358.0,2026-09-04,fmp:company-screener,2026-09-05T02:10:55.099962+00:00
ROST,"Ross Stores, Inc.",NASDAQ,common_stock,False,1985-08-08,Consumer Cyclical,Apparel - Retail,US,320781075.9980927,0.877,74000986422.0,2026-09-04,fmp:company-screener,2026-09-05T02:10:55.099962+00:00
ORLY,"O'Reilly Automotive, Inc.",NASDAQ,common_stock,False,1993-04-23,Consumer Cyclical,Specialty Retail,US,828715000.0,0.519,72835761350.0,2026-09-04,fmp:company-screener,2026-09-05T02:10:55.099962+00:00
WBD,"Warner Bros. Discovery, Inc.",NASDAQ,common_stock,False,2005-07-08,Communication Services,Entertainment,US,2507136702.0176992,1.565,70826611832.0,2026-09-04,fmp:company-screener,2026-09-05T02:10:55.099962+00:00
LITE,Lumentum Holdings Inc.,NASDAQ,common_stock,False,2015-07-23,Technology,Communication Equipment,US,77800000.0,1.513,68561639000.0,2026-09-04,fmp:company-screener,2026-09-05T02:10:55.099962+00:00
AEP,"American Electric Power Company, Inc.",NASDAQ,common_stock,False,1962-01-02,Utilities,Regulated Electric,US,544397000.0,0.507,67777426500.0,2026-09-04,fmp:company-screener,2026-09-05T02:10:55.099962+00:00
HON,Honeywell International Inc.,NASDAQ,common_stock,False,2001-02-21,Industrials,Conglomerates,US,316940000.0,0.918,66433793400.0,2026-09-04,fmp:company-screener,2026-09-05T02:10:55.099962+00:00
PCAR,PACCAR Inc,NASDAQ,common_stock,False,1980-03-17,Industrials,Industrial - Machinery,US,526364952.9991981,0.985,65637709639.0,2026-09-04,fmp:company-screener,2026-09-05T02:10:55.099962+00:00
BKR,Baker Hughes Company,NASDAQ,common_stock,False,1987-04-06,Energy,Oil & Gas Equipment & Services,US,992674000.0,0.959,63034799000.0,2026-09-04,fmp:company-screener,2026-09-05T02:10:55.099962+00:00
MPWR,"Monolithic Power Systems, Inc.",NASDAQ,common_stock,False,2004-11-19,Technology,Semiconductors,US,49130000.00000001,1.686,60128241800.0,2026-09-04,fmp:company-screener,2026-09-05T02:10:55.099962+00:00
MRNA,"Moderna, Inc.",NASDAQ,common_stock,False,2018-12-07,Healthcare,Biotechnology,US,396785999.99999994,0.899,57752202300.0,2026-09-04,fmp:company-screener,2026-09-05T02:10:55.099962+00:00
NXPI,NXP Semiconductors N.V.,NASDAQ,common_stock,True,2010-08-06,Technology,Semiconductors,NL,252164173.99872714,1.825,57451824583.0,2026-09-04,fmp:company-screener,2026-09-05T02:10:55.099962+00:00
FAST,Fastenal Company,NASDAQ,common_stock,False,1987-08-20,Industrials,Industrial - Distribution,US,1147500000.0,0.712,56916000000.0,2026-09-04,fmp:company-screener,2026-09-05T02:10:55.099962+00:00
FANG,"Diamondback Energy, Inc.",NASDAQ,common_stock,False,2012-10-12,Energy,Oil & Gas Exploration & Production,US,281313000.0,0.419,56043175860.0,2026-09-04,fmp:company-screener,2026-09-05T02:10:55.099962+00:00
TER,"Teradyne, Inc.",NASDAQ,common_stock,False,1970-09-14,Technology,Semiconductors,US,156341000.0,1.793,55818427230.0,2026-09-04,fmp:company-screener,2026-09-05T02:10:55.099962+00:00
NBIS,Nebius Group N.V.,NASDAQ,common_stock,True,2011-05-24,Technology,Software - Infrastructure,NL,240000000.0,1.436,54333600000.0,2026-09-04,fmp:company-screener,2026-09-05T02:10:55.099962+00:00
NDAQ,"Nasdaq, Inc.",NASDAQ,common_stock,False,2002-07-01,Financial Services,Financial - Data & Stock Exchanges,US,558977371.9962841,0.971,54153727799.0,2026-09-04,fmp:company-screener,2026-09-05T02:10:55.099962+00:00
ALAB,"Astera Labs, Inc. Common Stock",NASDAQ,common_stock,False,2024-03-20,Technology,Semiconductors,US,171407939.00128868,3.843,53205024266.0,2026-09-04,fmp:company-screener,2026-09-05T02:10:55.099962+00:00
WDAY,"Workday, Inc.",NASDAQ,common_stock,False,2012-10-12,Technology,Software - Application,US,261942107.00240055,1.054,51285645130.0,2026-09-04,fmp:company-screener,2026-09-05T02:10:55.099962+00:00
HONA,Honeywell Aerospace Inc,NASDAQ,spac,False,2026-06-29,Industrials,Aerospace & Defense,US,316939750.0031054,0.08,51030469148.0,2026-09-04,fmp:company-screener,2026-09-05T02:10:55.099962+00:00
CRWV,"CoreWeave, Inc. Class A Common Stock",NASDAQ,common_stock,False,2025-03-28,Technology,Software - Infrastructure,US,545570388.003581,7.41,48752169872.0,2026-09-04,fmp:company-screener,2026-09-05T02:10:55.099962+00:00
COIN,"Coinbase Global, Inc.",NASDAQ,common_stock,False,2021-04-14,Financial Services,Financial - Data & Stock Exchanges,US,263834128.0004333,3.361,48714333394.0,2026-09-04,fmp:company-screener,2026-09-05T02:10:55.099962+00:00
XEL,Xcel Energy Inc.,NASDAQ,common_stock,False,2001-03-13,Utilities,Regulated Electric,US,624634000.0,0.405,47297286480.0,2026-09-04,fmp:company-screener,2026-09-05T02:10:55.099962+00:00
MSTR,Strategy Inc,NASDAQ,common_stock,False,1998-06-11,Technology,Software - Application,US,330808000.0,3.555,47239382400.0,2026-09-04,fmp:company-screener,2026-09-05T02:10:55.099962+00:00
PYPL,"PayPal Holdings, Inc.",NASDAQ,common_stock,False,2015-07-06,Financial Services,Financial - Credit Services,US,855461000.0,1.298,47016136560.0,2026-09-04,fmp:company-screener,2026-09-05T02:10:55.099962+00:00
CCEP,Coca-Cola Europacific Partners PLC,NASDAQ,common_stock,True,1986-11-24,Consumer Defensive,Beverages - Non-Alcoholic,GB,443218000.0,0.487,46874735680.0,2026-09-04,fmp:company-screener,2026-09-05T02:10:55.099962+00:00
TRI,Thomson Reuters Corporation,NASDAQ,common_stock,True,2002-06-12,Industrials,Specialty Business Services,CA,436538836.998486,0.171,46133424294.0,2026-09-04,fmp:company-screener,2026-09-05T02:10:55.099962+00:00
ADSK,"Autodesk, Inc.",NASDAQ,common_stock,False,1985-06-28,Technology,Software - Application,US,211145251.00045893,1.298,46008550193.0,2026-09-04,fmp:company-screener,2026-09-05T02:10:55.099962+00:00
EBAY,eBay Inc.,NASDAQ,common_stock,False,1998-09-24,Consumer Cyclical,Specialty Retail,US,444000000.0,1.355,45914040000.0,2026-09-04,fmp:company-screener,2026-09-05T02:10:55.099962+00:00
EXC,Exelon Corporation,NASDAQ,common_stock,False,1973-05-02,Utilities,Regulated Electric,US,1030253953.0018332,0.396,44960282509.0,2026-09-04,fmp:company-screener,2026-09-05T02:10:55.099962+00:00
KDP,Keurig Dr Pepper Inc.,NASDAQ,common_stock,False,2008-05-07,Consumer Defensive,Beverages - Non-Alcoholic,US,1360559471.003375,0.411,44340633160.0,2026-09-04,fmp:company-screener,2026-09-05T02:10:55.099962+00:00
PAYX,"Paychex, Inc.",NASDAQ,common_stock,False,1983-08-26,Industrials,Staffing & Employment Services,US,355682860.00328654,0.798,43290160891.0,2026-09-04,fmp:company-screener,2026-09-05T02:10:55.099962+00:00
IDXX,"IDEXX Laboratories, Inc.",NASDAQ,common_stock,False,1991-06-21,Healthcare,Medical - Diagnostics & Research,US,78883000.0,1.542,42232380540.0,2026-09-04,fmp:company-screener,2026-09-05T02:10:55.099962+00:00
FER,Ferrovial SE,NASDAQ,common_stock,True,2012-08-13,Industrials,Engineering & Construction,NL,725331782.997416,0.795,42105510003.0,2026-09-04,fmp:company-screener,2026-09-05T02:10:55.099962+00:00
AXON,"Axon Enterprise, Inc.",NASDAQ,common_stock,False,2001-06-07,Industrials,Aerospace & Defense,US,80602077.00079508,1.397,41564073047.0,2026-09-04,fmp:company-screener,2026-09-05T02:10:55.099962+00:00
ROP,"Roper Technologies, Inc.",NASDAQ,common_stock,False,1992-02-13,Technology,Software - Application,US,100917000.0,0.737,41101475760.0,2026-09-04,fmp:company-screener,2026-09-05T02:10:55.099962+00:00
FLEX,Flex Ltd.,NASDAQ,common_stock,False,1994-03-18,Technology,"Hardware, Equipment & Parts",US,369402978.0020089,1.668,40453320121.0,2026-09-04,fmp:company-screener,2026-09-05T02:10:55.099962+00:00
MCHP,Microchip Technology Incorporated,NASDAQ,common_stock,False,1993-03-19,Technology,Semiconductors,US,543008000.0,1.742,40274903360.0,2026-09-04,fmp:company-screener,2026-09-05T02:10:55.099962+00:00
TTWO,"Take-Two Interactive Software, Inc.",NASDAQ,common_stock,False,1997-04-15,Technology,Electronic Gaming & Multimedia,US,186980000.0,0.983,40142736200.0,2026-09-04,fmp:company-screener,2026-09-05T02:10:55.099962+00:00
ODFL,"Old Dominion Freight Line, Inc.",NASDAQ,common_stock,False,1991-10-24,Industrials,Trucking,US,207968282.99887016,1.177,38655064761.0,2026-09-04,fmp:company-screener,2026-09-05T02:10:55.099962+00:00
RKLB,"Rocket Lab USA, Inc.",NASDAQ,common_stock,False,2020-11-24,Industrials,Aerospace & Defense,US,578867475.0077808,2.629,37198023944.0,2026-09-04,fmp:company-screener,2026-09-05T02:10:55.099962+00:00
NTAP,"NetApp, Inc.",NASDAQ,common_stock,False,1995-11-21,Technology,Computer Hardware,US,196234000.0,1.433,36419068060.0,2026-09-04,fmp:company-screener,2026-09-05T02:10:55.099962+00:00
UAL,"United Airlines Holdings, Inc.",NASDAQ,common_stock,False,2006-02-06,Industrials,"Airlines, Airports & Air Services",US,324569728.0032322,1.292,36150576305.0,2026-09-04,fmp:company-screener,2026-09-05T02:10:55.099962+00:00
ALNY,"Alnylam Pharmaceuticals, Inc.",NASDAQ,common_stock,False,2004-06-01,Healthcare,Biotechnology,US,133809000.0,0.279,35607912990.0,2026-09-04,fmp:company-screener,2026-09-05T02:10:55.099962+00:00
KMB,Kimberly-Clark Corporation,NASDAQ,common_stock,False,1980-03-17,Consumer Defensive,Household & Personal Products,US,331940000.0,0.276,34840422400.0,2026-09-04,fmp:company-screener,2026-09-05T02:10:55.099962+00:00
STLD,"Steel Dynamics, Inc.",NASDAQ,common_stock,False,1996-11-22,Basic Materials,Steel,US,143328097.00074363,1.532,34693999160.0,2026-09-04,fmp:company-screener,2026-09-05T02:10:55.099962+00:00
HBAN,Huntington Bancshares Incorporated,NASDAQ,common_stock,False,1980-03-17,Financial Services,Banks - Regional,US,2020414977.980035,0.946,34407667075.0,2026-09-04,fmp:company-screener,2026-09-05T02:10:55.099962+00:00
ACGL,Arch Capital Group Ltd.,NASDAQ,common_stock,True,1995-09-14,Financial Services,Insurance - Diversified,BM,349390000.0,0.288,34275159000.0,2026-09-04,fmp:company-screener,2026-09-05T02:10:55.099962+00:00
NTRS,Northern Trust Corporation,NASDAQ,common_stock,False,1980-03-17,Financial Services,Asset Management,US,182956000.0,1.259,34145078280.0,2026-09-04,fmp:company-screener,2026-09-05T02:10:55.099962+00:00
EXPE,"Expedia Group, Inc.",NASDAQ,common_stock,False,2005-07-21,Consumer Cyclical,Travel Services,US,114498624.99999999,1.246,34125170195.0,2026-09-04,fmp:company-screener,2026-09-05T02:10:55.099962+00:00
DXCM,"DexCom, Inc.",NASDAQ,common_stock,False,2005-04-14,Healthcare,Medical - Devices,US,377361000.0,1.41,33170031900.0,2026-09-04,fmp:company-screener,2026-09-05T02:10:55.099962+00:00
BIIB,Biogen Inc.,NASDAQ,common_stock,False,1991-09-17,Healthcare,Drug Manufacturers - General,US,147753997.99846035,0.162,32628515378.0,2026-09-04,fmp:company-screener,2026-09-05T02:10:55.099962+00:00
CPRT,"Copart, Inc.",NASDAQ,common_stock,False,1994-03-17,Industrials,Specialty Business Services,US,925811481.9988137,1.014,31218363173.0,2026-09-04,fmp:company-screener,2026-09-05T02:10:55.099962+00:00
GEHC,GE HealthCare Technologies Inc.,NASDAQ,common_stock,False,2022-12-15,Healthcare,Medical - Devices,US,451686252.0040662,0.817,31103115313.0,2026-09-04,fmp:company-screener,2026-09-05T02:10:55.099962+00:00
WTW,Willis Towers Watson Public Limited Company,NASDAQ,common_stock,True,2001-06-12,Financial Services,Insurance - Brokers,GB,92871940.00119495,0.418,31087953196.0,2026-09-04,fmp:company-screener,2026-09-05T02:10:55.099962+00:00
KHC,The Kraft Heinz Company,NASDAQ,common_stock,False,2015-07-06,Consumer Defensive,Packaged Foods,US,1185777637.9879274,0.083,29466574304.0,2026-09-04,fmp:company-screener,2026-09-05T02:10:55.099962+00:00
ON,ON Semiconductor Corporation,NASDAQ,common_stock,False,2000-05-02,Technology,Semiconductors,US,389312000.0,2.016,28957026560.0,2026-09-04,fmp:company-screener,2026-09-05T02:10:55.099962+00:00
FOXA,Fox Corporation,NASDAQ,common_stock,False,2019-03-12,Communication Services,Entertainment,US,438504842.99908286,0.541,28686986829.0,2026-09-04,fmp:company-screener,2026-09-05T02:10:55.099962+00:00
FISV,"Fiserv, Inc.",NASDAQ,common_stock,False,1986-09-25,Technology,Information Technology Services,US,533254000.0,0.798,28262462000.0,2026-09-04,fmp:company-screener,2026-09-05T02:10:55.099962+00:00
CTSH,Cognizant Technology Solutions Corporation,NASDAQ,common_stock,False,1998-06-19,Technology,Information Technology Services,US,450444209.0033702,0.809,28067178663.0,2026-09-04,fmp:company-screener,2026-09-05T02:10:55.099962+00:00
CASY,"Casey's General Stores, Inc.",NASDAQ,common_stock,False,1983-10-20,Consumer Cyclical,Specialty Retail,US,37004900.0,0.615,27979034841.0,2026-09-04,fmp:company-screener,2026-09-05T02:10:55.099962+00:00
VRSN,"VeriSign, Inc.",NASDAQ,common_stock,False,1998-01-30,Technology,Software - Infrastructure,US,90400000.0,0.703,26404032000.0,2026-09-04,fmp:company-screener,2026-09-05T02:10:55.099962+00:00
CINF,Cincinnati Financial Corporation,NASDAQ,common_stock,False,1980-03-17,Financial Services,Insurance - Property & Casualty,US,153478045.00292227,0.554,26260093500.0,2026-09-04,fmp:company-screener,2026-09-05T02:10:55.099962+00:00
JBHT,"J.B. Hunt Transport Services, Inc.",NASDAQ,common_stock,False,1983-11-22,Industrials,Integrated Freight & Logistics,US,93914900.0,1.297,25711082173.0,2026-09-04,fmp:company-screener,2026-09-05T02:10:55.099962+00:00
INCY,Incyte Corporation,NASDAQ,common_stock,False,1993-11-04,Healthcare,Biotechnology,US,202697746.00394478,0.769,25691939306.0,2026-09-04,fmp:company-screener,2026-09-05T02:10:55.099962+00:00
FOX,Fox Corporation,NASDAQ,common_stock,False,2019-03-13,Communication Services,Entertainment,US,438504842.99897295,0.592,25617452928.0,2026-09-04,fmp:company-screener,2026-09-05T02:10:55.099962+00:00
SMCI,"Super Micro Computer, Inc.",NASDAQ,common_stock,False,2007-03-28,Technology,Computer Hardware,US,646873000.0,1.995,25609702070.0,2026-09-04,fmp:company-screener,2026-09-05T02:10:55.099962+00:00
DLTR,"Dollar Tree, Inc.",NASDAQ,common_stock,False,1995-03-07,Consumer Defensive,Discount Stores,US,192175000.00000003,0.665,25255638500.0,2026-09-04,fmp:company-screener,2026-09-05T02:10:55.099962+00:00
PFG,"Principal Financial Group, Inc.",NASDAQ,common_stock,False,2001-10-23,Financial Services,Asset Management,US,214105000.0,0.88,24981771400.0,2026-09-04,fmp:company-screener,2026-09-05T02:10:55.099962+00:00
ULTA,"Ulta Beauty, Inc.",NASDAQ,common_stock,False,2007-10-25,Consumer Cyclical,Specialty Retail,US,42989310.99943274,0.852,24251130121.0,2026-09-04,fmp:company-screener,2026-09-05T02:10:55.099962+00:00
VRSK,"Verisk Analytics, Inc.",NASDAQ,common_stock,False,2009-10-07,Technology,Software - Services,US,130156018.99994618,0.664,24181686770.0,2026-09-04,fmp:company-screener,2026-09-05T02:10:55.099962+00:00
TROW,"T. Rowe Price Group, Inc.",NASDAQ,common_stock,False,1986-04-02,Financial Services,Asset Management,US,214267000.0,1.483,23522231260.0,2026-09-04,fmp:company-screener,2026-09-05T02:10:55.099962+00:00
EXE,Expand Energy Corporation,NASDAQ,common_stock,False,2021-02-10,Energy,Oil & Gas Exploration & Production,US,231504000.0,0.319,22666556640.0,2026-09-04,fmp:company-screener,2026-09-05T02:10:55.099962+00:00
FFIV,"F5, Inc.",NASDAQ,common_stock,False,1999-06-04,Technology,Software - Infrastructure,US,56419199.99999999,1.033,22030005024.0,2026-09-04,fmp:company-screener,2026-09-05T02:10:55.099962+00:00
FSLR,"First Solar, Inc.",NASDAQ,common_stock,False,2006-11-17,Energy,Solar,US,107469786.99926633,1.746,21972197952.0,2026-09-04,fmp:company-screener,2026-09-05T02:10:55.099962+00:00
CHTR,"Charter Communications, Inc.",NASDAQ,common_stock,False,2010-01-05,Communication Services,Telecommunications Services,US,134777483.9989473,0.678,20484829793.0,2026-09-04,fmp:company-screener,2026-09-05T02:10:55.099962+00:00
SBAC,SBA Communications Corporation,NASDAQ,common_stock,False,1999-06-16,Real Estate,REIT - Specialty,US,106063000.0,0.979,20092574720.0,2026-09-04,fmp:company-screener,2026-09-05T02:10:55.099962+00:00
VTRS,Viatris Inc.,NASDAQ,common_stock,False,1980-03-17,Healthcare,Drug Manufacturers - Specialty & Generic,US,1164552654.0284362,0.893,19657648800.0,2026-09-04,fmp:company-screener,2026-09-05T02:10:55.099962+00:00
CDW,CDW Corporation,NASDAQ,common_stock,False,2013-06-27,Technology,Information Technology Services,US,127753000.0,0.94,19467002140.0,2026-09-04,fmp:company-screener,2026-09-05T02:10:55.099962+00:00
EVRG,"Evergy, Inc.",NASDAQ,common_stock,False,2018-06-04,Utilities,Regulated Electric,US,230512999.99999997,0.515,18796030020.0,2026-09-04,fmp:company-screener,2026-09-05T02:10:55.099962+00:00
NWS,News Corporation,NASDAQ,common_stock,False,2013-06-19,Communication Services,Publishing,US,547397518.9970502,0.909,18556775894.0,2026-09-04,fmp:company-screener,2026-09-05T02:10:55.099962+00:00
TSCO,Tractor Supply Company,NASDAQ,common_stock,False,1994-02-17,Consumer Cyclical,Specialty Retail,US,524449999.99999994,0.452,18350505500.0,2026-09-04,fmp:company-screener,2026-09-05T02:10:55.099962+00:00
GEN,Gen Digital Inc.,NASDAQ,common_stock,False,1989-06-23,Technology,Software - Infrastructure,US,598577064.9918435,1.201,18346387042.0,2026-09-04,fmp:company-screener,2026-09-05T02:10:55.099962+00:00
NDSN,Nordson Corporation,NASDAQ,common_stock,False,1980-03-18,Industrials,Industrial - Machinery,US,55718000.0,0.964,17738382480.0,2026-09-04,fmp:company-screener,2026-09-05T02:10:55.099962+00:00
LNT,Alliant Energy Corporation,NASDAQ,common_stock,False,1988-01-05,Utilities,Regulated Electric,US,258277000.0,0.539,17555087690.0,2026-09-04,fmp:company-screener,2026-09-05T02:10:55.099962+00:00
CHRW,"C.H. Robinson Worldwide, Inc.",NASDAQ,common_stock,False,1997-10-16,Industrials,Integrated Freight & Logistics,US,117873042.0008128,0.946,17402775921.0,2026-09-04,fmp:company-screener,2026-09-05T02:10:55.099962+00:00
ZBRA,Zebra Technologies Corporation,NASDAQ,common_stock,False,1991-08-15,Technology,Communication Equipment,US,47633400.0,1.583,17278539516.0,2026-09-04,fmp:company-screener,2026-09-05T02:10:55.099962+00:00
NWSA,News Corporation,NASDAQ,common_stock,False,2013-06-19,Communication Services,Publishing,US,561331887.0023034,0.911,17058876046.0,2026-09-04,fmp:company-screener,2026-09-05T02:10:55.099962+00:00
PTC,PTC Inc.,NASDAQ,common_stock,False,1989-12-08,Technology,Software - Application,US,115505999.99999999,0.988,16288656120.0,2026-09-04,fmp:company-screener,2026-09-05T02:10:55.099962+00:00
AKAM,"Akamai Technologies, Inc.",NASDAQ,common_stock,False,1999-10-29,Technology,Software - Infrastructure,US,145385450.99790916,0.645,15297457154.0,2026-09-04,fmp:company-screener,2026-09-05T02:10:55.099962+00:00
APA,APA Corporation,NASDAQ,common_stock,False,1979-05-15,Energy,Oil & Gas Exploration & Production,US,353470000.0,0.348,15117911900.0,2026-09-04,fmp:company-screener,2026-09-05T02:10:55.099962+00:00
HST,"Host Hotels & Resorts, Inc.",NASDAQ,common_stock,False,1980-03-17,Real Estate,REIT - Hotel & Motel,US,684879000.0,1.122,15101581950.0,2026-09-04,fmp:company-screener,2026-09-05T02:10:55.099962+00:00
ECHO,EchoStar Corporation,NASDAQ,common_stock,False,2008-01-01,Communication Services,Telecommunications Services,US,158465000.0,0.95,14230157000.0,2026-09-04,fmp:company-screener,2026-09-05T02:10:55.099962+00:00
TRMB,Trimble Inc.,NASDAQ,common_stock,False,1990-07-20,Technology,"Hardware, Equipment & Parts",US,233111519.00117707,1.356,13863142035.0,2026-09-04,fmp:company-screener,2026-09-05T02:10:55.099962+00:00
REG,Regency Centers Corporation,NASDAQ,common_stock,False,1993-10-29,Real Estate,REIT - Retail,US,182614520.99388784,0.819,13743568850.0,2026-09-04,fmp:company-screener,2026-09-05T02:10:55.099962+00:00
COO,"The Cooper Companies, Inc.",NASDAQ,common_stock,False,1983-01-21,Healthcare,Medical - Instruments & Supplies,US,195031000.0,0.823,13572207290.0,2026-09-04,fmp:company-screener,2026-09-05T02:10:55.099962+00:00
HAS,"Hasbro, Inc.",NASDAQ,common_stock,False,1980-03-17,Consumer Cyclical,Leisure,US,141044467.00529557,0.468,13050844532.0,2026-09-04,fmp:company-screener,2026-09-05T02:10:55.099962+00:00
CSGP,"CoStar Group, Inc.",NASDAQ,common_stock,False,1998-07-01,Real Estate,Real Estate - Services,US,405198000.0,0.731,12524670180.0,2026-09-04,fmp:company-screener,2026-09-05T02:10:55.099962+00:00
PSKY,Paramount Skydance Corporation Class B Common Stock,NASDAQ,common_stock,False,2005-12-05,Communication Services,Entertainment,US,1087670000.0,1.471,11812096200.0,2026-09-04,fmp:company-screener,2026-09-05T02:10:55.099962+00:00
JKHY,"Jack Henry & Associates, Inc.",NASDAQ,common_stock,False,1985-11-20,Technology,Information Technology Services,US,71050800.0,0.553,11768854512.0,2026-09-04,fmp:company-screener,2026-09-05T02:10:55.099962+00:00
ERIE,Erie Indemnity Company,NASDAQ,common_stock,False,1995-10-02,Financial Services,Insurance - Property & Casualty,US,46189100.0,0.3,11676604480.0,2026-09-04,fmp:company-screener,2026-09-05T02:10:55.099962+00:00
LULU,Lululemon Athletica Inc.,NASDAQ,common_stock,True,2007-07-27,Consumer Cyclical,Apparel - Retail,CA,113553916.00238545,0.863,11424659489.0,2026-09-04,fmp:company-screener,2026-09-05T02:10:55.099962+00:00
ALGN,"Align Technology, Inc.",NASDAQ,common_stock,False,2001-01-30,Healthcare,Medical - Devices,US,71618127.00223784,1.653,11361141577.0,2026-09-04,fmp:company-screener,2026-09-05T02:10:55.099962+00:00
TECH,Bio-Techne Corporation,NASDAQ,common_stock,False,1989-02-09,Healthcare,Biotechnology,US,156569000.0,1.277,11340292670.0,2026-09-04,fmp:company-screener,2026-09-05T02:10:55.099962+00:00
DPZ,"Domino's Pizza, Inc.",NASDAQ,common_stock,False,2004-07-13,Consumer Cyclical,Restaurants,US,33081735.000586376,0.951,11283518174.0,2026-09-04,fmp:company-screener,2026-09-05T02:10:55.099962+00:00
SWKS,"Skyworks Solutions, Inc.",NASDAQ,common_stock,False,1984-09-07,Technology,Semiconductors,US,150472782.00486356,1.518,11137995324.0,2026-09-04,fmp:company-screener,2026-09-05T02:10:55.099962+00:00
HSIC,"Henry Schein, Inc.",NASDAQ,common_stock,False,1995-11-03,Healthcare,Medical - Distribution,US,113917000.0,0.808,10230885770.0,2026-09-04,fmp:company-screener,2026-09-05T02:10:55.099962+00:00
PODD,Insulet Corp.,NASDAQ,common_stock,False,2007-05-15,Healthcare,Medical - Devices,US,69264674.00325468,1.095,10215154122.0,2026-09-04,fmp:company-screener,2026-09-05T02:10:55.099962+00:00
WYNN,"Wynn Resorts, Limited",NASDAQ,common_stock,False,2002-10-25,Consumer Cyclical,"Gambling, Resorts & Casinos",US,103787000.0,1.005,9500661980.0,2026-09-04,fmp:company-screener,2026-09-05T02:10:55.099962+00:00
TTD,"The Trade Desk, Inc.",NASDAQ,common_stock,False,2016-09-21,Communication Services,Advertising Agencies,US,470108335.96673596,1.037,6783663288.0,2026-09-04,fmp:company-screener,2026-09-05T02:10:55.099962+00:00
