rank,ticker,price,expected_irr,median_irr,p10_irr,p90_irr,above_hurdle_weight,hurdle_rate,permanent_loss_weight,worst_case_shortfall,worst_case_hurdle_gap,expected_shortfall,hurdle_cvar,intrinsic_value_low,intrinsic_value_base,intrinsic_value_high,intrinsic_value_bear,intrinsic_value_bull,scenario_order_inversion,scenario_order_note,upside_to_base,model_confidence,data_confidence,model_uncertainty,business_quality,valuation_excess,evidence_confidence,valuation_status,invalid_reason,invalid_fields,assumption_flags,valuation_alerts,requires_manual_review,roic_status,catastrophic_tail_floor_applied,catastrophic_tail_scenarios,name,sector,industry,model_family,market_cap,financial_persistence_score,roic,incremental_roic,wacc,roic_minus_wacc,normalized_operating_margin,current_operating_margin,revenue_cagr,net_debt_to_ebitda,sbc_intensity,net_share_change_cagr,risk_flags,years_of_data,latest_fiscal_year,anchor_source,latest_filing_date,price_as_of,is_price_fresh,shares_outstanding,beta,specialist_model_note,downside_penalty,ambiguity_penalty,permanent_loss_penalty,hurdle_penalty,robust_return,ineligible_reasons,eligible
38,CI,289.57,0.3084329131874255,0.34374932208447706,-0.09674320727353915,0.642976215854287,0.75,0.12,0.25,0.09674320727353915,0.21674320727353913,0.09674320727353915,0.21674320727353913,137.35281514938532,880.3576075311701,2590.9175445797337,137.35281514938532,2590.9175445797337,False,,2.040223806095832,0.36441900000000005,1.0,0.38892714156391306,0.7369,0.22374932208447706,0.36441900000000005,valid,,,share_change_floor_hit;reinvestment_cap_hit,intrinsic_3x_price;bull_return_extreme,True,ok,False,,Cigna Corporation,Healthcare,Medical - Healthcare Plans,general_dcf,76600530950.0,0.7369,0.11515013086565208,,0.06528322502719375,0.049866905838458334,0.046214788416645225,0.0342371125118729,0.28071776602947707,1.8788619874459933,0.0,-0.054977349109980755,cyclical_revenue,8.0,2025.0,ttm,2026-04-30,2026-07-24,True,,,,0.09674320727353915,0.19446357078195653,0.125,0.21674320727353913,-0.13520470306883609,robust_return<=0,False
291,CHTR,123.31,0.22786629587062637,0.5483826067880728,-0.95,0.7646999699063598,0.75,0.12,0.25,0.95,1.0699999999999998,0.95,1.0699999999999998,-16.69969861988607,633.0894165469728,1254.9668841437315,-16.69969861988607,1254.9668841437315,False,,4.1341287531179365,0.7145100000000001,1.0,0.8659146849531798,0.5572,0.42838260678807283,0.7145100000000001,valid,,,share_change_floor_hit,intrinsic_3x_price;bull_return_extreme,True,ok,True,bear,"Charter Communications, Inc.",Communication Services,Telecommunications Services,general_dcf,17408704681.0,0.5572,0.09215296317156264,0.26677679637638607,0.071578286221305,0.02057467695025765,0.21833216645863085,0.2366901978086624,0.033016031528634304,4.39275315431899,0.012286851425858985,-0.09655052047411605,elevated_leverage;thin_interest_coverage,8.0,2025.0,ttm,2026-07-24,2026-07-24,True,,,,0.95,0.4329573424765899,0.125,1.0699999999999998,-0.7639163436238539,robust_return<=0,False
36,EOG,146.39,0.1967298521019985,0.21435360567993494,-0.04963129702955481,0.4078434940776789,0.75,0.12,0.0,0.04963129702955481,0.16963129702955482,0.04963129702955481,0.16963129702955482,87.29803346335655,264.14208765961513,574.847594721821,87.29803346335655,574.847594721821,False,,0.8043724821341292,0.39942,1.0,0.24675479555361685,0.8284,0.09435360567993495,0.39942,valid,,,reinvestment_cap_hit,,False,ok,False,,"EOG Resources, Inc.",Energy,Oil & Gas Exploration & Production,general_dcf,77971559310.0,0.8284,0.1921508373909426,0.11979666979573474,0.06964877717700924,0.12250206021393337,0.3240782636756039,0.3692076821530469,0.03975957813758413,0.36241358830596976,0.00851227649927282,-0.03044624297727938,cyclical_revenue,8.0,2025.0,ttm,2026-05-05,2026-07-24,True,,,,0.04963129702955481,0.12337739777680842,0.0,0.16963129702955482,-0.1319445798488752,robust_return<=0,False
212,FISV,51.02,0.19500755772751285,0.2895667887292802,-0.3270469167386182,0.5279435701901092,0.75,0.12,0.25,0.3270469167386182,0.4470469167386182,0.3270469167386182,0.4470469167386182,6.892247735282462,113.96714871700243,260.15805830748235,6.892247735282462,260.15805830748235,False,,1.233773985045128,0.363204,1.0,0.4465991234643637,0.6104,0.16956678872928022,0.363204,valid,,,forward_roic_cap_hit;share_change_floor_hit;intrinsic_2x_price,,False,ok,False,,"Fiserv, Inc.",Technology,Information Technology Services,general_dcf,27206619080.0,0.6104,0.0767878766895658,1.0079318519076124,0.07910047410108281,-0.0023125974115170145,0.2367339951540479,0.24376481744902798,0.20267803207389457,3.4091943014485815,0.01791232388833604,-0.06159539790027424,elevated_leverage;thin_interest_coverage;cyclical_revenue,8.0,2025.0,ttm,2026-05-06,2026-07-24,True,,,,0.3270469167386182,0.22329956173218185,0.125,0.4470469167386182,-0.3854595808049887,robust_return<=0,False
13,AVB,189.61,0.16691382126227117,0.20038342462924308,0.06650501116135543,0.20038342462924308,0.75,0.12,0.0,0.0,0.053494988838644564,0.0,0.053494988838644564,261.6228908821476,472.5646025014854,472.5646025014854,261.6228908821476,472.5646025014854,False,,1.4922978877774664,0.6,0.8,0.08493920673394381,0.5536235458544004,0.08038342462924308,0.48,valid,,,specialist_model_v1,,False,specialist,False,,"AvalonBay Communities, Inc.",Real Estate,REIT - Residential,reit,26936755040.000004,,,,,,,,,,,,,,,,,2026-07-24,True,142064000.0,0.78,P/AFFO Gordon proxy; no property-level NOI or maintenance-capex detail,0.0,0.042469603366971906,0.0,0.053494988838644564,-0.014910945016607884,robust_return<=0,False
21,GIS,36.03,0.16572439997689803,0.18691272442229095,0.00978267875034365,0.27928947231266654,0.75,0.12,0.0,0.0,0.11021732124965634,0.0,0.11021732124965634,27.149570686612467,57.05079270361752,82.86615137904359,27.149570686612467,82.86615137904359,False,,0.5834247211661814,0.7850699999999999,0.85,0.14570129678116145,0.8056,0.06691272442229096,0.6673094999999999,valid,,,wacc_floor_hit,,False,ok,False,,"General Mills, Inc.",Consumer Defensive,Packaged Foods,general_dcf,19229499204.0,0.8056,0.1098375745945436,,0.065,0.0448375745945436,0.17023929762976736,0.1506192807442224,0.01271362544800514,3.9288352400684623,0.004705797830303901,-0.03070705768587223,elevated_leverage;thin_interest_coverage,8.0,2026.0,annual,2026-07-01,2026-07-24,True,,,,0.0,0.07285064839058072,0.0,0.11021732124965634,-0.06556582457177959,robust_return<=0,False
15,UDR,39.59,0.16261880104206566,0.2004307753181256,0.049182878213885894,0.2004307753181256,0.75,0.12,0.0,0.0,0.0708171217861141,0.0,0.0708171217861141,50.33168559174536,98.68953576079082,98.68953576079082,50.33168559174536,98.68953576079082,False,,1.4927894862538724,0.6,0.8,0.09362394855211983,0.5100002265056967,0.08043077531812559,0.48,valid,,,specialist_model_v1,,False,specialist,False,,"UDR, Inc.",Real Estate,REIT - Residential,reit,12863424440.000002,,,,,,,,,,,,,,,,,2026-07-24,True,324916000.0,0.695,P/AFFO Gordon proxy; no property-level NOI or maintenance-capex detail,0.0,0.04681197427605992,0.0,0.0708171217861141,-0.03221034963341382,robust_return<=0,False
35,LDOS,112.14,0.15892288991744868,0.1898701841011644,-0.06111966120079158,0.3170708526682575,0.75,0.12,0.0,0.06111966120079158,0.18111966120079157,0.06111966120079158,0.18111966120079157,61.63649361650446,181.72138718052372,295.4272029412773,61.63649361650446,295.4272029412773,False,,0.6204867770690541,0.7047,1.0,0.19795425693452456,0.7909,0.06987018410116441,0.7047,valid,,,forward_roic_cap_hit,,False,ok,False,,"Leidos Holdings, Inc.",Technology,Information Technology Services,general_dcf,14105582157.0,0.7909,0.14105264323409952,1.803534724862237,0.06564099112166277,0.07541165211243675,0.08168230208944804,0.12032915921288015,0.07736031877777316,2.727711564790613,0.005101428399951986,-0.024762720249560388,,8.0,2025.0,ttm,2026-05-05,2026-07-24,True,,,,0.06111966120079158,0.09897712846726228,0.0,0.18111966120079157,-0.131882142464701,robust_return<=0,False
14,ZTS,75.35,0.1589169544138713,0.17377024041488767,0.04289076848654079,0.24523656833916907,0.75,0.12,0.0,0.0,0.0771092315134592,0.0,0.0771092315134592,63.74329901321415,107.06323264661117,140.16637807535042,63.74329901321415,140.16637807535042,False,,0.42087899995502553,0.9034,1.0,0.10407089992631414,0.9836,0.05377024041488768,0.9034,valid,,,,,False,ok,False,,Zoetis Inc.,Healthcare,Drug Manufacturers - General,general_dcf,31588829800.000004,0.9836,0.2738915773093571,0.23669392751065474,0.07657065284127793,0.19732092446807917,0.359833772599066,0.3757492901461773,0.0718423707978999,1.7975369458128079,0.007994814174589455,-0.03523068558743281,,8.0,2025.0,ttm,2026-05-07,2026-07-24,True,,,,0.0,0.05203544996315707,0.0,0.0771092315134592,-0.02853319632264968,robust_return<=0,False
25,IT,140.5,0.15507171539575215,0.17252666102140213,-0.011655586949200339,0.2868891264894046,0.75,0.12,0.0,0.011655586949200339,0.13165558694920032,0.011655586949200339,0.13165558694920032,91.87106730994151,190.7785670389672,286.6983819069921,91.87106730994151,286.6983819069921,False,,0.3578545696723643,0.741,1.0,0.15704235671930247,0.9097,0.05252666102140213,0.741,valid,,,,,False,ok,False,,"Gartner, Inc.",Technology,Consulting Services,general_dcf,9406741810.0,0.9097,0.4871764983225668,,0.08311601495448093,0.40406048336808587,0.17117715207499506,0.1643040718597466,0.07269833519446389,1.3412353262700285,0.02399120490250038,-0.04790800813604068,,8.0,2025.0,ttm,2026-05-05,2026-07-24,True,,,,0.011655586949200339,0.07852117835965124,0.0,0.13165558694920032,-0.09273333113234133,robust_return<=0,False
16,HUM,389.32,0.15062569419351352,0.1573311538697454,0.04598279203200947,0.24185767700255384,0.75,0.12,0.0,0.0,0.07401720796799052,0.0,0.07401720796799052,335.7825968304259,556.1201264322899,794.3655704269984,335.7825968304259,794.3655704269984,False,,0.4284396548656373,0.60102,1.0,0.10990684248527219,0.6591,0.03733115386974539,0.60102,valid,,,forward_roic_floor_hit;reinvestment_cap_hit,,False,ok,False,,Humana Inc.,Healthcare,Medical - Healthcare Plans,general_dcf,46742320599.0,0.6591,0.1021763675998857,-3.1877500630455566,0.07936464815367841,0.022811719446207288,0.03738824841318843,0.010087463556851311,0.12474239016717803,-3.6451760402377684,0.0017570515486669326,-0.017189413989020408,thin_interest_coverage;incremental_roic_below_wacc,8.0,2025.0,ttm,2026-04-29,2026-07-24,True,,,,0.0,0.054953421242636094,0.0,0.07401720796799052,-0.051580437869196145,robust_return<=0,False
49,KDP,29.68,0.14992176601081159,0.17515219028573484,-0.07161507871933279,0.3209977621911094,0.75,0.12,0.25,0.07161507871933279,0.19161507871933278,0.07161507871933279,0.19161507871933278,13.503917974113632,48.00794542948736,88.9384946708594,13.503917974113632,88.9384946708594,False,,0.6175183770042911,0.4823064,1.0,0.21183722845522113,0.5562,0.05515219028573484,0.4823064,valid,,,base_growth_cap_hit;wacc_floor_hit;reinvestment_cap_hit,,False,ok,False,,Keurig Dr Pepper Inc.,Consumer Defensive,Beverages - Non-Alcoholic,general_dcf,40381405099.0,0.5562,0.0548537827757298,0.19519455993230328,0.065,-0.010146217224270206,0.2147024553505525,0.2129367327667611,0.12146383175230757,5.922415851038434,0.006383948928408573,-0.01535533550693835,elevated_leverage;thin_interest_coverage;cyclical_revenue,8.0,2025.0,ttm,2026-04-23,2026-07-24,True,,,,0.07161507871933279,0.10591861422761056,0.125,0.19161507871933278,-0.16501482437050505,robust_return<=0,False
17,CPAY,370.58,0.1459923407695897,0.15990845507476487,0.032598093150591034,0.23155435977823802,0.75,0.12,0.0,0.0,0.08740190684940896,0.0,0.08740190684940896,302.68519912265316,505.58213370308073,664.2998724175527,302.68519912265316,664.2998724175527,False,,0.3642995674431453,0.8363,1.0,0.10438913331382349,0.9886,0.03990845507476487,0.8363,valid,,,,,False,ok,False,,"Corpay, Inc.",Technology,Software - Infrastructure,general_dcf,24221819943.0,0.9886,0.3029615309342451,,0.0775100529802146,0.2254514779540305,0.43970602965951056,0.4299182874928168,0.09277496065239532,0.6245828700803341,0.029367564797265832,-0.037931964668205365,thin_interest_coverage,8.0,2025.0,ttm,2026-05-08,2026-07-24,True,,,,0.0,0.052194566656911745,0.0,0.08740190684940896,-0.0540264658703831,robust_return<=0,False
18,EQR,67.86,0.14591330644957018,0.1550560507379275,0.046613136674602096,0.22692798764782363,0.75,0.12,0.0,0.0,0.0733868633253979,0.0,0.0733868633253979,85.22063442117388,139.5176500933473,188.67276843125575,85.22063442117388,188.67276843125575,False,,1.0559630134592881,0.6,0.8,0.10815742548661075,0.6108233213801636,0.0350560507379275,0.48,valid,,,specialist_model_v1,,False,specialist,False,,Equity Residential,Real Estate,REIT - Residential,reit,25442139060.0,,,,,,,,,,,,,,,,,2026-07-24,True,374921000.0,0.754,P/AFFO Gordon proxy; no property-level NOI or maintenance-capex detail,0.0,0.05407871274330538,0.0,0.0733868633253979,-0.0565599589711927,robust_return<=0,False
24,MO,72.99,0.1407369445660152,0.1593467934639194,-0.0026915520196780286,0.24694574335590008,0.75,0.12,0.0,0.0026915520196780286,0.12269155201967802,0.0026915520196780286,0.12269155201967802,52.92463225526571,103.91474957970445,145.14950026639457,52.92463225526571,145.14950026639457,False,,0.42368474557753744,0.8869,1.0,0.12821164768778906,0.9577,0.039346793463919394,0.8869,valid,,,,,False,ok,False,,"Altria Group, Inc.",Consumer Defensive,Tobacco,general_dcf,121885352849.0,0.9577,0.4597417918845177,,0.06753772098385757,0.3922040709006601,0.5487126521180992,0.5073114829245932,0.003685641666252071,1.8617246863403427,0.0,-0.024816219778510784,,8.0,2025.0,ttm,2026-04-30,2026-07-24,True,,,,0.0026915520196780286,0.06410582384389453,0.0,0.12269155201967802,-0.0877948808965279,robust_return<=0,False
19,ADBE,225.11,0.13542556387328664,0.14556295808870354,0.042686187519575494,0.20789015179616396,0.75,0.12,0.0,0.0,0.0773138124804245,0.0,0.0773138124804245,169.10754603998362,248.15522930480654,309.62394326311966,169.10754603998362,309.62394326311966,False,,0.10237319223849028,0.78426,1.0,0.08907418213829423,0.9778,0.02556295808870354,0.78426,valid,,,share_change_floor_hit,,False,ok,False,,Adobe Inc.,Technology,Software - Application,general_dcf,89481225000.0,0.9778,0.5828394717436669,,0.11363801917573012,0.46920145256793677,0.33594547644152983,0.36074291610445275,0.14827553206887933,0.14610620367550006,0.08746803069053709,-0.05143219139045718,heavy_sbc,8.0,2025.0,ttm,2026-06-15,2026-07-24,True,,,,0.0,0.04453709106914711,0.0,0.0773138124804245,-0.057265806969777865,robust_return<=0,False
37,MKC,49.96,0.12200359773414678,0.14191199517808856,-0.03296417838428166,0.23715457896469166,0.75,0.12,0.0,0.03296417838428166,0.15296417838428167,0.03296417838428166,0.15296417838428167,30.100380993708146,66.19135889748033,98.06832416063553,30.100380993708146,98.06832416063553,False,,0.3248870876197023,0.85,1.0,0.13955937867448667,0.7372,0.02191199517808856,0.85,valid,,,,,False,ok,False,,"McCormick & Company, Incorporated",Consumer Defensive,Packaged Foods,general_dcf,13431823038.0,0.7372,0.07875956249661487,0.32789539622469666,0.07059669169139798,0.008162870805216882,0.1601489888335239,0.15342955400904437,0.03704045899573383,3.3107690094237823,0.007049689902880854,-0.0012351791227026565,elevated_leverage,8.0,2025.0,ttm,2026-06-25,2026-07-24,True,,,,0.03296417838428166,0.06977968933724334,0.0,0.15296417838428167,-0.13433898248290638,robust_return<=0,False
27,TSN,57.45,0.1186502211727202,0.11883374759927393,-0.004521688260138007,0.241455077752471,0.25,0.12,0.0,0.004521688260138007,0.124521688260138,0.004521688260138007,0.124521688260138,41.01650368657777,72.45771609853675,125.47983916996718,41.01650368657777,125.47983916996718,False,,0.26123091555329414,0.5819850000000001,1.0,0.1355288330063045,0.6055,-0.00116625240072607,0.5819850000000001,valid,,,forward_roic_floor_hit;reinvestment_cap_hit,,False,ok,False,,"Tyson Foods, Inc.",Consumer Defensive,Agricultural Farm Products,general_dcf,20452168805.0,0.6055,0.0388686065450989,-2.0474368084662204,0.07066957519396593,-0.03180096864886703,0.06748815026900128,0.0230479267635972,0.04482396796231858,2.8701741105223317,0.0018368509028122188,-0.00833372078387895,thin_interest_coverage;incremental_roic_below_wacc,8.0,2025.0,ttm,2026-05-04,2026-07-24,True,,,,0.004521688260138007,0.06776441650315225,0.0,0.124521688260138,-0.124521688260138,robust_return<=0; median_irr<=hurdle,False
22,INVH,29.78,0.11738567304092568,0.14688571710151876,0.028885540859146408,0.14688571710151876,0.75,0.12,0.0,0.0,0.09111445914085359,0.0,0.09111445914085359,34.33681539585882,59.09155444448854,59.09155444448854,34.33681539585882,59.09155444448854,False,,0.984269793300488,0.6,0.8,0.07700008812118617,0.5810782220683554,0.02688571710151877,0.48,valid,,,specialist_model_v1,,False,specialist,False,,Invitation Homes Inc.,Real Estate,REIT - Residential,reit,17690570760.0,,,,,,,,,,,,,,,,,2026-07-24,True,594042000.0,0.843,P/AFFO Gordon proxy; no property-level NOI or maintenance-capex detail,0.0,0.03850004406059308,0.0,0.09111445914085359,-0.07820931493212457,robust_return<=0,False
34,AZO,2957.41,0.11079946879599448,0.12743559392874884,-0.016918632348097134,0.20524531967457738,0.75,0.12,0.0,0.016918632348097134,0.13691863234809712,0.016918632348097134,0.13691863234809712,1974.366680881852,3698.9187192444865,5034.189920247131,1974.366680881852,5034.189920247131,False,,0.2507290904015631,0.81,1.0,0.11678197601133725,0.98,0.007435593928748846,0.81,valid,,,share_change_floor_hit,,False,ok,False,,"AutoZone, Inc.",Consumer Cyclical,Specialty Retail,general_dcf,48280898257.0,0.98,0.2991518828607477,0.1586407035521743,0.06721545585300749,0.2319364270077402,0.19519689421872288,0.1802466316602026,0.07764003168086742,2.902763589288981,0.0057460497597979655,-0.06675336159101442,,8.0,2025.0,ttm,2026-06-12,2026-07-24,True,,,,0.016918632348097134,0.05839098800566862,0.0,0.13691863234809712,-0.13089580126581055,robust_return<=0,False
43,STZ,130.16,0.10814497070387011,0.12664306801161734,-0.03806988666183312,0.21736363345407886,0.75,0.12,0.0,0.03806988666183312,0.1580698866618331,0.03806988666183312,0.1580698866618331,79.51833817315519,162.9916635291688,235.41717050868323,79.51833817315519,235.41717050868323,False,,0.25224080769183144,0.78615,1.0,0.13413226005795598,0.8291,0.006643068011617348,0.78615,valid,,,wacc_floor_hit,,False,ok,False,,"Constellation Brands, Inc.",Consumer Defensive,Beverages - Alcoholic,general_dcf,22231895628.0,0.8291,0.1193747389147867,,0.065,0.0543747389147867,0.32804807294105043,0.32137533538706153,0.017110861284923784,3.1415585588297263,0.006384324275489616,-0.036150883637098064,elevated_leverage,8.0,2026.0,ttm,2026-07-01,2026-07-24,True,,,,0.03806988666183312,0.06706613002897799,0.0,0.1580698866618331,-0.15284743874450013,robust_return<=0,False
23,HST,24.5,0.1002261652273232,0.12189846083132583,0.03520927841531529,0.12189846083132583,0.75,0.12,0.0,0.0,0.0847907215846847,0.0,0.0847907215846847,29.127744982615294,43.544553866053626,43.544553866053626,29.127744982615294,43.544553866053626,False,,0.7773287292266786,0.6,0.8,0.06134459120800526,0.6689182089731465,0.0018984608313258322,0.48,valid,,,specialist_model_v1,,False,specialist,False,,"Host Hotels & Resorts, Inc.",Real Estate,REIT - Hotel & Motel,reit,16779535500.0,,,,,,,,,,,,,,,,,2026-07-24,True,684879000.0,1.119,P/AFFO Gordon proxy; no property-level NOI or maintenance-capex detail,0.0,0.03067229560400263,0.0,0.0847907215846847,-0.08387946038564831,robust_return<=0,False
66,CLX,95.55,0.09883964539185403,0.1202695911866613,-0.06946377226267939,0.22428317145677285,0.75,0.12,0.0,0.06946377226267939,0.18946377226267938,0.06946377226267939,0.18946377226267938,50.50301350899812,117.21142153958613,177.45999567116934,50.50301350899812,177.45999567116934,False,,0.22670247555820122,0.8093,1.0,0.1525944718597261,0.936,0.000269591186661311,0.8093,valid,,,,,False,ok,False,,The Clorox Company,Consumer Defensive,Household & Personal Products,general_dcf,11554001550.0,0.936,0.2552891596695252,,0.06638326668459123,0.188905892984934,0.16627615240393642,0.15680473372781065,0.021432522079732008,2.5653188180404354,0.010432821091216692,-0.00573336662121704,,8.0,2025.0,ttm,2026-04-30,2026-07-24,True,,,,0.06946377226267939,0.07629723592986305,0.0,0.18946377226267938,-0.1892455921153144,robust_return<=0,False
26,DECK,96.04,0.09620877225970617,0.10459897776599975,0.007082092878408757,0.16855504062841647,0.25,0.12,0.0,0.0,0.11291790712159123,0.0,0.11291790712159123,66.81578434571556,97.89684450436297,123.79925334187192,66.81578434571556,123.79925334187192,False,,0.019334074389451894,0.7479899999999999,0.85,0.09279677387500387,0.9559,-0.01540102223400025,0.6357915,valid,,,forward_roic_cap_hit,,False,ok,False,,Deckers Outdoor Corporation,Consumer Cyclical,Apparel - Footwear & Accessories,general_dcf,13338131240.0,0.9559,0.9991436803843177,10.520224177237193,0.1036724618187646,0.8954712185655531,0.18901089246657682,0.228264020165564,0.15243133665375241,-1.1599210191796503,0.008219898369165564,-0.030727491400189932,,8.0,2026.0,annual,2026-05-22,2026-07-24,True,,,,0.0,0.04639838693750194,0.0,0.11291790712159123,-0.11291790712159123,robust_return<=0; median_irr<=hurdle,False
28,LEN,84.64,0.09428261270222724,0.0954094194574282,-0.005472087964881183,0.1917836998589337,0.25,0.12,0.0,0.005472087964881183,0.12547208796488118,0.005472087964881183,0.12547208796488118,51.81715945255172,78.88615856847231,125.19276398124869,51.81715945255172,125.19276398124869,False,,-0.0679801681418678,0.45569790000000004,1.0,0.11495695691190744,0.4944,-0.024590580542571794,0.45569790000000004,valid,,,forward_roic_floor_hit;share_change_floor_hit;reinvestment_cap_hit,,False,ok,False,,Lennar Corporation,Consumer Cyclical,Residential Construction,general_dcf,21015711737.0,0.4944,0.057819436282628055,-39.218177040906106,0.1008032400856851,-0.042983803803057045,0.13824940334022323,0.06016531328928665,0.07525893763257141,2.0796652158213473,0.004782353398523541,-0.057554321947309584,weak_cash_conversion;incremental_roic_below_wacc,8.0,2025.0,ttm,2026-06-29,2026-07-24,True,,,,0.005472087964881183,0.05747847845595372,0.0,0.12547208796488118,-0.12547208796488118,robust_return<=0; median_irr<=hurdle,False
30,O,65.6,0.09097346523340186,0.12464302560589746,-0.010035215884084958,0.12464302560589746,0.75,0.12,0.0,0.010035215884084958,0.13003521588408495,0.010035215884084958,0.13003521588408495,62.37385240081388,118.0258973673941,118.0258973673941,62.37385240081388,118.0258973673941,False,,0.7991752647468613,0.6,0.8,0.0853391207449912,0.5284759852886771,0.004643025605897466,0.48,valid,,,specialist_model_v1,,False,specialist,False,,Realty Income Corporation,Real Estate,REIT - Retail,reit,61171540800.0,,,,,,,,,,,,,,,,,2026-07-24,True,932493000.0000001,0.729,P/AFFO Gordon proxy; no property-level NOI or maintenance-capex detail,0.010035215884084958,0.0426695603724956,0.0,0.13003521588408495,-0.12780656359325418,robust_return<=0,False
62,YUM,148.92,0.08788063708052507,0.10897657070308926,-0.06533742611063642,0.19890683302655818,0.25,0.12,0.0,0.06533742611063642,0.18533742611063642,0.06533742611063642,0.18533742611063642,78.20781189513436,173.18136783767233,251.59522578636,78.20781189513436,251.59522578636,False,,0.16291544344394526,0.8471,1.0,0.13670912956859732,0.9664,-0.011023429296910733,0.8471,valid,,,,,False,ok,False,,"Yum! Brands, Inc.",Consumer Cyclical,Restaurants,general_dcf,41045509401.84,0.9664,0.5756180142001835,0.5520743240101674,0.06999186794486123,0.5056261462553223,0.32226093622302104,0.3146729522687095,0.05389975012472825,3.896575579384296,0.009140283481255795,-0.012806997138931409,elevated_leverage,8.0,2025.0,ttm,2026-05-06,2026-07-24,True,,,,0.06533742611063642,0.06835456478429866,0.0,0.18533742611063642,-0.18533742611063642,robust_return<=0; median_irr<=hurdle,False
47,MCK,840.9,0.08715549600619857,0.10238681992705102,-0.040269023620203334,0.18411736779089555,0.25,0.12,0.0,0.040269023620203334,0.16026902362020334,0.040269023620203334,0.16026902362020334,511.48379473708593,948.3510005046372,1301.0380594524072,511.48379473708593,1301.0380594524072,False,,0.12778094958334796,0.7735500000000001,1.0,0.11898669570554944,0.9592,-0.017613180072948972,0.7735500000000001,valid,,,forward_roic_cap_hit,,False,ok,False,,McKesson Corporation,Healthcare,Medical - Distribution,general_dcf,98450890200.0,0.9592,2.07770431466415,4.1175891113896075,0.0701219858631403,2.0075823288010097,0.01369892604062704,0.015792082889224898,0.09457098304352618,0.6866489046773239,0.0,-0.04797506777090055,,8.0,2026.0,ttm,2026-05-08,2026-07-24,True,,,,0.040269023620203334,0.05949334785277472,0.0,0.16026902362020334,-0.16026902362020334,robust_return<=0; median_irr<=hurdle,False
44,REGN,656.01,0.08694519757846139,0.08225705223085243,-0.03318850398209175,0.21645518983423245,0.25,0.12,0.0,0.03318850398209175,0.15318850398209174,0.03318850398209175,0.15318850398209174,420.12981573772885,694.4840786995096,1256.801241649348,420.12981573772885,1256.801241649348,False,,0.05864861617888395,0.370899,1.0,0.1436948769081621,0.7685,-0.037742947769147564,0.370899,valid,,,forward_roic_floor_hit;reinvestment_cap_hit,,False,ok,False,,"Regeneron Pharmaceuticals, Inc.",Healthcare,Biotechnology,general_dcf,67583462220.0,0.7685,0.12871126768888835,-0.5041851875039128,0.07127667394299224,0.057434593745896115,0.3573214670473511,0.24324378669669428,0.1146107805044887,-1.450552877119762,0.06920152091254753,-0.01733245212203738,heavy_sbc;cyclical_revenue;incremental_roic_below_wacc,8.0,2025.0,ttm,2026-04-29,2026-07-24,True,,,,0.03318850398209175,0.07184743845408105,0.0,0.15318850398209174,-0.15318850398209174,robust_return<=0; median_irr<=hurdle,False
100,BMY,62.09,0.08660385945986494,0.11114638880826537,-0.12317571762250733,0.24729837784543635,0.25,0.12,0.25,0.12317571762250733,0.24317571762250734,0.12317571762250733,0.24317571762250734,25.628475574476422,74.04567753369685,130.6504164765615,25.628475574476422,130.6504164765615,False,,0.1925539947446746,0.5348,1.0,0.19919304773397184,0.8803,-0.008853611191734626,0.5348,valid,,,,,False,ok,False,,Bristol-Myers Squibb Company,Healthcare,Drug Manufacturers - General,general_dcf,126792126300.0,0.8803,0.1901788524522589,,0.06650404329017126,0.12367480916208765,0.20325958745177736,0.2567138319376263,0.11452717234836363,2.1182118585946754,0.011474457401336267,-0.016179757587517773,cyclical_revenue,8.0,2025.0,ttm,2026-04-30,2026-07-24,True,,,,0.12317571762250733,0.09959652386698592,0.125,0.24317571762250734,-0.24317571762250734,robust_return<=0; median_irr<=hurdle,False
29,INTU,296.33,0.08561804368800952,0.09678611337731129,-0.006194668836542375,0.15509461683395787,0.25,0.12,0.0,0.006194668836542375,0.12619466883654237,0.006194668836542375,0.12619466883654237,189.70718062483286,298.0689561162535,378.3047249079715,189.70718062483286,378.3047249079715,False,,0.005868309372164537,0.8307,1.0,0.08572364283525012,0.9421,-0.02321388662268871,0.8307,valid,,,,,False,ok,False,,Intuit Inc.,Technology,Software - Application,general_dcf,81057219210.0,0.9421,0.2272296769211967,0.14923128059271104,0.09309718431290592,0.13413249260829077,0.25922285642412646,0.2746953405017921,0.17679911512930202,0.018226002430133656,0.11912803193122505,-0.009479243496282042,heavy_sbc,8.0,2025.0,ttm,2026-05-20,2026-07-24,True,,,,0.006194668836542375,0.04286182141762506,0.0,0.12619466883654237,-0.12619466883654237,robust_return<=0; median_irr<=hurdle,False
40,GL,173.48,0.08228110515390083,0.09937617672565024,-0.024330924707698487,0.15470299187200132,0.25,0.12,0.0,0.024330924707698487,0.14433092470769848,0.024330924707698487,0.14433092470769848,153.3776617872327,278.59994204027686,356.1236934518888,153.3776617872327,356.1236934518888,False,,0.605948478442915,0.6,0.8,0.10751695828984989,0.5505301281256515,-0.02062382327434975,0.48,valid,,,specialist_model_v1,,False,specialist,False,,Globe Life Inc.,Financial Services,Insurance - Life,insurance,13469819904.0,,,,,,,,,,,,,,,,,2026-07-24,True,77644800.0,0.47,Justified P/B residual-income proxy; no regulatory-capital or reserve-detail model,0.024330924707698487,0.053758479144924945,0.0,0.14433092470769848,-0.14433092470769848,robust_return<=0; median_irr<=hurdle,False
48,PEP,136.64,0.07895374633371832,0.09452905342332088,-0.04211302020121362,0.16886989868944513,0.25,0.12,0.0,0.04211302020121362,0.16211302020121363,0.04211302020121362,0.16211302020121363,81.88438009868062,151.5616354610845,207.6461789601433,81.88438009868062,207.6461789601433,False,,0.10920400659458807,0.8975,1.0,0.10856645944532937,0.9217,-0.025470946576679115,0.8975,valid,,,,,False,ok,False,,"PepsiCo, Inc.",Consumer Defensive,Beverages - Non-Alcoholic,general_dcf,186650240000.0,0.9217,0.18037599135706778,0.1883050065357062,0.0669876305753529,0.11338836078171488,0.14184361835179532,0.14958102864690828,0.054781936748586224,2.2964443964119745,0.003941036862847563,-0.004344732564134812,,8.0,2025.0,ttm,2026-07-09,2026-07-24,True,,,,0.04211302020121362,0.05428322972266469,0.0,0.16211302020121363,-0.16211302020121363,robust_return<=0; median_irr<=hurdle,False
42,META,595.19,0.07828347862850936,0.09151209721749186,-0.029766476208169454,0.15987619628722316,0.25,0.12,0.0,0.029766476208169454,0.14976647620816946,0.029766476208169454,0.14976647620816946,321.64352259509843,554.5932223618978,733.5486085520128,321.64352259509843,733.5486085520128,False,,-0.06820809764630165,0.7459,1.0,0.10244433624769632,0.9547,-0.028487902782508137,0.7459,valid,,,,,False,ok,False,,"Meta Platforms, Inc.",Communication Services,Internet Content & Information,general_dcf,1510844142500.0,0.9547,0.2944559017512747,0.23494255125411584,0.10605448429221036,0.1884014174590643,0.3882502134788519,0.41213139005317195,0.20075970336662885,0.05113074980788231,0.10164405919409253,-0.01732277205233923,heavy_sbc,8.0,2025.0,ttm,2026-04-30,2026-07-24,True,,,,0.029766476208169454,0.05122216812384816,0.0,0.14976647620816946,-0.14976647620816946,robust_return<=0; median_irr<=hurdle,False
20,HPQ,25.75,0.0769607935799286,0.060158057697117365,0.060158057697117365,0.11074640559963883,0.0,0.12,0.0,0.0,0.05984194230288263,0.0,0.05984194230288263,21.120649298764278,21.120649298764278,27.237484754041443,23.340837414374803,27.237484754041443,True,"growth destroys value: forward ROIC 2.0% at/below WACC 9.2%, so higher-growth scenarios reinvest below the cost of capital and are worth less than the bear case",-0.17978060975672705,0.66987,1.0,0.03519807395126073,0.9686,-0.05984194230288263,0.66987,valid,,,forward_roic_floor_hit;reinvestment_cap_hit,,False,ok,False,,HP Inc.,Technology,Computer Hardware,general_dcf,23548967250.0,0.9686,0.48920776765767315,-0.3893044128646223,0.0924284168720654,0.3967793507856078,0.06576206509215812,0.055088214291934445,-0.007949026438381246,1.435138387484958,0.008439291248903079,-0.041370451935990316,incremental_roic_below_wacc,8.0,2025.0,ttm,2026-05-28,2026-07-24,True,,,,0.0,0.017599036975630367,0.0,0.05984194230288263,-0.05984194230288263,robust_return<=0; median_irr<=hurdle,False
33,REG,82.15,0.07645204253945906,0.10552978735642626,-0.010781191911442556,0.10552978735642626,0.0,0.12,0.0,0.010781191911442556,0.13078119191144255,0.010781191911442556,0.13078119191144255,77.8160878158878,135.66249849826127,135.66249849826127,77.8160878158878,135.66249849826127,False,,0.6513998599910074,0.6,0.8,0.0761554896339344,0.5736005799486668,-0.014470212643573732,0.48,valid,,,specialist_model_v1,,False,specialist,False,,Regency Centers Corporation,Real Estate,REIT - Retail,reit,15041418550.000002,,,,,,,,,,,,,,,,,2026-07-24,True,183097000.0,0.825,P/AFFO Gordon proxy; no property-level NOI or maintenance-capex detail,0.010781191911442556,0.0380777448169672,0.0,0.13078119191144255,-0.13078119191144255,robust_return<=0; median_irr<=hurdle,False
45,AFL,125.6,0.07515559582212275,0.09250575785366921,-0.03363322470327368,0.14924409228442626,0.25,0.12,0.0,0.03363322470327368,0.15363322470327367,0.03363322470327368,0.15363322470327367,105.85212709366589,195.48269241028157,251.7972826888798,105.85212709366589,251.7972826888798,False,,0.5563908631391845,0.6,0.8,0.10943865849384996,0.5414910434704986,-0.027494242146330783,0.48,valid,,,specialist_model_v1,,False,specialist,False,,Aflac Incorporated,Financial Services,Insurance - Life,insurance,63928516000.0,,,,,,,,,,,,,,,,,2026-07-24,True,508985000.0,0.603,Justified P/B residual-income proxy; no regulatory-capital or reserve-detail model,0.03363322470327368,0.05471932924692498,0.0,0.15363322470327367,-0.15363322470327367,robust_return<=0; median_irr<=hurdle,False
31,PHM,128.75,0.07261376016249417,0.08044853920000608,-0.009041351737687334,0.13859931398765185,0.25,0.12,0.0,0.009041351737687334,0.12904135173768733,0.009041351737687334,0.12904135173768733,82.55200129892843,117.63580289820946,146.52410322862943,82.55200129892843,146.52410322862943,False,,-0.08632386098478084,0.66123,0.7,0.0929834328626696,0.8109,-0.039551460799993915,0.46286099999999997,valid,,,share_change_floor_hit,,False,ok,False,,"PulteGroup, Inc.",Consumer Cyclical,Residential Construction,general_dcf,24850140114.0,0.8109,0.1706725526027964,0.06851001784951659,0.10099205344799239,0.06968049915480401,0.17968502312346285,0.1732141948398312,0.0786780957076989,0.12675885667927603,0.0030473144461872353,-0.05462955366591116,incremental_roic_below_wacc,8.0,2025.0,annual,2026-02-04,2026-07-24,True,,,,0.009041351737687334,0.0464917164313348,0.0,0.12904135173768733,-0.12904135173768733,robust_return<=0; median_irr<=hurdle,False
46,NVR,6414.67,0.06985979170474368,0.07862939823780837,-0.03502234136421974,0.1572027117075777,0.25,0.12,0.0,0.03502234136421974,0.15502234136421975,0.03502234136421974,0.15502234136421975,3851.434667579615,6156.485761374912,8233.553319619734,3851.434667579615,8233.553319619734,False,,-0.04024902896409144,0.7544,0.7,0.11248052653589874,0.9453,-0.04137060176219162,0.5280799999999999,valid,,,,,False,ok,False,,"NVR, Inc.",Consumer Cyclical,Residential Construction,general_dcf,17315054584.0,0.9453,0.43619093941251086,0.15018659962693287,0.08929697374260588,0.346893965669905,0.16300107727747046,0.16189835701594707,0.05334976012067316,-0.44827889161303863,0.007011381627723662,-0.043633961283893075,,8.0,2025.0,annual,2026-02-11,2026-07-24,True,,,,0.03502234136421974,0.05624026326794937,0.0,0.15502234136421975,-0.15502234136421975,robust_return<=0; median_irr<=hurdle,False
64,SWKS,60.21,0.06748588189948354,0.09314911018591376,-0.0675380522035993,0.15118335942970595,0.25,0.12,0.0,0.0675380522035993,0.18753805220359931,0.0675380522035993,0.18753805220359931,28.606773077025597,55.43947151319169,70.01968769189185,28.606773077025597,70.01968769189185,False,,-0.07923149787092365,0.44172,1.0,0.12610910581665263,0.6714,-0.026850889814086232,0.44172,valid,,,reinvestment_cap_hit,,False,ok,False,,"Skyworks Solutions, Inc.",Technology,Semiconductors,general_dcf,9055945260.0,0.6714,0.06385357176294354,,0.1152028557397413,-0.05134928397679776,0.27206351044866306,0.09368741191306283,0.007895169321973539,-0.5052881758764112,0.04315461943513643,-0.026626326824619295,cyclical_revenue,8.0,2025.0,ttm,2026-05-05,2026-07-24,True,,,,0.0675380522035993,0.06305455290832632,0.0,0.18753805220359931,-0.18753805220359931,robust_return<=0; median_irr<=hurdle,False
65,ULTA,475.36,0.06232776333054063,0.07242015377705685,-0.06784376270516077,0.1723145084732096,0.25,0.12,0.0,0.06784376270516077,0.18784376270516076,0.06784376270516077,0.18784376270516076,235.91255656025578,438.0308657612619,655.3020242177096,235.91255656025578,655.3020242177096,False,,-0.07852813496873545,0.5637599999999999,1.0,0.13316633558918517,0.9296,-0.047579846222943145,0.5637599999999999,valid,,,share_change_floor_hit,,False,ok,False,,"Ulta Beauty, Inc.",Consumer Cyclical,Specialty Retail,general_dcf,20435398877.0,0.9296,0.26004953487698196,0.14727490186479877,0.08641947569311068,0.17363005918387128,0.13493027782983869,0.1253874826786567,0.09144740440932342,1.0514073036716398,0.003787917016580005,-0.05282726615963795,cyclical_revenue,8.0,2025.0,ttm,2026-06-02,2026-07-24,True,,,,0.06784376270516077,0.06658316779459258,0.0,0.18784376270516076,-0.18784376270516076,robust_return<=0; median_irr<=hurdle,False
112,DRI,196.31,0.06076146203995453,0.08352987681282686,-0.13792700050107665,0.21391309503524103,0.25,0.12,0.25,0.13792700050107665,0.25792700050107664,0.13792700050107665,0.25792700050107664,71.99797663574283,203.27530119316154,352.7690559215287,71.99797663574283,352.7690559215287,False,,0.035481132867207554,0.6273,1.0,0.18710104776815883,0.8241,-0.03647012318717313,0.6273,valid,,,,,False,ok,False,,"Darden Restaurants, Inc.",Consumer Cyclical,Restaurants,general_dcf,22484366439.0,0.8241,0.17276114672245155,0.2681590505748327,0.0715218016872823,0.10123934503516925,0.11369714016231727,0.11981015676448993,0.06483717505613917,2.7212556555809506,0.006014047410008779,-0.021336182737631826,,8.0,2026.0,ttm,2026-07-24,2026-07-24,True,,,,0.13792700050107665,0.09355052388407942,0.125,0.25792700050107664,-0.25792700050107664,robust_return<=0; median_irr<=hurdle,False
32,CPRT,27.94,0.05984942971263084,0.06635432059410964,-0.009625798580236706,0.11631487624254078,0.0,0.12,0.0,0.009625798580236706,0.1296257985802367,0.009625798580236706,0.1296257985802367,18.28443675473204,24.967129931545283,30.55466369896839,18.28443675473204,30.55466369896839,False,,-0.10640193516301777,0.8392,0.95,0.06929433741138874,0.978,-0.05364567940589035,0.79724,valid,,,,,False,ok,False,,"Copart, Inc.",Industrials,Specialty Business Services,general_dcf,25867172807.0,0.978,0.2961389065373297,0.3038365386306291,0.09795230779101506,0.19818659874631467,0.3705266255577967,0.36566622841310176,0.14458048241388965,-2.1418830709916064,0.00831613687897748,0.0002110956201459846,,8.0,2025.0,ttm,2026-05-29,2026-07-24,True,,,,0.009625798580236706,0.03464716870569437,0.0,0.1296257985802367,-0.1296257985802367,robust_return<=0; median_irr<=hurdle,False
57,CL,90.75,0.056920257023011823,0.07227173562278041,-0.059509796166093996,0.14264735301258047,0.25,0.12,0.0,0.059509796166093996,0.179509796166094,0.059509796166093996,0.179509796166094,50.207490645357815,91.06685341439226,121.99744932800692,50.207490645357815,121.99744932800692,False,,0.003491497679253497,0.9173,1.0,0.10355957458933723,0.9792,-0.04772826437721958,0.9173,valid,,,,,False,ok,False,,Colgate-Palmolive Company,Consumer Defensive,Household & Personal Products,general_dcf,72617179792.0,0.9792,0.4926913679182282,,0.0693700250469102,0.423321342871318,0.22055648565468225,0.21207020918490022,0.03947009967583437,1.298335974643423,0.006270236932723441,-0.013575610736816568,,8.0,2025.0,ttm,2026-03-31,2026-07-24,True,,,,0.059509796166093996,0.05177978729466862,0.0,0.179509796166094,-0.179509796166094,robust_return<=0; median_irr<=hurdle,False
51,DG,117.23,0.05492738428729356,0.05396130816661756,-0.045912130217766356,0.1576990510337055,0.25,0.12,0.0,0.045912130217766356,0.16591213021776635,0.045912130217766356,0.16591213021776635,66.52315544897081,106.25639856561222,178.60025833523247,66.52315544897081,178.60025833523247,False,,-0.09360745060468978,0.5347944000000001,1.0,0.11576175862573591,0.6944,-0.06603869183338243,0.5347944000000001,valid,,,forward_roic_floor_hit;wacc_floor_hit;reinvestment_cap_hit,,False,ok,False,,Dollar General Corporation,Consumer Defensive,Discount Stores,general_dcf,25859372627.880024,0.6944,0.07596806166822054,-0.2711183121925683,0.065,0.010968061668220536,0.08277072295880822,0.05260713463649922,0.07576117177707786,4.016148906687545,0.001446310315582163,-0.007028310455815645,elevated_leverage;incremental_roic_below_wacc,8.0,2025.0,ttm,2026-06-02,2026-07-24,True,,,,0.045912130217766356,0.05788087931286796,0.0,0.16591213021776635,-0.16591213021776635,robust_return<=0; median_irr<=hurdle,False
82,CDW,133.82,0.05215697990061019,0.0712366469204426,-0.1000089336535893,0.16616355941514485,0.25,0.12,0.25,0.1000089336535893,0.2200089336535893,0.1000089336535893,0.2200089336535893,54.932701936266334,121.69689510222175,183.10669783290973,54.932701936266334,183.10669783290973,False,,-0.09059262365698884,0.7951,1.0,0.13923324653436706,0.8458,-0.0487633530795574,0.7951,valid,,,,,False,ok,False,,CDW Corporation,Technology,Information Technology Services,general_dcf,17095906460.0,0.8458,0.156690489729125,0.3479403851802383,0.08234469643387214,0.07434579329525286,0.0706090264135506,0.07296287241102302,0.04716837528114315,2.8305541433655312,0.003081143118383519,-0.01859168381327636,,8.0,2025.0,ttm,2026-05-06,2026-07-24,True,,,,0.1000089336535893,0.06961662326718353,0.125,0.2200089336535893,-0.2200089336535893,robust_return<=0; median_irr<=hurdle,False
53,HIG,140.53,0.05103793054334793,0.06819587724576137,-0.05434921612591315,0.12210918380778213,0.25,0.12,0.0,0.05434921612591315,0.17434921612591314,0.05434921612591315,0.17434921612591314,106.27300983421902,195.44453603396332,250.00266049883706,106.27300983421902,250.00266049883706,False,,0.3907673524084774,0.6,0.8,0.10622919996684763,0.5437502218826494,-0.051804122754238624,0.48,valid,,,specialist_model_v1,,False,specialist,False,,"The Hartford Insurance Group, Inc.",Financial Services,Insurance - Diversified,insurance,38523604135.0,,,,,,,,,,,,,,,,,2026-07-24,True,274130820.00284636,0.46872208,Justified P/B residual-income proxy; no regulatory-capital or reserve-detail model,0.05434921612591315,0.05311459998342381,0.0,0.17434921612591314,-0.17434921612591314,robust_return<=0; median_irr<=hurdle,False
59,BRO,67.66,0.048631448706385916,0.06664760529329983,-0.06137222244130003,0.12260280668024404,0.25,0.12,0.0,0.06137222244130003,0.18137222244130002,0.06137222244130003,0.18137222244130002,49.294561295408585,93.4193426039461,120.63202324651819,49.294561295408585,120.63202324651819,False,,0.38071744906807736,0.6,0.8,0.10998751456077202,0.5276697514817059,-0.05335239470670017,0.48,valid,,,specialist_model_v1,,False,specialist,False,,"Brown & Brown, Inc.",Financial Services,Insurance - Brokers,insurance,22933221680.0,,,,,,,,,,,,,,,,,2026-07-24,True,338948000.0,0.599,Justified P/B residual-income proxy; no regulatory-capital or reserve-detail model,0.06137222244130003,0.05499375728038601,0.0,0.18137222244130002,-0.18137222244130002,robust_return<=0; median_irr<=hurdle,False
61,GD,386.75,0.044269726866332376,0.056370843500189984,-0.06364852408441943,0.12798574454936898,0.25,0.12,0.0,0.06364852408441943,0.18364852408441942,0.06364852408441943,0.18364852408441942,210.54494961763993,362.6102905189496,492.67582286332595,210.54494961763993,492.67582286332595,False,,-0.062416831237363635,0.8604,1.0,0.1000051343168942,0.864,-0.06362915649981002,0.8604,valid,,,,,False,ok,False,,General Dynamics Corporation,Industrials,Aerospace & Defense,general_dcf,104588874822.0,0.864,0.1506532692968267,0.2569839233208686,0.07045064182380759,0.08020262747301912,0.10753809667743043,0.10236396074933095,0.054715790973965284,0.6769135227449153,0.0038351915500041914,-0.004899902567511161,,8.0,2025.0,ttm,2026-04-29,2026-07-24,True,,,,0.06364852408441943,0.0500025671584471,0.0,0.18364852408441942,-0.18364852408441942,robust_return<=0; median_irr<=hurdle,False
50,RMD,195.27,0.037769234231382176,0.047199918841943175,-0.04570941954443694,0.1023865187860793,0.0,0.12,0.0,0.04570941954443694,0.16570941954443694,0.04570941954443694,0.16570941954443694,110.43849337091767,167.0467533861973,211.16512607965186,110.43849337091767,211.16512607965186,False,,-0.14453447336407388,0.895,0.85,0.08169796916525812,0.9669,-0.07280008115805682,0.76075,valid,,,,,False,ok,False,,ResMed Inc.,Healthcare,Medical - Devices,general_dcf,28325160104.0,0.9669,0.27077765352323035,0.2842006080502414,0.08462232929751246,0.1861553242257179,0.276682754846858,0.34282310142188516,0.11915995881196073,-0.3780847543321518,0.017113963106287607,-1.3601648521488485e-05,,8.0,2025.0,ttm,2026-04-30,2026-07-24,True,,,,0.04570941954443694,0.04084898458262906,0.0,0.16570941954443694,-0.16570941954443694,robust_return<=0; median_irr<=hurdle,False
151,BRK-B,494.93,0.037579941297294445,0.07578716524366214,-0.17603962628632053,0.17478506098817403,0.25,0.12,0.25,0.17603962628632053,0.2960396262863205,0.17603962628632053,0.2960396262863205,187.96431603990118,713.1412734067851,1107.4799065108032,187.96431603990118,1107.4799065108032,False,,0.4408932039011275,0.6,0.8,0.19341234363724727,0.26357234260466633,-0.04421283475633786,0.48,valid,,,specialist_model_v1,,False,specialist,False,,Berkshire Hathaway Inc.,Financial Services,Insurance - Diversified,insurance,1067491586398.0001,,,,,,,,,,,,,,,,,2026-07-24,True,2156853668.9996567,0.607,Justified P/B residual-income proxy; no regulatory-capital or reserve-detail model,0.17603962628632053,0.09670617181862363,0.125,0.2960396262863205,-0.2960396262863205,robust_return<=0; median_irr<=hurdle,False
141,CINF,182.81,0.03621673897414776,0.07233762961664891,-0.16903787997645126,0.16922957663974447,0.25,0.12,0.25,0.16903787997645126,0.28903787997645125,0.16903787997645126,0.28903787997645125,72.42793143267252,259.2135378383007,399.4835605008512,72.42793143267252,399.4835605008512,False,,0.41793959760571453,0.6,0.8,0.18713372830809785,0.27941415420152016,-0.04766237038335108,0.48,valid,,,specialist_model_v1,,False,specialist,False,,Cincinnati Financial Corporation,Financial Services,Insurance - Property & Casualty,insurance,28278330470.0,,,,,,,,,,,,,,,,,2026-07-24,True,154687000.0,0.553,Justified P/B residual-income proxy; no regulatory-capital or reserve-detail model,0.16903787997645126,0.09356686415404893,0.125,0.28903787997645125,-0.28903787997645125,robust_return<=0; median_irr<=hurdle,False
148,SYY,83.11,0.03471391494094862,0.06161015456891621,-0.17413295913720506,0.1897683097631671,0.25,0.12,0.25,0.17413295913720506,0.29413295913720505,0.17413295913720506,0.29413295913720505,24.241937594408626,77.45362578742176,135.1288302756323,24.241937594408626,135.1288302756323,False,,-0.06805888837177532,0.6609,1.0,0.19212363445018607,0.8082,-0.05838984543108378,0.6609,valid,,,,,False,ok,False,,Sysco Corporation,Consumer Defensive,Food Distribution,general_dcf,39741789130.0,0.8082,0.14470530960124747,0.2579916819709189,0.07013212153808916,0.07457318806315831,0.03835616996896853,0.03588737180944631,0.04768810912481891,3.3451153657339225,0.0012577792335407795,-0.021751722499201764,elevated_leverage;thin_interest_coverage,8.0,2025.0,ttm,2026-04-29,2026-07-24,True,,,,0.17413295913720506,0.09606181722509304,0.125,0.29413295913720505,-0.29413295913720505,robust_return<=0; median_irr<=hurdle,False
63,GEHC,60.58,0.03055483916541563,0.041228348750155436,-0.06724986351327969,0.10701252267463134,0.0,0.12,0.0,0.06724986351327969,0.18724986351327969,0.06724986351327969,0.18724986351327969,30.141224291541235,49.478774784866886,66.85928518284153,30.141224291541235,66.85928518284153,False,,-0.18324901312534025,0.8664,0.95,0.0926391930939555,0.6493,-0.07877165124984456,0.8230799999999999,valid,,,,,False,ok,False,,GE HealthCare Technologies Inc.,Healthcare,Medical - Healthcare Information Services,general_dcf,27557344396.0,0.6493,0.10203341077046901,,0.07756673667636588,0.024466674094103136,0.13391515151515151,0.12458654906284454,0.036502995670744776,2.825212947189097,0.006303030303030303,0.002252164158787817,,7.0,2025.0,ttm,2026-04-29,2026-07-24,True,,,,0.06724986351327969,0.04631959654697775,0.0,0.18724986351327969,-0.18724986351327969,robust_return<=0; median_irr<=hurdle,False
87,INCY,117.67,0.028869289741851413,0.03691032050992364,-0.10606437504757193,0.1477208929951303,0.25,0.12,0.25,0.10606437504757193,0.22606437504757193,0.10606437504757193,0.22606437504757193,52.71561347822618,99.24539615270646,152.23672332931758,52.71561347822618,152.23672332931758,False,,-0.15657859987501943,0.65844,1.0,0.13713943402135112,0.813,-0.08308967949007635,0.65844,valid,,,forward_roic_cap_hit,,False,ok,False,,Incyte Corporation,Healthcare,Biotechnology,general_dcf,23508366179.0,0.813,0.713941769836407,3.085292852414928,0.0847469074669841,0.6291948623694229,0.17580748591964146,0.27051643157458843,0.15439286151799103,-2.5773950303242135,0.05841707369936918,-0.026171866110031528,heavy_sbc;peak_cycle_margins,8.0,2025.0,ttm,2026-04-28,2026-07-24,True,,,,0.10606437504757193,0.06856971701067556,0.125,0.22606437504757193,-0.22606437504757193,robust_return<=0; median_irr<=hurdle,False
77,COR,309.89,0.027530622156700723,0.04356870090559827,-0.09437271921342469,0.11735780602903104,0.0,0.12,0.25,0.09437271921342469,0.21437271921342468,0.09437271921342469,0.21437271921342468,141.09148036877835,270.55147328664236,368.44969255685453,141.09148036877835,368.44969255685453,False,,-0.12694351774293333,0.9128,1.0,0.10848126262122787,0.973,-0.07643129909440172,0.9128,valid,,,,,False,ok,False,,"Cencora, Inc.",Healthcare,Medical - Distribution,general_dcf,60292526883.0,0.973,0.23676178645995674,0.5179923594370694,0.0710597861535596,0.16570200030639715,0.010527337797762354,0.012782797158055408,0.097128283927292,1.9227698549026733,0.0004753495006402461,-0.025629562300649278,,8.0,2025.0,ttm,2026-05-06,2026-07-24,True,,,,0.09437271921342469,0.054240631310613935,0.125,0.21437271921342468,-0.21437271921342468,robust_return<=0; median_irr<=hurdle,False
79,BIIB,202.19,0.025752938985533564,0.04505569724715317,-0.09616385325498412,0.10906421470281204,0.0,0.12,0.25,0.09616385325498412,0.2161638532549841,0.09616385325498412,0.2161638532549841,94.9947122622187,181.64641637905748,244.20884168263845,94.9947122622187,244.20884168263845,False,,-0.10160533963570162,0.5350050000000001,1.0,0.11656388397889808,0.6394,-0.07494430275284683,0.5350050000000001,valid,,,forward_roic_floor_hit;reinvestment_cap_hit,,False,ok,False,,Biogen Inc.,Healthcare,Drug Manufacturers - General,general_dcf,29850725030.0,0.6394,0.0623382006553154,-0.11553738708399777,0.06838010439662913,-0.006041903741313727,0.2706785477390644,0.15646113579645748,-0.04410238223859042,0.9726039088503883,0.029641408272684647,0.005449698886245358,incremental_roic_below_wacc,8.0,2025.0,ttm,2026-04-29,2026-07-24,True,,,,0.09616385325498412,0.05828194198944904,0.125,0.2161638532549841,-0.2161638532549841,robust_return<=0; median_irr<=hurdle,False
98,FIS,41.51,0.025541725876973974,0.0330633006175049,-0.11913824407383797,0.15517854634672407,0.25,0.12,0.25,0.11913824407383797,0.23913824407383796,0.11913824407383797,0.23913824407383796,16.26446385084675,31.96178355702894,57.295006222508896,16.26446385084675,57.295006222508896,False,,-0.230022077643244,0.457164,1.0,0.153443475210281,0.253,-0.0869366993824951,0.457164,valid,,,share_change_floor_hit;reinvestment_cap_hit,,False,ok,False,,"Fidelity National Information Services, Inc.",Technology,Information Technology Services,general_dcf,21455647290.0,0.253,0.0717757196636924,,0.07991149203937066,-0.008135772375678266,0.16954243194082974,0.17901869960542116,0.03445541525790263,0.8243306716768436,0.016952327432799476,-0.05052281217146859,cyclical_revenue,8.0,2025.0,ttm,2026-05-08,2026-07-24,True,,,,0.11913824407383797,0.0767217376051405,0.125,0.23913824407383796,-0.23913824407383796,robust_return<=0; median_irr<=hurdle,False
39,BF-B,26.08,0.024150718166492904,0.03481784416362645,-0.021005803858861298,0.047972988197580016,0.0,0.12,0.0,0.021005803858861298,0.1410058038588613,0.021005803858861298,0.1410058038588613,17.500433187944402,22.288110998479155,23.240204138237708,17.500433187944402,23.240204138237708,False,,-0.14539451692948024,0.68283,1.0,0.04400449602822065,0.8685,-0.08518215583637354,0.68283,valid,,,forward_roic_floor_hit;reinvestment_cap_hit,,False,ok,False,,Brown-Forman Corporation,Consumer Defensive,Beverages - Wineries & Distilleries,general_dcf,12162203481.0,0.8685,0.15606011445148024,-0.044201954155991735,0.0685610356153431,0.08749907883613714,0.2998562717978978,0.29022403258655805,0.024138370352259964,1.4959415584415585,0.007044025157232704,-0.014965924395725527,weak_cash_conversion;incremental_roic_below_wacc,8.0,2026.0,ttm,2026-06-12,2026-07-24,True,,,,0.021005803858861298,0.022002248014110326,0.0,0.1410058038588613,-0.1410058038588613,robust_return<=0; median_irr<=hurdle,False
95,VRTX,477.36,0.021288957471733795,0.0317858794180211,-0.1157967462037049,0.1373808172545979,0.25,0.12,0.25,0.1157967462037049,0.2357967462037049,0.1157967462037049,0.2357967462037049,197.15423389919073,400.5179005432184,636.713554539385,197.15423389919073,636.713554539385,False,,-0.1609730590262729,0.6194,1.0,0.1380067817291514,0.8782,-0.08821412058197889,0.6194,valid,,,,,False,ok,False,,Vertex Pharmaceuticals Incorporated,Healthcare,Biotechnology,general_dcf,121156553859.0,0.8782,0.28702754980861045,0.13529162365860806,0.07158642281893311,0.21544112698967732,0.37779085295187886,0.3896989824644434,0.2173528009112493,-1.0534938214736336,0.05889028492684311,-0.0036152671940365977,heavy_sbc,8.0,2025.0,ttm,2026-05-05,2026-07-24,True,,,,0.1157967462037049,0.0690033908645757,0.125,0.2357967462037049,-0.2357967462037049,robust_return<=0; median_irr<=hurdle,False
60,JKHY,150.58,0.020920816100260736,0.030948862916557143,-0.06203767865663391,0.08382321722456257,0.0,0.12,0.0,0.06203767865663391,0.1820376786566339,0.06203767865663391,0.1820376786566339,81.24809755163902,124.22814038583269,155.99475771606217,81.24809755163902,155.99475771606217,False,,-0.17500238819343417,0.9254,1.0,0.07516844794059825,0.9852,-0.08905113708344285,0.9254,valid,,,,,False,ok,False,,"Jack Henry & Associates, Inc.",Technology,Information Technology Services,general_dcf,10698829464.0,0.9852,0.23084539916000513,0.22769864648284072,0.07522237934462062,0.1556230198153845,0.22906459806807788,0.2599518461940248,0.06419713505886548,0.08034156186208843,0.013032019689981193,-0.006887635794286973,,8.0,2025.0,ttm,2026-05-07,2026-07-24,True,,,,0.06203767865663391,0.037584223970299126,0.0,0.1820376786566339,-0.1820376786566339,robust_return<=0; median_irr<=hurdle,False
99,AMGN,376.04,0.01936056718514014,0.03494793036661581,-0.12052649459510573,0.12807290260243467,0.25,0.12,0.25,0.12052649459510573,0.24052649459510572,0.12052649459510573,0.24052649459510572,152.76700964382317,319.3912273149792,484.7377030857349,152.76700964382317,484.7377030857349,False,,-0.15064560335342214,0.7775,1.0,0.1309746985987702,0.8906,-0.08505206963338419,0.7775,valid,,,,,False,ok,False,,Amgen Inc.,Healthcare,Drug Manufacturers - General,general_dcf,202951796320.0,0.8906,0.19013813892861603,0.12051756984447885,0.06805370599227899,0.12208443293633704,0.3267543447010294,0.3162898114828938,0.06433283393956057,2.715905001799208,0.015289109613338063,0.0018450226334196795,thin_interest_coverage,8.0,2025.0,ttm,2026-04-30,2026-07-24,True,,,,0.12052649459510573,0.0654873492993851,0.125,0.24052649459510572,-0.24052649459510572,robust_return<=0; median_irr<=hurdle,False
41,UNH,420.74,0.019029911801044387,0.013743035655352315,-0.028036389515909803,0.07666996540938273,0.0,0.12,0.0,0.028036389515909803,0.1480363895159098,0.028036389515909803,0.1480363895159098,262.6269146570591,307.141149783923,422.01935766004334,262.6269146570591,422.01935766004334,False,,-0.26999774258705367,0.6701130000000001,0.85,0.06674978746264626,0.7703,-0.10625696434464768,0.56959605,valid,,,forward_roic_floor_hit;reinvestment_cap_hit,,False,ok,False,,UnitedHealth Group Incorporated,Healthcare,Medical - Healthcare Plans,general_dcf,382092676539.0,0.7703,0.11664574601678894,-0.07804786860320123,0.07375306188940364,0.0428926841273853,0.08231835080659637,0.0481550844313519,0.10236402697783231,1.6124186279419128,0.0025432324534448558,-0.015683275784179607,incremental_roic_below_wacc,8.0,2025.0,ttm,2026-07-16,2026-07-24,True,,,,0.028036389515909803,0.03337489373132313,0.0,0.1480363895159098,-0.1480363895159098,robust_return<=0; median_irr<=hurdle,False
58,PAYX,113.55,0.018312557689205308,0.027219420135952563,-0.059972963773179774,0.07878435425809588,0.0,0.12,0.0,0.059972963773179774,0.17997296377317978,0.059972963773179774,0.17997296377317978,57.01385089720486,86.79632416966476,109.61198122865467,57.01385089720486,109.61198122865467,False,,-0.23561141198005497,0.893,1.0,0.07258865901563784,0.9848,-0.09278057986404743,0.893,valid,,,,,False,ok,False,,"Paychex, Inc.",Technology,Staffing & Employment Services,general_dcf,40378380000.0,0.9848,0.2669146749755449,0.11548299094211043,0.08371057534840412,0.18320409962714077,0.39087679209438503,0.3855190417690418,0.08110856046543469,1.1618299414174935,0.01157569672053502,-0.003786515759150011,,8.0,2026.0,ttm,2026-07-17,2026-07-24,True,,,,0.059972963773179774,0.03629432950781892,0.0,0.17997296377317978,-0.17997296377317978,robust_return<=0; median_irr<=hurdle,False
103,DPZ,332.97,0.0181535442665336,0.04132147630589317,-0.12970112069015152,0.11967234514449959,0.0,0.12,0.25,0.12970112069015152,0.24970112069015152,0.12970112069015152,0.24970112069015152,112.61674231797299,262.2840698740918,372.7584620503046,112.61674231797299,372.7584620503046,False,,-0.21228918559001775,0.81657,1.0,0.13018963291732555,0.9859,-0.07867852369410683,0.81657,valid,,,forward_roic_cap_hit,,False,ok,False,,"Domino's Pizza, Inc.",Consumer Cyclical,Restaurants,general_dcf,11015225303.0,0.9859,0.8178818349966508,,0.08124907732791056,0.7366327576687403,0.17766900952576264,0.1953608078260636,0.05337097893699405,4.628759453774648,0.009036448222406748,-0.02632140380006387,elevated_leverage;thin_interest_coverage,8.0,2025.0,ttm,2026-07-20,2026-07-24,True,,,,0.12970112069015152,0.06509481645866277,0.125,0.24970112069015152,-0.24970112069015152,robust_return<=0; median_irr<=hurdle,False
52,TSCO,31.02,0.018062608106993165,0.023831679590512092,-0.053434193995781205,0.07802126724272967,0.0,0.12,0.0,0.053434193995781205,0.1734341939957812,0.053434193995781205,0.1734341939957812,17.465067984457438,24.61572328350439,32.19579476685532,17.465067984457438,32.19579476685532,False,,-0.2064563738393168,0.72675,1.0,0.07392523061925543,0.8289,-0.0961683204094879,0.72675,valid,,,reinvestment_cap_hit,,False,ok,False,,Tractor Supply Company,Consumer Cyclical,Specialty Retail,general_dcf,16268439000.0,0.8289,0.1221185396772932,0.03805267903443068,0.06509172013425253,0.057026819543040674,0.096563335188451,0.08912180226624489,0.1010940863197809,3.300231991663538,0.0036757814296607986,-0.021955913912675262,elevated_leverage;incremental_roic_below_wacc,8.0,2025.0,ttm,2026-07-23,2026-07-24,True,,,,0.053434193995781205,0.03696261530962772,0.0,0.1734341939957812,-0.1734341939957812,robust_return<=0; median_irr<=hurdle,False
88,PG,147.41,0.012326936355384562,0.024658974754856927,-0.10659326204622627,0.10658305795805066,0.0,0.12,0.25,0.10659326204622627,0.22659326204622626,0.10659326204622627,0.22659326204622626,65.1173345848206,120.60186045647768,171.00796950687825,65.1173345848206,171.00796950687825,False,,-0.18186106467351137,0.8367,1.0,0.11148716000213847,0.9074,-0.09534102524514307,0.8367,valid,,,,,False,ok,False,,The Procter & Gamble Company,Consumer Defensive,Household & Personal Products,general_dcf,343258926000.0,0.9074,0.2036508111217449,0.2194914528090526,0.06972453675028564,0.13392627437145926,0.22124866058976383,0.23239696487465117,0.03369968261776646,1.0644161212538752,0.0066458551813281955,-0.01636116975751145,,8.0,2025.0,ttm,2026-04-24,2026-07-24,True,,,,0.10659326204622627,0.055743580001069236,0.125,0.22659326204622626,-0.22659326204622626,robust_return<=0; median_irr<=hurdle,False
220,PFE,24.54,0.011113810964161586,0.04608258083462717,-0.27580697927623976,0.22809706146363176,0.25,0.12,0.25,0.27580697927623976,0.39580697927623976,0.27580697927623976,0.39580697927623976,4.725891160718322,21.842392135960498,51.175770865265065,4.725891160718322,51.175770865265065,False,,-0.10992697082475555,0.361341,1.0,0.27111179036993577,0.7042,-0.07391741916537282,0.361341,valid,,,forward_roic_floor_hit;reinvestment_cap_hit,,False,ok,False,,Pfizer Inc.,Healthcare,Drug Manufacturers - General,general_dcf,139864257600.0,0.7042,0.09443317477258431,-0.08432284924605535,0.06679266718048216,0.027640507592102154,0.251237204699979,0.23446260759693596,0.022244399137135495,2.3973497573721536,0.008815676792101153,-0.00011629935558732374,cyclical_revenue;incremental_roic_below_wacc,8.0,2025.0,ttm,2026-05-05,2026-07-24,True,,,,0.27580697927623976,0.13555589518496788,0.125,0.39580697927623976,-0.39580697927623976,robust_return<=0; median_irr<=hurdle,False
54,VEEV,186.24,0.01038143659316123,0.016437106922967383,-0.054643833191948904,0.06329536571865906,0.0,0.12,0.0,0.054643833191948904,0.1746438331919489,0.054643833191948904,0.1746438331919489,103.11933675437987,140.68904738114358,171.7173915227424,103.11933675437987,171.7173915227424,False,,-0.2445820050411105,0.72972,0.95,0.06857799945530398,0.963,-0.10356289307703262,0.693234,valid,,,forward_roic_cap_hit,,False,ok,False,,Veeva Systems Inc.,Technology,Software - Application,general_dcf,30253438516.000004,0.963,9.082956009376781,2.3158502216989403,0.09389655924480027,8.98905945013198,0.2581749952379913,0.2879442012812664,0.2057893393406618,-7.174425570449095,0.0,0.007236486671113429,,8.0,2026.0,ttm,2026-06-05,2026-07-24,True,,,,0.054643833191948904,0.03428899972765199,0.0,0.1746438331919489,-0.1746438331919489,robust_return<=0; median_irr<=hurdle,False
70,SNA,404.12,0.008469670565318693,0.01656980787956857,-0.07245964842877581,0.07319871493091344,0.0,0.12,0.0,0.07245964842877581,0.1924596484287758,0.07245964842877581,0.1924596484287758,206.91589892071133,307.7394452515088,391.5556836545927,206.91589892071133,391.5556836545927,False,,-0.23849488950928233,0.8251,0.7,0.08707618167984463,0.912,-0.10343019212043142,0.5775699999999999,valid,,,,,False,ok,False,,Snap-on Incorporated,Industrials,Manufacturing - Tools & Accessories,general_dcf,20903965351.0,0.912,0.1826697670219214,0.16516481002067349,0.08087285266366429,0.1017969143582571,0.2560587847667042,0.2575008242664029,0.046911038224504376,-0.20915720095358295,0.005598621877691645,-0.007435219273921656,,8.0,2025.0,annual,2026-02-12,2026-07-24,True,,,,0.07245964842877581,0.043538090839922314,0.0,0.1924596484287758,-0.1924596484287758,robust_return<=0; median_irr<=hurdle,False
101,KMB,109.7,0.006018860824406162,0.02250761541072281,-0.1275211189116817,0.10658133138786072,0.0,0.12,0.25,0.1275211189116817,0.2475211189116817,0.1275211189116817,0.2475211189116817,43.00410424250234,88.39339180945888,127.64794186973695,43.00410424250234,127.64794186973695,False,,-0.19422614576609964,0.8319,1.0,0.12209422514977121,0.9412,-0.09749238458927718,0.8319,valid,,,,,False,ok,False,,Kimberly-Clark Corporation,Consumer Defensive,Household & Personal Products,general_dcf,36413818000.0,0.9412,0.20750129347232701,,0.06813648089770291,0.1393648125746241,0.13873102540272614,0.13271660922667633,-0.010116269221897567,2.1989915966386553,0.008131970260223048,-0.005050591154868278,,8.0,2025.0,ttm,2026-04-28,2026-07-24,True,,,,0.1275211189116817,0.061047112574885605,0.125,0.2475211189116817,-0.2475211189116817,robust_return<=0; median_irr<=hurdle,False
74,WRB,75.46,0.004983637565756371,0.019381773058581908,-0.08210666948628687,0.06327767363214853,0.0,0.12,0.25,0.08210666948628687,0.20210666948628686,0.08210666948628687,0.20210666948628686,49.1674712056757,83.06175838326689,102.55344995058176,49.1674712056757,102.55344995058176,False,,0.10073891310981842,0.6,0.8,0.09069217155921769,0.5919387232185139,-0.10061822694141809,0.48,valid,,,specialist_model_v1,,False,specialist,False,,W. R. Berkley Corporation,Financial Services,Insurance - Property & Casualty,insurance,28092022420.000004,,,,,,,,,,,,,,,,,2026-07-24,True,372277000.00000006,0.293,Justified P/B residual-income proxy; no regulatory-capital or reserve-detail model,0.08210666948628687,0.045346085779608844,0.125,0.20210666948628686,-0.20210666948628686,robust_return<=0; median_irr<=hurdle,False
81,ORLY,87.4,0.004147565245511964,0.017075933772139278,-0.0994385167607106,0.0818769101984799,0.0,0.12,0.25,0.0994385167607106,0.21943851676071058,0.0994385167607106,0.21943851676071058,38.683927490941265,68.56904243996544,90.70788566841934,38.683927490941265,90.70788566841934,False,,-0.21545718032076155,0.9176,1.0,0.09312971347959526,0.9852,-0.10292406622786071,0.9176,valid,,,,,False,ok,False,,"O'Reilly Automotive, Inc.",Consumer Cyclical,Specialty Retail,general_dcf,72429697905.0,0.9852,0.37451865338884893,0.19740063058460058,0.06993622234976163,0.30458243103908733,0.19813277759802017,0.19558556877559755,0.09309116056016165,2.0754814848813536,0.0017398535945232336,-0.031709650607369966,,8.0,2025.0,ttm,2026-05-08,2026-07-24,True,,,,0.0994385167607106,0.04656485673979763,0.125,0.21943851676071058,-0.21943851676071058,robust_return<=0; median_irr<=hurdle,False
75,RSG,216.91,0.00380146132956727,0.014185070421081063,-0.08802661981608251,0.07486232429218946,0.0,0.12,0.25,0.08802661981608251,0.2080266198160825,0.08802661981608251,0.2080266198160825,105.03190325274647,168.55135195327972,219.72260884686276,105.03190325274647,219.72260884686276,False,,-0.22294337765303707,0.8643,1.0,0.085515472054136,0.9818,-0.10581492957891893,0.8643,valid,,,,,False,ok,False,,"Republic Services, Inc.",Industrials,Waste Management,general_dcf,66735398240.0,0.9818,0.22720087111398243,,0.07172938834587018,0.15547148276811223,0.1819383189583541,0.20047918538484577,0.0743948770161611,0.02582469368520264,0.002619760479041916,-0.00846042704530936,,8.0,2025.0,ttm,2026-05-08,2026-07-24,True,,,,0.08802661981608251,0.042757736027068,0.125,0.2080266198160825,-0.2080266198160825,robust_return<=0; median_irr<=hurdle,False
124,GILD,129.31,0.0018750088303932308,0.018465696566272557,-0.15173750850954087,0.12230615069856868,0.25,0.12,0.25,0.15173750850954087,0.27173750850954087,0.15173750850954087,0.27173750850954087,45.939037403244576,102.89653753375413,161.18724355075543,45.939037403244576,161.18724355075543,False,,-0.2042646544447133,0.7623,1.0,0.1441528296040548,0.8797,-0.10153430343372744,0.7623,valid,,,,,False,ok,False,,"Gilead Sciences, Inc.",Healthcare,Drug Manufacturers - General,general_dcf,160547400407.0,0.8797,0.2432851750969466,,0.06893785551082797,0.17434731958611865,0.27457344275875006,0.3825586870249546,0.04164727434795856,0.8746460928652322,0.029039437991236,-0.0021175288352626165,,8.0,2025.0,ttm,2026-05-07,2026-07-24,True,,,,0.15173750850954087,0.0720764148020274,0.125,0.27173750850954087,-0.27173750850954087,robust_return<=0; median_irr<=hurdle,False
108,MCD,264.76,0.0018562266915978821,0.01923891651385932,-0.13281965374189886,0.10176672748057174,0.0,0.12,0.25,0.13281965374189886,0.25281965374189885,0.13281965374189886,0.25281965374189885,99.72478725599274,207.98267895541764,303.9820063197516,99.72478725599274,303.9820063197516,False,,-0.2144482589688108,0.8179,1.0,0.1227561906112353,0.9367,-0.10076108348614067,0.8179,valid,,,,,False,ok,False,,McDonald's Corporation,Consumer Cyclical,Restaurants,general_dcf,188113568560.0,0.9367,0.18973077036347563,0.13139506502445034,0.06667209811927365,0.12305867224420199,0.43523389640373805,0.46012314642766056,0.03411765915312581,3.611066290170768,0.006635802469135803,-0.012660165475957386,elevated_leverage,8.0,2025.0,ttm,2026-05-07,2026-07-24,True,,,,0.13281965374189886,0.06137809530561765,0.125,0.25281965374189885,-0.25281965374189885,robust_return<=0; median_irr<=hurdle,False
102,OTIS,71.93,0.001265032960509456,0.020516215969109936,-0.12925719545455644,0.09328489535837439,0.0,0.12,0.25,0.12925719545455644,0.24925719545455643,0.12925719545455644,0.24925719545455643,25.45622008350154,52.67790640699655,73.11246520971699,25.45622008350154,73.11246520971699,False,,-0.26765040446272015,0.80577,1.0,0.11709794540646541,0.9848,-0.09948378403089006,0.80577,valid,,,forward_roic_cap_hit,,False,ok,False,,Otis Worldwide Corporation,Industrials,Industrial - Machinery,general_dcf,27600697347.0,0.9848,0.7258816088734021,,0.08014054819197243,0.6457410606814297,0.1447580284207614,0.15351083093018578,0.015981973389793902,3.264120276310443,0.0,-0.029715895277589777,elevated_leverage,8.0,2025.0,ttm,2026-07-23,2026-07-24,True,,,,0.12925719545455644,0.058548972703232706,0.125,0.24925719545455643,-0.24925719545455643,robust_return<=0; median_irr<=hurdle,False
73,AOS,60.78,0.0005913696601055791,0.00693907208042222,-0.08171890634112058,0.07020624082069846,0.0,0.12,0.25,0.08171890634112058,0.20171890634112058,0.08171890634112058,0.20171890634112058,27.575432678196737,41.225522874176264,52.85577910364694,27.575432678196737,52.85577910364694,False,,-0.3217255203327367,0.8177,1.0,0.08143157358090952,0.951,-0.11306092791957778,0.8177,valid,,,,,False,ok,False,,A. O. Smith Corporation,Industrials,Industrial - Machinery,general_dcf,8491379000.000001,0.951,0.23595830407238708,0.2108640304651065,0.10050211512965755,0.13545618894272954,0.17426573959201086,0.18547181195729165,0.026568913605153677,0.5690934238652081,0.0036029450159260614,-0.03689098878566355,,8.0,2025.0,ttm,2026-04-30,2026-07-24,True,,,,0.08171890634112058,0.04071578679045476,0.125,0.20171890634112058,-0.20171890634112058,robust_return<=0; median_irr<=hurdle,False
84,MTB,249.6,-0.0025673718023444536,0.01519761261771313,-0.10475632882559505,0.06409161638079097,0.0,0.12,0.25,0.10475632882559505,0.22475632882559504,0.10475632882559505,0.22475632882559504,143.53270794503695,269.15194337167185,340.51769797255434,143.53270794503695,340.51769797255434,False,,0.07833310645701874,0.6,0.8,0.102423972603193,0.533277620614586,-0.10480238738228687,0.48,valid,,,specialist_model_v1,,False,specialist,False,,M&T Bank Corporation,Financial Services,Banks - Regional,bank,36175276800.0,,,,,,,,,,,,,,,,,2026-07-24,True,144933000.0,0.569,Justified P/B residual-income proxy; no regulatory-capital or reserve-detail model,0.10475632882559505,0.0512119863015965,0.125,0.22475632882559504,-0.22475632882559504,robust_return<=0; median_irr<=hurdle,False
68,HRL,25.31,-0.0037218729499727196,-0.008250655396841437,-0.07000252432189878,0.07161634331569078,0.0,0.12,0.0,0.07000252432189878,0.1900025243218988,0.07000252432189878,0.1900025243218988,13.319510875832968,16.9192090835222,25.47234290149357,13.319510875832968,25.47234290149357,False,,-0.33152077899951793,0.6015870000000001,1.0,0.08276182381879478,0.6897,-0.12825065539684144,0.6015870000000001,valid,,,forward_roic_floor_hit;reinvestment_cap_hit,,False,ok,False,,Hormel Foods Corporation,Consumer Defensive,Packaged Foods,general_dcf,13928472650.0,0.6897,0.056166924608703754,-0.8173585816308039,0.06803815828078243,-0.011871233672078672,0.1019744015582596,0.05751382294355734,0.0345289804796276,2.052479806562443,0.0019489468699114664,0.0007539661826108102,incremental_roic_below_wacc,8.0,2025.0,ttm,2026-05-28,2026-07-24,True,,,,0.07000252432189878,0.04138091190939739,0.0,0.1900025243218988,-0.1900025243218988,robust_return<=0; median_irr<=hurdle,False
55,VZ,46.38,-0.005118308495730134,-0.013809950405266107,-0.05485190129838881,0.061998568126000485,0.0,0.12,0.0,0.05485190129838881,0.1748519012983888,0.05485190129838881,0.1748519012983888,24.69674094688302,26.86938143473173,42.59232497290439,24.69674094688302,42.59232497290439,False,,-0.4206687918341585,0.6557355,1.0,0.06875316971219464,0.7606,-0.1338099504052661,0.6557355,valid,,,forward_roic_floor_hit;wacc_floor_hit;reinvestment_cap_hit,,False,ok,False,,Verizon Communications Inc.,Communication Services,Telecommunications Services,general_dcf,193662472800.0,0.7606,0.0784689418881008,-0.07161350908395321,0.065,0.0134689418881008,0.22817686263697068,0.2121728256651287,0.007814059039057186,3.891215473052898,0.0,0.0004755112461742872,elevated_leverage;thin_interest_coverage;incremental_roic_below_wacc,8.0,2025.0,ttm,2026-05-01,2026-07-24,True,,,,0.05485190129838881,0.03437658485609732,0.0,0.1748519012983888,-0.1748519012983888,robust_return<=0; median_irr<=hurdle,False
67,KIM,26.1,-0.005532309546817105,-0.012290189532313534,-0.06986740481398646,0.0723185456913451,0.0,0.12,0.25,0.06986740481398646,0.18986740481398645,0.06986740481398646,0.18986740481398645,18.170414176714768,24.535072437133035,37.004930518620256,18.170414176714768,37.004930518620256,False,,-0.05995891045467305,0.6,0.8,0.08909297525266577,0.7405893837596517,-0.13229018953231353,0.48,valid,,,specialist_model_v1,,False,specialist,False,,Kimco Realty Corporation,Real Estate,REIT - Retail,reit,17601579000.0,,,,,,,,,,,,,,,,,2026-07-24,True,674390000.0,0.969,P/AFFO Gordon proxy; no property-level NOI or maintenance-capex detail,0.06986740481398646,0.044546487626332884,0.125,0.18986740481398645,-0.18986740481398645,robust_return<=0; median_irr<=hurdle,False
296,UAL,118.27,-0.006438072992023092,0.15100583332823592,-0.95,0.6222360413754358,0.75,0.12,0.25,0.95,1.0699999999999998,0.95,1.0699999999999998,-56.168677517414466,146.85573545142958,774.3079165269538,-56.168677517414466,774.3079165269538,False,,0.2416989553684754,0.408,1.0,0.8038780206877179,0.486,0.03100583332823592,0.408,valid,,,,,False,ok,True,bear,"United Airlines Holdings, Inc.",Industrials,"Airlines, Airports & Air Services",general_dcf,38386893900.0,0.486,0.11139724115697172,0.5465351348676303,0.0897960477592244,0.021601193397747326,0.07828532791915829,0.0774856125401418,0.05244136817293299,2.3960326392796847,0.0,-0.003546847796669028,thin_interest_coverage;cyclical_revenue,8.0,2025.0,ttm,2026-07-16,2026-07-24,True,,,,0.95,0.4019390103438589,0.125,1.0699999999999998,-1.0573496200020795,robust_return<=0,False
154,GM,82.64,-0.007804262136050941,0.004593146906700012,-0.1772181149513926,0.13681477259378882,0.25,0.12,0.25,0.1772181149513926,0.2972181149513926,0.1772181149513926,0.2972181149513926,21.761079375694727,50.602253097290415,97.02967188250817,21.761079375694727,97.02967188250817,False,,-0.3876784475158469,0.4081671,1.0,0.17477143077259072,0.1924,-0.11540685309329998,0.4081671,valid,,,forward_roic_floor_hit;share_change_floor_hit;reinvestment_cap_hit,,False,ok,False,,General Motors Company,Consumer Cyclical,Auto - Manufacturers,general_dcf,74743875348.0,0.1924,0.02110439246930853,-0.24899975272828603,0.10001694114995352,-0.07891254868064498,0.054134788670623685,0.009777552593423059,0.03335752810947534,0.7423309178743961,0.0,-0.14167131736471228,thin_interest_coverage;incremental_roic_below_wacc,8.0,2025.0,ttm,2026-07-21,2026-07-24,True,,,,0.1772181149513926,0.08738571538629536,0.125,0.2972181149513926,-0.2972181149513926,robust_return<=0; median_irr<=hurdle,False
140,TXT,95.53,-0.008966112256166506,0.004517301794840051,-0.16786161524942145,0.12296256263507531,0.25,0.12,0.25,0.16786161524942145,0.28786161524942144,0.16786161524942145,0.28786161524942144,29.38709758235687,67.50947095585992,108.71380919468338,29.38709758235687,108.71380919468338,False,,-0.29331653976907857,0.62181,0.7,0.16575778894224838,0.6826,-0.11548269820515994,0.43526699999999996,valid,,,share_change_floor_hit,,False,ok,False,,Textron Inc.,Industrials,Aerospace & Defense,general_dcf,16611616170.0,0.6826,0.10606703326884692,0.25759232874061827,0.08417983407157606,0.021887199197270862,0.07336775937487461,0.08439759443205622,0.008248732569438255,1.376219512195122,0.0,-0.05701769422892122,,8.0,2025.0,annual,2026-02-11,2026-07-24,True,,,,0.16786161524942145,0.08287889447112419,0.125,0.28786161524942144,-0.28786161524942144,robust_return<=0; median_irr<=hurdle,False
92,PM,193.0,-0.009955972847092178,0.0030251505551860012,-0.11324858398293142,0.06737439148419071,0.0,0.12,0.25,0.11324858398293142,0.2332485839829314,0.11324858398293142,0.2332485839829314,81.12358141649386,142.457012305661,191.7830788732442,81.12358141649386,191.7830788732442,False,,-0.2618807652556424,0.8831,1.0,0.09381848773356107,0.9783,-0.116974849444814,0.8831,valid,,,,,False,ok,False,,Philip Morris International Inc.,Consumer Defensive,Tobacco,general_dcf,300802080000.0,0.9783,0.3645060948567819,0.0740186415125545,0.06861791143520225,0.2958881834215797,0.375011668771804,0.37745916088847103,0.046226778751697895,2.3809366026065826,0.0,0.0023186132197321463,,8.0,2025.0,ttm,2026-07-24,2026-07-24,True,,,,0.11324858398293142,0.04690924386678053,0.125,0.2332485839829314,-0.2332485839829314,robust_return<=0; median_irr<=hurdle,False
56,LMT,582.6,-0.011721860822217395,-0.013327632893924576,-0.05730110069707731,0.03706892319605688,0.0,0.12,0.0,0.05730110069707731,0.1773011006970773,0.05730110069707731,0.1773011006970773,306.7783870538134,377.2896855264331,491.530911254696,306.7783870538134,491.530911254696,False,,-0.35240356071672996,0.7063200000000001,1.0,0.0559954119465671,0.9652,-0.13332763289392457,0.7063200000000001,valid,,,forward_roic_floor_hit;reinvestment_cap_hit,,False,ok,False,,Lockheed Martin Corporation,Industrials,Aerospace & Defense,general_dcf,134326586400.0,0.9652,0.30714651909252777,-0.22619799174616526,0.06939337767856422,0.23775314141396353,0.129345407397142,0.11883463381067992,0.04882312670059519,1.544641210108836,0.003921800772520756,-0.04412001399874721,incremental_roic_below_wacc,8.0,2025.0,ttm,2026-07-23,2026-07-24,True,,,,0.05730110069707731,0.02799770597328355,0.0,0.1773011006970773,-0.1773011006970773,robust_return<=0; median_irr<=hurdle,False
173,MRK,131.07,-0.012366452385322163,0.008524702972499682,-0.20444198857294393,0.1379267730866559,0.25,0.12,0.25,0.20444198857294393,0.32444198857294393,0.20444198857294393,0.32444198857294393,34.33125726198327,99.15953122349313,173.72758215862697,34.33125726198327,173.72758215862697,False,,-0.24346127089728287,0.6746,1.0,0.1809463808297999,0.7911,-0.11147529702750031,0.6746,valid,,,,,False,ok,False,,"Merck & Co., Inc.",Healthcare,Drug Manufacturers - General,general_dcf,323719307400.0,0.7911,0.16631601978689647,0.3538441559451518,0.0691195081959685,0.09719651159092797,0.24108456958368574,0.27591358834021923,0.0631423349445206,1.8632247543023905,0.01072943524910588,-0.009264693518373779,,8.0,2025.0,ttm,2026-05-04,2026-07-24,True,,,,0.20444198857294393,0.09047319041489996,0.125,0.32444198857294393,-0.32444198857294393,robust_return<=0; median_irr<=hurdle,False
133,AIZ,276.94,-0.013708180175568019,0.010134088243044292,-0.15831801674232615,0.08321711955396549,0.0,0.12,0.25,0.15831801674232615,0.27831801674232615,0.15831801674232615,0.27831801674232615,116.98383178118864,291.25998560062845,413.01256430049375,116.98383178118864,413.01256430049375,False,,0.051707899186208106,0.6,0.8,0.1387675681481458,0.4016474543866633,-0.1098659117569557,0.48,valid,,,specialist_model_v1,,False,specialist,False,,"Assurant, Inc.",Financial Services,Insurance - Specialty,insurance,13721721760.0,,,,,,,,,,,,,,,,,2026-07-24,True,49547634.00014444,0.555,Justified P/B residual-income proxy; no regulatory-capital or reserve-detail model,0.15831801674232615,0.0693837840740729,0.125,0.27831801674232615,-0.27831801674232615,robust_return<=0; median_irr<=hurdle,False
69,HSY,174.3,-0.015077061078773091,-0.017203881705063373,-0.0717028240294894,0.045802343124523776,0.0,0.12,0.0,0.0717028240294894,0.1917028240294894,0.0717028240294894,0.1917028240294894,87.53226866072059,110.66744249038275,153.7453641756905,87.53226866072059,153.7453641756905,False,,-0.3650749139966566,0.656343,0.85,0.07356229357700658,0.8401,-0.13720388170506337,0.55789155,valid,,,forward_roic_floor_hit;reinvestment_cap_hit,,False,ok,False,,The Hershey Company,Consumer Defensive,Food Confectioners,general_dcf,35355601134.0,0.8401,0.15424605174584108,-0.4027921326222956,0.06929541205017219,0.08495063969566889,0.21786215855119656,0.14080405132911095,0.05971136737461946,2.0316431247126587,0.005598424162477114,-0.003725755580062051,incremental_roic_below_wacc,8.0,2025.0,ttm,2026-04-30,2026-07-24,True,,,,0.0717028240294894,0.03678114678850329,0.0,0.1917028240294894,-0.1917028240294894,robust_return<=0; median_irr<=hurdle,False
194,GDDY,93.16,-0.01540755636233368,0.017863417370244886,-0.23292026497656476,0.13556320478674028,0.25,0.12,0.25,0.23292026497656476,0.35292026497656476,0.23292026497656476,0.35292026497656476,20.649072457985085,68.5106664146052,113.65979497527502,20.649072457985085,113.65979497527502,False,,-0.2645913867045384,0.6130890000000001,1.0,0.19584906488165252,0.733,-0.10213658262975511,0.6130890000000001,valid,,,forward_roic_cap_hit;share_change_floor_hit,,False,ok,False,,GoDaddy Inc.,Technology,Software - Infrastructure,general_dcf,12335301347.0,0.733,0.3819031766830754,6.204132231404959,0.0828373859880582,0.29906579069501715,0.11102806941403387,0.23850946513525886,0.09280680491839521,1.9770677266473016,0.06557771363596607,-0.05956701407576903,heavy_sbc;peak_cycle_margins,8.0,2025.0,ttm,2026-05-01,2026-07-24,True,,,,0.23292026497656476,0.09792453244082626,0.125,0.35292026497656476,-0.35292026497656476,robust_return<=0; median_irr<=hurdle,False
226,GEN,25.84,-0.016047452122438667,0.02217689694371077,-0.28102271927054967,0.17247911689337345,0.25,0.12,0.25,0.28102271927054967,0.40102271927054967,0.28102271927054967,0.40102271927054967,3.7957209112096733,17.02448979566015,36.18849144660108,3.7957209112096733,36.18849144660108,False,,-0.34115751564782704,0.41148,1.0,0.24440651808196157,0.6392,-0.09782310305628922,0.41148,valid,,,reinvestment_cap_hit,,False,ok,False,,Gen Digital Inc.,Technology,Software - Infrastructure,general_dcf,15566894560.0,0.6392,0.15378059645713996,0.10027188194900236,0.09272278490445462,0.06105781155268533,0.355338434982158,0.4282,0.007931476795870251,2.9832953682612,0.03631578947368421,-0.008077897235781228,thin_interest_coverage;cyclical_revenue,8.0,2026.0,ttm,2026-05-21,2026-07-24,True,,,,0.28102271927054967,0.12220325904098078,0.125,0.40102271927054967,-0.40102271927054967,robust_return<=0; median_irr<=hurdle,False
123,QCOM,166.97,-0.017744820352527283,-0.0075997039210051005,-0.15137901621637861,0.09559914264827969,0.0,0.12,0.25,0.15137901621637861,0.2713790162163786,0.15137901621637861,0.2713790162163786,50.45690917266258,98.05825654185688,147.01120053553203,50.45690917266258,147.01120053553203,False,,-0.4127193116017436,0.5387,1.0,0.13732807943232914,0.8972,-0.1275997039210051,0.5387,valid,,,,,False,ok,False,,QUALCOMM Incorporated,Technology,Semiconductors,general_dcf,175986380000.0,0.8972,0.30269917712161976,0.19884242462262983,0.12283110088053349,0.17986807624108625,0.27240711397066963,0.25524310472722367,0.09994948852052121,0.4231245166279969,0.06796365689646322,-0.01943111813623355,heavy_sbc;cyclical_revenue,8.0,2025.0,ttm,2026-04-29,2026-07-24,True,,,,0.15137901621637861,0.06866403971616457,0.125,0.2713790162163786,-0.2713790162163786,robust_return<=0; median_irr<=hurdle,False
113,L,117.9,-0.021924748941703626,-0.001709110263764857,-0.13794486990119836,0.053664094661913575,0.0,0.12,0.25,0.13794486990119836,0.25794486990119836,0.13794486990119836,0.25794486990119836,56.129220187227325,116.89591754574414,153.11745786615737,56.129220187227325,153.11745786615737,False,,-0.00851639062133902,0.6,0.8,0.11380448228155596,0.4801640755782821,-0.12170911026376485,0.48,valid,,,specialist_model_v1,,False,specialist,False,,Loews Corporation,Financial Services,Insurance - Property & Casualty,insurance,24260150127.0,,,,,,,,,,,,,,,,,2026-07-24,True,205768873.00254452,0.518,Justified P/B residual-income proxy; no regulatory-capital or reserve-detail model,0.13794486990119836,0.05690224114077798,0.125,0.25794486990119836,-0.25794486990119836,robust_return<=0; median_irr<=hurdle,False
117,HBAN,17.36,-0.023994709582261686,-0.003559652589644413,-0.14389104277844145,0.05503150962868353,0.0,0.12,0.25,0.14389104277844145,0.26389104277844144,0.14389104277844145,0.26389104277844144,7.983529340217544,17.053214046521216,22.692214143396832,7.983529340217544,22.692214143396832,False,,-0.01767200192850138,0.6,0.8,0.11746127620356248,0.46815393968775937,-0.12355965258964441,0.48,valid,,,specialist_model_v1,,False,specialist,False,,Huntington Bancshares Incorporated,Financial Services,Banks - Regional,bank,35190976800.0,,,,,,,,,,,,,,,,,2026-07-24,True,2027130000.0,0.952,Justified P/B residual-income proxy; no regulatory-capital or reserve-detail model,0.14389104277844145,0.05873063810178124,0.125,0.26389104277844144,-0.26389104277844144,robust_return<=0; median_irr<=hurdle,False
76,DHI,146.76,-0.024362573203688908,-0.03446738259226545,-0.09303948601009318,0.06452395837986845,0.0,0.12,0.25,0.09303948601009318,0.21303948601009318,0.09303948601009318,0.21303948601009318,61.00583533103218,67.7609141570558,116.70737471643268,61.00583533103218,116.70737471643268,False,,-0.5382875841029178,0.4589055,1.0,0.09501455719498081,0.6802,-0.15446738259226545,0.4589055,valid,,,forward_roic_floor_hit;share_change_floor_hit;reinvestment_cap_hit,,False,ok,False,,"D.R. Horton, Inc.",Consumer Cyclical,Residential Construction,general_dcf,41618200800.0,0.6802,0.1028222551421561,-0.07310092748107339,0.1050776461766994,-0.002255391034543308,0.15579730005557357,0.11639015409341558,0.11418597975037237,1.2604286644298663,0.003209117044460265,-0.0667373579426046,incremental_roic_below_wacc,8.0,2025.0,ttm,2026-07-23,2026-07-24,True,,,,0.09303948601009318,0.047507278597490404,0.125,0.21303948601009318,-0.21303948601009318,robust_return<=0; median_irr<=hurdle,False
91,ADP,250.09,-0.025990508242102774,-0.016452002199366662,-0.11097389944770834,0.03991587087803057,0.0,0.12,0.25,0.11097389944770834,0.23097389944770835,0.11097389944770834,0.23097389944770835,101.13351768122601,159.60487373405715,203.90192326771037,101.13351768122601,203.90192326771037,False,,-0.36181025337255723,0.81504,1.0,0.08099368516286946,0.9696,-0.13645200219936665,0.81504,valid,,,forward_roic_cap_hit,,False,ok,False,,"Automatic Data Processing, Inc.",Technology,Software - Application,general_dcf,99969546585.0,0.9696,0.4302288063895208,1.6727003162548022,0.08724772590330818,0.3429810804862127,0.22604047931542276,0.19199092613596908,0.06389343834085914,0.21501974691706294,0.012680574505535709,-0.015108784872464032,,8.0,2025.0,ttm,2026-04-30,2026-07-24,True,,,,0.11097389944770834,0.04049684258143473,0.125,0.23097389944770835,-0.23097389944770835,robust_return<=0; median_irr<=hurdle,False
80,MSFT,381.7,-0.026557709902408508,-0.019714630884118345,-0.09658615429361815,0.029784576452220816,0.0,0.12,0.25,0.09658615429361815,0.21658615429361816,0.09658615429361815,0.21658615429361816,150.42177735168508,221.34239383825116,277.3468291047516,150.42177735168508,277.3468291047516,False,,-0.42011424197471536,0.8867,1.0,0.06658436537291948,0.9665,-0.13971463088411834,0.8867,valid,,,,,False,ok,False,,Microsoft Corporation,Technology,Software - Infrastructure,general_dcf,2835431731000.0,0.9665,0.26765942539591014,0.18198460153252746,0.10119433312401778,0.16646509227189238,0.416838797545377,0.4680164512855316,0.14325890661039442,0.2448776131182952,0.04379043904667879,-0.004217586191098577,,8.0,2025.0,ttm,2026-04-29,2026-07-24,True,,,,0.09658615429361815,0.03329218268645974,0.125,0.21658615429361816,-0.21658615429361816,robust_return<=0; median_irr<=hurdle,False
197,SLB,52.42,-0.027469971895334275,-0.0050636860309168415,-0.23775349111529065,0.13800097559578722,0.25,0.12,0.25,0.23775349111529065,0.35775349111529064,0.23775349111529065,0.35775349111529064,11.714028603656082,36.98219043210219,69.10570500997792,11.714028603656082,69.10570500997792,False,,-0.2945022809595156,0.5554,0.7,0.21021523335553893,0.6456,-0.12506368603091683,0.38877999999999996,valid,,,,,False,ok,False,,Slb N.V.,Energy,Oil & Gas Equipment & Services,general_dcf,78371045200.0,0.6456,0.1293589575222296,0.26793802341834855,0.07902333467839218,0.05033562284383741,0.13417969730870635,0.15279061301072558,0.012147044721517952,0.9996295838992468,0.008842613550626226,0.01169294396507281,cyclical_revenue,8.0,2025.0,annual,2026-01-23,2026-07-24,True,,,,0.23775349111529065,0.10510761667776947,0.125,0.35775349111529064,-0.35775349111529064,robust_return<=0; median_irr<=hurdle,False
83,AVY,160.9,-0.02795478228727004,-0.020024980630842012,-0.10136228959891011,0.029593121711513983,0.0,0.12,0.25,0.10136228959891011,0.2213622895989101,0.10136228959891011,0.2213622895989101,67.53443184895185,97.26227040249184,122.20975941799949,67.53443184895185,122.20975941799949,False,,-0.39551106027040506,0.8276,1.0,0.07064970565521204,0.8469,-0.140024980630842,0.8276,valid,,,,,False,ok,False,,Avery Dennison Corporation,Consumer Cyclical,Packaging & Containers,general_dcf,12307305360.0,0.8469,0.14469532757525053,0.0533767593904854,0.07840926505798558,0.06628606251726495,0.12112797327355174,0.12449892845642205,0.03084742229791626,2.424055406980731,0.0031505843825870928,-0.02154775086462868,incremental_roic_below_wacc,8.0,2025.0,ttm,2026-05-05,2026-07-24,True,,,,0.10136228959891011,0.03532485282760602,0.125,0.2213622895989101,-0.2213622895989101,robust_return<=0; median_irr<=hurdle,False
106,EBAY,109.39,-0.029429243050981272,-0.02021894838544537,-0.13141122767701738,0.05413215224398303,0.0,0.12,0.25,0.13141122767701738,0.2514112276770174,0.13141122767701738,0.2514112276770174,36.461536870654534,63.138898172455384,85.83692094653878,36.461536870654534,85.83692094653878,False,,-0.4228092314429529,0.66816,1.0,0.1027268899605002,0.9486,-0.14021894838544535,0.66816,valid,,,share_change_floor_hit,,False,ok,False,,eBay Inc.,Consumer Cyclical,Specialty Retail,general_dcf,48569160000.0,0.9486,0.25351022037760845,,0.10719599614980674,0.14631422422780171,0.2318380411812394,0.19579455360220613,0.036268770373628634,1.240995172669885,0.0568631329113924,-0.06439184111788199,heavy_sbc,8.0,2025.0,ttm,2026-04-29,2026-07-24,True,,,,0.13141122767701738,0.0513634449802501,0.125,0.2514112276770174,-0.2514112276770174,robust_return<=0; median_irr<=hurdle,False
186,SWK,91.26,-0.02955325406219341,0.004773606546223191,-0.2234467269969172,0.09568649765569717,0.0,0.12,0.25,0.2234467269969172,0.3434467269969172,0.2234467269969172,0.3434467269969172,18.675834938163565,58.835019461489146,88.01206488728238,18.675834938163565,88.01206488728238,False,,-0.35530331512722835,0.6687,1.0,0.1695056123263072,0.6511,-0.1152263934537768,0.6687,valid,,,,,False,ok,False,,"Stanley Black & Decker, Inc.",Industrials,Manufacturing - Tools & Accessories,general_dcf,14186874771.0,0.6511,0.07053716551040634,,0.09664985323984548,-0.026112687729439144,0.11132867047083822,0.07787450269823137,0.011336139540656154,3.6586858365019013,0.0054724263733939614,-0.008945795663361622,elevated_leverage;thin_interest_coverage,8.0,2025.0,ttm,2026-04-29,2026-07-24,True,,,,0.2234467269969172,0.0847528061631536,0.125,0.3434467269969172,-0.3434467269969172,robust_return<=0; median_irr<=hurdle,False
196,KVUE,19.28,-0.03204098345013333,-0.0067509010666981055,-0.23446424491703508,0.11980211324989798,0.0,0.12,0.25,0.23446424491703508,0.3544642449170351,0.23446424491703508,0.3544642449170351,4.308168858026307,13.511814780528407,23.942045999120463,4.308168858026307,23.942045999120463,False,,-0.2991797313003939,0.7407,0.95,0.18641217908346655,0.5165,-0.1267509010666981,0.703665,valid,,,,,False,ok,False,,Kenvue Inc.,Consumer Defensive,Household & Personal Products,general_dcf,37017767119.0,0.5165,0.12068022198095033,,0.06685430139779538,0.05382592058315494,0.16265216265216265,0.1962464033481559,0.009098884434247001,2.1279102384291724,0.012173012173012173,0.0012354431745782435,,7.0,2025.0,ttm,2026-05-07,2026-07-24,True,,,,0.23446424491703508,0.09320608954173328,0.125,0.3544642449170351,-0.3544642449170351,robust_return<=0; median_irr<=hurdle,False
160,BSX,44.25,-0.032391812553396404,-0.015939816483296426,-0.19124233319889747,0.09355471595190469,0.0,0.12,0.25,0.19124233319889747,0.3112423331988975,0.19124233319889747,0.3112423331988975,12.84527989850186,30.00121186897473,50.066080040248195,12.84527989850186,50.066080040248195,False,,-0.32200651143559933,0.6646,1.0,0.15246052457540107,0.5,-0.13593981648329642,0.6646,valid,,,,,False,ok,False,,Boston Scientific Corporation,Healthcare,Medical - Devices,general_dcf,65771216671.00001,0.5,0.10017304374020378,0.16740732851380255,0.07246640120608787,0.027706642534115908,0.15840997764783987,0.20116420082464226,0.1074940369415851,1.7153943331528605,0.015883441810473516,0.012643072407720446,,8.0,2025.0,ttm,2026-03-31,2026-07-24,True,,,,0.19124233319889747,0.07623026228770054,0.125,0.3112423331988975,-0.3112423331988975,robust_return<=0; median_irr<=hurdle,False
96,ERIE,223.55,-0.03255883793419173,-0.018852370268751306,-0.11752284936451374,0.024992238165249425,0.0,0.12,0.25,0.11752284936451374,0.23752284936451373,0.11752284936451374,0.23752284936451373,119.64430211794644,203.25744836888416,252.91672968702088,119.64430211794644,252.91672968702088,False,,-0.09077410705039524,0.6,0.8,0.08925754376488157,0.5886342816859955,-0.1388523702687513,0.48,valid,,,specialist_model_v1,,False,specialist,False,,Erie Indemnity Company,Financial Services,Insurance - Property & Casualty,insurance,10325573305.0,,,,,,,,,,,,,,,,,2026-07-24,True,46189100.0,0.286,Justified P/B residual-income proxy; no regulatory-capital or reserve-detail model,0.11752284936451374,0.044628771882440785,0.125,0.23752284936451373,-0.23752284936451373,robust_return<=0; median_irr<=hurdle,False
71,NKE,41.7,-0.033021284156711746,-0.038597761758137464,-0.07558684472460298,0.02069723161403092,0.0,0.12,0.0,0.07558684472460298,0.19558684472460297,0.07558684472460298,0.19558684472460297,19.865226877696667,21.440001111133146,28.629974418373866,19.865226877696667,28.629974418373866,False,,-0.4858512922989654,0.588708,1.0,0.060480798169316945,0.8396,-0.15859776175813745,0.588708,valid,,,forward_roic_floor_hit;reinvestment_cap_hit,,False,ok,False,,"NIKE, Inc.",Consumer Cyclical,Apparel - Footwear & Accessories,general_dcf,61708128083.0,0.8396,0.1903205635142238,-1.2394377554731943,0.09556516519413474,0.09475539832008906,0.11874099658327855,0.0819000819000819,0.024685360359247177,0.44078224566029445,0.015410146989094358,-0.01880382435635297,incremental_roic_below_wacc,8.0,2026.0,ttm,2026-07-15,2026-07-24,True,,,,0.07558684472460298,0.030240399084658472,0.0,0.19558684472460297,-0.19558684472460297,robust_return<=0; median_irr<=hurdle,False
122,HII,287.59,-0.0346707312208309,-0.024361646556644672,-0.1505129993456648,0.06055336757563057,0.0,0.12,0.25,0.1505129993456648,0.2705129993456648,0.1505129993456648,0.2705129993456648,96.53098085742002,176.26435508580929,273.0528118536766,96.53098085742002,273.0528118536766,False,,-0.3870984558370969,0.6581699999999999,1.0,0.11578808346064769,0.6446,-0.14436164655664466,0.6581699999999999,valid,,,reinvestment_cap_hit,,False,ok,False,,"Huntington Ingalls Industries, Inc.",Industrials,Aerospace & Defense,general_dcf,11332196359.999998,0.6446,0.06621902324690654,0.04451518236260853,0.06768678626185193,-0.001467763014945389,0.06102485467315274,0.048797571795470465,0.06232886601518706,2.8488982161594962,0.002968395320412083,-0.006694761373249314,incremental_roic_below_wacc,8.0,2025.0,ttm,2026-05-05,2026-07-24,True,,,,0.1505129993456648,0.05789404173032384,0.125,0.2705129993456648,-0.2705129993456648,robust_return<=0; median_irr<=hurdle,False
104,RF,30.86,-0.034998242709699784,-0.018869853433205575,-0.1302126165822356,0.02795935260984761,0.0,0.12,0.25,0.1302126165822356,0.2502126165822356,0.1302126165822356,0.2502126165822356,15.362483894853927,28.056211241092605,35.422208311825706,15.362483894853927,35.422208311825706,False,,-0.090855112083843,0.6,0.8,0.09708598459604159,0.5475608863520824,-0.13886985343320557,0.48,valid,,,specialist_model_v1,,False,specialist,False,,Regions Financial Corporation,Financial Services,Banks - Regional,bank,26335306800.0,,,,,,,,,,,,,,,,,2026-07-24,True,853380000.0,1.012,Justified P/B residual-income proxy; no regulatory-capital or reserve-detail model,0.1302126165822356,0.048542992298020796,0.125,0.2502126165822356,-0.2502126165822356,robust_return<=0; median_irr<=hurdle,False
107,BR,148.92,-0.03523083509790011,-0.024869289787602576,-0.1318522550049238,0.04066749418852854,0.0,0.12,0.25,0.1318522550049238,0.2518522550049238,0.1318522550049238,0.2518522550049238,51.61245889216203,87.77536955765017,118.7646291035228,51.61245889216203,118.7646291035228,False,,-0.4105870967119919,0.8725,1.0,0.09008487459672618,0.8624,-0.14486928978760258,0.8725,valid,,,,,False,ok,False,,"Broadridge Financial Solutions, Inc.",Technology,Information Technology Services,general_dcf,17223789360.0,0.8624,0.16823569567196237,,0.0849603263409638,0.08327536933099856,0.14387942785845714,0.17143520478538163,0.0685924193098515,1.9448971915747242,0.010850187496157866,-0.004237338963661075,,8.0,2025.0,ttm,2026-04-30,2026-07-24,True,,,,0.1318522550049238,0.04504243729836309,0.125,0.2518522550049238,-0.2518522550049238,robust_return<=0; median_irr<=hurdle,False
165,ABBV,259.36,-0.038436166529208976,-0.021758428425528074,-0.1964283307679579,0.08620052150217818,0.0,0.12,0.25,0.1964283307679579,0.3164283307679579,0.1964283307679579,0.3164283307679579,68.41109444801884,166.8144479450293,277.51555603809993,68.41109444801884,277.51555603809993,False,,-0.3568227639380426,0.6369,1.0,0.15220742613506802,0.8432,-0.14175842842552808,0.6369,valid,,,,,False,ok,False,,AbbVie Inc.,Healthcare,Drug Manufacturers - General,general_dcf,458235379823.99603,0.8432,0.17156849812017677,,0.069678976231278,0.10188952188889877,0.28007514501636444,0.2760470558270587,0.09331472871090596,2.5009654411474957,0.015614780902550687,-0.000750469325035974,,8.0,2025.0,ttm,2026-05-08,2026-07-24,True,,,,0.1964283307679579,0.07610371306753401,0.125,0.3164283307679579,-0.3164283307679579,robust_return<=0; median_irr<=hurdle,False
105,VTR,100.53,-0.04138828650800985,-0.01158041892291839,-0.13081188926328424,-0.01158041892291839,0.0,0.12,0.25,0.13081188926328424,0.25081188926328424,0.13081188926328424,0.25081188926328424,49.87289381083973,94.8423670763413,94.8423670763413,49.87289381083973,94.8423670763413,False,,-0.0565764739247856,0.6,0.8,0.07761573517018291,0.5258503699163858,-0.13158041892291839,0.48,valid,,,specialist_model_v1,,False,specialist,False,,"Ventas, Inc.",Real Estate,REIT - Healthcare Facilities,reit,48874643057.0,,,,,,,,,,,,,,,,,2026-07-24,True,486169730.99572265,0.724,P/AFFO Gordon proxy; no property-level NOI or maintenance-capex detail,0.13081188926328424,0.03880786758509146,0.125,0.25081188926328424,-0.25081188926328424,robust_return<=0; median_irr<=hurdle,False
97,JNJ,263.4,-0.04240863679224273,-0.03503108964359851,-0.11870333177503195,0.019130963893258048,0.0,0.12,0.25,0.11870333177503195,0.23870333177503195,0.11870333177503195,0.23870333177503195,107.7645533760503,164.70236403642434,209.19013672547308,107.7645533760503,209.19013672547308,False,,-0.37470628687765994,0.9158,1.0,0.071443147834145,0.9525,-0.15503108964359852,0.9158,valid,,,,,False,ok,False,,Johnson & Johnson,Healthcare,Drug Manufacturers - General,general_dcf,634061748000.0,0.9525,0.1996631695104311,0.12066491948116082,0.07056539587085713,0.12909777363957398,0.26112666111616145,0.2681126121986337,0.020747946632048597,0.8315346840356397,0.013645063939219578,-0.028827069017122064,,8.0,2025.0,ttm,2026-07-23,2026-07-24,True,,,,0.11870333177503195,0.0357215739170725,0.125,0.23870333177503195,-0.23870333177503195,robust_return<=0; median_irr<=hurdle,False
89,MRSH,180.74,-0.046270066147540034,-0.027957134837654607,-0.10849295367314293,-0.02067304124170799,0.0,0.12,0.25,0.10849295367314293,0.22849295367314293,0.10849295367314293,0.22849295367314293,101.78368697219283,156.84885847699877,162.8144053010253,101.78368697219283,162.8144053010253,False,,-0.13218513623437667,0.6,0.8,0.06190995621571747,0.6489284522725358,-0.1479571348376546,0.48,valid,,,specialist_model_v1,,False,specialist,False,,"Marsh & McLennan Companies, Inc.",Financial Services,Insurance - Brokers,insurance,86251164578.0,,,,,,,,,,,,,,,,,2026-07-24,True,477211267.9982295,0.603,Justified P/B residual-income proxy; no regulatory-capital or reserve-detail model,0.10849295367314293,0.030954978107858733,0.125,0.22849295367314293,-0.22849295367314293,robust_return<=0; median_irr<=hurdle,False
111,MNST,93.49,-0.04938896779494822,-0.04100528710987415,-0.13775459916214453,0.022209302202099955,0.0,0.12,0.25,0.13775459916214453,0.2577545991621445,0.13775459916214453,0.2577545991621445,33.940569468200486,56.245061378521385,74.8129837155129,33.940569468200486,74.8129837155129,False,,-0.3983841974700889,0.851,1.0,0.08445195068212225,0.9638,-0.16100528710987416,0.851,valid,,,,,False,ok,False,,Monster Beverage Corporation,Consumer Defensive,Beverages - Non-Alcoholic,general_dcf,91433978204.0,0.9638,0.3448739651544251,0.23892665820974032,0.07325000000000001,0.2716239651544251,0.30803030191925174,0.29336332359688466,0.11766377971547848,-1.106553369175614,0.012143138082634732,-0.025060425936664577,,8.0,2025.0,ttm,2026-05-08,2026-07-24,True,,,,0.13775459916214453,0.04222597534106112,0.125,0.2577545991621445,-0.2577545991621445,robust_return<=0; median_irr<=hurdle,False
90,DLR,199.08,-0.049517728244418774,-0.029601911533659764,-0.1092651783766958,-0.029601911533659764,0.0,0.12,0.25,0.1092651783766958,0.2292651783766958,0.1092651783766958,0.2292651783766958,111.62713670214902,171.30786159722018,171.30786159722018,111.62713670214902,171.30786159722018,False,,-0.13950240306801198,0.6,0.8,0.057831633421518015,0.6516171275583793,-0.14960191153365976,0.48,valid,,,specialist_model_v1,,False,specialist,False,,"Digital Realty Trust, Inc.",Real Estate,REIT - Industrial,reit,73654822478.0,,,,,,,,,,,,,,,,,2026-07-24,True,369976001.9991963,1.0530016,P/AFFO Gordon proxy; no property-level NOI or maintenance-capex detail,0.1092651783766958,0.028915816710759008,0.125,0.2292651783766958,-0.2292651783766958,robust_return<=0; median_irr<=hurdle,False
136,TRV,387.26,-0.05005595809570346,-0.03198335377473194,-0.15998119226937257,0.023724067436022622,0.0,0.12,0.25,0.15998119226937257,0.27998119226937257,0.15998119226937257,0.27998119226937257,161.9748888106161,329.1673636019569,435.42885832229695,161.9748888106161,435.42885832229695,False,,-0.150009390068799,0.6,0.8,0.10985262985269759,0.4920745697209612,-0.15198335377473193,0.48,valid,,,specialist_model_v1,,False,specialist,False,,"The Travelers Companies, Inc.",Financial Services,Insurance - Property & Casualty,insurance,80772763020.0,,,,,,,,,,,,,,,,,2026-07-24,True,208575022.00072303,0.473,Justified P/B residual-income proxy; no regulatory-capital or reserve-detail model,0.15998119226937257,0.05492631492634879,0.125,0.27998119226937257,-0.27998119226937257,robust_return<=0; median_irr<=hurdle,False
297,DAL,85.06,-0.05214762497926123,0.09685032341512856,-0.95,0.5477088532526979,0.25,0.12,0.25,0.95,1.0699999999999998,0.95,1.0699999999999998,-41.88962542366965,84.9458237693507,480.91250775133625,-41.88962542366965,480.91250775133625,False,,-0.0013423022648636485,0.4189,1.0,0.766287426626349,0.4817,-0.023149676584871437,0.4189,valid,,,,,False,ok,True,bear,"Delta Air Lines, Inc.",Industrials,"Airlines, Airports & Air Services",general_dcf,55937412380.0,0.4817,0.11347644226181147,0.2925212432198165,0.09445058637763888,0.01902585588417259,0.09349638415522864,0.08077672177720503,0.05199235309385486,2.2694814814814817,0.0,0.008252049186159294,cyclical_revenue,8.0,2025.0,ttm,2026-07-10,2026-07-24,True,,,,0.95,0.3831437133131745,0.125,1.0699999999999998,-1.0699999999999998,robust_return<=0; median_irr<=hurdle,False
125,USB,63.97,-0.053313064268064564,-0.03667167987746012,-0.1518717426686499,0.011962845351311868,0.0,0.12,0.25,0.1518717426686499,0.2718717426686499,0.1518717426686499,0.2718717426686499,28.07268907252017,53.06986592998387,67.88896507278984,28.07268907252017,67.88896507278984,False,,-0.17039446725052576,0.6,0.8,0.09991729400998087,0.5289760691982344,-0.1566716798774601,0.48,valid,,,specialist_model_v1,,False,specialist,False,,U.S. Bancorp,Financial Services,Banks - Diversified,bank,99648098640.0,,,,,,,,,,,,,,,,,2026-07-24,True,1557731727.9974988,0.979,Justified P/B residual-income proxy; no regulatory-capital or reserve-detail model,0.1518717426686499,0.049958647004990434,0.125,0.2718717426686499,-0.2718717426686499,robust_return<=0; median_irr<=hurdle,False
147,PPG,116.0,-0.05503938157926311,-0.04252469944185574,-0.17387520066695283,0.0387670732336119,0.0,0.12,0.25,0.17387520066695283,0.29387520066695283,0.17387520066695283,0.29387520066695283,32.0980576212076,62.239457513807864,89.12397978340363,32.0980576212076,89.12397978340363,False,,-0.46345295246717355,0.7541,1.0,0.11369813695028236,0.7586,-0.16252469944185574,0.7541,valid,,,,,False,ok,False,,"PPG Industries, Inc.",Basic Materials,Chemicals - Specialty,general_dcf,25856400000.0,0.7586,0.11179084222607207,,0.08730039042635224,0.02449045179971983,0.12688760969798327,0.12796972892500466,0.004591619879200204,2.344854070660522,0.0026506784474597664,-0.018459166786427894,,8.0,2025.0,ttm,2026-04-29,2026-07-24,True,,,,0.17387520066695283,0.05684906847514118,0.125,0.29387520066695283,-0.29387520066695283,robust_return<=0; median_irr<=hurdle,False
116,FITB,57.41,-0.055667028810330726,-0.04103118911994019,-0.1407804249196497,0.00017468791820718366,0.0,0.12,0.25,0.1407804249196497,0.2607804249196497,0.1407804249196497,0.2607804249196497,26.884895983650367,46.559677102735556,57.4601616891423,26.884895983650367,57.4601616891423,False,,-0.18899708930960535,0.6,0.8,0.08847755641892843,0.5774287464306916,-0.1610311891199402,0.48,valid,,,specialist_model_v1,,False,specialist,False,,Fifth Third Bancorp,Financial Services,Banks - Regional,bank,52031371920.0,,,,,,,,,,,,,,,,,2026-07-24,True,906312000.0,0.922,Justified P/B residual-income proxy; no regulatory-capital or reserve-detail model,0.1407804249196497,0.044238778209464216,0.125,0.2607804249196497,-0.2607804249196497,robust_return<=0; median_irr<=hurdle,False
130,WFC,86.4,-0.056309044248776946,-0.03927919614961717,-0.15686085007371597,0.010183065377842526,0.0,0.12,0.25,0.15686085007371597,0.27686085007371597,0.15686085007371597,0.27686085007371597,36.813746756186035,70.71307422838488,90.889593547223,36.813746756186035,90.889593547223,False,,-0.181561640875175,0.6,0.8,0.10152195772577924,0.5206073580861041,-0.15927919614961716,0.48,valid,,,specialist_model_v1,,False,specialist,False,,Wells Fargo & Company,Financial Services,Banks - Diversified,bank,264400416000.00003,,,,,,,,,,,,,,,,,2026-07-24,True,3060190000.0,0.917,Justified P/B residual-income proxy; no regulatory-capital or reserve-detail model,0.15686085007371597,0.05076097886288962,0.125,0.27686085007371597,-0.27686085007371597,robust_return<=0; median_irr<=hurdle,False
159,LLY,1196.04,-0.05671463904327537,-0.04370371144214002,-0.19032755505832027,0.05087642176949887,0.0,0.12,0.25,0.19032755505832027,0.31032755505832027,0.19032755505832027,0.31032755505832027,320.1259690441997,703.795024722867,1086.502760398424,320.1259690441997,1086.502760398424,False,,-0.4115623016597547,0.5869800000000001,0.85,0.13749258841390957,0.9387,-0.16370371144214002,0.498933,valid,,,base_growth_cap_hit,,False,ok,False,,Eli Lilly and Company,Healthcare,Drug Manufacturers - General,general_dcf,1126359905640.0,0.9387,0.4095918883332159,0.46811342852770665,0.07148853266909266,0.33810335566412325,0.2985125860686211,0.45865507719776605,0.17173452760489116,1.0826359832635983,0.014333066179425301,-0.01941725719694465,peak_cycle_margins,8.0,2025.0,ttm,2026-04-30,2026-07-24,True,,,,0.19032755505832027,0.06874629420695479,0.125,0.31032755505832027,-0.31032755505832027,robust_return<=0; median_irr<=hurdle,False
161,VRSK,201.34,-0.05749441701700558,-0.04371871124603782,-0.1917582938447594,0.049218048268812736,0.0,0.12,0.25,0.1917582938447594,0.3117582938447594,0.1917582938447594,0.3117582938447594,53.376066120181136,117.30080320673228,175.53665683222837,53.376066120181136,175.53665683222837,False,,-0.4173994079331862,0.7063200000000001,1.0,0.12929857105678608,0.943,-0.16371871124603782,0.7063200000000001,valid,,,share_change_floor_hit,,False,ok,False,,"Verisk Analytics, Inc.",Technology,Software - Services,general_dcf,26379937266.0,0.943,0.3719066841025896,,0.07640677197718208,0.2954999121254075,0.42172227797197337,0.44866711794475067,0.03623115196750715,2.3841367680409373,0.017639209815471735,-0.05242106460720275,,8.0,2025.0,ttm,2026-04-29,2026-07-24,True,,,,0.1917582938447594,0.06464928552839304,0.125,0.3117582938447594,-0.3117582938447594,robust_return<=0; median_irr<=hurdle,False
110,GPC,124.21,-0.0578174436181143,-0.05816509127325842,-0.13731659895565818,0.022377007029717816,0.0,0.12,0.25,0.13731659895565818,0.25731659895565817,0.13731659895565818,0.25731659895565817,42.99986556574027,58.048168972535294,93.24110803916008,42.99986556574027,93.24110803916008,False,,-0.5326610661578352,0.70758,1.0,0.088619402992688,0.7144,-0.1781650912732584,0.70758,valid,,,reinvestment_cap_hit,,False,ok,False,,Genuine Parts Company,Consumer Cyclical,Specialty Retail,general_dcf,17123560541.000002,0.7144,0.071265139769287,0.00652465213536238,0.06993653256210292,0.0013286072071840849,0.061460954263392015,0.040090041544320096,0.053860976464620514,3.880246403380469,0.002010152945203075,-0.01018617593716209,elevated_leverage;incremental_roic_below_wacc,8.0,2025.0,ttm,2026-07-21,2026-07-24,True,,,,0.13731659895565818,0.044309701496344,0.125,0.25731659895565817,-0.25731659895565817,robust_return<=0; median_irr<=hurdle,False
195,PGR,213.83,-0.05936253574127798,-0.029499311691840724,-0.23386707517061756,0.05541555558918709,0.0,0.12,0.25,0.23386707517061756,0.35386707517061755,0.23386707517061756,0.35386707517061755,56.44029427212994,184.09749309941884,280.01809089903463,56.44029427212994,280.01809089903463,False,,-0.1390474063535574,0.6,0.8,0.1626413153799023,0.30657828806854137,-0.14949931169184072,0.48,valid,,,specialist_model_v1,,False,specialist,False,,The Progressive Corporation,Financial Services,Insurance - Property & Casualty,insurance,124320762000.0,,,,,,,,,,,,,,,,,2026-07-24,True,581400000.0,0.246,Justified P/B residual-income proxy; no regulatory-capital or reserve-detail model,0.23386707517061756,0.08132065768995116,0.125,0.35386707517061755,-0.35386707517061755,robust_return<=0; median_irr<=hurdle,False
182,PTC,118.52,-0.059540469359490054,-0.04274614516180005,-0.21921858274727124,0.06654899563291114,0.0,0.12,0.25,0.21921858274727124,0.33921858274727124,0.21921858274727124,0.33921858274727124,28.15073842452666,64.15901397086691,104.80655498104413,28.15073842452666,104.80655498104413,False,,-0.4586650863072316,0.6671,1.0,0.1528707891900912,0.5685,-0.16274614516180005,0.6671,valid,,,,,False,ok,False,,PTC Inc.,Technology,Software - Application,general_dcf,13689771120.0,0.5685,0.19333345910402724,0.29146960792156157,0.09228613410875328,0.10104732499527397,0.21465823542404253,0.38705276430520436,0.11964698925178596,0.7267853670731369,0.09722154544410373,0.0009013606968777399,heavy_sbc;peak_cycle_margins,8.0,2025.0,ttm,2026-05-07,2026-07-24,True,,,,0.21921858274727124,0.0764353945950456,0.125,0.33921858274727124,-0.33921858274727124,robust_return<=0; median_irr<=hurdle,False
145,EXPD,175.3,-0.061449626364628765,-0.056424530455842586,-0.1712273736629868,0.03827792911615692,0.0,0.12,0.25,0.1712273736629868,0.2912273736629868,0.1712273736629868,0.2912273736629868,51.98277045692902,93.3286383428383,137.1927180029957,51.98277045692902,137.1927180029957,False,,-0.46760617032037477,0.53991,0.95,0.12005535138957185,0.9805,-0.17642453045584258,0.5129144999999999,valid,,,share_change_floor_hit,,False,ok,False,,"Expeditors International of Washington, Inc.",Industrials,Integrated Freight & Logistics,general_dcf,22927685615.0,0.9805,0.5229825541212312,,0.09797302307507315,0.425009531046158,0.09817747651779296,0.09668865693887972,0.04491666064397681,-0.6606408827345642,0.006254489448874782,-0.0657581801049153,cyclical_revenue,8.0,2025.0,ttm,2026-05-06,2026-07-24,True,,,,0.1712273736629868,0.060027675694785926,0.125,0.2912273736629868,-0.2912273736629868,robust_return<=0; median_irr<=hurdle,False
119,GOOGL,319.74,-0.06427128994582743,-0.056867156513908376,-0.14596092047868292,0.0026100737231900257,0.0,0.12,0.25,0.14596092047868292,0.2659609204786829,0.14596092047868292,0.2659609204786829,97.10375881834325,155.1907855558089,202.42332036457552,97.10375881834325,202.42332036457552,False,,-0.514634435617036,0.741,1.0,0.08205549710093647,0.9247,-0.17686715651390839,0.741,valid,,,,,False,ok,False,,Alphabet Inc.,Communication Services,Internet Content & Information,general_dcf,3869529062586.0,0.9247,0.24272306231559795,0.20436649731136108,0.10762780856039716,0.1350952537552008,0.2694154064384683,0.3312059632142873,0.16685519908060154,-0.7501055322003319,0.065096652172174,-0.02201252034036738,heavy_sbc,8.0,2025.0,ttm,2026-07-23,2026-07-24,True,,,,0.14596092047868292,0.041027748550468236,0.125,0.2659609204786829,-0.2659609204786829,robust_return<=0; median_irr<=hurdle,False
78,BBY,85.43,-0.06561646689806364,-0.06524519927334038,-0.09548979355604384,-0.036485675489529926,0.0,0.12,0.25,0.09548979355604384,0.21548979355604383,0.09548979355604384,0.21548979355604383,35.524235566136326,37.90200684938406,39.65373589353436,35.524235566136326,39.65373589353436,False,,-0.5563384425917821,0.656829,1.0,0.039797189033256956,0.9551,-0.18524519927334038,0.656829,valid,,,forward_roic_floor_hit;reinvestment_cap_hit,,False,ok,False,,"Best Buy Co., Inc.",Consumer Cyclical,Specialty Retail,general_dcf,18005824810.0,0.9551,0.2511492854795664,-0.7173123244092846,0.1011341769210589,0.15001510855850747,0.043143110587273464,0.04259436215957955,-0.004005800635851875,0.915286869464767,0.0033370155573966675,-0.02173620837992507,incremental_roic_below_wacc,8.0,2026.0,ttm,2026-06-05,2026-07-24,True,,,,0.09548979355604384,0.019898594516628478,0.125,0.21548979355604383,-0.21548979355604383,robust_return<=0; median_irr<=hurdle,False
131,PNC,250.99,-0.06605818526642415,-0.05035600245153504,-0.1573588104102649,-0.00616192575236163,0.0,0.12,0.25,0.1573588104102649,0.2773588104102649,0.1573588104102649,0.2773588104102649,106.62765055146004,193.84765702109317,243.35180507615817,106.62765055146004,243.35180507615817,False,,-0.22766780739832992,0.6,0.8,0.09359844232895162,0.5500590112361149,-0.17035600245153504,0.48,valid,,,specialist_model_v1,,False,specialist,False,,"The PNC Financial Services Group, Inc.",Financial Services,Banks - Regional,bank,100145012510.0,,,,,,,,,,,,,,,,,2026-07-24,True,399000010.0003984,0.897,Justified P/B residual-income proxy; no regulatory-capital or reserve-detail model,0.1573588104102649,0.04679922116447581,0.125,0.2773588104102649,-0.2773588104102649,robust_return<=0; median_irr<=hurdle,False
72,CCI,74.9,-0.06969261627996587,-0.0795795099461527,-0.0795795099461527,-0.04003193528140536,0.0,0.12,0.75,0.0795795099461527,0.1995795099461527,0.0795795099461527,0.1995795099461527,49.47812218292767,49.47812218292767,61.0612577425809,49.47812218292767,61.0612577425809,False,,-0.3394109187860125,0.6,0.8,0.037773787332373666,1.0,-0.1995795099461527,0.48,valid,,,specialist_model_v1,,False,specialist,False,,Crown Castle Inc.,Real Estate,REIT - Specialty,reit,32731299999.999996,,,,,,,,,,,,,,,,,2026-07-24,True,436999999.99999994,0.972,P/AFFO Gordon proxy; no property-level NOI or maintenance-capex detail,0.0795795099461527,0.018886893666186833,0.375,0.1995795099461527,-0.1995795099461527,robust_return<=0; median_irr<=hurdle,False
163,KO,82.25,-0.07272708728269203,-0.05776234538061541,-0.19602705945726479,0.020643401087727425,0.0,0.12,0.25,0.19602705945726479,0.3160270594572648,0.19602705945726479,0.3160270594572648,22.256494368137034,45.143937277523,65.38641146649607,22.256494368137034,65.38641146649607,False,,-0.4511375406988085,0.8091,1.0,0.1140622302724961,0.9065,-0.17776234538061542,0.8091,valid,,,,,False,ok,False,,The Coca-Cola Company,Consumer Defensive,Beverages - Non-Alcoholic,general_dcf,353878980000.0,0.9065,0.1777041809221706,0.3070694854507463,0.06954254195131161,0.108161638970859,0.2667444120505345,0.29344209073938804,0.04899466931403018,2.115352376039719,0.0058196533238772654,-0.0027662658604344914,weak_cash_conversion,8.0,2025.0,ttm,2026-04-30,2026-07-24,True,,,,0.19602705945726479,0.05703111513624805,0.125,0.3160270594572648,-0.3160270594572648,robust_return<=0; median_irr<=hurdle,False
184,TJX,154.22,-0.07276555154894593,-0.05983722942764868,-0.22227242762746752,0.050884680286981204,0.0,0.12,0.25,0.22227242762746752,0.3422724276274675,0.22227242762746752,0.3422724276274675,35.684275240876154,83.34822012003218,137.3822413505238,35.684275240876154,137.3822413505238,False,,-0.45954986305257306,0.541,1.0,0.15034855395722435,0.9153,-0.17983722942764868,0.541,valid,,,,,False,ok,False,,"The TJX Companies, Inc.",Consumer Cyclical,Apparel - Retail,general_dcf,170367519662.38007,0.9153,0.30122773677764214,0.3518534824190332,0.07562018696042068,0.22560754981722148,0.1063916885959994,0.12392829306313329,0.06451848879760735,0.9642336584818926,0.003246983676366217,-0.016688970043847173,cyclical_revenue,8.0,2026.0,ttm,2026-05-29,2026-07-24,True,,,,0.22227242762746752,0.07517427697861218,0.125,0.3422724276274675,-0.3422724276274675,robust_return<=0; median_irr<=hurdle,False
156,MMM,172.62,-0.07406953930621965,-0.06444461949868124,-0.18268456461373714,0.015295646386221079,0.0,0.12,0.25,0.18268456461373714,0.30268456461373716,0.18268456461373714,0.30268456461373716,46.386016592060365,85.40492912810767,121.32052444340506,46.386016592060365,121.32052444340506,False,,-0.5052431402612232,0.7393,0.7,0.11581110549997911,0.9489,-0.18444461949868124,0.5175099999999999,valid,,,,,False,ok,False,,3M Company,Industrials,Conglomerates,general_dcf,89024003623.0,0.9489,0.31307239394566605,,0.09444919629332951,0.21862319765233654,0.2067602674975359,0.1829004329004329,-0.0381898272428316,1.1928121274058934,0.011133685493701747,-0.017086139095032538,weak_cash_conversion,8.0,2025.0,annual,2026-02-03,2026-07-24,True,,,,0.18268456461373714,0.057905552749989556,0.125,0.30268456461373716,-0.30268456461373716,robust_return<=0; median_irr<=hurdle,False
149,MDLZ,60.52,-0.07430095757881643,-0.07136556726181877,-0.17494462261674926,0.020471926825121074,0.0,0.12,0.75,0.17494462261674926,0.29494462261674925,0.17494462261674926,0.29494462261674925,17.825710702738796,27.66199160678599,46.7283741531721,17.825710702738796,46.7283741531721,False,,-0.5429280963848977,0.610173,1.0,0.10940308472093517,0.4741,-0.19136556726181875,0.610173,valid,,,forward_roic_floor_hit;reinvestment_cap_hit,,False,ok,False,,"Mondelez International, Inc.",Consumer Defensive,Food Confectioners,general_dcf,77686483838.0,0.4741,0.062365886079228945,-0.5531695634595382,0.06650813612153092,-0.0041422500423019745,0.1467575459152321,0.09553734988805211,0.05818855387889599,3.916212003117693,0.004033917839795834,-0.022903224484404072,elevated_leverage;incremental_roic_below_wacc,8.0,2025.0,ttm,2026-04-28,2026-07-24,True,,,,0.17494462261674926,0.054701542360467585,0.375,0.29494462261674925,-0.29494462261674925,robust_return<=0; median_irr<=hurdle,False
143,EA,209.06,-0.07544431579735827,-0.06584712027688511,-0.17104466836608478,0.0009616457304219062,0.0,0.12,0.25,0.17104466836608478,0.2910446683660848,0.17104466836608478,0.2910446683660848,61.67889424980613,109.02975351126825,147.80809140543627,61.67889424980613,147.80809140543627,False,,-0.4784762579581543,0.7645,0.95,0.09456815704825335,0.838,-0.1858471202768851,0.7262749999999999,valid,,,,,False,ok,False,,Electronic Arts Inc.,Technology,Electronic Gaming & Multimedia,general_dcf,52422004060.0,0.838,0.16002002404087398,,0.07855787006958904,0.08146215397128494,0.19328197964511903,0.15429557827645732,0.06178197842882893,-0.7582491582491583,0.08602438697574702,-0.030922355340933794,heavy_sbc,8.0,2026.0,ttm,2026-05-11,2026-07-24,True,,,,0.17104466836608478,0.04728407852412667,0.125,0.2910446683660848,-0.2910446683660848,robust_return<=0; median_irr<=hurdle,False
128,FAST,47.02,-0.07694328977959226,-0.06677267557242882,-0.15663648992776866,-0.017591318045742786,0.0,0.12,0.25,0.15663648992776866,0.2766364899277687,0.15663648992776866,0.2766364899277687,15.079623332637984,23.58920653586383,29.84713330235465,15.079623332637984,29.84713330235465,False,,-0.49831547137677945,0.912,1.0,0.07216258594101294,0.995,-0.18677267557242883,0.912,valid,,,,,False,ok,False,,Fastenal Company,Industrials,Industrial - Distribution,general_dcf,53955450000.0,0.995,0.31318996629376483,0.4999846681073931,0.08226163112661518,0.23092833516714967,0.20204371901989834,0.20289623169853588,0.07431176869979028,0.1211377122979333,0.001024327784891165,-0.0002739811860511532,,8.0,2025.0,ttm,2026-07-16,2026-07-24,True,,,,0.15663648992776866,0.03608129297050647,0.125,0.2766364899277687,-0.2766364899277687,robust_return<=0; median_irr<=hurdle,False
129,ROL,38.56,-0.07732551395602055,-0.06827844190411266,-0.15664157880237323,-0.01610359321348366,0.0,0.12,0.25,0.15664157880237323,0.2766415788023732,0.15664157880237323,0.2766415788023732,11.941366853145237,19.043870393405214,24.438170662230924,11.941366853145237,24.438170662230924,False,,-0.5061236931170847,0.9217,1.0,0.0726179927944448,0.9627,-0.18827844190411264,0.9217,valid,,,,,False,ok,False,,"Rollins, Inc.",Industrials,Environmental Services,general_dcf,18565251840.0,0.9627,0.22298138703838224,0.2277945761618683,0.08207476255960788,0.14090662447877436,0.18720936478423789,0.18680235748093982,0.10912535473277218,1.166059041257495,0.00884820999625816,-0.0075134656502403585,,8.0,2025.0,ttm,2026-07-23,2026-07-24,True,,,,0.15664157880237323,0.0363089963972224,0.125,0.2766415788023732,-0.2766415788023732,robust_return<=0; median_irr<=hurdle,False
120,NOC,542.24,-0.07809752483226472,-0.0798607567354338,-0.14665604991459982,-0.006012535943591472,0.0,0.12,0.75,0.14665604991459982,0.2666560499145998,0.14665604991459982,0.2666560499145998,189.2259334728031,238.58874067818996,364.25967777778595,189.2259334728031,364.25967777778595,False,,-0.5599942079555364,0.6295320000000001,1.0,0.08143579698550417,0.7608,-0.1998607567354338,0.6295320000000001,valid,,,forward_roic_floor_hit;reinvestment_cap_hit,,False,ok,False,,Northrop Grumman Corporation,Industrials,Aerospace & Defense,general_dcf,77032241120.0,0.7608,0.11609902537122374,-0.18236401268334634,0.06850332239072801,0.04759570298049573,0.10848230245639823,0.10181385806210948,0.048603467408775636,2.3734510269903244,0.002461433480369459,-0.029117218742081397,incremental_roic_below_wacc,8.0,2025.0,ttm,2026-07-21,2026-07-24,True,,,,0.14665604991459982,0.040717898492752085,0.375,0.2666560499145998,-0.2666560499145998,robust_return<=0; median_irr<=hurdle,False
298,LVS,46.08,-0.07937272771960124,0.0869641439174302,-0.95,0.4585808012867346,0.25,0.12,0.25,0.95,1.0699999999999998,0.95,1.0699999999999998,-11.624776646102875,46.59446037455097,212.0265991082859,-11.624776646102875,212.0265991082859,False,,0.011164504656054008,0.39321,0.7,0.7314941006433673,0.6488,-0.0330358560825698,0.27524699999999996,valid,,,reinvestment_cap_hit,,False,ok,True,bear,Las Vegas Sands Corp.,Consumer Cyclical,"Gambling, Resorts & Casinos",general_dcf,30534327936.0,0.6488,0.19574566140995175,,0.07647236778195063,0.11927329362800113,0.22266116299469607,0.23730506261043252,-0.007578875588428513,2.6565132858068696,0.004242190512919399,-0.03198974394047471,thin_interest_coverage;cyclical_revenue,8.0,2025.0,annual,2026-02-06,2026-07-24,True,,,,0.95,0.36574705032168364,0.125,1.0699999999999998,-1.0699999999999998,robust_return<=0; median_irr<=hurdle,False
94,EW,82.63,-0.07965034011576788,-0.0794260070484597,-0.11498023720923808,-0.04476910915691403,0.0,0.12,0.75,0.11498023720923808,0.23498023720923808,0.11498023720923808,0.23498023720923808,31.799038947591356,37.655045971737096,43.85863940098601,31.799038947591356,43.85863940098601,False,,-0.5442932836531877,0.73854,0.7999999999999999,0.048949364026162026,0.9383,-0.1994260070484597,0.5908319999999999,valid,,,reinvestment_cap_hit,,False,ok,False,,Edwards Lifesciences Corporation,Healthcare,Medical - Devices,general_dcf,47578354000.0,0.9383,0.21441185229622348,0.01311753128077258,0.08945319254842596,0.12495865974779752,0.28914920347335843,0.2696618102709473,0.07227640149460335,-1.964190093708166,0.027824351297405188,-0.020941743226847942,weak_cash_conversion;incremental_roic_below_wacc,8.0,2025.0,annual,2026-02-25,2026-07-24,True,,,,0.11498023720923808,0.024474682013081013,0.375,0.23498023720923808,-0.23498023720923808,robust_return<=0; median_irr<=hurdle,False
241,TFC,51.76,-0.08016902217217178,-0.03378555825359009,-0.31516521178686674,0.06206023960535978,0.0,0.12,0.25,0.31516521178686674,0.43516521178686673,0.31516521178686674,0.43516521178686673,7.796924614017613,43.58749294276496,69.94231775026681,7.796924614017613,69.94231775026681,False,,-0.15789233109032141,0.6,0.8,0.20661272569611325,0.17887985951052082,-0.15378555825359008,0.48,valid,,,specialist_model_v1,,False,specialist,False,,Truist Financial Corporation,Financial Services,Banks - Regional,bank,64486748800.0,,,,,,,,,,,,,,,,,2026-07-24,True,1245880000.0,0.875,Justified P/B residual-income proxy; no regulatory-capital or reserve-detail model,0.31516521178686674,0.10330636284805662,0.125,0.43516521178686673,-0.43516521178686673,robust_return<=0; median_irr<=hurdle,False
146,DGX,227.86,-0.08193769674035137,-0.08212080225639508,-0.17239213989232668,0.008882957443711377,0.0,0.12,0.75,0.17239213989232668,0.2923921398923267,0.17239213989232668,0.2923921398923267,68.18298810353463,95.80638097294575,162.56938938160064,68.18298810353463,162.56938938160064,False,,-0.5795383965024763,0.563922,1.0,0.10371988866801903,0.7292,-0.20212080225639506,0.563922,valid,,,forward_roic_floor_hit;reinvestment_cap_hit,,False,ok,False,,Quest Diagnostics Incorporated,Healthcare,Medical - Diagnostics & Research,general_dcf,25149591780.0,0.7292,0.09601968769607533,-0.182444261713831,0.06994413846639932,0.026075549229676004,0.14573039501972124,0.14143598615916955,0.056094577724565386,2.599097065462754,0.00832252485948984,-0.017244827160577514,incremental_roic_below_wacc,8.0,2025.0,ttm,2026-07-23,2026-07-24,True,,,,0.17239213989232668,0.05185994433400951,0.375,0.2923921398923267,-0.2923921398923267,robust_return<=0; median_irr<=hurdle,False
114,UPS,114.79,-0.08209961609827585,-0.09012323477945754,-0.1387839111092034,-0.00936808372498487,0.0,0.12,0.75,0.1387839111092034,0.2587839111092034,0.1387839111092034,0.2587839111092034,38.75686001118653,40.04891171178332,66.35742777056483,38.75686001118653,66.35742777056483,False,,-0.6511114930587741,0.6142230000000001,1.0,0.07628122369210927,0.8103,-0.21012323477945755,0.6142230000000001,valid,,,forward_roic_floor_hit;reinvestment_cap_hit,,False,ok,False,,"United Parcel Service, Inc.",Industrials,Integrated Freight & Logistics,general_dcf,85700147780.0,0.8103,0.15050198608941556,-0.30342497292373505,0.08581383463210789,0.06468815145730768,0.10081949793917383,0.0845590316700069,0.030364868438471193,2.0253388854434307,0.0008233608914855461,-0.008102207860337884,incremental_roic_below_wacc,8.0,2025.0,ttm,2026-05-06,2026-07-24,True,,,,0.1387839111092034,0.038140611846054634,0.375,0.2587839111092034,-0.2587839111092034,robust_return<=0; median_irr<=hurdle,False
168,ADSK,209.75,-0.08292004237227954,-0.07242661993950603,-0.19953371355368288,0.012706783943576766,0.0,0.12,0.75,0.19953371355368288,0.3195337135536829,0.19953371355368288,0.3195337135536829,49.916174406273264,96.68702557019941,139.84670323706402,49.916174406273264,139.84670323706402,False,,-0.5390368268405272,0.6615,1.0,0.11627524874862982,0.8164,-0.19242661993950602,0.6615,valid,,,forward_roic_cap_hit,,False,ok,False,,"Autodesk, Inc.",Technology,Software - Application,general_dcf,44287716397.0,0.8164,0.536810308317395,0.9112533635999258,0.1091458061271185,0.42766450219027646,0.1817827291442067,0.26601838284268015,0.1586991935968085,-0.09111617312072894,0.11140107649649324,-0.009259790999624373,heavy_sbc,8.0,2026.0,ttm,2026-05-29,2026-07-24,True,,,,0.19953371355368288,0.05813762437431491,0.375,0.3195337135536829,-0.3195337135536829,robust_return<=0; median_irr<=hurdle,False
164,WM,238.75,-0.08342120091983812,-0.07052248106338081,-0.19612895903701427,0.00348911748442336,0.0,0.12,0.25,0.19612895903701427,0.31612895903701427,0.19612895903701427,0.31612895903701427,61.63105946016829,117.96811403402579,171.3825098215964,61.63105946016829,171.3825098215964,False,,-0.5058927160878501,0.8494,1.0,0.1043270382607188,0.8121,-0.19052248106338082,0.8494,valid,,,,,False,ok,False,,"Waste Management, Inc.",Industrials,Waste Management,general_dcf,95876270000.0,0.8121,0.11323527244135807,0.10289034716402387,0.06747316559371508,0.045762106847642994,0.18049160262802283,0.18462991382363358,0.07783831760085991,2.88197261663286,0.00455302065994321,-0.008587591856509813,,8.0,2025.0,ttm,2026-04-29,2026-07-24,True,,,,0.19612895903701427,0.0521635191303594,0.125,0.31612895903701427,-0.31612895903701427,robust_return<=0; median_irr<=hurdle,False
135,SYK,330.25,-0.08596340288895588,-0.07912466328416481,-0.1592345896497136,-0.026369695337780254,0.0,0.12,0.75,0.1592345896497136,0.2792345896497136,0.1592345896497136,0.2792345896497136,100.4226653622819,149.40710085961072,193.84309823072456,100.4226653622819,193.84309823072456,False,,-0.5475939413789228,0.8483,1.0,0.07098344715596668,0.8159,-0.1991246632841648,0.8483,valid,,,,,False,ok,False,,Stryker Corporation,Healthcare,Medical - Devices,general_dcf,126604891651.0,0.8159,0.13148921238418004,0.09753873624329018,0.08229829179793627,0.049190920586243775,0.2154756628818411,0.21341511673921645,0.09157664076422001,1.84801928001205,0.010000975704946824,0.003736241152631381,,8.0,2025.0,ttm,2026-05-11,2026-07-24,True,,,,0.1592345896497136,0.03549172357798334,0.375,0.2792345896497136,-0.2792345896497136,robust_return<=0; median_irr<=hurdle,False
137,JPM,353.21,-0.08624237873735827,-0.07289144401419445,-0.1657595080767993,-0.033427118844244874,0.0,0.12,0.75,0.1657595080767993,0.2857595080767993,0.1657595080767993,0.2857595080767993,142.72147276577007,241.9278890582281,297.9929717565379,142.72147276577007,297.9929717565379,False,,-0.31505934413457126,0.6,0.8,0.0841661946162772,0.5899339399080994,-0.19289144401419445,0.48,valid,,,specialist_model_v1,,False,specialist,False,,JPMorgan Chase & Co.,Financial Services,Banks - Diversified,bank,946429727100.0,,,,,,,,,,,,,,,,,2026-07-24,True,2679510000.0,0.982,Justified P/B residual-income proxy; no regulatory-capital or reserve-detail model,0.1657595080767993,0.0420830973081386,0.375,0.2857595080767993,-0.2857595080767993,robust_return<=0; median_irr<=hurdle,False
294,HAL,33.36,-0.08646213430038177,0.03467179778963331,-0.6774085935787295,0.2622164607979358,0.25,0.12,0.25,0.6774085935787295,0.7974085935787295,0.6774085935787295,0.7974085935787295,0.3871269116103678,27.475917054540197,70.06812216792912,0.3871269116103678,70.06812216792912,False,,-0.17638138325718833,0.4741,1.0,0.48558952718833265,0.4612,-0.08532820221036669,0.4741,valid,,,,,False,ok,False,,Halliburton Company,Energy,Oil & Gas Equipment & Services,general_dcf,27868868440.0,0.4612,0.11267829068631574,0.14439759535311975,0.0752908689672956,0.03738742171902014,0.11024930210138989,0.11013274929602646,-0.011147990725109747,1.6944903581267217,0.0,-0.026387689137254755,cyclical_revenue,8.0,2025.0,ttm,2026-07-24,2026-07-24,True,,,,0.6774085935787295,0.24279476359416632,0.125,0.7974085935787295,-0.7974085935787295,robust_return<=0; median_irr<=hurdle,False
207,FSLR,202.82,-0.08670078386276141,-0.07795255050295961,-0.2604376222181598,0.06953958777303343,0.0,0.12,0.25,0.2604376222181598,0.3804376222181598,0.2604376222181598,0.3804376222181598,42.208435496326814,90.89191565973289,163.51660928863512,42.208435496326814,163.51660928863512,False,,-0.5518592068842674,0.4747,1.0,0.1807476049955966,0.3784,-0.19795255050295962,0.4747,valid,,,,,False,ok,False,,"First Solar, Inc.",Technology,Solar,general_dcf,21793617460.0,0.3784,0.2053476593605079,0.3726158317919293,0.13191127630915989,0.073436383051348,0.15890352931345095,0.33168685717491336,0.1281571554750882,-0.8520650211229218,0.006681423934494278,0.0033424521659295436,cyclical_revenue;peak_cycle_margins,8.0,2025.0,ttm,2026-04-30,2026-07-24,True,,,,0.2604376222181598,0.0903738024977983,0.125,0.3804376222181598,-0.3804376222181598,robust_return<=0; median_irr<=hurdle,False
142,TGT,136.78,-0.08742798513412706,-0.08777830502367576,-0.16911753837484864,-0.005037792114308076,0.0,0.12,0.75,0.16911753837484864,0.28911753837484866,0.16911753837484864,0.28911753837484866,39.37189764093842,50.696078770986176,81.31761118954985,39.37189764093842,81.31761118954985,False,,-0.6293604417971475,0.5790690000000001,1.0,0.09466780313027028,0.7283,-0.20777830502367575,0.5790690000000001,valid,,,forward_roic_floor_hit;reinvestment_cap_hit,,False,ok,False,,Target Corporation,Consumer Defensive,Discount Stores,general_dcf,62124244980.0,0.7283,0.11774949277174536,-0.3941557238297022,0.08487193765619928,0.032877555115546075,0.053836488804846115,0.044934525320323,0.048217746472034584,1.9265743073047858,0.0026818095056308456,-0.006425242375689977,incremental_roic_below_wacc,8.0,2025.0,ttm,2026-05-29,2026-07-24,True,,,,0.16911753837484864,0.04733390156513514,0.375,0.28911753837484866,-0.28911753837484866,robust_return<=0; median_irr<=hurdle,False
166,TPL,419.44,-0.08857379379878691,-0.07881749245279933,-0.19848029384447724,0.0018201035549282375,0.0,0.12,0.75,0.19848029384447724,0.31848029384447724,0.19848029384447724,0.31848029384447724,105.99816056328672,198.66241142686968,295.2630504354369,105.99816056328672,295.2630504354369,False,,-0.5263627421636714,0.6166,1.0,0.11165219869970273,0.9816,-0.19881749245279934,0.6166,valid,,,,,False,ok,False,,Texas Pacific Land Corporation,Energy,Oil & Gas Exploration & Production,general_dcf,28930622336.0,0.9816,0.37095281994358054,0.16116902136869546,0.07658472671167305,0.2943680932319075,0.786585672348183,0.7442162033312476,0.14991745407168078,-0.33619581523426506,0.017706988862646867,-0.002553389969461861,cyclical_revenue,8.0,2025.0,ttm,2026-05-06,2026-07-24,True,,,,0.19848029384447724,0.05582609934985137,0.375,0.31848029384447724,-0.31848029384447724,robust_return<=0; median_irr<=hurdle,False
192,MET,94.83,-0.09322706085965998,-0.06987190316895286,-0.2316166133690445,-0.0015478237316897125,0.0,0.12,0.75,0.2316166133690445,0.3516166133690445,0.2316166133690445,0.3516166133690445,25.400109108806564,66.01757509765372,94.09836776144297,25.400109108806564,94.09836776144297,False,,-0.3038323832368056,0.6,0.8,0.13303439481867738,0.3847476837983601,-0.18987190316895286,0.48,valid,,,specialist_model_v1,,False,specialist,False,,"MetLife, Inc.",Financial Services,Insurance - Life,insurance,61017109753.00001,,,,,,,,,,,,,,,,,2026-07-24,True,643436779.0045345,0.778,Justified P/B residual-income proxy; no regulatory-capital or reserve-detail model,0.2316166133690445,0.06651719740933869,0.375,0.3516166133690445,-0.3516166133690445,robust_return<=0; median_irr<=hurdle,False
155,NTAP,167.74,-0.09358449325882248,-0.08739368253736757,-0.17956078720162624,-0.01998982075892852,0.0,0.12,0.75,0.17956078720162624,0.29956078720162627,0.17956078720162624,0.29956078720162627,46.15304826132625,74.70979488585857,98.15206139934718,46.15304826132625,98.15206139934718,False,,-0.5546095452136726,0.7137,1.0,0.08837448322134886,0.7371,-0.20739368253736756,0.7137,valid,,,forward_roic_cap_hit,,False,ok,False,,"NetApp, Inc.",Technology,Computer Hardware,general_dcf,32863620800.0,0.7371,2.861150546261354,0.538397152151984,0.11435013056077412,2.7468004157005796,0.1884048836470307,0.24115523465703972,0.017194231969849705,-0.4550802139037433,0.056955966815571156,-0.03288794110663151,heavy_sbc,8.0,2026.0,ttm,2026-06-05,2026-07-24,True,,,,0.17956078720162624,0.04418724161067443,0.375,0.29956078720162627,-0.29956078720162627,robust_return<=0; median_irr<=hurdle,False
86,MAA,133.88,-0.0946444051430845,-0.10542494864029905,-0.10542494864029905,-0.06230277465144085,0.0,0.12,0.75,0.10542494864029905,0.22542494864029905,0.10542494864029905,0.22542494864029905,76.70075058298248,76.70075058298248,97.05744585861393,76.70075058298248,97.05744585861393,False,,-0.4270932881462318,0.6,0.8,0.0395610869944291,1.0,-0.22542494864029905,0.48,valid,,,specialist_model_v1,,False,specialist,False,,"Mid-America Apartment Communities, Inc.",Real Estate,REIT - Residential,reit,15581597292.0,,,,,,,,,,,,,,,,,2026-07-24,True,116384802.00179265,0.728,P/AFFO Gordon proxy; no property-level NOI or maintenance-capex detail,0.10542494864029905,0.01978054349721455,0.375,0.22542494864029905,-0.22542494864029905,robust_return<=0; median_irr<=hurdle,False
118,SPG,229.78,-0.0951790908574234,-0.09719682618918213,-0.14448321081121962,-0.04183950024010974,0.0,0.12,0.75,0.14448321081121962,0.2644832108112196,0.14448321081121962,0.2644832108112196,105.3064346668721,137.80900941287067,185.56819372022917,105.3064346668721,185.56819372022917,False,,-0.4002567263779674,0.6,0.8,0.06932185528555493,0.7641476788457127,-0.21719682618918212,0.48,valid,,,specialist_model_v1,,False,specialist,False,,"Simon Property Group, Inc.",Real Estate,REIT - Retail,reit,74513517960.0,,,,,,,,,,,,,,,,,2026-07-24,True,324282000.0,1.327,P/AFFO Gordon proxy; no property-level NOI or maintenance-capex detail,0.14448321081121962,0.034660927642777464,0.375,0.2644832108112196,-0.2644832108112196,robust_return<=0; median_irr<=hurdle,False
85,WY,23.94,-0.09520762500707847,-0.10508652394126217,-0.10508652394126217,-0.06557092820452737,0.0,0.12,0.75,0.10508652394126217,0.22508652394126216,0.10508652394126217,0.22508652394126216,13.741349505456599,13.741349505456599,17.055162215522948,13.741349505456599,17.055162215522948,False,,-0.42600879258744373,0.6,0.8,0.037757797868367395,1.0,-0.22508652394126216,0.48,valid,,,specialist_model_v1,,False,specialist,False,,Weyerhaeuser Company,Real Estate,REIT - Specialty,reit,17261760059.0,,,,,,,,,,,,,,,,,2026-07-24,True,721042608.9807853,0.911,P/AFFO Gordon proxy; no property-level NOI or maintenance-capex detail,0.10508652394126217,0.018878898934183697,0.375,0.22508652394126216,-0.22508652394126216,robust_return<=0; median_irr<=hurdle,False
150,FFIV,392.21,-0.09573362718620043,-0.08853472984774269,-0.17546333358332045,-0.030401715465995918,0.0,0.12,0.75,0.17546333358332045,0.29546333358332044,0.17546333358332045,0.29546333358332044,112.28876215467177,178.30260976156177,229.6386299318099,112.28876215467177,229.6386299318099,False,,-0.5453899447705011,0.7338600000000001,0.95,0.08201500905866227,0.9286,-0.20853472984774268,0.697167,valid,,,forward_roic_cap_hit,,False,ok,False,,"F5, Inc.",Technology,Software - Infrastructure,general_dcf,22128192866.0,0.9286,0.2622348993366424,1.0870605327209826,0.09807872225698136,0.16415617707966104,0.19959417324742823,0.2464835445982091,0.052290955682298135,-1.3272722795939251,0.07780492308566396,-0.021171680882617117,heavy_sbc,8.0,2025.0,ttm,2026-05-05,2026-07-24,True,,,,0.17546333358332045,0.041007504529331135,0.375,0.29546333358332044,-0.29546333358332044,robust_return<=0; median_irr<=hurdle,False
115,PLD,147.63,-0.0959391530945077,-0.08106721529634231,-0.1405549664890039,-0.08106721529634231,0.0,0.12,1.0,0.1405549664890039,0.2605549664890039,0.1405549664890039,0.2605549664890039,69.22534854537543,96.7371637818153,96.7371637818153,69.22534854537543,96.7371637818153,False,,-0.34473234585236534,0.6,0.8,0.04774387559633079,0.7156024204049327,-0.2010672152963423,0.48,valid,,,specialist_model_v1,,False,specialist,False,,"Prologis, Inc.",Real Estate,REIT - Industrial,reit,137641058940.0,,,,,,,,,,,,,,,,,2026-07-24,True,932338000.0,1.34,P/AFFO Gordon proxy; no property-level NOI or maintenance-capex detail,0.1405549664890039,0.023871937798165394,0.5,0.2605549664890039,-0.2605549664890039,robust_return<=0; median_irr<=hurdle,False
134,EQIX,1084.24,-0.09699031145646961,-0.0764262939017768,-0.15868236412054804,-0.0764262939017768,0.0,0.12,1.0,0.15868236412054804,0.27868236412054803,0.15868236412054804,0.27868236412054803,457.009669696782,728.5900335187089,728.5900335187089,457.009669696782,728.5900335187089,False,,-0.32801775112640297,0.6,0.8,0.059128035109385614,0.6272521564557564,-0.1964262939017768,0.48,valid,,,specialist_model_v1,,False,specialist,False,,"Equinix, Inc.",Real Estate,REIT - Specialty,reit,106932302608.0,,,,,,,,,,,,,,,,,2026-07-24,True,98624200.0,0.971,P/AFFO Gordon proxy; no property-level NOI or maintenance-capex detail,0.15868236412054804,0.029564017554692807,0.5,0.27868236412054803,-0.27868236412054803,robust_return<=0; median_irr<=hurdle,False
121,LOW,207.64,-0.09788675261588649,-0.10726572104031216,-0.14821242673206145,-0.02880314165086017,0.0,0.12,0.75,0.14821242673206145,0.26821242673206147,0.14821242673206145,0.26821242673206147,63.616463337470684,63.616463337470684,108.60823291629421,66.65024906009195,108.60823291629421,True,"growth destroys value: forward ROIC 2.0% at/below WACC 7.8%, so higher-growth scenarios reinvest below the cost of capital and are worth less than the bear case",-0.6936213478257046,0.6261300000000001,1.0,0.07092074254060063,0.9586,-0.22726572104031217,0.6261300000000001,valid,,,forward_roic_floor_hit;reinvestment_cap_hit,,False,ok,False,,"Lowe's Companies, Inc.",Consumer Cyclical,Home Improvement,general_dcf,116425201479.99998,0.9586,0.24129120095403037,-0.15525800247472332,0.078009678563022,0.16328152239100835,0.1211524623855642,0.11548725603274758,0.027609235184565373,3.292091836734694,0.002641202763104429,-0.039008478793996604,elevated_leverage;incremental_roic_below_wacc,8.0,2025.0,ttm,2026-05-28,2026-07-24,True,,,,0.14821242673206145,0.035460371270300314,0.375,0.26821242673206147,-0.26821242673206147,robust_return<=0; median_irr<=hurdle,False
109,HD,332.98,-0.10011840065053546,-0.10244086906750452,-0.13541435012011785,-0.06017751434701491,0.0,0.12,0.75,0.13541435012011785,0.2554143501201178,0.13541435012011785,0.2554143501201178,110.46690515866408,113.53405847810848,145.32866625649325,110.46690515866408,145.32866625649325,False,,-0.6590364031530167,0.7689600000000001,1.0,0.04454961788655147,0.9618,-0.22244086906750452,0.7689600000000001,valid,,,reinvestment_cap_hit,,False,ok,False,,"The Home Depot, Inc.",Consumer Cyclical,Home Improvement,general_dcf,332019922429.0,0.9618,0.22465481408068422,-0.04736403118234224,0.08741199625141861,0.13724281782926562,0.14279601693997807,0.12448376872839031,0.06183856728649273,2.259841257115369,0.002770916659352784,-0.009521261005304371,incremental_roic_below_wacc,8.0,2025.0,ttm,2026-05-27,2026-07-24,True,,,,0.13541435012011785,0.022274808943275735,0.375,0.2554143501201178,-0.2554143501201178,robust_return<=0; median_irr<=hurdle,False
162,ITW,283.02,-0.1035100389002764,-0.09465997747902288,-0.19265074775903487,-0.03206945288402492,0.0,0.12,0.75,0.19265074775903487,0.3126507477590349,0.19265074775903487,0.3126507477590349,71.41810815875256,121.39489938255588,161.2336661279805,71.41810815875256,161.2336661279805,False,,-0.5710730712226844,0.8504,1.0,0.08477864743750496,0.9848,-0.21465997747902288,0.8504,valid,,,,,False,ok,False,,Illinois Tool Works Inc.,Industrials,Industrial - Machinery,general_dcf,81424854000.0,0.9848,0.28815826409433676,0.4208160594421664,0.09246342333455683,0.19569484075977994,0.24190478911019891,0.2641637383638493,0.011909252837439377,1.7757148954332054,0.00428385174147886,-0.02373224311752742,,8.0,2025.0,ttm,2026-05-07,2026-07-24,True,,,,0.19265074775903487,0.04238932371875248,0.375,0.3126507477590349,-0.3126507477590349,robust_return<=0; median_irr<=hurdle,False
153,ISRG,337.5,-0.1044440845467761,-0.09730363075068449,-0.17715875373396556,-0.04601032295176989,0.0,0.12,0.75,0.17715875373396556,0.29715875373396555,0.17715875373396556,0.29715875373396555,86.16984012109026,128.92083590672607,163.06122566396095,86.16984012109026,163.06122566396095,False,,-0.6180123380541449,0.7635,1.0,0.07266921539109784,0.91,-0.21730363075068448,0.7635,valid,,,,,False,ok,False,,"Intuitive Surgical, Inc.",Healthcare,Medical - Devices,general_dcf,119529959175.0,0.91,0.23489406572755056,0.22610213095241274,0.1199,0.11499406572755055,0.2869455859558496,0.3127673457550932,0.1526066469941605,-1.223541002064177,0.08103351252978293,-0.0032332789213483926,heavy_sbc,8.0,2025.0,ttm,2026-07-21,2026-07-24,True,,,,0.17715875373396556,0.03633460769554892,0.375,0.29715875373396555,-0.29715875373396555,robust_return<=0; median_irr<=hurdle,False
93,DOC,22.27,-0.10459584018656379,-0.11398121440722686,-0.11398121440722686,-0.07643971752457457,0.0,0.12,1.0,0.11398121440722686,0.23398121440722686,0.11398121440722686,0.23398121440722686,12.160036178793941,12.160036178793941,14.963957171617421,12.160036178793941,14.963957171617421,False,,-0.45397233144167304,0.6,0.8,0.03677074844132614,1.0,-0.23398121440722686,0.48,valid,,,specialist_model_v1,,False,specialist,False,,"Healthpeak Properties, Inc.",Real Estate,REIT - Healthcare Facilities,reit,15353383400.0,,,,,,,,,,,,,,,,,2026-07-24,True,689420000.0,1.004,P/AFFO Gordon proxy; no property-level NOI or maintenance-capex detail,0.11398121440722686,0.01838537422066307,0.5,0.23398121440722686,-0.23398121440722686,robust_return<=0; median_irr<=hurdle,False
132,CHD,97.64,-0.10528570185124404,-0.10268254038528535,-0.15784608774119985,-0.05793163889320564,0.0,0.12,0.75,0.15784608774119985,0.27784608774119984,0.15784608774119985,0.27784608774119984,32.66411391028879,40.20249838347405,49.902110357713696,32.66411391028879,49.902110357713696,False,,-0.5882579026682297,0.7428600000000001,1.0,0.0576714244239971,0.8134,-0.22268254038528534,0.7428600000000001,valid,,,reinvestment_cap_hit,,False,ok,False,,"Church & Dwight Co., Inc.",Consumer Defensive,Household & Personal Products,general_dcf,23135172029.644012,0.8134,0.1400260760267632,-0.016516850136827292,0.06976032703636198,0.07026574899040122,0.18558024830582392,0.17296225867792567,0.05925266631317894,1.4624629311690338,0.009693635276972704,-0.01122306342429269,incremental_roic_below_wacc,8.0,2025.0,ttm,2026-05-01,2026-07-24,True,,,,0.15784608774119985,0.02883571221199855,0.375,0.27784608774119984,-0.27784608774119984,robust_return<=0; median_irr<=hurdle,False
181,ROST,238.89,-0.10863748848278189,-0.10291793947108087,-0.2156469994806684,-0.013067075508297391,0.0,0.12,0.75,0.2156469994806684,0.3356469994806684,0.2156469994806684,0.3356469994806684,55.7655594157701,101.55559901564033,152.03605580950705,55.7655594157701,152.03605580950705,False,,-0.5748855162809647,0.5573,1.0,0.11457096198618551,0.9243,-0.22291793947108085,0.5573,valid,,,,,False,ok,False,,"Ross Stores, Inc.",Consumer Cyclical,Apparel - Retail,general_dcf,76631391246.0,0.9243,0.3208454271649035,0.13945448458229762,0.08831303495915684,0.23253239220574667,0.12068597176322433,0.12217804427175162,0.061478219668546163,0.1725957565874324,0.007397244545574543,-0.02372314116180152,cyclical_revenue,8.0,2025.0,ttm,2026-06-02,2026-07-24,True,,,,0.2156469994806684,0.057285480993092754,0.375,0.3356469994806684,-0.3356469994806684,robust_return<=0; median_irr<=hurdle,False
170,BAC,62.05,-0.11067883979211374,-0.09499703951835137,-0.20128137987997363,-0.05143990025177858,0.0,0.12,0.75,0.20128137987997363,0.3212813798799736,0.20128137987997363,0.3212813798799736,20.170229096202483,37.669667366367804,47.65034490035322,20.170229096202483,47.65034490035322,False,,-0.39291430513508774,0.6,0.8,0.09292073981409751,0.5354501514449487,-0.21499703951835136,0.48,valid,,,specialist_model_v1,,False,specialist,False,,Bank of America Corporation,Financial Services,Banks - Diversified,bank,440343409500.0,,,,,,,,,,,,,,,,,2026-07-24,True,7096590000.0,1.175,Justified P/B residual-income proxy; no regulatory-capital or reserve-detail model,0.20128137987997363,0.04646036990704876,0.375,0.3212813798799736,-0.3212813798799736,robust_return<=0; median_irr<=hurdle,False
152,ABT,103.1,-0.11152272992039794,-0.11035717269696758,-0.17654224969446655,-0.048834324593190065,0.0,0.12,0.75,0.17654224969446655,0.2965422496944665,0.17654224969446655,0.2965422496944665,27.913193095076515,38.323215161461384,54.4108004199345,27.913193095076515,54.4108004199345,False,,-0.6282908325755443,0.6056370000000001,0.7,0.08468485255063823,0.7737,-0.2303571726969676,0.42394590000000004,valid,,,forward_roic_floor_hit;reinvestment_cap_hit,,False,ok,False,,Abbott Laboratories,Healthcare,Medical - Devices,general_dcf,179580611000.0,0.7737,0.11880085864220892,-0.07363566932580261,0.07539089738602577,0.043409961256183155,0.16156574496594517,0.18155567587078145,0.05448021910170198,0.5489072017198137,0.01604290822407628,-0.003222771166020877,incremental_roic_below_wacc,8.0,2025.0,annual,2026-02-20,2026-07-24,True,,,,0.17654224969446655,0.04234242627531912,0.375,0.2965422496944665,-0.2965422496944665,robust_return<=0; median_irr<=hurdle,False
126,AMT,166.67,-0.11159353484757203,-0.11428514292146497,-0.1521280073137281,-0.0656758462336301,0.0,0.12,0.75,0.1521280073137281,0.2721280073137281,0.1521280073137281,0.2721280073137281,73.03127518024745,90.85045017493655,118.67119520151971,73.03127518024745,118.67119520151971,False,,-0.45490820078636496,0.6,0.8,0.061226080540049,0.8038625569782263,-0.23428514292146496,0.48,valid,,,specialist_model_v1,,False,specialist,False,,American Tower Corporation,Real Estate,REIT - Specialty,reit,77650386310.0,,,,,,,,,,,,,,,,,2026-07-24,True,465893000.00000006,0.909,P/AFFO Gordon proxy; no property-level NOI or maintenance-capex detail,0.1521280073137281,0.0306130402700245,0.375,0.2721280073137281,-0.2721280073137281,robust_return<=0; median_irr<=hurdle,False
139,ALGN,167.02,-0.11159956293777211,-0.11716682201949875,-0.1677976327307988,-0.04426697498129212,0.0,0.12,0.75,0.1677976327307988,0.28779763273079884,0.1677976327307988,0.28779763273079884,48.696888230140644,50.8539330391648,74.22611119513795,48.696888230140644,74.22611119513795,False,,-0.6955218953468758,0.428166,0.7999999999999999,0.08492034887475335,0.7114,-0.23716682201949874,0.34253279999999997,valid,,,forward_roic_floor_hit;reinvestment_cap_hit,,False,ok,False,,"Align Technology, Inc.",Healthcare,Medical - Devices,general_dcf,11961659571.635006,0.7114,0.14695696076029993,-0.5358257089366919,0.12971736748471027,0.01723959327558966,0.1693170094374621,0.15271908249986865,0.10813455367511038,-1.1485499946113873,0.04343647881026613,-0.025430839830211993,cyclical_revenue;incremental_roic_below_wacc,8.0,2025.0,annual,2026-02-27,2026-07-24,True,,,,0.1677976327307988,0.04246017443737667,0.375,0.28779763273079884,-0.28779763273079884,robust_return<=0; median_irr<=hurdle,False
180,ROP,367.34,-0.112254491170097,-0.09923606588854453,-0.21536996060458474,-0.03517587229871421,0.0,0.12,0.75,0.21536996060458474,0.33536996060458474,0.21536996060458474,0.33536996060458474,81.27040312740608,139.12484632753313,194.8509517030005,81.27040312740608,194.8509517030005,False,,-0.621264097763562,0.7126199999999999,1.0,0.09871844415293526,0.5733,-0.21923606588854452,0.7126199999999999,valid,,,reinvestment_cap_hit,,False,ok,False,,"Roper Technologies, Inc.",Technology,Software - Application,general_dcf,37070850780.0,0.5733,0.06140264957956667,0.07287317514358209,0.076119936581939,-0.014717287002372327,0.28084670952713225,0.2796517034406966,0.06186905149521538,3.3831068560840025,0.020726787134901694,-0.0132843055671924,elevated_leverage;incremental_roic_below_wacc,8.0,2025.0,ttm,2026-07-23,2026-07-24,True,,,,0.21536996060458474,0.04935922207646763,0.375,0.33536996060458474,-0.33536996060458474,robust_return<=0; median_irr<=hurdle,False
282,DIS,94.85,-0.11343361907638602,-0.05826532386709001,-0.4387997315498068,0.10159590297844265,0.0,0.12,0.25,0.4387997315498068,0.5587997315498068,0.4387997315498068,0.5587997315498068,4.634502876215915,42.690188332657584,90.15921778255012,4.634502876215915,90.15921778255012,False,,-0.5499189421965462,0.6222,1.0,0.28153181726412474,0.4227,-0.17826532386709001,0.6222,valid,,,,,False,ok,False,,The Walt Disney Company,Communication Services,Entertainment,general_dcf,164707973500.0,0.4227,0.07240391744062347,0.42600419020964775,0.1015355401687488,-0.029131622728125334,0.11577769258226561,0.14303486423408696,0.06837008516307796,2.152797148613048,0.014434736563410114,-0.010137078334304772,,8.0,2025.0,ttm,2026-05-06,2026-07-24,True,,,,0.4387997315498068,0.14076590863206237,0.125,0.5587997315498068,-0.5587997315498068,robust_return<=0; median_irr<=hurdle,False
266,KEY,22.65,-0.11372318744362941,-0.06163969711659767,-0.36946039016025267,0.03784703461893035,0.0,0.12,0.25,0.36946039016025267,0.48946039016025267,0.36946039016025267,0.48946039016025267,2.257512037875733,16.47844930262959,27.27312796742783,2.257512037875733,27.27312796742783,False,,-0.27247464447551484,0.6,0.8,0.2216537123895915,0.13699784466463633,-0.18163969711659766,0.48,valid,,,specialist_model_v1,,False,specialist,False,,KeyCorp,Financial Services,Banks - Regional,bank,24447730500.0,,,,,,,,,,,,,,,,,2026-07-24,True,1079370000.0,1.0242879,Justified P/B residual-income proxy; no regulatory-capital or reserve-detail model,0.36946039016025267,0.11082685619479575,0.125,0.48946039016025267,-0.48946039016025267,robust_return<=0; median_irr<=hurdle,False
198,TDY,655.35,-0.11392537232386528,-0.1024901493816287,-0.24071987512725165,-0.010001315404952011,0.0,0.12,0.75,0.24071987512725165,0.3607198751272517,0.24071987512725165,0.3607198751272517,129.93321636117767,264.1026147803585,409.4440228378029,129.93321636117767,409.4440228378029,False,,-0.5970052418091729,0.6443,1.0,0.12603027986114984,0.6606,-0.2224901493816287,0.6443,valid,,,,,False,ok,False,,Teledyne Technologies Incorporated,Technology,"Hardware, Equipment & Parts",general_dcf,30361775685.0,0.6606,0.08383687047928738,0.28773128831523037,0.09057584871055169,-0.006738978231264306,0.1650039602819721,0.19448104919678716,0.11237458070703754,1.0665107163178857,0.005731523378582202,-0.005622044306011653,cyclical_revenue,8.0,2025.0,ttm,2026-07-24,2026-07-24,True,,,,0.24071987512725165,0.06301513993057492,0.375,0.3607198751272517,-0.3607198751272517,robust_return<=0; median_irr<=hurdle,False
190,HON,243.15,-0.11522768064605765,-0.09901631651737257,-0.22852500229782885,-0.03435308725165666,0.0,0.12,0.75,0.22852500229782885,0.34852500229782885,0.22852500229782885,0.34852500229782885,52.39560957568914,108.04010507117148,138.89326169718774,52.39560957568914,138.89326169718774,False,,-0.5556647951010838,0.71928,1.0,0.1055075575230861,0.7466,-0.21901631651737258,0.71928,valid,,,base_growth_floor_hit,,False,ok,False,,Honeywell International Inc.,Industrials,Conglomerates,general_dcf,77036380009.0,0.7466,0.09156123572553469,0.031369920020666665,0.08461329750647258,0.006947938219062116,0.1807451473825378,0.14090783282590644,-0.01561271176106549,3.166179811749432,0.005588040441282369,-0.022510432158365012,elevated_leverage;thin_interest_coverage;incremental_roic_below_wacc,8.0,2025.0,ttm,2026-07-23,2026-07-24,True,,,,0.22852500229782885,0.05275377876154305,0.375,0.34852500229782885,-0.34852500229782885,robust_return<=0; median_irr<=hurdle,False
176,NFLX,70.09,-0.11595621848537116,-0.10939555621007453,-0.2111323874443769,-0.033901374076958715,0.0,0.12,0.75,0.2111323874443769,0.3311323874443769,0.2111323874443769,0.3311323874443769,15.205546695767781,26.04387904506765,36.42363720959451,15.205546695767781,36.42363720959451,False,,-0.6284223277918726,0.65052,1.0,0.0990999066837091,0.9074,-0.2293955562100745,0.65052,valid,,,forward_roic_cap_hit,,False,ok,False,,"Netflix, Inc.",Communication Services,Entertainment,general_dcf,291850554530.0,0.9074,0.3545950868267134,1.526529513517013,0.1195380808106862,0.23505700601602722,0.19482409221340108,0.2967601876207703,0.16201185019113717,0.1618017232549483,0.00815458704457133,-0.018940231111423622,peak_cycle_margins,8.0,2025.0,ttm,2026-07-17,2026-07-24,True,,,,0.2111323874443769,0.04954995334185455,0.375,0.3311323874443769,-0.3311323874443769,robust_return<=0; median_irr<=hurdle,False
206,DXCM,71.54,-0.11625773825508073,-0.10659873229451475,-0.2595234226202592,0.007689934188965737,0.0,0.12,0.75,0.2595234226202592,0.3795234226202592,0.2595234226202592,0.3795234226202592,12.443173634975116,28.12050947285913,45.91007391883149,12.443173634975116,45.91007391883149,False,,-0.6069260627221257,0.59121,1.0,0.14587037840461245,0.7084,-0.22659873229451474,0.59121,valid,,,forward_roic_cap_hit,,False,ok,False,,"DexCom, Inc.",Healthcare,Medical - Devices,general_dcf,27605352775.0,0.7084,0.4530686126358633,0.8165646582952667,0.11633676311733095,0.33673184951853236,0.14160742777167754,0.21449179102928662,0.24045248560262444,-0.7973380793933297,0.041631007923142754,-0.02716394732763383,peak_cycle_margins,8.0,2025.0,ttm,2026-04-30,2026-07-24,True,,,,0.2595234226202592,0.07293518920230622,0.375,0.3795234226202592,-0.3795234226202592,robust_return<=0; median_irr<=hurdle,False
172,GWW,1382.6,-0.11733226883716265,-0.11083687249265489,-0.2038364107778761,-0.04381891958546473,0.0,0.12,0.75,0.2038364107778761,0.32383641077787606,0.2038364107778761,0.32383641077787606,326.05508655942384,547.7054549319396,744.619542630066,326.05508655942384,744.619542630066,False,,-0.6038583430262262,0.8166,1.0,0.0855107455962057,0.9434,-0.2308368724926549,0.8166,valid,,,,,False,ok,False,,"W.W. Grainger, Inc.",Industrials,Industrial - Distribution,general_dcf,65276832059.99999,0.9434,0.3289200251333505,0.4509324118893471,0.09653219318041015,0.23238783195294035,0.13212734752047384,0.14234410708455764,0.06935006106097008,0.7265761058864507,0.0036113699906803356,-0.024742840573265146,,8.0,2025.0,ttm,2026-05-07,2026-07-24,True,,,,0.2038364107778761,0.04275537279810285,0.375,0.32383641077787606,-0.32383641077787606,robust_return<=0; median_irr<=hurdle,False
252,DVA,235.44,-0.11754128077263887,-0.08051992517430331,-0.33132614969363217,0.022200876951683334,0.0,0.12,0.75,0.33132614969363217,0.45132614969363216,0.33132614969363217,0.45132614969363216,23.206433321329953,101.60496984364903,172.26607221201067,23.206433321329953,172.26607221201067,False,,-0.5684464413708417,0.873,0.7,0.18957351332265773,0.7825,-0.2005199251743033,0.6111,valid,,,,,False,ok,False,,DaVita Inc.,Healthcare,Medical - Care Facilities,general_dcf,15111716400.0,0.7825,0.11645443881875096,0.1227338483621266,0.07979138275325055,0.03666305606550041,0.14550525066336295,0.14737263294644334,0.025929444209832786,5.234091218406119,0.009256477701629148,-0.027658629253879186,elevated_leverage;thin_interest_coverage,8.0,2025.0,annual,2026-02-11,2026-07-24,True,,,,0.33132614969363217,0.09478675666132887,0.375,0.45132614969363216,-0.45132614969363216,robust_return<=0; median_irr<=hurdle,False
211,RL,373.58,-0.11791679128691608,-0.109697010385571,-0.2646640361199388,0.01239089174341646,0.0,0.12,0.75,0.2646640361199388,0.38466403611993877,0.2646640361199388,0.38466403611993877,63.16617857731164,147.19325894609423,248.96970512590863,63.16617857731164,248.96970512590863,False,,-0.6059926683813528,0.5351,1.0,0.1524744639316776,0.8578,-0.229697010385571,0.5351,valid,,,,,False,ok,False,,Ralph Lauren Corporation,Consumer Cyclical,Apparel - Manufacturers,general_dcf,22788309767.0,0.8578,0.24913408189677175,0.696809468882311,0.10693188353425148,0.14220219836252027,0.11167506474262193,0.14532010598311665,0.03651392104845108,0.6540858235377426,0.015004373133878215,-0.033475237244851574,cyclical_revenue,8.0,2026.0,ttm,2026-05-21,2026-07-24,True,,,,0.2646640361199388,0.0762372319658388,0.375,0.38466403611993877,-0.38466403611993877,robust_return<=0; median_irr<=hurdle,False
171,UNP,307.32,-0.11798599197973085,-0.10914267454936631,-0.20328943488711948,-0.05036918393307129,0.0,0.12,0.75,0.20328943488711948,0.3232894348871195,0.20328943488711948,0.3232894348871195,71.55094557138254,113.54271026307924,151.265683088573,71.55094557138254,151.265683088573,False,,-0.6305391440092436,0.8248,0.7,0.0907161254770241,0.8502,-0.22914267454936632,0.57736,valid,,,,,False,ok,False,,Union Pacific Corporation,Industrials,Railroads,general_dcf,182459944619.0,0.8502,0.15539717537189446,0.0937992238101382,0.08810332462574917,0.06729385074614529,0.39960472465419883,0.4014279885760914,0.010182656377619725,2.461719765929779,0.0,-0.0165656401599229,,8.0,2025.0,annual,2026-02-06,2026-07-24,True,,,,0.20328943488711948,0.04535806273851205,0.375,0.3232894348871195,-0.3232894348871195,robust_return<=0; median_irr<=hurdle,False
144,IRM,128.31,-0.12365523424451003,-0.10781717551659842,-0.17116941042824485,-0.10781717551659842,0.0,0.12,1.0,0.17116941042824485,0.29116941042824485,0.17116941042824485,0.29116941042824485,50.186783314833626,72.53202400904568,72.53202400904568,50.186783314833626,72.53202400904568,False,,-0.4347126178080767,0.6,0.8,0.04967611745582321,0.69192586309979,-0.2278171755165984,0.48,valid,,,specialist_model_v1,,False,specialist,False,,Iron Mountain Incorporated,Real Estate,REIT - Specialty,reit,38175391819.0,,,,,,,,,,,,,,,,,2026-07-24,True,297524680.9991427,1.219,P/AFFO Gordon proxy; no property-level NOI or maintenance-capex detail,0.17116941042824485,0.024838058727911606,0.5,0.29116941042824485,-0.29116941042824485,robust_return<=0; median_irr<=hurdle,False
246,CTVA,89.25,-0.12489543862611757,-0.10948484298423858,-0.3211669542884922,0.04055488575249913,0.0,0.12,0.75,0.3211669542884922,0.4411669542884922,0.3211669542884922,0.4411669542884922,12.305905192376098,39.622026384611175,77.27090777075985,12.305905192376098,77.27090777075985,False,,-0.5560557267830681,0.57546,1.0,0.19359712002049564,0.2198,-0.22948484298423857,0.57546,valid,,,forward_roic_cap_hit,,False,ok,False,,"Corteva, Inc.",Basic Materials,Agricultural Inputs,general_dcf,59692185000.0,0.2198,0.09266578347916789,4.51371823474996,0.07350276287423167,0.019163020604936215,0.09729096702649447,0.16261389680809435,0.028568710822397314,0.2949185509360564,0.0,-0.023989335881232088,peak_cycle_margins,8.0,2025.0,ttm,2026-05-06,2026-07-24,True,,,,0.3211669542884922,0.09679856001024782,0.375,0.4411669542884922,-0.4411669542884922,robust_return<=0; median_irr<=hurdle,False
167,PKG,254.39,-0.13137692143136517,-0.13245744146697686,-0.19882361120835412,-0.06176919158315283,0.0,0.12,0.75,0.19882361120835412,0.3188236112083541,0.19882361120835412,0.3188236112083541,62.07549744508237,72.74523400627525,114.56711259793347,62.07549744508237,114.56711259793347,False,,-0.7140405125740978,0.70083,0.85,0.08200230981260065,0.7743,-0.25245744146697685,0.5957055,valid,,,reinvestment_cap_hit,,False,ok,False,,Packaging Corporation of America,Consumer Cyclical,Packaging & Containers,general_dcf,22665804810.0,0.7743,0.11341921966231178,-0.007728144868957102,0.08117351497624914,0.03224570468606264,0.1454775627681674,0.13965492307521163,0.03606975223775488,1.972591971491458,0.005126627704296114,-0.01127368782294369,incremental_roic_below_wacc,8.0,2025.0,annual,2026-02-26,2026-07-24,True,,,,0.19882361120835412,0.041001154906300324,0.375,0.3188236112083541,-0.3188236112083541,robust_return<=0; median_irr<=hurdle,False
199,APH,152.67,-0.1317535614711232,-0.12035725740424819,-0.24199498464586205,-0.044304746430134365,0.0,0.12,0.75,0.24199498464586205,0.36199498464586205,0.24199498464586205,0.36199498464586205,26.290013200598892,52.82949271850501,78.6283946214515,26.290013200598892,78.6283946214515,False,,-0.6539628432664897,0.5975100000000001,0.85,0.11541981910786384,0.8627,-0.24035725740424818,0.5078835,valid,,,base_growth_cap_hit,,False,ok,False,,Amphenol Corporation,Technology,"Hardware, Equipment & Parts",general_dcf,187819214099.99997,0.8627,0.18794224474011875,0.4045780359553282,0.10356440108655021,0.08437784365356854,0.20659165612487077,0.26000046325249576,0.15938454986222794,1.7915744476343447,0.007193204884810185,0.012641452647415896,cyclical_revenue,8.0,2025.0,ttm,2026-05-01,2026-07-24,True,,,,0.24199498464586205,0.05770990955393192,0.375,0.36199498464586205,-0.36199498464586205,robust_return<=0; median_irr<=hurdle,False
169,TYL,297.15,-0.1326456731621874,-0.1283313437830656,-0.19962208939250556,-0.07429791569011283,0.0,0.12,1.0,0.19962208939250556,0.3196220893925056,0.19962208939250556,0.3196220893925056,74.3559427303713,102.40897769260435,133.55623338457488,74.3559427303713,133.55623338457488,False,,-0.6553626865468472,0.6409800000000001,1.0,0.07343268685119636,0.736,-0.2483313437830656,0.6409800000000001,valid,,,reinvestment_cap_hit,,False,ok,False,,"Tyler Technologies, Inc.",Technology,Software - Application,general_dcf,12530072624.999998,0.736,0.10124837334196077,,0.08782615253578137,0.0134222208061794,0.14201850877509714,0.15471012879524237,0.13944339404503459,-0.5732371259187539,0.0574482307303339,0.006188189271232547,heavy_sbc,8.0,2025.0,ttm,2026-04-29,2026-07-24,True,,,,0.19962208939250556,0.03671634342559818,0.5,0.3196220893925056,-0.3196220893925056,robust_return<=0; median_irr<=hurdle,False
177,AAPL,333.02,-0.13572539978886192,-0.13125096942385417,-0.21114693184499625,-0.06925272846274308,0.0,0.12,0.75,0.21114693184499625,0.3311469318449962,0.21114693184499625,0.3311469318449962,75.29976368326005,120.19868974090228,159.12142766694777,75.29976368326005,159.12142766694777,False,,-0.6390646515497499,0.69309,0.95,0.08165440169112659,0.9712,-0.25125096942385416,0.6584355,valid,,,forward_roic_cap_hit,,False,ok,False,,Apple Inc.,Technology,Consumer Electronics,general_dcf,4891183295120.0,0.9712,1.0115830694535688,,0.10126378422868701,0.9103192852248818,0.2980189489629316,0.32643396050876966,0.06625988170490915,0.10129019352902935,0.02988990755303234,-0.032873323384973285,,8.0,2025.0,ttm,2026-05-01,2026-07-24,True,,,,0.21114693184499625,0.040827200845563294,0.375,0.3311469318449962,-0.3311469318449962,robust_return<=0; median_irr<=hurdle,False
189,CMI,664.65,-0.13616534880457037,-0.12987677366472777,-0.2282161814800929,-0.05669166640873297,0.0,0.12,0.75,0.2282161814800929,0.3482161814800929,0.2282161814800929,0.3482161814800929,133.49076984406116,217.29752545314048,307.82538329396357,133.49076984406116,307.82538329396357,False,,-0.6730647326365147,0.6782,1.0,0.09541625753567996,0.8089,-0.24987677366472777,0.6782,valid,,,,,False,ok,False,,Cummins Inc.,Industrials,Industrial - Machinery,general_dcf,91714433382.0,0.8089,0.17083794841286554,0.13010139299735682,0.10308009793341895,0.06775785047944659,0.11359188026109883,0.11240927597804921,0.05099192828886134,1.02637987012987,0.0,-0.008266792915946009,,8.0,2025.0,ttm,2026-05-05,2026-07-24,True,,,,0.2282161814800929,0.04770812876783998,0.375,0.3482161814800929,-0.3482161814800929,robust_return<=0; median_irr<=hurdle,False
208,FICO,1237.37,-0.1364348273573341,-0.12127783925898253,-0.26169846246266376,-0.04148516844870751,0.0,0.12,0.75,0.26169846246266376,0.38169846246266376,0.26169846246266376,0.38169846246266376,176.57995425184467,403.46789009053043,610.7778485269525,176.57995425184467,610.7778485269525,False,,-0.6739310876370606,0.69057,1.0,0.11938954700697813,0.9176,-0.24127783925898252,0.69057,valid,,,forward_roic_cap_hit,,False,ok,False,,Fair Isaac Corporation,Technology,Software - Application,general_dcf,28695731357.0,0.9176,0.6852768089297788,2.028945268637725,0.10444463561706398,0.5808321733127149,0.3888932635167768,0.5036736380231953,0.09834200068390975,2.9834336578146767,0.08182513113150017,-0.03402632822753349,heavy_sbc,8.0,2025.0,ttm,2026-04-28,2026-07-24,True,,,,0.26169846246266376,0.05969477350348906,0.375,0.38169846246266376,-0.38169846246266376,robust_return<=0; median_irr<=hurdle,False
157,IEX,223.27,-0.137017650839698,-0.1343293085054028,-0.18661425553727892,-0.09279773081070739,0.0,0.12,1.0,0.18661425553727892,0.30661425553727895,0.18661425553727892,0.30661425553727895,58.61353844075777,69.61530958462767,83.61751045011786,58.61353844075777,83.61751045011786,False,,-0.6882012380318553,0.73548,1.0,0.05484386236328577,0.7611,-0.2543293085054028,0.73548,valid,,,reinvestment_cap_hit,,False,ok,False,,IDEX Corporation,Industrials,Industrial - Machinery,general_dcf,16525340660.0,0.7611,0.10724302086651309,0.02470218066916018,0.09074223223192429,0.0165007886345888,0.2322517632887101,0.2080394323106994,0.048393072016545746,1.389965068275643,0.0078928046989721,-0.007067373967917012,incremental_roic_below_wacc,8.0,2025.0,ttm,2026-04-29,2026-07-24,True,,,,0.18661425553727892,0.027421931181642885,0.5,0.30661425553727895,-0.30661425553727895,robust_return<=0; median_irr<=hurdle,False
175,MTD,1327.18,-0.13802711887919933,-0.13350972806620112,-0.21082118649683243,-0.07426783288756267,0.0,0.12,1.0,0.21082118649683243,0.33082118649683245,0.21082118649683243,0.33082118649683245,286.54668274752356,455.7659080227173,596.9841935820303,286.54668274752356,596.9841935820303,False,,-0.6565907352260302,0.8528,1.0,0.07269267680463488,0.9773,-0.2535097280662011,0.8528,valid,,,,,False,ok,False,,Mettler-Toledo International Inc.,Healthcare,Medical - Diagnostics & Research,general_dcf,26819122568.0,0.9773,0.4376220756426632,0.26524520333931784,0.10463443304204113,0.3329876426006221,0.2726700953622288,0.28000612257572655,0.046172122400079285,1.753196375648433,0.005159384675137468,-0.03704082269681719,,8.0,2025.0,ttm,2026-05-08,2026-07-24,True,,,,0.21082118649683243,0.03634633840231744,0.5,0.33082118649683245,-0.33082118649683245,robust_return<=0; median_irr<=hurdle,False
158,DOV,202.2,-0.13871526114162402,-0.136417409099522,-0.18810515602235678,-0.09392107034509535,0.0,0.12,1.0,0.18810515602235678,0.3081051560223568,0.18810515602235678,0.3081051560223568,52.73882272282582,64.5819855756716,74.74062915615822,52.73882272282582,74.74062915615822,False,,-0.6806034343438596,0.72333,1.0,0.05539214283863071,0.7628,-0.256417409099522,0.72333,valid,,,reinvestment_cap_hit,,False,ok,False,,Dover Corporation,Industrials,Industrial - Machinery,general_dcf,27232296000.0,0.7628,0.12462696066287782,0.0309088815527848,0.09901925842152771,0.025607702241350103,0.1572083358717778,0.16865271732392273,0.021099944953815397,0.8299581714638884,0.005210363302744713,-0.0190280140371909,incremental_roic_below_wacc,8.0,2025.0,ttm,2026-07-23,2026-07-24,True,,,,0.18810515602235678,0.027696071419315356,0.5,0.3081051560223568,-0.3081051560223568,robust_return<=0; median_irr<=hurdle,False
127,MAS,79.27,-0.13928429664956637,-0.15092064488562754,-0.15393922944203944,-0.10135666738497091,0.0,0.12,1.0,0.15393922944203944,0.2739392294420394,0.15393922944203944,0.2739392294420394,16.779268469427812,16.779268469427812,23.676000324750703,23.568708497415443,23.676000324750703,True,"growth destroys value: forward ROIC 2.0% at/below WACC 10.0%, so higher-growth scenarios reinvest below the cost of capital and are worth less than the bear case",-0.7883276337904905,0.6931170000000001,1.0,0.03549777102853426,0.9855,-0.2709206448856275,0.6931170000000001,valid,,,forward_roic_floor_hit;reinvestment_cap_hit,,False,ok,False,,Masco Corporation,Industrials,Construction Materials,general_dcf,15991454180.0,0.9855,0.3647712535529071,-0.24970968064271476,0.10001332112059999,0.26475793243230716,0.16795059838708515,0.16786039848938664,0.018441922577974612,2.0236111111111112,0.0,-0.043758825476734486,incremental_roic_below_wacc,8.0,2025.0,ttm,2026-04-22,2026-07-24,True,,,,0.15393922944203944,0.01774888551426713,0.5,0.2739392294420394,-0.2739392294420394,robust_return<=0; median_irr<=hurdle,False
205,AKAM,115.37,-0.14056684531606148,-0.12307722361874762,-0.25783535880909764,-0.058277575217653046,0.0,0.12,0.75,0.25783535880909764,0.37783535880909763,0.25783535880909764,0.37783535880909763,13.179413225717859,36.13881678505087,55.08011084984598,13.179413225717859,55.08011084984598,False,,-0.686757243780438,0.673029,1.0,0.1095880217957223,0.6961,-0.24307722361874762,0.673029,valid,,,forward_roic_floor_hit;reinvestment_cap_hit,,False,ok,False,,"Akamai Technologies, Inc.",Technology,Software - Infrastructure,general_dcf,16773119482.0,0.6961,0.05124025743522671,-0.030526924258574523,0.07206770620672114,-0.020827448771494422,0.17709245816795977,0.1367158184672457,0.06463602570036953,3.793054704077415,0.09856212517238061,-0.022185651472434675,elevated_leverage;heavy_sbc;incremental_roic_below_wacc,8.0,2025.0,ttm,2026-05-08,2026-07-24,True,,,,0.25783535880909764,0.05479401089786115,0.375,0.37783535880909763,-0.37783535880909763,robust_return<=0; median_irr<=hurdle,False
193,LII,541.13,-0.14135669029510603,-0.13330983328633006,-0.2321370562494848,-0.06667003835827924,0.0,0.12,0.75,0.2321370562494848,0.35213705624948477,0.2321370562494848,0.35213705624948477,106.14128431656323,178.27182528118047,246.2742266019691,106.14128431656323,246.2742266019691,False,,-0.6705563814957949,0.7943,1.0,0.08890450894560277,0.9501,-0.25330983328633006,0.7943,valid,,,,,False,ok,False,,Lennox International Inc.,Industrials,Construction,general_dcf,18831324000.0,0.9501,0.2652154711658351,0.1663844299821386,0.0998628165964117,0.16535265456942339,0.1496697217049871,0.19515767050857774,0.04243489707952652,1.6675713535282788,0.005601216484129886,-0.007504973290857975,,8.0,2025.0,ttm,2026-04-29,2026-07-24,True,,,,0.2321370562494848,0.044452254472801385,0.375,0.35213705624948477,-0.35213705624948477,robust_return<=0; median_irr<=hurdle,False
232,PODD,163.26,-0.1416113725019386,-0.12415977385535368,-0.297481405606959,-0.020644536690087964,0.0,0.12,0.75,0.297481405606959,0.417481405606959,0.297481405606959,0.417481405606959,19.7388183579863,54.60386022892561,92.88643773515822,19.7388183579863,92.88643773515822,False,,-0.6655404861636309,0.6938,1.0,0.14760443445843552,0.507,-0.24415977385535367,0.6938,valid,,,,,False,ok,False,,Insulet Corp.,Healthcare,Medical - Devices,general_dcf,11308150677.0,0.507,0.2188662763781082,0.33265370660312693,0.09818274726378924,0.12068352911431897,0.09120143577728251,0.17484229032369264,0.2512966236922243,0.7767812655705032,0.028460314654410464,0.0013903323272508317,peak_cycle_margins,8.0,2025.0,ttm,2026-05-06,2026-07-24,True,,,,0.297481405606959,0.07380221722921776,0.375,0.417481405606959,-0.417481405606959,robust_return<=0; median_irr<=hurdle,False
174,COST,935.03,-0.14161612972438883,-0.1344082143514242,-0.20624745799796068,-0.09140063219674627,0.0,0.12,1.0,0.20624745799796068,0.3262474579979607,0.20624745799796068,0.3262474579979607,225.63745037073085,328.3013942788504,406.6066241080188,225.63745037073085,406.6066241080188,False,,-0.648886779805086,0.8944,1.0,0.06059141290060721,0.981,-0.2544082143514242,0.8944,valid,,,,,False,ok,False,,Costco Wholesale Corporation,Consumer Defensive,Discount Stores,general_dcf,414666169370.0,0.981,0.38993330020520345,0.4250510050253514,0.08964852831000304,0.3002847718952004,0.03386284317762697,0.03823398174987312,0.09962564637566751,-0.8530819434372734,0.0031945189648768003,-0.0002451377367429508,,8.0,2025.0,ttm,2026-05-28,2026-07-24,True,,,,0.20624745799796068,0.030295706450303606,0.5,0.3262474579979607,-0.3262474579979607,robust_return<=0; median_irr<=hurdle,False
179,WMT,109.47,-0.14506503317097663,-0.13916800712468097,-0.21402178540010933,-0.08790233303443526,0.0,0.12,1.0,0.21402178540010933,0.3340217854001093,0.21402178540010933,0.3340217854001093,25.304836161064934,38.23913277667421,49.478719921233306,25.304836161064934,49.478719921233306,False,,-0.6506884737674777,0.9072,1.0,0.06584372618283703,0.8394,-0.25916800712468097,0.9072,valid,,,,,False,ok,False,,Walmart Inc.,Consumer Defensive,Discount Stores,general_dcf,871171017600.0,0.8394,0.14254615440729357,0.09590727000201303,0.07462339518337167,0.0679227592239219,0.0417489397208882,0.041614217467134514,0.04777754991382177,1.4150943396226414,0.0,-0.008319034749429188,,8.0,2026.0,ttm,2026-05-29,2026-07-24,True,,,,0.21402178540010933,0.032921863091418514,0.5,0.3340217854001093,-0.3340217854001093,robust_return<=0; median_irr<=hurdle,False
219,FDX,314.96,-0.14514525064369083,-0.13510173033282624,-0.2757090151775629,-0.03466852673154787,0.0,0.12,0.75,0.2757090151775629,0.3957090151775629,0.2757090151775629,0.3957090151775629,41.4703595246596,65.55441493209162,141.96579723912163,41.4703595246596,141.96579723912163,False,,-0.7918643163192417,0.65925,1.0,0.13074274422300752,0.5949,-0.25510173033282624,0.65925,valid,,,reinvestment_cap_hit,,False,ok,False,,FedEx Corporation,Industrials,Integrated Freight & Logistics,general_dcf,74513610972.0,0.5949,0.07994678442098742,0.012706893705180085,0.08954007467785058,-0.00959329025686316,0.0694637784171968,0.06735641891891891,0.044807004966957775,2.7567215554935345,0.0017514728294247435,-0.01992564426454624,incremental_roic_below_wacc,8.0,2026.0,ttm,2026-07-20,2026-07-24,True,,,,0.2757090151775629,0.06537137211150376,0.375,0.3957090151775629,-0.3957090151775629,robust_return<=0; median_irr<=hurdle,False
225,CFG,71.88,-0.14612354708892478,-0.12193512171501475,-0.27871450148213606,-0.06190944344353355,0.0,0.12,0.75,0.27871450148213606,0.39871450148213605,0.27871450148213606,0.39871450148213605,14.032791492731262,37.518122685283025,52.21940137009828,14.032791492731262,52.21940137009828,False,,-0.47804503776734797,0.6,0.8,0.12640252901930124,0.3740270165019693,-0.24193512171501474,0.48,valid,,,specialist_model_v1,,False,specialist,False,,"Citizens Financial Group, Inc.",Financial Services,Banks - Regional,bank,30396758159.999996,,,,,,,,,,,,,,,,,2026-07-24,True,422882000.0,0.998,Justified P/B residual-income proxy; no regulatory-capital or reserve-detail model,0.27871450148213606,0.06320126450965062,0.375,0.39871450148213605,-0.39871450148213605,robust_return<=0; median_irr<=hurdle,False
188,CTAS,205.91,-0.14656823750774486,-0.13823434476216784,-0.2255765613081166,-0.08422769919852724,0.0,0.12,1.0,0.2255765613081166,0.3455765613081166,0.2255765613081166,0.3455765613081166,43.12145998795116,69.90497724956293,91.35027309251232,43.12145998795116,91.35027309251232,False,,-0.6605071281163473,0.8754,1.0,0.07441243105479468,0.9645,-0.25823434476216783,0.8754,valid,,,,,False,ok,False,,Cintas Corporation,Industrials,Specialty Business Services,general_dcf,82394268770.0,0.9645,0.27611923547728706,0.5952256441099528,0.09215100371026236,0.1839682317670247,0.20328985325583016,0.2313863560886911,0.07270340712107148,0.7748193698831618,0.012190340031354805,-0.007472729589171112,,8.0,2026.0,ttm,2026-07-15,2026-07-24,True,,,,0.2255765613081166,0.03720621552739734,0.5,0.3455765613081166,-0.3455765613081166,robust_return<=0; median_irr<=hurdle,False
185,AME,241.97,-0.14731190644670272,-0.14131905721442306,-0.22257166138733733,-0.08403784997062752,0.0,0.12,1.0,0.22257166138733733,0.3425716613873373,0.22257166138733733,0.3425716613873373,52.187770592976044,77.53851881575696,102.27867997191808,52.187770592976044,102.27867997191808,False,,-0.679553172642241,0.7883,1.0,0.0756179057083549,0.7866,-0.26131905721442306,0.7883,valid,,,,,False,ok,False,,"AMETEK, Inc.",Industrials,Electrical Equipment & Parts,general_dcf,55460249910.0,0.7866,0.12772128848845107,0.15542265014439383,0.0946534654612914,0.033067823027159673,0.23996926366993981,0.2616589067416449,0.062368142586528785,0.7038871290201842,0.006895513442959266,-0.002454884771549426,,8.0,2025.0,ttm,2026-04-30,2026-07-24,True,,,,0.22257166138733733,0.03780895285417745,0.5,0.3425716613873373,-0.3425716613873373,robust_return<=0; median_irr<=hurdle,False
239,PCAR,132.24,-0.14760867870645597,-0.1290133762697223,-0.31319781683851045,-0.019210145447868823,0.0,0.12,0.75,0.31319781683851045,0.43319781683851044,0.31319781683851045,0.43319781683851044,16.560133662695744,44.185980371775926,77.15849619979163,16.560133662695744,77.15849619979163,False,,-0.6658652421977017,0.43506,1.0,0.16394203569532081,0.6287,-0.2490133762697223,0.43506,valid,,,reinvestment_cap_hit,,False,ok,False,,PACCAR Inc,Industrials,Industrial - Machinery,general_dcf,69596090923.0,0.6287,0.07973302626910145,,0.08733705553962157,-0.0076040292705201185,0.11531679288096988,0.09676767973448273,0.027683097680262003,1.7603018998872213,0.0,0.0025729235493343605,cyclical_revenue,8.0,2025.0,ttm,2026-04-29,2026-07-24,True,,,,0.31319781683851045,0.08197101784766041,0.375,0.43319781683851044,-0.43319781683851044,robust_return<=0; median_irr<=hurdle,False
204,MSI,417.83,-0.14896287713818307,-0.13771376547665562,-0.24734543660888442,-0.07307854099053654,0.0,0.12,1.0,0.24734543660888442,0.3673454366088844,0.24734543660888442,0.3673454366088844,72.1571005069368,133.92494943758766,188.63714598548157,72.1571005069368,188.63714598548157,False,,-0.6794750270741985,0.8337,1.0,0.09212244780917393,0.9172,-0.2577137654766556,0.8337,valid,,,,,False,ok,False,,"Motorola Solutions, Inc.",Technology,Communication Equipment,general_dcf,69358108680.0,0.9172,0.21194133906846221,0.15088799315472587,0.08615811055093664,0.12578322851752557,0.20223532193357102,0.24839905628581058,0.06857802574283212,2.533624454148472,0.022464638994175834,-0.007620460262660167,,8.0,2025.0,ttm,2026-05-07,2026-07-24,True,,,,0.24734543660888442,0.046061223904586966,0.5,0.3673454366088844,-0.3673454366088844,robust_return<=0; median_irr<=hurdle,False
203,EME,744.85,-0.15067590596518127,-0.1464159015587938,-0.24710954419279002,-0.06276227655034744,0.0,0.12,0.75,0.24710954419279002,0.36710954419279,0.24710954419279002,0.36710954419279,143.77904805022516,255.45126401029023,370.9735968740465,143.77904805022516,370.9735968740465,False,,-0.6570433456262466,0.7287,0.85,0.10481263382122129,0.874,-0.2664159015587938,0.619395,valid,,,,,False,ok,False,,"EMCOR Group, Inc.",Industrials,Engineering & Construction,general_dcf,33170082530.000004,0.874,0.3670004557692413,0.5760422920959553,0.102305131017609,0.26469532475163227,0.05229815894925574,0.09894669334631148,0.11102584323305242,-0.20471701686974453,0.0010918810036467824,-0.035021816601687794,peak_cycle_margins,8.0,2025.0,ttm,2026-04-29,2026-07-24,True,,,,0.24710954419279002,0.052406316910610644,0.375,0.36710954419279,-0.36710954419279,robust_return<=0; median_irr<=hurdle,False
214,AJG,247.77,-0.15099550990279884,-0.13062732974965463,-0.26878089940623506,-0.07394648070565102,0.0,0.12,1.0,0.26878089940623506,0.38878089940623506,0.26878089940623506,0.38878089940623506,51.79482350081001,123.0491557718613,168.7443162208642,51.79482350081001,168.7443162208642,False,,-0.5033734682493389,0.6,0.8,0.11541720935029201,0.4209279062169265,-0.2506273297496546,0.48,valid,,,specialist_model_v1,,False,specialist,False,,Arthur J. Gallagher & Co.,Financial Services,Insurance - Brokers,insurance,63654362504.0,,,,,,,,,,,,,,,,,2026-07-24,True,256909079.0006861,0.508,Justified P/B residual-income proxy; no regulatory-capital or reserve-detail model,0.26878089940623506,0.057708604675146005,0.5,0.38878089940623506,-0.38878089940623506,robust_return<=0; median_irr<=hurdle,False
262,KR,56.87,-0.15121455692860758,-0.1142178044188767,-0.3536081174388528,-0.022814501437824188,0.0,0.12,0.75,0.3536081174388528,0.4736081174388528,0.3536081174388528,0.4736081174388528,4.984400512689351,21.80704800979184,34.77235474015147,4.984400512689351,34.77235474015147,False,,-0.6165456653808363,0.71073,1.0,0.17407490800051428,0.6865,-0.23421780441887669,0.71073,valid,,,share_change_floor_hit,,False,ok,False,,The Kroger Co.,Consumer Defensive,Grocery Stores,general_dcf,34841249392.0,0.6865,0.05638680073292233,,0.07004303052338118,-0.01365622979045885,0.021216851165038214,0.013286689764203304,0.027805735425239453,3.627437203583348,0.0011463686108278514,-0.054241539698790975,elevated_leverage;thin_interest_coverage,8.0,2025.0,ttm,2026-06-26,2026-07-24,True,,,,0.3536081174388528,0.08703745400025714,0.375,0.4736081174388528,-0.4736081174388528,robust_return<=0; median_irr<=hurdle,False
222,HUBB,486.09,-0.1539425446757377,-0.14228532702691152,-0.2766442249281681,-0.0545552997209597,0.0,0.12,0.75,0.2766442249281681,0.3966442249281681,0.2766442249281681,0.3966442249281681,77.09272715665854,158.28781286609836,245.54543179377623,77.09272715665854,245.54543179377623,False,,-0.6743652145362004,0.697,0.85,0.1246344626036042,0.8055,-0.26228532702691154,0.5924499999999999,valid,,,,,False,ok,False,,Hubbell Incorporated,Industrials,Electrical Equipment & Parts,general_dcf,25685870562.0,0.8055,0.1630342726923971,0.2157911849580883,0.08736851915534243,0.07566575353705467,0.13879854972726194,0.20773502776804922,0.038659372864209285,1.5163800163800163,0.005436617215954517,-0.004867878368850498,,8.0,2025.0,ttm,2026-04-30,2026-07-24,True,,,,0.2766442249281681,0.0623172313018021,0.375,0.3966442249281681,-0.3966442249281681,robust_return<=0; median_irr<=hurdle,False
216,HSIC,85.47,-0.15575629028317048,-0.15274915397749278,-0.2732825045939534,-0.044244348583742946,0.0,0.12,0.75,0.2732825045939534,0.3932825045939534,0.2732825045939534,0.3932825045939534,13.262729937908725,18.495769051565475,41.21147618633902,13.262729937908725,41.21147618633902,False,,-0.7835992856959697,0.5076756000000001,1.0,0.12928881000510525,0.7214,-0.2727491539774928,0.5076756000000001,valid,,,forward_roic_floor_hit;share_change_floor_hit;reinvestment_cap_hit,,False,ok,False,,"Henry Schein, Inc.",Healthcare,Medical - Distribution,general_dcf,9736485990.0,0.7214,0.08389398884621356,-0.03311241926184948,0.07621341260435521,0.007680576241858347,0.05769458738710034,0.05596234309623431,-0.0001948354983694056,3.3810861423220975,0.003077408664089008,-0.05552040579331741,elevated_leverage;thin_interest_coverage;incremental_roic_below_wacc,8.0,2025.0,ttm,2026-05-05,2026-07-24,True,,,,0.2732825045939534,0.06464440500255263,0.375,0.3932825045939534,-0.3932825045939534,robust_return<=0; median_irr<=hurdle,False
202,NTRS,180.52,-0.156984906315404,-0.1421961212923748,-0.2460832469633657,-0.09746413571350065,0.0,0.12,1.0,0.2460832469633657,0.3660832469633657,0.2460832469633657,0.3660832469633657,43.9685653197917,83.84271883271306,108.10546963065084,43.9685653197917,108.10546963065084,False,,-0.5355488653184519,0.6,0.8,0.09230955562493251,0.5244172175227267,-0.2621961212923748,0.48,valid,,,specialist_model_v1,,False,specialist,False,,Northern Trust Corporation,Financial Services,Banks - Diversified,bank,33215352176.0,,,,,,,,,,,,,,,,,2026-07-24,True,183998184.00177264,1.26,Justified P/B residual-income proxy; no regulatory-capital or reserve-detail model,0.2460832469633657,0.046154777812466255,0.5,0.3660832469633657,-0.3660832469633657,robust_return<=0; median_irr<=hurdle,False
223,JBL,312.59,-0.15838448467729901,-0.15116583914496,-0.2767916300639627,-0.05441463035531338,0.0,0.12,0.75,0.2767916300639627,0.3967916300639627,0.2767916300639627,0.3967916300639627,42.63393831341646,95.47830940647337,151.81867461935096,42.63393831341646,151.81867461935096,False,,-0.6945573773746013,0.6168600000000001,1.0,0.12268269985432464,0.8832,-0.27116583914496,0.6168600000000001,valid,,,share_change_floor_hit,,False,ok,False,,Jabil Inc.,Technology,"Hardware, Equipment & Parts",general_dcf,32755396151.0,0.8832,0.260780816077851,,0.10362908105292386,0.15715173502492713,0.037843518287798666,0.0432271509377791,0.0436702842341532,1.1782224290367613,0.0030813973617698992,-0.09650142586031651,thin_interest_coverage,8.0,2025.0,ttm,2026-06-30,2026-07-24,True,,,,0.2767916300639627,0.06134134992716232,0.375,0.3967916300639627,-0.3967916300639627,robust_return<=0; median_irr<=hurdle,False
138,PSA,322.48,-0.15844927733585584,-0.16747155441250117,-0.16747155441250117,-0.13138244610591987,0.0,0.12,1.0,0.16747155441250117,0.28747155441250116,0.16747155441250117,0.28747155441250116,128.9728187276172,128.9728187276172,159.45780957037223,128.9728187276172,159.45780957037223,False,,-0.6000594805023034,0.6,0.8,0.036044554153290644,1.0,-0.28747155441250116,0.48,valid,,,specialist_model_v1,,False,specialist,False,,Public Storage,Real Estate,REIT - Industrial,reit,56620927467.0,,,,,,,,,,,,,,,,,2026-07-24,True,175579656.0003721,0.952,P/AFFO Gordon proxy; no property-level NOI or maintenance-capex detail,0.16747155441250117,0.018022277076645322,0.5,0.28747155441250116,-0.28747155441250116,robust_return<=0; median_irr<=hurdle,False
178,A,138.57,-0.160330511189386,-0.15912040094262916,-0.2115555616415804,-0.11152568123070518,0.0,0.12,1.0,0.2115555616415804,0.3315555616415804,0.2115555616415804,0.3315555616415804,30.72156576721398,39.61053435234185,48.15991235712188,30.72156576721398,48.15991235712188,False,,-0.7141478360948124,0.8052,1.0,0.055858940205437614,0.7996,-0.27912040094262913,0.8052,valid,,,,,False,ok,False,,"Agilent Technologies, Inc.",Healthcare,Medical - Diagnostics & Research,general_dcf,39136602240.0,0.7996,0.1563631525438916,0.06527467842826057,0.10525330742016702,0.05110984512372459,0.20521881264522696,0.215016592920354,0.05072541423244137,0.8449781659388647,0.018422567645365574,-0.01810353813094956,incremental_roic_below_wacc,8.0,2025.0,ttm,2026-06-01,2026-07-24,True,,,,0.2115555616415804,0.027929470102718807,0.5,0.3315555616415804,-0.3315555616415804,robust_return<=0; median_irr<=hurdle,False
299,PEG,79.81,-0.16199557165091388,0.030500016140285902,-0.95,0.2410176811157726,0.25,0.12,0.25,0.95,1.0699999999999998,0.95,1.0699999999999998,0.6297412294723778,66.02753793500781,159.7505461230468,0.6297412294723778,159.7505461230468,False,,-0.17269091673965908,0.5909,1.0,0.6077818405578863,0.3359,-0.0894999838597141,0.5909,valid,,,,,False,ok,True,bear,Public Service Enterprise Group Incorporated,Utilities,Regulated Electric,general_dcf,39771031094.0,0.3359,0.08395750519997351,0.4178713766367468,0.07390223616645991,0.0100552690335136,0.23252653674492513,0.25465061747694234,0.0329742925901062,3.7970342910101946,0.0,-0.0006657791581933248,elevated_leverage;thin_interest_coverage,8.0,2025.0,ttm,2026-05-05,2026-07-24,True,,,,0.95,0.30389092027894316,0.125,1.0699999999999998,-1.0699999999999998,robust_return<=0; median_irr<=hurdle,False
300,ZBH,91.35,-0.16297298277786465,0.02488271936308596,-0.95,0.24834263016236952,0.25,0.12,0.25,0.95,1.0699999999999998,0.95,1.0699999999999998,-2.7318077481422485,74.11210422644297,190.25046615429594,-2.7318077481422485,190.25046615429594,False,,-0.18870165050418208,0.51129,1.0,0.6138326150811847,0.2145,-0.09511728063691403,0.51129,valid,,,forward_roic_cap_hit,,False,ok,True,bear,"Zimmer Biomet Holdings, Inc.",Healthcare,Medical - Devices,general_dcf,17672753700.0,0.2145,0.058761228839764416,1.620416730156763,0.066777000373299,-0.00801577153353459,0.13425669510777075,0.15605527279646103,0.005292468669956474,2.909856712226948,0.013153439429062589,-0.02353247349355425,thin_interest_coverage,8.0,2025.0,ttm,2026-05-01,2026-07-24,True,,,,0.95,0.30691630754059235,0.125,1.0699999999999998,-1.0699999999999998,robust_return<=0; median_irr<=hurdle,False
230,CMG,31.79,-0.1634094961249502,-0.15309803448617454,-0.28926400298951194,-0.05817791253793982,0.0,0.12,0.75,0.28926400298951194,0.40926400298951193,0.28926400298951194,0.40926400298951193,4.106138650147061,9.634387538828886,15.52269577350973,4.106138650147061,15.52269577350973,False,,-0.6969365354253261,0.727,0.95,0.12523304522578604,0.8397,-0.27309803448617453,0.69065,valid,,,,,False,ok,False,,"Chipotle Mexican Grill, Inc.",Consumer Cyclical,Restaurants,general_dcf,40777986700.0,0.8397,0.21575282868818774,0.13387818191996204,0.09182386996492337,0.12392895872326437,0.12052278617695131,0.15786372222803471,0.13665429055320644,1.9126390606226489,0.011643248325747205,-0.024654596262011608,,8.0,2025.0,ttm,2026-04-29,2026-07-24,True,,,,0.28926400298951194,0.06261652261289302,0.375,0.40926400298951193,-0.40926400298951193,robust_return<=0; median_irr<=hurdle,False
295,PRU,119.96,-0.16403749887819458,-0.025047989317199315,-0.7021219990314713,0.09606798215309165,0.0,0.12,0.25,0.7021219990314713,0.8221219990314713,0.7021219990314713,0.8221219990314713,0.2813381390585415,105.67023019042459,189.7684081942125,0.2813381390585415,189.7684081942125,False,,-0.11912112212050185,0.6,0.8,0.4170949905922815,0.0026624162600152566,-0.1450479893171993,0.48,valid,,,specialist_model_v1,,False,specialist,False,,"Prudential Financial, Inc.",Financial Services,Insurance - Life,insurance,41626220287.0,,,,,,,,,,,,,,,,,2026-07-24,True,347000836.0036679,0.84,Justified P/B residual-income proxy; no regulatory-capital or reserve-detail model,0.7021219990314713,0.20854749529614075,0.125,0.8221219990314713,-0.8221219990314713,robust_return<=0; median_irr<=hurdle,False
215,SHW,317.51,-0.16440045275739976,-0.15185911760490856,-0.27032240234402705,-0.08356117347575487,0.0,0.12,1.0,0.27032240234402705,0.39032240234402704,0.27032240234402705,0.39032240234402704,46.47200116212815,89.85423846287553,129.25264407412226,46.47200116212815,129.25264407412226,False,,-0.7170034378039258,0.8555,1.0,0.0977156144341361,0.8364,-0.27185911760490855,0.8555,valid,,,,,False,ok,False,,The Sherwin-Williams Company,Basic Materials,Chemicals - Specialty,general_dcf,78309396360.0,0.8364,0.16762051245448076,0.17270819297715267,0.09388646126071734,0.07373405119376342,0.145467137345766,0.1613252282175012,0.04319057856107422,2.973094956399807,0.005238755763691817,-0.017756777877273366,,8.0,2025.0,ttm,2026-04-28,2026-07-24,True,,,,0.27032240234402705,0.04885780721706805,0.5,0.39032240234402704,-0.39032240234402704,robust_return<=0; median_irr<=hurdle,False
200,ANET,173.99,-0.16640111042725034,-0.16026062789605927,-0.2434344924084143,-0.10164869350846853,0.0,0.12,1.0,0.2434344924084143,0.3634344924084143,0.2434344924084143,0.3634344924084143,31.172284906212447,47.54978127055702,63.256291473254784,31.172284906212447,63.256291473254784,False,,-0.7267096886570664,0.5021190000000001,1.0,0.08582932944997289,0.9218,-0.28026062789605927,0.5021190000000001,valid,,,base_growth_cap_hit;forward_roic_cap_hit,,False,ok,False,,"Arista Networks, Inc.",Technology,Computer Hardware,general_dcf,219082890518.0,0.9218,3.1794789421061704,2.541673972213756,0.12695,3.0525289421061705,0.34139911629930414,0.4279240774879247,0.22695585796283524,-2.9154158406494854,0.05063950385040156,0.0020930458623871218,heavy_sbc;cyclical_revenue,8.0,2025.0,ttm,2026-05-06,2026-07-24,True,,,,0.2434344924084143,0.042914664724986444,0.5,0.3634344924084143,-0.3634344924084143,robust_return<=0; median_irr<=hurdle,False
234,ECL,268.75,-0.1672160354588413,-0.15052629745623552,-0.30184193700843037,-0.06596960991446392,0.0,0.12,0.75,0.30184193700843037,0.42184193700843037,0.30184193700843037,0.42184193700843037,34.94849836490412,81.92748391381453,127.39990711950074,34.94849836490412,127.39990711950074,False,,-0.695153548227667,0.763,1.0,0.12504616354698322,0.7743,-0.2705262974562355,0.763,valid,,,,,False,ok,False,,Ecolab Inc.,Basic Materials,Chemicals - Specialty,general_dcf,75636462500.0,0.7743,0.12640814610997408,0.3991607246694041,0.08721067344747369,0.0391974726625004,0.14301889947341256,0.17494210535912913,0.013225117332945624,2.4447146291016826,0.008494390965848319,-0.003384318101478545,,8.0,2025.0,ttm,2026-05-07,2026-07-24,True,,,,0.30184193700843037,0.06252308177349161,0.375,0.42184193700843037,-0.42184193700843037,robust_return<=0; median_irr<=hurdle,False
265,MU,920.95,-0.16730111867636877,-0.154033754824195,-0.3685551038288395,0.007418138771754483,0.0,0.12,0.75,0.3685551038288395,0.4885551038288395,0.3685551038288395,0.4885551038288395,98.60544254174869,248.2672007879128,524.2557155927456,98.60544254174869,524.2557155927456,False,,-0.7304227148184887,0.35842500000000005,0.85,0.21173387130029697,0.6493,-0.274033754824195,0.30466125000000005,valid,,,base_growth_cap_hit;wacc_cap_hit,,False,ok,False,,"Micron Technology, Inc.",Technology,Semiconductors,general_dcf,1040111720500.0,0.6493,0.6589876415303781,0.19500453035336757,0.14,0.5189876415303781,0.24542062073250998,0.6576201342579259,0.030003556214882376,-0.2873188352808693,0.03317271315359802,0.006786870429842606,cyclical_revenue;peak_cycle_margins,8.0,2025.0,ttm,2026-06-25,2026-07-24,True,,,,0.3685551038288395,0.10586693565014849,0.375,0.4885551038288395,-0.4885551038288395,robust_return<=0; median_irr<=hurdle,False
191,NDSN,295.77,-0.16847963870932287,-0.1641581343836151,-0.2306720149092143,-0.114930271160847,0.0,0.12,1.0,0.2306720149092143,0.3506720149092143,0.2306720149092143,0.3506720149092143,59.328802513684415,80.28618099881875,98.56588852988143,59.328802513684415,98.56588852988143,False,,-0.7285519795827204,0.73782,1.0,0.06573627187418364,0.7608,-0.2841581343836151,0.73782,valid,,,reinvestment_cap_hit,,False,ok,False,,Nordson Corporation,Industrials,Industrial - Machinery,general_dcf,16479712859.999998,0.7608,0.11998824591370559,0.03974633978397207,0.0904161764286297,0.02957206948507589,0.2532505691538013,0.2636817205456467,0.03099100141540756,2.046836845276565,0.007047418864717588,-0.012375917292465122,incremental_roic_below_wacc,8.0,2025.0,ttm,2026-05-21,2026-07-24,True,,,,0.2306720149092143,0.03286813593709182,0.5,0.3506720149092143,-0.3506720149092143,robust_return<=0; median_irr<=hurdle,False
233,CHRW,186.51,-0.16905048997068664,-0.1587863084947458,-0.299034913192736,-0.05959442970051894,0.0,0.12,0.75,0.299034913192736,0.419034913192736,0.299034913192736,0.419034913192736,25.398208571628167,58.43205640472711,93.05996487605462,25.398208571628167,93.05996487605462,False,,-0.6867081850585646,0.5704,1.0,0.13260824174610855,0.8845,-0.2787863084947458,0.5704,valid,,,,,False,ok,False,,"C.H. Robinson Worldwide, Inc.",Industrials,Integrated Freight & Logistics,general_dcf,21984501063.20999,0.8845,0.20038066020268494,,0.08966984888504045,0.11071081131764449,0.04790639549170544,0.049002784561993716,-0.0034578874655647462,1.657495573897493,0.0047723672769624925,-0.016362753358798665,cyclical_revenue,8.0,2025.0,ttm,2026-05-01,2026-07-24,True,,,,0.299034913192736,0.06630412087305428,0.375,0.419034913192736,-0.419034913192736,robust_return<=0; median_irr<=hurdle,False
236,COO,70.31,-0.16922907249099803,-0.15200871551060116,-0.3056703928799833,-0.06722846606280652,0.0,0.12,1.0,0.3056703928799833,0.4256703928799833,0.3056703928799833,0.4256703928799833,8.50298049602178,18.339951909329027,30.475760047184508,8.50298049602178,30.475760047184508,False,,-0.7391558539421273,0.6273,1.0,0.1304019634085884,0.2599,-0.27200871551060113,0.6273,valid,,,reinvestment_cap_hit,,False,ok,False,,"The Cooper Companies, Inc.",Healthcare,Medical - Instruments & Supplies,general_dcf,13712629610.0,0.2599,0.035931474516320165,0.052212610579211796,0.08255275709410027,-0.04662128257778011,0.16301111144007413,0.11767625442974079,0.07094746791504969,2.6301835486063903,0.0,-0.006412596201342491,incremental_roic_below_wacc,8.0,2025.0,ttm,2026-06-05,2026-07-24,True,,,,0.3056703928799833,0.0652009817042942,0.5,0.4256703928799833,-0.4256703928799833,robust_return<=0; median_irr<=hurdle,False
254,C,132.22,-0.1698303506621072,-0.13833287119461635,-0.33571475244770366,-0.06694090781149242,0.0,0.12,0.75,0.33571475244770366,0.45571475244770365,0.33571475244770366,0.45571475244770365,17.10291713375713,62.80508113675848,93.50673629154825,17.10291713375713,93.50673629154825,False,,-0.5249956047741757,0.6,0.8,0.1523869223181056,0.2723174116520193,-0.25833287119461634,0.48,valid,,,specialist_model_v1,,False,specialist,False,,Citigroup Inc.,Financial Services,Banks - Diversified,bank,226745400200.0,,,,,,,,,,,,,,,,,2026-07-24,True,1714910000.0,1.094,Justified P/B residual-income proxy; no regulatory-capital or reserve-detail model,0.33571475244770366,0.0761934611590528,0.375,0.45571475244770365,-0.45571475244770365,robust_return<=0; median_irr<=hurdle,False
187,WSM,226.74,-0.17113123216477102,-0.17170218527317044,-0.2243216694885632,-0.11679888862418007,0.0,0.12,1.0,0.2243216694885632,0.3443216694885632,0.2243216694885632,0.3443216694885632,46.697513916358886,60.69542289259278,73.67449600969594,46.697513916358886,73.67449600969594,False,,-0.7323126801949688,0.7133,0.95,0.06386239043219155,0.9245,-0.29170218527317043,0.677635,valid,,,,,False,ok,False,,"Williams-Sonoma, Inc.",Consumer Cyclical,Specialty Retail,general_dcf,26697866578.0,0.9245,0.3966256074794315,-0.06734620042273971,0.11822683574572401,0.2783987717337075,0.16663394849440455,0.1797346386948043,0.0467045849233334,0.47794949520752267,0.012835696522912865,-0.046260428596221814,incremental_roic_below_wacc,8.0,2025.0,ttm,2026-05-22,2026-07-24,True,,,,0.2243216694885632,0.031931195216095776,0.5,0.3443216694885632,-0.3443216694885632,robust_return<=0; median_irr<=hurdle,False
257,RTX,212.79,-0.1713183440147986,-0.15261957089242056,-0.3439349095584474,-0.03609932471590578,0.0,0.12,0.75,0.3439349095584474,0.4639349095584474,0.3439349095584474,0.4639349095584474,22.659575812003645,64.84302183420515,123.66512063209156,22.659575812003645,123.66512063209156,False,,-0.6952722316170631,0.56142,1.0,0.1670751924212708,0.4646,-0.27261957089242056,0.56142,valid,,,reinvestment_cap_hit,,False,ok,False,,RTX Corporation,Industrials,Aerospace & Defense,general_dcf,286560766644.0,0.4646,0.09283460657201555,,0.06962719894728706,0.02320740762472849,0.0815182999861138,0.11213903743315508,0.1432943634046051,1.6966745045347666,0.006166569936157864,-0.027963582188603286,,8.0,2025.0,ttm,2026-07-23,2026-07-24,True,,,,0.3439349095584474,0.0835375962106354,0.375,0.4639349095584474,-0.4639349095584474,robust_return<=0; median_irr<=hurdle,False
301,TMUS,180.09,-0.17324286725852284,0.00658853403001561,-0.95,0.24385146290587728,0.25,0.12,0.25,0.95,1.0699999999999998,0.95,1.0699999999999998,-31.925757981448786,130.7939403186126,371.15735336978827,-31.925757981448786,371.15735336978827,False,,-0.27373013316334827,0.40410900000000005,1.0,0.6148024614529386,0.4884,-0.11341146596998439,0.40410900000000005,valid,,,forward_roic_cap_hit;wacc_floor_hit,,False,ok,True,bear,"T-Mobile US, Inc.",Communication Services,Telecommunications Services,general_dcf,193177430785.0,0.4884,0.08506250011219815,1.990527861070957,0.065,0.02006250011219815,0.12487129857199122,0.20298517176669667,0.10713963255832692,3.416294373339773,0.008490542019908858,-0.04821422563407585,elevated_leverage;thin_interest_coverage;cyclical_revenue;peak_cycle_margins,8.0,2025.0,ttm,2026-07-23,2026-07-24,True,,,,0.95,0.3074012307264693,0.125,1.0699999999999998,-1.0699999999999998,robust_return<=0; median_irr<=hurdle,False
183,CSCO,114.17,-0.17523258962610272,-0.17282351456815376,-0.21959186361636968,-0.13569146575173358,0.0,0.12,1.0,0.21959186361636968,0.33959186361636967,0.21959186361636968,0.33959186361636967,22.23649872210376,26.669687675451495,33.34475490859559,22.23649872210376,33.34475490859559,False,,-0.7664037166028598,0.7688699999999999,1.0,0.04888409893231805,0.8679,-0.29282351456815375,0.7688699999999999,valid,,,reinvestment_cap_hit,,False,ok,False,,"Cisco Systems, Inc.",Technology,Communication Equipment,general_dcf,449993595703.0,0.8679,0.18079819819324663,-0.02843197082884546,0.0941832048416639,0.08661499335158274,0.2606543314348322,0.23361208968491753,0.019972575142745974,0.8770261379269095,0.0571343605375165,-0.016574072843876686,heavy_sbc;incremental_roic_below_wacc,8.0,2025.0,ttm,2026-05-19,2026-07-24,True,,,,0.21959186361636968,0.024442049466159025,0.5,0.33959186361636967,-0.33959186361636967,robust_return<=0; median_irr<=hurdle,False
259,TPR,142.6,-0.17576283409871396,-0.16139773689210413,-0.3489225936704316,-0.031333268940215896,0.0,0.12,0.75,0.3489225936704316,0.4689225936704316,0.3489225936704316,0.4689225936704316,11.614966690828439,39.743320449892515,73.89953015997115,11.614966690828439,73.89953015997115,False,,-0.7212950880091689,0.58266,1.0,0.17131486236510787,0.7264,-0.2813977368921041,0.58266,valid,,,share_change_floor_hit,,False,ok,False,,"Tapestry, Inc.",Consumer Cyclical,Luxury Goods,general_dcf,28811617000.0,0.7264,0.20571353778161833,,0.11090064346089405,0.09481289432072428,0.15222930660687622,0.1131859173587405,0.02544414133287609,2.678614994839073,0.012452394197441055,-0.08296010729535341,,8.0,2025.0,ttm,2026-05-07,2026-07-24,True,,,,0.3489225936704316,0.08565743118255394,0.375,0.4689225936704316,-0.4689225936704316,robust_return<=0; median_irr<=hurdle,False
267,BKR,57.25,-0.17800024523749014,-0.15762249939143655,-0.37525145211257044,-0.02150453005451706,0.0,0.12,0.75,0.37525145211257044,0.49525145211257043,0.37525145211257044,0.49525145211257043,5.385803709730186,17.863657161916336,34.51480681136478,5.385803709730186,34.51480681136478,False,,-0.687971053940326,0.5838,0.7,0.19835946102902668,0.3603,-0.2776224993914366,0.40865999999999997,valid,,,,,False,ok,False,,Baker Hughes Company,Energy,Oil & Gas Equipment & Services,general_dcf,56795950250.0,0.3603,0.10998239939111407,0.44018987341772153,0.08879228864781609,0.021190110743297977,0.07661628186406616,0.12825875311001333,0.027880293666787903,0.46111696522655427,0.0073197995168211155,0.002358499301831074,peak_cycle_margins,8.0,2025.0,annual,2026-02-05,2026-07-24,True,,,,0.37525145211257044,0.09917973051451334,0.375,0.49525145211257043,-0.49525145211257043,robust_return<=0; median_irr<=hurdle,False
248,URI,1141.59,-0.18278865062611657,-0.16288748413389834,-0.3237892939054291,-0.08159034033124044,0.0,0.12,1.0,0.3237892939054291,0.4437892939054291,0.3237892939054291,0.4437892939054291,90.92463521275778,232.21747285905514,363.72297565673995,90.92463521275778,363.72297565673995,False,,-0.7965841739511952,0.7345,1.0,0.12906447678709432,0.5147,-0.2828874841338983,0.7345,valid,,,,,False,ok,False,,"United Rentals, Inc.",Industrials,Rental & Leasing Services,general_dcf,71055415575.0,0.5147,0.12828471139830133,0.14640983758377604,0.12058420479851865,0.007700506599782678,0.24881215862584077,0.24792062737642587,0.10413850897536503,2.0678310316815596,0.007298794395568589,-0.03590169898188733,,8.0,2025.0,ttm,2026-07-22,2026-07-24,True,,,,0.3237892939054291,0.06453223839354716,0.5,0.4437892939054291,-0.4437892939054291,robust_return<=0; median_irr<=hurdle,False
249,NWSA,26.76,-0.1829693909996422,-0.1654212735593319,-0.3242356476723217,-0.07679936920758335,0.0,0.12,1.0,0.3242356476723217,0.4442356476723217,0.3242356476723217,0.4442356476723217,3.490865325942227,8.30353123020702,11.757210680336197,3.490865325942227,11.757210680336197,False,,-0.6897036162105,0.4968000000000001,0.7,0.1478141392323692,0.2107,-0.2854212735593319,0.34776,valid,,,reinvestment_cap_hit,,False,ok,False,,News Corporation,Communication Services,Entertainment,general_dcf,15021241296.000002,0.2107,0.06930110598314645,,0.08365426522158943,-0.014353159238442978,0.07525118018893645,0.11310932323710364,-0.009311320802890988,0.3795053003533569,0.0,-0.012879660099238022,peak_cycle_margins,8.0,2025.0,annual,2025-08-06,2026-07-24,True,,,,0.3242356476723217,0.0739070696161846,0.5,0.4442356476723217,-0.4442356476723217,robust_return<=0; median_irr<=hurdle,False
275,LH,296.77,-0.18563308993579988,-0.15789838195487382,-0.40742676432128055,-0.019308831512171283,0.0,0.12,0.75,0.40742676432128055,0.5274267643212806,0.40742676432128055,0.5274267643212806,19.144503442606723,65.37705125484473,167.45743577028202,19.144503442606723,167.45743577028202,False,,-0.7797046492069793,0.500013,1.0,0.20905857640455464,0.3945,-0.2778983819548738,0.500013,valid,,,forward_roic_floor_hit;reinvestment_cap_hit,,False,ok,False,,Labcorp Holdings Inc.,Healthcare,Medical - Diagnostics & Research,general_dcf,24335140000.0,0.3945,0.07847412560497373,-7.794511381847969,0.08002348314653071,-0.001549357541556981,0.11604691500812825,0.11031376818766703,0.030137680570719194,2.7845989590284264,0.009016822322727696,-0.03271819414794375,incremental_roic_below_wacc,8.0,2025.0,ttm,2026-05-04,2026-07-24,True,,,,0.40742676432128055,0.10452928820227732,0.375,0.5274267643212806,-0.5274267643212806,robust_return<=0; median_irr<=hurdle,False
243,CASY,861.63,-0.1861986518051708,-0.1735966329048097,-0.3168289968692989,-0.080772344541765,0.0,0.12,1.0,0.3168289968692989,0.4368289968692989,0.3168289968692989,0.4368289968692989,109.69565237619432,241.69180090467322,392.60971640422025,109.69565237619432,392.60971640422025,False,,-0.7194946776404336,0.6222,0.95,0.13086232616376695,0.7815,-0.2935966329048097,0.59109,valid,,,,,False,ok,False,,"Casey's General Stores, Inc.",Consumer Cyclical,Specialty Retail,general_dcf,31884531987.0,0.7815,0.12526980158853127,0.1604541009740596,0.07691929389161174,0.04835050769691952,0.04542217167062353,0.05886060333005317,0.09417408999463706,1.6055944433023392,0.0029943104212629412,-0.002122010404048913,cyclical_revenue,8.0,2026.0,ttm,2026-06-22,2026-07-24,True,,,,0.3168289968692989,0.06543116308188347,0.5,0.4368289968692989,-0.4368289968692989,robust_return<=0; median_irr<=hurdle,False
283,ADM,85.92,-0.18770177582337053,-0.14292864493327212,-0.45970388881396496,-0.005245924612972856,0.0,0.12,0.75,0.45970388881396496,0.579703888813965,0.45970388881396496,0.579703888813965,3.7498883145143256,25.41340096672717,56.04625183640247,3.7498883145143256,56.04625183640247,False,,-0.7042201935902331,0.47934,1.0,0.24284878210049604,0.4412,-0.2629286449332721,0.47934,valid,,,reinvestment_cap_hit,,False,ok,False,,Archer-Daniels-Midland Company,Consumer Defensive,Agricultural Farm Products,general_dcf,41409701105.0,0.4412,0.03150652178244641,,0.07653983942020894,-0.04503331763776253,0.029387294404086977,0.01519737984765402,0.03210258008547795,4.159618573797678,0.0010340230973352104,-0.04914931813618828,elevated_leverage;thin_interest_coverage,8.0,2025.0,ttm,2026-05-05,2026-07-24,True,,,,0.45970388881396496,0.12142439105024802,0.375,0.579703888813965,-0.579703888813965,robust_return<=0; median_irr<=hurdle,False
201,IDXX,544.32,-0.18828035028818702,-0.18489031555509425,-0.24588654180697622,-0.13745422823558326,0.0,0.12,1.0,0.24588654180697622,0.3658865418069762,0.24588654180697622,0.3658865418069762,91.57717833809973,133.52701031746673,168.29595629360298,91.57717833809973,168.29595629360298,False,,-0.7546902367771409,0.8727,1.0,0.05803515678569648,0.9662,-0.30489031555509427,0.8727,valid,,,,,False,ok,False,,"IDEXX Laboratories, Inc.",Healthcare,Medical - Diagnostics & Research,general_dcf,42937594560.00001,0.9662,0.46257641645358455,0.37422638754222093,0.12248678485857831,0.34008963159500627,0.27820512448371637,0.3162512272004984,0.09966155300662871,0.6247638812944276,0.01547015731093541,-0.01571045899589718,,8.0,2025.0,ttm,2026-05-05,2026-07-24,True,,,,0.24588654180697622,0.02901757839284824,0.5,0.3658865418069762,-0.3658865418069762,robust_return<=0; median_irr<=hurdle,False
240,GNRC,202.01,-0.19220006503164766,-0.18861043786164372,-0.3136471425212221,-0.07793224188208112,0.0,0.12,1.0,0.3136471425212221,0.4336471425212221,0.3136471425212221,0.4336471425212221,19.31177847549178,28.602315531277966,63.078368476416,19.31177847549178,63.078368476416,False,,-0.8584113878952628,0.40815900000000005,1.0,0.1356126803195705,0.5485,-0.3086104378616437,0.40815900000000005,valid,,,forward_roic_floor_hit;reinvestment_cap_hit,,False,ok,False,,Generac Holdings Inc.,Industrials,Industrial - Machinery,general_dcf,11892062249.0,0.5485,0.06778591412929326,-1.435172989305175,0.13232067798726688,-0.06453476385797362,0.1468885095320479,0.07462201174142605,0.11030592847427156,2.006299384658548,0.011866299751469835,-0.028904621280608445,thin_interest_coverage;cyclical_revenue;incremental_roic_below_wacc,8.0,2025.0,ttm,2026-05-05,2026-07-24,True,,,,0.3136471425212221,0.06780634015978525,0.5,0.4336471425212221,-0.4336471425212221,robust_return<=0; median_irr<=hurdle,False
302,T,24.13,-0.19313905889866873,0.006615340942516951,-0.95,0.1642130825202912,0.25,0.12,0.25,0.95,1.0699999999999998,0.95,1.0699999999999998,-2.082725037895675,18.15928091592321,36.87925339421091,-2.082725037895675,36.87925339421091,False,,-0.24743966365838344,0.6345,1.0,0.5680715412601456,0.5308,-0.11338465905748304,0.6345,valid,,,,,False,ok,True,bear,AT&T Inc.,Communication Services,Telecommunications Services,general_dcf,165348170700.0,0.5308,0.0817906181435148,,0.07100046037617438,0.010790157767340422,0.18042818427832208,0.20384473313999638,-0.042875319057744776,3.1376689553914585,0.0,-0.028994779230208878,elevated_leverage;thin_interest_coverage,8.0,2025.0,ttm,2026-07-22,2026-07-24,True,,,,0.95,0.2840357706300728,0.125,1.0699999999999998,-1.0699999999999998,robust_return<=0; median_irr<=hurdle,False
303,AIG,79.06,-0.19353864004848503,0.006187037763954573,-0.95,0.16347136427815068,0.25,0.12,0.25,0.95,1.0699999999999998,0.95,1.0699999999999998,0.0,81.53618757317297,168.55254089976768,0.0,168.55254089976768,False,,0.03132035888151985,0.6,0.8,0.5747356821390753,0.0,-0.11381296223604542,0.48,valid,,,specialist_model_v1,,False,specialist,False,,"American International Group, Inc.",Financial Services,Insurance - Diversified,insurance,41918100116.0,,,,,,,,,,,,,,,,,2026-07-24,True,530206173.9944346,0.541,Justified P/B residual-income proxy; no regulatory-capital or reserve-detail model,0.95,0.28736784106953767,0.125,1.0699999999999998,-1.0699999999999998,robust_return<=0; median_irr<=hurdle,False
235,CBRE,139.46,-0.19561464039288692,-0.18565058691310696,-0.30299253832199613,-0.10816484942333768,0.0,0.12,1.0,0.30299253832199613,0.4229925383219961,0.30299253832199613,0.4229925383219961,6.4931727794788525,23.757485963972204,42.234796256947014,6.4931727794788525,42.234796256947014,False,,-0.8296465942637874,0.613413,1.0,0.10901145444932922,0.6907,-0.305650586913107,0.613413,valid,,,forward_roic_floor_hit;reinvestment_cap_hit,,False,ok,False,,"CBRE Group, Inc.",Real Estate,Real Estate - Services,general_dcf,40836258820.0,0.6907,0.08585613162797563,-0.04102788275435944,0.09778292659128736,-0.011926794963311727,0.04487385041355632,0.037564920435411576,0.09604354201767173,2.6547066272688897,0.0,-0.03226693695322658,incremental_roic_below_wacc,8.0,2025.0,ttm,2026-04-23,2026-07-24,True,,,,0.30299253832199613,0.05450572722466461,0.5,0.4229925383219961,-0.4229925383219961,robust_return<=0; median_irr<=hurdle,False
304,NRG,141.03,-0.20253144541784418,-0.07851703953347167,-0.95,0.29690829739556657,0.25,0.12,0.75,0.95,1.0699999999999998,0.95,1.0699999999999998,-65.12697148618226,42.88885938803579,350.5886927695247,-65.12697148618226,350.5886927695247,False,,-0.6958883968798426,0.35802,1.0,0.6427135486977833,0.5741,-0.19851703953347166,0.35802,valid,,,reinvestment_cap_hit,,False,ok,True,bear,"NRG Energy, Inc.",Utilities,Independent Power Producers,general_dcf,29755355580.0,0.5741,0.030341420498202175,,0.08960807074206578,-0.05926665024386361,0.09488985175466122,0.030004934007647713,0.18287155276652345,8.986995515695067,0.0036260220405261285,-0.041224096277523326,elevated_leverage;thin_interest_coverage;cyclical_revenue,8.0,2025.0,ttm,2026-05-06,2026-07-24,True,,,,0.95,0.32135677434889165,0.375,1.0699999999999998,-1.0699999999999998,robust_return<=0; median_irr<=hurdle,False
213,TXN,279.58,-0.2028740896683302,-0.2002132704597897,-0.26761003999272354,-0.14345977776101787,0.0,0.12,1.0,0.26761003999272354,0.38761003999272353,0.26761003999272354,0.38761003999272353,29.9672401416888,49.05895108580797,71.28185169068743,29.9672401416888,71.28185169068743,False,,-0.8245262497825024,0.5662710000000001,1.0,0.07508700111585283,0.9505,-0.3202132704597897,0.5662710000000001,valid,,,forward_roic_floor_hit;reinvestment_cap_hit,,False,ok,False,,Texas Instruments Incorporated,Technology,Semiconductors,general_dcf,254443800940.0,0.9505,0.25354909542626325,-0.17168647586355487,0.10935484278430235,0.1441942526419609,0.41301948168070923,0.37289878167891843,0.016353768938195623,0.7439333192656679,0.023696414432756475,-0.0021645089324286992,incremental_roic_below_wacc,8.0,2025.0,ttm,2026-07-24,2026-07-24,True,,,,0.26761003999272354,0.037543500557926414,0.5,0.38761003999272353,-0.38761003999272353,robust_return<=0; median_irr<=hurdle,False
247,TMO,568.26,-0.2042701810376456,-0.19708142899471562,-0.32367417726345593,-0.09924368889769535,0.0,0.12,1.0,0.32367417726345593,0.4436741772634559,0.32367417726345593,0.4436741772634559,61.91168493731764,96.91301768133384,198.61974978070972,61.91168493731764,198.61974978070972,False,,-0.8294565556587938,0.54756,1.0,0.1257884441828803,0.5782,-0.3170814289947156,0.54756,valid,,,forward_roic_floor_hit;reinvestment_cap_hit,,False,ok,False,,Thermo Fisher Scientific Inc.,Healthcare,Medical - Diagnostics & Research,general_dcf,211177349460.0,0.5782,0.08089743449123077,-0.1729233713142559,0.08450180706041235,-0.0036043725691815853,0.18034227974651323,0.17686032458563536,0.09010006871566945,3.4555984555984556,0.006957536583176228,-0.019849958596302675,elevated_leverage;incremental_roic_below_wacc,8.0,2025.0,ttm,2026-07-23,2026-07-24,True,,,,0.32367417726345593,0.06289422209144015,0.5,0.4436741772634559,-0.4436741772634559,robust_return<=0; median_irr<=hurdle,False
305,HAS,88.79,-0.2046744139399379,-0.03640683948760849,-0.95,0.20411602321546526,0.25,0.12,0.25,0.95,1.0699999999999998,0.95,1.0699999999999998,-3.950398307632984,57.313460705679326,163.93878119938566,-3.950398307632984,163.93878119938566,False,,-0.3545054543791044,0.5792,1.0,0.5896820116077326,0.7,-0.15640683948760847,0.5792,valid,,,,,False,ok,True,bear,"Hasbro, Inc.",Consumer Cyclical,Leisure,general_dcf,12562985890.0,0.7,0.32219361516665584,,0.06677700207725294,0.2554166130894029,0.10535031530997216,0.23855867449529478,0.00375236020630787,1.6904053842541868,0.0,0.010214483546903796,peak_cycle_margins,8.0,2025.0,ttm,2026-07-21,2026-07-24,True,,,,0.95,0.2948410058038663,0.125,1.0699999999999998,-1.0699999999999998,robust_return<=0; median_irr<=hurdle,False
217,WELL,252.07,-0.20560605433588008,-0.18227347463569354,-0.2756037934364397,-0.18227347463569354,0.0,0.12,1.0,0.2756037934364397,0.3956037934364397,0.2756037934364397,0.3956037934364397,50.28077908264624,92.16405817340724,92.16405817340724,50.28077908264624,92.16405817340724,False,,-0.6343711739857689,0.6,0.8,0.06466515940037307,0.5455573471823761,-0.30227347463569354,0.48,valid,,,specialist_model_v1,,False,specialist,False,,Welltower Inc.,Real Estate,REIT - Healthcare Facilities,reit,177939741980.0,,,,,,,,,,,,,,,,,2026-07-24,True,705914000.0,0.763,P/AFFO Gordon proxy; no property-level NOI or maintenance-capex detail,0.2756037934364397,0.032332579700186534,0.5,0.3956037934364397,-0.3956037934364397,robust_return<=0; median_irr<=hurdle,False
224,CSX,53.23,-0.20674702348187568,-0.20963924920069985,-0.27802752197021624,-0.12968207355588673,0.0,0.12,1.0,0.27802752197021624,0.39802752197021624,0.27802752197021624,0.39802752197021624,6.810695309045493,6.810695309045493,13.380656049700306,7.3433368682534725,13.380656049700306,True,"growth destroys value: forward ROIC 2.0% at/below WACC 9.8%, so higher-growth scenarios reinvest below the cost of capital and are worth less than the bear case",-0.8720515628584352,0.6104160000000001,1.0,0.08586024420716475,0.7629,-0.32963924920069987,0.6104160000000001,valid,,,forward_roic_floor_hit;reinvestment_cap_hit,,False,ok,False,,CSX Corporation,Industrials,Railroads,general_dcf,98607510400.0,0.7629,0.11831372724869005,-0.12815277880637105,0.09758967951736104,0.020724047731329007,0.3882619842609072,0.3415104740904079,0.02021319242870323,2.7181543116490166,0.0,-0.04598711400177957,incremental_roic_below_wacc,8.0,2025.0,ttm,2026-07-22,2026-07-24,True,,,,0.27802752197021624,0.04293012210358237,0.5,0.39802752197021624,-0.39802752197021624,robust_return<=0; median_irr<=hurdle,False
306,LYV,177.24,-0.20677851162326982,-0.20062022657366463,-0.95,0.5241264066542499,0.25,0.12,0.75,0.95,1.0699999999999998,0.95,1.0699999999999998,-16.704219299573932,41.37375291361091,902.2460955580692,-16.704219299573932,902.2460955580692,False,,-0.7665665035341294,0.4205,1.0,0.7544482033271249,0.5312,-0.3206202265736646,0.4205,valid,,,,,False,ok,True,bear,"Live Nation Entertainment, Inc.",Communication Services,Entertainment,general_dcf,41246016849.0,0.5312,0.742449845013421,0.38241129362642984,0.09055180972764537,0.6518980352857757,0.031868649483831786,0.05452177346853182,0.12886419341228894,0.717585798478136,0.005102410566569146,0.0012136706823184795,thin_interest_coverage;cyclical_revenue;peak_cycle_margins,8.0,2025.0,ttm,2026-05-05,2026-07-24,True,,,,0.95,0.37722410166356246,0.375,1.0699999999999998,-1.0699999999999998,robust_return<=0; median_irr<=hurdle,False
255,ZBRA,259.92,-0.21013594457290305,-0.20457767063198837,-0.33664721364621075,-0.09474122338142477,0.0,0.12,1.0,0.33664721364621075,0.45664721364621075,0.33664721364621075,0.45664721364621075,24.566777712145694,26.771197170014535,72.184760368642,24.566777712145694,72.184760368642,False,,-0.8970021653969893,0.524151,1.0,0.135228465132393,0.5296,-0.3245776706319884,0.524151,valid,,,forward_roic_floor_hit;reinvestment_cap_hit,,False,ok,False,,Zebra Technologies Corporation,Technology,Communication Equipment,general_dcf,12380873328.0,0.5296,0.11102056464296949,-0.061870115414357205,0.11731035682095606,-0.006289792177986572,0.14730794126744565,0.14382948235715565,0.03581159084964791,2.7268195413758725,0.0178678980124473,-0.012240574462547227,thin_interest_coverage;incremental_roic_below_wacc,8.0,2025.0,ttm,2026-05-12,2026-07-24,True,,,,0.33664721364621075,0.0676142325661965,0.5,0.45664721364621075,-0.45664721364621075,robust_return<=0; median_irr<=hurdle,False
210,WST,328.2,-0.21022846194791778,-0.21009201179695078,-0.26443678316572905,-0.15629304103204045,0.0,0.12,1.0,0.26443678316572905,0.38443678316572905,0.26443678316572905,0.38443678316572905,47.007216727776694,58.78039685003456,82.54279358683456,47.007216727776694,82.54279358683456,False,,-0.8209006799206747,0.575343,1.0,0.0668115810668443,0.8456,-0.3300920117969508,0.575343,valid,,,forward_roic_floor_hit;reinvestment_cap_hit,,False,ok,False,,"West Pharmaceutical Services, Inc.",Healthcare,Medical - Instruments & Supplies,general_dcf,23097337560.0,0.8456,0.1982938835421028,-0.12951822220621453,0.10411853813644037,0.09417534540566244,0.20320865651832,0.20637306478280476,0.08665376290342741,-0.142708814028611,0.007743110908676839,-0.02019396960477804,incremental_roic_below_wacc,8.0,2025.0,ttm,2026-07-23,2026-07-24,True,,,,0.26443678316572905,0.03340579053342215,0.5,0.38443678316572905,-0.38443678316572905,robust_return<=0; median_irr<=hurdle,False
273,VMC,279.7,-0.21082285670236156,-0.182024944742443,-0.40100516667152986,-0.07823637065303043,0.0,0.12,1.0,0.40100516667152986,0.5210051666715299,0.40100516667152986,0.5210051666715299,19.06477619044939,68.29159168997569,114.3736479692573,19.06477619044939,114.3736479692573,False,,-0.755839858098049,0.6603,1.0,0.1715753980092497,0.3281,-0.302024944742443,0.6603,valid,,,,,False,ok,False,,Vulcan Materials Company,Basic Materials,Construction Materials,general_dcf,36292473500.0,0.3281,0.09769614388186953,0.1569505195752272,0.09559951458261039,0.002096629299259148,0.18273980107251592,0.20621795110564806,0.0884530894949942,2.0664354656750095,0.007954316256555063,-0.004166104781237356,thin_interest_coverage,8.0,2025.0,ttm,2026-04-29,2026-07-24,True,,,,0.40100516667152986,0.08578769900462485,0.5,0.5210051666715299,-0.5210051666715299,robust_return<=0; median_irr<=hurdle,False
270,FTV,62.31,-0.21331580046535237,-0.18366252831183372,-0.38609371912316426,-0.09984442611457778,0.0,0.12,1.0,0.38609371912316426,0.5060937191231643,0.38609371912316426,0.5060937191231643,4.544790005841133,15.546508420791772,22.110153794888646,4.544790005841133,22.110153794888646,False,,-0.7504973772943063,0.5740200000000001,1.0,0.15590404650429324,0.5398,-0.3036625283118337,0.5740200000000001,valid,,,reinvestment_cap_hit,,False,ok,False,,Fortive Corporation,Technology,Industrial - Machinery,general_dcf,18995890219.0,0.5398,0.07854780003766418,,0.08916979792474485,-0.010621997887080667,0.17465117318383777,0.177297479880387,-0.03190008590079263,2.4938310912998487,0.018680032314972055,-0.0464720994483494,,8.0,2025.0,ttm,2026-04-30,2026-07-24,True,,,,0.38609371912316426,0.07795202325214662,0.5,0.5060937191231643,-0.5060937191231643,robust_return<=0; median_irr<=hurdle,False
287,MAR,374.43,-0.21564842228053746,-0.1607788882029126,-0.5288282271743809,-0.012207685541943618,0.0,0.12,0.75,0.5288282271743809,0.6488282271743809,0.5288282271743809,0.6488282271743809,7.575044366947364,101.67458275375442,221.68428276293992,7.575044366947364,221.68428276293992,False,,-0.7284550309703965,0.38288700000000003,1.0,0.2768236608162187,0.891,-0.28077888820291264,0.38288700000000003,valid,,,forward_roic_cap_hit;share_change_floor_hit,,False,ok,False,,"Marriott International, Inc.",Consumer Cyclical,Travel Lodging,general_dcf,98733072270.0,0.891,0.2635376211998751,1.12170246356831,0.09426876962500925,0.16926885157486588,0.13818482151354172,0.16017609210971892,0.033741498293627714,3.4723473986071283,0.009012449400442985,-0.06139649755319576,elevated_leverage;cyclical_revenue,8.0,2025.0,ttm,2026-05-06,2026-07-24,True,,,,0.5288282271743809,0.13841183040810934,0.375,0.6488282271743809,-0.6488282271743809,robust_return<=0; median_irr<=hurdle,False
218,KLAC,210.52,-0.21674735214983226,-0.21471897289738986,-0.2756763420475181,-0.1618751207570312,0.0,0.12,1.0,0.2756763420475181,0.3956763420475181,0.2756763420475181,0.3956763420475181,30.208036388632184,46.65707519942578,60.83868158692262,30.208036388632184,60.83868158692262,False,,-0.7783722439700467,0.68886,1.0,0.06623481064524346,0.9699,-0.33471897289738983,0.68886,valid,,,forward_roic_cap_hit,,False,ok,False,,KLA Corporation,Technology,Semiconductors,general_dcf,274998065600.0,0.9699,0.6899220117264848,1.206275773051553,0.11588725236736334,0.5740347593591215,0.37555765765641247,0.41679264661427823,0.17056544479350988,0.20297062535810645,0.021676482461152884,-0.04560801163090278,,8.0,2025.0,ttm,2026-04-29,2026-07-24,True,,,,0.2756763420475181,0.03311740532262173,0.5,0.3956763420475181,-0.3956763420475181,robust_return<=0; median_irr<=hurdle,False
228,CDNS,326.24,-0.2170416955348628,-0.2113986514406861,-0.2853626620737486,-0.16000681718433038,0.0,0.12,1.0,0.2853626620737486,0.4053626620737486,0.2853626620737486,0.4053626620737486,42.05276219680601,67.7698416742284,89.92488253046362,42.05276219680601,89.92488253046362,False,,-0.7922699801550135,0.8488,1.0,0.06721392244470911,0.8347,-0.3313986514406861,0.8488,valid,,,,,False,ok,False,,"Cadence Design Systems, Inc.",Technology,Software - Application,general_dcf,89982211840.0,0.8347,0.18238935683361482,0.26272291701168327,0.10260592854025673,0.07978342829335809,0.27587571713297987,0.31105975404681063,0.13837522331577512,0.7744199203135067,0.08429147749406196,-0.0015611614866534174,heavy_sbc,8.0,2025.0,ttm,2026-05-01,2026-07-24,True,,,,0.2853626620737486,0.033606961222354556,0.5,0.4053626620737486,-0.4053626620737486,robust_return<=0; median_irr<=hurdle,False
245,ROK,462.16,-0.21723067977127358,-0.20803083015780427,-0.32069565201163647,-0.1321654067578492,0.0,0.12,1.0,0.32069565201163647,0.44069565201163646,0.32069565201163647,0.44069565201163646,48.0234866293359,96.92142471685966,143.0806926412642,48.0234866293359,143.0806926412642,False,,-0.7902859946406879,0.6790499999999999,1.0,0.10389362262689363,0.8299,-0.32803083015780427,0.6790499999999999,valid,,,forward_roic_cap_hit,,False,ok,False,,"Rockwell Automation, Inc.",Industrials,Industrial - Machinery,general_dcf,51426391840.0,0.8299,0.19645237799480172,0.804075570656804,0.11862982316955144,0.07782255482525029,0.17226625135061094,0.19082235347569287,0.03261237098756298,1.81187624750499,0.010189403020858308,-0.011850827048212609,,8.0,2025.0,ttm,2026-05-05,2026-07-24,True,,,,0.32069565201163647,0.05194681131344681,0.5,0.44069565201163646,-0.44069565201163646,robust_return<=0; median_irr<=hurdle,False
229,WAT,374.68,-0.21802149077320787,-0.21066890006550232,-0.288550017320813,-0.16219814564101392,0.0,0.12,1.0,0.288550017320813,0.408550017320813,0.288550017320813,0.408550017320813,42.32454154395242,86.52682936898765,124.44867986879152,42.32454154395242,124.44867986879152,False,,-0.7690647235801547,0.6139638000000001,0.85,0.07925702183989952,0.7389,-0.3306689000655023,0.5218692300000001,valid,,,base_growth_cap_hit;share_change_cap_hit;reinvestment_cap_hit,,False,ok,False,,Waters Corporation,Healthcare,Medical - Diagnostics & Research,general_dcf,24423000615.0,0.7389,0.027036962477932854,0.029667878242803907,0.09697577958072535,-0.0699388171027925,0.28803615176012815,0.17077049929440583,0.03910304855053126,5.068606788043327,0.015112627252621108,0.10833137896728617,elevated_leverage;ongoing_dilution;incremental_roic_below_wacc,8.0,2025.0,ttm,2026-05-12,2026-07-24,True,,,,0.288550017320813,0.03962851091994976,0.5,0.408550017320813,-0.408550017320813,robust_return<=0; median_irr<=hurdle,False
221,JBHT,288.3,-0.21851798467287153,-0.22141121209861012,-0.27591435786162044,-0.1553351566326455,0.0,0.12,1.0,0.27591435786162044,0.39591435786162044,0.27591435786162044,0.39591435786162044,42.10763969114511,42.10763969114511,66.80242538558059,42.6002795339967,66.80242538558059,True,"growth destroys value: forward ROIC 2.0% at/below WACC 10.9%, so higher-growth scenarios reinvest below the cost of capital and are worth less than the bear case",-0.8539450583033468,0.565218,1.0,0.07333306061448747,0.7951,-0.34141121209861014,0.565218,valid,,,forward_roic_floor_hit;reinvestment_cap_hit,,False,ok,False,,"J.B. Hunt Transport Services, Inc.",Industrials,Integrated Freight & Logistics,general_dcf,27186459360.0,0.7951,0.15116842496020624,-0.11504860955793367,0.1089878662698482,0.04218055869035804,0.07823289501812905,0.07523751487051336,0.0484726000390483,0.6817197492181736,0.005979867149991966,-0.03384668186885509,incremental_roic_below_wacc,8.0,2025.0,ttm,2026-07-24,2026-07-24,True,,,,0.27591435786162044,0.03666653030724373,0.5,0.39591435786162044,-0.39591435786162044,robust_return<=0; median_irr<=hurdle,False
253,BNY,158.91,-0.2186613163280034,-0.198955029155227,-0.33182896714874544,-0.14490623985281414,0.0,0.12,1.0,0.33182896714874544,0.45182896714874543,0.33182896714874544,0.45182896714874543,21.163595223491185,52.412601741283495,72.64737294169782,21.163595223491185,72.64737294169782,False,,-0.670174301546262,0.6,0.8,0.11146136364796563,0.4037882974777303,-0.318955029155227,0.48,valid,,,specialist_model_v1,,False,specialist,False,,Bank of New York Mellon Corp,Financial Services,Investment - Banking & Investment Services,bank,109072486890.0,,,,,,,,,,,,,,,,,2026-07-24,True,686379000.0,1.058,Justified P/B residual-income proxy; no regulatory-capital or reserve-detail model,0.33182896714874544,0.05573068182398282,0.5,0.45182896714874543,-0.45182896714874543,robust_return<=0; median_irr<=hurdle,False
279,MLM,559.6,-0.22050376315619352,-0.18724291966209416,-0.42649313344518297,-0.0810360798554029,0.0,0.12,1.0,0.42649313344518297,0.546493133445183,0.42649313344518297,0.546493133445183,28.0955758892467,122.66685159709898,217.75441487057572,28.0955758892467,217.75441487057572,False,,-0.7807954760595086,0.6427,1.0,0.18344752679489004,0.3595,-0.30724291966209416,0.6427,valid,,,,,False,ok,False,,"Martin Marietta Materials, Inc.",Basic Materials,Construction Materials,general_dcf,33601685640.0,0.3595,0.07207327114833631,0.12745319670657848,0.09443477560438569,-0.022361504456049383,0.20423619418469918,0.22737677399664277,0.06380605907772896,2.5303738317757007,0.007377895824110963,-0.01132783532441528,,8.0,2025.0,ttm,2026-04-30,2026-07-24,True,,,,0.42649313344518297,0.09172376339744502,0.5,0.546493133445183,-0.546493133445183,robust_return<=0; median_irr<=hurdle,False
264,ADI,371.86,-0.22144246514399127,-0.2143472762487363,-0.3583263634471223,-0.09874894463137021,0.0,0.12,1.0,0.3583263634471223,0.4783263634471223,0.3583263634471223,0.4783263634471223,33.257611702753415,66.1617560870976,130.46245952849173,33.257611702753415,130.46245952849173,False,,-0.8220788574003721,0.42552,1.0,0.14702310940787608,0.4345,-0.3343472762487363,0.42552,valid,,,reinvestment_cap_hit,,False,ok,False,,"Analog Devices, Inc.",Technology,Semiconductors,general_dcf,181128178885.0,0.4345,0.09556764162858658,,0.10398526683439141,-0.00841762520580483,0.27015266265536875,0.32495151368586017,0.08501578301136647,0.8593589859528546,0.027867362344766295,-0.021297307348000838,cyclical_revenue,8.0,2025.0,ttm,2026-05-20,2026-07-24,True,,,,0.3583263634471223,0.07351155470393804,0.5,0.4783263634471223,-0.4783263634471223,robust_return<=0; median_irr<=hurdle,False
242,SBUX,103.25,-0.22166188639384926,-0.22039735093712803,-0.31537726149545053,-0.13047558220569042,0.0,0.12,1.0,0.31537726149545053,0.43537726149545053,0.31537726149545053,0.43537726149545053,10.66338339956421,13.48252058737558,28.124747438650953,10.66338339956421,28.124747438650953,False,,-0.8694186868050792,0.569349,0.85,0.10987036964488006,0.8635,-0.34039735093712803,0.48394665,valid,,,forward_roic_floor_hit;reinvestment_cap_hit,,False,ok,False,,Starbucks Corporation,Consumer Cyclical,Restaurants,general_dcf,117674025000.0,0.8635,0.19546857847923407,-0.297353315146048,0.08725570730438702,0.10821287117484706,0.1516728793480779,0.09283008665042675,0.060062777447075,2.8402573506402473,0.008522177564254952,-0.0044217674909690086,incremental_roic_below_wacc,8.0,2025.0,ttm,2026-04-28,2026-07-24,True,,,,0.31537726149545053,0.05493518482244003,0.5,0.43537726149545053,-0.43537726149545053,robust_return<=0; median_irr<=hurdle,False
286,WAB,302.5,-0.22275287701304475,-0.17372684973815916,-0.5247829918298521,-0.018774816746008553,0.0,0.12,0.75,0.5247829918298521,0.6447829918298521,0.5247829918298521,0.6447829918298521,7.699023986388027,77.09256053071056,176.37905975461103,7.699023986388027,176.37905975461103,False,,-0.745148560229056,0.4613,1.0,0.26916508754192175,0.5122,-0.29372684973815916,0.4613,valid,,,,,False,ok,False,,Westinghouse Air Brake Technologies Corporation,Industrials,Railroads,general_dcf,51095577500.0,0.5122,0.08541047548195688,0.3547289909129661,0.08811615324893118,-0.002705677766974307,0.11644795394000608,0.1657762938230384,0.143668657691588,3.299631384939442,0.006354096466737268,-0.02371629475578585,elevated_leverage;cyclical_revenue,8.0,2025.0,ttm,2026-07-22,2026-07-24,True,,,,0.5247829918298521,0.13458254377096088,0.375,0.6447829918298521,-0.6447829918298521,robust_return<=0; median_irr<=hurdle,False
289,BALL,63.84,-0.22276477603081726,-0.14552380613749838,-0.5712382417550543,-0.02877325009321791,0.0,0.12,0.75,0.5712382417550543,0.6912382417550543,0.5712382417550543,0.6912382417550543,1.2318252848003968,16.70885884533599,32.36570964667873,1.2318252848003968,32.36570964667873,False,,-0.7382697549289475,0.5263380000000001,1.0,0.2854423558309182,0.5913,-0.2655238061374984,0.5263380000000001,valid,,,share_change_floor_hit;reinvestment_cap_hit,,False,ok,False,,Ball Corporation,Consumer Cyclical,Packaging & Containers,general_dcf,16997177262.0,0.5913,0.07962489247493586,,0.08799072461034117,-0.008365832135405316,0.08794729929249331,0.09168865435356201,0.017786620061432057,3.7603613177470776,0.0,-0.0580970780100033,elevated_leverage;thin_interest_coverage,8.0,2025.0,ttm,2026-05-05,2026-07-24,True,,,,0.5712382417550543,0.1427211779154591,0.375,0.6912382417550543,-0.6912382417550543,robust_return<=0; median_irr<=hurdle,False
209,ODFL,232.99,-0.2241369689341809,-0.2256582920410437,-0.26438807147787885,-0.1808432201767573,0.0,0.12,1.0,0.26438807147787885,0.38438807147787885,0.26438807147787885,0.38438807147787885,38.6966437520766,44.87638002469975,53.01421461501388,38.6966437520766,53.01421461501388,False,,-0.8073892440675576,0.64026,1.0,0.052564625650560776,0.9369,-0.3456582920410437,0.64026,valid,,,reinvestment_cap_hit,,False,ok,False,,"Old Dominion Freight Line, Inc.",Industrials,Trucking,general_dcf,48454530256.0,0.9369,0.2413165278436665,-0.017990229634820724,0.1060506537546847,0.1352658740889818,0.2561866213225866,0.2456516196998402,0.044823000248298994,-0.145232918509256,0.0019517404695940195,-0.025461443284672147,incremental_roic_below_wacc,8.0,2025.0,ttm,2026-05-06,2026-07-24,True,,,,0.26438807147787885,0.026282312825280388,0.5,0.38438807147787885,-0.38438807147787885,robust_return<=0; median_irr<=hurdle,False
237,PH,987.54,-0.22454606889059503,-0.2177106960225501,-0.30911857681858235,-0.1536443066986976,0.0,0.12,1.0,0.30911857681858235,0.42911857681858234,0.30911857681858235,0.42911857681858234,118.60346469220424,199.00965798449909,278.24277993587293,118.60346469220424,278.24277993587293,False,,-0.7984793952806984,0.7877,1.0,0.08410613505994237,0.7888,-0.3377106960225501,0.7877,valid,,,,,False,ok,False,,Parker-Hannifin Corporation,Industrials,Industrial - Machinery,general_dcf,124515352593.0,0.7888,0.14533454152170117,0.15501181968334055,0.09856384164152929,0.04677069988017188,0.16818159133227,0.2086778747718715,0.047938934794694577,1.7152416341472099,0.00778615492950538,-0.0060610466495389925,,8.0,2025.0,ttm,2026-04-30,2026-07-24,True,,,,0.30911857681858235,0.042053067529971185,0.5,0.42911857681858234,-0.42911857681858234,robust_return<=0; median_irr<=hurdle,False
277,NOW,98.78,-0.22796004681003976,-0.19631981604616153,-0.4078343725996092,-0.11136618254822675,0.0,0.12,1.0,0.4078343725996092,0.5278343725996092,0.4078343725996092,0.5278343725996092,3.912930973056623,20.660172118455407,34.50787472584446,3.912930973056623,34.50787472584446,False,,-0.7908466074260436,0.5994,1.0,0.16025209502569124,0.225,-0.31631981604616155,0.5994,valid,,,reinvestment_cap_hit,,False,ok,False,,"ServiceNow, Inc.",Technology,Software - Application,general_dcf,101872801800.0,0.225,0.08447993495680196,0.17653142927074073,0.0914712994660099,-0.00699136450920794,0.04650028597992858,0.11403746945424925,0.26169854473332754,1.3639308855291576,0.15895848506919155,0.0062901388644485134,heavy_sbc;peak_cycle_margins,8.0,2025.0,ttm,2026-07-23,2026-07-24,True,,,,0.4078343725996092,0.08012604751284562,0.5,0.5278343725996092,-0.5278343725996092,robust_return<=0; median_irr<=hurdle,False
269,DHR,191.5,-0.22859280542179478,-0.21517704527650494,-0.3836098807427334,-0.10040725039143578,0.0,0.12,1.0,0.3836098807427334,0.5036098807427334,0.3836098807427334,0.5036098807427334,14.40471565340365,29.320312838928704,68.06315282149596,14.40471565340365,68.06315282149596,False,,-0.8468913167679963,0.49215600000000004,1.0,0.1568366351756488,0.4746,-0.33517704527650494,0.49215600000000004,valid,,,forward_roic_floor_hit;reinvestment_cap_hit,,False,ok,False,,Danaher Corporation,Healthcare,Medical - Diagnostics & Research,general_dcf,134621829341.0,0.4746,0.05731507832008858,-5.032108954031949,0.08206945032135099,-0.02475437200126241,0.2131120096631041,0.20420599832715974,0.053583813771420186,2.9389969564642056,0.012129599478997069,-0.013522605503985319,cyclical_revenue;incremental_roic_below_wacc,8.0,2025.0,ttm,2026-07-21,2026-07-24,True,,,,0.3836098807427334,0.0784183175878244,0.5,0.5036098807427334,-0.5036098807427334,robust_return<=0; median_irr<=hurdle,False
260,TRMB,52.91,-0.22972581855719906,-0.207219542900566,-0.35185917721828436,-0.15260501120937986,0.0,0.12,1.0,0.35185917721828436,0.47185917721828435,0.35185917721828436,0.47185917721828435,5.0595925482908894,11.784361909453114,11.842857612041906,5.0595925482908894,11.842857612041906,False,,-0.7772753371866733,0.6400800000000001,1.0,0.11042468300445224,0.2532,-0.327219542900566,0.6400800000000001,valid,,,reinvestment_cap_hit,,False,ok,False,,Trimble Inc.,Technology,"Hardware, Equipment & Parts",general_dcf,12333930470.0,0.2532,0.08334873016012517,0.021094141713031075,0.10962480598911814,-0.026276075828992967,0.12922263775761822,0.17818586231215755,0.020681196117285916,1.3828015016424213,0.04083851364536002,-0.018042740614959585,incremental_roic_below_wacc,8.0,2025.0,ttm,2026-05-06,2026-07-24,True,,,,0.35185917721828436,0.05521234150222612,0.5,0.47185917721828435,-0.47185917721828435,robust_return<=0; median_irr<=hurdle,False
227,AMAT,536.25,-0.23390911379392487,-0.2340471754891041,-0.2825986369818564,-0.18494346721563487,0.0,0.12,1.0,0.2825986369818564,0.4025986369818564,0.2825986369818564,0.4025986369818564,71.24311022942634,100.8076391617001,128.08764300867674,71.24311022942634,128.08764300867674,False,,-0.8120137265049882,0.7449,0.7,0.06548058488311076,0.9754,-0.3540471754891041,0.52143,valid,,,,,False,ok,False,,"Applied Materials, Inc.",Technology,Semiconductors,general_dcf,425760513750.0,0.9754,0.3789467821548689,0.19038816312622922,0.1240806525711332,0.25486612958373567,0.28906419392654936,0.2921954314720812,0.07858556936479122,-0.17457588262265017,0.02123196938475125,-0.026945297525425738,,8.0,2025.0,annual,2025-12-12,2026-07-24,True,,,,0.2825986369818564,0.03274029244155538,0.5,0.4025986369818564,-0.4025986369818564,robust_return<=0; median_irr<=hurdle,False
263,AMZN,232.11,-0.23441112435793904,-0.21983045621309422,-0.3560184869522345,-0.1419650980533333,0.0,0.12,1.0,0.3560184869522345,0.4760184869522345,0.3560184869522345,0.4760184869522345,19.26274064190859,42.905827706011706,66.17883916999479,19.26274064190859,66.17883916999479,False,,-0.8151487324716225,0.6504,0.85,0.1220146944494506,0.6529,-0.3398304562130942,0.55284,valid,,,,,False,ok,False,,"Amazon.com, Inc.",Consumer Cyclical,Specialty Retail,general_dcf,2496830481000.0,0.6529,0.14521036249502256,0.1686968132723965,0.1147995149081696,0.03041084758685296,0.05632443944936712,0.11500371579049404,0.17425150285834046,0.42858059424743844,0.03450221722712588,0.02192554537473068,peak_cycle_margins,8.0,2025.0,ttm,2026-04-30,2026-07-24,True,,,,0.3560184869522345,0.0610073472247253,0.5,0.4760184869522345,-0.4760184869522345,robust_return<=0; median_irr<=hurdle,False
272,DELL,437.31,-0.2370862177558592,-0.22321350574202364,-0.3918179749060072,-0.11009988463338227,0.0,0.12,1.0,0.3918179749060072,0.5118179749060072,0.3918179749060072,0.5118179749060072,30.72446770892305,92.8831760244664,163.8293369863464,30.72446770892305,163.8293369863464,False,,-0.7876033568304718,0.5747399999999999,1.0,0.1536168451363125,0.6976,-0.34321350574202364,0.5747399999999999,valid,,,forward_roic_cap_hit,,False,ok,False,,Dell Technologies Inc.,Technology,Computer Hardware,general_dcf,290483579883.0,0.6976,0.49027977219777913,1.8342847668362352,0.10946666260437238,0.38081310959340675,0.05122543748972912,0.08016298264205012,0.03273164337374879,1.419984047567254,0.008214132493433926,-0.0449276156905386,peak_cycle_margins,8.0,2026.0,ttm,2026-06-09,2026-07-24,True,,,,0.3918179749060072,0.07680842256815625,0.5,0.5118179749060072,-0.5118179749060072,robust_return<=0; median_irr<=hurdle,False
251,NSC,350.66,-0.2389757991382794,-0.23832200886681673,-0.32906358686595927,-0.1501955919535248,0.0,0.12,1.0,0.32906358686595927,0.44906358686595926,0.32906358686595927,0.44906358686595926,30.74798839342236,30.74798839342236,72.92982247787245,33.568570398114076,72.92982247787245,True,"growth destroys value: forward ROIC 2.0% at/below WACC 9.9%, so higher-growth scenarios reinvest below the cost of capital and are worth less than the bear case",-0.9123139554171495,0.6027210000000001,0.7,0.11035236745621724,0.7143,-0.35832200886681675,0.4219047,valid,,,forward_roic_floor_hit;reinvestment_cap_hit,,False,ok,False,,Norfolk Southern Corporation,Industrials,Railroads,general_dcf,78756132040.0,0.7143,0.10124386426700688,-0.0692751831503375,0.09908888956284732,0.002154974704159554,0.3450790239831443,0.32906403940886697,0.008767797689063883,2.8803925199037215,0.0,-0.015519752497767159,incremental_roic_below_wacc,8.0,2025.0,annual,2026-02-09,2026-07-24,True,,,,0.32906358686595927,0.05517618372810862,0.5,0.44906358686595926,-0.44906358686595926,robust_return<=0; median_irr<=hurdle,False
244,FIX,1733.6,-0.23911205725553372,-0.2350438387107715,-0.31688501718199413,-0.16947553441859775,0.0,0.12,1.0,0.31688501718199413,0.43688501718199413,0.31688501718199413,0.43688501718199413,200.06466609329473,321.5299998806161,445.3563896751722,200.06466609329473,445.3563896751722,False,,-0.8145304569216566,0.540918,0.85,0.0919772013816982,0.8776,-0.3550438387107715,0.4597803,valid,,,base_growth_cap_hit;forward_roic_cap_hit,,False,ok,False,,"Comfort Systems USA, Inc.",Industrials,Engineering & Construction,general_dcf,61012838480.0,0.8776,0.8571157930630792,0.8890094250228319,0.12945128064452516,0.727664512418554,0.06778238600945254,0.16464214896583762,0.22626488254906207,-0.7878938473248959,0.002396161307614748,-0.007378280048640828,peak_cycle_margins,8.0,2025.0,ttm,2026-07-23,2026-07-24,True,,,,0.31688501718199413,0.0459886006908491,0.5,0.43688501718199413,-0.43688501718199413,robust_return<=0; median_irr<=hurdle,False
238,MPWR,1333.81,-0.24118362808112578,-0.2340272630950494,-0.31009984493248344,-0.18658014120192087,0.0,0.12,1.0,0.31009984493248344,0.43009984493248343,0.31009984493248344,0.43009984493248343,138.86959450115637,216.68686434329427,281.94153617843654,138.86959450115637,281.94153617843654,False,,-0.8375429301450025,0.58518,1.0,0.07420445186528128,0.9457,-0.3540272630950494,0.58518,valid,,,base_growth_cap_hit,,False,ok,False,,"Monolithic Power Systems, Inc.",Technology,Semiconductors,general_dcf,65530085300.0,0.9457,0.30815612094581896,0.23276839249069248,0.13240000000000002,0.17575612094581894,0.2308215064033451,0.2708842138724219,0.2508627848368101,-1.5948560369295812,0.08221036839839391,0.006056684480668428,heavy_sbc;cyclical_revenue,8.0,2025.0,ttm,2026-05-04,2026-07-24,True,,,,0.31009984493248344,0.03710222593264064,0.5,0.43009984493248343,-0.43009984493248343,robust_return<=0; median_irr<=hurdle,False
231,LRCX,305.21,-0.24161130771644823,-0.242056471836986,-0.29609772410040025,-0.18623456309142056,0.0,0.12,1.0,0.29609772410040025,0.41609772410040025,0.29609772410040025,0.41609772410040025,36.74644127011047,55.06102520411179,72.39869076971613,36.74644127011047,72.39869076971613,False,,-0.8195962609216219,0.6604,1.0,0.06511958050448985,0.9787,-0.36205647183698597,0.6604,valid,,,,,False,ok,False,,Lam Research Corporation,Technology,Semiconductors,general_dcf,381686469700.0,0.9787,0.6868702791765688,0.42787582267146246,0.13635181512959965,0.5505184640469691,0.29351875552048795,0.3425647125509845,0.0754865864010088,-0.12952184475452566,0.018625440323556754,-0.0366326643006597,cyclical_revenue,8.0,2025.0,ttm,2026-04-23,2026-07-24,True,,,,0.29609772410040025,0.032559790252244925,0.5,0.41609772410040025,-0.41609772410040025,robust_return<=0; median_irr<=hurdle,False
281,HPE,47.69,-0.24296918749460017,-0.2128624008153565,-0.4378631787491031,-0.10828876959858459,0.0,0.12,1.0,0.4378631787491031,0.5578631787491031,0.4378631787491031,0.5578631787491031,-2.3902748786890147,5.855134299755719,14.611665861380455,-2.3902748786890147,14.611665861380455,False,,-0.8772251142848455,0.569268,1.0,0.17770916457525926,0.254,-0.3328624008153565,0.569268,valid,,,forward_roic_floor_hit;reinvestment_cap_hit,,False,ok,False,,Hewlett Packard Enterprise Company,Technology,Computer Hardware,general_dcf,63151265916.0,0.254,0.05594724336905397,-0.03986654875793874,0.10291784877801492,-0.046970605408960954,0.07724874801730915,0.06595159091493685,0.015120249641591421,2.71465033180194,0.014704366647198269,0.027000182898342162,incremental_roic_below_wacc,8.0,2025.0,ttm,2026-06-02,2026-07-24,True,,,,0.4378631787491031,0.08885458228762963,0.5,0.5578631787491031,-0.5578631787491031,robust_return<=0; median_irr<=hurdle,False
261,KEYS,318.67,-0.2466220339851134,-0.23766225179715544,-0.35351888020377387,-0.15764475214236878,0.0,0.12,1.0,0.35351888020377387,0.47351888020377386,0.35351888020377387,0.47351888020377386,19.298551523441276,46.64016813236101,78.5546414852211,19.298551523441276,78.5546414852211,False,,-0.8536411707021024,0.5418900000000001,1.0,0.11168036403070254,0.6268,-0.35766225179715544,0.5418900000000001,valid,,,forward_roic_floor_hit;reinvestment_cap_hit,,False,ok,False,,"Keysight Technologies, Inc.",Technology,"Hardware, Equipment & Parts",general_dcf,54459226921.0,0.6268,0.13645567318738172,-0.033775434415324726,0.10487082923125576,0.03158484395612596,0.1788043833986215,0.1816688567674113,0.047738618867254834,0.2689922480620155,0.027515565374573208,-0.016762942620847432,incremental_roic_below_wacc,8.0,2025.0,ttm,2026-06-04,2026-07-24,True,,,,0.35351888020377387,0.05584018201535127,0.5,0.47351888020377386,-0.47351888020377386,robust_return<=0; median_irr<=hurdle,False
307,DLTR,120.45,-0.2635315592429833,-0.09648596308252307,-0.95,0.08884568919311281,0.0,0.12,0.75,0.95,1.0699999999999998,0.95,1.0699999999999998,-2.4657440924190146,52.77826964055385,126.64291394855658,-2.4657440924190146,126.64291394855658,False,,-0.5618242454084363,0.48897,1.0,0.5347537445965564,0.6577,-0.21648596308252305,0.48897,valid,,,base_growth_floor_hit,,False,ok,True,bear,"Dollar Tree, Inc.",Consumer Defensive,Discount Stores,general_dcf,23147478750.0,0.6577,0.12719708134444005,,0.07145784217467907,0.05573923916976098,0.07816983415618828,0.08544706019374212,-0.022863270003800173,2.6073874658537552,0.005762435120462902,-0.04140513713567551,cyclical_revenue,8.0,2025.0,ttm,2026-05-28,2026-07-24,True,,,,0.95,0.2673768722982782,0.375,1.0699999999999998,-1.0699999999999998,robust_return<=0; median_irr<=hurdle,False
268,EMR,147.94,-0.26447990942906463,-0.24699624100758222,-0.3811148456705268,-0.18281231003056742,0.0,0.12,1.0,0.3811148456705268,0.5011148456705268,0.3811148456705268,0.5011148456705268,10.183764394188849,22.29471555612915,28.819952280770718,10.183764394188849,28.819952280770718,False,,-0.8492989349998029,0.7361,1.0,0.10706826781997969,0.7259,-0.3669962410075822,0.7361,valid,,,,,False,ok,False,,Emerson Electric Co.,Industrials,Industrial - Machinery,general_dcf,82861194000.0,0.7259,0.08967687613346981,0.07087532184363748,0.10045038602242784,-0.010773509888958033,0.16970042527951743,0.19955230399650578,0.00491638614415546,2.3891702376314763,0.014863937800137205,-0.017100800193298404,incremental_roic_below_wacc,8.0,2025.0,ttm,2026-05-05,2026-07-24,True,,,,0.3811148456705268,0.053534133909989845,0.5,0.5011148456705268,-0.5011148456705268,robust_return<=0; median_irr<=hurdle,False
278,CAT,888.73,-0.2686204303113299,-0.2483355018383008,-0.4256030363078024,-0.15220768126091566,0.0,0.12,1.0,0.4256030363078024,0.5456030363078024,0.4256030363078024,0.5456030363078024,37.41085990819719,125.48826963303563,222.24136110611022,37.41085990819719,222.24136110611022,False,,-0.8588004572445673,0.6387,1.0,0.14753667752344335,0.7045,-0.36833550183830077,0.6387,valid,,,,,False,ok,False,,Caterpillar Inc.,Industrials,Agricultural - Machinery,general_dcf,409381921010.0,0.7045,0.1585949719709314,0.35038510576386805,0.11783595498302475,0.04075901698790664,0.15281852143765806,0.16558547099144938,0.030628169211895928,2.778735836955747,0.0034408801246740423,-0.04236798600512226,,8.0,2025.0,ttm,2026-05-06,2026-07-24,True,,,,0.4256030363078024,0.07376833876172167,0.5,0.5456030363078024,-0.5456030363078024,robust_return<=0; median_irr<=hurdle,False
290,HLT,324.97,-0.2688927474504453,-0.20260806469595988,-0.6408793756709201,-0.029475484738941272,0.0,0.12,0.75,0.6408793756709201,0.7608793756709201,0.6408793756709201,0.7608793756709201,-9.184087282987496,67.65336155051182,177.583712570193,-9.184087282987496,177.583712570193,False,,-0.791816593683996,0.42336,1.0,0.32300114546598946,0.8425,-0.3226080646959599,0.42336,valid,,,share_change_floor_hit,,False,ok,False,,Hilton Worldwide Holdings Inc.,Consumer Cyclical,Travel Lodging,general_dcf,73978770560.0,0.8425,0.3095148652999893,0.6733492050774321,0.0911969499457128,0.21831791535427647,0.19370316505405474,0.23084439377900823,0.044001453671123514,4.196693657219973,0.01575085018793628,-0.057381254969486206,elevated_leverage;thin_interest_coverage;cyclical_revenue,8.0,2025.0,ttm,2026-04-28,2026-07-24,True,,,,0.6408793756709201,0.16150057273299473,0.375,0.7608793756709201,-0.7608793756709201,robust_return<=0; median_irr<=hurdle,False
250,TER,349.92,-0.2688970920797147,-0.2669439534678532,-0.3272277528580162,-0.21447270852513606,0.0,0.12,1.0,0.3272277528580162,0.4472277528580162,0.3272277528580162,0.4472277528580162,23.686517166147873,36.958179889384176,52.89546779056995,23.686517166147873,52.89546779056995,False,,-0.8943810588437809,0.45402120000000007,1.0,0.07275688616644006,0.9442,-0.3869439534678532,0.45402120000000007,valid,,,base_growth_cap_hit;forward_roic_floor_hit;reinvestment_cap_hit,,False,ok,False,,"Teradyne, Inc.",Technology,Semiconductors,general_dcf,54777176640.0,0.9442,0.29898942004408796,-0.32082571804789234,0.13388002613492636,0.1651093939091616,0.23338936981766334,0.26915040991983286,0.0614891194634577,-0.14207587002415828,0.0,-0.024346695038381383,cyclical_revenue;incremental_roic_below_wacc,8.0,2025.0,ttm,2026-05-01,2026-07-24,True,,,,0.3272277528580162,0.03637844308322003,0.5,0.4472277528580162,-0.4472277528580162,robust_return<=0; median_irr<=hurdle,False
271,AVGO,381.92,-0.2726067919680644,-0.25887007266283024,-0.38795357177441475,-0.18473345077218253,0.0,0.12,1.0,0.38795357177441475,0.5079535717744148,0.38795357177441475,0.5079535717744148,24.761301827439393,61.08346713473616,96.62077996531053,24.761301827439393,96.62077996531053,False,,-0.8400621409333469,0.48851100000000003,1.0,0.1169547305011161,0.6433,-0.37887007266283024,0.48851100000000003,valid,,,base_growth_cap_hit;reinvestment_cap_hit,,False,ok,False,,Broadcom Inc.,Technology,Semiconductors,general_dcf,1817014953600.0,0.6433,0.2229863879070467,0.1979041101217094,0.11778265457713719,0.10520373332990951,0.2856942347434634,0.4365599946995296,0.17348704517829217,1.0858794186771548,0.11131577926862372,0.048514505916566586,heavy_sbc;ongoing_dilution;peak_cycle_margins,8.0,2025.0,ttm,2026-06-09,2026-07-24,True,,,,0.38795357177441475,0.05847736525055805,0.5,0.5079535717744148,-0.5079535717744148,robust_return<=0; median_irr<=hurdle,False
256,TECH,71.6,-0.274994530211552,-0.27521446709288283,-0.33987676430260766,-0.20967242235783484,0.0,0.12,1.0,0.33987676430260766,0.45987676430260765,0.33987676430260766,0.45987676430260765,7.0063199307768835,7.816401593630423,12.341892667595555,7.0063199307768835,12.341892667595555,False,,-0.8908323799772287,0.5386500000000001,1.0,0.0789426709723864,0.5567,-0.3952144670928828,0.5386500000000001,valid,,,forward_roic_floor_hit;reinvestment_cap_hit,,False,ok,False,,Bio-Techne Corporation,Healthcare,Biotechnology,general_dcf,11210340400.0,0.5567,0.061430211697803015,-0.2604211226685503,0.10989123201544296,-0.04846102031763994,0.21244651555028604,0.12698431051584433,0.09576559931916306,0.3168374113970632,0.03347968859535845,-0.014786527152423234,incremental_roic_below_wacc,8.0,2025.0,ttm,2026-05-06,2026-07-24,True,,,,0.33987676430260766,0.0394713354861932,0.5,0.45987676430260765,-0.45987676430260765,robust_return<=0; median_irr<=hurdle,False
258,IBKR,91.74,-0.27888520760679836,-0.26783746011560394,-0.3461207412941506,-0.23374516890183505,0.0,0.12,1.0,0.3461207412941506,0.4661207412941506,0.3461207412941506,0.4661207412941506,10.965957131377213,19.30173109501343,24.233986644560293,10.965957131377213,24.233986644560293,False,,-0.789603977599592,0.6,0.8,0.07418778619615776,0.5681333491486807,-0.38783746011560394,0.48,valid,,,specialist_model_v1,,False,specialist,False,,"Interactive Brokers Group, Inc.",Financial Services,Investment - Banking & Investment Services,bank,158529695679.0,,,,,,,,,,,,,,,,,2026-07-24,True,1728032436.0039241,1.329,Justified P/B residual-income proxy; no regulatory-capital or reserve-detail model,0.3461207412941506,0.03709389309807888,0.5,0.4661207412941506,-0.4661207412941506,robust_return<=0; median_irr<=hurdle,False
276,ON,86.81,-0.28910051722632485,-0.285060378612252,-0.40744003804866213,-0.17884127363213337,0.0,0.12,1.0,0.40744003804866213,0.5274400380486621,0.40744003804866213,0.5274400380486621,5.1115835245160515,6.989369900872466,15.216996545454574,5.1115835245160515,15.216996545454574,False,,-0.9194865810290005,0.417312,1.0,0.13178002220826437,0.4362,-0.40506037861225197,0.417312,valid,,,forward_roic_floor_hit;reinvestment_cap_hit,,False,ok,False,,ON Semiconductor Corporation,Technology,Semiconductors,general_dcf,33785236660.0,0.4362,0.07147640398640859,-0.20507036683135024,0.13979403243135513,-0.06831762844494654,0.16852792331505653,0.10842817087250536,0.0028218172896363747,0.41240850947397223,0.01467345207803223,-0.04197201773083803,cyclical_revenue;incremental_roic_below_wacc,8.0,2025.0,ttm,2026-05-04,2026-07-24,True,,,,0.40744003804866213,0.06589001110413219,0.5,0.5274400380486621,-0.5274400380486621,robust_return<=0; median_irr<=hurdle,False
285,DD,137.7,-0.28987382154919034,-0.24565458950819447,-0.512044314040395,-0.1561417931399773,0.0,0.12,1.0,0.512044314040395,0.632044314040395,0.512044314040395,0.632044314040395,4.218208837176328,26.845870451621497,32.212544211614784,4.218208837176328,32.212544211614784,False,,-0.8050408827042738,0.43288020000000005,0.7,0.20396485445020882,0.4309,-0.36565458950819446,0.30301614,valid,,,base_growth_floor_hit;share_change_floor_hit;reinvestment_cap_hit,,False,ok,False,,"DuPont de Nemours, Inc.",Basic Materials,Chemicals - Specialty,general_dcf,18592173032.60007,0.4309,0.03700941347828496,,0.09520274776530714,-0.05819333428702218,0.1422084324504564,0.12556577602569718,-0.15676675554909192,1.617120106171201,0.0,-0.05668318057452093,thin_interest_coverage;cyclical_revenue,8.0,2025.0,annual,2026-02-17,2026-07-24,True,,,,0.512044314040395,0.10198242722510441,0.5,0.632044314040395,-0.632044314040395,robust_return<=0; median_irr<=hurdle,False
308,KMI,32.86,-0.2908584437682293,-0.12567405283916736,-0.95,0.03791433060541752,0.0,0.12,0.75,0.95,1.0699999999999998,0.95,1.0699999999999998,-2.8806633301634936,11.341666364177705,27.350728535585443,-2.8806633301634936,27.350728535585443,False,,-0.6548488629282501,0.45206999999999997,1.0,0.5103950653027087,0.2768,-0.24567405283916735,0.45206999999999997,valid,,,reinvestment_cap_hit,,False,ok,True,bear,"Kinder Morgan, Inc.",Energy,Oil & Gas Midstream,general_dcf,73107913800.0,0.2768,0.06403653327052952,,0.07183806112852542,-0.007801527857995899,0.28441380746680256,0.2904393340386436,0.024819864010472203,4.165150727650728,0.0,-0.0048954945173924624,elevated_leverage;thin_interest_coverage;cyclical_revenue,8.0,2025.0,ttm,2026-07-24,2026-07-24,True,,,,0.95,0.25519753265135436,0.375,1.0699999999999998,-1.0699999999999998,robust_return<=0; median_irr<=hurdle,False
274,FLEX,118.51,-0.29502481707168043,-0.2879233994521201,-0.40125885357847435,-0.20299361580400727,0.0,0.12,1.0,0.40125885357847435,0.5212588535784743,0.40125885357847435,0.5212588535784743,7.6875811870840245,17.17354276556648,27.01928536473312,7.6875811870840245,27.01928536473312,False,,-0.855087817352405,0.61497,1.0,0.11068351888723355,0.6724,-0.4079233994521201,0.61497,valid,,,share_change_floor_hit,,False,ok,False,,Flex Ltd.,Technology,"Hardware, Equipment & Parts",general_dcf,43420826045.0,0.6724,0.16864668870927016,0.4429837451465646,0.1212696509614379,0.047377037747832265,0.034318220210944134,0.05130042272694705,0.009033296901042487,0.9846704138988247,0.005087053091638604,-0.06801295495152604,,8.0,2026.0,ttm,2026-05-20,2026-07-24,True,,,,0.40125885357847435,0.05534175944361677,0.5,0.5212588535784743,-0.5212588535784743,robust_return<=0; median_irr<=hurdle,False
288,EL,80.29,-0.295527450802183,-0.2600336398230866,-0.5290589280746645,-0.13298359548789437,0.0,0.12,1.0,0.5290589280746645,0.6490589280746645,0.5290589280746645,0.6490589280746645,0.7908892775846342,5.2791055657224275,19.35404374200349,0.7908892775846342,19.35404374200349,False,,-0.9342495258970926,0.5350860000000001,0.7,0.22098508629338504,0.628,-0.3800336398230866,0.3745602,valid,,,forward_roic_floor_hit;reinvestment_cap_hit,,False,ok,False,,The Estée Lauder Companies Inc.,Consumer Defensive,Household & Personal Products,general_dcf,29038857006.0,0.628,0.06670641833661942,-1.0127790412849715,0.09839020465347521,-0.0316837863168558,0.12251618571963457,0.06704927211646136,0.006199974731573077,3.6474538332400672,0.0,-0.0044041308425162295,elevated_leverage;thin_interest_coverage;incremental_roic_below_wacc,8.0,2025.0,annual,2025-08-20,2026-07-24,True,,,,0.5290589280746645,0.11049254314669252,0.5,0.6490589280746645,-0.6490589280746645,robust_return<=0; median_irr<=hurdle,False
309,CVS,107.74,-0.30324588506628064,-0.14409890596580227,-0.95,0.025214271666482116,0.0,0.12,0.75,0.95,1.0699999999999998,0.95,1.0699999999999998,-4.77312206057103,24.762493322024042,82.01321536120152,-4.77312206057103,82.01321536120152,False,,-0.7701643463706698,0.512001,0.7,0.5112471058332411,0.4726,-0.26409890596580227,0.3584007,valid,,,forward_roic_floor_hit;reinvestment_cap_hit,,False,ok,True,bear,CVS Health Corp.,Healthcare,Medical - Healthcare Plans,general_dcf,137468698200.0,0.4726,0.0488343256646087,-0.11097765204606212,0.07186886796748133,-0.023034542302872635,0.032120665582538864,0.025829028495250792,0.10924868668053822,5.532386098325662,0.0014484628858208895,-0.013277036450652147,elevated_leverage;thin_interest_coverage;incremental_roic_below_wacc,8.0,2025.0,annual,2026-02-10,2026-07-24,True,,,,0.95,0.25562355291662053,0.375,1.0699999999999998,-1.0699999999999998,robust_return<=0; median_irr<=hurdle,False
280,PWR,625.84,-0.3041865102459269,-0.2885921124070592,-0.43300802194935384,-0.2065537942202354,0.0,0.12,1.0,0.43300802194935384,0.5530080219493538,0.43300802194935384,0.5530080219493538,24.373744688050575,59.807403237936235,109.53482119350818,24.373744688050575,109.53482119350818,False,,-0.9044365920396008,0.60327,1.0,0.1251290138645592,0.2837,-0.40859211240705917,0.60327,valid,,,reinvestment_cap_hit,,False,ok,False,,"Quanta Services, Inc.",Industrials,Engineering & Construction,general_dcf,93913550400.0,0.2837,0.08654623463711195,0.11935196509498437,0.10379619937478006,-0.017249964737668114,0.05513084108909788,0.05758286076370985,0.1423022663027309,2.2092779171710735,0.006358607000145103,0.009137471473922076,,8.0,2025.0,ttm,2026-04-30,2026-07-24,True,,,,0.43300802194935384,0.0625645069322796,0.5,0.5530080219493538,-0.5530080219493538,robust_return<=0; median_irr<=hurdle,False
310,ALL,259.97,-0.3192871340558553,-0.17995003116760389,-0.95,0.032751526111786555,0.0,0.12,0.75,0.95,1.0699999999999998,0.95,1.0699999999999998,0.0,96.41060682251747,305.42350815638326,0.0,305.42350815638326,False,,-0.6291471830499001,0.6,0.8,0.5093757630558933,0.0,-0.2999500311676039,0.48,valid,,,specialist_model_v1,,False,specialist,False,,The Allstate Corporation,Financial Services,Insurance - Property & Casualty,insurance,66921737370.0,,,,,,,,,,,,,,,,,2026-07-24,True,257420999.99999997,0.166,Justified P/B residual-income proxy; no regulatory-capital or reserve-detail model,0.95,0.25468788152794664,0.375,1.0699999999999998,-1.0699999999999998,robust_return<=0; median_irr<=hurdle,False
311,CAH,228.03,-0.31967696173378496,-0.20683715096092778,-0.95,0.0849664549867157,0.0,0.12,0.75,0.95,1.0699999999999998,0.95,1.0699999999999998,-51.73120512902113,55.44969460115013,243.59167928518164,-51.73120512902113,243.59167928518164,False,,-0.7568315809272897,0.5860350000000001,1.0,0.5299021774933579,0.6438,-0.3268371509609278,0.5860350000000001,valid,,,forward_roic_cap_hit;share_change_floor_hit,,False,ok,True,bear,"Cardinal Health, Inc.",Healthcare,Medical - Distribution,general_dcf,53405994180.0,0.6438,0.8041789047600153,,0.06822700743549945,0.7359518973245158,0.0032869369312651603,0.009227735891981208,0.0720014350924516,1.538627935723115,0.0005334461946770006,-0.05426542517926303,peak_cycle_margins,8.0,2025.0,ttm,2026-04-30,2026-07-24,True,,,,0.95,0.26495108874667894,0.375,1.0699999999999998,-1.0699999999999998,robust_return<=0; median_irr<=hurdle,False
312,SO,97.25,-0.3260937545215711,-0.1925815170165151,-0.95,0.030788015946745906,0.0,0.12,0.75,0.95,1.0699999999999998,0.95,1.0699999999999998,-26.30103977901958,23.744307955297742,84.47273247098103,-26.30103977901958,84.47273247098103,False,,-0.7558425917193035,0.5673,1.0,0.503375007973373,0.3365,-0.3125815170165151,0.5673,valid,,,,,False,ok,True,bear,The Southern Company,Utilities,Regulated Electric,general_dcf,109629925000.0,0.3365,0.054290078300704425,0.16261594866140794,0.07218924779293139,-0.01789916949222696,0.23522993198402714,0.2414993040365878,0.033313976114662136,5.563102476642444,0.004939380332285586,0.014293274404168832,elevated_leverage;thin_interest_coverage,8.0,2025.0,ttm,2026-03-31,2026-07-24,True,,,,0.95,0.2516875039866865,0.375,1.0699999999999998,-1.0699999999999998,robust_return<=0; median_irr<=hurdle,False
313,BDX,156.36,-0.3370898783825396,-0.1714928763714852,-0.95,-0.055373760787188045,0.0,0.12,0.75,0.95,1.0699999999999998,0.95,1.0699999999999998,-2.520595385786677,46.75891576098957,81.56253250396045,-2.520595385786677,81.56253250396045,False,,-0.7009534678882734,0.6942,1.0,0.456487119606406,0.4155,-0.2914928763714852,0.6942,valid,,,,,False,ok,True,bear,"Becton, Dickinson and Company",Healthcare,Medical - Instruments & Supplies,general_dcf,56648461992.0,0.4155,0.05025864617203665,0.07352428393524284,0.068115925686313,-0.017857279514276347,0.11329093663343556,0.10610812075824948,0.04560530592574796,3.5773576705780097,0.01224105461393597,-0.00786126920640362,elevated_leverage;thin_interest_coverage,8.0,2025.0,ttm,2026-05-07,2026-07-24,True,,,,0.95,0.228243559803203,0.375,1.0699999999999998,-1.0699999999999998,robust_return<=0; median_irr<=hurdle,False
314,ED,113.01,-0.3528904139777295,-0.20299959895783098,-0.95,-0.05556245799525638,0.0,0.12,0.75,0.95,1.0699999999999998,0.95,1.0699999999999998,-4.307034885249405,14.974748069536396,56.03855447680677,-4.307034885249405,56.03855447680677,False,,-0.8674918319658756,0.6649200000000001,1.0,0.4572711710023718,0.4356,-0.322999598957831,0.6649200000000001,valid,,,reinvestment_cap_hit,,False,ok,True,bear,"Consolidated Edison, Inc.",Utilities,Regulated Electric,general_dcf,41647541849.16004,0.4356,0.047254411350166795,0.01581143566133083,0.07211526051223192,-0.02486084916206513,0.19193011684904407,0.1732791170490851,0.04619218097214417,5.088478915662651,0.0,0.00799290411037279,elevated_leverage;thin_interest_coverage;incremental_roic_below_wacc,8.0,2025.0,ttm,2026-05-07,2026-07-24,True,,,,0.95,0.2286355855011859,0.375,1.0699999999999998,-1.0699999999999998,robust_return<=0; median_irr<=hurdle,False
315,IQV,208.05,-0.36105208409426265,-0.21704102658550253,-0.95,-0.0601262832060456,0.0,0.12,0.75,0.95,1.0699999999999998,0.95,1.0699999999999998,-17.535617594369565,34.54513564619747,89.71709508062625,-17.535617594369565,89.71709508062625,False,,-0.8339575311406033,0.6694,1.0,0.45485485839697715,0.3854,-0.3370410265855025,0.6694,valid,,,,,False,ok,True,bear,IQVIA Holdings Inc.,Healthcare,Medical - Diagnostics & Research,general_dcf,34723545000.0,0.3854,0.09353255896292795,0.2088408077754411,0.09577221313556583,-0.002239654172637884,0.11262374556294646,0.1385882635882636,0.06621720428944555,4.066244239631336,0.014482114255205552,-0.03778616609216234,elevated_leverage;thin_interest_coverage,8.0,2025.0,ttm,2026-05-05,2026-07-24,True,,,,0.95,0.22742742919848857,0.375,1.0699999999999998,-1.0699999999999998,robust_return<=0; median_irr<=hurdle,False
316,J,134.56,-0.3639682365042972,-0.21272183705295894,-0.95,-0.08042927191127089,0.0,0.12,1.0,0.95,1.0699999999999998,0.95,1.0699999999999998,-1.328459717345158,30.87000369277538,59.64817766150158,-1.328459717345158,59.64817766150158,False,,-0.770585584922894,0.50553,1.0,0.44961946404436454,0.5167,-0.33272183705295894,0.50553,valid,,,base_growth_floor_hit,,False,ok,True,bear,Jacobs Solutions Inc.,Industrials,Engineering & Construction,general_dcf,15888963078.0,0.5167,0.07799016421150091,,0.07384446905140993,0.004145695160090987,0.052005834956734234,0.046887960756679295,-0.030890069801322917,4.013784189627718,0.006451037354247796,-0.027638266062380956,elevated_leverage;thin_interest_coverage,8.0,2025.0,ttm,2026-05-05,2026-07-24,True,,,,0.95,0.22480973202218227,0.5,1.0699999999999998,-1.0699999999999998,robust_return<=0; median_irr<=hurdle,False
317,EFX,172.54,-0.365890665648476,-0.2180816528474679,-0.95,-0.07739935689896807,0.0,0.12,1.0,0.95,1.0699999999999998,0.95,1.0699999999999998,-6.446736654991944,15.907624358680264,58.1804440239817,-6.446736654991944,58.1804440239817,False,,-0.9078032667284093,0.536868,1.0,0.45019428155051594,0.4206,-0.3380816528474679,0.536868,valid,,,forward_roic_floor_hit;reinvestment_cap_hit,,False,ok,True,bear,Equifax Inc.,Industrials,Consulting Services,general_dcf,20270843956.0,0.4206,0.0912919840543823,-0.03812143496395194,0.0988582881291499,-0.007566304074767605,0.17880493808027148,0.17850880595856933,0.08588569570479487,2.793776371308017,0.013636708956924714,-0.011209254697171378,incremental_roic_below_wacc,8.0,2025.0,ttm,2026-07-21,2026-07-24,True,,,,0.95,0.22509714077525797,0.5,1.0699999999999998,-1.0699999999999998,robust_return<=0; median_irr<=hurdle,False
284,CIEN,390.96,-0.36930078042078096,-0.36091642410028724,-0.4599279640977329,-0.2954423093848163,0.0,0.12,1.0,0.4599279640977329,0.5799279640977328,0.4599279640977329,0.5799279640977328,8.573257900839206,22.23660217612514,37.474282522073416,8.573257900839206,37.474282522073416,False,,-0.9431230760790742,0.49418100000000004,1.0,0.0974173973564583,0.4807,-0.48091642410028723,0.49418100000000004,valid,,,forward_roic_floor_hit;reinvestment_cap_hit,,False,ok,False,,Ciena Corporation,Technology,Communication Equipment,general_dcf,55341530385.0,0.4807,0.15063105331717072,-0.18621580215313555,0.10888810925316156,0.04174294406400916,0.08102395252304644,0.11184507510122729,0.06376260613059448,0.46823469621751607,0.038688484994361054,-0.01304564321384205,incremental_roic_below_wacc,8.0,2025.0,ttm,2026-06-04,2026-07-24,True,,,,0.4599279640977329,0.04870869867822915,0.5,0.5799279640977328,-0.5799279640977328,robust_return<=0; median_irr<=hurdle,False
318,WMB,74.0,-0.37815300010843195,-0.26228058161213985,-0.95,-0.038050837209448185,0.0,0.12,0.75,0.95,1.0699999999999998,0.95,1.0699999999999998,-11.083657677180705,10.871264840520695,40.66876799938589,-11.083657677180705,40.66876799938589,False,,-0.8530910156686393,0.43335,1.0,0.4729740813952759,0.3328,-0.38228058161213985,0.43335,valid,,,reinvestment_cap_hit,,False,ok,True,bear,"The Williams Companies, Inc.",Energy,Oil & Gas Midstream,general_dcf,90501871610.0,0.3328,0.08283339259965206,0.1539877216489435,0.073957843989718,0.008875548609934059,0.28025475539685774,0.38788692223806726,0.046628563535081824,4.254529641977098,0.007059686439900981,8.94136432536552e-05,elevated_leverage;thin_interest_coverage,8.0,2025.0,ttm,2026-05-04,2026-07-24,True,,,,0.95,0.23648704069763796,0.375,1.0699999999999998,-1.0699999999999998,robust_return<=0; median_irr<=hurdle,False
319,ATO,179.22,-0.38871362286809014,-0.23998590430128383,-0.95,-0.12488268286979286,0.0,0.12,1.0,0.95,1.0699999999999998,0.95,1.0699999999999998,1.5771938054255699,38.91516887325805,81.37857389975481,1.5771938054255699,81.37857389975481,False,,-0.7828636933754154,0.57807,1.0,0.42521655856510354,0.5371,-0.35998590430128385,0.57807,valid,,,reinvestment_cap_hit,,False,ok,True,bear,Atmos Energy Corporation,Utilities,Regulated Gas,general_dcf,29915370499.0,0.5371,0.059406914641302246,0.07424817774024534,0.07058135378946019,-0.011174439148157946,0.26134417377789865,0.35874483558586845,0.06058493797688347,3.781317227728446,0.0025710730394577722,0.06712174906577117,elevated_leverage;ongoing_dilution,8.0,2025.0,ttm,2026-05-06,2026-07-24,True,,,,0.95,0.21260827928255177,0.5,1.0699999999999998,-1.0699999999999998,robust_return<=0; median_irr<=hurdle,False
320,DE,628.16,-0.40022612105203725,-0.26605032890292923,-0.95,-0.11880382640229069,0.0,0.12,1.0,0.95,1.0699999999999998,0.95,1.0699999999999998,-35.28736489039482,46.58002782364495,180.23608369034304,-35.28736489039482,180.23608369034304,False,,-0.9258468736887975,0.5134500000000001,1.0,0.43019458679885464,0.5075,-0.38605032890292923,0.5134500000000001,valid,,,reinvestment_cap_hit,,False,ok,True,bear,Deere & Company,Industrials,Agricultural - Machinery,general_dcf,169563892888.0,0.5075,0.08170265368566916,0.02696339984426077,0.08516961317916524,-0.003466959493496083,0.1770399089665699,0.1838359263290437,0.029428901014733944,5.019408587384418,0.0033807231613119893,-0.04022988902685265,elevated_leverage;thin_interest_coverage;cyclical_revenue;incremental_roic_below_wacc,8.0,2025.0,ttm,2026-05-28,2026-07-24,True,,,,0.95,0.21509729339942732,0.5,1.0699999999999998,-1.0699999999999998,robust_return<=0; median_irr<=hurdle,False
321,WEC,115.77,-0.4099564586802444,-0.2779462830221746,-0.95,-0.1339332686766283,0.0,0.12,1.0,0.95,1.0699999999999998,0.95,1.0699999999999998,-13.418386186591656,10.301243783968188,34.399965325082746,-13.418386186591656,34.399965325082746,False,,-0.9110197479142421,0.65088,1.0,0.41850696566168577,0.4397,-0.3979462830221746,0.65088,valid,,,reinvestment_cap_hit,,False,ok,True,bear,"WEC Energy Group, Inc.",Utilities,Regulated Electric,general_dcf,37709262552.0,0.4397,0.05749906289040306,0.06076045036824309,0.07316662807487019,-0.01566756518446713,0.21038385074284094,0.23970728224654927,0.03544783221141867,5.687777721027632,0.0,0.012703075648047957,elevated_leverage;thin_interest_coverage;incremental_roic_below_wacc,8.0,2025.0,ttm,2026-05-07,2026-07-24,True,,,,0.95,0.20925348283084289,0.5,1.0699999999999998,-1.0699999999999998,robust_return<=0; median_irr<=hurdle,False
322,AEP,135.54,-0.4156013448213343,-0.2991886138275731,-0.95,-0.11402815163019112,0.0,0.12,1.0,0.95,1.0699999999999998,0.95,1.0699999999999998,-28.75236691648945,9.920797327676404,48.60655609183423,-28.75236691648945,48.60655609183423,False,,-0.926805390824285,0.6318,1.0,0.42903192418490443,0.428,-0.4191886138275731,0.6318,valid,,,reinvestment_cap_hit,,False,ok,True,bear,"American Electric Power Company, Inc.",Utilities,Regulated Electric,general_dcf,73747991700.0,0.428,0.056381285000301075,0.08173681135634871,0.07462024617537716,-0.018238961175076084,0.19810734374412714,0.23469802109746524,0.04351225641155998,5.844895258089544,0.0,0.021333592798721934,elevated_leverage;thin_interest_coverage,8.0,2025.0,ttm,2026-05-05,2026-07-24,True,,,,0.95,0.21451596209245222,0.5,1.0699999999999998,-1.0699999999999998,robust_return<=0; median_irr<=hurdle,False
323,CRL,226.58,-0.42797428323028724,-0.2988257756602252,-0.95,-0.16424558160069863,0.0,0.12,1.0,0.95,1.0699999999999998,0.95,1.0699999999999998,-4.680594446305338,2.543207396109902,37.06408189390708,-4.680594446305338,37.06408189390708,False,,-0.9887756757167009,0.5426190000000001,0.7,0.4155986391996506,0.4019,-0.4188257756602252,0.37983330000000004,valid,,,forward_roic_floor_hit;reinvestment_cap_hit,,False,ok,True,bear,"Charles River Laboratories International, Inc.",Healthcare,Medical - Diagnostics & Research,general_dcf,10913843131.0,0.4019,0.06896517348144895,-0.1283123019166573,0.10231647885488128,-0.033351305373432324,0.14711536221006205,0.1264733965535533,0.0851571891397469,3.1298248040116294,0.017447533048918138,-0.011416162516314277,elevated_leverage;thin_interest_coverage;incremental_roic_below_wacc,8.0,2025.0,annual,2026-02-18,2026-07-24,True,,,,0.95,0.2077993195998253,0.5,1.0699999999999998,-1.0699999999999998,robust_return<=0; median_irr<=hurdle,False
292,VRT,290.36,-0.4409372803822407,-0.4073836652314641,-0.6485437230418025,-0.3004380680242322,0.0,0.12,1.0,0.6485437230418025,0.7685437230418025,0.6485437230418025,0.7685437230418025,2.696988681334773,14.7624061482889,30.353315177455872,2.696988681334773,30.353315177455872,False,,-0.9491582650906154,0.502281,0.7,0.1979843975087852,0.43,-0.5273836652314641,0.3515967,valid,,,forward_roic_cap_hit;wacc_cap_hit,,False,ok,False,,Vertiv Holdings Co,Industrials,Electrical Equipment & Parts,general_dcf,111529835814.0,0.43,0.2552732521708003,0.8519918106941591,0.14,0.11527325217080031,0.06545753986066255,0.18543680778893246,0.13234812422476638,0.790080738177624,0.004318630020719439,0.010835786410082093,peak_cycle_margins,8.0,2025.0,annual,2026-02-13,2026-07-24,True,,,,0.6485437230418025,0.0989921987543926,0.5,0.7685437230418025,-0.7685437230418025,robust_return<=0; median_irr<=hurdle,False
324,RVTY,110.47,-0.44118280391121517,-0.3256490041210782,-0.95,-0.1634332074027043,0.0,0.12,1.0,0.95,1.0699999999999998,0.95,1.0699999999999998,-9.351041910163504,9.358148128937357,22.754833237122575,-9.351041910163504,22.754833237122575,False,,-0.9152878778950181,0.47439000000000003,1.0,0.40905169629864785,0.3116,-0.4456490041210782,0.47439000000000003,valid,,,reinvestment_cap_hit,,False,ok,True,bear,"Revvity, Inc.",Healthcare,Medical - Diagnostics & Research,general_dcf,12324033200.0,0.3116,0.03351006242660167,,0.09647588999741634,-0.06296582757081468,0.14712330139003132,0.12413524360987277,0.003966430835526502,3.219929778277822,0.01372364543928079,-0.0399360164596676,elevated_leverage;thin_interest_coverage,8.0,2025.0,ttm,2026-05-12,2026-07-24,True,,,,0.95,0.20452584814932392,0.5,1.0699999999999998,-1.0699999999999998,robust_return<=0; median_irr<=hurdle,False
325,CARR,68.88,-0.44709516603907107,-0.32319029982900255,-0.95,-0.19200006449827922,0.0,0.12,1.0,0.95,1.0699999999999998,0.95,1.0699999999999998,-1.4916215485865842,1.6259185327244257,10.00712597224704,-1.4916215485865842,10.00712597224704,False,,-0.9763949109650926,0.48729600000000006,1.0,0.39438108775086034,0.6046,-0.44319029982900254,0.48729600000000006,valid,,,forward_roic_floor_hit;reinvestment_cap_hit,,False,ok,True,bear,Carrier Global Corporation,Industrials,Industrial - Machinery,general_dcf,57210379536.0,0.6046,0.04691045978115132,-0.049360741584424696,0.10024960966098426,-0.05333914987983294,0.11922563929220478,0.07242798353909465,0.020139172074632672,3.9020905923344946,0.003746504142261622,-0.007173176923426783,elevated_leverage;thin_interest_coverage;incremental_roic_below_wacc,8.0,2025.0,ttm,2026-04-30,2026-07-24,True,,,,0.95,0.19719054387543017,0.5,1.0699999999999998,-1.0699999999999998,robust_return<=0; median_irr<=hurdle,False
293,WDC,519.8,-0.48466802331422504,-0.4718705912899167,-0.6539687619784671,-0.3409621486985997,0.0,0.12,1.0,0.6539687619784671,0.7739687619784671,0.6539687619784671,0.7739687619784671,8.497388647631414,23.408218390059158,52.39567337098176,8.497388647631414,52.39567337098176,False,,-0.954966874971029,0.37602,1.0,0.1752227066399337,0.475,-0.5918705912899167,0.37602,valid,,,wacc_cap_hit,,False,ok,False,,Western Digital Corporation,Technology,Computer Hardware,general_dcf,179165703600.00003,0.475,0.35459195087079776,,0.14,0.21459195087079774,0.04605611369385074,0.3078033455039484,-0.10470002969905501,-0.37948332079257585,0.04669938261833149,0.05966092682862967,ongoing_dilution;cyclical_revenue;peak_cycle_margins,8.0,2025.0,ttm,2026-04-30,2026-07-24,True,,,,0.6539687619784671,0.08761135331996685,0.5,0.7739687619784671,-0.7739687619784671,robust_return<=0; median_irr<=hurdle,False
326,XEL,81.67,-0.5684170218577491,-0.5465170198614941,-0.95,-0.23063404770800838,0.0,0.12,1.0,0.95,1.0699999999999998,0.95,1.0699999999999998,-23.193509656320956,-11.528049044368549,8.15021710308141,-23.193509656320956,8.15021710308141,False,,-1.1411540228280708,0.65862,0.85,0.3744243761459958,0.3935,-0.6665170198614941,0.559827,valid,,,reinvestment_cap_hit,,False,ok,True,bear,Xcel Energy Inc.,Utilities,Regulated Electric,general_dcf,50984094965.0,0.3935,0.0445849679950444,0.03392438942790231,0.07445894440610791,-0.029873976411063513,0.17608053511468033,0.19626423069057194,0.03490643646473668,5.788793826539171,0.0024551744661855516,0.024965677922967222,elevated_leverage;thin_interest_coverage;incremental_roic_below_wacc,8.0,2025.0,annual,2026-02-25,2026-07-24,True,,,,0.95,0.1872121880729979,0.5,1.0699999999999998,-1.0699999999999998,robust_return<=0; median_irr<=hurdle,False
327,CRM,163.66,-0.6067126369329342,-0.6668002567384972,-0.95,-0.14325003425474275,0.0,0.12,1.0,0.95,1.0699999999999998,0.95,1.0699999999999998,-30.748014043264106,-1.9738407414440502,48.28580790999308,-30.748014043264106,48.28580790999308,False,,-1.0120606179973362,0.54774,0.85,0.42144278287262865,0.161,-0.7868002567384972,0.46557899999999997,valid,,,forward_roic_cap_hit,,False,ok,True,bear,"Salesforce, Inc.",Technology,Software - Application,general_dcf,134037540000.0,0.161,0.12198230527609223,1.3495777818937513,0.09290696510345958,0.02907534017263265,0.036566423432434825,0.21943075953209273,0.17684937422531677,2.2812998253739276,0.08399525003298589,-0.04403718618447794,heavy_sbc;peak_cycle_margins,8.0,2026.0,ttm,2026-05-28,2026-07-24,True,,,,0.95,0.21072139143631433,0.5,1.0699999999999998,-1.0699999999999998,robust_return<=0; median_irr<=hurdle,False
328,MCHP,78.86,-0.6068624941675806,-0.5887996799719984,-0.95,-0.29985061672632585,0.0,0.12,1.0,0.95,1.0699999999999998,0.95,1.0699999999999998,-6.801651460231051,-2.157326570943994,3.2977374391030874,-6.801651460231051,3.2977374391030874,False,,-1.0273564109934568,0.3852,1.0,0.34351869163683707,0.3807,-0.7087996799719984,0.3852,valid,,,reinvestment_cap_hit,,False,ok,True,bear,Microchip Technology Incorporated,Technology,Semiconductors,general_dcf,42821610880.0,0.3807,0.035691234785719554,,0.12649257126614838,-0.09080133648042882,0.15852737070229608,0.10398676030638009,-0.017931178829099226,4.489486179413261,0.04098509632860778,-0.005654256190469442,elevated_leverage;thin_interest_coverage;cyclical_revenue,8.0,2026.0,ttm,2026-05-21,2026-07-24,True,,,,0.95,0.17175934581841854,0.5,1.0699999999999998,-1.0699999999999998,robust_return<=0; median_irr<=hurdle,False
