ticker,name,exchange,security_type,is_adr,listing_date,sector,industry,country,shares_outstanding,beta,market_cap_hint,as_of,source,fetched_at,price,price_as_of,market_cap,avg_dollar_volume,is_price_fresh,years_of_data,latest_fiscal_year,anchor_source,latest_filing_date,cashflow_period_semantics,ttm_cashflow_status,revenue,revenue_cagr,revenue_volatility,gross_margin,current_operating_margin,reported_operating_income,one_off_items_latest,normalized_operating_margin,normalized_operating_income,normalized_nopat,normalized_fcf,normalized_fcf_per_share,margin_volatility,tax_rate,roic,incremental_roic,net_debt,total_debt,interest_expense_known,interest_coverage,net_debt_to_ebitda,sbc_intensity,margin_mad_z,ocf_margin_mad_z,one_off_suspected,dividends_paid,buybacks,net_share_change_cagr,ocf_to_net_income,shares_diluted,sec_status,sec_max_divergence,sec_confidence_penalty,model_family,analyst_growth,analyst_dispersion,has_estimates,risk_free,wacc,cost_of_debt_after_tax,roic_minus_wacc,filing_age_days,data_confidence
LLY,Eli Lilly and Company,NYSE,common_stock,False,1972-06-01,Healthcare,Drug Manufacturers - General,US,941741000.0,0.506,1081589538500.0,2026-07-31,fmp:company-screener,2026-08-01T02:02:06.715478+00:00,1148.84,2026-07-31,1081909730439.9999,3382655333.8919353,True,8,2025,ttm,2026-04-30,discrete,ok,72249500000.0,0.17173452760489116,0.14539401856922307,0.8350604502453304,0.45865507719776605,33137600000.0,0.0,0.2985125860686211,21567385087.164837,18470271448.310722,9757548251.947643,10.891336367839763,0.06099756072839578,0.14360172206028196,0.4095918883332159,0.46811342852770665,38088000000.0,43370000000.0,True,37.502942507922135,1.0826359832635983,0.014333066179425301,5.913400554468737,2.238477338942517,True,5585700000.0,5264000000.0,-0.01941725719694465,0.8146504314793369,895900000.0,unchecked,,0.0,general_dcf,0.33533235404393147,0.06108650035557471,True,0.0475,0.07205710790370962,0.053524892371232376,0.3375347804295063,92,0.85
XOM,Exxon Mobil Corporation,NYSE,common_stock,False,1978-01-13,Energy,Oil & Gas Integrated,US,4144963050.0,0.162,644375955753.0,2026-07-31,fmp:company-screener,2026-08-01T02:02:06.715478+00:00,155.44,2026-07-31,644293056492.0,2508600264.9935484,True,8,2025,ttm,2026-05-04,discrete,ok,326008000000.0,0.02137513326454399,0.29228653601807575,0.2549231920689063,0.09011128561262301,29377000000.0,0.0,0.09579267470512298,31229178295.267735,22523632421.739574,26641311379.15494,6.368948453061186,0.09454531088381184,0.27876320635843754,0.07216371982550887,0.08643896132487533,39226000000.0,47661000000.0,True,42.39105339105339,0.6950158578288064,0.0,-0.131828998326252,-0.4585496721285695,False,17230000000.0,20337000000.0,-0.0017470058605750793,1.6336698337292161,4183000000.0,unchecked,,0.0,general_dcf,0.18536652821452626,0.2480164944146143,True,0.0475,0.0706111559194166,0.045077299602597654,0.0015525639060922775,88,1.0
JNJ,Johnson & Johnson,NYSE,common_stock,False,1962-01-02,Healthcare,Drug Manufacturers - General,US,2409898491.000585,0.235,617777478168.0,2026-07-31,fmp:company-screener,2026-08-01T02:02:06.715478+00:00,256.35,2026-07-31,617777478168.0,2047694249.4209678,True,8,2025,ttm,2026-07-23,discrete,ok,97929000000.0,0.020747946632048597,0.035808695075814155,0.7045206220833461,0.2681126121986337,26256000000.0,0.0,0.26112666111616145,25571872796.444576,22022484272.72755,20825257832.086674,8.534591956102895,0.011060098176694946,0.13880049192996613,0.1996631695104311,0.12066491948116082,28278000000.0,49036000000.0,True,33.10970996216898,0.8315346840356397,0.013645063939219578,0.5820071829192599,-2.070320413060756,False,12621000000.0,8075000000.0,-0.028827069017122064,0.9151619161319207,2440100000.0,unchecked,,0.0,general_dcf,0.08012414503664078,0.0072248614428097,True,0.0475,0.07112667921746531,0.05382496925437712,0.12853649029296577,8,1.0
ABBV,AbbVie Inc.,NYSE,common_stock,False,2013-01-02,Healthcare,Drug Manufacturers - General,US,1766792820.998505,0.283,443244148968.0,2026-07-31,fmp:company-screener,2026-08-01T02:02:06.715478+00:00,250.94,2026-07-31,443358990501.36487,1459157572.748387,True,8,2025,ttm,2026-05-08,discrete,ok,62819000000.0,0.09331472871090596,0.1391449717815021,0.7067766121714768,0.2760470558270587,17341000000.0,0.0,0.28007514501636444,17594040534.782997,15834636481.304697,23513896212.228527,13.2547329268481,0.07152304148331765,0.1,0.27471616412314515,,63467000000.0,72858000000.0,True,5.959106529209622,2.5009654411474957,0.015614780902550687,-0.05802798750553761,-2.4054711484179303,False,11818000000.0,1500000000.0,-0.000750469325035974,4.503076194983436,1774000000.0,unchecked,,0.0,general_dcf,0.10474803870685623,0.010546642899083424,True,0.0475,0.07020650226206208,0.05625,0.20450966186108305,84,1.0
CVX,Chevron Corporation,NYSE,common_stock,False,1921-06-24,Energy,Oil & Gas Integrated,US,1991600000.0,0.488,392086292000.0,2026-07-31,fmp:company-screener,2026-08-01T02:02:06.715478+00:00,196.83,2026-07-31,392006628000.0,1676918945.7087097,True,8,2025,ttm,2026-07-31,discrete,ok,208711000000.0,0.02151287461971707,0.3378424505974167,0.30995491373238593,0.15828106807978495,33035000000.0,0.0,0.09720176629979874,20287077846.197292,14542462212.573845,20037317403.735165,10.145030271443822,0.08021670221770562,0.2831662439102951,0.12470957907598981,0.006594393908605934,3000000.0,37075000000.0,True,23.13375350140056,5.3012899805619364e-05,0.0,0.6563827701327849,2.5399235458587444,False,13863000000.0,11029000000.0,0.005944834684229017,1.7831379876564182,1975087000.0,unchecked,,0.0,general_dcf,0.20446113856586878,0.22879985211998177,True,0.0475,0.07010675075836413,0.044802109755606556,0.05460282831762568,0,1.0
KO,The Coca-Cola Company,NYSE,common_stock,False,1962-01-02,Consumer Defensive,Beverages - Non-Alcoholic,US,4302480000.0,0.349,376854223200.0,2026-07-31,fmp:company-screener,2026-08-01T02:02:06.715478+00:00,87.59,2026-07-31,376854223200.0,1471570606.4906452,True,8,2025,ttm,2026-07-29,discrete,ok,50129000000.0,0.04899466931403018,0.08312406219604142,0.6188832811346725,0.2963155059945341,14854000000.0,0.0,0.2667444120505345,13371630631.681244,10916496598.543922,10549676492.270134,2.4460181989960894,0.021122148656035154,0.1836076766374627,0.19150834735521824,0.3070694854507463,27172000000.0,43543000000.0,True,9.485312899106003,1.710221550855992,0.0058196533238772654,2.1165996493140975,1.26580961872702,False,11058000000.0,937000000.0,-0.0028433258819251517,0.640109114852789,4313000000.0,unchecked,,0.0,general_dcf,0.029258135247220984,0.03800283001407397,True,0.0475,0.07027565891284636,0.05102452021015858,0.12123268844237188,2,1.0
UNH,UnitedHealth Group Incorporated,NYSE,common_stock,False,1984-10-17,Healthcare,Medical - Healthcare Plans,US,908144404.0009654,0.633,376335041018.0,2026-07-31,fmp:company-screener,2026-08-01T02:02:06.715478+00:00,414.4,2026-07-31,376335041018.0,2620971595.9570966,True,8,2025,ttm,2026-07-16,discrete,ok,450129000000.0,0.10236402697783231,0.03015057603745994,0.22485554141146205,0.0481550844313519,21676000000.0,0.0,0.08231835080659637,37053876930.22242,29186659494.20647,29499664491.251514,32.56033608305907,0.014040979061147749,0.2123183344844322,0.11664574601678894,-0.07804786860320123,41860000000.0,73328000000.0,True,5.566512583461736,1.6124186279419128,0.0025432324534448558,-3.416326637524447,-1.6945990753617155,True,8096000000.0,1646000000.0,-0.015683275784179607,1.633792302587923,906000000.0,unchecked,,0.0,general_dcf,-0.004768965499544753,0.025670892882436517,True,0.0475,0.07427086623357972,0.04923010409472299,0.042374879783209224,15,0.85
CAT,Caterpillar Inc.,NYSE,common_stock,False,1929-12-02,Industrials,Agricultural - Machinery,US,460637000.00000006,1.565,375331633970.0,2026-07-31,fmp:company-screener,2026-08-01T02:02:06.715478+00:00,814.81,2026-07-31,375331633970.0,3004216401.312903,True,8,2025,ttm,2026-05-06,discrete,ok,70755000000.0,0.030628169211895928,0.13874902481947812,0.32520669917320333,0.16558547099144938,11716000000.0,0.0,0.15281852143765806,10812674484.321497,8438643189.110601,6539463486.461416,14.039208858869507,0.029106358546240153,0.21956004489483788,0.1585949719709314,0.35038510576386805,38994000000.0,43066000000.0,True,11.00093896713615,2.778735836955747,0.0034408801246740423,0.4568991324151436,0.8417401362263723,False,2778000000.0,6494000000.0,-0.04236798600512226,1.2467343976777938,465800000.0,unchecked,,0.0,general_dcf,0.1603370548826526,0.045354412343445755,True,0.0475,0.11782715929369297,0.048777497194072636,0.04076781267723842,86,1.0
PG,The Procter & Gamble Company,NYSE,common_stock,False,1978-01-13,Consumer Defensive,Household & Personal Products,US,2328600000.0,0.38,336459414000.0,2026-07-31,fmp:company-screener,2026-08-01T02:02:06.715478+00:00,144.49,2026-07-31,336459414000.0,1286720625.2329032,True,8,2026,ttm,2026-07-29,discrete,ok,87032000000.0,0.03657085188392206,0.021436793151716538,0.5017579740784999,0.22690504641970768,19748000000.0,0.0,0.22175520007394978,19299798572.836,15451173298.829866,15011030937.88783,6.196503999128104,0.04895530070662452,0.1994127171577313,0.20138328635114222,0.2265150449334393,24196000000.0,34138000000.0,True,22.517673888255416,1.0562248995983936,0.006020773968195606,0.5149846345757908,0.20052764581264668,False,10232000000.0,5028000000.0,-0.008308571708339096,1.2664838589056462,2422500000.0,unchecked,,0.0,general_dcf,0.034853004627455775,0.017227518094211535,True,0.0475,0.07043076818759005,0.05003670517764179,0.1309525181635522,2,1.0
HD,"The Home Depot, Inc.",NYSE,common_stock,False,1981-09-22,Consumer Cyclical,Home Improvement,US,997117000.0000001,0.951,331002959320.0,2026-07-31,fmp:company-screener,2026-08-01T02:02:06.715478+00:00,331.96,2026-07-31,331002959320.0,1637120125.9925807,True,8,2025,ttm,2026-05-27,discrete,ok,166592000000.0,0.06183856728649273,0.07301095723835462,0.3312704091432962,0.12448376872839031,20738000000.0,0.0,0.14279601693997807,23788674054.064827,18103104534.44652,16194534886.056755,16.25957317877184,0.008072344591178457,0.23900321248240392,0.22465481408068422,-0.04736403118234224,56374000000.0,57975000000.0,True,8.612126245847175,2.259841257115369,0.002770916659352784,-1.831224821158775,-0.6820788845592142,False,9186000000.0,0.0,-0.009521261005304371,1.3379710928002162,996000000.0,unchecked,,0.0,general_dcf,0.03612592257486469,0.006924618842385543,True,0.0475,0.08797222248905284,0.04756229921984975,0.13668259159163137,65,1.0
MRK,"Merck & Co., Inc.",NYSE,common_stock,False,1978-01-13,Healthcare,Drug Manufacturers - General,US,2469820000.0,0.205,321619960400.0,2026-07-31,fmp:company-screener,2026-08-01T02:02:06.715478+00:00,130.22,2026-07-31,321619960400.0,1236006897.5696776,True,8,2025,ttm,2026-05-04,discrete,ok,65593000000.0,0.0631423349445206,0.0924821499856578,0.7590901468144466,0.27591358834021923,18098000000.0,0.0,0.24108456958368574,15813460172.702698,12976208724.59135,12426501542.821463,5.026901918617097,0.09715267805240932,0.17942002680786018,0.16631601978689647,0.3538441559451518,43415000000.0,49117000000.0,True,17.351869606903165,1.8632247543023905,0.01072943524910588,0.33241151335009306,-0.02193343801965223,False,8231000000.0,981000000.0,-0.009264693518373779,1.2541917392066366,2472000000.0,unchecked,,0.0,general_dcf,0.030480700709779596,0.017822375310430676,True,0.0475,0.0696895010415986,0.05128624832450874,0.09662651874529787,88,1.0
PM,Philip Morris International Inc.,NYSE,common_stock,False,2008-03-17,Consumer Defensive,Tobacco,US,1558610000.0,0.405,297413960200.0,2026-07-31,fmp:company-screener,2026-08-01T02:02:06.715478+00:00,190.82,2026-07-31,297413960200.0,903785418.0016129,True,8,2025,ttm,2026-07-24,discrete,ok,42545000000.0,0.046226778751697895,0.05003729337497186,0.6751439652133036,0.37745916088847103,16059000000.0,0.0,0.375011668771804,15954871447.8964,12505145845.398502,12441572360.592009,7.960973289702404,0.027077186937340503,0.21621769963886078,0.3645060948567819,0.0740186415125545,43114000000.0,49113000000.0,True,10.367333763718529,2.3809366026065826,0.0,0.07700898560008547,0.2899984912622021,False,9006000000.0,0.0,0.0023186132197321463,1.1813631112822487,1562820513.0,unchecked,,0.0,general_dcf,0.06820287656277735,0.007844946925978431,True,0.0475,0.06916743464352328,0.048986393772571205,0.29533866021325866,7,1.0
RTX,RTX Corporation,NYSE,common_stock,False,1952-09-15,Industrials,Aerospace & Defense,US,1347758114.998606,0.298,290064501510.0,2026-07-31,fmp:company-screener,2026-08-01T02:02:06.715478+00:00,215.22,2026-07-31,290064501510.0,1016452099.7583871,True,8,2025,ttm,2026-07-23,discrete,ok,93500000000.0,0.1432943634046051,0.09577927085606662,0.20346524064171123,0.11213903743315508,10485000000.0,0.0,0.0815182999861138,7621961048.701641,6183798893.49546,6038531433.743724,4.4248050368166805,0.042197158971011464,0.18868663143472303,0.08776226342653236,,30551000000.0,38856000000.0,True,6.255966587112172,2.0524689284514612,0.006166569936157864,1.6394082599364135,2.045223450148155,False,3722000000.0,0.0,-0.027963582188603286,1.5696672608437314,1364700000.0,unchecked,,0.0,general_dcf,0.104452140996391,0.013642991043476252,True,0.0475,0.0699255618590151,0.05070708553532981,0.017836701567517252,8,1.0
DELL,Dell Technologies Inc.,NYSE,common_stock,False,2016-08-17,Technology,Computer Hardware,US,664250943.0006169,1.376,269187694651.0,2026-07-31,fmp:company-screener,2026-08-01T02:02:06.715478+00:00,405.25,2026-07-31,269187694651.0,3607896813.205161,True,8,2026,ttm,2026-06-09,discrete,ok,134002000000.0,0.03273164337374879,0.1086957425484377,0.19068372113849047,0.08016298264205012,10742000000.0,0.0,0.05122543748972912,6864311074.498681,5695420232.909177,7719419593.895786,11.767407917524064,0.02282778723050903,0.17028523749921565,0.49027977219777913,1.8342847668362352,19583000000.0,31161000000.0,True,6.726361928616155,1.419984047567254,0.008214132493433926,1.626147058800186,-0.21887800830330875,False,1527000000.0,5310000000.0,-0.0449276156905386,1.884265498652291,656000000.0,unchecked,,0.0,general_dcf,0.1618395055062869,0.009998214607677471,True,0.0475,0.10961409465524581,0.05185717265629902,0.38066567754253333,52,1.0
ANET,"Arista Networks, Inc.",NYSE,common_stock,False,2014-06-06,Technology,Computer Hardware,US,1259169437.9983366,1.601,227091208143.0,2026-07-31,fmp:company-screener,2026-08-01T02:02:06.715478+00:00,180.35,2026-07-31,227091208143.0,1517950439.8851614,True,8,2025,ttm,2026-05-06,discrete,ok,9709900000.0,0.22695585796283524,0.15452009509331707,0.6353721459541293,0.4279240774879247,4155100000.0,0.0,0.34139911629930414,3314951279.3546133,2876248318.5652695,2669322271.13864,2.0955583852556443,0.08904161666900227,0.1323406963841577,3.1794789421061704,2.541673972213756,-12353200000.0,0.0,True,,-2.9154158406494854,0.05063950385040156,1.4016561830742944,1.7327110885821013,False,0.0,842200000.0,0.0020930458623871218,1.2450589508458165,1273800000.0,unchecked,,0.0,general_dcf,0.30566516161674073,0.02070750642267186,True,0.0475,0.12755,0.054228706475990145,3.0519289421061706,86,1.0
TMO,Thermo Fisher Scientific Inc.,NYSE,common_stock,False,1980-03-17,Healthcare,Medical - Diagnostics & Research,US,371621000.0,0.868,213421940300.0,2026-07-31,fmp:company-screener,2026-08-01T02:02:06.715478+00:00,574.3,2026-07-31,213421940299.99997,1243415745.735484,True,8,2025,ttm,2026-07-31,discrete,ok,46336000000.0,0.09010006871566945,0.10634022998824286,0.4037249654696133,0.17686032458563536,8195000000.0,0.0,0.18034227974651323,8356339874.334437,7520705886.900993,7101047538.025764,19.14028985990772,0.03564595964516328,0.1,0.08089743449123077,-0.1729233713142559,38485000000.0,42549000000.0,True,5.5862304021813225,3.4555984555984556,0.006957536583176228,-0.20370781401521973,-0.36028207344223834,False,662000000.0,5000000000.0,-0.019849958596302675,1.3681136543014996,371000000.0,unchecked,,0.0,general_dcf,0.08039694989886148,0.023805390136816026,True,0.0475,0.08514027255487643,0.05625,-0.004242838063645657,0,1.0
IBM,International Business Machines Corporation,NYSE,common_stock,False,1915-09-24,Technology,Information Technology Services,US,942134000.0,0.675,210708269100.0,2026-07-31,fmp:company-screener,2026-08-01T02:02:06.715478+00:00,223.65,2026-07-31,210708269100.0,2791323584.658387,True,8,2025,annual,2026-02-24,annual,annual_anchor,67536000000.0,-0.023189776868179135,0.11137596367619479,0.5818674484719261,0.1849680170575693,12492000000.0,0.0,0.14690109790502892,9921112548.114033,8929001293.30263,11410208587.637245,12.027204161101766,0.029644690924305064,0.1,0.1317551651802979,0.27315533980582524,52683000000.0,67154000000.0,True,6.455813953488372,3.0082224633129675,0.018315551244746202,1.4196416055240275,-0.593981042779097,False,6255000000.0,1018000000.0,0.013138131249469165,1.856971474273527,948700000.0,unchecked,,0.0,general_dcf,0.05098463841213352,0.019225332200573514,True,0.0475,0.07520797779440216,0.05625,0.05654718738589573,157,0.7
APH,Amphenol Corporation,NYSE,common_stock,False,1991-11-08,Technology,"Hardware, Equipment & Parts",US,1230230000.0,1.243,197697961000.0,2026-07-31,fmp:company-screener,2026-08-01T02:02:06.715478+00:00,160.7,2026-07-31,197697961000.0,1412875701.0196774,True,8,2025,ttm,2026-07-31,discrete,ok,29011600000.0,0.15938454986222794,0.17138380325282207,0.3849701498710861,0.2719188186794248,7888800000.0,0.0,0.20659165612487077,5993554490.832301,4706905571.007694,3973075389.6660247,3.0813365826477623,0.019211337098293584,0.21467209846722096,0.21449029385370993,0.4045780359553282,13392200000.0,18811300000.0,True,12.482278481012658,1.4568298758797742,0.007193204884810185,6.532716255455403,0.8619218238782094,True,1017100000.0,216300000.0,0.012562928961256992,1.258623515912231,1289400000.0,unchecked,,0.0,general_dcf,0.5273903068845458,0.03990470518346322,True,0.0475,0.10438766564254023,0.049082993845798686,0.1101026282111697,0,0.85
VZ,Verizon Communications Inc.,NYSE,common_stock,False,1983-11-21,Communication Services,Telecommunications Services,US,4175560000.0,0.238,195457963600.0,2026-07-31,fmp:company-screener,2026-08-01T02:02:06.715478+00:00,46.81,2026-07-31,195457963600.0,1329917470.0887096,True,8,2025,ttm,2026-07-31,discrete,ok,138895000000.0,0.007814059039057186,0.02314700821435995,0.5908636020015119,0.20540696209366788,28530000000.0,0.0,0.22817686263697068,31692625335.962044,24496967709.76016,19446859190.8865,4.662397312607649,0.009000668426565262,0.2270451737564599,0.07587896882153765,-0.07161350908395321,186706000000.0,188458000000.0,True,3.8826891671203048,3.925116151954086,0.0,-2.27699005433028,0.6699826442962964,False,11633000000.0,3500000000.0,-0.0026234320384361798,2.1623966460929314,4171000000.0,unchecked,,0.0,general_dcf,0.02302593240721329,0.035767300484966964,True,0.0475,0.07011113881529657,0.06763354729630976,0.005767830006241079,0,1.0
MCD,McDonald's Corporation,NYSE,common_stock,False,1965-04-21,Consumer Cyclical,Restaurants,US,710506000.0,0.418,192291343840.0,2026-07-31,fmp:company-screener,2026-08-01T02:02:06.715478+00:00,270.64,2026-07-31,192291343840.0,1261837171.4432256,True,8,2025,ttm,2026-05-07,discrete,ok,27447000000.0,0.03411765915312581,0.08904189958128526,0.5735417349801436,0.46012314642766056,12629000000.0,0.0,0.43523389640373805,11945864754.5934,9408596411.000166,7050720724.815147,9.88187908173111,0.026691753854931128,0.2123972098895232,0.18973077036347563,0.13139506502445034,53711000000.0,54881000000.0,True,7.863636363636363,3.611066290170768,0.006635802469135803,0.8030833208610042,0.39585343375272936,False,5173000000.0,1975000000.0,-0.012660165475957386,1.148850784385261,713500000.0,unchecked,,0.0,general_dcf,0.06376985579664374,0.023641496131236624,True,0.0475,0.06733216574758244,0.049225174381904796,0.12239860461589319,85,1.0
ABT,Abbott Laboratories,NYSE,common_stock,False,1980-03-17,Healthcare,Medical - Devices,US,1741810000.0,0.607,184109317000.0,2026-07-31,fmp:company-screener,2026-08-01T02:02:06.715478+00:00,105.7,2026-07-31,184109317000.0,1240301932.4016128,True,8,2025,ttm,2026-07-28,discrete,ok,46585000000.0,0.05448021910170198,0.09045741765580519,0.56803692175593,0.17026940002146615,7932000000.0,0.0,0.16156574496594517,7526540229.238556,6472656655.39726,6858739426.411971,3.9350197512403735,0.02617772622114266,0.14002231327313536,0.08732436806141575,-0.07363566932580261,27005000000.0,32608000000.0,True,12.452119309262166,2.398738674720199,0.01604290822407628,0.31180453623449156,0.08871883012749186,False,4261000000.0,1832000000.0,-0.003984105988745212,1.2687401712388608,1743000000.0,unchecked,,0.0,general_dcf,0.12619019646549434,0.031081888821809255,True,0.0475,0.07422362493533155,0.053748605420429044,0.013100743126084197,3,1.0
TJX,"The TJX Companies, Inc.",NYSE,common_stock,False,1987-06-26,Consumer Cyclical,Apparel - Retail,US,1104704446.002288,0.623,173814197534.0,2026-07-31,fmp:company-screener,2026-08-01T02:02:06.715478+00:00,157.34,2026-07-31,173814197534.0,944434382.5812904,True,8,2026,ttm,2026-05-29,discrete,ok,61584000000.0,0.06451848879760735,0.20207740190667886,0.3144323200831385,0.12392829306313329,7632000000.0,0.0,0.1063916885959994,6552025750.496027,4914217351.958681,4453034240.905515,3.975923429379924,0.03002487231599103,0.24996977437296464,0.30122773677764214,0.3518534824190332,8600000000.0,14180000000.0,True,103.13513513513513,0.9642336584818926,0.003246983676366217,1.7047774684153387,1.3739713717950295,False,1892000000.0,2513000000.0,-0.016688970043847173,1.2574013157894737,1120000000.0,unchecked,,0.0,general_dcf,0.06702784058461098,0.0068265068320329785,True,0.0475,0.07625342224149467,0.04687688910168971,0.22497431453614747,63,1.0
UNP,Union Pacific Corporation,NYSE,common_stock,False,1980-01-02,Industrials,Railroads,US,594075498.00089,0.965,173547275231.0,2026-07-31,fmp:company-screener,2026-08-01T02:02:06.715478+00:00,292.13,2026-07-31,173547275231.0,813813579.2603226,True,8,2025,ttm,2026-07-23,discrete,ok,25410000000.0,0.010182656377619725,0.08074461777974952,0.4552538370720189,0.39929161747343567,10146000000.0,0.0,0.39960472465419883,10153956053.463192,7819077319.088895,5845395927.759305,9.840733885116675,0.015929789201037294,0.22994768955868633,0.15711371343584235,0.0937992238101382,29055000000.0,31169000000.0,True,7.895719844357977,2.295204992495458,0.0,-0.031310718076316135,1.39965079087419,False,3277000000.0,0.0,-0.016289549645743695,1.3135287662643047,594000000.0,unchecked,,0.0,general_dcf,0.08885347983282421,0.0562476406324393,True,0.0475,0.0884993712001353,0.04812826940258211,0.06861434223570705,8,1.0
DIS,The Walt Disney Company,NYSE,common_stock,False,1957-11-12,Communication Services,Entertainment,US,1736510000.0,1.398,167078309650.0,2026-07-31,fmp:company-screener,2026-08-01T02:02:06.715478+00:00,96.19,2026-07-31,167034896900.0,1051458331.2793548,True,8,2025,ttm,2026-05-06,discrete,ok,97263000000.0,0.06837008516307796,0.08989730697200822,0.3716007114730165,0.14303486423408696,13912000000.0,0.0,0.11577769258226561,11260885713.6289,8813464886.979395,4337636830.980502,2.4478763154517504,0.061194150962105745,0.21733821733821734,0.07240391744062347,0.42600419020964775,41676000000.0,47358000000.0,True,7.859887005649718,2.152797148613048,0.014434736563410114,0.41729473578244203,0.9323699453991201,False,2235000000.0,7215000000.0,-0.010137078334304772,2.8099356395816573,1772000000.0,unchecked,,0.0,general_dcf,0.07335913971939978,0.021140609629856446,True,0.0475,0.10227240854086359,0.048916361416361416,-0.02986849110024012,86,1.0
DE,Deere & Company,NYSE,common_stock,False,1972-06-01,Industrials,Agricultural - Machinery,US,269937425.0004218,0.897,159983813675.0,2026-07-31,fmp:company-screener,2026-08-01T02:02:06.715478+00:00,592.67,2026-07-31,159983813675.0,767994465.6219355,True,8,2025,ttm,2026-05-28,discrete,ok,46857000000.0,0.029428901014733944,0.15319795951002974,0.3539705913737542,0.1838359263290437,8614000000.0,0.0,0.1770399089665699,8295559014.446566,6470280173.398321,3167548657.335753,11.697003904489486,0.043500919087006124,0.22003084275207424,0.08170265368566916,0.02696339984426077,54827000000.0,64162000000.0,True,2.8838299296953465,5.019408587384418,0.0033807231613119893,0.09145541695184313,0.22091650238824687,False,1755000000.0,800000000.0,-0.04022988902685265,1.3001408450704226,270800000.0,unchecked,,0.0,general_dcf,0.08760219479003362,0.0077089857891956244,True,0.0475,0.08545057443745106,0.0682473012591935,-0.0037479207517819024,64,1.0
T,AT&T Inc.,NYSE,common_stock,False,1983-11-21,Communication Services,Telecommunications Services,US,6852390000.0,0.422,159441410520.0,2026-07-31,fmp:company-screener,2026-08-01T02:02:06.715478+00:00,23.25,2026-07-31,159318067500.0,1493932561.2064517,True,8,2025,ttm,2026-07-22,discrete,ok,127239000000.0,-0.042875319057744776,0.08870179116306831,0.5972146904644017,0.20384473313999638,25937000000.0,0.0,0.18042818427832208,22957501739.389423,18515881542.127766,19820659819.49248,2.8535358219827933,0.07496274963574366,0.1934714085043901,0.0817906181435148,,145318000000.0,162888000000.0,True,3.590393133997785,3.1376689553914585,0.0,0.8067402648331379,0.5949108455848222,False,8018000000.0,7990000000.0,-0.028994779230208878,2.6606944444444443,6946000000.0,unchecked,,0.0,general_dcf,0.03372134475026267,0.007031370730000497,True,0.0475,0.07152494094407294,0.07057125175586587,0.010265677199441867,9,1.0
CRM,"Salesforce, Inc.",NYSE,common_stock,False,2004-06-23,Technology,Software - Application,US,819000000.0,1.178,150712380000.0,2026-07-31,fmp:company-screener,2026-08-01T02:02:06.715478+00:00,184.02,2026-07-31,150712380000.0,2743608495.7883873,True,8,2026,ttm,2026-05-28,discrete,ok,42829000000.0,0.17684937422531677,0.07585694558931724,0.7764365266525018,0.21943075953209273,9398000000.0,0.0,0.036566423432434825,1566103349.187751,1306685869.5804749,4834112731.19753,5.5500720220407915,0.07811039396842605,0.16564518538436257,0.12198230527609223,1.3495777818937513,30047000000.0,41884000000.0,True,20.838137472283815,2.2812998253739276,0.08399525003298589,7.032565026807884,2.396651096423549,True,1550000000.0,37211000000.0,-0.04403718618447794,2.112635146038406,871000000.0,unchecked,,0.0,general_dcf,0.09341352884330023,0.006024096379445829,True,0.0475,0.09460161996793545,0.05214717591347734,0.02738068530815678,64,0.85
COP,ConocoPhillips,NYSE,common_stock,False,1981-12-31,Energy,Oil & Gas Exploration & Production,US,1218294006.997012,0.122,146780061963.0,2026-07-31,fmp:company-screener,2026-08-01T02:02:06.715478+00:00,120.48,2026-07-31,146780061963.0,826598973.1064516,True,8,2025,ttm,2026-04-30,discrete,ok,58310000000.0,0.0708056175442664,0.6111172904610209,0.29183673469387755,0.18281598353627165,10660000000.0,0.0,0.24257084433533482,14144305933.193373,9360055081.197824,9490794450.47682,7.747840297215272,0.1211406341540886,0.3382457134759813,0.08655052689216661,-0.02620071248387966,16964000000.0,23327000000.0,True,9.416961130742049,0.7600358422939069,0.0,-1.5603375427460078,-2.493948020030504,False,4029000000.0,4524000000.0,-0.014071951486317569,2.1831199826426557,1224960000.0,unchecked,,0.0,general_dcf,0.13032605821132215,0.24495591091805735,True,0.0475,0.06822968281558535,0.04135964290775117,0.018320844076581258,92,1.0
PFE,Pfizer Inc.,NYSE,common_stock,False,1972-06-01,Healthcare,Drug Manufacturers - General,US,5699440000.0,0.307,142542994400.0,2026-07-31,fmp:company-screener,2026-08-01T02:02:06.715478+00:00,25.01,2026-07-31,142542994400.0,1074732622.7806451,True,8,2025,ttm,2026-05-05,discrete,ok,63315000000.0,0.022244399137135495,0.4020668804072671,0.6934691621258785,0.23446260759693596,14845000000.0,0.0,0.251237204699979,15907083615.57917,14316375254.021254,14616139086.10307,2.5503645238358175,0.07691684588366828,0.1,0.09443317477258431,-0.08432284924605535,51380000000.0,64455000000.0,True,5.528864059590316,2.3973497573721536,0.008815676792101153,-0.3383940571376978,-0.9648295171866833,False,9779000000.0,0.0,-0.00011629935558732374,1.5890274314214463,5731000000.0,unchecked,,0.0,general_dcf,-0.0026019539336409325,0.03168444876182727,True,0.0475,0.0674400777865701,0.05625,0.02699309698601421,87,1.0
DHR,Danaher Corporation,NYSE,common_stock,False,1978-12-29,Healthcare,Medical - Diagnostics & Research,US,702986054.0000205,0.823,137134301498.0,2026-07-31,fmp:company-screener,2026-08-01T02:02:06.715478+00:00,194.98,2026-07-31,137068220808.924,1049012922.2993548,True,8,2025,ttm,2026-07-21,discrete,ok,25107000000.0,0.053583813771420186,0.1501691270065228,0.5851356195483332,0.20420599832715974,5127000000.0,0.0,0.2131120096631041,5350603226.611554,4473605255.253845,5510164867.08496,7.787118240651441,0.035804319065390056,0.16390637358343185,0.05731507832008858,-5.032108954031949,22210000000.0,26558000000.0,True,65.73076923076923,2.9389969564642056,0.012129599478997069,-0.2670096762159057,-0.5255871648785482,False,964000000.0,2904000000.0,-0.013522605503985319,1.715311618363683,707600000.0,unchecked,,0.0,general_dcf,0.06723345414530901,0.03163109753731773,True,0.0475,0.08274290401579033,0.05225585165103551,-0.025427825695701754,10,1.0
LMT,Lockheed Martin Corporation,NYSE,common_stock,False,1977-01-03,Industrials,Aerospace & Defense,US,230791000.0,0.113,134491147340.0,2026-07-31,fmp:company-screener,2026-08-01T02:02:06.715478+00:00,582.74,2026-07-31,134491147340.0,713740335.6170968,True,8,2025,ttm,2026-07-23,discrete,ok,77023000000.0,0.04882312670059519,0.04045687134400453,0.11796476377186035,0.11883463381067992,9153000000.0,0.0,0.129345407397142,9962571313.95007,8530002359.217813,6839157194.61589,29.593929877178233,0.01500494294638035,0.14379510164472353,0.30714651909252777,-0.22619799174616526,16747000000.0,20538000000.0,True,8.238523852385239,1.544641210108836,0.003921800772520756,-1.027447828988718,1.7325153623124825,False,3176000000.0,1750000000.0,-0.04412001399874721,1.3065967016491755,231100000.0,unchecked,,0.0,general_dcf,0.0834560964068034,0.028338557987725606,True,0.0475,0.06998460857819547,0.05351280614720478,0.2371619105143323,8,1.0
BMY,Bristol-Myers Squibb Company,NYSE,common_stock,False,1972-06-01,Healthcare,Drug Manufacturers - General,US,2042070000.0,0.235,133367591700.0,2026-07-31,fmp:company-screener,2026-08-01T02:02:06.715478+00:00,65.31,2026-07-31,133367591700.0,684205675.1487097,True,8,2025,ttm,2026-07-30,discrete,ok,49187000000.0,0.11453047601171651,0.21095327878381304,0.7015674873442169,0.2826559863378535,13903000000.0,0.0,0.20325958745177736,9997729327.990572,8255915015.281188,13151651122.62714,6.421704649720283,0.05443861146931794,0.1742209911437429,0.21115290149577984,,32053000000.0,43120000000.0,True,8.036416184971099,1.876749224193454,0.011474219317356572,1.8453911867101926,-3.2168406839614008,False,5095000000.0,98000000.0,-0.015459895353295616,1.866953726791189,2048000000.0,unchecked,,0.0,general_dcf,0.008939118953767755,0.01473994526688808,True,0.0475,0.06739638017916029,0.05161118805351607,0.14375652131661953,1,1.0
CVS,CVS Health Corp.,NYSE,common_stock,False,1973-02-21,Healthcare,Medical - Healthcare Plans,US,1275930000.0,0.598,133245369900.0,2026-07-31,fmp:company-screener,2026-08-01T02:02:06.715478+00:00,104.43,2026-07-31,133245369900.00002,836039144.66,True,8,2025,annual,2026-02-10,annual,annual_anchor,402067000000.0,0.10924868668053822,0.08793234324870007,0.13769346899894794,0.025829028495250792,10385000000.0,0.0,0.032120665582538864,12914659648.774652,9604413638.491428,14545806100.161644,11.444379307758965,0.01163820545923787,0.25631693751970475,0.0488343256646087,-0.11097765204606212,82936000000.0,93593000000.0,True,3.329592818210965,5.532386098325662,0.0014484628858208895,-0.6353706208696789,-1.7655412846696035,False,3397000000.0,0.0,-0.013277036450652147,1.9737754659731253,1271000000.0,unchecked,,0.0,general_dcf,0.022247041519578126,0.0231051344753363,True,0.0475,0.07231360555680774,0.06507226796702584,-0.023479279892199043,171,0.7
SYK,Stryker Corporation,NYSE,common_stock,False,1980-03-17,Healthcare,Medical - Devices,US,383360761.9987719,0.7775095,124860600183.0,2026-07-31,fmp:company-screener,2026-08-01T02:02:06.715478+00:00,325.7,2026-07-31,124860600183.0,858167744.107742,True,8,2025,ttm,2026-07-31,discrete,ok,25837000000.0,0.09157664076422001,0.0625496389285681,0.651662344699462,0.22026551070170686,5691000000.0,0.0,0.2154756628818411,5567244701.878129,4784477252.9216385,3709944553.7397842,9.61125532056939,0.011536384464292575,0.1406023070429115,0.1409299294207812,0.09753873624329018,10716000000.0,14192000000.0,True,8.295918367346939,1.613612407769914,0.010000975704946824,0.31270065337915026,1.6775627177661867,False,1317000000.0,173000000.0,0.0033032228757905457,1.4173070497828266,386000000.0,unchecked,,0.0,general_dcf,0.08828027322612675,0.011756061735673546,True,0.0475,0.08304180855336757,0.053712355809818035,0.05788812086741363,0,1.0
PH,Parker-Hannifin Corporation,NYSE,common_stock,False,1980-03-17,Industrials,Industrial - Machinery,US,126086388.99982592,1.11,123127141450.0,2026-07-31,fmp:company-screener,2026-08-01T02:02:06.715478+00:00,976.53,2026-07-31,123127141450.0,591107659.2512903,True,8,2025,ttm,2026-04-30,discrete,ok,20987074000.0,0.047938934794694577,0.07583913116208256,0.37227547775359254,0.2086778747718715,4379538000.0,0.0,0.16818159133227,3529639502.7281094,2777755564.446347,2724529180.5009766,21.28538422266388,0.021929397237722963,0.2130200372306068,0.14533454152170117,0.15501181968334055,9106000000.0,9582000000.0,True,10.809270297286291,1.7152416341472099,0.00778615492950538,1.2707131900757267,1.3823606884093804,False,913832000.0,1909100000.0,-0.0060610466495389925,1.1898991461615946,128000000.0,unchecked,,0.0,general_dcf,0.08127968723526902,0.005620608853935678,True,0.0475,0.09911448488655354,0.049186247673087075,0.046220056635147624,92,1.0
LOW,"Lowe's Companies, Inc.",NYSE,common_stock,False,1980-03-17,Consumer Cyclical,Home Improvement,US,560707000.0,0.85,116570985300.0,2026-07-31,fmp:company-screener,2026-08-01T02:02:06.715478+00:00,207.81,2026-07-31,116520521670.0,649647690.198387,True,8,2025,ttm,2026-05-28,discrete,ok,88434000000.0,0.027609235184565373,0.10069384746067045,0.33796955921930477,0.11548725603274758,10213000000.0,0.0,0.1211524623855642,10713996858.604984,8106667622.772052,6755236998.639724,12.06292321185665,0.016729641976649234,0.243357289557057,0.24129120095403037,-0.15525800247472332,41296000000.0,42540000000.0,True,6.500954805856143,3.292091836734694,0.002641202763104429,-0.4944564876216362,0.5676202823421685,False,2665000000.0,462000000.0,-0.039008478793996604,1.3834986344688802,560000000.0,unchecked,,0.0,general_dcf,0.03162564476768859,0.0024401580235027982,True,0.0475,0.07857745357217383,0.047290169402683935,0.16271374738185654,64,1.0
NOW,"ServiceNow, Inc.",NYSE,common_stock,False,2012-06-29,Technology,Software - Application,US,1033862000.0,0.959,114996470260.0,2026-07-31,fmp:company-screener,2026-08-01T02:02:06.715478+00:00,111.23,2026-07-31,114996470260.0,2981880581.77871,True,8,2025,ttm,2026-07-23,discrete,ok,14732000000.0,0.26169854473332754,0.04441685149140297,0.7476920988324736,0.11403746945424925,1680000000.0,0.0,0.04650028597992858,685042213.0563078,561671549.8304019,1614773932.4471724,1.557159047682905,0.04934608985755368,0.18009205983889529,0.08447993495680196,0.1983321615054725,3789000000.0,8453000000.0,True,20.240963855421686,1.3639308855291576,0.15895848506919155,1.2514072511747205,-0.7866672917168992,False,0.0,3406000000.0,0.0062901388644485134,2.9943859649122806,1037000000.0,unchecked,,0.0,general_dcf,0.2240761967803142,0.0024691358349149014,True,0.0475,0.0924230835168702,0.05124424626006904,-0.007943148560068239,8,1.0
MO,"Altria Group, Inc.",NYSE,common_stock,False,1985-07-01,Consumer Defensive,Tobacco,US,1669890000.0,0.494,114070185900.0,2026-07-31,fmp:company-screener,2026-08-01T02:02:06.715478+00:00,68.33,2026-07-31,114103583700.0,574892465.4293549,True,8,2025,ttm,2026-07-30,discrete,ok,21869000000.0,0.003685641666252071,0.02278103944243763,0.7098632767844895,0.5594677397228954,12235000000.0,0.0,0.5487126521180992,11999796989.170712,8903062611.107332,8776271194.15602,5.24896602521293,0.03814589934466153,0.2580655640139617,0.46451580310557666,,22210000000.0,24577000000.0,True,10.255658005029337,1.7829332905193866,0.0,0.2682135855362081,-0.8238289632021821,False,6821000000.0,903000000.0,-0.025010556925988414,1.1423124231242312,1672000000.0,unchecked,,0.0,general_dcf,0.02091408828220631,0.006812652064594549,True,0.0475,0.06786939621762499,0.04637090224912739,0.39664640688795166,1,1.0
SO,The Southern Company,NYSE,common_stock,False,1981-12-31,Utilities,Regulated Electric,US,1127300000.0,0.33204514,106574942000.0,2026-07-31,fmp:company-screener,2026-08-01T02:02:06.715478+00:00,94.54,2026-07-31,106574942000.0,563520001.8935484,True,8,2025,ttm,2026-07-30,discrete,ok,30178000000.0,0.033313976114662136,0.13139287409547457,0.43395851282391146,0.24186493472065743,7299000000.0,0.0,0.23522993198402714,7098768887.413971,5931144755.784562,-1694031641.429421,-1.4846903080012455,0.059595469138169405,0.16448262369825728,0.05237186078944068,0.16261594866140794,74103000000.0,77087000000.0,True,2.2178669097538743,5.430780505679736,0.004939380332285586,0.11039982593974378,0.9230632835457127,False,3100000000.0,0.0,0.01817491734295751,2.2240399909111566,1141000000.0,unchecked,,0.0,general_dcf,0.07923575890704804,0.031000319594767733,True,0.0475,0.07275509475915315,0.07310777042640249,-0.02038323396971247,1,1.0
GD,General Dynamics Corporation,NYSE,common_stock,False,1978-01-13,Industrials,Aerospace & Defense,US,270557000.0,0.338,103736964940.0,2026-07-31,fmp:company-screener,2026-08-01T02:02:06.715478+00:00,383.42,2026-07-31,103736964940.0,455163013.68451613,True,8,2025,ttm,2026-07-29,discrete,ok,54861000000.0,0.054715790973965284,0.0532415805298369,0.1537522101310585,0.10322451285977288,5663000000.0,0.0,0.10753809667743043,5899647521.820511,4911804525.575074,3962673397.762247,14.472875813594767,0.007059058468644262,0.16744101958494773,0.14746595477575505,0.2569839233208686,5146000000.0,9479000000.0,True,22.2078431372549,0.7792247122955784,0.0038351915500041914,-0.43135838176575486,2.2553806801720357,False,1642000000.0,956000000.0,-0.005263077817807771,1.2161520190023754,273800000.0,unchecked,,0.0,general_dcf,0.07273624705533832,0.021573604063394685,True,0.0475,0.0707865637444051,0.05203493627594077,0.07667939103134995,2,1.0
MCK,McKesson Corporation,NYSE,common_stock,False,1994-11-10,Healthcare,Medical - Distribution,US,117077999.99999999,0.315,100241012820.0,2026-07-31,fmp:company-screener,2026-08-01T02:02:06.715478+00:00,856.19,2026-07-31,100241012820.0,904522775.2554839,True,8,2026,ttm,2026-05-08,discrete,ok,403430000000.0,0.09457098304352618,0.04228731951070651,0.036065736311132045,0.015792082889224898,6371000000.0,0.0,0.01369892604062704,5526557732.570167,4446312646.614227,6171882545.60169,50.30059124369756,0.0018608126161219144,0.19546436285097193,2.07770431466415,4.1175891113896075,4639000000.0,8614000000.0,True,50.968,0.6866489046773239,0.0,0.20931568485978574,-0.2539052762991073,False,381000000.0,3351000000.0,-0.04797506777090055,1.4370419720186542,122700000.0,unchecked,,0.0,general_dcf,0.12664671585660336,0.010023224543606886,True,0.0475,0.07074194475392383,0.050283477321814256,2.006962369910226,84,1.0
PWR,"Quanta Services, Inc.",NYSE,common_stock,False,1998-02-12,Industrials,Engineering & Construction,US,150060000.0,1.215,100144041600.0,2026-07-31,fmp:company-screener,2026-08-01T02:02:06.715478+00:00,667.36,2026-07-31,100144041600.0,884254414.3490323,True,8,2025,ttm,2026-07-30,discrete,ok,32776925000.0,0.1423022663027309,0.11355917608722306,0.14423787466334928,0.0619726530173285,2031273000.0,0.0,0.05513084108909788,1807019443.5642796,1358235358.4056315,1368102214.277689,8.974751961621953,0.0029868088372903448,0.2483559802065206,0.09703390867630325,0.11935196509498437,6096704000.0,6603135000.0,True,6.900431091589128,1.991217575822303,0.006358607000145103,0.684181192823062,-0.22844811581988406,False,47259000.0,183232000.0,0.00991762278282815,2.1683287502868454,152439000.0,unchecked,,0.0,general_dcf,0.3039995684629695,0.07630290815631935,True,0.0475,0.10445983951780641,0.04697775123709246,-0.007425930841503156,1,1.0
VRT,Vertiv Holdings Co,NYSE,common_stock,False,2018-08-02,Industrials,Electrical Equipment & Parts,US,384988000.0,2.029,93001551160.0,2026-07-31,fmp:company-screener,2026-08-01T02:02:06.715478+00:00,241.57,2026-07-31,93001551160.0,1938907925.089355,True,8,2025,annual,2026-02-13,annual,annual_anchor,10229900000.0,0.13234812422476638,0.09148109867795032,0.3435810711737163,0.18543680778893246,1897000000.0,0.0,0.06545753986066255,669624087.0205919,497114335.75678605,273098529.3223945,0.699082439814628,0.06265014886156851,0.25762178303854966,0.2552732521708003,0.8519918106941591,1575500000.0,3403400000.0,True,22.03252032520325,0.790080738177624,0.004318630020719439,3.8383487663037226,2.69050320819265,False,66599999.0,0.0,0.010835786410082093,1.9567579313342025,390652824.0,unchecked,,0.0,general_dcf,0.3675491581684964,0.00503235085977082,True,0.0475,0.14,0.046398638560090646,0.11527325217080031,168,0.7
VLO,Valero Energy Corporation,NYSE,common_stock,False,1982-01-04,Energy,Oil & Gas Refining & Marketing,US,296933000.0,0.545,92910335700.0,2026-07-31,fmp:company-screener,2026-08-01T02:02:06.715478+00:00,312.9,2026-07-31,92910335700.0,788195043.9361291,True,8,2025,ttm,2026-07-30,discrete,ok,132928000000.0,0.006762829683323979,0.38704754675902103,0.11330946076071256,0.07531144679826673,10011000000.0,0.0,0.03527931484866552,4689608764.20341,3715561953.3019924,5119286636.368327,17.412539579484108,0.03331762321579849,0.20770321361058602,0.27853923052902174,1.322717358761822,3475000000.0,11349000000.0,True,17.940860215053764,0.26244241371497623,0.0,2.3520740740478394,1.6663091809462003,False,1409000000.0,4847000000.0,-0.0945091874400511,2.412635379061372,294000000.0,unchecked,,0.0,general_dcf,0.17857099521523523,0.3091594588648653,True,0.0475,0.07200346671565108,0.04951854914933837,0.20653576381337066,1,1.0
MPC,Marathon Petroleum Corporation,NYSE,common_stock,False,2011-06-24,Energy,Oil & Gas Refining & Marketing,US,291937000.0,0.52,92389302390.0,2026-07-31,fmp:company-screener,2026-08-01T02:02:06.715478+00:00,316.47,2026-07-31,92389302390.00002,615143441.0587096,True,8,2025,ttm,2026-05-05,discrete,ok,135750000000.0,0.06377033340935179,0.358821335624292,0.0879926335174954,0.05022467771639042,6818000000.0,0.0,0.04180573261894174,5675128203.021341,4532313409.404134,5266324376.536614,17.851947039107166,0.0807112885285722,0.20137250696976194,0.11128683468525512,0.2046404537909565,32175000000.0,34326000000.0,True,4.757850662944871,4.177486367177356,0.0,0.6092160543672207,0.07988544098060193,False,1150000000.0,3181000000.0,-0.1700394723583183,2.039288361749444,295000000.0,unchecked,,0.0,general_dcf,0.18432153563978382,0.35788310073091745,True,0.0475,0.0671108305242529,0.04991421831438988,0.044176004161002216,87,1.0
MMM,3M Company,NYSE,common_stock,False,1946-01-14,Industrials,Conglomerates,US,515722417.0013615,1.081,90911547669.0,2026-07-31,fmp:company-screener,2026-08-01T02:02:06.715478+00:00,176.28,2026-07-31,90911547669.0,657950452.9432257,True,8,2025,annual,2026-02-03,annual,annual_anchor,24948000000.0,-0.0381898272428316,0.10921125724337095,0.39554272887606223,0.1829004329004329,4563000000.0,0.0,0.2067602674975359,5158255153.528525,4142557489.2770324,3703727582.148781,6.871479744246346,0.03520567262954818,0.19690721649484536,0.31307239394566605,,7003000000.0,12936000000.0,True,6.3375,1.1928121274058934,0.011133685493701747,-1.6543768945078663,-1.936060977099765,False,1175000000.0,4813000000.0,-0.017086139095032538,0.5727179487179488,539000000.0,unchecked,,0.0,general_dcf,0.04696339550749884,0.014263074454532947,True,0.0475,0.09515263868094788,0.05019329896907217,0.21791975526471818,178,0.7
WM,"Waste Management, Inc.",NYSE,common_stock,False,1988-06-22,Industrials,Waste Management,US,399715183.9991172,0.448,90555474935.0,2026-07-31,fmp:company-screener,2026-08-01T02:02:06.715478+00:00,226.55,2026-07-31,90555474935.0,478223865.0683871,True,8,2025,ttm,2026-07-29,discrete,ok,25667000000.0,0.07783831760085991,0.06181028721383783,0.3503720730899599,0.18537421591927378,4758000000.0,0.0,0.18049160262802283,4632677964.653462,3662127338.6812263,2848096898.648597,7.061980904162154,0.00854343350788022,0.20950099130079203,0.11493336236488408,0.10289034716402387,22799000000.0,23356000000.0,True,5.251655629139073,2.9080357142857145,0.00455302065994321,0.4882613291250948,1.4337827746941478,False,1429000000.0,1004000000.0,-0.009487314856267304,2.0481770833333335,403300000.0,unchecked,,0.0,general_dcf,0.044682324311183796,0.013227513213888773,True,0.0475,0.06776492767862843,0.0494061880437005,0.047168434686255645,2,1.0
FCX,Freeport-McMoRan Inc.,NYSE,common_stock,False,1995-07-10,Basic Materials,Copper,US,1437560000.0,1.364,90034382800.0,2026-07-31,fmp:company-screener,2026-08-01T02:02:06.715478+00:00,62.63,2026-07-31,90034382800.0,920806870.8435483,True,8,2025,annual,2026-02-13,annual,annual_anchor,25741000000.0,0.04459196635694629,0.24445816818096325,0.2698030379550134,0.2443572510780467,6290000000.0,0.0,0.26877164318609914,6918450867.253378,4496993063.714696,1756642557.9233327,1.2173545099953795,0.09352283256056339,0.35,0.15517895775610127,-0.09281361335083443,7448000000.0,11502000000.0,True,17.046070460704605,0.8727443168502461,0.004282066391671577,-0.3159758474224462,-0.09348942213030441,False,865000000.0,107000000.0,-0.0018412009428691034,2.8659066232356136,1443000000.0,unchecked,,0.0,general_dcf,0.14668022821352555,0.17731741570205423,True,0.0475,0.10719553464297726,0.040625,0.04798342311312401,168,0.7
UPS,"United Parcel Service, Inc.",NYSE,common_stock,False,1999-11-10,Industrials,Integrated Freight & Logistics,US,849502165.998273,1.03,88543610762.0,2026-07-31,fmp:company-screener,2026-08-01T02:02:06.715478+00:00,104.22,2026-07-31,88535115740.34001,582800751.7470968,True,8,2025,ttm,2026-07-28,discrete,ok,89930000000.0,0.030364868438471193,0.0811532656947379,0.16634048704547982,0.07312354053152452,6576000000.0,0.0,0.10081949793917383,9066697449.669903,7057210144.945049,5469856131.019672,6.427563021174703,0.015958543395039982,0.22163387670976203,0.14367012734040488,-0.30342497292373505,20560000000.0,25213000000.0,True,4.044280442804428,1.9695373120030655,0.0008233608914855461,-2.718467234065185,-0.9771660330184461,False,5409000000.0,0.0,-0.007713380775377421,1.52623732856291,851000000.0,unchecked,,0.0,general_dcf,0.03525189026938991,0.017912772583596907,True,0.0475,0.08783912999279272,0.04864788270563987,0.055830997347612155,3,1.0
CMI,Cummins Inc.,NYSE,common_stock,False,1947-10-03,Industrials,Industrial - Machinery,US,137989066.99936926,1.222,87512666291.0,2026-07-31,fmp:company-screener,2026-08-01T02:02:06.715478+00:00,634.2,2026-07-31,87512666291.0,680358630.49,True,8,2025,ttm,2026-05-05,discrete,ok,33894000000.0,0.05099192828886134,0.13105544271576755,0.25385023898035053,0.11240927597804921,3810000000.0,0.0,0.11359188026109883,3850083189.5696836,3005407116.712334,2299558101.605487,16.56742148130754,0.020468798721139905,0.21939164201585923,0.17083794841286554,0.13010139299735682,5058000000.0,8240000000.0,True,11.615853658536585,1.02637987012987,0.0,-0.11826042830496153,0.37723135265738217,False,1080000000.0,243000000.0,-0.008266792915946009,1.273654590221597,138800000.0,unchecked,,0.0,general_dcf,0.11962477553303108,0.021447721187111798,True,0.0475,0.10345287757794279,0.048788022374008796,0.06738507083492275,87,1.0
WMB,"The Williams Companies, Inc.",NYSE,common_stock,False,1981-12-31,Energy,Oil & Gas Midstream,US,1222998264.9986022,0.595,87493295878.0,2026-07-31,fmp:company-screener,2026-08-01T02:02:06.715478+00:00,71.54,2026-07-31,87493295878.0,532723094.4170968,True,8,2025,ttm,2026-05-04,discrete,ok,11921000000.0,0.046628563535081824,0.14552053171452417,0.628470765875346,0.38788692223806726,4624000000.0,0.0,0.28025475539685774,3340916939.085941,2534225071.344119,2683317116.2613564,2.1940450664442817,0.08825858187862178,0.24145822313156012,0.08283339259965206,0.1539877216489435,29352000000.0,30302000000.0,True,3.147719537100068,4.254529641977098,0.007059686439900981,1.7353265485720113,1.211625031344081,False,2474000000.0,0.0,8.94136432536552e-05,2.235505617977528,1223000000.0,unchecked,,0.0,general_dcf,0.0641361608046731,0.16926677061634618,True,0.0475,0.0744518163644839,0.0663724054759885,0.00838157623516815,88,1.0
HCA,"HCA Healthcare, Inc.",NYSE,common_stock,False,2011-03-10,Healthcare,Medical - Care Facilities,US,216501506.00114262,1.128,87161341301.0,2026-07-31,fmp:company-screener,2026-08-01T02:02:06.715478+00:00,402.59,2026-07-31,87161341301.0,659381806.2283871,True,8,2025,ttm,2026-07-28,discrete,ok,78013000000.0,0.07131449251891953,0.04226951856547219,0.28355530488508324,0.15475625857228922,12073000000.0,0.0,0.1487826149175951,11606978137.566345,9180680423.316057,5730577648.873994,25.717493532563203,0.008027632552551792,0.2090378465000723,0.23184631638352501,0.20581754978431388,47763000000.0,48776000000.0,True,5.21286701208981,3.0331491712707184,0.0,0.5616051168799449,-0.5908581293737669,False,682000000.0,8691000000.0,-0.08894084167192495,1.8253472222222222,222828000.0,unchecked,,0.0,general_dcf,0.03660276515367045,0.015035677885619199,True,0.0475,0.08435733240307292,0.04943513459374548,0.1474889839804521,3,1.0
RCL,Royal Caribbean Cruises Ltd.,NYSE,common_stock,False,1993-04-28,Consumer Cyclical,Travel Services,US,268195000.0,1.764,85366468500.0,2026-07-31,fmp:company-screener,2026-08-01T02:02:06.715478+00:00,318.3,2026-07-31,85366468500.0,799608586.5893549,True,8,2025,ttm,2026-07-28,discrete,ok,18682000000.0,0.0951297578173238,1.722561151492021,0.46643828283909644,0.27320415373086393,5104000000.0,0.0,0.1948857423143996,3640855437.917613,3276769894.1258516,81798380.30764171,0.3029569641023767,1.08315289099915,0.1,0.13971227835396455,1.0322532938013589,22643000000.0,23518000000.0,True,4.960155490767736,3.273055796472969,0.009757457485363814,0.7942776473184446,0.6708910653990399,False,590000000.0,1953000000.0,0.01922081227926009,1.8300312825860272,270000000.0,unchecked,,0.0,general_dcf,0.08935236578826156,0.04030612247182402,True,0.0475,0.11853956265075583,0.05625,0.021172715703208722,3,1.0
PSX,Phillips 66,NYSE,common_stock,False,2012-04-12,Energy,Oil & Gas Refining & Marketing,US,400935020.00188965,0.681,84869925034.0,2026-07-31,fmp:company-screener,2026-08-01T02:02:06.715478+00:00,211.68,2026-07-31,84869925034.0,469522577.4748387,True,8,2025,ttm,2026-04-29,discrete,ok,135770000000.0,0.024917086063704685,0.37506775341609794,0.07044266038152758,0.04668188848788392,6338000000.0,0.0,0.028322227427678655,3845308817.855931,3108091880.780153,3527048196.192562,8.746055888176402,0.026710615930276117,0.19171852561033986,0.10143930903096246,0.09227967285465476,21974000000.0,27124000000.0,True,5.740942028985507,2.3486532706284735,0.0,0.7205814321595749,-1.71690178072972,False,1962000000.0,1229000000.0,-0.05226021174203899,1.126958891664774,403273000.0,unchecked,,0.0,general_dcf,0.1622507557068571,0.21587800874979968,True,0.0475,0.07403420813641998,0.05051759214935376,0.027405100894542483,93,1.0
EMR,Emerson Electric Co.,NYSE,common_stock,False,1972-06-01,Industrials,Industrial - Machinery,US,560100000.0,1.244,83914182000.0,2026-07-31,fmp:company-screener,2026-08-01T02:02:06.715478+00:00,149.82,2026-07-31,83914182000.0,408591371.086129,True,8,2025,ttm,2026-05-05,discrete,ok,18316000000.0,0.00491638614415546,0.1200023123466511,0.5265887748416684,0.19955230399650578,3655000000.0,0.0,0.16970042527951743,3108232989.419641,2483768298.9494143,2550566629.0209846,4.530313728278836,0.013648239908853372,0.20090665422955462,0.08967687613346981,0.07087532184363748,12266000000.0,14057000000.0,True,6.153198653198653,2.3891702376314763,0.014863937800137205,2.5059350430054157,0.8253641835906559,False,1218000000.0,663000000.0,-0.017100800193298404,1.351068469254252,563000000.0,unchecked,,0.0,general_dcf,0.04207183642251677,0.008515167691760264,True,0.0475,0.10112605575171532,0.04994333411065284,-0.011449179618245514,87,1.0
SHW,The Sherwin-Williams Company,NYSE,common_stock,False,1980-03-17,Basic Materials,Chemicals - Specialty,US,242758150.99897313,1.1,82744115768.0,2026-07-31,fmp:company-screener,2026-08-01T02:02:06.715478+00:00,340.85,2026-07-31,82744115768.0,779840032.0151613,True,8,2025,ttm,2026-07-28,discrete,ok,24410300000.0,0.04319057856107422,0.03663270281416973,0.4906658254916982,0.16358668267083976,3993200000.0,0.0,0.145467137345766,3550896462.751352,2774690839.706222,2409854421.510493,9.752547233955859,0.017697656792292352,0.21859427082357108,0.16782262894692684,0.17270819297715267,14738200000.0,15031700000.0,True,7.7342630253728455,3.1226984765980887,0.005238755763691817,1.0700924489136696,0.8759877169563126,False,786100000.0,2623200000.0,-0.019078242169140336,1.3438193498150672,247100000.0,unchecked,,0.0,general_dcf,0.06649608825546127,0.01213101497948129,True,0.0475,0.09425017653946119,0.04883785807352681,0.07357245240746565,3,1.0
ITW,Illinois Tool Works Inc.,NYSE,common_stock,False,1973-03-13,Industrials,Industrial - Machinery,US,287700000.0,1.011,82555515000.0,2026-07-31,fmp:company-screener,2026-08-01T02:02:06.715478+00:00,286.95,2026-07-31,82555515000.0,377984354.8703226,True,8,2025,ttm,2026-07-28,discrete,ok,16469000000.0,0.011909252837439377,0.08055945653212226,0.44161758455279615,0.26498269475985187,4364000000.0,0.0,0.24190478911019891,3983929971.855866,3094382050.0179954,2795417617.403192,9.74013107109126,0.012283751371540396,0.22328402560336302,0.28850017127133576,0.4208160594421664,8855000000.0,9694000000.0,True,14.450331125827814,1.8977711101585941,0.00428385174147886,2.307790564965295,-1.8545601757668075,False,1370000000.0,1125000000.0,-0.02610183436957758,1.0195694716242663,287000000.0,unchecked,,0.0,general_dcf,0.04932672975846453,0.012650602444802901,True,0.0475,0.09284776225368298,0.04854474839978981,0.1956524090176528,3,1.0
ELV,Elevance Health Inc.,NYSE,common_stock,False,2001-10-30,Healthcare,Medical - Healthcare Plans,US,216869290.0010643,0.683,81508153954.0,2026-07-31,fmp:company-screener,2026-08-01T02:02:06.715478+00:00,375.84,2026-07-31,81508153954.0,688761288.5632257,True,8,2025,ttm,2026-07-15,discrete,ok,201113000000.0,0.11643811436572027,0.04032228634834136,0.3895223083540099,0.03511458732155554,7062000000.0,0.0,0.05862056864328994,11789358421.55797,9100335540.540552,8284742834.970519,38.020848255945474,0.008267429724529407,0.22808899219657977,0.14191121591929173,-0.055718693137273054,-6470000000.0,31044000000.0,True,6.249557522123894,-0.7545189504373178,0.0013860640301318267,-2.35059813217344,-0.9501968310663871,False,1507000000.0,2705000000.0,-0.0354245980130079,0.9712374581939799,217900000.0,unchecked,,0.0,general_dcf,-0.008261320865031174,0.050943977015308464,True,0.0475,0.07243611798461669,0.048244437987713766,0.06947509793467505,16,1.0
GM,General Motors Company,NYSE,common_stock,False,2010-11-18,Consumer Cyclical,Auto - Manufacturers,US,904451540.997074,1.309,80369563933.0,2026-07-31,fmp:company-screener,2026-08-01T02:02:06.715478+00:00,88.86,2026-07-31,80369563933.0,647895882.6225806,True,8,2025,ttm,2026-07-21,discrete,ok,185527000000.0,0.03335752810947534,0.10648598308402289,0.057366313258986563,0.009777552593423059,1814000000.0,0.0,0.054134788670623685,10043464937.6948,8680945616.386662,-6003925482.065161,-6.529952321256282,0.01941454180749936,0.13566227688955987,0.02110439246930853,-0.24899975272828603,12293000000.0,37012000000.0,True,2.621387283236994,0.7423309178743961,0.0,-1.7943305756663168,0.7877125328405011,False,1169000000.0,6829000000.0,-0.14167131736471228,3.3503661784287617,919444000.0,unchecked,,0.0,general_dcf,-0.0016269163259290398,0.024612236102386276,True,0.0475,0.10118235591230394,0.0756295507721635,-0.08007796344299542,10,1.0
EOG,"EOG Resources, Inc.",NYSE,common_stock,False,1989-10-04,Energy,Oil & Gas Exploration & Production,US,532629000.0,0.261,79196606010.0,2026-07-31,fmp:company-screener,2026-08-01T02:02:06.715478+00:00,148.69,2026-07-31,79196606010.0,498474780.81,True,8,2025,ttm,2026-05-05,discrete,ok,23483000000.0,0.03975957813758413,0.44055501849074646,0.7129201550057488,0.3692076821530469,8670104000.0,0.0,0.3240782636756039,7610329865.894206,5964789452.121024,4304680279.774035,8.046131364063617,0.13591807960747218,0.21622458458045207,0.1921508373909426,0.11979666979573474,4457000000.0,8306000000.0,True,36.276585774058574,0.36241358830596976,0.00851227649927282,0.667157412347027,-0.32146217569021235,False,2167000000.0,2164000000.0,-0.03044624297727938,1.8964547868186787,535000000.0,unchecked,,0.0,general_dcf,0.27081867617118993,0.10214504596188222,True,0.0475,0.07026797976224838,0.04898596346372175,0.12188285762869422,87,1.0
ECL,Ecolab Inc.,NYSE,common_stock,False,1973-02-21,Basic Materials,Chemicals - Specialty,US,281438000.0,0.895,78135631940.0,2026-07-31,fmp:company-screener,2026-08-01T02:02:06.715478+00:00,277.63,2026-07-31,78135631940.0,441993727.59387094,True,8,2025,annual,2026-02-23,annual,annual_anchor,16081200000.0,0.013225117332945624,0.0840414761868159,0.44512225455811755,0.18111832450314652,2912600000.0,0.0,0.14301889947341256,2299915526.211842,1894005115.0187392,1699961497.8788083,5.960594312338038,0.019553511550498687,0.17648926952620397,0.12927510407935683,0.3991607246694041,8783100000.0,9429300000.0,True,12.080464537536292,2.4498214883409575,0.008494390965848319,3.092198425802685,2.583059971172161,False,753600000.0,783800000.0,-0.0016309441806531266,1.4225284255155135,285200000.0,unchecked,,0.0,general_dcf,0.11336582670206563,0.02908277404859127,True,0.0475,0.08785860371495578,0.051469420654612255,0.041416500364401046,158,0.7
NOC,Northrop Grumman Corporation,NYSE,common_stock,False,1981-12-31,Industrials,Aerospace & Defense,US,142063000.0,-0.102,77066336240.0,2026-07-31,fmp:company-screener,2026-08-01T02:02:06.715478+00:00,542.48,2026-07-31,77066336240.0,543457519.1600001,True,8,2025,ttm,2026-07-21,discrete,ok,42892000000.0,0.048603467408775636,0.04686353421445767,0.20059684789704374,0.10181385806210948,4367000000.0,0.0,0.10848230245639823,4653022916.959833,3941922896.955768,2945975572.2234535,20.688030703816388,0.024789929026032623,0.15282538528064668,0.11609902537122374,-0.18236401268334634,13982000000.0,16289000000.0,True,6.626707132018209,2.3734510269903244,0.002461433480369459,-0.4759287426391666,0.5117312848626189,False,1343000000.0,801000000.0,-0.029117218742081397,1.1374940219990435,142400000.0,unchecked,,0.0,general_dcf,0.05233596505698923,0.009311832849559883,True,0.0475,0.0690885635826587,0.05294841341995958,0.047010461788565036,10,1.0
NSC,Norfolk Southern Corporation,NYSE,common_stock,False,1982-06-02,Industrials,Railroads,US,224608000.0,1.263,75351491840.0,2026-07-31,fmp:company-screener,2026-08-01T02:02:06.715478+00:00,335.48,2026-07-31,75351491840.0,403742455.98741937,True,8,2025,ttm,2026-07-23,discrete,ok,12540000000.0,0.008767797689063883,0.09165196565033328,0.5369218500797448,0.316347687400319,3967000000.0,0.0,0.3450790239831443,4327290960.74863,3399956345.157776,2132272281.0672853,9.472434433512582,0.04518635155755013,0.21429911323328787,0.09801495024539456,-0.0692751831503375,15547000000.0,16616000000.0,True,5.0470737913486,2.890851617701748,0.0,-0.9163247188890241,-1.7155047443364635,False,1212000000.0,76000000.0,-0.015077809221265337,1.5453852021357741,225102881.0,unchecked,,0.0,general_dcf,0.07977224720528198,0.05529953916875991,True,0.0475,0.0995307446127611,0.04910630542291951,-0.0015157943673665408,8,1.0
SLB,Slb N.V.,NYSE,common_stock,False,1981-12-31,Energy,Oil & Gas Equipment & Services,US,1495060000.0,0.733,74140025400.0,2026-07-31,fmp:company-screener,2026-08-01T02:02:06.715478+00:00,49.59,2026-07-31,74140025400.0,773209431.6374193,True,8,2025,ttm,2026-07-29,discrete,ok,36366000000.0,0.012147044721517952,0.15526841521973742,0.16531925424847385,0.13399879007864487,4873000000.0,0.0,0.13417969730870635,4879578872.328415,3957255417.8591185,3805072823.456584,2.5115992234036857,0.05904999270904327,0.18901701941937996,0.11355765823882537,0.26793802341834855,8727000000.0,12798000000.0,True,9.517578125,1.1422774869109948,0.008842613550626226,-0.003551471020686762,0.06638768488278055,False,1695000000.0,0.0,0.01777541240220315,1.5791101594099453,1515000000.0,unchecked,,0.0,general_dcf,0.03811379267583215,0.0300894551565512,True,0.0475,0.07922388525978558,0.05068643628628875,0.03433377297903979,2,1.0
CI,Cigna Corporation,NYSE,common_stock,False,1982-03-31,Healthcare,Medical - Healthcare Plans,US,264531999.00017917,0.30290928,73817654321.0,2026-07-31,fmp:company-screener,2026-08-01T02:02:06.715478+00:00,279.05,2026-07-31,73817654321.0,479245887.5780645,True,8,2025,ttm,2026-07-30,discrete,ok,282382000000.0,0.28071776602947707,0.7215652025847488,0.11661154039563429,0.03456310954664249,9760000000.0,0.0,0.046214788416645225,13050224382.669111,10305326145.29395,13161634526.045452,49.861853319968226,0.014828801384059728,0.21033341319559443,0.11300800421130497,,25580000000.0,31878000000.0,True,6.996415770609319,2.049022749118872,0.0,-1.1651678870002735,-1.0647007480053001,False,1624000000.0,1281000000.0,-0.05528176607441315,2.2875677769171183,263962000.0,unchecked,,0.0,general_dcf,0.05048491356487039,0.029817472481335094,True,0.0475,0.06551917341015055,0.04935416167527535,0.047488830801154416,1,1.0
CL,Colgate-Palmolive Company,NYSE,common_stock,False,1973-05-02,Consumer Defensive,Household & Personal Products,US,800189000.0,0.319,73057255700.0,2026-07-31,fmp:company-screener,2026-08-01T02:02:06.715478+00:00,91.3,2026-07-31,73057255700.0,463643888.6541935,True,8,2025,ttm,2026-07-31,discrete,ok,21046000000.0,0.03947009967583437,0.023818917941345014,0.6042478380689917,0.20650004751496723,4346000000.0,0.0,0.22055648565468225,4641831797.088443,3474047409.6355834,3485580442.238774,4.325539945370956,0.015306848738069026,0.251578350638501,0.48380789649339206,,6487000000.0,7857000000.0,True,17.04313725490196,1.3005212510024058,0.006270236932723441,-0.7544522394340865,1.3603521938583911,False,1360000000.0,694000000.0,-0.013284113789083007,1.6282608695652174,805813953.0,unchecked,,0.0,general_dcf,0.05795903755713261,0.030388031790403846,True,0.0475,0.07000216210898894,0.04677635308509369,0.41380573438440316,0,1.0
FDX,FedEx Corporation,NYSE,common_stock,False,1978-04-12,Industrials,Integrated Freight & Logistics,US,236581187.9993494,1.337,72725057191.0,2026-07-31,fmp:company-screener,2026-08-01T02:02:06.715478+00:00,307.4,2026-07-31,72725057191.0,608134891.2870969,True,8,2026,ttm,2026-07-20,discrete,ok,94720000000.0,0.044807004966957775,0.0842515791053147,0.22899070945945946,0.06735641891891891,6380000000.0,0.0,0.0694637784171968,6579609091.676881,5052334350.114753,2980816114.964359,12.368531597362484,0.009869096249564547,0.23212241339597375,0.07994678442098742,0.012706893705180085,29632000000.0,42943000000.0,True,11.992481203007518,2.7567215554935345,0.0017514728294247435,-0.21073594982778804,-0.01535622958962003,False,1374000000.0,796000000.0,-0.01992564426454624,1.9191872546755946,241000000.0,unchecked,,0.0,general_dcf,0.07221060244363153,0.03105324939028626,True,0.0475,0.0897140143259389,0.04799234916275164,-0.009767229904951477,11,1.0
MSI,"Motorola Solutions, Inc.",NYSE,common_stock,False,1980-03-17,Technology,Communication Equipment,US,165996000.0,0.885,72332757000.0,2026-07-31,fmp:company-screener,2026-08-01T02:02:06.715478+00:00,435.75,2026-07-31,72332757000.0,465670485.27677417,True,8,2025,ttm,2026-05-07,discrete,ok,11868000000.0,0.06857802574283212,0.05464757543349904,0.49283788338388945,0.24839905628581058,2948000000.0,0.0,0.20223532193357102,2400128800.707621,1940704613.297192,2051445052.7834888,12.210982457044576,0.028608803607703466,0.19141647201390963,0.21194133906846221,0.15088799315472587,8703000000.0,9589000000.0,True,7.243243243243243,2.533624454148472,0.022464638994175834,1.3077640938068458,0.7580836017878337,False,747000000.0,947000000.0,-0.007620460262660167,1.3170844939647168,168000000.0,unchecked,,0.0,general_dcf,0.09954322250027325,0.0039032006849280456,True,0.0475,0.0869259270204149,0.05053647049913065,0.1250154120480473,85,1.0
HLT,Hilton Worldwide Holdings Inc.,NYSE,common_stock,False,2013-12-12,Consumer Cyclical,Travel Lodging,US,225065000.0,1.052,72131081850.0,2026-07-31,fmp:company-screener,2026-08-01T02:02:06.715478+00:00,320.49,2026-07-31,72131081850.0,638061873.6967741,True,8,2025,ttm,2026-07-28,discrete,ok,12485000000.0,0.044001453671123514,0.30564869020702334,0.4406087304765719,0.23348017621145375,2915000000.0,0.0,0.19370316505405474,2418384015.6998734,1725173755.169947,1667879274.9026117,7.283315610928436,0.10167098792968261,0.28664192949907236,0.30985527872302254,0.6733492050774321,13014000000.0,14023000000.0,True,4.357249626307922,4.165813060179257,0.01575085018793628,0.9996982461637404,-0.05626846204650728,False,139000000.0,3325000000.0,-0.06146190669017404,1.4612216884008236,229000000.0,unchecked,,0.0,general_dcf,0.0928123851570346,0.01993865027439823,True,0.0475,0.09106399706933511,0.04458487940630798,0.21879128165368744,3,1.0
KMI,"Kinder Morgan, Inc.",NYSE,common_stock,False,2011-02-11,Energy,Oil & Gas Midstream,US,2226800000.0,0.533,71658424000.0,2026-07-31,fmp:company-screener,2026-08-01T02:02:06.715478+00:00,32.18,2026-07-31,71658424000.0,339879807.6254839,True,8,2025,ttm,2026-07-24,discrete,ok,17959000000.0,0.024819864010472203,0.22814830761918437,0.548861295172337,0.2904393340386436,5216000000.0,0.0,0.28441380746680256,5107787568.296308,3993622671.5677996,3497146568.7968507,1.5717512668749891,0.02203858708903401,0.218130625408945,0.06393213133511433,,32159000000.0,32248000000.0,True,2.975470621791215,4.178664241164241,0.0,0.4819341553924423,0.11984746112273827,False,2627000000.0,0.0,-0.0048954945173924624,2.156525066972828,2225000000.0,unchecked,,0.0,general_dcf,0.08198934033492056,0.02595997838948671,True,0.0475,0.07236966363007141,0.06841357027671731,-0.008437532294957084,7,1.0
BSX,Boston Scientific Corporation,NYSE,common_stock,False,1992-05-19,Healthcare,Medical - Devices,US,1486355179.007062,0.577,69457377515.0,2026-07-31,fmp:company-screener,2026-08-01T02:02:06.715478+00:00,46.73,2026-07-31,69457377515.0,1028964455.5699999,True,8,2025,annual,2026-02-17,annual,annual_anchor,20074000000.0,0.1074940369415851,0.09048162792496754,0.6900966424230348,0.19781807312942115,3971000000.0,0.0,0.15840997764783987,3179921891.3027377,2716789988.07903,2010156384.633389,1.345036055291662,0.037595815363924895,0.14564254062038404,0.09803656797076966,0.16740732851380255,10373000000.0,12418000000.0,True,11.378223495702006,1.9428731972279454,0.015883441810473516,4.0476459706121455,2.5036549769208096,False,0.0,0.0,0.012530167615569576,1.571249215317012,1494500000.0,unchecked,,0.0,general_dcf,0.06496482920645796,0.019925857279503963,True,0.0475,0.07286878103662145,0.053397341211225996,0.025167786934148215,164,0.7
URI,"United Rentals, Inc.",NYSE,common_stock,False,1997-12-18,Industrials,Rental & Leasing Services,US,62242500.0,1.794,67175840550.0,2026-07-31,fmp:company-screener,2026-08-01T02:02:06.715478+00:00,1079.26,2026-07-31,67175840550.0,526751567.65451616,True,8,2025,ttm,2026-07-22,discrete,ok,16832000000.0,0.10413850897536503,0.10025567766857142,0.37072243346007605,0.24792062737642587,4173000000.0,0.0,0.24881215862584077,4188006253.990152,3153891440.7741694,767532735.3885213,12.06812477025977,0.019161741876077137,0.24692293910275862,0.12828471139830133,0.14640983758377604,15273000000.0,15385000000.0,True,5.836363636363636,2.0678310316815596,0.007298794395568589,-0.036516191296467236,0.4817612434664506,False,477000000.0,2065000000.0,-0.03590169898188733,1.9405940594059405,63600000.0,unchecked,,0.0,general_dcf,0.0979374575129921,0.03924914679777003,True,0.0475,0.12040400653150815,0.047067316306077585,0.007880704866793181,9,1.0
TGT,Target Corporation,NYSE,common_stock,False,1967-10-18,Consumer Defensive,Discount Stores,US,454191000.0,0.981,65616973770.0,2026-07-31,fmp:company-screener,2026-08-01T02:02:06.715478+00:00,144.49,2026-07-31,65626057590.00001,622856063.9929032,True,8,2025,ttm,2026-05-29,discrete,ok,106377000000.0,0.048217746472034584,0.07694588651550115,0.2813860138939808,0.044934525320323,4780000000.0,0.0,0.053836488804846115,5726964169.593115,4471006092.069744,3847129390.7490544,8.44038918549595,0.013719657988368654,0.21930608265226906,0.11774949277174536,-0.3941557238297022,15297000000.0,18831000000.0,True,10.693512304250559,1.9265743073047858,0.0026818095056308456,-0.8901963484523114,-0.8548851944637259,False,2059000000.0,497000000.0,-0.006425242375689977,1.8007822048398925,455800000.0,unchecked,,0.0,general_dcf,-0.014639612045446282,0.005150214591184941,True,0.0475,0.0859019247732112,0.048793369834233186,0.031847567998534165,63,1.0
GWW,"W.W. Grainger, Inc.",NYSE,common_stock,False,1973-02-21,Industrials,Industrial - Distribution,US,47213100.0,1.035,65258891082.0,2026-07-31,fmp:company-screener,2026-08-01T02:02:06.715478+00:00,1382.22,2026-07-31,65258891082.0,395930192.35677415,True,8,2025,ttm,2026-05-07,discrete,ok,18378000000.0,0.06935006106097008,0.04866380881693688,0.39150070736750464,0.14234410708455764,2616000000.0,0.0,0.13212734752047384,2428236392.7312684,1836755573.840421,1280274740.1540642,27.010015615064646,0.024922604669801018,0.24358452935694314,0.3289200251333505,0.4509324118893471,2086000000.0,2781000000.0,True,32.2962962962963,0.7265761058864507,0.0036113699906803356,0.31518907973193705,1.0895415013051506,False,460000000.0,1001000000.0,-0.024742840573265146,1.1104428649535265,47400000.0,unchecked,,0.0,general_dcf,0.08637130053324982,0.025244719194356835,True,0.0475,0.09712566112011177,0.04727596691519105,0.23179436401323872,85,1.0
RSG,"Republic Services, Inc.",NYSE,common_stock,False,1998-07-01,Industrials,Waste Management,US,307664000.0,0.405,64778655200.0,2026-07-31,fmp:company-screener,2026-08-01T02:02:06.715478+00:00,210.55,2026-07-31,64778655200.0,363535595.82,True,8,2025,ttm,2026-05-08,discrete,ok,16695000000.0,0.0743948770161611,0.06450890866492343,0.39065588499550763,0.20047918538484577,3347000000.0,0.0,0.1819383189583541,3037460235.0097218,2498388595.4435544,2093122193.5760245,6.771666753723793,0.011008228464435558,0.17747446809437561,0.22720087111398243,,137000000.0,547000000.0,True,5.7311643835616435,0.02582469368520264,0.002619760479041916,1.7475431980525546,2.6832041699152485,False,750000000.0,1107000000.0,-0.00846042704530936,2.0084151472650773,309100000.0,unchecked,,0.0,general_dcf,0.03231752238085339,0.01976744183254935,True,0.0475,0.0723233862585434,0.051407845744101524,0.15487748485543903,84,1.0
HPE,Hewlett Packard Enterprise Company,NYSE,common_stock,False,2015-10-19,Technology,Computer Hardware,US,1324203520.989975,1.438,63402864585.0,2026-07-31,fmp:company-screener,2026-08-01T02:02:06.715478+00:00,47.9,2026-07-31,63429348655.4198,1261541265.3180645,True,8,2025,ttm,2026-06-02,discrete,ok,38877000000.0,0.015120249641591421,0.06543967167289473,0.3292435115878283,0.06595159091493685,2564000000.0,0.0,0.07724874801730915,3003199576.6689277,2702879619.002035,1334039894.942131,0.931592105406516,0.011840130460650283,0.1,0.05594724336905397,-0.03986654875793874,15954000000.0,21246000000.0,True,21.366666666666667,2.71465033180194,0.014704366647198269,-1.1297157102372293,0.4444187366133551,False,750000000.0,412000000.0,0.027000182898342162,2.1866666666666665,1432000000.0,unchecked,,0.0,general_dcf,0.3028014493336406,0.03503325943491303,True,0.0475,0.10355495275419663,0.05625,-0.04760770938514266,59,1.0
NKE,"NIKE, Inc.",NYSE,common_stock,False,1980-12-02,Consumer Cyclical,Apparel - Footwear & Accessories,US,1479811225.0059938,1.128,61722926195.0,2026-07-31,fmp:company-screener,2026-08-01T02:02:06.715478+00:00,41.71,2026-07-31,61722926195.00001,1019305089.2651613,True,8,2026,ttm,2026-07-15,discrete,ok,46398000000.0,0.024685360359247177,0.08787582610776831,0.42913487650329757,0.0819000819000819,3800000000.0,0.0,0.11874099658327855,5509344759.470959,4655248768.522126,3748151683.1158133,2.5275822261216625,0.02704147349719534,0.15502678235566594,0.1903205635142238,-1.2394377554731943,2006000000.0,11033000000.0,True,13.768115942028986,0.44078224566029445,0.015410146989094358,-0.8335615348702801,-0.9833175361508595,False,2408000000.0,418000000.0,-0.01880382435635297,1.1488039763901834,1482900000.0,unchecked,,0.0,general_dcf,0.007631141573440914,0.01144461239186061,True,0.0475,0.09615263308314717,0.05281082610277088,0.09416793043107663,16,1.0
FIX,"Comfort Systems USA, Inc.",NYSE,common_stock,False,1997-06-27,Industrials,Engineering & Construction,US,35194300.0,1.66,60875228767.0,2026-07-31,fmp:company-screener,2026-08-01T02:02:06.715478+00:00,1729.69,2026-07-31,60875228767.0,953959549.2106451,True,8,2025,ttm,2026-07-23,discrete,ok,11228024000.0,0.22626488254906207,0.10470125289175848,0.2566801602846592,0.16464214896583762,1848606000.0,0.0,0.06778238600945254,761062256.8913974,596530363.3088194,831010962.7954143,23.57210423768691,0.02765566862349891,0.21618716746592848,0.8571157930630792,0.8890094250228319,-1526761000.0,328033000.0,True,196.66021276595745,-0.7878938473248959,0.002396161307614748,9.685976295638508,3.1493932961005995,True,91585000.0,0.0,-0.007378280048640828,1.6251978722630462,35254000.0,unchecked,,0.0,general_dcf,0.4731688026332055,0.08849557521918931,True,0.0475,0.13006311925137456,0.04898830203337947,0.7270526738117046,8,0.85
COR,"Cencora, Inc.",NYSE,common_stock,False,1995-04-04,Healthcare,Medical - Distribution,US,194561059.99871525,0.581,60574640420.0,2026-07-31,fmp:company-screener,2026-08-01T02:02:06.715478+00:00,311.34,2026-07-31,60574640420.0,471129886.92451614,True,8,2025,ttm,2026-05-06,discrete,ok,328680018000.0,0.097128283927292,0.02435907671465163,0.03467215643148711,0.012782797158055408,4201450000.0,0.0,0.010527337797762354,3460125576.860611,2641450809.0541306,3157606260.284071,16.161110538194578,0.0009485862283456141,0.2366026173388968,0.23676178645995674,0.5179923594370694,10149258000.0,12385520000.0,True,8.864604036644597,1.9227698549026733,0.0004753495006402461,0.22554593602930537,-0.5031854702577232,False,458977000.0,0.0,-0.025629562300649278,2.3090841019932147,195383000.0,unchecked,,0.0,general_dcf,0.049515488478292013,0.005267363060860186,True,0.0475,0.07165459602866985,0.04771233641631895,0.1651071904312869,86,1.0
BDX,"Becton, Dickinson and Company",NYSE,common_stock,False,1973-02-21,Healthcare,Medical - Instruments & Supplies,US,362295101.0022944,0.271,60003314628.0,2026-07-31,fmp:company-screener,2026-08-01T02:02:06.715478+00:00,165.62,2026-07-31,60003314628.0,397584233.0703226,True,8,2025,ttm,2026-05-07,discrete,ok,21365000000.0,0.04560530592574796,0.07637680780497551,0.4647788439035806,0.10610812075824948,2267000000.0,0.0,0.11329093663343556,2420460861.173351,2178414775.056016,2484708373.5007896,8.85372139930441,0.020123965562090517,0.1,0.05025864617203665,0.07352428393524284,16463000000.0,17279000000.0,True,4.0266429840142095,3.5773576705780097,0.01224105461393597,-0.7182815875186085,-0.027653680499938837,False,1185000000.0,250000000.0,-0.00786126920640362,2.0441001191895114,280640000.0,unchecked,,0.0,general_dcf,-0.12077169038679791,0.04912099278541187,True,0.0475,0.0688667787209589,0.05625,-0.01860813254892224,85,1.0
NUE,Nucor Corporation,NYSE,common_stock,False,1980-03-17,Basic Materials,Steel,US,227740999.99999997,1.922,58595481890.0,2026-07-31,fmp:company-screener,2026-08-01T02:02:06.715478+00:00,257.29,2026-07-31,58595481890.0,403795466.51193553,True,8,2025,ttm,2026-07-27,discrete,ok,36101000000.0,0.0377659712539784,0.3170419615859237,0.15470485579346832,0.1147059638237168,4141000000.0,0.0,0.11697359193322268,4222863642.381272,3318876792.2888923,1960070124.5239718,8.577987415859832,0.08307086483502686,0.21406962825411563,0.12273863589529743,-0.6325505968527176,4407000000.0,7099000000.0,True,41.0,0.7882310856734037,0.004093063334769496,-0.031330536146989364,-0.1804403811207361,False,512000000.0,675000000.0,-0.046003808661662426,1.8543577981651376,228500000.0,unchecked,,0.0,general_dcf,0.21890891041887772,0.07976251935831864,True,0.0475,0.13339048317468968,0.04912064823411777,-0.010651847279392251,4,1.0
TRGP,Targa Resources Corp.,NYSE,common_stock,False,2010-12-07,Energy,Oil & Gas Midstream,US,214644000.0,0.704,58033298280.0,2026-07-31,fmp:company-screener,2026-08-01T02:02:06.715478+00:00,270.37,2026-07-31,58033298280.0,338604616.3377419,True,8,2025,ttm,2026-05-07,discrete,ok,16378100000.0,0.07168159275251673,0.4272487782581492,0.29877091970375075,0.21111117895238155,3457600000.0,0.0,0.12727401277133776,2084506508.570247,1802644401.0801134,679197238.7972367,3.15905692463831,0.0572072722364144,0.1352176672662257,0.13488110868993863,0.11759726984571758,19031700000.0,19131800000.0,True,5.27314320573433,3.782660544988373,0.003801069351472614,1.4987186832039547,0.707461066861123,False,870000000.0,571900000.0,-0.023783437834287047,2.8749113824340293,215000000.0,unchecked,,0.0,general_dcf,0.16558175428519206,0.2414684591550989,True,0.0475,0.07559643624344582,0.05404889579586089,0.05928467244649281,85,1.0
DAL,"Delta Air Lines, Inc.",NYSE,common_stock,False,2007-05-03,Industrials,"Airlines, Airports & Air Services",US,657623000.0,1.288,57502555120.0,2026-07-31,fmp:company-screener,2026-08-01T02:02:06.715478+00:00,87.44,2026-07-31,57502555120.0,605273232.726129,True,8,2025,ttm,2026-07-10,discrete,ok,68287000000.0,0.05199235309385486,0.4311818222269391,0.27324380921698127,0.08077672177720503,5516000000.0,0.0,0.09349638415522864,6384587584.808098,4877373742.228667,2089485576.8199277,3.1803433437137407,0.2742525363246239,0.23607066589011844,0.11347644226181147,0.2925212432198165,15319000000.0,19984000000.0,True,8.853932584269662,2.2694814814814817,0.0,-0.3723680457398617,-0.3375413197435142,False,502000000.0,0.0,0.008252049186159294,1.6667332667332668,657000000.0,unchecked,,0.0,general_dcf,0.1368995265800934,0.011117788467130454,True,0.0475,0.09535439593086459,0.0477455833818676,0.018122046330946884,21,1.0
OXY,Occidental Petroleum Corporation,NYSE,common_stock,False,1981-12-31,Energy,Oil & Gas Exploration & Production,US,994634700.9987735,0.15,56763802386.0,2026-07-31,fmp:company-screener,2026-08-01T02:02:06.715478+00:00,57.07,2026-07-31,56763802386.0,576267725.2625806,True,8,2025,ttm,2026-05-05,discrete,ok,23184000000.0,0.047826061550417354,0.2758995208984691,0.26233609385783296,0.12392167011732229,2873000000.0,0.0,0.18189802822830284,4217123886.444973,3080356784.996981,4209437197.079229,4.2090162954496835,0.12989415034215063,0.2695598071239695,0.04131663793772317,-0.06896704238775772,11860000000.0,15671000000.0,True,2.8333333333333335,0.9450199203187251,0.0,-0.9157573667588293,-0.19250402647424586,False,1453000000.0,56000000.0,-0.0006324691278082328,3.75911929017417,1000100000.0,unchecked,,0.0,general_dcf,-0.030819970928354423,0.06770833335763184,True,0.0475,0.07064234632257405,0.06391351687665266,-0.029325708384850872,87,1.0
AME,"AMETEK, Inc.",NYSE,common_stock,False,1984-07-19,Industrials,Electrical Equipment & Parts,US,229203000.0,0.99,55400657130.0,2026-07-31,fmp:company-screener,2026-08-01T02:02:06.715478+00:00,241.71,2026-07-31,55400657130.0,269134291.4658064,True,8,2025,ttm,2026-04-30,discrete,ok,7597582000.0,0.062368142586528785,0.09325405492545903,0.3655832868931194,0.2616589067416449,1987975000.0,0.0,0.23996926366993981,1823186158.2119887,1477716628.3248339,1548977770.7358282,6.7395208333623176,0.014771475838449687,0.18948670070310275,0.12772128848845107,0.15542265014439383,1696299000.0,2177549000.0,True,23.902548996032223,0.7038871290201842,0.006895513442959266,0.9761851130646221,0.23906518539343885,False,291686000.0,443972000.0,-0.002454884771549426,1.321437600709114,229835000.0,unchecked,,0.0,general_dcf,0.09041193658623259,0.02996254685525855,True,0.0475,0.09524735810197021,0.05065708120605608,0.03247393038648086,92,1.0
KEYS,"Keysight Technologies, Inc.",NYSE,common_stock,False,2014-10-20,Technology,"Hardware, Equipment & Parts",US,170895367.99862105,1.214,54529294021.0,2026-07-31,fmp:company-screener,2026-08-01T02:02:06.715478+00:00,319.08,2026-07-31,54529294021.0,567844977.5451614,True,8,2025,ttm,2026-06-04,discrete,ok,6088000000.0,0.047738618867254834,0.08188570807881246,0.6366622864651774,0.1816688567674113,1106000000.0,0.0,0.1788043833986215,1088561086.1308076,896882787.1274854,1145074084.4431605,6.618925343602084,0.10479865369414479,0.17608409986859397,0.13645567318738172,-0.033775434415324726,347000000.0,2759000000.0,True,10.054545454545455,0.2689922480620155,0.027515565374573208,0.07243551594189011,0.22172066585359373,False,0.0,440000000.0,-0.016762942620847432,1.66548463356974,173000000.0,unchecked,,0.0,general_dcf,0.2922500515920048,0.007225433432089413,True,0.0475,0.1054690790562948,0.05149474375821288,0.030986594131086925,57,1.0
CAH,"Cardinal Health, Inc.",NYSE,common_stock,False,1983-08-04,Healthcare,Medical - Distribution,US,234206000.0,0.493,53874406180.0,2026-07-31,fmp:company-screener,2026-08-01T02:02:06.715478+00:00,230.03,2026-07-31,53874406180.0,514848696.5012904,True,8,2025,ttm,2026-04-30,discrete,ok,250549000000.0,0.0720014350924516,0.04688898240611325,0.036839101333471694,0.009227735891981208,2312000000.0,0.0,0.0032869369312651603,823538761.1915547,615008241.9369583,3224559263.3935723,13.663386709294798,0.011621396228645933,0.25321275583055686,0.8041789047600153,,4979000000.0,8916000000.0,True,6.740524781341108,1.538627935723115,0.0005334461946770006,0.5940798960716048,0.422406955460073,False,491000000.0,243000000.0,-0.05426542517926303,4.415492957746479,236000000.0,unchecked,,0.0,general_dcf,0.1460551926899969,0.009249141428701467,True,0.0475,0.0688328345491748,0.0466742027605902,0.7353460702108405,92,1.0
ROK,"Rockwell Automation, Inc.",NYSE,common_stock,False,1981-12-31,Industrials,Industrial - Machinery,US,111274000.0,1.54,53420421920.0,2026-07-31,fmp:company-screener,2026-08-01T02:02:06.715478+00:00,480.08,2026-07-31,53420421920.0,344636474.36419356,True,8,2025,ttm,2026-05-05,discrete,ok,8804000000.0,0.03261237098756298,0.08663139004917314,0.525329395729214,0.19082235347569287,1680000000.0,0.0,0.17226625135061094,1516632076.8907788,1268575941.059597,1329531824.2392669,11.807565046529902,0.02861729807908172,0.16355722631141853,0.19645237799480172,0.804075570656804,3631000000.0,4054000000.0,True,11.586206896551724,1.81187624750499,0.010189403020858308,0.7383245996948123,-0.12367030293016666,False,603000000.0,792000000.0,-0.011850827048212609,0.9907741098457546,112600000.0,unchecked,,0.0,general_dcf,0.09052804274745285,0.023411371308637453,True,0.0475,0.11940574585292575,0.05227767335553634,0.07704663214187597,87,1.0
CIEN,Ciena Corporation,NYSE,common_stock,False,1997-02-07,Technology,Communication Equipment,US,141552921.9997348,1.274,53372529240.0,2026-07-31,fmp:company-screener,2026-08-01T02:02:06.715478+00:00,377.05,2026-07-31,53372529240.00001,1350000495.1035483,True,8,2025,ttm,2026-06-04,discrete,ok,5569150000.0,0.06376260613059448,0.10483870485559295,0.4304664086979162,0.11184507510122729,622882000.0,0.0,0.08102395252304644,451234545.19372404,356824752.97790587,380318610.38781524,2.5993316455555533,0.030748725917739833,0.2092255418416295,0.15063105331717072,-0.18621580215313555,377746000.0,1580580000.0,True,7.162115236463568,0.46823469621751607,0.038688484994361054,1.3028232559465125,1.1459544990624002,False,0.0,364557000.0,-0.01304564321384205,6.128591166801658,146314000.0,unchecked,,0.0,general_dcf,0.34463290801227187,0.015847860631707556,True,0.0475,0.10942316054481448,0.04942340363489815,0.041207892772356244,57,1.0
CTVA,"Corteva, Inc.",NYSE,common_stock,False,2019-05-24,Basic Materials,Agricultural Inputs,US,668820000.0,0.558,52642822200.0,2026-07-31,fmp:company-screener,2026-08-01T02:02:06.715478+00:00,78.71,2026-07-31,52642822199.99999,349650445.57580644,True,8,2025,ttm,2026-07-31,discrete,ok,17812000000.0,0.028568710822397314,0.05372786432081418,0.4669324051201437,0.16797664495845496,2992000000.0,0.0,0.09729096702649447,1732946704.6759195,1411810897.139174,1422351308.9502664,2.11785483762696,0.054606805619492924,0.1853119929598768,0.08809666113932736,4.51371823474996,2510000000.0,4875000000.0,True,17.097142857142856,0.5928200283419934,0.0,1.4744704182738815,-0.6419097342216283,False,484000000.0,1051000000.0,-0.02495625811527946,2.4068027210884355,671600000.0,unchecked,,0.0,general_dcf,0.035198272975938805,0.04214559386179678,True,0.0475,0.07332499536161224,0.0509180004400077,0.014771665777715118,0,1.0
LHX,"L3Harris Technologies, Inc.",NYSE,common_stock,False,1981-12-31,Industrials,Aerospace & Defense,US,186295000.0,0.746,51614892700.0,2026-07-31,fmp:company-screener,2026-08-01T02:02:06.715478+00:00,277.06,2026-07-31,51614892700.0,403639484.816129,True,8,2025,annual,2026-02-12,annual,annual_anchor,21865000000.0,0.18155465427374273,,0.25726046192545166,0.09833066544706151,2150000000.0,0.0,0.09833066544706151,2150000000.0,1791948153.9670072,2383564303.35691,12.651615198285086,0.04502566777701068,0.16653574234092694,0.06010425149148075,0.009203348926480491,10179000000.0,11248000000.0,True,3.6013400335008376,3.0168938944872554,0.01647870642154591,-0.28575584286182576,-0.24321993012416113,False,903000000.0,1154000000.0,-0.00886386569168962,1.7082314588427059,188400000.0,unchecked,,0.0,general_dcf,0.03214345049243583,0.015020482458031491,True,0.0475,0.08267577580546273,0.0729281225451689,-0.022571524313981982,169,0.7
CARR,Carrier Global Corporation,NYSE,common_stock,False,2020-03-19,Industrials,Industrial - Machinery,US,824325056.9972496,1.309,50951531773.0,2026-07-31,fmp:company-screener,2026-08-01T02:02:06.715478+00:00,61.81,2026-07-31,50951531773.0,445342065.67419356,True,8,2025,ttm,2026-07-28,discrete,ok,22108000000.0,0.020139172074632672,0.12113829668187043,0.2434412882214583,0.07051745974307942,1559000000.0,0.0,0.11922563929220478,2635840433.4720635,1924279573.3960626,1836038161.6447551,2.186801050077126,0.0354287337951606,0.2699559696558326,0.04703635340358544,-0.049360741584424696,11050000000.0,12394000000.0,True,4.667664670658683,3.888106966924701,0.003746504142261622,-1.6197952309700683,0.20095288276424392,False,782000000.0,2009000000.0,-0.00843131459065094,1.4076819407008085,839600000.0,unchecked,,0.0,general_dcf,0.0538904872344268,0.07034913651434374,True,0.0475,0.09977792740639213,0.045627751896510464,-0.05274157400280669,3,1.0
EW,Edwards Lifesciences Corporation,NYSE,common_stock,False,2000-03-27,Healthcare,Medical - Devices,US,575800000.0,0.855,49559106000.0,2026-07-31,fmp:company-screener,2026-08-01T02:02:06.715478+00:00,86.07,2026-07-31,49559105999.99999,433890900.5325807,True,8,2025,annual,2026-02-25,annual,annual_anchor,6067600000.0,0.07227640149460335,0.08586647966620127,0.7813138638011734,0.2696618102709473,1636200000.0,0.0,0.28914920347335843,1754441706.9949496,1567089022.0796657,966359644.8754514,1.649640909654236,0.01924841037142041,0.10678763743948266,0.21441185229622348,0.01311753128077258,-3521400000.0,705400000.0,True,,-1.964190093708166,0.027824351297405188,-1.1153259823345494,0.49223673184432104,False,0.0,893400000.0,-0.020941743226847942,0.6387621220764403,585800000.0,unchecked,,0.0,general_dcf,0.11932829490346153,0.019259259184148975,True,0.0475,0.09008027685675736,0.07815608172404526,0.12433157543946612,156,0.6499999999999999
AZO,"AutoZone, Inc.",NYSE,common_stock,False,1991-04-02,Consumer Cyclical,Specialty Retail,US,16325399.000082884,0.335,49241484734.0,2026-07-31,fmp:company-screener,2026-08-01T02:02:06.715478+00:00,3016.25,2026-07-31,49241484734.0,1118396516.6806452,True,8,2025,ttm,2026-06-12,discrete,ok,19986404000.0,0.07764003168086742,0.04029851244844733,0.5175387228237756,0.1802466316602026,3602482000.0,0.0,0.19519689421872288,3901283987.40066,3107756266.465562,2687299418.068332,159.46471742631925,0.013008832405454676,0.20340168095883948,0.2991518828607477,0.1586407035521743,12377442000.0,12631171000.0,True,7.631536356164151,2.902763589288981,0.0057460497597979655,-1.4950262558520278,-1.173133207035823,False,0.0,1765283000.0,-0.06675336159101442,1.163090396950514,16852000.0,unchecked,,0.0,general_dcf,0.08129945048930476,0.01074218749098293,True,0.0475,0.06786327001057174,0.04978739494007253,0.23128861285017593,49,1.0
WAB,Westinghouse Air Brake Technologies Corporation,NYSE,common_stock,False,1995-06-16,Industrials,Railroads,US,168911000.0,0.937,49129453460.0,2026-07-31,fmp:company-screener,2026-08-01T02:02:06.715478+00:00,290.86,2026-07-31,49129453460.0,253778346.6564516,True,8,2025,ttm,2026-07-22,discrete,ok,11980000000.0,0.143668657691588,0.29558194173108476,0.343322203672788,0.16535893155258766,1981000000.0,0.0,0.11644795394000608,1395046488.2012727,1050525797.4225086,1206638460.5439258,7.093700532298212,0.02679308300933903,0.24696000720590883,0.08519544407339204,0.3547289909129661,6266000000.0,6936000000.0,True,7.100358422939068,2.863802559414991,0.006354096466737268,2.047254697728675,1.7232278778826784,False,192000000.0,384000000.0,-0.02371629475578585,1.5034188034188034,170100000.0,unchecked,,0.0,general_dcf,0.13030469374737486,0.011244979890971736,True,0.0475,0.08850025219839253,0.0470649995496307,-0.0033048081250004885,9,1.0
XYZ,"Block, Inc.",NYSE,common_stock,False,2015-11-19,Technology,Software - Infrastructure,US,595180986.0044314,2.541,48352503303.0,2026-07-31,fmp:company-screener,2026-08-01T02:02:06.715478+00:00,81.24,2026-07-31,48352503303.0,426888228.04580647,True,8,2025,ttm,2026-05-07,discrete,ok,24478734000.0,0.32932929414529255,0.38221870368139366,0.4485348384438509,0.11744055064285595,2874796000.0,0.0,0.007378305230987299,180611571.12014663,162550414.00813198,-129711198.72583474,-0.21705863043283266,0.04415121062110423,0.1,0.15598853072854496,0.13986343940496004,-5128757000.0,8133391000.0,True,17.389807337507182,-1.7260301310687356,0.052766311653143834,7.651816616726805,1.5267347073971553,True,0.0,2521351000.0,0.010617238990048072,1.9758294042137319,597586000.0,unchecked,,0.0,general_dcf,0.0673319044159022,0.06006120884939616,True,0.0475,0.14,0.05625,0.015988530728544947,85,0.85
CMG,"Chipotle Mexican Grill, Inc.",NYSE,common_stock,False,2006-01-26,Consumer Cyclical,Restaurants,US,1282730000.0,0.964,47768865200.0,2026-07-31,fmp:company-screener,2026-08-01T02:02:06.715478+00:00,37.22,2026-07-31,47743210600.0,596592779.2335484,True,8,2025,ttm,2026-07-31,discrete,ok,12423759000.0,0.13665429055320644,0.06196376879621379,0.4750811730974498,0.15375555820102435,1910222000.0,0.0,0.12052278617695131,1497346049.4709744,1143383284.5807707,1082553278.390024,0.8388881488877812,0.04696294522218476,0.23639342756823778,0.21014706164612185,0.13387818191996204,4741339000.0,5419196000.0,True,,2.0718171303123936,0.011643248325747205,0.5019708188955421,0.7976241825856879,False,0.0,2784266000.0,-0.027509131783148733,1.3764680832499328,1290462000.0,unchecked,,0.0,general_dcf,0.09367762482530728,0.02010827531128832,True,0.0475,0.09275561937546659,0.06681557508777919,0.11739144227065526,0,0.95
HUM,Humana Inc.,NYSE,common_stock,False,1981-12-31,Healthcare,Medical - Healthcare Plans,US,120061999.99999999,0.717,43668950640.0,2026-07-31,fmp:company-screener,2026-08-01T02:02:06.715478+00:00,363.86,2026-07-31,43685759320.0,547434525.4932258,True,8,2025,ttm,2026-07-29,discrete,ok,145679000000.0,0.12474239016717803,0.03285302609422392,0.13653306241805613,0.0138798316847315,2022000000.0,0.0,0.03738824841318843,5446682640.584877,4265598268.3780565,3738976411.8580236,30.927981039911522,0.016070364352764308,0.21684472001474883,0.16514130525916965,-3.1877500630455566,-9624000000.0,14247000000.0,True,2.872159090909091,-3.458138699245419,0.0017570515486669326,-1.4253786420142798,-2.0507808525471227,False,323000000.0,150000000.0,-0.016535467597649012,1.5994375251104862,120893000.0,unchecked,,0.0,general_dcf,0.25743778400334194,0.025153751536819854,True,0.0475,0.07970445832360906,0.06852608699870948,0.08543684693556058,2,1.0
CBRE,"CBRE Group, Inc.",NYSE,common_stock,False,2004-06-10,Real Estate,Real Estate - Services,US,292817000.0,1.205,42512549499.0,2026-07-31,fmp:company-screener,2026-08-01T02:02:06.715478+00:00,146.81,2026-07-31,42988463770.0,324440854.89387095,True,8,2025,ttm,2026-07-29,discrete,ok,43640000000.0,0.09604354201767173,0.05447179177658017,0.17658111824014666,0.03609074243813016,1575000000.0,0.0,0.04487385041355632,1958294832.047598,1571882035.2250075,1894934029.0630677,6.380519858892964,0.008863178347580797,0.19732105222304863,0.07229894445549002,-0.04102788275435944,9088000000.0,10577000000.0,True,8.035714285714286,3.8378378378378377,0.0,-0.8485393540594863,-1.5856234332409962,False,0.0,548000000.0,-0.03226693695322658,1.3474503025064823,296987404.0,unchecked,,0.0,general_dcf,0.14521883592921347,0.05281090289637574,True,0.0475,0.09637978577576874,0.05016743423605946,-0.024080841320278712,2,1.0
YUM,"Yum! Brands, Inc.",NYSE,common_stock,False,1997-09-17,Consumer Cyclical,Restaurants,US,275621202.00287056,0.56,42247217843.0,2026-07-31,fmp:company-screener,2026-08-01T02:02:06.715478+00:00,153.28,2026-07-31,42247217843.0,383720545.946129,True,8,2025,annual,2026-02-20,annual,annual_anchor,8214000000.0,0.05389975012472825,0.05487168140584345,0.4616508400292184,0.3080107134161188,2530000000.0,0.0,0.32226093622302104,2647051330.135895,2272410222.0271964,1503058526.6140902,5.406685347532698,0.036086828498912676,0.14153148593815337,0.5603522550506893,0.5520743240101674,11201000000.0,11910000000.0,True,5.06,4.093932748538012,0.009140283481255795,-1.6867779901013624,1.4572928164429932,False,789000000.0,552000000.0,-0.01398785114024148,1.136608344549125,278000000.0,unchecked,,0.0,general_dcf,0.10852709833230367,0.031763417283055415,True,0.0475,0.07069579272702906,0.053654282128865416,0.4896564623236602,161,0.7
SYY,Sysco Corporation,NYSE,common_stock,False,1973-05-08,Consumer Defensive,Food Distribution,US,478183000.0,0.641,40760318920.0,2026-07-31,fmp:company-screener,2026-08-01T02:02:06.715478+00:00,85.24,2026-07-31,40760318920.0,268667239.7716129,True,8,2025,ttm,2026-04-29,discrete,ok,83567000000.0,0.04768810912481891,0.13269100489465915,0.18537221630547943,0.03588737180944631,2999000000.0,0.0,0.03835616996896853,3205310055.7967935,2462960733.602422,2060768886.2116497,4.282663691884931,0.008453092969198762,0.2315998481494278,0.14470530960124747,0.2579916819709189,13628000000.0,15528000000.0,True,4.41678939617084,3.3451153657339225,0.0012577792335407795,-0.2468798159522223,-0.30065458969631004,False,1026000000.0,750000000.0,-0.021751722499201764,1.5289002557544757,481188586.0,unchecked,,0.0,general_dcf,0.038077923662050095,0.0035545023702159588,True,0.0475,0.07085334566706901,0.04802500949066076,0.07385196393417846,93,1.0
LYV,"Live Nation Entertainment, Inc.",NYSE,common_stock,False,2005-12-21,Communication Services,Entertainment,US,232713000.0,1.1073897,40522314690.0,2026-07-31,fmp:company-screener,2026-08-01T02:02:06.715478+00:00,174.13,2026-07-31,40522314690.0,449208126.08516127,True,8,2025,annual,2026-02-19,annual,annual_anchor,25201406000.0,0.12886419341228894,1.0160798180394461,0.23011327225155612,0.058882548061008975,1483923000.0,0.0,0.031868649483831786,803134774.3137352,583358747.2412666,939249593.1463379,4.051208475456752,0.30406959723036875,0.2736477539031521,0.1922885891404657,0.38241129362642984,5334374000.0,12441360000.0,True,4.695468511199779,2.512901151547841,0.005102410566569146,1.368768644811908,-0.38162961647789007,False,0.0,23531000.0,0.0004135991233107372,2.447461181950572,231844300.0,unchecked,,0.0,general_dcf,0.1150626932028882,0.0306970025241409,True,0.0475,0.08936899265683207,0.045397015381052994,0.10291959648363364,162,0.7
ED,"Consolidated Edison, Inc.",NYSE,common_stock,False,2001-02-15,Utilities,Regulated Electric,US,368530000.0,0.264,40114490500.0,2026-07-31,fmp:company-screener,2026-08-01T02:02:06.715478+00:00,108.85,2026-07-31,40114490500.0,278169837.31225806,True,8,2025,ttm,2026-05-07,discrete,ok,17215000000.0,0.04619218097214417,0.07277422485783114,0.6501306999709555,0.1732791170490851,2983000000.0,0.0,0.19193011684904407,3304076961.5562935,2754479980.5835114,-1212519577.4833367,-3.3274412115349525,0.02119341923706897,0.16633903730677924,0.047254411350166795,0.01581143566133083,27030000000.0,27177000000.0,True,1.4070754716981133,5.088478915662651,0.0,-0.660638430802199,0.3314691980377932,False,1192000000.0,0.0,0.00799290411037279,1.9857142857142858,364400000.0,unchecked,,0.0,general_dcf,0.07529886947872066,0.04065499717005749,True,0.0475,0.07267985704332772,0.07294533423565681,-0.025425445693160922,85,1.0
DHI,"D.R. Horton, Inc.",NYSE,common_stock,False,1992-06-05,Consumer Cyclical,Residential Construction,US,279701266.99986017,1.361,40014063257.0,2026-07-31,fmp:company-screener,2026-08-01T02:02:06.715478+00:00,143.06,2026-07-31,40014063257.0,363701407.5880645,True,8,2025,ttm,2026-07-23,discrete,ok,33349900000.0,0.11418597975037237,0.12907903008868887,0.22611462103334642,0.11639015409341558,3881600000.0,0.0,0.15579730005557357,5195824377.123373,3971255279.8584304,1427566990.4239218,4.949954890512905,0.036238577538199424,0.23568331190264669,0.10256985992859616,-0.07310092748107339,5104900000.0,7183600000.0,True,42.514786418400874,1.2782062196404427,0.003209117044460265,-0.9589162653339124,1.0742402467893464,False,506700000.0,2939400000.0,-0.0667373579426046,0.9069473418041596,288400000.0,unchecked,,0.0,general_dcf,-0.036679041899765785,0.04577144589891058,True,0.0475,0.10523368640815546,0.04776979300608458,-0.002663826479559303,8,1.0
A,"Agilent Technologies, Inc.",NYSE,common_stock,False,1999-11-18,Healthcare,Medical - Diagnostics & Research,US,282432000.0,1.255,39080115840.0,2026-07-31,fmp:company-screener,2026-08-01T02:02:06.715478+00:00,138.37,2026-07-31,39080115840.0,335525874.0809677,True,8,2025,ttm,2026-06-01,discrete,ok,7232000000.0,0.05072541423244137,0.06724693881028983,0.5300055309734514,0.215016592920354,1555000000.0,0.0,0.20521881264522696,1484142453.0502813,1293894033.0739899,1173511484.5771441,4.132082692173043,0.024375000769822838,0.12818743887103534,0.1563631525438916,0.06527467842826057,1548000000.0,3355000000.0,True,14.80952380952381,0.8449781659388647,0.018422567645365574,0.29892582297897613,-0.5281054368042426,False,285000000.0,387000000.0,-0.01810353813094956,1.3584173778122575,284000000.0,unchecked,,0.0,general_dcf,0.07618486449890871,0.014824797866832953,True,0.0475,0.10584137403339133,0.05448828507056029,0.05052177851050027,60,1.0
IQV,IQVIA Holdings Inc.,NYSE,common_stock,False,2013-05-09,Healthcare,Medical - Diagnostics & Research,US,164600000.0,1.2,38684292000.0,2026-07-31,fmp:company-screener,2026-08-01T02:02:06.715478+00:00,235.02,2026-07-31,38684292000.0,314976081.6429032,True,8,2025,ttm,2026-07-28,discrete,ok,16983000000.0,0.06621720428944555,0.06411510864467027,0.26232114467408585,0.13572395925337102,2305000000.0,0.0,0.11262374556294646,1912689070.8955197,1578577321.6680245,1753226504.3954728,10.39873371527564,0.031290308310604475,0.17468168470846354,0.0935647608079378,0.2088408077754411,14161000000.0,16241000000.0,True,2.9896238651102465,4.0599197247706424,0.014482114255205552,0.5380710979277414,0.254753654023413,False,0.0,130000000.0,-0.04005822610346421,1.951470588235294,168600000.0,unchecked,,0.0,general_dcf,0.07512415386092641,0.011008111284278059,True,0.0475,0.09706659240667961,0.07221535258800943,-0.003501831598741817,3,1.0
PEG,Public Service Enterprise Group Incorporated,NYSE,common_stock,False,1980-01-02,Utilities,Regulated Electric,US,498321401.9953051,0.527,38211285105.0,2026-07-31,fmp:company-screener,2026-08-01T02:02:06.715478+00:00,76.68,2026-07-31,38211285105.0,255257945.5354839,True,8,2025,ttm,2026-05-05,discrete,ok,12794000000.0,0.0329742925901062,0.08975803451442894,0.7964670939502893,0.25465061747694234,3258000000.0,0.0,0.23252653674492513,2974944511.114572,2582862080.6753693,-601508387.84201,-1.20301677568402,0.11598719137581072,0.1317948717948718,0.08395750519997351,0.4178713766367468,16388000000.0,16792000000.0,True,3.284274193548387,3.7970342910101946,0.0,0.5731679612906748,-0.21669903113470207,False,1278000000.0,0.0,-0.0006657791581933248,1.2037246049661399,500000000.0,unchecked,,0.0,general_dcf,0.06513292870126808,0.08339889852390492,True,0.0475,0.07449659037735479,0.07596794871794871,0.009460914822618724,87,1.0
ADM,Archer-Daniels-Midland Company,NYSE,common_stock,False,1980-03-17,Consumer Defensive,Agricultural Farm Products,US,481957000.0,0.609,38204731390.0,2026-07-31,fmp:company-screener,2026-08-01T02:02:06.715478+00:00,79.27,2026-07-31,38204731390.0,308216199.21225804,True,8,2025,ttm,2026-05-05,discrete,ok,80606000000.0,0.03210258008547795,0.14512973299023046,0.058308314517529714,0.01519737984765402,1225000000.0,0.0,0.029387294404086977,2368792252.735835,2000574917.0828896,1341782773.142847,2.772278456906709,0.008205005961379526,0.155445178963108,0.03150652178244641,,10033000000.0,10657000000.0,True,2.03150912106136,4.159618573797678,0.0010340230973352104,-1.4189914556432957,0.6934104373593473,False,994000000.0,0.0,-0.04914931813618828,1.55,484000000.0,unchecked,,0.0,general_dcf,0.03319861036026883,0.08759469696899029,True,0.0475,0.07706635680746267,0.07389854684072805,-0.04555983502501626,87,1.0
CCL,Carnival Corporation & plc,NYSE,common_stock,False,1987-07-24,Consumer Cyclical,Travel Services,US,1369649118.9859762,2.322,38089941999.0,2026-07-31,fmp:company-screener,2026-08-01T02:02:06.715478+00:00,27.81,2026-07-31,38089941999.0,642770583.0090322,True,8,2025,ttm,2026-06-26,discrete,ok,27311000000.0,0.05031559217653592,1.9578577402819028,0.344256892827066,0.16341400900735967,4463000000.0,0.0,0.11671246308243946,3187534079.244504,2868780671.3200536,596989394.711249,0.43010763307726874,1.3002989475891424,0.1,0.10886841035370647,14.15054347826087,23927000000.0,26170000000.0,True,3.759898904802022,3.266038766038766,0.0024779185484193277,0.5671446868861416,0.3545622974823934,False,414000000.0,0.0,0.05560754639383081,2.6721173338174333,1388000000.0,unchecked,,0.0,general_dcf,0.0364677372068678,0.015913200728761064,True,0.0475,0.12904465446242458,0.07875,-0.020176244108718114,35,1.0
KVUE,Kenvue Inc.,NYSE,common_stock,False,2023-05-04,Consumer Defensive,Household & Personal Products,US,1920008667.9833682,0.437,36940966772.0,2026-07-31,fmp:company-screener,2026-08-01T02:02:06.715478+00:00,19.24,2026-07-31,36940966772.0,387195203.29419357,True,7,2025,ttm,2026-05-07,discrete,ok,15292000000.0,0.009098884434247001,0.021688493518262925,0.5837038974627257,0.1962464033481559,3001000000.0,0.0,0.16265216265216265,2487276871.276871,1819794829.526494,2059049899.665552,1.0713058791183934,0.08374496383322291,0.2683585609058946,0.12068022198095033,,7586000000.0,8661000000.0,True,7.636132315521628,2.1279102384291724,0.012173012173012173,0.7235549654634889,-0.3545411433602765,False,6000000.0,134000000.0,0.0012354431745782435,1.7174757281553399,1922000000.0,unchecked,,0.0,general_dcf,0.04145207965250686,0.01410256412773409,True,0.0475,0.06741522274335884,0.04572758994338159,0.05326499923759148,85,0.95
WEC,"WEC Energy Group, Inc.",NYSE,common_stock,False,1980-03-17,Utilities,Regulated Electric,US,325726000.0,0.46,35640938920.0,2026-07-31,fmp:company-screener,2026-08-01T02:02:06.715478+00:00,109.42,2026-07-31,35640938920.0,237442762.93419355,True,8,2025,ttm,2026-07-29,discrete,ok,10137400000.0,0.03544783221141867,0.09447910658913836,0.61997159034861,0.24121569633239293,2445300000.0,0.0,0.21038385074284094,2132745248.5204756,1848218520.80588,27109649.07230131,0.08242520240894287,0.020403133310763318,0.13340867968735465,0.05717249762739951,0.06076045036824309,22929700000.0,22979700000.0,True,2.6909871244635193,5.7907669772962596,0.0,1.4309589671125285,0.8689703648785992,False,1199400000.0,0.0,0.013319637794669381,2.168506160164271,328900000.0,unchecked,,0.0,general_dcf,0.08881708367311791,0.017159199179926973,True,0.0475,0.07380410552844403,0.07582674052735647,-0.016631607901044523,2,1.0
HSY,The Hershey Company,NYSE,common_stock,False,1980-03-17,Consumer Defensive,Food Confectioners,US,202843373.0019994,0.098,35507732444.0,2026-07-31,fmp:company-screener,2026-08-01T02:02:06.715478+00:00,175.05,2026-07-31,35507732444.0,382413264.723871,True,8,2025,ttm,2026-07-30,discrete,ok,12163912000.0,0.05971136737461946,0.051176926755264175,0.38108176053887927,0.17578695077701975,2138257000.0,0.0,0.21786215855119656,2650056124.7468023,2230855222.26686,1971069024.5089498,9.649112328951118,0.037391006850352106,0.15818566956576996,0.1918551762405282,-0.4027921326222956,4819467000.0,5610680000.0,True,10.232069711354415,1.806628510851091,0.005598424162477114,-2.6464392712655167,0.2757599462458474,False,1116863000.0,439354000.0,-0.003725755580062051,1.247828027588548,204274648.0,unchecked,,0.0,general_dcf,0.06061346045104066,0.0073529411393589246,True,0.0475,0.0697864377136541,0.05261339565213938,0.1220687385268741,1,1.0
EME,"EMCOR Group, Inc.",NYSE,common_stock,False,1995-01-10,Industrials,Engineering & Construction,US,44440300.0,1.1260599,35438028429.0,2026-07-31,fmp:company-screener,2026-08-01T02:02:06.715478+00:00,797.43,2026-07-31,35438028429.0,369235173.2580645,True,8,2025,ttm,2026-07-30,discrete,ok,18601353000.0,0.11102584323305242,0.0649897402741946,0.19661150455023352,0.10152578686077297,1888517000.0,0.0,0.05229815894925574,972816515.8652151,704669051.8177589,963422753.1218227,21.385158001416677,0.021966643563700417,0.27564032854537623,0.33266326107609834,0.5760422920959553,33256000.0,957667000.0,True,249.7377677862999,0.015887772778477933,0.0010918810036467824,3.3165121182042503,0.3380088938711724,True,57969000.0,0.0,-0.035021816601687794,1.3979059619022087,45051000.0,unchecked,,0.0,general_dcf,0.1567167696731835,0.01629863305205424,True,0.0475,0.10226290234455596,0.045272479465913985,0.23040035873154238,1,0.85
KR,The Kroger Co.,NYSE,common_stock,False,1977-01-02,Consumer Defensive,Grocery Stores,US,612647000.0,0.435,35374237780.0,2026-07-31,fmp:company-screener,2026-08-01T02:02:06.715478+00:00,57.74,2026-07-31,35374237780.0,510919187.83677423,True,8,2025,ttm,2026-06-26,discrete,ok,148645000000.0,0.027805735425239453,0.036195693322189665,0.23184769080695616,0.013286689764203304,1975000000.0,0.0,0.021216851165038214,3153778841.4271054,2442189240.3765407,2182740217.5014987,3.5491710853682905,0.004494223145503821,0.2256307866941507,0.05638680073292233,,20651000000.0,23524000000.0,True,2.6228419654714474,3.627437203583348,0.0011463686108278514,-0.793016140083491,0.48880306889243563,False,889000000.0,2731000000.0,-0.054241539698790975,3.1367837338262476,615000000.0,unchecked,,0.0,general_dcf,0.0032488641205854485,0.01011940902616954,True,0.0475,0.0706057645526062,0.0677573061642618,-0.01421896381968387,35,1.0
VMC,Vulcan Materials Company,NYSE,common_stock,False,1957-01-02,Basic Materials,Construction Materials,US,129755000.0,1.05,34848300350.0,2026-07-31,fmp:company-screener,2026-08-01T02:02:06.715478+00:00,268.57,2026-07-31,34848300350.0,338645215.3261291,True,8,2025,ttm,2026-07-29,discrete,ok,8107500000.0,0.0884530894949942,0.11114472344144034,0.2742769041011409,0.19922294172062904,1615200000.0,0.0,0.18273980107251592,1481562937.195423,1167503948.1134915,795316210.2072654,6.080399160606005,0.019280995665213622,0.21197816251832036,0.09674770993466167,0.1569505195752272,4691300000.0,4885500000.0,True,3.5006501950585176,2.0050861221524126,0.007954316256555063,1.6483140648113126,2.232467213039169,False,264500000.0,796200000.0,-0.007035408844563884,1.6468066866695241,130800000.0,unchecked,,0.0,general_dcf,0.022227095180783474,0.06471306477161093,True,0.0475,0.09618245829621393,0.06895191077964696,0.0005652516384477418,2,1.0
VEEV,Veeva Systems Inc.,NYSE,common_stock,False,2013-10-16,Technology,Software - Application,US,162443291.00009814,0.941,33102693840.0,2026-07-31,fmp:company-screener,2026-08-01T02:02:06.715478+00:00,203.78,2026-07-31,33102693840.0,420533765.8196774,True,8,2026,ttm,2026-06-05,discrete,ok,3319216000.0,0.2057893393406618,0.07638060547510625,0.7495040997633176,0.2879442012812664,955749000.0,0.0,0.2581749952379913,856938574.9938645,771244717.4944781,1236093465.7340689,7.446839644398538,0.03183830317958079,0.1,9.082956009376781,2.3158502216989403,-7209652000.0,103067000.0,True,,-7.174425570449095,0.0,1.8777794962899923,4.06367662342414,False,0.0,396896000.0,0.007236486671113429,1.5570642068596752,165989000.0,unchecked,,0.0,general_dcf,0.16257418884445496,0.033677185269406565,True,0.0475,0.0945009585518053,0.07875,8.988455050824976,56,0.95
JBL,Jabil Inc.,NYSE,common_stock,False,1993-05-03,Technology,"Hardware, Equipment & Parts",US,104787088.99857165,1.279,33013172389.0,2026-07-31,fmp:company-screener,2026-08-01T02:02:06.715478+00:00,315.05,2026-07-31,33013172389.0,461568633.65225804,True,8,2025,ttm,2026-06-30,discrete,ok,33590000000.0,0.0436702842341532,0.09771243747034927,0.09225960107174755,0.0432271509377791,1452000000.0,0.0,0.037843518287798666,1271163779.2871573,880105865.9803233,216440144.4818969,2.0323018261210977,0.014733751476034012,0.3076377093800857,0.260780816077851,,2532000000.0,3892000000.0,True,4.683870967741935,1.1782224290367613,0.0030813973617698992,0.4384418883934641,0.6159876057628452,False,35000000.0,908000000.0,-0.09650142586031651,2.119804400977995,106500000.0,unchecked,,0.0,general_dcf,0.20219582686577353,0.001715756389983641,True,0.0475,0.10426005193500205,0.04327264316374464,0.15652076414284893,31,1.0
IR,Ingersoll Rand Inc.,NYSE,common_stock,False,2017-05-12,Industrials,Industrial - Machinery,US,391337000.0,1.1681118,32629679060.0,2026-07-31,fmp:company-screener,2026-08-01T02:02:06.715478+00:00,83.38,2026-07-31,32629679060.0,300685252.0229032,True,8,2025,ttm,2026-07-31,discrete,ok,7942199999.0,0.1610637783941562,0.34842837291541107,0.3794162826898613,0.2151922641352764,1709100000.0,0.0,0.15142001611754555,1202608051.85735,921049245.4523516,1208317333.2995713,3.0821212587711053,0.053714828678653806,0.23412350014632718,0.09504291410293939,0.19643000235481492,3595000000.0,4768500000.0,True,6.647607960511894,1.6024783810287955,0.007547883247771265,1.3832232753936764,-0.11143392818808104,False,31400000.0,846600000.0,-0.014979635042220552,1.7688455117503532,392040816.0,unchecked,,0.0,general_dcf,0.04478730165054712,0.007556675032525507,True,0.0475,0.09850534532835514,0.04786728124085455,-0.0034624312254157574,0,1.0
ZTS,Zoetis Inc.,NYSE,common_stock,False,2013-02-01,Healthcare,Drug Manufacturers - General,US,419227999.99999994,0.749,32402132120.0,2026-07-31,fmp:company-screener,2026-08-01T02:02:06.715478+00:00,77.29,2026-07-31,32402132119.999996,624293827.5254838,True,8,2025,ttm,2026-05-07,discrete,ok,9509000000.0,0.0718423707978999,0.04229142789041821,0.7075402250499527,0.3757492901461773,3573000000.0,0.0,0.359833772599066,3421659343.644519,2762180424.768554,2130864034.7524064,5.04465917318278,0.01965599121571597,0.19273657972436634,0.2738915773093571,0.23669392751065474,7298000000.0,9238000000.0,True,14.825726141078839,1.7975369458128079,0.007994814174589455,0.8089607489433993,-0.43937359565699535,False,889000000.0,3398000000.0,-0.03523068558743281,1.0864197530864197,422400000.0,unchecked,,0.0,general_dcf,0.029330528693799485,0.012345678967884821,True,0.0475,0.07729694112401014,0.050453963767227106,0.19659463618534695,85,1.0
LVS,Las Vegas Sands Corp.,NYSE,common_stock,False,2004-12-15,Consumer Cyclical,"Gambling, Resorts & Casinos",US,647701191.0002046,0.824,31666111228.0,2026-07-31,fmp:company-screener,2026-08-01T02:02:06.715478+00:00,48.89,2026-07-31,31666111228.0,230175520.2148387,True,8,2025,ttm,2026-07-24,discrete,ok,13719000000.0,-0.007578875588428513,0.6428226323319802,0.5088563306363437,0.23347182739266711,3203000000.0,0.0,0.22266116299469607,3054688495.1242356,2688125875.709327,1862148281.3683207,2.808670107644526,0.26745843842800393,0.12,0.22608807251143018,,11886000000.0,15262000000.0,True,4.242384105960265,2.5386586928662966,0.004242190512919399,0.13839518636185696,0.24789667923842598,False,610000000.0,1752000000.0,-0.04616470226949909,2.215767634854772,663000000.0,unchecked,,0.0,general_dcf,0.09028322120265497,0.013778100108898246,True,0.0475,0.07774005751475628,0.055,0.14834801499667388,7,1.0
MLM,"Martin Marietta Materials, Inc.",NYSE,common_stock,False,1994-02-17,Basic Materials,Construction Materials,US,60045900.0,1.101482,31532503926.0,2026-07-31,fmp:company-screener,2026-08-01T02:02:06.715478+00:00,525.14,2026-07-31,31532503926.0,355547235.00419354,True,8,2025,ttm,2026-07-30,discrete,ok,6689000000.0,0.06380605907772896,0.06990139881039147,0.2822544476005382,0.21094333981163105,1411000000.0,0.0,0.20423619418469918,1366135902.9014528,1104359056.801119,788656929.3714131,13.100613444707859,0.07439906668888582,0.19161845138859301,0.06560225255022115,0.12745319670657848,5839000000.0,5951000000.0,True,6.108225108225108,2.7831267874165873,0.007377895824110963,0.17164475155177952,0.6874040113117662,False,202000000.0,194000000.0,-0.01242029164472147,1.3071000855431993,60200000.0,unchecked,,0.0,general_dcf,0.07634947007812931,0.019718309846537135,True,0.0475,0.09431043667026284,0.05052384678821294,-0.028708184120041697,1,1.0
TPR,"Tapestry, Inc.",NYSE,common_stock,False,2000-10-06,Consumer Cyclical,Luxury Goods,US,202045000.0,1.444,30785596650.0,2026-07-31,fmp:company-screener,2026-08-01T02:02:06.715478+00:00,152.37,2026-07-31,30785596650.0,392554396.7590323,True,8,2025,ttm,2026-05-07,discrete,ok,7850800000.0,0.02544414133287609,0.10647258824016015,0.7617695011973302,0.1131859173587405,888600000.0,0.0,0.15222930660687622,1195121840.309264,978596835.3857676,852308636.2479055,4.09173613177103,0.09215371787004394,0.18117400052488847,0.20571353778161833,,2854600000.0,3923200000.0,True,15.294320137693632,2.678614994839073,0.012452394197441055,-1.1099128094166186,2.0037490761544525,False,318400000.0,1255300000.0,-0.08296010729535341,1.5387254901960785,208300000.0,unchecked,,0.0,general_dcf,0.14602090150704394,0.00626566418754136,True,0.0475,0.11195467515801351,0.05117662496719447,0.09375886262360482,85,1.0
RMD,ResMed Inc.,NYSE,common_stock,False,1995-06-02,Healthcare,Medical - Devices,US,145056383.99848327,0.775,30603995896.0,2026-07-31,fmp:company-screener,2026-08-01T02:02:06.715478+00:00,210.98,2026-07-31,30603995896.0,299517808.413871,True,8,2025,ttm,2026-04-30,discrete,ok,5537789000.0,0.11915995881196073,0.02918765387693344,0.6169482080303168,0.34282310142188516,1898482000.0,0.0,0.276682754846858,1532210716.280627,1240102434.8716755,937256496.2539703,6.374290119180684,0.030553096306532867,0.1906449800312266,0.27077765352323035,0.2842006080502414,-817344000.0,843169000.0,True,65.39949705466947,-0.3780847543321518,0.017113963106287607,6.088556795699071,1.4877721433944537,True,340162000.0,600045000.0,-1.3601648521488485e-05,1.2504884977258173,147037000.0,unchecked,,0.0,general_dcf,0.10176982584214933,0.0035398230373565546,True,0.0475,0.08529373303849652,0.050584688748048334,0.18548392048473383,92,0.85
TDY,Teledyne Technologies Incorporated,NYSE,common_stock,False,1999-11-23,Technology,"Hardware, Equipment & Parts",US,46354094.999771185,0.924,30388354059.0,2026-07-31,fmp:company-screener,2026-08-01T02:02:06.715478+00:00,655.57,2026-07-31,30388354059.0,227963703.6403226,True,8,2025,ttm,2026-07-24,discrete,ok,6374400000.0,0.11237458070703754,0.1642074135772002,0.39037399598393574,0.19448104919678716,1239700000.0,0.0,0.1650039602819721,1051801244.4214029,896620716.072117,865589398.9260486,18.456063942986113,0.0182061493895063,0.14753788243961521,0.08383687047928738,0.28773128831523037,1686900000.0,2027000000.0,True,24.5,1.0665107163178857,0.005731523378582202,1.2579411060923427,0.9609495714859759,False,0.0,400000000.0,-0.005622044306011653,1.3313589628967366,46900000.0,unchecked,,0.0,general_dcf,0.07478945069803977,0.023076923174732956,True,0.0475,0.09117238283029581,0.05327888234752405,-0.007335512351008433,7,1.0
EL,The Estée Lauder Companies Inc.,NYSE,common_stock,False,1995-11-17,Consumer Defensive,Household & Personal Products,US,361674642.00238377,1.261,30344502464.0,2026-07-31,fmp:company-screener,2026-08-01T02:02:06.715478+00:00,83.9,2026-07-31,30344502464.0,263302617.43580645,True,8,2025,annual,2025-08-20,annual,annual_anchor,14288000000.0,0.006199974731573077,0.08718123139472614,0.7389417693169092,0.06704927211646136,958000000.0,0.0,0.12251618571963457,1750511261.5621388,1265580797.5502934,1633699956.8000462,4.536795214662722,0.049837126495667995,0.2770221904080172,0.06670641833661942,-1.0127790412849715,6518000000.0,9439000000.0,True,2.371287128712871,3.6474538332400672,0.0,-1.9650630171134307,-2.9861740200003264,False,618000000.0,35000000.0,-0.0044041308425162295,3.8859789978080235,360100000.0,unchecked,,0.0,general_dcf,0.0451617531078401,0.00935828875888552,True,0.0475,0.09933014724220735,0.06326055833929849,-0.03262372890558793,345,0.7
ATO,Atmos Energy Corporation,NYSE,common_stock,False,1983-12-28,Utilities,Regulated Gas,US,166919821.99907395,0.598,28840406845.0,2026-07-31,fmp:company-screener,2026-08-01T02:02:06.715478+00:00,172.78,2026-07-31,28840406844.999996,268891210.8483871,True,8,2025,ttm,2026-05-06,discrete,ok,4881241000.0,0.06058493797688347,0.11319481448681155,0.5142987203459121,0.35874483558586845,1751120000.0,0.0,0.26134417377789865,1275683896.1558037,1056442173.5780542,-1496291057.8746681,-8.916472349263868,0.03848070363913563,0.17186210724962608,0.059406914641302246,0.07424817774024534,9502125000.0,9629233000.0,True,12.626781941550155,3.781317227728446,0.0025710730394577722,2.24715710160987,0.2177791180994105,False,604402000.0,0.0,0.06712174906577117,1.7096551919743332,167812000.0,unchecked,,0.0,general_dcf,0.06982362351220006,0.08745247156079489,True,0.0475,0.0709817740988497,0.05175861829689837,-0.011574859457547458,86,1.0
MTD,Mettler-Toledo International Inc.,NYSE,common_stock,False,1997-11-14,Healthcare,Medical - Diagnostics & Research,US,20207600.0,1.2443281,28620023880.0,2026-07-31,fmp:company-screener,2026-08-01T02:02:06.715478+00:00,1416.3,2026-07-31,28620023880.0,264690996.27870968,True,8,2025,ttm,2026-07-31,discrete,ok,4133875000.0,0.046172122400079285,0.06880668442174392,0.5929618094402951,0.2869218348401923,1186099000.0,0.0,0.2726700953622288,1127184090.4655335,915854783.4212558,835124946.9971837,41.41191144736548,0.020607030163145062,0.1874842883534644,0.4648030667787421,0.26524520333931784,2060580000.0,2111963000.0,True,17.106539171570326,1.5882061867112267,0.005159384675137468,0.5820035122373477,-0.01048320823286163,False,0.0,774998000.0,-0.0389407114193947,1.121887526936534,20166298.0,unchecked,,0.0,general_dcf,0.05848386259577443,0.009433962466879801,True,0.0475,0.10566633191672477,0.050782231977908474,0.35913673486201736,0,1.0
NRG,"NRG Energy, Inc.",NYSE,common_stock,False,2003-12-02,Utilities,Independent Power Producers,US,210986000.0,1.201,28333309940.0,2026-07-31,fmp:company-screener,2026-08-01T02:02:06.715478+00:00,134.29,2026-07-31,28333309940.0,366865951.94387096,True,8,2025,ttm,2026-05-06,discrete,ok,32428000000.0,0.18287155276652345,0.6873224491214914,0.17071666461083015,0.030004934007647713,973000000.0,0.0,0.09488985175466122,3077088112.700154,2390693457.7262936,1331994562.5296702,6.4038200121618765,0.03784084289428397,0.22306629834254144,0.030341420498202175,,20041000000.0,23357000000.0,True,3.003086419753086,8.986995515695067,0.0036260220405261285,-1.4633207967281194,-0.4554222367531186,False,425000000.0,473000000.0,-0.041224096277523326,2.131949074074074,208000000.0,unchecked,,0.0,general_dcf,0.15527143901034757,0.41811527903966866,True,0.0475,0.0896705016959347,0.06798169889502761,-0.059329081197732524,86,1.0
DVN,Devon Energy Corporation,NYSE,common_stock,False,1985-07-22,Energy,Oil & Gas Exploration & Production,US,621431110.990472,0.432,28045186039.0,2026-07-31,fmp:company-screener,2026-08-01T02:02:06.715478+00:00,45.13,2026-07-31,28045186039.0,620995887.9532257,True,8,2025,ttm,2026-05-06,discrete,ok,16543000000.0,0.09865543909633834,0.60150015365026,0.22130206129480748,0.18835761349211147,3116000000.0,0.0,0.24335070512560336,4025750714.8928566,3158257147.55438,1478266887.6370654,2.3766348675837063,0.1323465650668873,0.21548616115977381,0.11008985011601642,0.05344577191116125,6777000000.0,8592000000.0,True,6.269617706237424,1.1634334763948497,0.00609516319307904,-0.4755938894418097,-0.12462261991248261,False,611000000.0,818000000.0,-0.016081632778892296,2.282947077135939,622000000.0,unchecked,,0.0,general_dcf,0.397591093650119,0.22616591000854713,True,0.0475,0.06699640951332457,0.04903211492751414,0.04309344060269185,86,1.0
DG,Dollar General Corporation,NYSE,common_stock,False,2009-11-13,Consumer Defensive,Discount Stores,US,220586646.9967724,0.247,28021121768.0,2026-07-31,fmp:company-screener,2026-08-01T02:02:06.715478+00:00,127.05,2026-07-31,28025533500.939934,385102138.0387097,True,8,2025,ttm,2026-06-02,discrete,ok,43075355000.0,0.07576117177707786,0.06380065685092857,0.3082707733923493,0.05260713463649922,2266071000.0,0.0,0.08277072295880822,3565378275.0573144,2783582778.9132795,2170728210.066972,9.797517636688069,0.020385054945316845,0.2192742076242856,0.07596806166822054,-0.2711183121925683,14445188000.0,15798301000.0,True,10.62880099061449,4.016148906687545,0.001446310315582163,-1.3172623997631736,2.2498460157621953,False,519834999.0,0.0,-0.007028310455815645,2.4032755167422573,221559000.0,unchecked,,0.0,general_dcf,0.0506618940956427,0.005868544597249035,True,0.0475,0.065,0.04879536202348215,0.010968061668220536,59,1.0
TPL,Texas Pacific Land Corporation,NYSE,common_stock,False,1980-03-17,Energy,Oil & Gas Exploration & Production,US,68974400.0,0.594,27767713952.0,2026-07-31,fmp:company-screener,2026-08-01T02:02:06.715478+00:00,402.58,2026-07-31,27767713952.0,164058048.61096773,True,8,2025,ttm,2026-05-06,discrete,ok,839025000.0,0.14991745407168078,0.3310057906158217,0.976989958582879,0.7442162033312476,624416000.0,0.0,0.786585672348183,659965043.7419342,519188903.53562,524662523.4955926,7.602709237106628,0.04820145869762043,0.21330847980694234,0.37095281994358054,0.16116902136869546,-231727000.0,15844000.0,True,629.4516129032259,-0.33619581523426506,0.017706988862646867,-0.7400128334796718,-0.8201882313997286,False,152160000.0,17394000.0,-0.002553389969461861,1.0808705612829324,69009942.0,unchecked,,0.0,general_dcf,0.25125944584382864,0.0,True,0.0475,0.07718401444757737,0.049168220012066104,0.29376880549600315,86,1.0
DOV,Dover Corporation,NYSE,common_stock,False,1980-03-17,Industrials,Industrial - Machinery,US,134680000.0,1.16,27558221600.0,2026-07-31,fmp:company-screener,2026-08-01T02:02:06.715478+00:00,204.62,2026-07-31,27558221600.0,237970241.83419356,True,8,2025,ttm,2026-07-23,discrete,ok,8420564000.0,0.021099944953815397,0.07232774027849141,0.39583429328486786,0.16865271732392273,1420151000.0,0.0,0.1572083358717778,1323782853.5418007,1069696395.723023,916271198.4417572,6.759505126716172,0.015665609523552414,0.19193968039317444,0.12462696066287782,0.0309088815527848,1504017000.0,3259988000.0,True,12.462603002992461,0.8299581714638884,0.005210363302744713,0.838016499674645,0.6745887746575412,False,281430000.0,594637000.0,-0.0190280140371909,1.2230884971607634,135553000.0,unchecked,,0.0,general_dcf,0.07364409697203844,0.011574074078878496,True,0.0475,0.09968243135300926,0.0505037699754266,0.024944529309868554,8,1.0
OTIS,Otis Worldwide Corporation,NYSE,common_stock,False,2020-03-19,Industrials,Industrial - Machinery,US,380669338.99930507,0.891,27389158941.0,2026-07-31,fmp:company-screener,2026-08-01T02:02:06.715478+00:00,71.95,2026-07-31,27389158941.0,271668417.8851613,True,8,2025,ttm,2026-07-23,discrete,ok,14911000000.0,0.015981973389793902,0.04931537488069779,0.3016564952048823,0.15351083093018578,2289000000.0,0.0,0.1447580284207614,2158486961.7819734,1564068013.9091442,1539339909.8269813,3.9837989384756245,0.007317859877798217,0.275386860517377,0.7258816088734021,,8033000000.0,8846000000.0,True,10.9,3.264120276310443,0.0,0.8752802509424368,1.122867779403551,False,658000000.0,1055000000.0,-0.029715895277589777,1.153179190751445,386400000.0,unchecked,,0.0,general_dcf,0.048520259457150994,0.005952380950815773,True,0.0475,0.0806341866684764,0.045288321217663935,0.6452474222049257,8,1.0
HAL,Halliburton Company,NYSE,common_stock,False,1972-06-01,Energy,Oil & Gas Equipment & Services,US,835397735.007752,0.725,26941576954.0,2026-07-31,fmp:company-screener,2026-08-01T02:02:06.715478+00:00,32.25,2026-07-31,26941576954.0,434270489.22322583,True,8,2025,ttm,2026-07-24,discrete,ok,22373000000.0,-0.011147990725109747,0.19257691319740017,0.15107495642068564,0.11437893889956645,2559000000.0,0.0,0.11024930210138989,2466607635.914396,1935718539.704795,1656420109.5606573,1.9766349756093762,0.10837582966913506,0.21523046003739263,0.11702262413404302,0.14439759535311975,6151000000.0,8199000000.0,True,8.047169811320755,1.6512751677852349,0.0,0.0701167863678902,-0.4255697067980055,False,572000000.0,808000000.0,-0.026387689137254755,1.5453818472610956,838000000.0,unchecked,,0.0,general_dcf,0.019658711426137954,0.01831174634698916,True,0.0475,0.07565335123871593,0.04904809624766296,0.04136927289532709,7,1.0
WSM,"Williams-Sonoma, Inc.",NYSE,common_stock,False,1983-07-07,Consumer Cyclical,Specialty Retail,US,117746610.99886294,1.485,26923940071.0,2026-07-31,fmp:company-screener,2026-08-01T02:02:06.715478+00:00,228.66,2026-07-31,26923940071.0,252539320.86903223,True,8,2025,ttm,2026-05-22,discrete,ok,7882159000.0,0.0467045849233334,0.09745803441145406,0.46061846760513203,0.1797346386948043,1416697000.0,0.0,0.16663394849440455,1313435276.8307073,997159942.8670832,980591122.2874435,8.178817307683817,0.041912739540991846,0.24080009083263715,0.3966256074794315,-0.06734620042273971,841963000.0,1493564000.0,True,,0.47794949520752267,0.012835696522912865,0.5269632238376666,0.0913126866627178,False,327397000.0,1145389000.0,-0.046260428596221814,1.2088165218249085,119894000.0,unchecked,,0.0,general_dcf,0.03485965597366403,0.01145038166289123,True,0.0475,0.11884249721072623,0.06642999205214425,0.2777831102687053,70,0.95
DGX,Quest Diagnostics Incorporated,NYSE,common_stock,False,1996-12-17,Healthcare,Medical - Diagnostics & Research,US,110373000.0,0.571,25718012730.0,2026-07-31,fmp:company-screener,2026-08-01T02:02:06.715478+00:00,233.01,2026-07-31,25718012730.0,196952710.1512903,True,8,2025,ttm,2026-07-23,discrete,ok,11560000000.0,0.056094577724565386,0.10252048789129942,0.33148788927335643,0.14143598615916955,1635000000.0,0.0,0.14573039501972124,1684643366.4279776,1313165918.579203,1254507455.5684435,11.200959424718246,0.03122295645510941,0.22050806434861908,0.09601968769607533,-0.182444261713831,5757000000.0,6383000000.0,True,6.240458015267175,2.599097065462754,0.00832252485948984,-0.3095811638855694,-0.4615780285906705,False,363000000.0,552000000.0,-0.017244827160577514,1.531572904707233,112000000.0,unchecked,,0.0,general_dcf,0.09217565338715672,0.019295302036360335,True,0.0475,0.07061532454634875,0.04871824597821131,0.025404363149726578,8,1.0
LH,Labcorp Holdings Inc.,NYSE,common_stock,False,1990-03-29,Healthcare,Medical - Diagnostics & Research,US,82000000.0,0.861,25354400000.0,2026-07-31,fmp:company-screener,2026-08-01T02:02:06.715478+00:00,309.2,2026-07-31,25354400000.0,190894085.00387096,True,8,2025,ttm,2026-07-30,discrete,ok,14348000000.0,0.030137680570719194,0.09253428551262434,0.2784987454697519,0.11272651240591024,1617400000.0,0.0,0.11604691500812825,1665041136.5366242,1255133515.2135136,1137504914.8033483,13.872011156138393,0.05046488624878139,0.24618468116393857,0.08004811843435115,-7.794511381847969,6624300000.0,6766100000.0,True,7.118838028169014,2.863076457621991,0.009016822322727696,-0.11230533768711258,-0.5541875942446343,False,239100000.0,701800000.0,-0.03623135514492892,2.1257372654155495,82000000.0,unchecked,,0.0,general_dcf,0.052681174096184336,0.010197144743795798,True,0.0475,0.08140020498742369,0.04711345742725384,-0.0013520865530725346,1,1.0
CPAY,"Corpay, Inc.",NYSE,common_stock,False,2010-12-15,Technology,Software - Infrastructure,US,65361918.999764465,0.881,24975442869.0,2026-07-31,fmp:company-screener,2026-08-01T02:02:06.715478+00:00,382.11,2026-07-31,24975442869.0,225990214.71870968,True,8,2025,ttm,2026-05-08,discrete,ok,4783723000.0,0.09277496065239532,0.09418078522790302,0.7279133846169604,0.4299182874928168,2056610000.0,0.0,0.43970602965951056,2103431847.3208828,1566163578.3911152,1775089104.2067735,25.935290741299674,0.016708386693046123,0.25542461459546695,0.3029615309342451,,1544313000.0,10360640000.0,True,4.896387366496359,0.6245828700803341,0.029367564797265832,-0.7090077019985,-0.9636607946584163,False,0.0,1510071000.0,-0.037931964668205365,1.9333227728927438,68443000.0,unchecked,,0.0,general_dcf,0.1745006574990382,0.0056497175918743155,True,0.0475,0.078351755908709,0.046535961587783316,0.22460977502553608,84,1.0
HUBB,Hubbell Incorporated,NYSE,common_stock,False,1972-06-05,Industrials,Electrical Equipment & Parts,US,52832570.99989419,0.892,24966031426.0,2026-07-31,fmp:company-screener,2026-08-01T02:02:06.715478+00:00,472.55,2026-07-31,24966031426.0,324377229.0909677,True,8,2025,ttm,2026-07-29,discrete,ok,6223600000.0,0.038659372864209285,0.09872917172220759,0.3519667073719391,0.20211774535638538,1257900000.0,0.0,0.13879854972726194,863826654.0825874,678501071.8001363,778307153.4746538,14.598610522060568,0.0326851604384616,0.21454024532187305,0.11100336206559067,0.2157911849580883,4977900000.0,5372600000.0,True,12.981424148606811,3.3261392489643193,0.005436617215954517,3.2330417156235325,0.5162101332365597,True,296100000.0,203500000.0,-0.004867878368850498,1.160861233231879,53313783.0,unchecked,,0.0,general_dcf,0.16350436390091216,0.008849557559892527,True,0.0475,0.08448367448480243,0.04909123466738294,0.026519687580788237,2,0.85
HPQ,HP Inc.,NYSE,common_stock,False,1957-11-06,Technology,Computer Hardware,US,914523000.0,1.212,24939042210.0,2026-07-31,fmp:company-screener,2026-08-01T02:02:06.715478+00:00,27.27,2026-07-31,24939042210.0,467640693.65,True,8,2025,ttm,2026-05-28,discrete,ok,57417000000.0,-0.007949026438381246,0.07380358082281722,0.20213525610881794,0.055088214291934445,3163000000.0,0.0,0.06576206509215812,3775860491.396443,3398274442.2567987,3271944524.219717,3.5372373234807752,0.006875373797217679,0.1,0.48920776765767315,-0.3893044128646223,5963000000.0,9666000000.0,True,6.966960352422907,1.435138387484958,0.008439291248903079,-1.0673850800223676,0.643821042411867,False,1093000000.0,1075000000.0,-0.041370451935990316,1.350990990990991,925000000.0,unchecked,,0.0,general_dcf,0.04462280141934327,0.017679368347439592,True,0.0475,0.09361707878410937,0.05625,0.3955906888735638,64,1.0
WAT,Waters Corporation,NYSE,common_stock,False,1995-11-17,Healthcare,Medical - Diagnostics & Research,US,65183625.00066259,1.202,24594433549.0,2026-07-31,fmp:company-screener,2026-08-01T02:02:06.715478+00:00,377.31,2026-07-31,24594433549.0,354537900.0041936,True,8,2025,ttm,2026-05-12,discrete,ok,3770581000.0,0.03910304855053126,0.064936475151158,0.5501611024932231,0.17077049929440583,643904000.0,0.0,0.28803615176012815,1086063641.1398556,930298279.0114152,687503418.7009819,8.369999862440276,0.01062177039533384,0.14342194713834644,0.027036962477932854,0.029667878242803907,5108000000.0,5570000000.0,True,6.596768740587446,5.068606788043327,0.015112627252621108,-10.121317779793321,-3.265346346269645,True,0.0,12733000.0,0.10833137896728617,1.0154459260319717,82139000.0,unchecked,,0.0,general_dcf,1.0367038518789329,0.009316770249993726,True,0.0475,0.09761685992682863,0.05353612830385335,-0.07057989744889577,80,0.85
PPG,"PPG Industries, Inc.",NYSE,common_stock,False,1980-03-17,Basic Materials,Chemicals - Specialty,US,222300007.00325733,1.045,24568596774.0,2026-07-31,fmp:company-screener,2026-08-01T02:02:06.715478+00:00,110.52,2026-07-31,24568596774.0,229545695.12387097,True,8,2025,ttm,2026-07-29,discrete,ok,16421000000.0,0.004591619879200204,0.09293272947439517,0.4008891054137994,0.1247792460873272,2049000000.0,0.0,0.12688760969798327,2083621438.8505833,1604426754.470611,1155642717.6292286,5.16142348204211,0.013618905161723928,0.22998164419171885,0.11027170890768577,,5865000000.0,7459000000.0,True,8.035294117647059,2.265353418308227,0.0026506784474597664,-0.18329974606565336,0.6485438319944612,False,637000000.0,425000000.0,-0.01918872022395801,1.2724014336917562,223900000.0,unchecked,,0.0,general_dcf,0.06465701419663383,0.05562273276911694,True,0.0475,0.08772717104818117,0.04812614723801757,0.022544537859504596,2,1.0
PHM,"PulteGroup, Inc.",NYSE,common_stock,False,1980-03-17,Consumer Cyclical,Residential Construction,US,193010797.00324187,1.186,24410075497.0,2026-07-31,fmp:company-screener,2026-08-01T02:02:06.715478+00:00,126.47,2026-07-31,24410075497.0,220030823.0787097,True,8,2025,ttm,2026-07-22,discrete,ok,16407076000.0,0.0786780957076989,0.09324638350570685,0.24460415737697563,0.14610720398930316,2397192000.0,0.0,0.17968502312346285,2948105830.4484124,2245056220.2575145,1598656233.8114166,8.246765547809282,0.03310113835156706,0.2384750245156439,0.13596417075730846,0.06851001784951659,412759000.0,2298181000.0,True,4783.811775975095,0.1644510582010582,0.0030473144461872353,-0.6742458520456984,-0.16259732457701462,False,188431000.0,1319767000.0,-0.06369353690428192,0.8433874333515119,193852514.0,unchecked,,0.0,general_dcf,-0.035027371149739306,0.012812690655257275,True,0.0475,0.10170557942409841,0.04759531096777225,0.03425859133321005,9,1.0
FICO,Fair Isaac Corporation,NYSE,common_stock,False,1987-07-22,Technology,Software - Infrastructure,US,21597636.00007124,1.29,24253497299.0,2026-07-31,fmp:company-screener,2026-08-01T02:02:06.715478+00:00,1122.97,2026-07-31,24253497299.0,400964308.27451617,True,8,2025,ttm,2026-07-29,discrete,ok,2393575000.0,0.09834200068390975,0.04676761373377188,0.8509956863687163,0.5165068986766657,1236298000.0,0.0,0.3888932635167768,930845193.2221689,749813272.3524746,545658125.2573346,24.034626492416624,0.10677531865520382,0.19448123295673148,0.7951425991995238,2.028945268637725,5349566000.0,5598010000.0,True,6.634493195380586,4.27130837196453,0.08182513113150017,1.5113701143068132,1.2967117779302924,False,0.0,3593974000.0,-0.048408196573786144,1.194588202090357,22703000.0,unchecked,,0.0,general_dcf,0.2828426688044994,0.04296874989590348,True,0.0475,0.10043791254912382,0.05034492294020428,0.6947046866504,2,1.0
WST,"West Pharmaceutical Services, Inc.",NYSE,common_stock,False,1980-03-17,Healthcare,Medical - Instruments & Supplies,US,70375800.0,1.159,23995332768.0,2026-07-31,fmp:company-screener,2026-08-01T02:02:06.715478+00:00,340.96,2026-07-31,23995332768.0,291872859.37387097,True,8,2025,ttm,2026-07-23,discrete,ok,3326500000.0,0.08665376290342741,0.10716886682792236,0.3676536900646325,0.20637306478280476,686500000.0,0.0,0.20320865651832,675973595.9081916,559693747.5233912,399853751.02707076,5.60804699897715,0.041546208947780466,0.17201832895347746,0.1982938835421028,-0.12951822220621453,-123700000.0,312100000.0,True,6865.0,-0.142708814028611,0.007743110908676839,0.05356876423556413,-0.6956643950102336,False,62400000.0,300000.0,-0.02019396960477804,1.326161964684392,71300000.0,unchecked,,0.0,general_dcf,0.10038709351145636,0.02207212370718441,True,0.0475,0.10476049372061977,0.05174885444040766,0.09353338982148304,8,1.0
CHD,"Church & Dwight Co., Inc.",NYSE,common_stock,False,1980-03-17,Consumer Defensive,Household & Personal Products,US,236944000.0,0.467,23412436640.0,2026-07-31,fmp:company-screener,2026-08-01T02:02:06.715478+00:00,98.81,2026-07-31,23412436640.0,190618291.00903225,True,8,2025,ttm,2026-07-31,discrete,ok,6229100000.0,0.05925266631317894,0.03385755051969414,0.4564864908253199,0.17466407667239248,1088000000.0,0.0,0.18558024830582392,1155997924.7218077,913939542.4959383,1021625837.551095,4.288941383505857,0.03323536591417201,0.2093934401172226,0.1354784755799883,-0.016516850136827292,2001400000.0,2256200000.0,True,15.027624309392266,1.4879191138205339,0.009693635276972704,-0.4305981109061349,1.1356421063756423,False,215100000.0,600000000.0,-0.011084656796424452,1.6495656894679696,238200000.0,unchecked,,0.0,general_dcf,-0.0031015122984093813,0.02103559877436486,True,0.0475,0.07047071059109708,0.04941290999267359,0.06500776498889121,0,1.0
DRI,"Darden Restaurants, Inc.",NYSE,common_stock,False,1995-05-09,Consumer Cyclical,Restaurants,US,114535003.00127713,0.585,23317035911.0,2026-07-31,fmp:company-screener,2026-08-01T02:02:06.715478+00:00,203.58,2026-07-31,23317035911.0,270041115.7919355,True,8,2026,ttm,2026-07-24,discrete,ok,13210900000.0,0.06483717505613917,0.13009492260277625,0.6942827513644036,0.11981015676448993,1582800000.0,0.0,0.11369714016231727,1502041548.9703572,1318391667.480898,1077036364.6911128,9.349273999054798,0.035850615995349625,0.12226684515841142,0.17276114672245155,0.2681590505748327,5834100000.0,6053600000.0,True,8.150360453141092,2.7212556555809506,0.006014047410008779,0.6113016602172657,-0.11621838757956693,False,693000000.0,671700000.0,-0.021336182737631826,1.5686064616582327,115200000.0,unchecked,,0.0,general_dcf,0.09516880911955128,0.003782148259467719,True,0.0475,0.07223789269434742,0.054858322177599284,0.10052325402810412,7,1.0
RL,Ralph Lauren Corporation,NYSE,common_stock,False,1997-06-12,Consumer Cyclical,Apparel - Manufacturers,US,60999811.99978966,1.352,23200668496.0,2026-07-31,fmp:company-screener,2026-08-01T02:02:06.715478+00:00,380.34,2026-07-31,23200668496.0,270781124.63870966,True,8,2026,ttm,2026-05-21,discrete,ok,8114500000.0,0.03651392104845108,0.19271207482234184,0.6986505636822972,0.14532010598311665,1179200000.0,0.0,0.11167506474262193,906187312.8540056,720650684.3939687,622439109.109914,9.990996935953675,0.04808384970649307,0.20474423535648026,0.24913408189677175,0.696809468882311,923700000.0,2988700000.0,True,21.756457564575644,0.6540858235377426,0.015004373133878215,1.0634104766508543,0.4580593528423102,False,216500000.0,623800000.0,-0.033475237244851574,1.6551137242766516,62300000.0,unchecked,,0.0,general_dcf,0.13554976025304666,0.015056461824862432,True,0.0475,0.10763702648298025,0.049703485290219986,0.14149705541379148,71,1.0
FIS,"Fidelity National Information Services, Inc.",NYSE,common_stock,False,2001-06-20,Technology,Information Technology Services,US,516878999.99999994,0.813,23140672830.0,2026-07-31,fmp:company-screener,2026-08-01T02:02:06.715478+00:00,44.77,2026-07-31,23140672830.0,295020895.8735484,True,8,2025,ttm,2026-05-08,discrete,ok,11658000000.0,0.03445541525790263,0.16283408948831302,0.37587922456682105,0.17901869960542116,2087000000.0,0.0,0.16954243194082974,1976525671.566193,1324654292.6548538,2741167133.1271424,5.302064087286542,0.02658409271709316,0.32980668467351515,0.0717757196636924,,3510000000.0,4265000000.0,True,22.934065934065934,0.8243306716768436,0.016952327432799476,0.2890484994952909,-0.5175437548603959,False,859000000.0,955000000.0,-0.05052281217146859,4.592410182343383,517000000.0,unchecked,,0.0,general_dcf,0.30054178786948005,0.0028985507240073282,True,0.0475,0.08095034664329445,0.0418870822079053,-0.009174626979602057,84,1.0
STZ,"Constellation Brands, Inc.",NYSE,common_stock,False,1992-03-17,Consumer Defensive,Beverages - Alcoholic,US,170804361.99800354,0.382,22243852063.0,2026-07-31,fmp:company-screener,2026-08-01T02:02:06.715478+00:00,130.23,2026-07-31,22243852063.0,317032516.9464516,True,8,2026,ttm,2026-07-01,discrete,ok,9056700000.0,0.017110861284923784,0.052918541514601104,0.5261850342840108,0.32137533538706153,2910600000.0,0.0,0.32804807294105043,2971032982.2052116,2277779825.9364977,1666336634.8742774,9.665133288522377,0.012593038667353538,0.23333741510811354,0.1193747389147867,,10437200000.0,10533800000.0,True,8.45367412140575,3.1415585588297263,0.006384324275489616,-0.571920545911428,-0.11352320387151002,False,712200000.0,841800000.0,-0.036150883637098064,1.5958674475081147,172407000.0,unchecked,,0.0,general_dcf,-0.10510907249667423,0.0076838638618323156,True,0.0475,0.065,0.0479164115557429,0.0543747389147867,30,1.0
EXPD,"Expeditors International of Washington, Inc.",NYSE,common_stock,False,1984-09-26,Industrials,Integrated Freight & Logistics,US,130791132.9977962,1.038,21958523319.0,2026-07-31,fmp:company-screener,2026-08-01T02:02:06.715478+00:00,167.89,2026-07-31,21958523319.0,209041953.51741937,True,8,2025,ttm,2026-05-06,discrete,ok,11185552000.0,0.04491666064397681,0.3236980937242754,0.20232197749382416,0.09668865693887972,1081516000.0,0.0,0.09817747651779296,1098169268.818552,813999860.9021884,773072808.7642201,5.765929836542111,0.0063891132431302955,0.2587664907269557,0.5229825541212312,,-751516000.0,564981000.0,True,,-0.6606408827345642,0.006254489448874782,-0.1488819578913239,0.295434631622592,False,207437000.0,777576000.0,-0.0657581801049153,1.2368463092493647,134076000.0,unchecked,,0.0,general_dcf,0.07174399883520577,0.048843187725274295,True,0.0475,0.09853354459369981,0.06485793206139137,0.4244490095275314,86,0.95
PKG,Packaging Corporation of America,NYSE,common_stock,False,2000-01-28,Consumer Cyclical,Packaging & Containers,US,89098646.99804752,0.818,21904011378.0,2026-07-31,fmp:company-screener,2026-08-01T02:02:06.715478+00:00,245.84,2026-07-31,21904011378.0,153815354.1535484,True,8,2025,annual,2026-02-26,annual,annual_anchor,8989300000.0,0.03606975223775488,0.07899850931624472,0.21020546649906,0.13965492307521163,1255400000.0,0.0,0.1454775627681674,1307741454.991887,987965498.3418819,729485786.7875574,8.141582441825417,0.014300619582513788,0.2445253650324858,0.11341921966231178,-0.007728144868957102,3764100000.0,4364900000.0,True,15.871049304677623,1.972591971491458,0.005126627704296114,-0.5340062627762951,0.418374060276426,False,449600000.0,153000000.0,-0.01127368782294369,1.7186356508102456,89600000.0,unchecked,,0.0,general_dcf,0.10798704835967143,0.04728370221197968,True,0.0475,0.08155696964835245,0.04721716468546964,0.03186225001395933,155,0.7
OMC,Omnicom Group Inc.,NYSE,common_stock,False,1980-03-17,Communication Services,Advertising Agencies,US,274346000.0,0.656,21591030200.0,2026-07-31,fmp:company-screener,2026-08-01T02:02:06.715478+00:00,78.7,2026-07-31,21591030200.0,335337159.28290325,True,8,2025,ttm,2026-07-29,discrete,ok,22371300000.0,0.017562263432874925,0.07036304044732426,0.17543459700598535,0.13922749236745294,3114700000.0,0.0,0.14642359336986555,3275686134.3552732,2415343000.4964843,2135724461.5038157,10.423252618369037,0.007360262112813137,0.2626451676293228,0.1273900676923603,0.02465586598481794,8075000000.0,11411200000.0,True,8.113310758009899,2.238764590091214,0.005825700645671198,-0.7196101002412608,-0.13081165449485713,False,753700000.0,3473100000.0,-0.0033931429086506704,1.0963647497039521,204900000.0,unchecked,,0.0,general_dcf,0.5947413493096039,0.024058983336574077,True,0.0475,0.06846934821716283,0.04608467702316733,0.058920719475197475,2,1.0
SNA,Snap-on Incorporated,NYSE,common_stock,False,2017-03-02,Industrials,Manufacturing - Tools & Accessories,US,51727124.00038985,0.721,21229328961.0,2026-07-31,fmp:company-screener,2026-08-01T02:02:06.715478+00:00,410.41,2026-07-31,21229328961.0,150943477.90903226,True,8,2025,annual,2026-02-12,annual,annual_anchor,5156100000.0,0.046911038224504376,0.09844144061122131,0.517290199957332,0.2575008242664029,1327700000.0,0.0,0.2560587847667042,1320264700.1356034,1023307200.3670824,981910033.248582,18.526604400916643,0.006533323940309883,0.22492269901484205,0.1826697670219214,0.16516481002067349,-298300000.0,1326200000.0,True,25.43486590038314,-0.20915720095358295,0.005598621877691645,0.19069514618476058,-0.006259787036319283,False,462200000.0,328600000.0,-0.007435219273921656,1.1415290277915142,53000000.0,unchecked,,0.0,general_dcf,0.008642782654353143,0.004228329633767451,True,0.0475,0.08148577041375986,0.04844233131157237,0.10118399660816153,169,0.7
TSN,"Tyson Foods, Inc.",NYSE,common_stock,False,1980-03-17,Consumer Defensive,Agricultural Farm Products,US,355999457.0048309,0.391,20633728528.0,2026-07-31,fmp:company-screener,2026-08-01T02:02:06.715478+00:00,57.96,2026-07-31,20633728528.0,208516833.38612905,True,8,2025,ttm,2026-05-04,discrete,ok,55710000000.0,0.04482396796231858,0.04661147648549557,0.06549991024950637,0.0230479267635972,1284000000.0,0.0,0.06748815026900128,3759764851.486061,2922850228.0133758,1482207024.4159794,4.187025492700506,0.03251415042572255,0.2225975975975976,0.0388686065450989,-2.0474368084662204,7583000000.0,8083000000.0,True,3.057142857142857,2.8701741105223317,0.0018368509028122188,-1.4541784371930537,-0.6459058888254056,False,701000000.0,272000000.0,-0.00833372078387895,3.891956751054852,354000000.0,unchecked,,0.0,general_dcf,0.03251136342316996,0.00813151847637499,True,0.0475,0.0712397612741443,0.06802271021021021,-0.03237115472904541,88,1.0
LEN,Lennar Corporation,NYSE,common_stock,False,1980-03-17,Consumer Cyclical,Residential Construction,US,248295271.00182152,1.394,20447115567.0,2026-07-31,fmp:company-screener,2026-08-01T02:02:06.715478+00:00,82.35,2026-07-31,20447115567.0,240554906.8032258,True,8,2025,ttm,2026-06-29,discrete,ok,32737235000.0,0.07525893763257141,0.09717708105132944,0.0795063175005464,0.06016531328928665,1969646000.0,0.0,0.13824940334022323,4525903205.758673,3454804909.105253,2607854540.3364277,10.749296353099572,0.040043092639009965,0.23665956781633662,0.057819436282628055,-39.218177040906106,4382909000.0,6199157000.0,True,35.627776571883366,2.0796652158213473,0.004782353398523541,-1.542475722998968,-1.8593856022591144,False,502261000.0,1249268000.0,-0.057554321947309584,0.6111529134021253,242607000.0,unchecked,,0.0,general_dcf,-0.04786376391538505,0.018283235195904454,True,0.0475,0.10103312336295178,0.047708777011478964,-0.04321368708032373,32,1.0
EFX,Equifax Inc.,NYSE,common_stock,False,1980-03-17,Industrials,Consulting Services,US,117484896.00278068,1.316,20280242748.0,2026-07-31,fmp:company-screener,2026-08-01T02:02:06.715478+00:00,172.62,2026-07-31,20280242748.0,313394730.0532258,True,8,2025,ttm,2026-07-21,discrete,ok,6444500000.0,0.08588569570479487,0.06415271617826504,0.4437737605710296,0.17850880595856933,1150400000.0,0.0,0.17880493808027148,1152308423.4583097,884916363.7241135,657748912.5462593,5.518027789817611,0.09573937238314359,0.23204903677758318,0.0912919840543823,-0.03812143496395194,5297000000.0,5467100000.0,True,5.186654643823264,2.793776371308017,0.013636708956924714,-0.009458088634201875,0.5773609433659513,False,255800000.0,1349200000.0,-0.011209254697171378,2.192517795067042,119200000.0,unchecked,,0.0,general_dcf,0.11507038102063905,0.013372956901876338,True,0.0475,0.09943377741327686,0.04799693520140105,-0.008141793358894561,10,1.0
IFF,International Flavors & Fragrances Inc.,NYSE,common_stock,False,1974-12-17,Basic Materials,Chemicals - Specialty,US,255303000.0,0.944,20225103660.0,2026-07-31,fmp:company-screener,2026-08-01T02:02:06.715478+00:00,79.22,2026-07-31,20225103660.0,162936270.08387098,True,8,2025,ttm,2026-05-05,discrete,ok,10788000000.0,0.15474910231569639,0.4539990238864491,0.36345939933259175,0.07563959955506118,816000000.0,0.0,0.07201006934549255,776844628.0991735,641559297.8915975,727637661.1565374,2.831274946134387,0.11077549972097636,0.1741472172351885,0.034781722360572184,,5255000000.0,5817000000.0,True,4.03960396039604,2.804162219850587,0.0056625141562853904,0.05063939784107979,-0.813001760198834,False,409000000.0,96000000.0,0.0026075737341737515,4.403292181069959,257000000.0,unchecked,,0.0,general_dcf,-0.03627061103269891,0.015813953570334327,True,0.0475,0.08507632286016066,0.051615798922800715,-0.05029460049958848,87,1.0
CF,"CF Industries Holdings, Inc.",NYSE,common_stock,False,2005-08-11,Basic Materials,Agricultural Inputs,US,153629000.0,0.39,19232814510.0,2026-07-31,fmp:company-screener,2026-08-01T02:02:06.715478+00:00,125.19,2026-07-31,19232814510.0,315202521.8632258,True,8,2025,ttm,2026-05-07,discrete,ok,7407000000.0,0.0693970500262917,0.369349644758769,0.4040772242473336,0.35682462535439446,2643000000.0,0.0,0.31057439237664275,2300424524.3337927,1879684602.2170846,1989800691.899364,12.878968879607534,0.10944250869624048,0.18289664262667124,0.31208152796787686,0.12291746992958627,1578000000.0,3620000000.0,True,16.8343949044586,0.4447576099210823,0.006064690026954178,0.41755677345381026,-0.09270719933340157,False,318000000.0,0.0,-0.08877789063171027,1.8645320197044335,154500000.0,unchecked,,0.0,general_dcf,0.22102956873410107,0.2999999999882642,True,0.0475,0.0691052161601217,0.051068959835833046,0.24297631180775514,85,1.0
GIS,"General Mills, Inc.",NYSE,common_stock,False,1980-03-17,Consumer Defensive,Packaged Foods,US,533707998.993007,-0.047,19080060964.0,2026-07-31,fmp:company-screener,2026-08-01T02:02:06.715478+00:00,35.75,2026-07-31,19080060964.0,389466058.1541936,True,8,2026,annual,2026-07-01,annual,annual_anchor,18424600000.0,0.01271362544800514,0.039050616129588524,0.33492721687309357,0.1506192807442224,2775100000.0,0.0,0.17023929762976736,3136590963.1094117,2539093586.8341746,2322070510.925572,4.241224677489629,0.010840406996675838,0.19049260273418528,0.1098375745945436,,13084200000.0,13538000000.0,True,4.86603541995441,3.9288352400684623,0.004705797830303901,-2.026585028861294,-3.9707831700584353,False,1315300000.0,500300000.0,-0.03070705768587223,1.2971375507776668,547500000.0,unchecked,,0.0,general_dcf,-0.05729668017497436,0.027100271019354874,True,0.0475,0.065,0.05059421232911342,0.0448375745945436,30,0.85
DD,"DuPont de Nemours, Inc.",NYSE,common_stock,False,1972-06-01,Basic Materials,Chemicals,US,135019000.0,1.083,18496252810.0,2026-07-31,fmp:company-screener,2026-08-01T02:02:06.715478+00:00,137.0,2026-07-31,18497603000.0,215966416.78525162,True,8,2025,annual,2026-02-17,annual,annual_anchor,6849000000.0,-0.15676675554909192,0.1705169151896925,0.30252591619214486,0.12556577602569718,860000000.0,0.0,0.1422084324504564,973985553.8531758,685556682.6568762,729382869.6608502,5.219820167467487,0.017919565481706215,0.29613259668508285,0.03700941347828496,,2437000000.0,3194000000.0,True,2.747603833865815,1.617120106171201,0.0,-1.6711320427733378,0.5129191352257606,False,597000000.0,500000000.0,-0.05668318057452093,3.9034902763906123,139733333.0,unchecked,,0.0,general_dcf,0.046294168247293266,0.00696378834127739,True,0.0475,0.09575109259981554,0.061588397790055247,-0.05874167912153058,164,0.7
ROL,"Rollins, Inc.",NYSE,common_stock,False,1980-03-17,Industrials,Environmental Services,US,481145404.0031604,0.747,18269090990.0,2026-07-31,fmp:company-screener,2026-08-01T02:02:06.715478+00:00,37.97,2026-07-31,18269090990.0,231883793.10741934,True,8,2025,ttm,2026-07-23,discrete,ok,3924019000.0,0.10912535473277218,0.018996582038088735,0.507051316520129,0.18680235748093982,733016000.0,0.0,0.18720936478423789,734613104.3912804,544324810.5324484,602250695.6965712,1.2510478787706845,0.013836969187827336,0.2590319893850925,0.22298138703838224,0.2277945761618683,1006218000.0,1115303000.0,True,21.800380680466333,1.166059041257495,0.00884820999625816,-0.04070073032980681,-0.6814110789617669,False,344469000.0,244759000.0,-0.0075134656502403585,1.2874512298155514,481397000.0,unchecked,,0.0,general_dcf,0.08324788398532701,0.029197080309813914,True,0.0475,0.08263258638104722,0.04631050066343172,0.14034880065733502,8,1.0
BBY,"Best Buy Co., Inc.",NYSE,common_stock,False,1985-04-18,Consumer Cyclical,Specialty Retail,US,210767000.0,1.33,18180761420.0,2026-07-31,fmp:company-screener,2026-08-01T02:02:06.715478+00:00,86.26,2026-07-31,18180761420.0,337103246.95032257,True,8,2026,ttm,2026-06-05,discrete,ok,41860000000.0,-0.004005800635851875,0.0688135511098592,0.22517916865742954,0.04259436215957955,1783000000.0,0.0,0.043143110587273464,1805970609.183267,1388941405.1544433,1347089207.9234993,6.375244713315189,0.006461381096414542,0.23091693846414332,0.2511492854795664,-0.7173123244092846,2377000000.0,4126000000.0,True,38.76086956521739,0.915286869464767,0.0033370155573966675,-0.05487484276939167,0.1435372883620263,False,801000000.0,173000000.0,-0.02173620837992507,1.8353601496725913,211300000.0,unchecked,,0.0,general_dcf,0.012027617074898522,0.014118210088283746,True,0.0475,0.10180474223109162,0.048067691345991044,0.14934454324847476,56,1.0
ZBH,"Zimmer Biomet Holdings, Inc.",NYSE,common_stock,False,2001-07-25,Healthcare,Medical - Devices,US,193462000.0,0.461,18171885660.0,2026-07-31,fmp:company-screener,2026-08-01T02:02:06.715478+00:00,93.93,2026-07-31,18171885660.0,206385733.18387097,True,8,2025,ttm,2026-05-01,discrete,ok,8409200000.0,0.005292468669956474,0.10513002991211452,0.7003163202207107,0.15605527279646103,1312300000.0,0.0,0.13425669510777075,1128991400.5002658,996913523.4158583,1317362213.509169,6.72810119259024,0.06343278649486037,0.11698749611899856,0.058761228839764416,1.620416730156763,7046800000.0,7471000000.0,True,4.442450914014895,2.909856712226948,0.013153439429062589,0.4381970457569122,-0.2474427768209614,False,189400000.0,270300000.0,-0.02353247349355425,1.6589953529541934,195800000.0,unchecked,,0.0,general_dcf,0.04122039533994348,0.021101992856438167,True,0.0475,0.06745626776627507,0.055188281492562594,-0.008695038926510655,91,1.0
FTV,Fortive Corporation,NYSE,common_stock,False,2016-07-05,Technology,Industrial - Machinery,US,302017052.0013511,0.977,17882429649.0,2026-07-31,fmp:company-screener,2026-08-01T02:02:06.715478+00:00,59.21,2026-07-31,17882429649.0,190407425.31935483,True,8,2025,ttm,2026-07-29,discrete,ok,4315799999.0,-0.03190008590079263,0.14432034672582747,0.6323045555012523,0.18228370178930528,786700000.0,0.0,0.17465117318383777,753759533.0521559,649583127.8431834,815407574.9706831,2.6508698796186057,0.024110833965281582,0.138209071515337,0.0737269510139396,,3135100000.0,3509300000.0,True,6.375202593192869,2.6597946890642232,0.018680032314972055,0.3894854500109189,0.741884951653389,False,56400000.0,1309800000.0,-0.05178548137113648,1.8331132188738144,307600000.0,unchecked,,0.0,general_dcf,0.05327231303626001,0.016166281798198134,True,0.0475,0.08937985892850567,0.05386193303029144,-0.01565290791456607,2,1.0
BR,"Broadridge Financial Solutions, Inc.",NYSE,common_stock,False,2007-03-22,Technology,Information Technology Services,US,115658000.00000001,0.903,17805549100.0,2026-07-31,fmp:company-screener,2026-08-01T02:02:06.715478+00:00,153.95,2026-07-31,17805549100.0,211042155.0429032,True,8,2025,ttm,2026-04-30,discrete,ok,7322300000.0,0.0685924193098515,0.04063231367957985,0.3131393141499256,0.17143520478538163,1255300000.0,0.0,0.14387942785845714,1053528334.6079807,836053183.5487306,815635652.4579357,6.971244892802869,0.012636197980302195,0.20642553590186344,0.16823569567196237,,3102500000.0,3407300000.0,True,11.138420585625555,1.9448971915747242,0.010850187496157866,1.9998771478533652,2.030313187423681,False,433800000.0,485800000.0,-0.004237338963661075,1.3952352590827874,117000000.0,unchecked,,0.0,general_dcf,0.07958344943504114,0.0067385445981244865,True,0.0475,0.08573486557659522,0.04959840400613354,0.08250083009536714,92,1.0
BALL,Ball Corporation,NYSE,common_stock,False,1972-07-13,Consumer Cyclical,Packaging & Containers,US,266246511.0015408,0.986,17279398564.0,2026-07-31,fmp:company-screener,2026-08-01T02:02:06.715478+00:00,64.9,2026-07-31,17279398564.0,156497222.00354838,True,8,2025,ttm,2026-05-05,discrete,ok,13644000000.0,0.017786620061432057,0.11928555987218101,0.15691879214306656,0.09168865435356201,1251000000.0,0.0,0.08794729929249331,1199952951.5467787,968216005.8776917,555979117.6268333,2.079118352000603,0.01354303199429687,0.19312169312169314,0.07962489247493586,,7077000000.0,7807000000.0,True,3.8850931677018634,3.7603613177470776,0.0,0.27278483096928297,-1.3674161551806396,False,217000000.0,767000000.0,-0.0580970780100033,1.3837719298245614,267411000.0,unchecked,,0.0,general_dcf,0.12043033854822482,0.10986703988735777,True,0.0475,0.08864701853194265,0.07060185185185185,-0.009022126057006793,87,1.0
GPC,Genuine Parts Company,NYSE,common_stock,False,1980-03-17,Consumer Cyclical,Specialty Retail,US,137859757.99630135,0.642,17145618102.0,2026-07-31,fmp:company-screener,2026-08-01T02:02:06.715478+00:00,124.37,2026-07-31,17145618102.0,208811091.7367742,True,8,2025,ttm,2026-07-21,discrete,ok,25071538000.0,0.053860976464620514,0.0710592815180315,0.36217171838440865,0.040090041544320096,1005119000.0,0.0,0.061460954263392015,1540920650.330895,1160249322.4622538,1087973577.3104506,7.882895420929672,0.007756203905049468,0.2470414863912015,0.071265139769287,0.00652465213536238,6093667000.0,6652785000.0,True,5.909787919589363,3.880246403380469,0.002010152945203075,-2.1370912719071917,-1.5523538978865008,False,574508000.0,12950000.0,-0.01018617593716209,1.3840108574942815,138017000.0,unchecked,,0.0,general_dcf,0.050135851691109234,0.015324165027115425,True,0.0475,0.07050349713750856,0.04705990710054991,0.0007616426317784419,10,1.0
IEX,IDEX Corporation,NYSE,common_stock,False,1989-06-02,Industrials,Industrial - Machinery,US,73719900.0,0.974,16988750955.0,2026-07-31,fmp:company-screener,2026-08-01T02:02:06.715478+00:00,230.45,2026-07-31,16988750955.0,162729813.16548386,True,8,2025,ttm,2026-07-29,discrete,ok,3585300000.0,0.048393072016545746,0.07811551399627946,0.4469918835243913,0.2075419072323097,744100000.0,0.0,0.2322517632887101,832692246.9190123,652109595.3644464,622710126.2791392,8.392319761174383,0.012666381903102823,0.21686601769468536,0.11108929316634601,0.02470218066916018,1237600000.0,1858900000.0,True,11.663009404388715,1.2934782608695652,0.0078928046989721,-2.4709856056400414,-0.32026758253238563,False,213400000.0,301500000.0,-0.007957896980223311,1.322970297029703,74200000.0,unchecked,,0.0,general_dcf,0.066297850050973,0.008287292875656637,True,0.0475,0.09153943539022365,0.04894587389408216,0.019549857776122365,2,1.0
NVR,"NVR, Inc.",NYSE,common_stock,False,1985-07-22,Consumer Cyclical,Residential Construction,US,2699290.00008134,0.902,16592670595.0,2026-07-31,fmp:company-screener,2026-08-01T02:02:06.715478+00:00,6147.05,2026-07-31,16592670595.0,190835693.82806453,True,8,2025,annual,2026-02-11,annual,annual_anchor,10323959000.0,0.05334976012067316,0.09625627066574248,0.22961714590303972,0.16189835701594707,1671432000.0,0.0,0.16300107727747046,1682816438.7684367,1363428239.5558188,1209607868.9233801,394.13746136310857,0.02972053812111813,0.189793843139755,0.43619093941251086,0.15018659962693287,-760255000.0,1196626000.0,True,57.965389283856425,-0.44827889161303863,0.007011381627723662,-0.04302593968602737,-1.105050917597876,False,0.0,1833316000.0,-0.043633961283893075,0.8369208906297582,3069000.0,unchecked,,0.0,general_dcf,-0.06459897294171912,0.006256517192690412,True,0.0475,0.08977734999859845,0.05063788480376531,0.3464135894139124,170,0.7
J,Jacobs Solutions Inc.,NYSE,common_stock,False,1980-03-17,Industrials,Engineering & Construction,US,118080878.9965167,0.672,15932653003.0,2026-07-31,fmp:company-screener,2026-08-01T02:02:06.715478+00:00,134.93,2026-07-31,15932653003.0,156123740.1348387,True,8,2025,ttm,2026-05-05,discrete,ok,13171974000.0,-0.030890069801322917,0.13973498530720468,0.23404730376783311,0.046887960756679295,617607000.0,0.0,0.052005834956734234,685019505.8983945,560455009.341182,568966021.3731631,4.78098601224445,0.012381959830663078,0.1818408023197058,0.07799016421150091,,3186174000.0,4558086000.0,True,4.181015049046487,4.013784189627718,0.006451037354247796,-0.36149445253346946,-0.5234713509559207,False,158345000.0,673572000.0,-0.027638266062380956,1.4640983392337075,119006000.0,unchecked,,0.0,general_dcf,-0.20923616151771962,0.12396830798687555,True,0.0475,0.07443438996342973,0.05113494985501839,0.0035557742480711862,87,1.0
DVA,DaVita Inc.,NYSE,common_stock,False,1995-10-31,Healthcare,Medical - Care Facilities,US,64185000.0,0.882,15410176650.0,2026-07-31,fmp:company-screener,2026-08-01T02:02:06.715478+00:00,240.09,2026-07-31,15410176650.0,168553730.6932258,True,8,2025,annual,2026-02-11,annual,annual_anchor,13643069000.0,0.025929444209832786,0.026087355491171724,0.27004517825131574,0.14737263294644334,2010615000.0,0.0,0.14550525066336295,1985138174.6625564,1565650230.9045572,1413408914.134006,16.043233985630035,0.013879972339570818,0.2113142294638033,0.11645443881875096,0.1227338483621266,14267939000.0,15049989000.0,True,3.6578317329908274,5.234091218406119,0.009256477701629148,0.1974336708355395,-2.239626543011596,False,0.0,1792999000.0,-0.027658629253879186,2.526101260975117,88100000.0,unchecked,,0.0,general_dcf,0.04175524584934709,0.025174825234167753,True,0.0475,0.08043856439450453,0.06901000492191721,0.03601587442424643,170,0.7
TXT,Textron Inc.,NYSE,common_stock,False,1947-12-22,Industrials,Aerospace & Defense,US,171987000.0,0.905,14663611620.0,2026-07-31,fmp:company-screener,2026-08-01T02:02:06.715478+00:00,85.26,2026-07-31,14663611620.0,145510135.8435484,True,8,2025,annual,2026-02-11,annual,annual_anchor,14799000000.0,0.008248732569438255,0.07243458258784338,0.16906547739712144,0.08439759443205622,1249000000.0,0.0,0.07336775937487461,1085769470.9887693,934223506.6197445,870689597.4594455,4.830241084775408,0.025415628960854395,0.1395747149079607,0.10606703326884692,0.25759232874061827,2257000000.0,4282000000.0,True,12.876288659793815,1.376219512195122,0.0,1.336254206979469,-0.1349691160088956,False,19000000.0,1077000000.0,-0.05701769422892122,1.3767643865363735,180258000.0,unchecked,,0.0,general_dcf,0.06696956336027293,0.009485094806513475,True,0.0475,0.08394140693768519,0.05377658031825246,0.022125626331161732,170,0.7
LDOS,"Leidos Holdings, Inc.",NYSE,common_stock,False,2006-10-17,Technology,Information Technology Services,US,125785466.00346021,0.547,14540799870.0,2026-07-31,fmp:company-screener,2026-08-01T02:02:06.715478+00:00,115.6,2026-07-31,14540799870.0,193005120.50387096,True,8,2025,ttm,2026-05-05,discrete,ok,17329000000.0,0.07736031877777316,0.028611102453578684,0.17526227710773848,0.12032915921288015,2085184000.0,0.0,0.08168230208944804,1415472612.908045,1101123816.8793771,1155502525.421656,9.027363479856687,0.02308510417677542,0.22208045084167888,0.14105264323409952,1.803534724862237,6487000000.0,6944000000.0,True,9.976956937799043,2.727711564790613,0.005101428399951986,3.642298079390527,3.3343214066828097,False,213000000.0,659000000.0,-0.024762720249560388,1.2019230769230769,128000000.0,unchecked,,0.0,general_dcf,0.051599587211593745,0.004645760771286587,True,0.0475,0.06637231732353163,0.04861997182239507,0.07468032591056789,87,1.0
LII,Lennox International Inc.,NYSE,common_stock,False,1999-07-29,Industrials,Industrial - Machinery,US,34560700.0,1.163,14373103916.0,2026-07-31,fmp:company-screener,2026-08-01T02:02:06.715478+00:00,415.88,2026-07-31,14373103916.0,248311524.5551613,True,8,2025,ttm,2026-07-29,discrete,ok,5302200000.0,0.04243489707952652,0.0724729774242743,0.3310135415487911,0.1937120440571838,1027100000.0,0.0,0.1496697217049871,793578798.4241827,639674293.5978085,498267672.3881771,14.318036562878651,0.02489165309998605,0.19393726890383645,0.2531980644409045,0.1663844299821386,1972600000.0,2024700000.0,True,18.243339253996446,1.7167972149695387,0.005601216484129886,1.6329045768820445,0.9477581748234614,False,211700000.0,343700000.0,-0.009399052372510042,1.1720163589044492,34800000.0,unchecked,,0.0,general_dcf,0.05962408561996124,0.008912655894529917,True,0.0475,0.0988254669805109,0.05037892069351022,0.15437259746039358,2,1.0
SWK,"Stanley Black & Decker, Inc.",NYSE,common_stock,False,1980-03-17,Industrials,Manufacturing - Tools & Accessories,US,151017000.0,1.164,14283187860.0,2026-07-31,fmp:company-screener,2026-08-01T02:02:06.715478+00:00,94.58,2026-07-31,14283187860.0,143252879.55806452,True,8,2025,ttm,2026-07-29,discrete,ok,15247700000.0,0.011336139540656154,0.08535038877677309,0.3171888219206831,0.08338962597637677,1271500000.0,0.0,0.11132867047083822,1697506168.7382,1527755551.86438,692720705.4640054,4.545739557737142,0.03671531336095393,0.1,0.08719322173373056,,4165500000.0,4757900000.0,True,3.3311501178936336,2.3563185880755744,0.0054724263733939614,-0.6184995219137054,0.8064904266341019,False,502400000.0,269600000.0,-0.008945795663361622,3.1413728815371136,152389000.0,unchecked,,0.0,general_dcf,-0.0057703453926518655,0.0032873109530953534,True,0.0475,0.09896585718511569,0.07875,-0.011772635451385127,2,1.0
MAS,Masco Corporation,NYSE,common_stock,False,1980-03-17,Basic Materials,Construction Materials,US,197187429.99440402,1.282,14094957496.0,2026-07-31,fmp:company-screener,2026-08-01T02:02:06.715478+00:00,71.48,2026-07-31,14094957496.0,200854016.40935487,True,8,2025,annual,2026-02-10,annual,annual_anchor,7562000000.0,0.018441922577974612,0.07454092639234282,0.3553292779687913,0.1682094683946046,1272000000.0,0.0,0.16795059838708515,1270042425.0031378,960334145.0605351,871089805.8252428,4.148046694405918,0.00811682595383252,0.24385664119986983,0.36950224832645623,-0.24970968064271476,2789000000.0,3436000000.0,True,12.594059405940595,1.9640845070422535,0.0,0.05177400150389033,0.08040253516527615,False,261000000.0,571000000.0,-0.032664550890476485,1.3077858880778588,210000000.0,unchecked,,0.0,general_dcf,0.01278272588934537,0.020565552730345202,True,0.0475,0.09898940450068888,0.047258959925008136,0.27051284382576735,171,0.7
HRL,Hormel Foods Corporation,NYSE,common_stock,False,1980-03-17,Consumer Defensive,Packaged Foods,US,550315000.0,0.328,13763378150.0,2026-07-31,fmp:company-screener,2026-08-01T02:02:06.715478+00:00,25.01,2026-07-31,13763378150.0,132184024.23258065,True,8,2025,ttm,2026-05-28,discrete,ok,12218454000.0,0.0345289804796276,0.07075575077564036,0.15715834425533706,0.05751382294355734,702730000.0,0.0,0.1019744015582596,1245969534.6171231,990465569.5808431,824234851.9423257,1.4964050252216294,0.020495413490721637,0.20506437592376153,0.056166924608703754,-0.8173585816308039,1996482000.0,2856339000.0,True,8.939447907390917,2.052479806562443,0.0019489468699114664,-2.3085899904153933,-0.7972208505916965,False,639404000.0,0.0,0.0007539661826108102,1.5735132999932921,550810000.0,unchecked,,0.0,general_dcf,0.011144920445119055,0.0114192495897784,True,0.0475,0.068578650116867,0.0496834765047649,-0.012411725508163239,64,1.0
MKC,"McCormick & Company, Incorporated",NYSE,common_stock,False,1999-04-26,Consumer Defensive,Packaged Foods,US,268851560.0,0.626,13684544404.0,2026-07-31,fmp:company-screener,2026-08-01T02:02:06.715478+00:00,50.9,2026-07-31,13684544404.0,226415629.78129032,True,8,2025,ttm,2026-06-25,discrete,ok,7385800000.0,0.03704045899573383,0.04054819849655103,0.3862140864902922,0.15342955400904437,1133200000.0,0.0,0.1601489888335239,1182828401.726641,953449802.4812049,811078672.2038525,3.0129222593010865,0.014091335228818327,0.1939238176142873,0.07875956249661487,0.32789539622469666,4602300000.0,4933500000.0,True,5.482341557813256,3.3107690094237823,0.007049689902880854,-0.38577712037171125,0.5570054708523502,False,499400000.0,0.0,-0.0012351791227026565,1.218900430706866,269200000.0,unchecked,,0.0,general_dcf,0.15811282018017425,0.01908396945937656,True,0.0475,0.07126906688506009,0.05037976139910704,0.007490495611554779,36,1.0
BF-B,Brown-Forman Corporation,NYSE,common_stock,False,1980-03-17,Consumer Defensive,Beverages - Wineries & Distilleries,US,466342157.9881657,0.344,13398010199.0,2026-07-31,fmp:company-screener,2026-08-01T02:02:06.715478+00:00,28.73,2026-07-31,13398010199.0,76463818.40129033,True,8,2026,ttm,2026-06-12,discrete,ok,3928000000.0,0.024138370352259964,0.057597498228138366,0.6053971486761711,0.29022403258655805,1140000000.0,0.0,0.2998562717978978,1177835435.6221426,945347717.652211,741403715.6265756,1.614168460574722,0.027302441935876717,0.19738556927278184,0.15606011445148024,-0.044201954155991735,1843000000.0,2151000000.0,True,11.4,1.4959415584415585,0.007044025157232704,-0.26050228701533884,0.8881205093808648,False,427000000.0,401000000.0,-0.014965924395725527,0.6881472957422324,459310000.0,unchecked,,0.0,general_dcf,-0.036644731919241,0.017729078396494253,True,0.0475,0.06941002694999844,0.050163401920451135,0.0866500875014818,49,1.0
DECK,Deckers Outdoor Corporation,NYSE,common_stock,False,1993-10-15,Consumer Cyclical,Apparel - Footwear & Accessories,US,136182000.0,1.167,13193312160.0,2026-07-31,fmp:company-screener,2026-08-01T02:02:06.715478+00:00,96.88,2026-07-31,13193312160.0,231394911.95096776,True,8,2026,ttm,2026-07-30,discrete,ok,5522088000.0,0.15243133665375241,0.056956383300160646,0.5741652432920301,0.22595003918807524,1247716000.0,0.0,0.18901089246657682,1043734781.1589743,810434915.7160472,941071879.1715472,6.791849531041269,0.02780289268721685,0.22352408835496348,0.8270437838415013,10.520224177237193,-1130255000.0,472334000.0,True,444.0270462633452,-0.8547405086600466,0.008219898369165564,0.9174814668268938,0.35193755514821073,False,0.0,1230058000.0,-0.04705755910162279,1.1541729040271622,138559000.0,unchecked,,0.0,general_dcf,0.09363052301751185,0.011049723812776507,True,0.0475,0.10386880531261934,0.04852974447781478,0.723174978528882,1,1.0
AVY,Avery Dennison Corporation,NYSE,common_stock,False,1973-02-21,Consumer Cyclical,Packaging & Containers,US,76490400.0,0.826,12982715592.0,2026-07-31,fmp:company-screener,2026-08-01T02:02:06.715478+00:00,169.73,2026-07-31,12982715592.0,123539688.22258064,True,8,2025,ttm,2026-07-30,discrete,ok,9248100000.0,0.03084742229791626,0.08301444555300411,0.28977844097706557,0.12413360582173635,1148000000.0,0.0,0.12112797327355174,1120203609.6311338,843619207.9314766,652064198.840087,8.501488902739075,0.005488124036019337,0.2469054726495054,0.14973977127290433,0.0533767593904854,3450900000.0,3678200000.0,True,8.08450709918667,2.314952706782049,0.0031505843825870928,0.3005632548184617,2.744004319000412,False,294000000.0,410500000.0,-0.022820121934728266,1.3318201163285572,76700000.0,unchecked,,0.0,general_dcf,0.049146035318573755,0.0075512406457112395,True,0.0475,0.07958699240770313,0.04706840795940591,0.0701527788652012,1,1.0
HII,"Huntington Ingalls Industries, Inc.",NYSE,common_stock,False,2011-03-22,Industrials,Aerospace & Defense,US,39404000.0,0.248,12863435800.0,2026-07-31,fmp:company-screener,2026-08-01T02:02:06.715478+00:00,326.45,2026-07-31,12863435800.0,158036906.7264516,True,8,2025,ttm,2026-07-30,discrete,ok,13185000000.0,0.06232886601518706,0.03742353429875987,0.12559726962457338,0.05180128934395146,683000000.0,0.0,0.06102485467315274,804612708.8655188,668090285.8789268,610032129.3064386,15.443851374846545,0.021444044550883654,0.16967470372060728,0.06886608103932305,0.04451518236260853,2923000000.0,2935000000.0,True,15.522727272727273,2.908457711442786,0.002968395320412083,-0.4613978672787763,-2.9797126138523007,False,216000000.0,43000000.0,-0.00501261550340415,1.4243759177679882,39500000.0,unchecked,,0.0,general_dcf,0.07731608077572494,0.030840400900066553,True,0.0475,0.06867210816125552,0.05189533101746205,0.00019397287806753594,1,1.0
TYL,"Tyler Technologies, Inc.",NYSE,common_stock,False,1980-03-17,Technology,Software - Application,US,40952300.0,0.821,12678832080.0,2026-07-31,fmp:company-screener,2026-08-01T02:02:06.715478+00:00,309.6,2026-07-31,12678832080.0,258585960.4864516,True,8,2025,ttm,2026-07-29,discrete,ok,2429657000.0,0.13944339404503459,0.12347290006233938,0.4661892604593982,0.15138515436541042,367814000.0,0.0,0.14201850877509714,345056263.9749762,309210843.3618651,391623652.7724871,9.357122614208947,0.017232366222804017,0.10388282826742315,0.09357844766452977,,484995000.0,1455030000.0,True,56.35268883100965,0.9345535967195867,0.0574482307303339,0.49377262032162417,0.9534885041944576,False,0.0,753400000.0,-0.0043111130571173994,2.2929260663335724,41853000.0,unchecked,,0.0,general_dcf,0.08862468717918515,0.007812500042785286,True,0.0475,0.08519984908527764,0.056007323233286055,0.008378598579252133,2,1.0
RVTY,"Revvity, Inc.",NYSE,common_stock,False,1965-07-06,Healthcare,Medical - Diagnostics & Research,US,111560000.0,1.091,12552731200.0,2026-07-31,fmp:company-screener,2026-08-01T02:02:06.715478+00:00,112.52,2026-07-31,12552731200.0,162247543.8783871,True,8,2025,ttm,2026-05-12,discrete,ok,2902407000.0,0.003966430835526502,0.14428339306621862,0.5143837511417247,0.12413524360987277,360291000.0,0.0,0.14712330139003132,427011699.81753665,384153448.66558564,484430846.3838153,4.330069419570018,0.07706317721533479,0.10036786151354743,0.03351006242660167,,2489859000.0,3350179000.0,True,3.8353718902692173,3.219929778277822,0.01372364543928079,-0.8652800786490364,-0.09422961988628549,False,32207000.0,753717000.0,-0.0399360164596676,2.265550046408187,111876000.0,unchecked,,0.0,general_dcf,-0.006680652390449238,0.010563380028992847,True,0.0475,0.0971347357568686,0.0787178121175646,-0.06362467333026692,80,1.0
GNRC,Generac Holdings Inc.,NYSE,common_stock,False,2010-02-11,Industrials,Industrial - Machinery,US,58868699.99999999,1.895,11603609457.0,2026-07-31,fmp:company-screener,2026-08-01T02:02:06.715478+00:00,197.11,2026-07-31,11603609457.0,259885926.5435484,True,8,2025,ttm,2026-07-29,discrete,ok,4438732000.0,0.11030592847427156,0.18431135977399998,0.39539422519764655,0.09495684803678167,421488000.0,0.0,0.1468885095320479,651998727.692206,511041316.31399924,398988820.6500776,6.712872273899418,0.043557535100733596,0.21619277061649367,0.08028169132640661,-1.435172989305175,1237454000.0,1502375000.0,True,6.243526693132666,2.151906790713851,0.011866299751469835,-0.9275565469922457,-0.08719391808246887,False,0.0,0.0,-0.027795246450895927,2.568676787024408,59436379.0,unchecked,,0.0,general_dcf,0.15372777513711933,0.012195121879569613,True,0.0475,0.1315591152313363,0.048987951836469146,-0.051277423904929675,2,1.0
CLX,The Clorox Company,NYSE,common_stock,False,1983-03-21,Consumer Defensive,Household & Personal Products,US,120921000.0,0.531,11551583130.0,2026-07-31,fmp:company-screener,2026-08-01T02:02:06.715478+00:00,95.53,2026-07-31,11551583130.0,243587485.06193548,True,8,2025,ttm,2026-04-30,discrete,ok,6760000000.0,0.021432522079732008,0.04784159504257865,0.43846153846153846,0.15680473372781065,1060000000.0,0.0,0.16627615240393642,1124026790.25061,874932447.6268772,793274094.3052762,6.513618812396037,0.035459469260360796,0.221608901837825,0.2552891596695252,,3299000000.0,4486000000.0,True,10.927835051546392,2.5653188180404354,0.010432821091216692,-0.32953557600966793,-2.7440912518069984,False,602000000.0,331000000.0,-0.00573336662121704,2.482142857142857,121787000.0,unchecked,,0.0,general_dcf,-0.05069756891826693,0.007485029932505259,True,0.0475,0.0669450082484916,0.04864944363513594,0.1883441514210336,92,1.0
CRL,"Charles River Laboratories International, Inc.",NYSE,common_stock,False,2000-06-23,Healthcare,Medical - Diagnostics & Research,US,48167700.0,1.399,11199471927.0,2026-07-31,fmp:company-screener,2026-08-01T02:02:06.715478+00:00,232.51,2026-07-31,11199471927.0,180956043.93387097,True,8,2025,annual,2026-02-18,annual,annual_anchor,4015382000.0,0.0851571891397469,0.08021627755490296,0.3052195283039073,0.1264733965535533,507839000.0,0.0,0.14711536221006205,590724377.3417634,482640130.6807888,439123203.1593077,8.859720828813407,0.03280426308094481,0.18296899672119415,0.06896517348144895,-0.1283123019166573,2851743000.0,3065513000.0,True,4.74487288491904,3.1298248040116294,0.017447533048918138,-1.0345919645023396,0.013713864358461123,False,0.0,360673000.0,-0.011416162516314277,36.38992976987103,49564000.0,unchecked,,0.0,general_dcf,-0.03877303101496088,0.02857142857142857,True,0.0475,0.10318389279629196,0.051064437704925365,-0.03421871931484301,163,0.7
GDDY,GoDaddy Inc.,NYSE,common_stock,False,2015-03-31,Technology,Software - Infrastructure,US,132409847.00265893,0.88817906,10955590741.0,2026-07-31,fmp:company-screener,2026-08-01T02:02:06.715478+00:00,82.74,2026-07-31,10955590741.0,247004914.0819355,True,8,2025,ttm,2026-07-31,discrete,ok,3807398000.0,0.09280680491839521,0.034225618091680156,0.5855779196185952,0.2448502888324257,932242500.0,0.0,0.11102806941403387,422728049.4308537,380455244.48776835,606435847.1480067,4.567704435985167,0.05719017414537835,0.1,-0.7864812992125985,6.204132231404959,-1073500000.0,82000000.0,True,1553.7375,-1.0473758284001298,0.06557771363596607,2.500871062549805,8.54180822241074,False,0.0,810224400.0,-0.06313575613732125,1.3744262994983456,132766000.0,unchecked,,0.0,general_dcf,0.06005401880785377,0.005725190802916598,True,0.0475,0.09164403702199236,0.05625,-0.8781253362345909,0,1.0
UHS,"Universal Health Services, Inc.",NYSE,common_stock,False,1981-07-09,Healthcare,Medical - Care Facilities,US,60536350.0,1.075,10196742794.0,2026-07-31,fmp:company-screener,2026-08-01T02:02:06.715478+00:00,168.44,2026-07-31,10196742794.0,172251908.73548388,True,8,2025,ttm,2026-07-28,discrete,ok,18114487000.0,0.0705902397892153,0.02925262926817608,0.5144452062042938,0.11363584295818038,2058455000.0,0.0,0.10734202554714209,1944445726.3273733,1488607625.451959,782030887.3942069,12.671931836420423,0.014372880023670485,0.23443086875784985,0.12470256284496385,0.22875878037240152,5123375000.0,5262175000.0,True,13.21886579202548,1.8978183169217218,0.006142007240454682,0.6293817411038294,-0.5333012730795011,False,49593000.0,1074010000.0,-0.05801175829131966,1.7662382713727458,61713628.0,unchecked,,0.0,general_dcf,0.07139862924308438,0.011866235163148907,True,0.0475,0.0830721235765008,0.04784807070263439,0.04163043926846305,3,1.0
IT,"Gartner, Inc.",NYSE,common_stock,False,1993-10-05,Industrials,Consulting Services,US,66951899.00013243,0.963,10111075787.0,2026-07-31,fmp:company-screener,2026-08-01T02:02:06.715478+00:00,151.02,2026-07-31,10111075787.0,252231422.81709677,True,8,2025,ttm,2026-05-05,discrete,ok,6474167000.0,0.07269833519446389,0.06179865594253881,0.6824678757900438,0.1643040718597466,1063732000.0,0.0,0.17117715207499506,1108229469.1179147,889041347.1501673,1041561688.2029382,14.886896136681743,0.051549306927748374,0.19778225365384677,0.4871764983225668,,1688229000.0,3355175000.0,True,15.590842469367415,1.3412353262700285,0.02399120490250038,-0.13646143545180636,0.2676237249405352,False,0.0,2363112000.0,-0.04790800813604068,1.3096674546101492,69965000.0,unchecked,,0.0,general_dcf,-0.010004184181738873,0.009331259687159647,True,0.0475,0.08431063886513594,0.05013860914663458,0.40286585945743086,87,1.0
AOS,A. O. Smith Corporation,NYSE,common_stock,False,1983-09-30,Industrials,Industrial - Machinery,US,138566592.99850324,1.153,8332009237.0,2026-07-31,fmp:company-screener,2026-08-01T02:02:06.715478+00:00,60.13,2026-07-31,8332009237.0,106789370.93451612,True,8,2025,ttm,2026-07-30,discrete,ok,3804900000.0,0.026568913605153677,0.08652962550915337,0.38592341454440326,0.17574706299771348,668700000.0,0.0,0.17426573959201086,663063712.5736421,515727417.71253145,504953565.67916644,3.645584579413667,0.014411370996533553,0.22220533572744258,0.22252654430285335,0.2108640304651065,495400000.0,676700000.0,True,31.54245283018868,0.6509000131388779,0.0036029450159260614,0.06826052907658091,1.0255683688651824,False,198000000.0,311900000.0,-0.038406661410573695,1.1292566825338703,138511000.0,unchecked,,0.0,general_dcf,0.013893067313357044,0.012820512922436036,True,0.0475,0.10090309282257807,0.04861216651703484,0.12162345148027527,1,1.0
BLDR,"Builders FirstSource, Inc.",NYSE,common_stock,False,2005-06-28,Basic Materials,Construction Materials,US,107560000.0,1.418,7146286400.0,2026-07-31,fmp:company-screener,2026-08-01T02:02:06.715478+00:00,66.44,2026-07-31,7146286400.0,207565517.47580644,True,8,2025,ttm,2026-07-30,discrete,ok,14448715000.0,0.10142713470583886,0.4874494089811426,0.29187619798715664,0.030244281238850652,436991000.0,0.0,0.08040553338465037,1161756636.2977986,902254480.8103817,919325122.451185,8.4566748454713,0.04084647846487641,0.22337049548895163,0.03697862194429472,-0.7504917448173807,5172563000.0,5238214000.0,True,1.5196832594921301,5.001356562164002,0.0035226960184292456,-1.1041076099803377,-0.37721732973340855,False,0.0,719608000.0,-0.12716114674226775,1.7373554826152382,108710000.0,unchecked,,0.0,general_dcf,-0.048728529265457676,0.028552005405140544,True,0.0475,0.09706354967718345,0.06795508164471672,-0.060084927732888725,1,1.0
MOS,The Mosaic Company,NYSE,common_stock,False,1988-01-26,Basic Materials,Agricultural Inputs,US,317846643.98734176,0.825,7030767765.0,2026-07-31,fmp:company-screener,2026-08-01T02:02:06.715478+00:00,22.12,2026-07-31,7030767765.0,205848261.4467742,True,8,2025,annual,2026-02-27,annual,annual_anchor,12052400000.0,0.033229377034890595,0.28633654438079925,0.15075005807971856,0.08709468653546182,1049700000.0,0.0,0.09196034797187076,1108342897.8961751,827895608.4688139,543780144.420131,1.705174488617532,0.10375908132929813,0.25303296476180637,0.04588602961700932,-0.37217194465372566,5002900000.0,5279500000.0,True,4.821773082223243,2.38278719756144,0.0027599097553318097,-0.1332290169735289,-2.9602331021218133,False,280400000.0,0.0,-0.03601966659514766,2.066443471542622,318900000.0,unchecked,,0.0,general_dcf,0.05094506209396177,0.1509433962488267,True,0.0475,0.07070978752609633,0.0466854397023871,-0.02482375790908701,154,0.7
NVDA,NVIDIA Corporation,NASDAQ,common_stock,False,1999-01-22,Technology,Semiconductors,US,24221000000.0,2.211,4862365750000.0,2026-07-31,fmp:company-screener,2026-08-01T02:02:06.715478+00:00,200.75,2026-07-31,4862365750000.0,32390052169.655483,True,8,2026,ttm,2026-05-20,discrete,ok,253491000000.0,0.5163268176717339,0.4688862654214663,0.741454331711974,0.6402002437956377,162285000000.0,0.0,0.3488807007223773,88438117706.81615,79594305936.13454,68653615309.5999,2.8147109716534744,0.16316840778696795,0.1,1.1436037771305083,1.2181591200485862,-67758000000.0,12814000000.0,True,544.5805369127517,-0.40937926701064564,0.03629968505023104,1.4010363329555737,0.9818278050012875,False,973000000.0,47432000000.0,-0.009110809543960374,0.8793770581778265,24391000000.0,unchecked,,0.0,general_dcf,0.6507984058839043,0.021860486935645556,True,0.0475,0.14,0.05625,1.0036037771305084,72,1.0
AAPL,Apple Inc.,NASDAQ,common_stock,False,1980-12-12,Technology,Consumer Electronics,US,14687355999.999998,1.0969188,4537071141960.0,2026-07-31,fmp:company-screener,2026-08-01T02:02:06.715478+00:00,308.91,2026-07-31,4537071141960.0,17374431340.805485,True,8,2025,ttm,2026-07-31,discrete,ok,466823000000.0,0.06625988170490915,0.11308050323836664,0.4865291555900202,0.3317295848747812,154859000000.0,0.0,0.2980189489629316,139122099811.7226,117172918020.45644,108311954720.24055,7.343033025374027,0.028560720071138447,0.15776919569910552,1.0077187326021588,,21908000000.0,84307000000.0,True,,0.13043659464512172,0.02988990755303234,1.1728731988222116,1.821527015917507,False,15640000000.0,82226000000.0,-0.03326232267146012,1.1396773029537606,14750302000.0,unchecked,,0.0,general_dcf,0.15104317594179584,0.02544832049450553,True,0.0475,0.10182326943446965,0.07369519537632827,0.9058954631676892,0,0.95
GOOGL,Alphabet Inc.,NASDAQ,common_stock,False,2004-08-19,Communication Services,Internet Content & Information,US,12102111285.999496,1.247,4309924892283.0,2026-07-31,fmp:company-screener,2026-08-01T02:02:06.715478+00:00,356.13,2026-07-31,4309924892283.0005,11666451782.255806,True,8,2025,ttm,2026-07-23,discrete,ok,445934000000.0,0.16685519908060154,0.10263411038468587,0.6090251023694089,0.3312059632142873,147696000000.0,0.0,0.2694154064384683,120141489854.73192,100844891085.1133,63881292393.76031,5.189803590361549,0.04531360148059372,0.1606156107515475,0.24272306231559795,0.20436649731136108,-129718000000.0,112756000000.0,True,295.98396793587176,-0.7501055322003319,0.065096652172174,0.880294973590255,4.032907446673264,False,10303000000.0,17003000000.0,-0.02201252034036738,1.2515132144069998,12309000000.0,unchecked,,0.0,general_dcf,0.23705805336148744,0.02381227871317319,True,0.0475,0.10838688404827948,0.05246152432802828,0.13433617826731847,8,1.0
MSFT,Microsoft Corporation,NASDAQ,common_stock,False,1986-03-13,Technology,Software - Infrastructure,US,7425550000.0,1.13,3450801596000.0,2026-07-31,fmp:company-screener,2026-08-01T02:02:06.715478+00:00,464.72,2026-07-31,3450801596000.0,15940327679.829676,True,8,2026,ttm,2026-07-29,discrete,ok,331839000000.0,0.14856852011738142,0.03606814315994496,0.6794409337058032,0.4678081840892722,155237000000.0,0.0,0.41914079396076964,139087261927.14783,115346944559.31813,87182837218.38206,11.697683780810689,0.040157871508211505,0.17068649593709445,0.26042184982291633,0.16825618449363328,51965300000.0,128808300000.0,True,50.880694854146185,0.26817893286405087,0.042502591188539135,1.0197331546092152,2.16562767163649,False,26445000000.0,22271000000.0,-0.0008483283082364457,1.345057638195516,7453000000.0,unchecked,,0.0,general_dcf,0.17989375026028576,0.004160845532280172,True,0.0475,0.10212279564501646,0.0518320940039316,0.15829905417789986,2,1.0
AMZN,"Amazon.com, Inc.",NASDAQ,common_stock,False,1997-05-15,Consumer Cyclical,Specialty Retail,US,10757100000.0,1.4612651,2921413218000.0,2026-07-31,fmp:company-screener,2026-08-01T02:02:06.715478+00:00,271.58,2026-07-31,2921413218000.0,11966127475.843225,True,8,2025,ttm,2026-07-31,discrete,ok,775680000000.0,0.17425150285834046,0.09236247999176773,0.5076964727722773,0.12081270627062707,93712000000.0,0.0,0.05632443944936712,43689741192.08508,37781585774.21302,12135426422.003164,1.1130355335231739,0.027738066094773,0.1352298104009458,0.12431940405929237,0.1686968132723965,100244000000.0,223232000000.0,True,28.13329330531372,0.5934687884815762,0.03450221722712588,6.448826682125995,1.3063488972861217,True,0.0,0.0,0.02283320077256734,1.9557959762354848,10903000000.0,unchecked,,0.0,general_dcf,0.1552379054715527,0.03006281239785873,True,0.0475,0.11584148137355653,0.054048136849940885,0.008477922685735842,0,0.85
AVGO,Broadcom Inc.,NASDAQ,common_stock,False,2009-08-06,Technology,Semiconductors,US,4757580000.0,1.462,1852030742400.0,2026-07-31,fmp:company-screener,2026-08-01T02:02:06.715478+00:00,389.28,2026-07-31,1852030742399.9998,10764427242.746775,True,8,2025,ttm,2026-06-09,discrete,ok,75465000000.0,0.17348704517829217,0.12385364444565129,0.6696349301000464,0.4365599946995296,32945000000.0,0.0,0.2856942347434634,21559915424.915466,19403923882.42392,27900293353.827194,5.721963362146677,0.10792646219180681,0.1,0.2229863879070467,0.1979041101217094,45279000000.0,64907000000.0,True,10.959747172322023,1.0858794186771548,0.11131577926862372,0.8815611534039062,-0.3648831942240425,False,11761000000.0,8508000000.0,0.048514505916566586,1.284263598920608,4876000000.0,unchecked,,0.0,general_dcf,0.6662960092780073,0.025454888274306878,True,0.0475,0.11842112618599146,0.05625,0.10456526172105524,52,1.0
META,"Meta Platforms, Inc.",NASDAQ,common_stock,False,2012-05-18,Communication Services,Internet Content & Information,US,2542964914.000108,1.246,1415693997273.0,2026-07-31,fmp:company-screener,2026-08-01T02:02:06.715478+00:00,556.71,2026-07-31,1415693997273.0,10966861902.523226,True,8,2025,ttm,2026-07-30,discrete,ok,228248000000.0,0.20075970336662885,0.10771781663909191,0.8174792331148575,0.38084451999579405,86927000000.0,0.0,0.3882502134788519,88617334726.12099,73419183873.80602,48132363855.20079,18.757741175058765,0.058567007505429494,0.17150313648324084,0.2542325652622373,0.23494255125411584,22058000000.0,112318000000.0,True,38.12587719298246,0.2011563434741373,0.10164405919409253,-0.13283868667693283,1.060270866603717,False,2661000000.0,12022000000.0,-0.017067332158341664,1.8188398383549031,2566000000.0,unchecked,,0.0,general_dcf,0.2717284916258573,0.03427872667828808,True,0.0475,0.10553526124673744,0.051781053969797444,0.14869730401549985,1,1.0
TSLA,"Tesla, Inc.",NASDAQ,common_stock,False,2010-06-29,Consumer Cyclical,Auto - Manufacturers,US,3949547394.000836,1.802,1229138644487.0,2026-07-31,fmp:company-screener,2026-08-01T02:02:06.715478+00:00,311.21,2026-07-31,1229138644487.0,19200526525.45226,True,8,2025,ttm,2026-07-23,discrete,ok,103619000000.0,0.23646656210970574,0.2476122366918237,0.18851754987019756,0.04219303409606346,4372000000.0,0.0,0.06783126614962924,7028607967.158432,5923224505.649811,2673568351.624658,0.7552452970691125,0.05731395919486214,0.15726918710982143,0.06994492964454135,-0.0727933544103712,-34182000000.0,9342000000.0,True,13.089820359281438,-3.150705134113743,0.02046268809499437,-0.4468075657196309,0.579834524808595,False,70000000.0,0.0,0.006196535627059685,2.0929873772791026,3540000000.0,unchecked,,0.0,general_dcf,0.11592615586397126,0.1112172749789146,True,0.0475,0.13695936847284973,0.05267067580563616,-0.06701443882830838,8,1.0
MU,"Micron Technology, Inc.",NASDAQ,common_stock,False,1984-06-01,Technology,Semiconductors,US,1129390000.0,2.142,929521851700.0,2026-07-31,fmp:company-screener,2026-08-01T02:02:06.715478+00:00,823.03,2026-07-31,929521851700.0,51024838478.00032,True,8,2025,ttm,2026-06-25,discrete,ok,90274000000.0,0.030003556214882376,0.3685346505887688,0.7256906750559408,0.6576201342579259,59366000000.0,0.0,0.24542062073250998,22155101116.006607,19939591004.40595,4196630113.041816,3.665179138027787,0.24088660109164023,0.1,0.6589876415303781,0.19500453035336757,-19646000000.0,6376000000.0,True,258.11304347826086,-0.2873188352808693,0.03317271315359802,3.171406326489392,0.8453742668456771,True,567000000.0,867000000.0,0.006786870429842606,6.493397675447087,1145000000.0,unchecked,,0.0,general_dcf,2.4797210484516543,0.016356762592890983,True,0.0475,0.14,0.05625,0.5189876415303781,36,0.85
WMT,Walmart Inc.,NASDAQ,common_stock,False,1972-08-25,Consumer Defensive,Discount Stores,US,7958080000.0,0.603,884938496000.0,2026-07-31,fmp:company-screener,2026-08-01T02:02:06.715478+00:00,111.2,2026-07-31,884938496000.0,2827365694.9783874,True,8,2026,ttm,2026-05-29,discrete,ok,725305000000.0,0.04777754991382177,0.018215064198732797,0.24976389243145986,0.041614217467134514,30183000000.0,0.0,0.0417489397208882,30280714724.258816,22563744595.110744,16048795893.864468,2.0063502805181233,0.0033121717311602504,0.2548476876923176,0.14254615440729357,0.09590727000201303,63450000000.0,74179000000.0,True,10.549807759524642,1.4150943396226414,0.0,-0.013472225375368851,0.2645649690932908,False,7599000000.0,5613000000.0,-0.008319034749429188,1.8985520486000091,7999000000.0,unchecked,,0.0,general_dcf,0.047454993526055755,0.005657807914121123,True,0.0475,0.07524640135468551,0.04657201951923015,0.06729975305260806,63,1.0
AMD,"Advanced Micro Devices, Inc.",NASDAQ,common_stock,False,1972-09-07,Technology,Semiconductors,US,1630600000.0,2.469,776410190000.0,2026-07-31,fmp:company-screener,2026-08-01T02:02:06.715478+00:00,476.15,2026-07-31,776410190000.0,15223649518.166452,True,8,2025,ttm,2026-05-06,discrete,ok,37454000000.0,0.270710183654467,0.2387431219976747,0.5028034388850323,0.11651625994553319,4364000000.0,0.0,0.08371580449937913,3135491741.7197456,2821942567.547771,1689657098.0959225,1.0240346049066196,0.05816099497944536,0.1,0.070153252598864,0.0007905440241364166,-8476000000.0,3871000000.0,True,29.486486486486488,-1.148042801029392,0.05456660849331006,0.8335044566743839,2.4319496683477437,False,0.0,834000000.0,0.01648877328715903,1.8531383302864106,1650000000.0,unchecked,,0.0,general_dcf,0.47090307387273356,0.110054622703502,True,0.0475,0.14,0.05625,-0.06984674740113601,86,1.0
CSCO,"Cisco Systems, Inc.",NASDAQ,common_stock,False,1990-02-16,Technology,Communication Equipment,US,3941434664.9969826,1.007,457167006793.0,2026-07-31,fmp:company-screener,2026-08-01T02:02:06.715478+00:00,115.99,2026-07-31,457167006793.0,2929123976.266129,True,8,2025,ttm,2026-05-19,discrete,ok,60746000000.0,0.019972575142745974,0.05404222925028935,0.6432851545780792,0.23361208968491753,14191000000.0,0.0,0.2606543314348322,15833708017.340317,12814497099.372663,14743713980.513979,3.697946822300973,0.02296812672663295,0.19068249298655499,0.18079819819324663,-0.02843197082884546,14663000000.0,31303000000.0,True,9.686689419795222,0.8770261379269095,0.0571343605375165,-1.4935647295268788,-1.8333748689479863,False,6433000000.0,6932000000.0,-0.016574072843876686,1.394204322200393,3987000000.0,unchecked,,0.0,general_dcf,0.11102583141394429,0.002700556003813394,True,0.0475,0.09482091037464782,0.05058234418834032,0.08597728781859881,73,1.0
COST,Costco Wholesale Corporation,NASDAQ,common_stock,False,1986-07-09,Consumer Defensive,Discount Stores,US,443479000.0,0.872,422143225310.0,2026-07-31,fmp:company-screener,2026-08-01T02:02:06.715478+00:00,951.89,2026-07-31,422143225310.0,2405754738.9935484,True,8,2025,ttm,2026-05-28,discrete,ok,293587000000.0,0.09962564637566751,0.04375728568197723,0.12875910718117628,0.03823398174987312,11225000000.0,0.0,0.03386284317762697,9941690539.98997,7509717987.511662,6877425834.8311405,15.474711056479402,0.0021471898840228856,0.24462364249780405,0.38993330020520345,0.4250510050253514,-11764000000.0,8232000000.0,True,76.88356164383562,-0.8530819434372734,0.0031945189648768003,0.437113857224615,0.5970654103286482,False,2307000000.0,883000000.0,-0.0002451377367429508,1.6464995678478824,444430000.0,unchecked,,0.0,general_dcf,0.09875368873347745,0.018074486783344675,True,0.0475,0.0902605137962928,0.04721102234388724,0.29967278640891065,64,1.0
AMAT,"Applied Materials, Inc.",NASDAQ,common_stock,False,1980-03-17,Technology,Semiconductors,US,793959000.0,1.567,403069165530.0,2026-07-31,fmp:company-screener,2026-08-01T02:02:06.715478+00:00,507.67,2026-07-31,403069165530.0,5457639283.96871,True,8,2025,annual,2025-12-12,annual,annual_anchor,28368000000.0,0.07858556936479122,0.13515386680387095,0.4867456288776086,0.2921954314720812,8289000000.0,0.0,0.28906419392654936,8200173053.308352,7082344346.59444,5058007499.128008,6.25991027119803,0.02370129925869265,0.13631769713237024,0.3789467821548689,0.19038816312622922,-1523000000.0,7050000000.0,True,30.814126394052046,-0.17457588262265017,0.02123196938475125,0.17882989710355818,3.919246635943284,False,1384000000.0,4895000000.0,-0.026945297525425738,1.209000975337885,808000000.0,unchecked,,0.0,general_dcf,0.18248717945671156,0.025763930498451104,True,0.0475,0.12461454814140628,0.053980143929226856,0.2543322340134626,231,0.7
LRCX,Lam Research Corporation,NASDAQ,common_stock,False,1984-05-04,Technology,Semiconductors,US,1250570000.0,1.805,366442021400.0,2026-07-31,fmp:company-screener,2026-08-01T02:02:06.715478+00:00,293.02,2026-07-31,366442021400.0,4080897157.871613,True,8,2026,ttm,2026-07-29,discrete,ok,23232690000.0,0.13367203725807486,0.18209886745717585,0.5046900724797688,0.35294212594408997,8199795000.0,0.0,0.30169449757852773,7009174736.947685,6202096712.154181,5324478136.061307,4.222083650697015,0.02903255033829548,0.11514594158127187,0.6830594944146992,0.8312067859296911,-1848681000.0,3730490000.0,True,65.97998825204985,-0.2139348257582631,0.018625440323556754,2.0320784430137184,-0.3310108824635031,False,1270635000.0,3851343000.0,-0.024455147864246407,1.1521116072753306,1261102000.0,unchecked,,0.0,general_dcf,0.27036054197485226,0.012505390245663895,True,0.0475,0.13691912713126,0.05530337865117051,0.5461403672834392,2,1.0
NFLX,"Netflix, Inc.",NASDAQ,common_stock,False,2002-05-23,Communication Services,Entertainment,US,4163939998.9959564,1.517,298596137328.0,2026-07-31,fmp:company-screener,2026-08-01T02:02:06.715478+00:00,71.71,2026-07-31,298596137328.0,3449251621.071613,True,8,2025,ttm,2026-07-17,discrete,ok,48370764000.0,0.16201185019113717,0.07406713992457335,0.4911787210969006,0.2967601876207703,14354517000.0,0.0,0.19482409221340108,9423790185.96866,8225375971.41088,2262808869.5402956,0.5310137445240409,0.06015877410935756,0.12716902550972872,0.3545950868267134,1.526529513517013,5181396000.0,14309306000.0,True,16.9384625187769,0.1618017232549483,0.00815458704457133,1.6712500017000897,0.9073936780629093,False,0.0,9921435000.0,-0.018940231111423622,0.9242407091901879,4261300000.0,unchecked,,0.0,general_dcf,0.1313815238406284,0.007410296409685628,True,0.0475,0.12020383373052466,0.05455193590564195,0.23439125309618875,14,1.0
TXN,Texas Instruments Incorporated,NASDAQ,common_stock,False,1972-06-01,Technology,Semiconductors,US,913247686.0013056,1.31,251818916938.0,2026-07-31,fmp:company-screener,2026-08-01T02:02:06.715478+00:00,275.74,2026-07-31,251818916938.0,2708041137.5506454,True,8,2025,ttm,2026-07-24,discrete,ok,19453000000.0,0.016353768938195623,0.13536924885530574,0.5832519405747185,0.37289878167891843,7254000000.0,0.0,0.41301948168070923,8034467977.134837,7037007975.867078,5951426263.784561,6.468941591070175,0.05477589248116287,0.12414761053331899,0.25354909542626325,-0.17168647586355487,7051000000.0,14052000000.0,True,12.861702127659575,0.7439333192656679,0.023696414432756475,-0.6873827976066459,0.4079082045416998,False,5112000000.0,707000000.0,-0.0021645089324286992,1.3165242758908107,920000000.0,unchecked,,0.0,general_dcf,0.23443391229664834,0.08888888888990622,True,0.0475,0.10992084170627134,0.05474077434166756,0.1436282537199919,7,1.0
KLAC,KLA Corporation,NASDAQ,common_stock,False,1980-10-08,Technology,Semiconductors,US,1306280000.0,1.407,238814109600.0,2026-07-31,fmp:company-screener,2026-08-01T02:02:06.715478+00:00,182.82,2026-07-31,238814109600.0,9596183764.340967,True,8,2026,ttm,2026-07-28,discrete,ok,13579476000.0,0.16837315102924522,0.11970765714627464,0.6130145227989652,0.4168629187164512,5660780000.0,0.0,0.37555765765641247,5099876198.76147,4523631587.15276,3749103698.7057114,2.8410199644186767,0.041447976739295324,0.11299188238111631,0.6845639047866602,0.9532399420762203,985007000.0,5887415000.0,True,19.90149064829138,0.16268313283536684,0.021800548561297553,0.959857965573123,-0.6956670263008139,False,1057832000.0,2289769000.0,-0.020061284419845227,1.0049881291881142,1319633000.0,unchecked,,0.0,general_dcf,0.1216426386626317,0.005912786381305332,True,0.0475,0.11634839390129999,0.05543800735118023,0.5682155108853602,3,1.0
AMGN,Amgen Inc.,NASDAQ,common_stock,False,1983-06-17,Healthcare,Drug Manufacturers - General,US,539708000.0,0.403,207873933280.0,2026-07-31,fmp:company-screener,2026-08-01T02:02:06.715478+00:00,385.16,2026-07-31,207873933280.0,940279882.9712903,True,8,2025,ttm,2026-04-30,discrete,ok,37238000000.0,0.06433283393956057,0.06260836913514542,0.7146194747301144,0.3162898114828938,11778000000.0,0.0,0.3267543447010294,12167678287.976933,10700464885.098955,11692461356.886261,21.49349514133504,0.06851109501489834,0.1205828563307557,0.19013813892861603,0.12051756984447885,45285000000.0,57323000000.0,True,4.357380688124306,2.715905001799208,0.015289109613338063,-0.16951900026674133,-1.268167761492118,False,5203000000.0,0.0,0.0018450226334196795,1.2914018933990403,544000000.0,unchecked,,0.0,general_dcf,0.03800963328198903,0.024383779488861192,True,0.0475,0.06870945581965256,0.05496357147932777,0.12142868310896347,92,1.0
PEP,"PepsiCo, Inc.",NASDAQ,common_stock,False,1972-06-01,Consumer Defensive,Beverages - Non-Alcoholic,US,1366000000.0,0.368,190638960000.0,2026-07-31,fmp:company-screener,2026-08-01T02:02:06.715478+00:00,139.56,2026-07-31,190638960000.0,1293977192.024839,True,8,2025,ttm,2026-07-09,discrete,ok,96904000000.0,0.054781936748586224,0.03876693159835173,0.5395649302402378,0.14958102864690828,14495000000.0,0.0,0.14184361835179532,13745213992.762373,11048864377.842405,7805139645.417899,5.701343787741344,0.008174479883391544,0.19616643410133489,0.18037599135706778,0.1883050065357062,42498000000.0,53214000000.0,True,12.85017730496454,2.2964443964119745,0.003941036862847563,0.7737410295112962,-0.577853897927913,False,7809000000.0,985000000.0,-0.004344732564134812,1.466868932038835,1369000000.0,unchecked,,0.0,general_dcf,0.0593567882328776,0.012542990080432508,True,0.0475,0.0676422978871498,0.050239597868666566,0.11273369346991798,22,1.0
WDC,Western Digital Corporation,NASDAQ,common_stock,False,1978-10-31,Technology,Computer Hardware,US,344682000.0,2.166,187796540880.0,2026-07-31,fmp:company-screener,2026-08-01T02:02:06.715478+00:00,544.84,2026-07-31,187796540880.0,4669626710.673871,True,8,2025,ttm,2026-04-30,discrete,ok,11777000000.0,-0.10470002969905501,0.32669274439133994,0.45427528232996517,0.3078033455039484,3625000000.0,0.0,0.04605611369385074,542402850.9724802,433316654.36766297,312070652.9883593,0.8299751409264874,0.1083441464010856,0.20111656199674338,0.35459195087079776,,-1513000000.0,1724000000.0,True,16.11111111111111,-0.37948332079257585,0.04669938261833149,1.848414702768676,1.9155663906745566,False,164000000.0,2069000000.0,0.05966092682862967,0.908651262761956,376000000.0,unchecked,,0.0,general_dcf,0.36994605218738474,0.011645962725136197,True,0.0475,0.14,0.049930214875203535,0.21459195087079774,92,1.0
TMUS,"T-Mobile US, Inc.",NASDAQ,common_stock,False,2007-04-19,Communication Services,Telecommunications Services,US,1072671612.9986682,0.319,185261114281.0,2026-07-31,fmp:company-screener,2026-08-01T02:02:06.715478+00:00,172.71,2026-07-31,185261114281.0,1013736333.9367743,True,8,2025,ttm,2026-07-23,discrete,ok,92189000000.0,0.10713963255832692,0.17368173198817086,0.544555207237306,0.20298517176669667,18713000000.0,0.0,0.12487129857199122,11511760144.053299,8866503717.067663,-1699980177.8246849,-1.5705510645916843,0.05256762249643324,0.22978731261631727,0.08506250011219815,1.990527861070957,113175000000.0,116000000000.0,True,4.806832776778834,3.416294373339773,0.008490542019908858,1.2930769164684413,1.4782696476927528,False,4343000000.0,12071000000.0,-0.04821422563407585,2.2314536491523387,1082410000.0,unchecked,,0.0,general_dcf,0.07127020302550258,0.04617021276879938,True,0.0475,0.065,0.04813829296148017,0.02006250011219815,8,1.0
ADI,"Analog Devices, Inc.",NASDAQ,common_stock,False,1980-03-17,Technology,Semiconductors,US,487086999.99999994,1.188,178960634670.0,2026-07-31,fmp:company-screener,2026-08-01T02:02:06.715478+00:00,367.41,2026-07-31,178960634670.0,1967573004.567097,True,8,2025,ttm,2026-05-20,discrete,ok,12740193000.0,0.08501578301136647,0.2678838195106821,0.6449147983864922,0.32495151368586017,4139945000.0,0.0,0.27015266265536875,3441797061.69329,3097617355.523961,3857198576.950653,7.864482946451385,0.030860288592067516,0.1,0.09556764162858658,,5245541000.0,8684849000.0,True,12.115269246414389,0.8593589859528546,0.027867362344766295,1.4669719215278805,1.0768289781426819,False,1997772000.0,3045025000.0,-0.021297307348000838,2.122397944377161,490458000.0,unchecked,,0.0,general_dcf,0.34579078913242123,0.11752577324299722,True,0.0475,0.10455575172262818,0.05625,-0.008988110094041601,72,1.0
GILD,"Gilead Sciences, Inc.",NASDAQ,common_stock,False,1992-01-22,Healthcare,Drug Manufacturers - General,US,1241569874.0035326,0.343,161664813294.0,2026-07-31,fmp:company-screener,2026-08-01T02:02:06.715478+00:00,130.21,2026-07-31,161664813294.0,1007065589.9287097,True,8,2025,ttm,2026-05-07,discrete,ok,29734000000.0,0.04164727434795856,0.04308375701041452,0.793536019371763,0.3825586870249546,11375000000.0,0.0,0.27457344275875006,8164166746.988674,6263710792.258919,8778787673.182442,7.000628128534642,0.1100779741409741,0.23278014935580926,0.2432851750969466,,12357000000.0,22174000000.0,True,11.318407960199005,0.8746460928652322,0.029039437991236,0.7888076228448808,0.12491891678737957,False,4033000000.0,1611000000.0,-0.0021175288352626165,1.4132391879964696,1254000000.0,unchecked,,0.0,general_dcf,0.04081852670457553,0.016787360090519912,True,0.0475,0.06953901379836504,0.04795124066526192,0.17374616129858156,85,1.0
BKNG,Booking Holdings Inc.,NASDAQ,common_stock,False,1999-03-31,Consumer Cyclical,Travel Services,US,774878435.9979264,1.075,149474050304.0,2026-07-31,fmp:company-screener,2026-08-01T02:02:06.715478+00:00,192.9,2026-07-31,149474050304.0,1307565833.6167743,True,8,2025,ttm,2026-04-28,discrete,ok,27687000000.0,0.09210498198705142,0.35718039902782467,1.0,0.3427962581717051,9491000000.0,0.0,0.30839491031182165,8538529881.803406,6771931314.877105,8445713800.090613,10.63691914369095,0.14068691872699712,0.206897275219605,-1.296699045803743,,2919000000.0,18943000000.0,True,7.773136773136773,0.28600823045267487,0.024806927217411654,0.5603306784400723,-0.28073297292257443,False,1272000000.0,8040000000.0,-0.07440976939684663,1.7122872464443926,794000000.0,unchecked,,0.0,general_dcf,0.0978740748616036,0.02719238611553775,True,0.0475,0.09543708087445313,0.04956892029877469,-1.3921361266781962,94,1.0
APP,AppLovin Corporation,NASDAQ,common_stock,False,2021-04-15,Technology,Software - Application,US,335939531.0002526,2.483,132998460323.0,2026-07-31,fmp:company-screener,2026-08-01T02:02:06.715478+00:00,395.9,2026-07-31,132998460323.0,2870126648.7580647,True,8,2025,ttm,2026-05-06,discrete,ok,6164192000.0,0.4146597473550675,0.4708435914041734,0.8836681271446444,0.7708820555881453,4751865000.0,0.0,0.30745539335669747,1895214076.0862076,1705692668.477587,1415941540.9844582,4.180160367091268,0.28261807476897743,0.1,1.3712427464879504,,755351000.0,3514022000.0,True,23.14742287626591,0.15414002187855697,0.11456586699122659,1.159822798415075,3.0350549870533428,False,0.0,2172756000.0,-0.030373028611091257,1.3286645693414947,338729000.0,unchecked,,0.0,general_dcf,0.44740500131286076,0.026699029207883758,True,0.0475,0.14,0.05625,1.2312427464879505,86,1.0
ISRG,"Intuitive Surgical, Inc.",NASDAQ,common_stock,False,2000-06-16,Healthcare,Medical - Instruments & Supplies,US,353278000.0,1.46,124823715740.0,2026-07-31,fmp:company-screener,2026-08-01T02:02:06.715478+00:00,353.33,2026-07-31,124823715740.0,1217747887.3754838,True,8,2025,ttm,2026-07-21,discrete,ok,11034400000.0,0.1526066469941605,0.09749375282512826,0.6667875009062568,0.3127673457550932,3451200000.0,0.0,0.2869455859558496,3166272373.671227,2791217831.197737,1880014772.1015406,5.24411372971141,0.030321482846699697,0.11845302558055734,0.23489406572755056,0.22610213095241274,-5216200000.0,0.0,True,,-1.223541002064177,0.08103351252978293,0.532248037214488,0.4636943690346817,False,0.0,3557800000.0,-0.0032332789213483926,1.0397830018083183,358500000.0,unchecked,,0.0,general_dcf,0.18218826066838267,0.07979626490649135,True,0.0475,0.1205,0.055096685901215164,0.11439406572755056,10,1.0
VRTX,Vertex Pharmaceuticals Incorporated,NASDAQ,common_stock,False,1991-07-24,Healthcare,Biotechnology,US,253805417.0006288,0.292,121090564451.0,2026-07-31,fmp:company-screener,2026-08-01T02:02:06.715478+00:00,477.1,2026-07-31,121090564451.0,672510042.0503227,True,8,2025,ttm,2026-05-05,discrete,ok,12255100000.0,0.2173528009112493,0.13910831424531936,0.8628244567567788,0.3896989824644434,4775800000.0,0.0,0.37779085295187886,4629864682.010571,3923893592.2986026,3343254068.2428284,13.044299915110528,0.15341957289832112,0.15248201366554676,0.28702754980861045,0.13529162365860806,-5260200000.0,1986500000.0,True,463.66990291262135,-1.0534938214736336,0.05889028492684311,0.09307502637870187,-0.2519159033580512,False,0.0,1930699999.0,-0.0036152671940365977,0.9479301363917834,256300000.0,unchecked,,0.0,general_dcf,0.09000364132495497,0.012251148520909713,True,0.0475,0.07218477802763482,0.05296987414590333,0.21484277178097563,87,1.0
SBUX,Starbucks Corporation,NASDAQ,common_stock,False,1992-06-26,Consumer Cyclical,Restaurants,US,1140000000.0,0.969,119985000000.0,2026-07-31,fmp:company-screener,2026-08-01T02:02:06.715478+00:00,105.25,2026-07-31,119985000000.0,772960811.8129033,True,8,2025,annual,2025-11-14,annual,annual_anchor,37184400000.0,0.060062777447075,0.10019096981228007,0.24153946278546917,0.09629844773614742,3580800000.0,0.0,0.1516728793480779,5639865014.830668,4392129181.245585,3289697536.068816,2.88620594496299,0.03381494328824059,0.22123505266598043,0.18531499567472254,-0.297353315146048,23144500000.0,26611500000.0,True,6.599336527828972,3.7408275416195247,0.008522177564254952,-4.148091453442776,-0.856488757673337,True,2771400000.0,0.0,-0.005409733229658986,1.6207822595655295,1139800000.0,unchecked,,0.0,general_dcf,0.02675592196225618,0.028294472093735205,True,0.0475,0.08736782400840884,0.04867280920837622,0.0979471716663137,259,0.5499999999999999
FTNT,"Fortinet, Inc.",NASDAQ,common_stock,False,2009-11-18,Technology,Software - Infrastructure,US,732648390.9972215,1.09,118652343600.0,2026-07-31,fmp:company-screener,2026-08-01T02:02:06.715478+00:00,161.95,2026-07-31,118652406922.00002,952814941.0435483,True,8,2025,ttm,2026-07-30,discrete,ok,7527400000.0,0.20864941060273168,0.0667698949825676,0.8037835109068204,0.32425538698621037,2440800000.0,0.0,0.21223779387210398,1597598769.5928755,1430215055.822324,2101517437.619717,2.8349081851068623,0.057877416315796563,0.10477205976642474,-1.0808628593797538,,-3572700000.0,496900000.0,True,135.6,-1.3216558153299793,0.043302327143288896,2.108017482465636,3.563962593405055,False,0.0,2861500000.0,-0.027225673094557923,1.3977554764217115,741300000.0,unchecked,,0.0,general_dcf,0.19248737827641604,0.03589743592354213,True,0.0475,0.10180796046681077,0.05595174626459845,-1.1826708198465645,1,1.0
ADP,"Automatic Data Processing, Inc.",NASDAQ,common_stock,False,1980-03-17,Technology,Software - Application,US,399734000.00000006,0.841,106513121640.0,2026-07-31,fmp:company-screener,2026-08-01T02:02:06.715478+00:00,266.46,2026-07-31,106513121640.00002,623318567.8164517,True,8,2026,ttm,2026-07-29,discrete,ok,21947500000.0,0.06444264651271969,0.025514249734184105,0.4818589816607814,0.18582526483654174,4078400000.0,0.0,0.22604047931542276,4961023419.775241,3820661561.259556,3678848651.9123616,9.210279181336684,0.024553411361653687,0.2298642360707398,0.4441411359901999,0.11546791731589875,1040700000.0,5270800000.0,True,8.881533101045296,0.21243978117089898,0.012680574505535709,-1.4196575663130127,0.9329359204462826,False,2626300000.0,2083300000.0,-0.013221449526767737,1.2107998137117926,399428571.0,unchecked,,0.0,general_dcf,0.06999329494237605,0.002737226295528296,True,0.0475,0.08759714163929021,0.04813348524557876,0.35654399435090967,2,1.0
ADBE,Adobe Inc.,NASDAQ,common_stock,False,1986-08-13,Technology,Software - Application,US,397500000.0,1.433,99537975000.0,2026-07-31,fmp:company-screener,2026-08-01T02:02:06.715478+00:00,250.41,2026-07-31,99537975000.0,1538069464.6845162,True,8,2025,ttm,2026-06-15,discrete,ok,25198000000.0,0.14827553206887933,0.054384928908278986,0.8911818398285578,0.36074291610445275,9090000000.0,0.0,0.33594547644152983,8465154115.373669,7032737389.533409,8454939010.762488,21.032186593936537,0.024840373506339972,0.1692133074386478,0.5828394717436669,,1439000000.0,7065000000.0,True,67.33333333333333,0.14610620367550006,0.08746803069053709,0.7623150701511671,-0.14041322967118905,False,0.0,11892000000.0,-0.05143219139045718,1.4068723702664796,402000000.0,unchecked,,0.0,general_dcf,0.11954526071294502,0.0037650602537107436,True,0.0475,0.11469467873841348,0.05192416828508451,0.4681447930052534,46,1.0
MAR,"Marriott International, Inc.",NASDAQ,common_stock,False,1998-03-23,Consumer Cyclical,Travel Lodging,US,263689000.0,1.106,98311169870.0,2026-07-31,fmp:company-screener,2026-08-01T02:02:06.715478+00:00,372.83,2026-07-31,98311169870.0,566863411.62,True,8,2025,ttm,2026-05-06,discrete,ok,26577000000.0,0.033741498293627714,0.28563121655714824,0.21383150844715357,0.16017609210971892,4257000000.0,0.0,0.13818482151354172,3672538001.3653984,2923790416.3465614,2211552647.639353,8.20917835055439,0.050203094074418336,0.2038774233896185,0.2635376211998751,1.12170246356831,16952000000.0,17406000000.0,True,5.122743682310469,3.4723473986071283,0.009012449400442985,0.6058150266538457,0.7034798168670011,False,722000000.0,3249000000.0,-0.06139649755319576,1.1574736842105262,269400000.0,unchecked,,0.0,general_dcf,0.06584863140247643,0.03640256960356925,True,0.0475,0.09482145236521779,0.04975766103814884,0.16871616883465734,86,1.0
MNST,Monster Beverage Corporation,NASDAQ,common_stock,False,1985-12-09,Consumer Defensive,Beverages - Non-Alcoholic,US,978008110.0020752,0.527,94260421642.0,2026-07-31,fmp:company-screener,2026-08-01T02:02:06.715478+00:00,96.38,2026-07-31,94260421642.0,542784532.6454839,True,8,2025,ttm,2026-05-08,discrete,ok,8793076000.0,0.11766377971547848,0.04434610254434771,0.554707021752115,0.29336332359688466,2579566000.0,0.0,0.30803030191925174,2708533855.0789266,2079286813.8991566,1898708894.0460923,1.9212684279268089,0.03716005013180924,0.23232016834489,0.3448739651544251,0.23892665820974032,-2984993000.0,0.0,True,806.114375,-1.106553369175614,0.012143138082634732,-0.31119495069075415,-0.1319554759545608,False,0.0,220983000.0,-0.025060425936664577,1.1011555384815621,988258000.0,unchecked,,0.0,general_dcf,0.1672739068580753,0.05561385102916461,True,0.0475,0.07385,0.047979989478444375,0.27102396515442506,84,1.0
CDNS,"Cadence Design Systems, Inc.",NASDAQ,common_stock,False,1987-06-10,Technology,Software - Application,US,275816000.0,1.148,93782956320.0,2026-07-31,fmp:company-screener,2026-08-01T02:02:06.715478+00:00,340.02,2026-07-31,93782956320.0,898723822.6948388,True,8,2025,ttm,2026-07-29,discrete,ok,5837623000.0,0.13837522331577512,0.02870874921909758,0.8849751003105202,0.3082855813059528,1799655000.0,0.0,0.27587571713297987,1610458431.4769773,1383263096.6279085,1280963823.7498364,4.658931229722843,0.044373820522363695,0.14107494512646584,0.1956738681406974,0.26272291701168327,1041757000.0,2482200000.0,True,14.37148629655657,0.4901198062587185,0.08429147749406196,0.6694686699005744,-0.3849544535125315,False,0.0,800024000.0,-7.636641362107621e-05,1.2958591702972884,274948000.0,unchecked,,0.0,general_dcf,0.1944762923935568,0.01907790154325215,True,0.0475,0.10357936334225694,0.05368281592959588,0.09209450479844046,2,1.0
CSX,CSX Corporation,NASDAQ,common_stock,False,1980-11-03,Industrials,Railroads,US,1852480000.0,1.211,93364992000.0,2026-07-31,fmp:company-screener,2026-08-01T02:02:06.715478+00:00,50.4,2026-07-31,93364992000.0,649130951.9670968,True,8,2025,ttm,2026-07-22,discrete,ok,14512000000.0,0.02021319242870323,0.10581732614064787,0.548787210584344,0.3415104740904079,4956000000.0,0.0,0.3882619842609072,5634457915.594285,4310924938.815377,3382210730.3437634,1.8193710222397865,0.02796185612539318,0.23489978922654003,0.11831372724869005,-0.12815277880637105,17967000000.0,19357000000.0,True,5.851239669421488,2.7181543116490166,0.0,-1.829233721299635,-0.3811075398521522,False,1004000000.0,742000000.0,-0.04598711400177957,1.5121037463976945,1859000000.0,unchecked,,0.0,general_dcf,0.07249198121648082,0.05336891260594051,True,0.0475,0.09770688921418606,0.047818763173341244,0.020606838034503985,9,1.0
ABNB,"Airbnb, Inc.",NASDAQ,common_stock,False,2020-12-10,Consumer Cyclical,Travel Services,US,593513628.999472,1.143,89929185066.0,2026-07-31,fmp:company-screener,2026-08-01T02:02:06.715478+00:00,151.52,2026-07-31,89929185066.0,537508662.4012903,True,8,2025,ttm,2026-05-07,discrete,ok,12647000000.0,0.18861479137930015,0.3026148861376214,0.8291294378113386,0.2049497904641417,2592000000.0,0.0,0.1123329728199328,1420675107.2536902,1137174113.5843213,3340090034.9874797,5.493569136492566,0.4032439158857423,0.1995537137392413,-1.094858455930283,2.8939211887888967,-9531000000.0,2534000000.0,True,,-3.61707779886148,0.12673392181588902,0.5966014923302362,-0.5914503911773416,False,0.0,4206000000.0,-0.03661867752640424,1.7061933534743203,608000000.0,unchecked,,0.0,general_dcf,0.14696963558939657,0.022190407981603134,True,0.0475,0.10370146954308107,0.07003905004781638,-1.198559925473364,85,0.95
INTU,Intuit Inc.,NASDAQ,common_stock,False,1993-03-12,Technology,Software - Application,US,273537000.0,0.996,86456839590.0,2026-07-31,fmp:company-screener,2026-08-01T02:02:06.715478+00:00,316.07,2026-07-31,86456839590.0,1706065385.5025806,True,8,2025,ttm,2026-05-20,discrete,ok,20925000000.0,0.17679911512930202,0.0717112420581363,0.8102747909199522,0.2746953405017921,5748000000.0,0.0,0.25922285642412646,5424238270.674846,4449223482.9875965,4795985230.508203,17.376758081551458,0.02722173438210102,0.1797514672167867,0.2272296769211967,0.14923128059271104,120000000.0,6900000000.0,True,15.922437673130194,0.018226002430133656,0.11912803193122505,0.5461810021375558,1.6879036417444255,False,1316000000.0,4208000000.0,-0.009479243496282042,1.6483293958825516,276000000.0,unchecked,,0.0,general_dcf,0.13946699861767176,0.0018717828276104125,True,0.0475,0.09389759454548563,0.05126553329895083,0.13333208237571106,72,1.0
CMCSA,Comcast Corporation,NASDAQ,common_stock,False,1980-03-17,Communication Services,Telecommunications Services,US,3548636922.996661,0.655,85025340675.0,2026-07-31,fmp:company-screener,2026-08-01T02:02:06.715478+00:00,23.96,2026-07-31,85025340675.0,906122143.5909678,True,8,2025,ttm,2026-07-23,discrete,ok,124905000000.0,0.039212419385326935,0.06690455242293739,0.6939033665585845,0.14662343380969536,18314000000.0,0.0,0.1873066409912772,23395535993.015476,17825594370.473816,14292957689.290068,4.003629604843156,0.011257406351705423,0.23807711112942734,0.08089660726288868,-0.010702595763399403,82720000000.0,90381000000.0,True,4.162272727272727,2.427728700143809,0.010207942618366071,-3.647233723620381,1.157185270722341,True,4864000000.0,5596000000.0,-0.06941760974801958,1.7090538537549407,3570000000.0,unchecked,,0.0,general_dcf,-0.023690794350985755,0.022413365314329206,True,0.0475,0.065,0.04762018055441079,0.015896607262888676,8,0.85
CTAS,Cintas Corporation,NASDAQ,common_stock,False,1983-08-19,Industrials,Specialty Business Services,US,400169552.99809414,0.933,81886695630.0,2026-07-31,fmp:company-screener,2026-08-01T02:02:06.715478+00:00,204.63,2026-07-31,81886695630.0,433745908.2103226,True,8,2026,ttm,2026-07-29,discrete,ok,11264761000.0,0.07270340712107148,0.03899883775655103,0.5066945494893322,0.2313863560886911,2606512000.0,0.0,0.20328985325583016,2290011610.6519985,1833217693.7114406,1726414394.6177957,4.270058135569742,0.024041224766595953,0.19947231481961897,0.27611923547728706,0.5952256441099528,2416939000.0,2705957000.0,True,24.52379921908077,0.7748193698831618,0.012190340031354805,1.0191836661724774,0.4936348193406937,False,701485000.0,952104000.0,-0.007472729589171112,1.1951264732124876,404307000.0,unchecked,,0.0,general_dcf,0.09094041451824597,0.0053475936081134505,True,0.0475,0.09273878100519944,0.05003298032377382,0.18338045447208762,2,1.0
ROST,"Ross Stores, Inc.",NASDAQ,common_stock,False,1985-08-08,Consumer Cyclical,Apparel - Retail,US,320781075.9987255,0.879,80538504751.0,2026-07-31,fmp:company-screener,2026-08-01T02:02:06.715478+00:00,251.07,2026-07-31,80538504751.0,714152167.9748387,True,8,2025,ttm,2026-06-02,discrete,ok,23776064000.0,0.061478219668546163,0.2014669128565263,0.2832502753609681,0.12217804427175162,2904913000.0,0.0,0.12068597176322433,2869437388.544615,2185764944.375859,1998989878.7651622,6.222904634873852,0.030436410222433256,0.23826010175308832,0.3208454271649035,0.13945448458229762,592170000.0,4723150000.0,True,79.4278019303858,0.1725957565874324,0.007397244545574543,0.09789368765130978,0.8701245401357728,False,538343998.0,1180290000.0,-0.02372314116180152,1.3414047329449672,321231000.0,unchecked,,0.0,general_dcf,0.06580763997903549,0.010222222207058793,True,0.0475,0.08902137214168054,0.04760874364043198,0.23182405502322295,59,1.0
MDLZ,"Mondelez International, Inc.",NASDAQ,common_stock,False,2001-06-13,Consumer Defensive,Food Confectioners,US,1276310000.0,0.408,79526876100.0,2026-07-31,fmp:company-screener,2026-08-01T02:02:06.715478+00:00,62.31,2026-07-31,79526876100.0,566062332.14,True,8,2025,ttm,2026-07-28,discrete,ok,39675000000.0,0.05818855387889599,0.04787726109874894,0.3114555765595463,0.11415248897290485,4529000000.0,0.0,0.1467575459152321,5822605634.186833,4433788039.085357,3987646330.856834,3.0864135687746392,0.02488375624392211,0.23852166578948364,0.07340546114766142,-0.5531695634595382,20343000000.0,22059000000.0,True,7.51077943615257,3.4380598276153456,0.004033917839795834,-1.2814459161104679,-1.6642651122389125,False,2541000000.0,944000000.0,-0.022903224484404072,1.0648449360225547,1292000000.0,unchecked,,0.0,general_dcf,0.047464903623695376,0.03739959840210933,True,0.0475,0.06709140522091596,0.04759239588815727,0.006314055926745457,3,1.0
REGN,"Regeneron Pharmaceuticals, Inc.",NASDAQ,common_stock,False,1991-04-02,Healthcare,Biotechnology,US,103022000.0,0.236,78567667860.0,2026-07-31,fmp:company-screener,2026-08-01T02:02:06.715478+00:00,762.63,2026-07-31,78567667860.0,664530668.8906451,True,8,2025,ttm,2026-07-30,discrete,ok,15534700000.0,0.1146107805044887,0.3346876922932799,0.833855819552357,0.24738810533837152,3843100000.0,0.0,0.3573214670473511,5550881794.140486,4995793614.726438,3319362912.6301684,31.08017708455214,0.09192569052894495,0.1,134565.46604729336,-0.5041851875039128,-6008.0,1986.6,True,69.37003610108303,-1.3742937530022646e-06,0.06920152091254753,-1.0598439330059384,-1.4259776558082564,False,378500000.0,3299400000.0,-0.020077347838763582,1.1052187617927145,106800000.0,unchecked,,0.0,general_dcf,0.17327998949428536,0.09587301584845515,True,0.0475,0.07249999958911535,0.05625,134565.39354729376,1,1.0
HON,Honeywell International Inc.,NASDAQ,common_stock,False,2001-02-21,Industrials,Conglomerates,US,316940000.0,0.93,77032267000.0,2026-07-31,fmp:company-screener,2026-08-01T02:02:06.715478+00:00,243.05,2026-07-31,77032267000.0,1057727689.6496774,True,8,2025,ttm,2026-07-23,discrete,ok,36130000000.0,-0.01561271176106549,0.07890035363232244,0.3657071685579851,0.14090783282590644,5091000000.0,0.0,0.1807451473825378,6530322174.93109,5254241298.8067,5189480037.428813,16.267962499776843,0.009014851418660487,0.19540856361161937,0.09156123572553469,0.031369920020666665,19510000000.0,28706000000.0,True,3.5183137525915686,3.088002532446977,0.005588040441282369,-3.9837314556631362,-1.659276113264573,True,3073000000.0,1200000000.0,-0.022510432158365012,1.0687116564417178,319000000.0,unchecked,,0.0,general_dcf,-0.48089062720050757,0.018199704864414187,True,0.0475,0.08759350815854042,0.0704017506839833,0.003967727566994275,8,0.85
ORLY,"O'Reilly Automotive, Inc.",NASDAQ,common_stock,False,1993-04-23,Consumer Cyclical,Specialty Retail,US,828715000.0,0.513,74045685250.0,2026-07-31,fmp:company-screener,2026-08-01T02:02:06.715478+00:00,89.35,2026-07-31,74045685250.0,709577746.8832258,True,8,2025,ttm,2026-07-29,discrete,ok,18572562000.0,0.09309116056016165,0.035316153389495425,0.5163568171154846,0.19555891104307527,3632030000.0,0.0,0.19813277759802017,3679833296.1714406,2868586608.3744783,2346301995.731598,2.8307066755923365,0.009775632056100799,0.22045745622254057,0.3780374789056834,0.19740063058460058,9325252000.0,9587433000.0,True,14.368400856083772,2.2364087579477303,0.0017398535945232336,-0.22815907593165338,-0.2712843196967649,False,0.0,3353345000.0,-0.036963905694126664,1.2777481690046424,828875000.0,unchecked,,0.0,general_dcf,0.07486203475678588,0.008407777230378327,True,0.0475,0.07034958451232025,0.048721408986091216,0.30768789439336314,2,1.0
MPWR,"Monolithic Power Systems, Inc.",NASDAQ,common_stock,False,2004-11-19,Technology,Semiconductors,US,49130000.0,1.7100353,70060853900.0,2026-07-31,fmp:company-screener,2026-08-01T02:02:06.715478+00:00,1426.03,2026-07-31,70060853900.0,1350395541.6032257,True,8,2025,annual,2026-02-27,annual,annual_anchor,2790459000.0,0.2508627848368101,0.16142794789652803,0.551787716644466,0.26111689868942706,728636000.0,0.0,0.2308215064033451,644097949.936772,572457226.6546054,348908011.9404118,7.222422570130034,0.0418117682474096,0.1112264420173969,0.28167765024943375,0.23276839249069248,-1232442000.0,24103000.0,True,,-1.5777297288993521,0.08221036839839391,1.015595131231416,-0.28187268418184214,False,284797000.0,7686000.0,-0.0003378728062732872,1.360878805442853,48309000.0,unchecked,,0.0,general_dcf,0.42366470719295535,0.029649595682566917,True,0.0475,0.1329827693830056,0.07776768632347776,0.14869488086642815,154,0.6499999999999999
PCAR,PACCAR Inc,NASDAQ,common_stock,False,1980-03-17,Industrials,Industrial - Machinery,US,526285998.99758816,0.976,69827626347.0,2026-07-31,fmp:company-screener,2026-08-01T02:02:06.715478+00:00,132.68,2026-07-31,69827626347.0,382150679.0093549,True,8,2025,ttm,2026-07-29,discrete,ok,27273600000.0,0.027683097680262003,0.19083699838306503,0.14860891118150885,0.09813152645782001,2676400000.0,0.0,0.11531679288096988,3145104082.31842,2458868739.9746027,1756456060.5509994,3.3291434051383613,0.046642836757691895,0.2181916160427852,0.1795477873349771,,-8667400000.0,0.0,True,125.65258215962442,-2.4718094966490805,0.0,-0.7854863766042489,1.4786273067519637,False,1440500000.0,5900000.0,0.00269963903647108,1.1150648726573762,527600000.0,unchecked,,0.0,general_dcf,0.10385624346941946,0.08190883190912937,True,0.0475,0.0963,0.04886302399732592,0.08324778733497709,2,1.0
AEP,"American Electric Power Company, Inc.",NASDAQ,common_stock,False,1962-01-02,Utilities,Regulated Electric,US,544105000.0,0.50389403,69563824250.0,2026-07-31,fmp:company-screener,2026-08-01T02:02:06.715478+00:00,127.85,2026-07-31,69563824250.0,728569343.7067742,True,8,2025,ttm,2026-07-30,discrete,ok,22521200000.0,0.04351225641155998,0.0730181891433208,0.48977407953395025,0.28356837113475303,6386300000.0,0.0,0.19810734374412714,4461615109.930236,4015453598.9372125,-2205758867.7110486,-4.005895855380781,0.026911118880628124,0.1,0.06758943060749312,0.08173681135634871,52895000000.0,53498000000.0,True,2.929495412844037,5.286433868356354,0.0,2.566015543415517,1.4214212113679092,False,2046500000.0,0.0,0.02355295455672457,2.2699153118065305,550628111.0,unchecked,,0.0,general_dcf,0.08942738001097505,0.10278372590795276,True,0.0475,0.07532708860402101,0.07875,-0.007737657996527897,1,1.0
BKR,Baker Hughes Company,NASDAQ,common_stock,False,1987-04-06,Energy,Oil & Gas Equipment & Services,US,992674000.0,0.96,60046850260.0,2026-07-31,fmp:company-screener,2026-08-01T02:02:06.715478+00:00,60.49,2026-07-31,60046850260.0,550288659.2174194,True,8,2025,annual,2026-02-05,annual,annual_anchor,27733000000.0,0.027880293666787903,0.09520298191532796,0.23596437457180977,0.12825875311001333,3557000000.0,0.0,0.07661628186406616,2124799344.9361467,1381119574.2084954,1487935591.5954778,1.4969170941604404,0.03672559420634187,0.35,0.10998239939111407,0.44018987341772153,2188000000.0,7144000000.0,True,16.02252252252252,0.46111696522655427,0.0073197995168211155,1.3807748628893108,1.2363835713740903,False,910000000.0,384000000.0,0.002358499301831074,1.472179289026275,994000000.0,unchecked,,0.0,general_dcf,0.022433926900109924,0.017896274664082536,True,0.0475,0.08966547046981811,0.040625,0.020316928921295954,176,0.7
TER,"Teradyne, Inc.",NASDAQ,common_stock,False,1970-09-14,Technology,Semiconductors,US,156542000.0,1.742,57558927980.0,2026-07-31,fmp:company-screener,2026-08-01T02:02:06.715478+00:00,367.69,2026-07-31,57558927980.0,1846628170.4474194,True,8,2025,ttm,2026-07-31,discrete,ok,4464031000.0,0.0614891194634577,0.1684911415087237,0.5931228972200238,0.3060677670025141,1366296000.0,0.0,0.23338936981766334,1041857381.9365135,910958297.5641334,760392069.377803,4.822864251685883,0.043379353918966974,0.12564011796804314,0.3753808089907602,-0.32082571804789234,-254702000.0,100127000.0,True,138.21911987860395,-0.17055849936484702,0.0,1.8459021919212824,1.1431889756900815,False,78439000.0,501460000.0,-0.02428893184716152,1.2393265139055851,157664000.0,unchecked,,0.0,general_dcf,0.6698127521986581,0.07726269315115519,True,0.0475,0.13446115962690486,0.05464749262699731,0.24091964936385535,0,1.0
FAST,Fastenal Company,NASDAQ,common_stock,False,1987-08-20,Industrials,Industrial - Distribution,US,1147500000.0,0.713,54747225000.0,2026-07-31,fmp:company-screener,2026-08-01T02:02:06.715478+00:00,47.71,2026-07-31,54747225000.0,347982052.6767742,True,8,2025,ttm,2026-07-16,discrete,ok,8749300000.0,0.07431176869979028,0.03921690238216256,0.44700718903226544,0.20289623169853588,1775200000.0,0.0,0.20204371901989834,1767741110.8207965,1342804825.6491716,1028655948.6898217,0.8942501509952375,0.003342793319137738,0.2403837771099404,0.31318996629376483,0.4999846681073931,236800000.0,441500000.0,True,3550.4,0.1211377122979333,0.001024327784891165,0.08525126786375348,-0.3439121855996835,False,1056100000.0,50300000.0,-0.0002739811860511532,1.0297997457088366,1150300000.0,unchecked,,0.0,general_dcf,0.1319587050771538,0.0671722643679539,True,0.0475,0.082864614446164,0.047476013930628724,0.23032535184760083,15,1.0
EA,Electronic Arts Inc.,NASDAQ,common_stock,False,1989-09-20,Technology,Electronic Gaming & Multimedia,US,252383837.0008577,0.641,52965272033.0,2026-07-31,fmp:company-screener,2026-08-01T02:02:06.715478+00:00,209.86,2026-07-31,52965272033.0,483130947.3896774,True,8,2026,ttm,2026-05-11,discrete,ok,7531000000.0,0.06178197842882893,0.08275323965856643,0.789934935599522,0.15429557827645732,1162000000.0,0.0,0.19328197964511903,1455606588.7073915,1130153117.9316576,1596359825.4430046,6.309722630209504,0.030797253745375213,0.22358614841441693,0.16002002404087398,,-1126000000.0,1854000000.0,True,,-0.7582491582491583,0.08602438697574702,-2.1641289683419846,0.6623449083859718,False,191000000.0,1060000000.0,-0.030922355340933794,1.8545941123996432,253000000.0,unchecked,,0.0,general_dcf,0.14505882150753946,0.024539877316428687,True,0.0475,0.07915721910145822,0.06793621201373852,0.08086280493941576,81,0.95
EBAY,eBay Inc.,NASDAQ,common_stock,False,1998-09-24,Consumer Cyclical,Specialty Retail,US,444000000.0,1.365,50620440000.0,2026-07-31,fmp:company-screener,2026-08-01T02:02:06.715478+00:00,114.01,2026-07-31,50620440000.0,468412635.1819355,True,8,2025,ttm,2026-04-29,discrete,ok,11604000000.0,0.036268770373628634,0.1114498656424016,0.7200965184419166,0.19579455360220613,2272000000.0,0.0,0.2318380411812394,2690248629.867102,2327583990.1234226,1834837979.9761376,4.014962757059382,0.03493663358845441,0.13480710879930646,0.25351022037760845,,3342000000.0,7202000000.0,True,9.235772357723578,1.240995172669885,0.0568631329113924,-0.8682872710392527,-2.0255543042232453,False,536000000.0,2380000000.0,-0.06439184111788199,1.0763170851797144,457000000.0,unchecked,,0.0,general_dcf,0.10344105988541963,0.024590163941161525,True,0.0475,0.10806809398136281,0.054074555700043346,0.14544212639624565,93,1.0
ADSK,"Autodesk, Inc.",NASDAQ,common_stock,False,1985-06-28,Technology,Software - Application,US,211145250.99914604,1.318,49450217784.0,2026-07-31,fmp:company-screener,2026-08-01T02:02:06.715478+00:00,234.2,2026-07-31,49450217784.0,606559210.61,True,8,2026,ttm,2026-05-29,discrete,ok,7507000000.0,0.1586991935968085,0.052692931025465906,0.9114160117223924,0.26601838284268015,1997000000.0,0.0,0.1817827291442067,1364642947.6855597,1096447223.8629642,1622953981.729012,7.65544331004251,0.07716507578081691,0.19653179190751446,0.536810308317395,0.9112533635999258,-200000000.0,2724000000.0,True,998.5,-0.09111617312072894,0.11140107649649324,1.3792241218379289,0.22902966693995785,False,0.0,2081000000.0,-0.009259790999624373,1.4492273730684326,212000000.0,unchecked,,0.0,general_dcf,0.17030687865553062,0.02796329678348312,True,0.0475,0.11010122246422956,0.050216763005780346,0.4267090858531654,63,1.0
XEL,Xcel Energy Inc.,NASDAQ,common_stock,False,2001-03-13,Utilities,Regulated Electric,US,624269560.0,0.405,48817879592.0,2026-07-31,fmp:company-screener,2026-08-01T02:02:06.715478+00:00,78.2,2026-07-31,48817879592.0,477162946.7451613,True,8,2025,annual,2026-02-25,annual,annual_anchor,14669000000.0,0.03490643646473668,0.08697357044291477,0.2430295180312223,0.19626423069057194,2879000000.0,0.0,0.17608053511468033,2582925369.5972457,2324632832.6375213,-1208350629.7301257,-2.05152908273366,0.0111427580868622,0.1,0.0445849679950444,0.03392438942790231,34507000000.0,34781000000.0,True,2.1437081161578555,5.788793826539171,0.0024551744661855516,1.8571923166668982,0.22185979940578457,False,1282000000.0,0.0,0.024965677922967222,2.397210743801653,589000000.0,unchecked,,0.0,general_dcf,0.06683743791338981,0.05116866710210317,True,0.0475,0.07510028903570141,0.07875,-0.030515321040657017,156,0.7
ODFL,"Old Dominion Freight Line, Inc.",NASDAQ,common_stock,False,1991-10-24,Industrials,Trucking,US,207968283.00179127,1.184,44118391556.0,2026-07-31,fmp:company-screener,2026-08-01T02:02:06.715478+00:00,212.14,2026-07-31,44118391556.0,402865745.29419357,True,8,2025,annual,2026-02-24,annual,annual_anchor,5496389000.0,0.044823000248298994,0.1312633784298939,0.32153910503787125,0.247625304540854,1361045000.0,0.0,0.2561866213225866,1408101327.3846307,1052514730.2510068,770476639.4003686,3.670841719751531,0.03294893589295196,0.2525291257228489,0.23482380532936778,-0.017990229634820724,21304000.0,141395000.0,True,4598.125,0.012344877779683567,0.0019517404695940195,-0.394446951176731,0.39397176858552496,False,235641000.0,730338000.0,-0.02457144616054796,1.3384086986166885,209891000.0,unchecked,,0.0,general_dcf,0.07162981224878973,0.05962521301149325,True,0.0475,0.10650837444341281,0.04671692964232194,0.12831543088595498,157,0.7
IDXX,"IDEXX Laboratories, Inc.",NASDAQ,common_stock,False,1991-06-21,Healthcare,Medical - Diagnostics & Research,US,78883000.0,1.549,44101118810.0,2026-07-31,fmp:company-screener,2026-08-01T02:02:06.715478+00:00,559.07,2026-07-31,44101118810.00001,370202558.93225807,True,8,2025,ttm,2026-05-05,discrete,ok,4446095000.0,0.09966155300662871,0.0426049069257194,0.6205308253647301,0.3162512272004984,1406083000.0,0.0,0.27820512448371637,1236926412.941429,1001457665.566445,832069125.9871981,10.313841041056065,0.03138166486515492,0.19036601119628116,0.46257641645358455,0.37422638754222093,904923000.0,1105451000.0,True,34.94849998757239,0.6247638812944276,0.01547015731093541,1.1912127692879368,0.9738400890282735,False,0.0,1167110000.0,-0.01571045899589718,1.0727395798078676,80675000.0,unchecked,,0.0,general_dcf,0.09872844806614545,0.00635593212464531,True,0.0475,0.12313194713986012,0.05060212430023243,0.3394444693137244,87,1.0
KDP,Keurig Dr Pepper Inc.,NASDAQ,common_stock,False,2008-05-07,Consumer Defensive,Beverages - Non-Alcoholic,US,1360559471.015424,0.407,42340610738.0,2026-07-31,fmp:company-screener,2026-08-01T02:02:06.715478+00:00,31.12,2026-07-31,42340610738.0,409630762.663871,True,8,2025,ttm,2026-04-23,discrete,ok,16944000000.0,0.12146383175230757,0.150614139687456,0.5377714825306893,0.2129367327667611,3608000000.0,0.0,0.2147024553505525,3637918403.4597616,2769303781.5883374,2802031297.579673,2.054727064295426,0.017926509155592255,0.23876693359734175,0.0548537827757298,0.19519455993230328,24809000000.0,25707000000.0,True,4.058492688413948,5.922415851038434,0.006383948928408573,-0.17657225837914015,-3.191412664384364,False,1250000000.0,12000000.0,-0.01535533550693835,0.9576719576719577,1363700000.0,unchecked,,0.0,general_dcf,0.5957508003207743,0.013745704454798382,True,0.0475,0.065,0.047577066650166144,-0.010146217224270206,99,1.0
FLEX,Flex Ltd.,NASDAQ,common_stock,False,1994-03-18,Technology,"Hardware, Equipment & Parts",US,366389554.0043956,1.626,41676811768.0,2026-07-31,fmp:company-screener,2026-08-01T02:02:06.715478+00:00,113.75,2026-07-31,41676811768.0,1209474273.6467743,True,8,2026,ttm,2026-07-31,discrete,ok,29267000000.0,0.009033296901042487,0.07788427754777645,0.09485085591280282,0.05169644992653842,1513000000.0,0.0,0.034318220210944134,1004391350.913702,836408816.3821737,384532258.4163689,1.0281611187603446,0.011478949185861394,0.16724808948097114,0.3737625750861141,0.4429837451465646,-2129000000.0,711000000.0,True,6.578260869565217,-1.042605288932419,0.005087053091638604,1.7378229715594287,0.7466019194241865,False,0.0,1641000000.0,-0.06801295495152604,1.795942720763723,374000000.0,unchecked,,0.0,general_dcf,0.0680051036658107,0.002557544765248316,True,0.0475,0.127512568903651,0.052046994407439304,0.2462500061824631,0,1.0
PAYX,"Paychex, Inc.",NASDAQ,common_stock,False,1983-08-26,Industrials,Staffing & Employment Services,US,355682859.9965765,0.81963736,41557985362.0,2026-07-31,fmp:company-screener,2026-08-01T02:02:06.715478+00:00,116.84,2026-07-31,41557985362.0,363660431.8319355,True,8,2026,ttm,2026-07-17,discrete,ok,6512000000.0,0.08110856046543469,0.05100948859075356,0.7428593366093366,0.3855190417690418,2510500000.0,0.0,0.39087679209438503,2545389670.118635,1939319515.53996,1937610366.1733408,5.409297504671526,0.01976280338344217,0.2381050578202542,0.2669146749755449,0.11548299094211043,3431000000.0,4608300000.0,True,9.315398886827458,1.1618299414174935,0.01157569672053502,-0.19974417118093185,2.6042214217612507,False,1589600000.0,611000000.0,-0.003786515759150011,1.1772762927653413,358200000.0,unchecked,,0.0,general_dcf,0.16463171766165585,0.009817211410750641,True,0.0475,0.08440289647457015,0.047618433886234116,0.18251177850097472,14,1.0
MCHP,Microchip Technology Incorporated,NASDAQ,common_stock,False,1993-03-19,Technology,Semiconductors,US,543008000.0,1.727,40340064320.0,2026-07-31,fmp:company-screener,2026-08-01T02:02:06.715478+00:00,74.29,2026-07-31,40340064320.0,1087609283.0864515,True,8,2026,ttm,2026-05-21,discrete,ok,4713100000.0,-0.017931178829099226,0.2121077635856163,0.5773482421336276,0.10398676030638009,490100000.0,0.0,0.15852737070229608,747155350.8569916,638095698.3491187,1287929835.547886,2.350665879809976,0.10600009009859923,0.14596650132101824,0.035691234785719554,,5294900000.0,5535200000.0,True,2.2146407591504746,4.489486179413261,0.04098509632860778,-0.5047924025403954,-1.3325728860307644,False,984000000.0,0.0,-0.005654256190469442,3.137562472252493,547900000.0,unchecked,,0.0,general_dcf,0.06184118872109945,0.03655913969552518,True,0.0475,0.1267164721514828,0.0747279311344109,-0.09102523736576323,71,1.0
ROP,"Roper Technologies, Inc.",NASDAQ,common_stock,False,1992-02-13,Technology,Software - Application,US,100917000.0,0.752,39556436490.0,2026-07-31,fmp:company-screener,2026-08-01T02:02:06.715478+00:00,391.97,2026-07-31,39556436490.0,386123852.44709677,True,8,2025,ttm,2026-07-31,discrete,ok,8280300000.0,0.06186905149521538,0.08431520766895198,0.6952525874666377,0.2796517034406966,2315600000.0,0.0,0.28084670952713225,2325495008.8975134,1828664280.9984264,2375393660.024398,23.151984990491208,0.007396755354068291,0.21364514909650473,0.06140264957956667,0.07287317514358209,10954500000.0,11319400000.0,True,5.881635763271526,3.3831068560840025,0.020726787134901694,-0.11950060864356349,0.09464334674428514,False,369200000.0,3226700000.0,-0.0132843055671924,1.544697605370167,102600000.0,unchecked,,0.0,general_dcf,0.08111475508702104,0.014035087814724602,True,0.0475,0.07710083184140515,0.04914717818146845,-0.01569818226183848,0,1.0
UAL,"United Airlines Holdings, Inc.",NASDAQ,common_stock,False,2006-02-06,Industrials,"Airlines, Airports & Air Services",US,324569727.9980219,1.258,39380045098.0,2026-07-31,fmp:company-screener,2026-08-01T02:02:06.715478+00:00,121.33,2026-07-31,39380045098.0,594283844.3477418,True,8,2025,ttm,2026-07-16,discrete,ok,62902000000.0,0.05244136817293299,0.4353400613922072,0.6505834472671775,0.0774856125401418,4874000000.0,0.0,0.07828532791915829,4924303696.770895,3795983613.604135,2233853659.3418655,6.839723390513979,0.16292456712311523,0.22913291962610957,0.11139724115697172,0.5465351348676303,17031000000.0,33668000000.0,True,3.8317610062893084,2.3960326392796847,0.0,-0.033546333374838776,0.12282780506016067,False,0.0,75000000.0,-0.003546847796669028,2.6398013750954927,326600000.0,unchecked,,0.0,general_dcf,0.14922046084265395,0.02859682915941049,True,0.0475,0.09060465403786516,0.06745086953271541,0.02079258711910656,15,1.0
KMB,Kimberly-Clark Corporation,NASDAQ,common_stock,False,1980-03-17,Consumer Defensive,Household & Personal Products,US,331940000.0,0.279,36284361400.0,2026-07-31,fmp:company-screener,2026-08-01T02:02:06.715478+00:00,109.31,2026-07-31,36284361400.0,455935325.60322577,True,8,2025,ttm,2026-04-28,discrete,ok,16539000000.0,-0.010116269221897567,0.057522381785928084,0.35860692907672775,0.13271660922667633,2195000000.0,0.0,0.13873102540272614,2294472429.135688,1808552073.806004,1639818363.0705519,4.921423658675126,0.01898390407201397,0.21177868566183936,0.20750129347232701,,6542000000.0,7084000000.0,True,8.78,2.1989915966386553,0.008131970260223048,-0.20561871057590314,1.7342931518143436,False,1673000000.0,80000000.0,-0.005050591154868278,1.3740722414646214,333200000.0,unchecked,,0.0,general_dcf,0.024014373556674684,0.017129356178433957,True,0.0475,0.06870449083702805,0.04926383214613504,0.13879680263529898,94,1.0
STLD,"Steel Dynamics, Inc.",NASDAQ,common_stock,False,1996-11-22,Basic Materials,Steel,US,143328100.0,1.542,36012618406.0,2026-07-31,fmp:company-screener,2026-08-01T02:02:06.715478+00:00,251.26,2026-07-31,36012618406.0,317562490.40645164,True,8,2025,ttm,2026-07-28,discrete,ok,20538678000.0,0.06338270758670328,0.3497588441338848,0.1461705081505246,0.10572798307661282,2171513000.0,0.0,0.1282361152060176,2633800278.1872993,2040854158.9834116,1515997337.9762752,10.498814642799195,0.05745174054814746,0.22512949220735146,0.12909665262195233,-0.5172957329697684,3614434000.0,4182142000.0,True,19.23531339687489,1.2957356987887365,0.0032850737917894013,-0.3822740919517266,-1.8501915498846044,False,295997000.0,766059000.0,-0.0786494353174314,1.2226215528911644,144397000.0,unchecked,,0.0,general_dcf,0.28526867178172277,0.1112537441139687,True,0.0475,0.11667468252000358,0.048429406737040534,0.012421970101948746,3,1.0
NTAP,"NetApp, Inc.",NASDAQ,common_stock,False,1995-11-21,Technology,Computer Hardware,US,196234000.0,1.451,35027769000.0,2026-07-31,fmp:company-screener,2026-08-01T02:02:06.715478+00:00,178.5,2026-07-31,35027769000.0,557030240.5048387,True,8,2026,ttm,2026-06-05,discrete,ok,6925000000.0,0.017194231969849705,0.06640170330256875,0.7074368231046931,0.24115523465703972,1670000000.0,0.0,0.1884048836470307,1304703819.2556877,1117650911.728349,1070575553.1013545,5.379776648750525,0.023776578751092205,0.14336809992175042,2.861150546261354,0.538397152151984,-851000000.0,2733000000.0,True,15.321100917431192,-0.4550802139037433,0.056955966815571156,2.958333950974185,1.6873569523341478,False,413000000.0,950000000.0,-0.03288794110663151,1.6199059561128526,199000000.0,unchecked,,0.0,general_dcf,0.043353057744503154,0.016081871316421522,True,0.0475,0.11523618877788523,0.0535394937548906,2.7459143574834686,56,1.0
EXPE,"Expedia Group, Inc.",NASDAQ,common_stock,False,2005-07-21,Consumer Cyclical,Travel Services,US,114498625.00169641,1.232,33747324733.0,2026-07-31,fmp:company-screener,2026-08-01T02:02:06.715478+00:00,294.74,2026-07-31,33747324733.0,422078032.85354835,True,8,2025,ttm,2026-05-08,discrete,ok,15171000000.0,0.03964046576130609,0.3427346793391278,0.9027091160767253,0.16149232087535428,2450000000.0,0.0,0.07764508327479386,1177953558.3618977,902217503.3775536,1895316154.5533361,15.557439274982855,0.12861216982691298,0.23408058240240995,-0.6796459880891328,,-3337000000.0,4706000000.0,True,6.9602272727272725,-0.9973102211595936,0.03216761430017914,3.3220427534842725,1.4352664299663938,True,7000000.0,2334000000.0,-0.09015895454406941,2.998454404945904,121827000.0,unchecked,,0.0,general_dcf,0.09633210923805713,0.023081721727241343,True,0.0475,0.10160653738526218,0.04786996359984938,-0.7812525254743949,84,0.85
CASY,"Casey's General Stores, Inc.",NASDAQ,common_stock,False,1983-10-20,Consumer Cyclical,Specialty Retail,US,37004900.0,0.619,32231267900.0,2026-07-31,fmp:company-screener,2026-08-01T02:02:06.715478+00:00,871.0,2026-07-31,32231267900.0,451075849.66451615,True,8,2026,ttm,2026-06-22,discrete,ok,17561101000.0,0.09417408999463706,0.17124061991744297,0.24605752224760852,0.05886060333005317,1033657000.0,0.0,0.04542217167062353,797663344.3471586,612285713.224676,496085437.3336882,13.306422795515214,0.007433418465622815,0.23240083982322568,0.12526980158853127,0.1604541009740596,2382084000.0,2905075000.0,True,,1.6055944433023392,0.0029943104212629412,1.3438431659429637,1.7955832042063808,False,83136000.0,247749000.0,-0.002122010404048913,1.9281179316059391,37281653.0,unchecked,,0.0,general_dcf,0.09172623583351136,0.021288837775811236,True,0.0475,0.07751694942765153,0.06716492651546775,0.04775285216087974,39,0.95
DXCM,"DexCom, Inc.",NASDAQ,common_stock,False,2005-04-14,Healthcare,Medical - Devices,US,385872977.00419414,1.4525987,32201099931.0,2026-07-31,fmp:company-screener,2026-08-01T02:02:06.715478+00:00,83.45,2026-07-31,32201099931.000004,422635137.25741935,True,8,2025,ttm,2026-07-30,discrete,ok,4969200000.0,0.24045248560262444,0.0980353962291266,0.6279481606697255,0.22923206954841827,1139100000.0,0.0,0.14160742777167754,703675630.08302,594342851.1098404,354879409.0944277,0.9057667409250324,0.11110235888987498,0.15537383177570094,0.47617602980663154,0.8165646582952667,-600900000.0,1346100000.0,True,127.98876404494382,-0.42823546180159633,0.041631007923142754,2.093981891956366,3.585213320609803,False,0.0,1103600000.0,-0.02864919551928613,1.717285664699757,391800000.0,unchecked,,0.0,general_dcf,0.12346940820616292,0.007662835367070692,True,0.0475,0.11742784807845295,0.05278913551401869,0.3587481817281786,1,1.0
ON,ON Semiconductor Corporation,NASDAQ,common_stock,False,2000-05-02,Technology,Semiconductors,US,389186000.0,2.012,31761469460.0,2026-07-31,fmp:company-screener,2026-08-01T02:02:06.715478+00:00,81.61,2026-07-31,31761469460.0,1303757317.9158065,True,8,2025,ttm,2026-05-04,discrete,ok,6063000000.0,0.0028218172896363747,0.16188470835851332,0.3721754905162461,0.10842817087250536,657400000.0,0.0,0.16852792331505653,1021784799.0591878,878157329.6068205,811948585.0016932,2.0602603019581154,0.08148390844725621,0.14056528300735427,0.07147640398640859,-0.20507036683135024,602900000.0,3006500000.0,True,10.021341463414634,0.41240850947397223,0.01467345207803223,-0.6006904283771874,-0.38058641581477337,False,0.0,1423200000.0,-0.04197201773083803,1.2121057985757884,394100000.0,unchecked,,0.0,general_dcf,0.08003916351985052,0.02472952079851612,True,0.0475,0.1399381918870306,0.05371466981204036,-0.06846178790062202,88,1.0
GEHC,GE HealthCare Technologies Inc.,NASDAQ,common_stock,False,2022-12-15,Healthcare,Medical - Healthcare Information Services,US,451686251.99941194,0.839,30723698861.0,2026-07-31,fmp:company-screener,2026-08-01T02:02:06.715478+00:00,68.02,2026-07-31,30723698861.0,329622196.3419355,True,7,2025,ttm,2026-07-29,discrete,ok,20243000000.0,0.036502995670744776,0.01889711736548999,0.4290371980437682,0.1270068665711604,2571000000.0,0.0,0.13391515151515151,2710844412.121212,2109522710.8775616,1656546644.8445172,3.648781156045192,0.012941365518057371,0.2218208092485549,0.1055053894121165,,7988000000.0,10093000000.0,True,5.896788990825688,2.634564643799472,0.006303030303030303,-0.6908284943991122,-2.5256847271749896,False,48000000.0,400000000.0,5.423569159290764e-05,0.9789262418464626,454000000.0,unchecked,,0.0,general_dcf,0.05851234386727322,0.015200368481045591,True,0.0475,0.07935771667652665,0.048636199421965315,0.02614767273558985,2,0.95
BIIB,Biogen Inc.,NASDAQ,common_stock,False,1991-09-17,Healthcare,Drug Manufacturers - General,US,147753997.99950728,0.158,29986673894.0,2026-07-31,fmp:company-screener,2026-08-01T02:02:06.715478+00:00,202.95,2026-07-31,29986673894.0,250915825.5829032,True,8,2025,annual,2026-02-06,annual,annual_anchor,9810600000.0,-0.04410238223859042,0.07327969969526621,0.7047071534870446,0.19137463559823048,1877500000.0,0.0,0.2706785477390644,2655518960.4488654,2246584268.229244,2443648444.576742,16.657453609930077,0.09976898598969601,0.1539942656445949,0.07426099117084277,-0.11553738708399777,3132300000.0,6948000000.0,True,7.632113821138211,1.1787085120794762,0.029641408272684647,-1.0837434066192517,-0.41716620042297464,False,0.0,0.0,0.0015956261390392967,1.7045142644633595,146700000.0,unchecked,,0.0,general_dcf,0.052004213888859896,0.0902777778315247,True,0.0475,0.06880829257495312,0.052875358397212815,0.005452698595889649,175,0.7
FISV,"Fiserv, Inc.",NASDAQ,common_stock,False,1986-09-25,Technology,Information Technology Services,US,533254000.0,0.8191573,28763720760.0,2026-07-31,fmp:company-screener,2026-08-01T02:02:06.715478+00:00,53.94,2026-07-31,28763720760.0,380005668.66322577,True,8,2025,ttm,2026-05-06,discrete,ok,21090000000.0,0.20267803207389457,0.25230845051363043,0.5807017543859649,0.24376481744902798,5141000000.0,0.0,0.2367339951540479,4992719957.79887,4077508571.9153724,3936260467.131716,7.3519993782811275,0.06573325020743012,0.18330917688541565,0.0767878766895658,1.0079318519076124,28477000000.0,29306000000.0,True,3.351368970013038,3.4091943014485815,0.01791232388833604,0.08249002768280234,1.0099439945817041,False,0.0,3787000000.0,-0.06159539790027424,1.7540229885057472,535400000.0,unchecked,,0.0,general_dcf,0.011285382459447213,0.014471057873268975,True,0.0475,0.07987979152679377,0.07146044702252613,-0.0030919148372279687,86,1.0
CPRT,"Copart, Inc.",NASDAQ,common_stock,False,1994-03-17,Industrials,Specialty Business Services,US,925811482.0054945,1.023,26959630356.0,2026-07-31,fmp:company-screener,2026-08-01T02:02:06.715478+00:00,29.12,2026-07-31,26959630356.0,370658749.06903225,True,8,2025,ttm,2026-05-29,discrete,ok,4638867000.0,0.14458048241388965,0.07618597096138457,0.4553109627846627,0.36566622841310176,1696277000.0,0.0,0.3705266255577967,1718823735.9214196,1400651193.0527592,903762578.4823006,0.936332919072228,0.02721182519527938,0.18511062898377761,0.2961389065373297,0.3038365386306291,-4106596000.0,93116000.0,True,,-2.1418830709916064,0.00831613687897748,-0.19690884047579835,0.3486681819753592,False,0.0,1632537000.0,0.0002110956201459846,1.102177272951288,965215000.0,unchecked,,0.0,general_dcf,-0.00041329059706662896,0.02159827199265597,True,0.0475,0.09855587055440769,0.07130281996391945,0.19758303598292204,63,0.95
VRSN,"VeriSign, Inc.",NASDAQ,common_stock,False,1998-01-30,Technology,Software - Infrastructure,US,90400000.0,0.707,26217808000.0,2026-07-31,fmp:company-screener,2026-08-01T02:02:06.715478+00:00,290.02,2026-07-31,26217808000.0,244606174.68258065,True,8,2025,ttm,2026-07-23,discrete,ok,1707900000.0,0.045288243162276975,0.018816099845237407,0.8846536682475554,0.6786111599039757,1159000000.0,0.0,0.6581874834837056,1124118403.0418208,902338683.1659088,892543939.7525687,9.797408778842687,0.014670218448232868,0.1972921351307697,-0.9754019871916941,,1300300000.0,2334400000.0,True,15.270092226613965,1.0963743676222597,0.03998392605987543,1.4785550266792518,5.126834420293124,False,435000000.0,899900000.0,-0.055145634820722766,1.14878452335497,91100000.0,unchecked,,0.0,general_dcf,0.05870451336123539,0.01674408326559477,True,0.0475,0.08017805384033419,0.05016924155432689,-1.0555800410320284,8,1.0
FOXA,Fox Corporation,NASDAQ,common_stock,False,2019-03-12,Communication Services,Entertainment,US,438504843.0018891,0.55,25534137008.0,2026-07-31,fmp:company-screener,2026-08-01T02:02:06.715478+00:00,58.23,2026-07-31,25534137008.0,344281844.57741934,True,8,2025,ttm,2026-05-11,discrete,ok,16201000000.0,0.06996718821585945,0.06560329114653755,0.34991667181038205,0.19727177334732424,3196000000.0,0.0,0.2005283937430593,3248760507.031304,2399781657.836048,2085614167.0092926,4.82781057178077,0.014583801757342744,0.2613239256503542,0.16895503711597137,0.8856477997370426,3004000000.0,6605000000.0,True,9.028248587570621,0.8351403947734223,0.006437768240343348,-0.15227454330003445,-0.037339798254704196,False,285000000.0,2150000000.0,-0.0882628934835914,1.4527845036319613,432000000.0,unchecked,,0.0,general_dcf,0.0271075394011131,0.018787878804738065,True,0.0475,0.06907450539166211,0.04616725464685286,0.09988053172430926,81,1.0
JBHT,"J.B. Hunt Transport Services, Inc.",NASDAQ,common_stock,False,1983-11-22,Industrials,Integrated Freight & Logistics,US,93914900.0,1.294,25521374075.0,2026-07-31,fmp:company-screener,2026-08-01T02:02:06.715478+00:00,271.75,2026-07-31,25521374075.0,287028051.4474194,True,8,2025,ttm,2026-07-24,discrete,ok,12701310000.0,0.0484726000390483,0.13197681236609635,0.16264873465807858,0.07523751487051336,955615000.0,0.0,0.07823289501812905,993660251.8227127,754227807.0466362,244401245.50618505,2.574162090349944,0.006562421099261771,0.24096007094665947,0.15116842496020624,-0.11504860955793367,1141175000.0,1145337000.0,True,14.535615959113517,0.6817197492181736,0.005979867149991966,-0.29953801476156894,0.42752769590553297,False,169425000.0,575025000.0,-0.03384668186885509,2.597989791306846,94944000.0,unchecked,,0.0,general_dcf,0.1389428197695155,0.1044444444205805,True,0.0475,0.10941855353702952,0.04743999556583378,0.041749871423176724,7,1.0
VRSK,"Verisk Analytics, Inc.",NASDAQ,common_stock,False,2009-10-07,Technology,Software - Services,US,130156016.99769053,0.688,25360899912.0,2026-07-31,fmp:company-screener,2026-08-01T02:02:06.715478+00:00,194.85,2026-07-31,25360899912.0,462633117.16935486,True,8,2025,ttm,2026-07-29,discrete,ok,3136000000.0,0.03623115196750715,0.07254168101563262,0.676626275510204,0.446843112244898,1401300000.0,0.0,0.42172227797197337,1322521063.7201085,1036184155.4159166,931608897.3812333,7.1196413222331065,0.0801875377009139,0.21650839155541102,0.3816549486958677,,4065700000.0,4617100000.0,True,7.182470527934393,2.3536528887345143,0.017639209815471735,0.4477434116038891,2.861568640085654,False,256000000.0,2155100000.0,-0.06274555930634207,1.5809754486403171,130850538.0,unchecked,,0.0,general_dcf,0.050030773810691764,0.0123839009374427,True,0.0475,0.07682797063306444,0.04896822552778681,0.30482697806280323,2,1.0
CTSH,Cognizant Technology Solutions Corporation,NASDAQ,common_stock,False,1998-06-19,Technology,Information Technology Services,US,450444208.99728996,0.859,24932086968.0,2026-07-31,fmp:company-screener,2026-08-01T02:02:06.715478+00:00,55.35,2026-07-31,24932086968.0,559987961.8803226,True,8,2025,ttm,2026-07-29,discrete,ok,21642000000.0,0.03921825270499446,0.03906494662569689,0.32002587561223544,0.15756399593383236,3410000000.0,0.0,0.14961661544644123,3238002791.491881,2437809567.837931,2370450036.150812,5.086802652684146,0.013916954578610759,0.24712555089715282,0.16557896623287383,0.1406886596808351,1043000000.0,2094000000.0,True,94.72222222222223,0.2830393487109905,0.008867044993919741,0.7588083624686945,-0.04326987837359442,False,618000000.0,2408000000.0,-0.03526910615298384,1.0959548447789276,466000000.0,unchecked,,0.0,general_dcf,0.053070463238268806,0.011220825869518525,True,0.0475,0.08708769836228018,0.04705465306892795,0.07849126787059364,2,1.0
DLTR,"Dollar Tree, Inc.",NASDAQ,common_stock,False,1995-03-07,Consumer Defensive,Discount Stores,US,192175000.0,0.651,24446581750.0,2026-07-31,fmp:company-screener,2026-08-01T02:02:06.715478+00:00,127.21,2026-07-31,24446581750.0,437505613.506129,True,8,2025,ttm,2026-05-28,discrete,ok,19747900000.0,-0.022863270003800173,0.16961859455184894,0.36707194182672587,0.08544706019374212,1687400000.0,0.0,0.07816983415618828,1543690067.9329906,1174463392.4563975,705942105.7735236,3.5762011437361885,0.048264185479257565,0.2391844601105645,0.12719708134444005,,6586000000.0,7593300000.0,True,21.332490518331227,2.6073874658537552,0.005762435120462902,0.28820487841280396,0.7606555460738991,False,0.0,1706100000.0,-0.04140513713567551,1.9728654970760233,197400000.0,unchecked,,0.0,general_dcf,-0.36994130324021635,0.003089598336571076,True,0.0475,0.07234788433723396,0.04755097124308972,0.054849197007206085,64,1.0
INCY,Incyte Corporation,NASDAQ,common_stock,False,1993-11-04,Healthcare,Biotechnology,US,202697746.00066936,0.758,24226434602.0,2026-07-31,fmp:company-screener,2026-08-01T02:02:06.715478+00:00,119.52,2026-07-31,24226434602.0,200685167.22548386,True,8,2025,ttm,2026-07-28,discrete,ok,5819530000.0,0.15439286151799103,0.04751596548947831,0.9261869944823723,0.3157179359845211,1837330000.0,0.0,0.17580748591964146,1023116938.533931,790887451.1563767,559141365.8426417,2.685390968237992,0.10956005091626536,0.22698235033653738,0.7713233101166035,3.085292852414928,-4503061000.0,32679000.0,True,790.5895008605852,-2.3264263052583343,0.05841707369936918,1.7852152099949858,1.117090240836743,False,0.0,6885000.0,-0.02400144908433799,1.0985878055415226,208216000.0,unchecked,,0.0,general_dcf,0.18165416388619682,0.018425460637369877,True,0.0475,0.08535004160563947,0.048313603103966415,0.6859732685109641,3,1.0
FFIV,"F5, Inc.",NASDAQ,common_stock,False,1999-06-04,Technology,Software - Infrastructure,US,56419200.0,1.03,22712677344.0,2026-07-31,fmp:company-screener,2026-08-01T02:02:06.715478+00:00,402.57,2026-07-31,22712677344.0,280041802.96516126,True,8,2025,ttm,2026-07-27,discrete,ok,3309332000.0,0.052290955682298135,0.03426794087998627,0.8221157623351177,0.2452963317068218,811767000.0,0.0,0.19959417324742823,660523384.5412582,537544803.4073892,599840818.3058782,10.400541289070953,0.047472191809431206,0.18618353870889703,0.26760786266035397,1.0870605327209826,-1387082000.0,218700000.0,True,,-1.5660095535612475,0.07780492308566396,0.7471493621936769,0.5867919918773529,False,0.0,626117000.0,-0.019035263540231218,1.398111782743861,57674000.0,unchecked,,0.0,general_dcf,0.10114596828123124,0.023880596763460733,True,0.0475,0.09873495247793268,0.0712089403629715,0.1688729101824213,4,0.95
FSLR,"First Solar, Inc.",NASDAQ,common_stock,False,2006-11-17,Technology,Solar,US,107453000.0,1.7303654,22675806590.0,2026-07-31,fmp:company-screener,2026-08-01T02:02:06.715478+00:00,211.03,2026-07-31,22675806590.0,650719372.2777419,True,8,2025,ttm,2026-07-30,discrete,ok,5378071000.0,0.1281571554750882,0.1778522689740756,0.4400244994906166,0.34492664749126595,1855040000.0,0.0,0.15890352931345095,854594462.7983204,769135016.5184884,-703111502.1903358,-6.526487043685588,0.14247719950244941,0.1,0.19343462624126564,0.3726158317919293,-1689329000.0,37635000.0,True,67.51983693674019,-0.6954916299947591,0.006681423934494278,0.8236304277095357,1.317652564469032,False,0.0,89000.0,0.0036810645035771916,0.9426915801629047,107732000.0,unchecked,,0.0,general_dcf,-0.0070513639142317786,0.05098039213909476,True,0.0475,0.133889411991853,0.05625,0.05954521424941264,1,1.0
ULTA,"Ulta Beauty, Inc.",NASDAQ,common_stock,False,2007-10-25,Consumer Cyclical,Specialty Retail,US,42989310.9997465,0.879,22046208360.0,2026-07-31,fmp:company-screener,2026-08-01T02:02:06.715478+00:00,512.83,2026-07-31,22046208360.0,357635013.1848387,True,8,2025,ttm,2026-06-02,discrete,ok,12708310000.0,0.09144740440932342,0.1599674992008996,0.39333514841863315,0.1253874826786567,1593463000.0,0.0,0.13493027782983869,1714735799.0477173,1304646071.6123035,1195451577.3087215,27.191601703865015,0.03164173741623799,0.23915621733864667,0.26004953487698196,0.14727490186479877,2081143000.0,2302443000.0,True,215.3619408028112,1.0514073036716398,0.003787917016580005,-0.6281877687725461,-0.6263708878403318,False,0.0,1274558000.0,-0.05282726615963795,1.1435013807072785,43964000.0,unchecked,,0.0,general_dcf,0.09384099823085856,0.01949634443113467,True,0.0475,0.08729901250738656,0.04755273641633458,0.1727505223695954,59,1.0
CHTR,"Charter Communications, Inc.",NASDAQ,common_stock,False,2010-01-05,Communication Services,Telecommunications Services,US,134777482.99765486,0.704,19540039485.0,2026-07-31,fmp:company-screener,2026-08-01T02:02:06.715478+00:00,144.98,2026-07-31,19540039485.0,519215093.90967745,True,8,2025,ttm,2026-07-24,discrete,ok,54396000000.0,0.033016031528634304,0.026783312568986407,0.565666593131848,0.2366901978086624,12875000000.0,0.0,0.21833216645863085,11876396526.683683,9520440067.105585,4410950282.942997,36.37717129826975,0.04247077063667087,0.1983730043270933,0.09215296317156264,0.26677679637638607,95046000000.0,95555000000.0,True,2.5394477317554243,4.39275315431899,0.012286851425858985,0.5265001623686216,1.4735601490362917,False,0.0,4757000000.0,-0.09655052047411605,3.1672152732060566,121256000.0,unchecked,,0.0,general_dcf,-0.011570548812006032,0.0031336405604810713,True,0.0475,0.07227431099671344,0.07014236212137934,0.0198786521748492,7,1.0
CDW,CDW Corporation,NASDAQ,common_stock,False,2013-06-27,Technology,Information Technology Services,US,127753000.0,0.962,18883170930.0,2026-07-31,fmp:company-screener,2026-08-01T02:02:06.715478+00:00,147.81,2026-07-31,18883170930.0,274900811.7648387,True,8,2025,ttm,2026-05-06,discrete,ok,22904800000.0,0.04716837528114315,0.0809633000225093,0.2157233418322797,0.07296287241102302,1671200000.0,0.0,0.0706090264135506,1617285628.1970937,1231750473.5072813,1105114770.2189732,8.5337047893357,0.006615728841439681,0.2383840850175591,0.156690489729125,0.3479403851802383,5567700000.0,6146300000.0,True,14.532173913043477,2.8305541433655312,0.003081143118383519,0.2189750147072326,-0.453139499336299,False,326900000.0,653900000.0,-0.01859168381327636,1.1850992763035815,129500000.0,unchecked,,0.0,general_dcf,0.05909456393509971,0.04497242258281916,True,0.0475,0.08381324321300931,0.047600994686402553,0.07287724651611568,86,1.0
AKAM,"Akamai Technologies, Inc.",NASDAQ,common_stock,False,1999-10-29,Technology,Software - Infrastructure,US,145385450.99843723,0.633,16745496246.0,2026-07-31,fmp:company-screener,2026-08-01T02:02:06.715478+00:00,115.18,2026-07-31,16745496246.0,658222327.41,True,8,2025,ttm,2026-05-08,discrete,ok,4266646000.0,0.06463602570036953,0.020280837346490978,0.572299178324145,0.1367158184672457,583318000.0,0.0,0.17709245816795977,755590828.2724929,653515937.3153788,463340774.6220944,3.0884855196044207,0.03179391448598332,0.13509281364688866,0.05124025743522671,-0.030526924258574523,4937260000.0,5867705000.0,True,10.46760937443922,3.793054704077415,0.09856212517238061,-0.9619782574410402,0.10005466129572092,False,0.0,1305849000.0,-0.022185651472434675,3.0087479551135035,150022000.0,unchecked,,0.0,general_dcf,0.07412033939484686,0.011135857411053213,True,0.0475,0.07263875529477323,0.05405669914706946,-0.02139849785954652,84,1.0
NDSN,Nordson Corporation,NASDAQ,common_stock,False,1980-03-18,Industrials,Industrial - Machinery,US,55718000.00000001,0.969,16591706040.0,2026-07-31,fmp:company-screener,2026-08-01T02:02:06.715478+00:00,297.78,2026-07-31,16591706040.0,123953815.67999999,True,8,2025,ttm,2026-05-21,discrete,ok,2903637000.0,0.03099100141540756,0.05205376065131234,0.5510960908681078,0.2636817205456467,765636000.0,0.0,0.2532505691538013,735347722.866036,584731848.419825,553196422.4118305,9.85861426784935,0.032489583208163045,0.20482265704064728,0.11998824591370559,0.03974633978397207,1871732000.0,1973749000.0,True,6.68082581455821,2.046836845276565,0.007047418864717588,0.5616324886292451,1.3239837614026082,False,181774000.0,381011000.0,-0.012375917292465122,1.3154691451979823,56113000.0,unchecked,,0.0,general_dcf,0.06492269511914683,0.009334229453409806,True,0.0475,0.09103287375610927,0.049698583934959545,0.028955372157596318,71,1.0
GEN,Gen Digital Inc.,NASDAQ,common_stock,False,1989-06-23,Technology,Software - Infrastructure,US,598577117.0127505,1.207,16430941862.0,2026-07-31,fmp:company-screener,2026-08-01T02:02:06.715478+00:00,27.45,2026-07-31,16430941862.000002,175658409.3780645,True,8,2026,ttm,2026-05-21,discrete,ok,5000000000.0,0.007931476795870251,0.22457459664598023,0.7628,0.4282,2141000000.0,0.0,0.355338434982158,1776692174.91079,1335987095.1521106,1249624852.998824,2.051929151065392,0.11846545709140123,0.2480480783233077,0.15378059645713996,0.10027188194900236,7858000000.0,8260000000.0,True,3.7627416520210897,2.9832953682612,0.03631578947368421,0.8397645866054494,-0.01217322623760087,False,312000000.0,634000000.0,-0.008077897235781228,1.8989113530326593,609000000.0,unchecked,,0.0,general_dcf,0.2654807529710177,0.006060605973904387,True,0.0475,0.09378136906037682,0.06579579314671058,0.05999922739676314,71,1.0
TSCO,Tractor Supply Company,NASDAQ,common_stock,False,1994-02-17,Consumer Cyclical,Specialty Retail,US,524450000.0,0.456,16137326500.0,2026-07-31,fmp:company-screener,2026-08-01T02:02:06.715478+00:00,30.77,2026-07-31,16137326500.0,375134844.5451613,True,8,2025,ttm,2026-07-23,discrete,ok,15750725000.0,0.1010940863197809,0.08958381765263242,0.3246545793923772,0.08912180226624489,1403732999.0,0.0,0.096563335188451,1520942537.6361148,1183553950.2662294,658061168.0962487,1.2543697151172741,0.005197141099759974,0.22182862206895912,0.1221185396772932,0.03805267903443068,6313390000.0,6544978000.0,True,20.725118468648034,3.300231991663538,0.0036757814296607986,-0.7441532922206118,-1.3862287198983303,False,495311000.0,430407000.0,-0.021955913912675262,1.2902137590352694,524615000.0,unchecked,,0.0,general_dcf,0.021731515673041768,0.02059925094208043,True,0.0475,0.06561396045755721,0.04863571112069005,0.05650457921973599,8,1.0
PTC,PTC Inc.,NASDAQ,common_stock,False,1989-12-08,Technology,Software - Application,US,115506000.00000001,0.994,15847423200.0,2026-07-31,fmp:company-screener,2026-08-01T02:02:06.715478+00:00,137.2,2026-07-31,15847423200.0,254334481.776129,True,8,2025,ttm,2026-07-31,discrete,ok,2953972000.0,0.11964698925178596,0.07292697244043875,0.8409399276634985,0.3781376397609727,1117008000.0,0.0,0.21465823542404253,634094417.0120298,507323141.2459226,337174893.1929132,2.9325165961567707,0.08936834833696056,0.1999249202720895,0.18910145564567496,0.29146960792156157,1256240000.0,1607694000.0,True,22.54350239157198,1.0041364757226843,0.09722154544410373,1.982023510606464,1.430314304582563,False,0.0,1401201000.0,-0.009262320683786518,1.9928733329258927,114978000.0,unchecked,,0.0,general_dcf,0.04924265992224397,0.029411764824645414,True,0.0475,0.09285310207580591,0.050004692482994405,0.09624835356986905,0,1.0
NWSA,News Corporation,NASDAQ,common_stock,False,2013-06-19,Communication Services,Publishing,US,561331887.0101597,0.899,15470306806.0,2026-07-31,fmp:company-screener,2026-08-01T02:02:06.715478+00:00,27.56,2026-07-31,15470306806.000002,140484301.12387097,True,8,2025,annual,2025-08-06,annual,annual_anchor,8452000000.0,-0.009311320802890988,0.11461432411518795,1.0,0.11310932323710364,956000000.0,0.0,0.07525118018893645,636022974.9568908,429290624.5679296,621078276.550274,1.0898022048609826,0.02240980015903636,0.32503912363067294,0.06930110598314645,,537000000.0,2940000000.0,True,95.6,0.3795053003533569,0.0,1.7762187104840723,0.37890710713716913,False,185000000.0,150000000.0,-0.012879660099238022,4.12781954887218,569900000.0,unchecked,,0.0,general_dcf,0.047548214610553474,0.029345372440250612,True,0.0475,0.08442303225175073,0.042185054773082944,-0.015121926268604272,359,0.7
COO,"The Cooper Companies, Inc.",NASDAQ,common_stock,False,1983-01-21,Healthcare,Medical - Instruments & Supplies,US,195031000.00000003,0.84,14104641920.0,2026-07-31,fmp:company-screener,2026-08-01T02:02:06.715478+00:00,72.32,2026-07-31,14104641920.0,186222932.71580645,True,8,2025,ttm,2026-06-05,discrete,ok,4231099999.0,0.07094746791504969,0.08126069854344418,0.6437096737594739,0.11767625442974079,497900000.0,0.0,0.16301111144007413,689716313.4510865,525639377.7529517,512206911.6097218,2.6267021108190862,0.0218134355373382,0.23789046670094582,0.035931474516320165,0.052212610579211796,2321400000.0,2460200000.0,True,5.348012889366273,2.6301835486063903,0.0,-2.4752026463793104,0.47450381759272753,False,0.0,357500000.0,-0.006412596201342491,2.064921821889871,195000000.0,unchecked,,0.0,general_dcf,0.0534912840947015,0.01061461740297075,True,0.0475,0.08328176783191998,0.047631845831190886,-0.04735029331559982,56,1.0
ZBRA,Zebra Technologies Corporation,NASDAQ,common_stock,False,1991-08-15,Technology,Communication Equipment,US,47633400.0,1.605,13995645588.0,2026-07-31,fmp:company-screener,2026-08-01T02:02:06.715478+00:00,293.82,2026-07-31,13995645588.0,252544826.8916129,True,8,2025,ttm,2026-05-12,discrete,ok,5583000000.0,0.03581159084964791,0.1301856603228646,0.47465520329571914,0.14382948235715565,803000000.0,0.0,0.14730794126744565,822420236.0961491,705542955.7947177,805888246.7399629,15.910233754928027,0.025359000087872088,0.14211381866796305,0.11102056464296949,-0.061870115414357205,2735000000.0,2849000000.0,True,3.68348623853211,2.7268195413758725,0.0178678980124473,-0.347845891029,-0.37648760710099355,False,0.0,762000000.0,-0.012240574462547227,1.918560606060606,50652194.0,unchecked,,0.0,general_dcf,0.12593693205120315,0.00330578507028116,True,0.0475,0.11883918927459539,0.07506504086655323,-0.0078186246316259,80,1.0
HAS,"Hasbro, Inc.",NASDAQ,common_stock,False,1980-03-17,Consumer Cyclical,Leisure,US,141491000.0,0.482,13291664540.0,2026-07-31,fmp:company-screener,2026-08-01T02:02:06.715478+00:00,93.94,2026-07-31,13291664540.0,195676199.6032258,True,8,2025,ttm,2026-07-30,discrete,ok,4973200000.0,0.00375236020630787,0.13778959975133362,0.7028070457653021,0.23855867449529478,1186400000.0,0.0,0.10535031530997216,523928188.0995535,411244856.7585719,548141679.3575834,3.8278050234468113,0.15143264068207754,0.21507400040780053,0.32219361516665584,,2160000000.0,3538200000.0,True,6.999410029498525,1.6904053842541868,0.0,2.6118409407848566,3.0530035623839615,False,394100000.0,41500000.0,0.010214483546903796,2.1976141078838176,143200000.0,unchecked,,0.0,general_dcf,0.11761511781730327,0.0636182901337729,True,0.0475,0.06757168185649699,0.049057874974512465,0.25462193331015887,1,1.0
APA,APA Corporation,NASDAQ,common_stock,False,1979-05-15,Energy,Oil & Gas Exploration & Production,US,353470000.0,0.347,13191500400.0,2026-07-31,fmp:company-screener,2026-08-01T02:02:06.715478+00:00,37.32,2026-07-31,13191500400.0,212554706.3967742,True,8,2025,ttm,2026-05-07,discrete,ok,8611000000.0,0.028082479749838907,0.36952165396497444,0.4864707931715248,0.3266751829055859,2813000000.0,0.0,0.3184182911929025,2741899905.4620833,1927878607.4263425,741515058.1627892,2.094675305544602,0.14010627240624568,0.2968822079953194,0.18486497326003987,0.008723172606689075,4243000000.0,4536000000.0,True,10.695817490494296,0.8250048609760839,0.0,0.08092383253437395,0.2610480770021228,False,357000000.0,180000000.0,0.020593996919940682,3.1694560669456067,354000000.0,unchecked,,0.0,general_dcf,0.11938218702987946,0.15639269408508902,True,0.0475,0.06519349298862952,0.04394486200029254,0.11967148027141035,85,1.0
TRMB,Trimble Inc.,NASDAQ,common_stock,False,1990-07-20,Technology,"Hardware, Equipment & Parts",US,233111518.9996465,1.383,13189449745.0,2026-07-31,fmp:company-screener,2026-08-01T02:02:06.715478+00:00,56.58,2026-07-31,13189449745.0,167370837.18225804,True,8,2025,ttm,2026-05-06,discrete,ok,3686600000.0,0.020681196117285916,0.06473362779767873,0.6806000108501058,0.17818586231215755,656900000.0,0.0,0.12922263775761822,476392176.3572353,411990836.307908,401731526.59402066,1.6957852536683016,0.020169012826480516,0.13518555351134537,0.08334873016012517,0.021094141713031075,1178700000.0,1412800000.0,True,8.389527458492976,1.3828015016424213,0.04083851364536002,2.6268115276985236,-0.37888205777486017,False,0.0,558800000.0,-0.018042740614959585,0.9108490566037736,236900000.0,unchecked,,0.0,general_dcf,-0.02122009418664006,0.005602240989809515,True,0.0475,0.11059339872831343,0.05405090290554092,-0.02724466856818826,86,1.0
ALGN,"Align Technology, Inc.",NASDAQ,common_stock,False,2001-01-30,Healthcare,Medical - Devices,US,71618126.9981083,1.669,12114922363.0,2026-07-31,fmp:company-screener,2026-08-01T02:02:06.715478+00:00,169.16,2026-07-31,12114922363.0,180767422.94870967,True,8,2025,annual,2026-02-27,annual,annual_anchor,4034964000.0,0.10813455367511038,0.2091529314388585,0.6832519447509321,0.15271908249986865,616216000.0,0.0,0.1693170094374621,683188037.6678199,499976687.6678131,504531606.90876263,6.950620032357451,0.03799292288683854,0.2681711913830199,0.14695696076029993,-0.5358257089366919,-980462000.0,114446000.0,True,,-1.1485499946113873,0.04343647881026613,-0.6485240263424882,-1.9131966088400072,False,0.0,465939000.0,-0.025430839830211993,1.7520113346718498,72588000.0,unchecked,,0.0,general_dcf,0.036179819124926293,0.007159904461291658,True,0.0475,0.1303237900856794,0.06403502075398575,0.01663317067462053,154,0.6499999999999999
CSGP,"CoStar Group, Inc.",NASDAQ,common_stock,False,1998-07-01,Real Estate,Real Estate - Services,US,405198000.0,0.735,11653494480.0,2026-07-31,fmp:company-screener,2026-08-01T02:02:06.715478+00:00,28.76,2026-07-31,11653494480.0,263606689.94935486,True,8,2025,ttm,2026-07-29,discrete,ok,3555600000.0,0.15393417399277043,0.029694273849580725,0.7648216897288784,0.021768477894026323,77400000.0,0.0,0.190487205124872,677296306.5419948,510320352.6134116,592558250.9855499,1.4652775741482442,0.10014965915321086,0.24653309388485506,0.007583659107062707,-0.0800471048627112,-242000000.0,1024000000.0,True,5.4125874125874125,-0.6211498973305954,0.034623217922606926,-2.101817359125622,-1.0763206494427997,False,0.0,896000000.0,0.005540556308074374,2.830569574621485,404400000.0,unchecked,,0.0,general_dcf,0.15452589594482768,0.04023790912530619,True,0.0475,0.08124860898628995,0.047091681632196555,-0.07366494987922724,2,1.0
DPZ,"Domino's Pizza, Inc.",NASDAQ,common_stock,False,2004-07-13,Consumer Cyclical,Restaurants,US,33081734.99884872,0.975,11493918008.0,2026-07-31,fmp:company-screener,2026-08-01T02:02:06.715478+00:00,347.44,2026-07-31,11493918008.0,286531596.72645164,True,8,2025,ttm,2026-07-20,discrete,ok,5027815000.0,0.05337097893699405,0.040858151137734056,0.4002102304877964,0.1953608078260636,982238000.0,0.0,0.17766900952576264,893286911.1287723,725655282.1618353,523106105.62272227,15.700405355145035,0.008342480322714937,0.18765709748854909,0.8178818349966508,,4958017000.0,5122853000.0,True,4.960221792418053,4.628759453774648,0.009036448222406748,1.7417650831550662,1.1040502025953396,False,244846000.0,402205000.0,-0.02632140380006387,1.138207498102551,33318000.0,unchecked,,0.0,general_dcf,0.05399431306029845,0.019379844991132836,True,0.0475,0.08222922415610318,0.05077143140696568,0.7356526108405477,11,1.0
PODD,Insulet Corp.,NASDAQ,common_stock,False,2007-05-15,Healthcare,Medical - Devices,US,69264674.00060478,1.111,11452913846.0,2026-07-31,fmp:company-screener,2026-08-01T02:02:06.715478+00:00,165.35,2026-07-31,11452913846.0,235348984.27935484,True,8,2025,ttm,2026-05-06,discrete,ok,2900900000.0,0.2512966236922243,0.04755849895757652,0.7101244441380261,0.17484229032369264,507200000.0,0.0,0.09120143577728251,264566245.04631883,202106791.3188889,-277893500.76964825,-3.958484099735738,0.049523493296116765,0.23608247422680412,0.2188662763781082,0.33265370660312693,467700000.0,948100000.0,True,7.297841726618705,0.7767812655705032,0.028460314654410464,1.3923421593786578,2.3533386252452186,False,0.0,359600000.0,0.0013903323272508317,1.0286875448242887,70202000.0,unchecked,,0.0,general_dcf,0.23454964751669616,0.036253776292374564,True,0.0475,0.09882173142740139,0.04774484536082474,0.12004454495070682,86,1.0
TECH,Bio-Techne Corporation,NASDAQ,common_stock,False,1989-02-09,Healthcare,Biotechnology,US,156569000.0,1.289,11287059210.0,2026-07-31,fmp:company-screener,2026-08-01T02:02:06.715478+00:00,72.09,2026-07-31,11287059210.0,377037408.377742,True,8,2025,ttm,2026-05-06,discrete,ok,1210811000.0,0.09576559931916306,0.08590492093657423,0.6495555458283745,0.12698431051584433,153754000.0,0.0,0.21244651555028604,257232577.93995738,222587776.9991219,212156667.66357926,1.351807138028324,0.057220050637440865,0.13468278869763606,0.061430211697803015,-0.2604211226685503,80503000.0,290322000.0,True,14.636268443598286,0.3168374113970632,0.03347968859535845,-1.4595299567954352,-0.5754809050276809,False,49819000.0,100081000.0,-0.014786527152423234,1.7785372237589603,156943000.0,unchecked,,0.0,general_dcf,-0.007609005668615443,0.016528926188035458,True,0.0475,0.11049887226812952,0.054082325706397746,-0.0490686605703265,86,1.0
JKHY,"Jack Henry & Associates, Inc.",NASDAQ,common_stock,False,1985-11-20,Technology,Information Technology Services,US,71050800.0,0.571,10944665232.0,2026-07-31,fmp:company-screener,2026-08-01T02:02:06.715478+00:00,154.04,2026-07-31,10944665232.0,234008171.16483873,True,8,2025,ttm,2026-05-07,discrete,ok,2515689000.0,0.06419713505886548,0.029923890710580905,0.44056836914260866,0.2599518461940248,653958000.0,0.0,0.22906459806807788,576255289.6492848,448378496.5933093,561331819.4664356,7.798658193704125,0.01128855007794866,0.22190996829513315,0.23084539916000513,0.22769864648284072,69427000.0,90000000.0,True,118.79346049046322,0.08034156186208843,0.013032019689981193,3.062573232099325,2.644146753041394,False,169637000.0,284413000.0,-0.006887635794286973,1.4075848934060051,71978000.0,unchecked,,0.0,general_dcf,0.06986933648423221,0.009503737537454883,True,0.0475,0.07582636443700135,0.04863062698155418,0.15501903472300377,85,1.0
HSIC,"Henry Schein, Inc.",NASDAQ,common_stock,False,1995-11-03,Healthcare,Medical - Distribution,US,113917000.0,0.806,9768382750.0,2026-07-31,fmp:company-screener,2026-08-01T02:02:06.715478+00:00,85.75,2026-07-31,9768382750.0,115610888.40774193,True,8,2025,ttm,2026-05-05,discrete,ok,13384000000.0,-0.0001948354983694056,0.12718872113292917,0.29692169754931264,0.05596234309623431,749000000.0,0.0,0.05769458738710034,772184357.588951,594797384.7742769,589028983.4097704,5.075156556221044,0.007967725275084866,0.2297210129567281,0.08389398884621356,-0.03311241926184948,3611000000.0,3749000000.0,True,4.863636363636363,3.3810861423220975,0.003077408664089008,-0.17322442908660335,-1.2426323113264546,False,0.0,814000000.0,-0.05552040579331741,1.7889447236180904,116061244.0,unchecked,,0.0,general_dcf,0.05010991611119242,0.006559766709706593,True,0.0475,0.07680111008187415,0.048142436690204495,0.007092878764339408,87,1.0
SWKS,"Skyworks Solutions, Inc.",NASDAQ,common_stock,False,1984-09-07,Technology,Semiconductors,US,150472782.00064227,1.497,9371444863.0,2026-07-31,fmp:company-screener,2026-08-01T02:02:06.715478+00:00,62.28,2026-07-31,9371444863.0,395448797.85290325,True,8,2025,ttm,2026-07-28,discrete,ok,4014100000.0,0.007895169321973539,0.2146516897199244,0.40731421738372237,0.07892180065269923,316800000.0,0.0,0.27206351044866306,1092090137.2919784,982881123.5627805,817328325.7554392,5.4199491097840795,0.07129804891555853,0.1,0.05073129070139853,,-118100000.0,681100000.0,True,11.909774436090226,-0.15137144321968726,0.04315461943513643,-3.259985412525379,-4.460073481900341,False,318800000.0,42600000.0,-0.026195630452851004,2.7264724376441,150800000.0,unchecked,,0.0,general_dcf,-0.020383562890246232,0.022900763434219134,True,0.0475,0.11787146141961467,0.05625,-0.06714017071821615,3,1.0
TTD,"The Trade Desk, Inc.",NASDAQ,common_stock,False,2016-09-21,Technology,Software - Services,US,470108372.0066519,1.04,8480755031.0,2026-07-31,fmp:company-screener,2026-08-01T02:02:06.715478+00:00,18.04,2026-07-31,8480755030.999999,399075911.12612903,True,8,2025,ttm,2026-05-07,discrete,ok,2969120000.0,0.29379367691523206,0.08068240558993618,0.7783188284744301,0.20259066659481598,601516000.0,0.0,0.1711063344506371,508035239.74407566,408565481.06604487,99149138.20416649,0.20791082551520287,0.05033162122288732,0.19579302949169225,0.3288207697076124,0.48860470771143266,-982340000.0,423575000.0,True,825.1248285322359,-1.3554265927034115,0.20234486555512426,0.49317314785915606,1.137010962964247,False,0.0,1157686000.0,-0.015605915567558415,2.2393684694927183,476883000.0,unchecked,,0.0,general_dcf,0.10199149823441722,0.018867924546077622,True,0.0475,0.09715781485450603,0.05026293565676923,0.2316629548531064,85,1.0
