ticker,name,exchange,security_type,is_adr,listing_date,sector,industry,country,shares_outstanding,beta,market_cap_hint,as_of,source,fetched_at
BRK-B,Berkshire Hathaway Inc.,NYSE,common_stock,False,1996-05-09,Financial Services,Insurance - Diversified,US,2156853733.999296,0.607,1103316959090.0,2026-07-31,fmp:company-screener,2026-08-01T02:02:06.715478+00:00
LLY,Eli Lilly and Company,NYSE,common_stock,False,1972-06-01,Healthcare,Drug Manufacturers - General,US,941741000.0,0.506,1081589538500.0,2026-07-31,fmp:company-screener,2026-08-01T02:02:06.715478+00:00
JPM,JPMorgan Chase & Co.,NYSE,common_stock,False,1980-03-17,Financial Services,Banks - Diversified,US,2679510000.0,0.982,942624822900.0,2026-07-31,fmp:company-screener,2026-08-01T02:02:06.715478+00:00
V,Visa Inc.,NYSE,common_stock,False,2008-03-19,Financial Services,Financial - Credit Services,US,1867047255.9992352,0.754,683582011839.0,2026-07-31,fmp:company-screener,2026-08-01T02:02:06.715478+00:00
XOM,Exxon Mobil Corporation,NYSE,common_stock,False,1978-01-13,Energy,Oil & Gas Integrated,US,4144963050.0,0.162,644375955753.0,2026-07-31,fmp:company-screener,2026-08-01T02:02:06.715478+00:00
JNJ,Johnson & Johnson,NYSE,common_stock,False,1962-01-02,Healthcare,Drug Manufacturers - General,US,2409898491.000585,0.235,617777478168.0,2026-07-31,fmp:company-screener,2026-08-01T02:02:06.715478+00:00
MA,Mastercard Incorporated,NYSE,common_stock,False,2006-05-25,Financial Services,Financial - Credit Services,US,883573403.999302,0.729,506375917832.0,2026-07-31,fmp:company-screener,2026-08-01T02:02:06.715478+00:00
ABBV,AbbVie Inc.,NYSE,common_stock,False,2013-01-02,Healthcare,Drug Manufacturers - General,US,1766792820.998505,0.283,443244148968.0,2026-07-31,fmp:company-screener,2026-08-01T02:02:06.715478+00:00
BAC,Bank of America Corporation,NYSE,common_stock,False,1973-02-21,Financial Services,Banks - Diversified,US,7096590000.0,1.175,439633750500.0,2026-07-31,fmp:company-screener,2026-08-01T02:02:06.715478+00:00
CVX,Chevron Corporation,NYSE,common_stock,False,1921-06-24,Energy,Oil & Gas Integrated,US,1991600000.0,0.488,392086292000.0,2026-07-31,fmp:company-screener,2026-08-01T02:02:06.715478+00:00
KO,The Coca-Cola Company,NYSE,common_stock,False,1962-01-02,Consumer Defensive,Beverages - Non-Alcoholic,US,4302480000.0,0.349,376854223200.0,2026-07-31,fmp:company-screener,2026-08-01T02:02:06.715478+00:00
UNH,UnitedHealth Group Incorporated,NYSE,common_stock,False,1984-10-17,Healthcare,Medical - Healthcare Plans,US,908144404.0009654,0.633,376335041018.0,2026-07-31,fmp:company-screener,2026-08-01T02:02:06.715478+00:00
CAT,Caterpillar Inc.,NYSE,common_stock,False,1929-12-02,Industrials,Agricultural - Machinery,US,460637000.00000006,1.565,375331633970.0,2026-07-31,fmp:company-screener,2026-08-01T02:02:06.715478+00:00
ORCL,Oracle Corporation,NYSE,common_stock,False,1986-03-12,Technology,Software - Infrastructure,US,2880470000.0,1.712,374115443600.0,2026-07-31,fmp:company-screener,2026-08-01T02:02:06.715478+00:00
GE,GE Aerospace,NYSE,spac,False,1962-01-02,Industrials,Aerospace & Defense,US,1037562513.00025,1.348,373595134056.0,2026-07-31,fmp:company-screener,2026-08-01T02:02:06.715478+00:00
PG,The Procter & Gamble Company,NYSE,common_stock,False,1978-01-13,Consumer Defensive,Household & Personal Products,US,2328600000.0,0.38,336459414000.0,2026-07-31,fmp:company-screener,2026-08-01T02:02:06.715478+00:00
MS,Morgan Stanley,NYSE,common_stock,False,1993-02-23,Financial Services,Financial - Capital Markets,US,1577280000.0,1.218,332033212800.0,2026-07-31,fmp:company-screener,2026-08-01T02:02:06.715478+00:00
HD,"The Home Depot, Inc.",NYSE,common_stock,False,1981-09-22,Consumer Cyclical,Home Improvement,US,997117000.0000001,0.951,331002959320.0,2026-07-31,fmp:company-screener,2026-08-01T02:02:06.715478+00:00
MRK,"Merck & Co., Inc.",NYSE,common_stock,False,1978-01-13,Healthcare,Drug Manufacturers - General,US,2469820000.0,0.205,321619960400.0,2026-07-31,fmp:company-screener,2026-08-01T02:02:06.715478+00:00
GS,"The Goldman Sachs Group, Inc.",NYSE,common_stock,False,1999-05-04,Financial Services,Financial - Capital Markets,US,295007000.0,1.292,300429228660.0,2026-07-31,fmp:company-screener,2026-08-01T02:02:06.715478+00:00
PM,Philip Morris International Inc.,NYSE,common_stock,False,2008-03-17,Consumer Defensive,Tobacco,US,1558610000.0,0.405,297413960200.0,2026-07-31,fmp:company-screener,2026-08-01T02:02:06.715478+00:00
RTX,RTX Corporation,NYSE,common_stock,False,1952-09-15,Industrials,Aerospace & Defense,US,1347758114.998606,0.298,290064501510.0,2026-07-31,fmp:company-screener,2026-08-01T02:02:06.715478+00:00
DELL,Dell Technologies Inc.,NYSE,common_stock,False,2016-08-17,Technology,Computer Hardware,US,664250943.0006169,1.376,269187694651.0,2026-07-31,fmp:company-screener,2026-08-01T02:02:06.715478+00:00
WFC,Wells Fargo & Company,NYSE,common_stock,False,1972-06-01,Financial Services,Banks - Diversified,US,3060190000.0,0.917,264553425500.0,2026-07-31,fmp:company-screener,2026-08-01T02:02:06.715478+00:00
GEV,GE Vernova Inc.,NYSE,common_stock,False,2024-03-27,Utilities,Renewable Utilities,US,266333600.0,0.935,263747500744.0,2026-07-31,fmp:company-screener,2026-08-01T02:02:06.715478+00:00
C,Citigroup Inc.,NYSE,common_stock,False,1977-01-03,Financial Services,Banks - Diversified,US,1714910000.0,1.094,227122680400.0,2026-07-31,fmp:company-screener,2026-08-01T02:02:06.715478+00:00
ANET,"Arista Networks, Inc.",NYSE,common_stock,False,2014-06-06,Technology,Computer Hardware,US,1259169437.9983366,1.601,227091208143.0,2026-07-31,fmp:company-screener,2026-08-01T02:02:06.715478+00:00
AXP,American Express Company,NYSE,common_stock,False,1972-06-01,Financial Services,Financial - Credit Services,US,675310000.0,1.045,227072987500.0,2026-07-31,fmp:company-screener,2026-08-01T02:02:06.715478+00:00
TMO,Thermo Fisher Scientific Inc.,NYSE,common_stock,False,1980-03-17,Healthcare,Medical - Diagnostics & Research,US,371621000.0,0.868,213421940300.0,2026-07-31,fmp:company-screener,2026-08-01T02:02:06.715478+00:00
IBM,International Business Machines Corporation,NYSE,common_stock,False,1915-09-24,Technology,Information Technology Services,US,942134000.0,0.675,210708269100.0,2026-07-31,fmp:company-screener,2026-08-01T02:02:06.715478+00:00
APH,Amphenol Corporation,NYSE,common_stock,False,1991-11-08,Technology,"Hardware, Equipment & Parts",US,1230230000.0,1.243,197697961000.0,2026-07-31,fmp:company-screener,2026-08-01T02:02:06.715478+00:00
VZ,Verizon Communications Inc.,NYSE,common_stock,False,1983-11-21,Communication Services,Telecommunications Services,US,4175560000.0,0.238,195457963600.0,2026-07-31,fmp:company-screener,2026-08-01T02:02:06.715478+00:00
MCD,McDonald's Corporation,NYSE,common_stock,False,1965-04-21,Consumer Cyclical,Restaurants,US,710506000.0,0.418,192291343840.0,2026-07-31,fmp:company-screener,2026-08-01T02:02:06.715478+00:00
ABT,Abbott Laboratories,NYSE,common_stock,False,1980-03-17,Healthcare,Medical - Devices,US,1741810000.0,0.607,184109317000.0,2026-07-31,fmp:company-screener,2026-08-01T02:02:06.715478+00:00
SCHW,The Charles Schwab Corporation,NYSE,common_stock,False,1987-09-22,Financial Services,Financial - Capital Markets,US,1739140000.0,0.762,183027093600.0,2026-07-31,fmp:company-screener,2026-08-01T02:02:06.715478+00:00
NEE,"NextEra Energy, Inc.",NYSE,common_stock,False,2014-06-19,Utilities,Regulated Electric,US,2085800000.0,0.667,181297736000.0,2026-07-31,fmp:company-screener,2026-08-01T02:02:06.715478+00:00
TJX,"The TJX Companies, Inc.",NYSE,common_stock,False,1987-06-26,Consumer Cyclical,Apparel - Retail,US,1104704446.002288,0.623,173814197534.0,2026-07-31,fmp:company-screener,2026-08-01T02:02:06.715478+00:00
UNP,Union Pacific Corporation,NYSE,common_stock,False,1980-01-02,Industrials,Railroads,US,594075498.00089,0.965,173547275231.0,2026-07-31,fmp:company-screener,2026-08-01T02:02:06.715478+00:00
BA,The Boeing Company,NYSE,common_stock,False,1962-01-02,Industrials,Aerospace & Defense,US,790370000.0,1.205,170830571800.0,2026-07-31,fmp:company-screener,2026-08-01T02:02:06.715478+00:00
BLK,"BlackRock, Inc.",NYSE,common_stock,False,1999-10-01,Financial Services,Asset Management,US,154995000.0,1.443,169004998050.0,2026-07-31,fmp:company-screener,2026-08-01T02:02:06.715478+00:00
WELL,Welltower Inc.,NYSE,common_stock,False,1980-03-19,Real Estate,REIT - Healthcare Facilities,US,720572011.0006825,0.763,168930902259.0,2026-07-31,fmp:company-screener,2026-08-01T02:02:06.715478+00:00
DIS,The Walt Disney Company,NYSE,common_stock,False,1957-11-12,Communication Services,Entertainment,US,1736510000.0,1.398,167078309650.0,2026-07-31,fmp:company-screener,2026-08-01T02:02:06.715478+00:00
ETN,Eaton Corporation plc,NYSE,common_stock,True,1972-06-01,Industrials,Electrical Equipment & Parts,IE,388300000.0,1.181,161222160000.0,2026-07-31,fmp:company-screener,2026-08-01T02:02:06.715478+00:00
DE,Deere & Company,NYSE,common_stock,False,1972-06-01,Industrials,Agricultural - Machinery,US,269937425.0004218,0.897,159983813675.0,2026-07-31,fmp:company-screener,2026-08-01T02:02:06.715478+00:00
T,AT&T Inc.,NYSE,common_stock,False,1983-11-21,Communication Services,Telecommunications Services,US,6852390000.0,0.422,159441410520.0,2026-07-31,fmp:company-screener,2026-08-01T02:02:06.715478+00:00
BX,Blackstone Inc.,NYSE,common_stock,False,2007-06-22,Financial Services,Asset Management,US,1207992820.0023487,1.58,154302962863.0,2026-07-31,fmp:company-screener,2026-08-01T02:02:06.715478+00:00
CRM,"Salesforce, Inc.",NYSE,common_stock,False,2004-06-23,Technology,Software - Application,US,819000000.0,1.178,150712380000.0,2026-07-31,fmp:company-screener,2026-08-01T02:02:06.715478+00:00
COP,ConocoPhillips,NYSE,common_stock,False,1981-12-31,Energy,Oil & Gas Exploration & Production,US,1218294006.997012,0.122,146780061963.0,2026-07-31,fmp:company-screener,2026-08-01T02:02:06.715478+00:00
UBER,"Uber Technologies, Inc.",NYSE,common_stock,False,2019-05-10,Technology,Software - Application,US,2035599013.004548,1.113,143224746555.0,2026-07-31,fmp:company-screener,2026-08-01T02:02:06.715478+00:00
PFE,Pfizer Inc.,NYSE,common_stock,False,1972-06-01,Healthcare,Drug Manufacturers - General,US,5699440000.0,0.307,142542994400.0,2026-07-31,fmp:company-screener,2026-08-01T02:02:06.715478+00:00
DHR,Danaher Corporation,NYSE,common_stock,False,1978-12-29,Healthcare,Medical - Diagnostics & Research,US,702986054.0000205,0.823,137134301498.0,2026-07-31,fmp:company-screener,2026-08-01T02:02:06.715478+00:00
CB,Chubb Limited,NYSE,common_stock,True,1993-03-25,Financial Services,Insurance - Property & Casualty,CH,385800000.0,0.406,135292344000.0,2026-07-31,fmp:company-screener,2026-08-01T02:02:06.715478+00:00
PLD,"Prologis, Inc.",NYSE,common_stock,False,1997-11-21,Real Estate,REIT - Industrial,US,932337999.9999999,1.34,134825398180.0,2026-07-31,fmp:company-screener,2026-08-01T02:02:06.715478+00:00
LMT,Lockheed Martin Corporation,NYSE,common_stock,False,1977-01-03,Industrials,Aerospace & Defense,US,230791000.0,0.113,134491147340.0,2026-07-31,fmp:company-screener,2026-08-01T02:02:06.715478+00:00
BMY,Bristol-Myers Squibb Company,NYSE,common_stock,False,1972-06-01,Healthcare,Drug Manufacturers - General,US,2042070000.0,0.235,133367591700.0,2026-07-31,fmp:company-screener,2026-08-01T02:02:06.715478+00:00
CVS,CVS Health Corp.,NYSE,common_stock,False,1973-02-21,Healthcare,Medical - Healthcare Plans,US,1275930000.0,0.598,133245369900.0,2026-07-31,fmp:company-screener,2026-08-01T02:02:06.715478+00:00
COF,Capital One Financial Corporation,NYSE,common_stock,False,1994-11-16,Financial Services,Financial - Credit Services,US,613485000.0,1.022,128224499850.0,2026-07-31,fmp:company-screener,2026-08-01T02:02:06.715478+00:00
SYK,Stryker Corporation,NYSE,common_stock,False,1980-03-17,Healthcare,Medical - Devices,US,383360761.9987719,0.7775095,124860600183.0,2026-07-31,fmp:company-screener,2026-08-01T02:02:06.715478+00:00
PH,Parker-Hannifin Corporation,NYSE,common_stock,False,1980-03-17,Industrials,Industrial - Machinery,US,126086388.99982592,1.11,123127141450.0,2026-07-31,fmp:company-screener,2026-08-01T02:02:06.715478+00:00
PGR,The Progressive Corporation,NYSE,common_stock,False,1980-03-17,Financial Services,Insurance - Property & Casualty,US,581400000.0,0.246,122919588000.0,2026-07-31,fmp:company-screener,2026-08-01T02:02:06.715478+00:00
SPGI,S&P Global Inc.,NYSE,common_stock,False,1973-02-21,Financial Services,Financial - Data & Stock Exchanges,US,294800000.0,1.079,121436964000.0,2026-07-31,fmp:company-screener,2026-08-01T02:02:06.715478+00:00
GLW,Corning Inc,NYSE,common_stock,False,1981-12-31,Technology,"Hardware, Equipment & Parts",US,860638000.0,1.086,118983203500.0,2026-07-31,fmp:company-screener,2026-08-01T02:02:06.715478+00:00
LOW,"Lowe's Companies, Inc.",NYSE,common_stock,False,1980-03-17,Consumer Cyclical,Home Improvement,US,560707000.0,0.85,116570985300.0,2026-07-31,fmp:company-screener,2026-08-01T02:02:06.715478+00:00
NOW,"ServiceNow, Inc.",NYSE,common_stock,False,2012-06-29,Technology,Software - Application,US,1033862000.0,0.959,114996470260.0,2026-07-31,fmp:company-screener,2026-08-01T02:02:06.715478+00:00
MO,"Altria Group, Inc.",NYSE,common_stock,False,1985-07-01,Consumer Defensive,Tobacco,US,1669890000.0,0.494,114070185900.0,2026-07-31,fmp:company-screener,2026-08-01T02:02:06.715478+00:00
HWM,Howmet Aerospace Inc.,NYSE,spac,False,2016-11-01,Industrials,Aerospace & Defense,US,400107483.00148803,1.189,112934338152.0,2026-07-31,fmp:company-screener,2026-08-01T02:02:06.715478+00:00
MDT,Medtronic plc,NYSE,common_stock,True,1973-05-02,Healthcare,Medical - Devices,IE,1280050000.0,0.583,109303469500.0,2026-07-31,fmp:company-screener,2026-08-01T02:02:06.715478+00:00
BNY,Bank of New York Mellon Corp,NYSE,common_stock,False,2007-07-01,Financial Services,Investment - Banking & Investment Services,US,686379000.0,1.058,107301629070.0,2026-07-31,fmp:company-screener,2026-08-01T02:02:06.715478+00:00
SO,The Southern Company,NYSE,common_stock,False,1981-12-31,Utilities,Regulated Electric,US,1127300000.0,0.33204514,106574942000.0,2026-07-31,fmp:company-screener,2026-08-01T02:02:06.715478+00:00
GD,General Dynamics Corporation,NYSE,common_stock,False,1978-01-13,Industrials,Aerospace & Defense,US,270557000.0,0.338,103736964940.0,2026-07-31,fmp:company-screener,2026-08-01T02:02:06.715478+00:00
ACN,Accenture plc,NYSE,common_stock,True,2001-07-19,Technology,Information Technology Services,IE,611942108.9983125,1.122,101533434725.0,2026-07-31,fmp:company-screener,2026-08-01T02:02:06.715478+00:00
TT,Trane Technologies plc,NYSE,common_stock,True,1980-03-17,Industrials,Industrial - Machinery,IE,221055000.0,1.195,100568972250.0,2026-07-31,fmp:company-screener,2026-08-01T02:02:06.715478+00:00
MCK,McKesson Corporation,NYSE,common_stock,False,1994-11-10,Healthcare,Medical - Distribution,US,117077999.99999999,0.315,100241012820.0,2026-07-31,fmp:company-screener,2026-08-01T02:02:06.715478+00:00
PWR,"Quanta Services, Inc.",NYSE,common_stock,False,1998-02-12,Industrials,Engineering & Construction,US,150060000.0,1.215,100144041600.0,2026-07-31,fmp:company-screener,2026-08-01T02:02:06.715478+00:00
PNC,"The PNC Financial Services Group, Inc.",NYSE,common_stock,False,1975-11-17,Financial Services,Banks - Regional,US,399000003.998079,0.897,99698130999.0,2026-07-31,fmp:company-screener,2026-08-01T02:02:06.715478+00:00
NEM,Newmont Corporation,NYSE,common_stock,False,1980-03-17,Basic Materials,Gold,US,1053692277.0035216,0.482,98741503278.0,2026-07-31,fmp:company-screener,2026-08-01T02:02:06.715478+00:00
USB,U.S. Bancorp,NYSE,common_stock,False,1973-05-03,Financial Services,Banks - Diversified,US,1557731727.9955564,0.979,98152676181.0,2026-07-31,fmp:company-screener,2026-08-01T02:02:06.715478+00:00
DUK,Duke Energy Corporation,NYSE,common_stock,False,1980-03-17,Utilities,Regulated Electric,US,779596216.9975284,0.373,97784753498.0,2026-07-31,fmp:company-screener,2026-08-01T02:02:06.715478+00:00
VRT,Vertiv Holdings Co,NYSE,common_stock,False,2018-08-02,Industrials,Electrical Equipment & Parts,US,384988000.0,2.029,93001551160.0,2026-07-31,fmp:company-screener,2026-08-01T02:02:06.715478+00:00
VLO,Valero Energy Corporation,NYSE,common_stock,False,1982-01-04,Energy,Oil & Gas Refining & Marketing,US,296933000.0,0.545,92910335700.0,2026-07-31,fmp:company-screener,2026-08-01T02:02:06.715478+00:00
MPC,Marathon Petroleum Corporation,NYSE,common_stock,False,2011-06-24,Energy,Oil & Gas Refining & Marketing,US,291937000.0,0.52,92389302390.0,2026-07-31,fmp:company-screener,2026-08-01T02:02:06.715478+00:00
KKR,KKR & Co. Inc.,NYSE,common_stock,False,2010-07-15,Financial Services,Asset Management,US,897872941.0036478,1.794,91071252406.0,2026-07-31,fmp:company-screener,2026-08-01T02:02:06.715478+00:00
MMM,3M Company,NYSE,common_stock,False,1946-01-14,Industrials,Conglomerates,US,515722417.0013615,1.081,90911547669.0,2026-07-31,fmp:company-screener,2026-08-01T02:02:06.715478+00:00
WM,"Waste Management, Inc.",NYSE,common_stock,False,1988-06-22,Industrials,Waste Management,US,399715183.9991172,0.448,90555474935.0,2026-07-31,fmp:company-screener,2026-08-01T02:02:06.715478+00:00
MRSH,"Marsh & McLennan Companies, Inc.",NYSE,common_stock,False,1987-12-30,Financial Services,Insurance - Brokers,US,477211268.00042176,0.603,90522205427.0,2026-07-31,fmp:company-screener,2026-08-01T02:02:06.715478+00:00
FCX,Freeport-McMoRan Inc.,NYSE,common_stock,False,1995-07-10,Basic Materials,Copper,US,1437560000.0,1.364,90034382800.0,2026-07-31,fmp:company-screener,2026-08-01T02:02:06.715478+00:00
JCI,Johnson Controls International plc,NYSE,common_stock,True,1987-09-28,Basic Materials,Construction Materials,IE,605741469.9986364,1.319,88838043990.0,2026-07-31,fmp:company-screener,2026-08-01T02:02:06.715478+00:00
UPS,"United Parcel Service, Inc.",NYSE,common_stock,False,1999-11-10,Industrials,Integrated Freight & Logistics,US,849502165.998273,1.03,88543610762.0,2026-07-31,fmp:company-screener,2026-08-01T02:02:06.715478+00:00
CMI,Cummins Inc.,NYSE,common_stock,False,1947-10-03,Industrials,Industrial - Machinery,US,137989066.99936926,1.222,87512666291.0,2026-07-31,fmp:company-screener,2026-08-01T02:02:06.715478+00:00
WMB,"The Williams Companies, Inc.",NYSE,common_stock,False,1981-12-31,Energy,Oil & Gas Midstream,US,1222998264.9986022,0.595,87493295878.0,2026-07-31,fmp:company-screener,2026-08-01T02:02:06.715478+00:00
HCA,"HCA Healthcare, Inc.",NYSE,common_stock,False,2011-03-10,Healthcare,Medical - Care Facilities,US,216501506.00114262,1.128,87161341301.0,2026-07-31,fmp:company-screener,2026-08-01T02:02:06.715478+00:00
ICE,"Intercontinental Exchange, Inc.",NYSE,common_stock,False,2005-11-16,Financial Services,Financial - Data & Stock Exchanges,US,563953487.9984261,0.94800454,85991627850.0,2026-07-31,fmp:company-screener,2026-08-01T02:02:06.715478+00:00
RCL,Royal Caribbean Cruises Ltd.,NYSE,common_stock,False,1993-04-28,Consumer Cyclical,Travel Services,US,268195000.0,1.764,85366468500.0,2026-07-31,fmp:company-screener,2026-08-01T02:02:06.715478+00:00
PSX,Phillips 66,NYSE,common_stock,False,2012-04-12,Energy,Oil & Gas Refining & Marketing,US,400935020.00188965,0.681,84869925034.0,2026-07-31,fmp:company-screener,2026-08-01T02:02:06.715478+00:00
EMR,Emerson Electric Co.,NYSE,common_stock,False,1972-06-01,Industrials,Industrial - Machinery,US,560100000.0,1.244,83914182000.0,2026-07-31,fmp:company-screener,2026-08-01T02:02:06.715478+00:00
MCO,Moody's Corporation,NYSE,common_stock,False,1994-10-31,Financial Services,Financial - Data & Stock Exchanges,US,173200000.0,1.335,82855416000.0,2026-07-31,fmp:company-screener,2026-08-01T02:02:06.715478+00:00
SHW,The Sherwin-Williams Company,NYSE,common_stock,False,1980-03-17,Basic Materials,Chemicals - Specialty,US,242758150.99897313,1.1,82744115768.0,2026-07-31,fmp:company-screener,2026-08-01T02:02:06.715478+00:00
ITW,Illinois Tool Works Inc.,NYSE,common_stock,False,1973-03-13,Industrials,Industrial - Machinery,US,287700000.0,1.011,82555515000.0,2026-07-31,fmp:company-screener,2026-08-01T02:02:06.715478+00:00
ELV,Elevance Health Inc.,NYSE,common_stock,False,2001-10-30,Healthcare,Medical - Healthcare Plans,US,216869290.0010643,0.683,81508153954.0,2026-07-31,fmp:company-screener,2026-08-01T02:02:06.715478+00:00
AMT,American Tower Corporation,NYSE,common_stock,False,1998-02-27,Real Estate,REIT - Specialty,US,465959999.99999994,0.909,80778825600.0,2026-07-31,fmp:company-screener,2026-08-01T02:02:06.715478+00:00
GM,General Motors Company,NYSE,common_stock,False,2010-11-18,Consumer Cyclical,Auto - Manufacturers,US,904451540.997074,1.309,80369563933.0,2026-07-31,fmp:company-screener,2026-08-01T02:02:06.715478+00:00
EOG,"EOG Resources, Inc.",NYSE,common_stock,False,1989-10-04,Energy,Oil & Gas Exploration & Production,US,532629000.0,0.261,79196606010.0,2026-07-31,fmp:company-screener,2026-08-01T02:02:06.715478+00:00
ECL,Ecolab Inc.,NYSE,common_stock,False,1973-02-21,Basic Materials,Chemicals - Specialty,US,281438000.0,0.895,78135631940.0,2026-07-31,fmp:company-screener,2026-08-01T02:02:06.715478+00:00
TRV,"The Travelers Companies, Inc.",NYSE,common_stock,False,1975-11-17,Financial Services,Insurance - Property & Casualty,US,208575022.00021368,0.473,78082145236.0,2026-07-31,fmp:company-screener,2026-08-01T02:02:06.715478+00:00
NOC,Northrop Grumman Corporation,NYSE,common_stock,False,1981-12-31,Industrials,Aerospace & Defense,US,142063000.0,-0.102,77066336240.0,2026-07-31,fmp:company-screener,2026-08-01T02:02:06.715478+00:00
AON,Aon plc,NYSE,common_stock,True,1980-06-01,Financial Services,Insurance - Brokers,IE,212125436.0005547,0.705,76481825950.0,2026-07-31,fmp:company-screener,2026-08-01T02:02:06.715478+00:00
NSC,Norfolk Southern Corporation,NYSE,common_stock,False,1982-06-02,Industrials,Railroads,US,224608000.0,1.263,75351491840.0,2026-07-31,fmp:company-screener,2026-08-01T02:02:06.715478+00:00
SPG,"Simon Property Group, Inc.",NYSE,common_stock,False,1993-12-14,Real Estate,REIT - Retail,US,324282000.0,1.327,74380562340.0,2026-07-31,fmp:company-screener,2026-08-01T02:02:06.715478+00:00
SLB,Slb N.V.,NYSE,common_stock,False,1981-12-31,Energy,Oil & Gas Equipment & Services,US,1495060000.0,0.733,74140025400.0,2026-07-31,fmp:company-screener,2026-08-01T02:02:06.715478+00:00
CI,Cigna Corporation,NYSE,common_stock,False,1982-03-31,Healthcare,Medical - Healthcare Plans,US,264531999.00017917,0.30290928,73817654321.0,2026-07-31,fmp:company-screener,2026-08-01T02:02:06.715478+00:00
CL,Colgate-Palmolive Company,NYSE,common_stock,False,1973-05-02,Consumer Defensive,Household & Personal Products,US,800189000.0,0.319,73057255700.0,2026-07-31,fmp:company-screener,2026-08-01T02:02:06.715478+00:00
FDX,FedEx Corporation,NYSE,common_stock,False,1978-04-12,Industrials,Integrated Freight & Logistics,US,236581187.9993494,1.337,72725057191.0,2026-07-31,fmp:company-screener,2026-08-01T02:02:06.715478+00:00
APO,"Apollo Global Management, Inc.",NYSE,common_stock,False,2011-03-30,Financial Services,Asset Management,US,576517513.0026276,1.499,72404834458.0,2026-07-31,fmp:company-screener,2026-08-01T02:02:06.715478+00:00
MSI,"Motorola Solutions, Inc.",NYSE,common_stock,False,1980-03-17,Technology,Communication Equipment,US,165996000.0,0.885,72332757000.0,2026-07-31,fmp:company-screener,2026-08-01T02:02:06.715478+00:00
HLT,Hilton Worldwide Holdings Inc.,NYSE,common_stock,False,2013-12-12,Consumer Cyclical,Travel Lodging,US,225065000.0,1.052,72131081850.0,2026-07-31,fmp:company-screener,2026-08-01T02:02:06.715478+00:00
KMI,"Kinder Morgan, Inc.",NYSE,common_stock,False,2011-02-11,Energy,Oil & Gas Midstream,US,2226800000.0,0.533,71658424000.0,2026-07-31,fmp:company-screener,2026-08-01T02:02:06.715478+00:00
TDG,TransDigm Group Incorporated,NYSE,common_stock,False,2006-03-15,Industrials,Aerospace & Defense,US,55933599.99999999,0.884,70161989168.0,2026-07-31,fmp:company-screener,2026-08-01T02:02:06.715478+00:00
DLR,"Digital Realty Trust, Inc.",NYSE,common_stock,False,2004-10-29,Real Estate,REIT - Specialty,US,369976001.9997878,1.053,69747875897.0,2026-07-31,fmp:company-screener,2026-08-01T02:02:06.715478+00:00
BSX,Boston Scientific Corporation,NYSE,common_stock,False,1992-05-19,Healthcare,Medical - Devices,US,1486355179.007062,0.577,69457377515.0,2026-07-31,fmp:company-screener,2026-08-01T02:02:06.715478+00:00
CVNA,Carvana Co.,NYSE,common_stock,False,2017-04-28,Consumer Cyclical,Auto - Dealerships,US,1096835666.9980757,3.462,68398672194.0,2026-07-31,fmp:company-screener,2026-08-01T02:02:06.715478+00:00
ALL,The Allstate Corporation,NYSE,common_stock,False,1993-06-03,Financial Services,Insurance - Property & Casualty,US,257421000.00000003,0.166,67979737680.0,2026-07-31,fmp:company-screener,2026-08-01T02:02:06.715478+00:00
URI,"United Rentals, Inc.",NYSE,common_stock,False,1997-12-18,Industrials,Rental & Leasing Services,US,62242500.0,1.794,67175840550.0,2026-07-31,fmp:company-screener,2026-08-01T02:02:06.715478+00:00
APD,"Air Products and Chemicals, Inc.",NYSE,common_stock,False,1980-03-17,Basic Materials,Chemicals - Specialty,US,222681000.0,0.736,65666400090.0,2026-07-31,fmp:company-screener,2026-08-01T02:02:06.715478+00:00
TGT,Target Corporation,NYSE,common_stock,False,1967-10-18,Consumer Defensive,Discount Stores,US,454191000.0,0.981,65616973770.0,2026-07-31,fmp:company-screener,2026-08-01T02:02:06.715478+00:00
GWW,"W.W. Grainger, Inc.",NYSE,common_stock,False,1973-02-21,Industrials,Industrial - Distribution,US,47213100.0,1.035,65258891082.0,2026-07-31,fmp:company-screener,2026-08-01T02:02:06.715478+00:00
AFL,Aflac Incorporated,NYSE,common_stock,False,1980-03-17,Financial Services,Insurance - Life,US,508985000.0,0.603,64885407800.0,2026-07-31,fmp:company-screener,2026-08-01T02:02:06.715478+00:00
RSG,"Republic Services, Inc.",NYSE,common_stock,False,1998-07-01,Industrials,Waste Management,US,307664000.0,0.405,64778655200.0,2026-07-31,fmp:company-screener,2026-08-01T02:02:06.715478+00:00
TFC,Truist Financial Corporation,NYSE,common_stock,False,1980-03-18,Financial Services,Banks - Regional,US,1245880000.0,0.875,64586419200.0,2026-07-31,fmp:company-screener,2026-08-01T02:02:06.715478+00:00
AJG,Arthur J. Gallagher & Co.,NYSE,common_stock,False,1984-06-20,Financial Services,Insurance - Brokers,US,256904540.99911797,0.50795805,64077130616.0,2026-07-31,fmp:company-screener,2026-08-01T02:02:06.715478+00:00
CRH,CRH plc,NYSE,common_stock,True,1989-07-13,Basic Materials,Construction Materials,IE,668200200.0,1.3136874,63485701002.0,2026-07-31,fmp:company-screener,2026-08-01T02:02:06.715478+00:00
HPE,Hewlett Packard Enterprise Company,NYSE,common_stock,False,2015-10-19,Technology,Computer Hardware,US,1324203520.989975,1.438,63402864585.0,2026-07-31,fmp:company-screener,2026-08-01T02:02:06.715478+00:00
MET,"MetLife, Inc.",NYSE,common_stock,False,2000-04-05,Financial Services,Insurance - Life,US,643436778.9971913,0.778,61853577565.0,2026-07-31,fmp:company-screener,2026-08-01T02:02:06.715478+00:00
NKE,"NIKE, Inc.",NYSE,common_stock,False,1980-12-02,Consumer Cyclical,Apparel - Footwear & Accessories,US,1479811225.0059938,1.128,61722926195.0,2026-07-31,fmp:company-screener,2026-08-01T02:02:06.715478+00:00
FIX,"Comfort Systems USA, Inc.",NYSE,common_stock,False,1997-06-27,Industrials,Engineering & Construction,US,35194300.0,1.66,60875228767.0,2026-07-31,fmp:company-screener,2026-08-01T02:02:06.715478+00:00
D,"Dominion Energy, Inc.",NYSE,common_stock,False,1980-03-17,Utilities,Regulated Electric,US,879525948.9952291,0.636,60836809892.0,2026-07-31,fmp:company-screener,2026-08-01T02:02:06.715478+00:00
COR,"Cencora, Inc.",NYSE,common_stock,False,1995-04-04,Healthcare,Medical - Distribution,US,194561059.99871525,0.581,60574640420.0,2026-07-31,fmp:company-screener,2026-08-01T02:02:06.715478+00:00
PSA,Public Storage,NYSE,common_stock,False,1980-11-18,Real Estate,REIT - Industrial,US,186476000.0,0.952,60449924920.0,2026-07-31,fmp:company-screener,2026-08-01T02:02:06.715478+00:00
BDX,"Becton, Dickinson and Company",NYSE,common_stock,False,1973-02-21,Healthcare,Medical - Instruments & Supplies,US,362295101.0022944,0.271,60003314628.0,2026-07-31,fmp:company-screener,2026-08-01T02:02:06.715478+00:00
TEL,TE Connectivity plc,NYSE,common_stock,True,2007-06-14,Technology,Semiconductors,IE,289940672.00155574,1.169,59637896824.0,2026-07-31,fmp:company-screener,2026-08-01T02:02:06.715478+00:00
O,Realty Income Corporation,NYSE,common_stock,False,1994-10-18,Real Estate,REIT - Retail,US,932493000.0,0.729,59558327910.0,2026-07-31,fmp:company-screener,2026-08-01T02:02:06.715478+00:00
NUE,Nucor Corporation,NYSE,common_stock,False,1980-03-17,Basic Materials,Steel,US,227740999.99999997,1.922,58595481890.0,2026-07-31,fmp:company-screener,2026-08-01T02:02:06.715478+00:00
F,Ford Motor Company,NYSE,common_stock,False,1972-06-01,Consumer Cyclical,Auto - Manufacturers,US,3987595823.978202,1.828,58537906696.0,2026-07-31,fmp:company-screener,2026-08-01T02:02:06.715478+00:00
TRGP,Targa Resources Corp.,NYSE,common_stock,False,2010-12-07,Energy,Oil & Gas Midstream,US,214644000.0,0.704,58033298280.0,2026-07-31,fmp:company-screener,2026-08-01T02:02:06.715478+00:00
SRE,Sempra,NYSE,common_stock,False,1998-06-29,Utilities,Diversified Utilities,US,653707000.0,0.568,57885754850.0,2026-07-31,fmp:company-screener,2026-08-01T02:02:06.715478+00:00
DAL,"Delta Air Lines, Inc.",NYSE,common_stock,False,2007-05-03,Industrials,"Airlines, Airports & Air Services",US,657623000.0,1.288,57502555120.0,2026-07-31,fmp:company-screener,2026-08-01T02:02:06.715478+00:00
OKE,"ONEOK, Inc.",NYSE,common_stock,False,1980-10-01,Energy,Oil & Gas Midstream,US,630032851.9986786,0.707,57213283290.0,2026-07-31,fmp:company-screener,2026-08-01T02:02:06.715478+00:00
OXY,Occidental Petroleum Corporation,NYSE,common_stock,False,1981-12-31,Energy,Oil & Gas Exploration & Production,US,994634700.9987735,0.15,56763802386.0,2026-07-31,fmp:company-screener,2026-08-01T02:02:06.715478+00:00
GRMN,Garmin Ltd.,NYSE,common_stock,True,2000-12-08,Technology,"Hardware, Equipment & Parts",CH,192853000.00000003,0.914,56656354340.0,2026-07-31,fmp:company-screener,2026-08-01T02:02:06.715478+00:00
AME,"AMETEK, Inc.",NYSE,common_stock,False,1984-07-19,Industrials,Electrical Equipment & Parts,US,229203000.0,0.99,55400657130.0,2026-07-31,fmp:company-screener,2026-08-01T02:02:06.715478+00:00
KEYS,"Keysight Technologies, Inc.",NYSE,common_stock,False,2014-10-20,Technology,"Hardware, Equipment & Parts",US,170895367.99862105,1.214,54529294021.0,2026-07-31,fmp:company-screener,2026-08-01T02:02:06.715478+00:00
CAH,"Cardinal Health, Inc.",NYSE,common_stock,False,1983-08-04,Healthcare,Medical - Distribution,US,234206000.0,0.493,53874406180.0,2026-07-31,fmp:company-screener,2026-08-01T02:02:06.715478+00:00
ROK,"Rockwell Automation, Inc.",NYSE,common_stock,False,1981-12-31,Industrials,Industrial - Machinery,US,111274000.0,1.54,53420421920.0,2026-07-31,fmp:company-screener,2026-08-01T02:02:06.715478+00:00
CIEN,Ciena Corporation,NYSE,common_stock,False,1997-02-07,Technology,Communication Equipment,US,141552921.9997348,1.274,53372529240.0,2026-07-31,fmp:company-screener,2026-08-01T02:02:06.715478+00:00
CTVA,"Corteva, Inc.",NYSE,common_stock,False,2019-05-24,Basic Materials,Agricultural Inputs,US,668820000.0,0.558,52642822200.0,2026-07-31,fmp:company-screener,2026-08-01T02:02:06.715478+00:00
LHX,"L3Harris Technologies, Inc.",NYSE,common_stock,False,1981-12-31,Industrials,Aerospace & Defense,US,186295000.0,0.746,51614892700.0,2026-07-31,fmp:company-screener,2026-08-01T02:02:06.715478+00:00
COHR,"Coherent, Inc.",NYSE,common_stock,False,1987-10-02,Technology,"Hardware, Equipment & Parts",US,195639321.00117922,2.037,51431621098.0,2026-07-31,fmp:company-screener,2026-08-01T02:02:06.715478+00:00
FITB,Fifth Third Bancorp,NYSE,common_stock,False,1980-03-17,Financial Services,Banks - Regional,US,906312000.0,0.922,51206628000.0,2026-07-31,fmp:company-screener,2026-08-01T02:02:06.715478+00:00
STT,State Street Corporation,NYSE,common_stock,False,1980-03-17,Financial Services,Asset Management,US,276767000.0,1.433,50969410720.0,2026-07-31,fmp:company-screener,2026-08-01T02:02:06.715478+00:00
CARR,Carrier Global Corporation,NYSE,common_stock,False,2020-03-19,Industrials,Industrial - Machinery,US,824325056.9972496,1.309,50951531773.0,2026-07-31,fmp:company-screener,2026-08-01T02:02:06.715478+00:00
ETR,Entergy Corporation,NYSE,common_stock,False,1972-06-01,Utilities,Regulated Electric,US,466631498.00223005,0.489,50218881815.0,2026-07-31,fmp:company-screener,2026-08-01T02:02:06.715478+00:00
VST,Vistra Corp.,NYSE,common_stock,False,2016-10-05,Utilities,Independent Power Producers,US,337182468.00053984,1.409,49967069933.0,2026-07-31,fmp:company-screener,2026-08-01T02:02:06.715478+00:00
EW,Edwards Lifesciences Corporation,NYSE,common_stock,False,2000-03-27,Healthcare,Medical - Devices,US,575800000.0,0.855,49559106000.0,2026-07-31,fmp:company-screener,2026-08-01T02:02:06.715478+00:00
AZO,"AutoZone, Inc.",NYSE,common_stock,False,1991-04-02,Consumer Cyclical,Specialty Retail,US,16325399.000082884,0.335,49241484734.0,2026-07-31,fmp:company-screener,2026-08-01T02:02:06.715478+00:00
WAB,Westinghouse Air Brake Technologies Corporation,NYSE,common_stock,False,1995-06-16,Industrials,Railroads,US,168911000.0,0.937,49129453460.0,2026-07-31,fmp:company-screener,2026-08-01T02:02:06.715478+00:00
AMP,"Ameriprise Financial, Inc.",NYSE,common_stock,False,2005-09-15,Financial Services,Asset Management,US,89897100.0,1.159,49069433064.0,2026-07-31,fmp:company-screener,2026-08-01T02:02:06.715478+00:00
XYZ,"Block, Inc.",NYSE,common_stock,False,2015-11-19,Technology,Software - Infrastructure,US,595180986.0044314,2.541,48352503303.0,2026-07-31,fmp:company-screener,2026-08-01T02:02:06.715478+00:00
CMG,"Chipotle Mexican Grill, Inc.",NYSE,common_stock,False,2006-01-26,Consumer Cyclical,Restaurants,US,1282730000.0,0.964,47768865200.0,2026-07-31,fmp:company-screener,2026-08-01T02:02:06.715478+00:00
PCG,PG&E Corporation,NYSE,common_stock,False,1972-06-01,Utilities,Regulated Electric,US,2680110495.972382,0.268,46580320420.0,2026-07-31,fmp:company-screener,2026-08-01T02:02:06.715478+00:00
VTR,"Ventas, Inc.",NYSE,common_stock,False,1997-05-05,Real Estate,REIT - Healthcare Facilities,US,486170000.0,0.724,45461756700.0,2026-07-31,fmp:company-screener,2026-08-01T02:02:06.715478+00:00
HUM,Humana Inc.,NYSE,common_stock,False,1981-12-31,Healthcare,Medical - Healthcare Plans,US,120061999.99999999,0.717,43668950640.0,2026-07-31,fmp:company-screener,2026-08-01T02:02:06.715478+00:00
CBRE,"CBRE Group, Inc.",NYSE,common_stock,False,2004-06-10,Real Estate,Real Estate - Services,US,292817000.0,1.205,42512549499.0,2026-07-31,fmp:company-screener,2026-08-01T02:02:06.715478+00:00
PRU,"Prudential Financial, Inc.",NYSE,common_stock,False,2001-12-13,Financial Services,Insurance - Life,US,347000836.00098294,0.84,42361862059.0,2026-07-31,fmp:company-screener,2026-08-01T02:02:06.715478+00:00
YUM,"Yum! Brands, Inc.",NYSE,common_stock,False,1997-09-17,Consumer Cyclical,Restaurants,US,275621202.00287056,0.56,42247217843.0,2026-07-31,fmp:company-screener,2026-08-01T02:02:06.715478+00:00
ARES,Ares Management Corporation,NYSE,common_stock,False,2014-05-02,Financial Services,Asset Management,US,328414955.99968773,1.536,42066671714.0,2026-07-31,fmp:company-screener,2026-08-01T02:02:06.715478+00:00
AIG,"American International Group, Inc.",NYSE,common_stock,False,1973-01-02,Financial Services,Insurance - Diversified,US,530206000.0,0.541,41663587480.0,2026-07-31,fmp:company-screener,2026-08-01T02:02:06.715478+00:00
MSCI,MSCI Inc.,NYSE,common_stock,False,2007-11-15,Financial Services,Financial - Data & Stock Exchanges,US,72700000.0,1.241,41601848000.0,2026-07-31,fmp:company-screener,2026-08-01T02:02:06.715478+00:00
SYY,Sysco Corporation,NYSE,common_stock,False,1973-05-08,Consumer Defensive,Food Distribution,US,478183000.0,0.641,40760318920.0,2026-07-31,fmp:company-screener,2026-08-01T02:02:06.715478+00:00
LYV,"Live Nation Entertainment, Inc.",NYSE,common_stock,False,2005-12-21,Communication Services,Entertainment,US,232713000.0,1.1073897,40522314690.0,2026-07-31,fmp:company-screener,2026-08-01T02:02:06.715478+00:00
ED,"Consolidated Edison, Inc.",NYSE,common_stock,False,2001-02-15,Utilities,Regulated Electric,US,368530000.0,0.264,40114490500.0,2026-07-31,fmp:company-screener,2026-08-01T02:02:06.715478+00:00
DHI,"D.R. Horton, Inc.",NYSE,common_stock,False,1992-06-05,Consumer Cyclical,Residential Construction,US,279701266.99986017,1.361,40014063257.0,2026-07-31,fmp:company-screener,2026-08-01T02:02:06.715478+00:00
A,"Agilent Technologies, Inc.",NYSE,common_stock,False,1999-11-18,Healthcare,Medical - Diagnostics & Research,US,282432000.0,1.255,39080115840.0,2026-07-31,fmp:company-screener,2026-08-01T02:02:06.715478+00:00
HIG,"The Hartford Insurance Group, Inc.",NYSE,common_stock,False,1995-12-15,Financial Services,Insurance - Diversified,US,274130819.99859065,0.468,38901904666.0,2026-07-31,fmp:company-screener,2026-08-01T02:02:06.715478+00:00
IQV,IQVIA Holdings Inc.,NYSE,common_stock,False,2013-05-09,Healthcare,Medical - Diagnostics & Research,US,164600000.0,1.2,38684292000.0,2026-07-31,fmp:company-screener,2026-08-01T02:02:06.715478+00:00
PEG,Public Service Enterprise Group Incorporated,NYSE,common_stock,False,1980-01-02,Utilities,Regulated Electric,US,498321401.9953051,0.527,38211285105.0,2026-07-31,fmp:company-screener,2026-08-01T02:02:06.715478+00:00
ADM,Archer-Daniels-Midland Company,NYSE,common_stock,False,1980-03-17,Consumer Defensive,Agricultural Farm Products,US,481957000.0,0.609,38204731390.0,2026-07-31,fmp:company-screener,2026-08-01T02:02:06.715478+00:00
CCL,Carnival Corporation & plc,NYSE,common_stock,False,1987-07-24,Consumer Cyclical,Travel Services,US,1369649118.9859762,2.322,38089941999.0,2026-07-31,fmp:company-screener,2026-08-01T02:02:06.715478+00:00
KVUE,Kenvue Inc.,NYSE,common_stock,False,2023-05-04,Consumer Defensive,Household & Personal Products,US,1920008667.9833682,0.437,36940966772.0,2026-07-31,fmp:company-screener,2026-08-01T02:02:06.715478+00:00
IRM,Iron Mountain Incorporated,NYSE,common_stock,False,1996-02-01,Real Estate,REIT - Specialty,US,297524681.00065404,1.219,36393218980.0,2026-07-31,fmp:company-screener,2026-08-01T02:02:06.715478+00:00
MTB,M&T Bank Corporation,NYSE,common_stock,False,1980-03-17,Financial Services,Banks - Regional,US,144933000.0,0.569,35695548570.0,2026-07-31,fmp:company-screener,2026-08-01T02:02:06.715478+00:00
WEC,"WEC Energy Group, Inc.",NYSE,common_stock,False,1980-03-17,Utilities,Regulated Electric,US,325726000.0,0.46,35640938920.0,2026-07-31,fmp:company-screener,2026-08-01T02:02:06.715478+00:00
HSY,The Hershey Company,NYSE,common_stock,False,1980-03-17,Consumer Defensive,Food Confectioners,US,202843373.0019994,0.098,35507732444.0,2026-07-31,fmp:company-screener,2026-08-01T02:02:06.715478+00:00
EME,"EMCOR Group, Inc.",NYSE,common_stock,False,1995-01-10,Industrials,Engineering & Construction,US,44440300.0,1.1260599,35438028429.0,2026-07-31,fmp:company-screener,2026-08-01T02:02:06.715478+00:00
KR,The Kroger Co.,NYSE,common_stock,False,1977-01-02,Consumer Defensive,Grocery Stores,US,612647000.0,0.435,35374237780.0,2026-07-31,fmp:company-screener,2026-08-01T02:02:06.715478+00:00
VMC,Vulcan Materials Company,NYSE,common_stock,False,1957-01-02,Basic Materials,Construction Materials,US,129755000.0,1.05,34848300350.0,2026-07-31,fmp:company-screener,2026-08-01T02:02:06.715478+00:00
RJF,"Raymond James Financial, Inc.",NYSE,common_stock,False,1983-07-01,Financial Services,Financial - Capital Markets,US,192100000.0,0.939,33805758000.0,2026-07-31,fmp:company-screener,2026-08-01T02:02:06.715478+00:00
CCI,Crown Castle Inc.,NYSE,common_stock,False,1998-08-18,Real Estate,REIT - Specialty,US,437000000.0,0.972,33343100000.0,2026-07-31,fmp:company-screener,2026-08-01T02:02:06.715478+00:00
EQT,EQT Corporation,NYSE,common_stock,False,1980-03-17,Energy,Oil & Gas Exploration & Production,US,625516000.0,0.55,33330620060.0,2026-07-31,fmp:company-screener,2026-08-01T02:02:06.715478+00:00
VEEV,Veeva Systems Inc.,NYSE,common_stock,False,2013-10-16,Technology,Software - Application,US,162443291.00009814,0.941,33102693840.0,2026-07-31,fmp:company-screener,2026-08-01T02:02:06.715478+00:00
JBL,Jabil Inc.,NYSE,common_stock,False,1993-05-03,Technology,"Hardware, Equipment & Parts",US,104787088.99857165,1.279,33013172389.0,2026-07-31,fmp:company-screener,2026-08-01T02:02:06.715478+00:00
IR,Ingersoll Rand Inc.,NYSE,common_stock,False,2017-05-12,Industrials,Industrial - Machinery,US,391337000.0,1.1681118,32629679060.0,2026-07-31,fmp:company-screener,2026-08-01T02:02:06.715478+00:00
ZTS,Zoetis Inc.,NYSE,common_stock,False,2013-02-01,Healthcare,Drug Manufacturers - General,US,419227999.99999994,0.749,32402132120.0,2026-07-31,fmp:company-screener,2026-08-01T02:02:06.715478+00:00
LVS,Las Vegas Sands Corp.,NYSE,common_stock,False,2004-12-15,Consumer Cyclical,"Gambling, Resorts & Casinos",US,647701191.0002046,0.824,31666111228.0,2026-07-31,fmp:company-screener,2026-08-01T02:02:06.715478+00:00
MLM,"Martin Marietta Materials, Inc.",NYSE,common_stock,False,1994-02-17,Basic Materials,Construction Materials,US,60045900.0,1.101482,31532503926.0,2026-07-31,fmp:company-screener,2026-08-01T02:02:06.715478+00:00
EXR,Extra Space Storage Inc.,NYSE,spac,False,2004-08-16,Real Estate,REIT - Industrial,US,211261000.0,1.2,31275078440.0,2026-07-31,fmp:company-screener,2026-08-01T02:02:06.715478+00:00
TPR,"Tapestry, Inc.",NYSE,common_stock,False,2000-10-06,Consumer Cyclical,Luxury Goods,US,202045000.0,1.444,30785596650.0,2026-07-31,fmp:company-screener,2026-08-01T02:02:06.715478+00:00
CNC,Centene Corp.,NYSE,common_stock,False,2001-12-13,Healthcare,Medical - Healthcare Plans,US,493995000.0,1.077,30736368900.0,2026-07-31,fmp:company-screener,2026-08-01T02:02:06.715478+00:00
RMD,ResMed Inc.,NYSE,common_stock,False,1995-06-02,Healthcare,Medical - Devices,US,145056383.99848327,0.775,30603995896.0,2026-07-31,fmp:company-screener,2026-08-01T02:02:06.715478+00:00
TDY,Teledyne Technologies Incorporated,NYSE,common_stock,False,1999-11-23,Technology,"Hardware, Equipment & Parts",US,46354094.999771185,0.924,30388354059.0,2026-07-31,fmp:company-screener,2026-08-01T02:02:06.715478+00:00
EL,The Estée Lauder Companies Inc.,NYSE,common_stock,False,1995-11-17,Consumer Defensive,Household & Personal Products,US,361674642.00238377,1.261,30344502464.0,2026-07-31,fmp:company-screener,2026-08-01T02:02:06.715478+00:00
AEE,Ameren Corporation,NYSE,common_stock,False,1998-01-02,Utilities,Regulated Electric,US,276752000.0,0.4818246,30334786720.0,2026-07-31,fmp:company-screener,2026-08-01T02:02:06.715478+00:00
CFG,"Citizens Financial Group, Inc.",NYSE,common_stock,False,2014-09-24,Financial Services,Banks - Regional,US,422881999.99999994,0.998,30299495300.0,2026-07-31,fmp:company-screener,2026-08-01T02:02:06.715478+00:00
DTE,DTE Energy Company,NYSE,common_stock,False,1970-01-02,Utilities,Regulated Electric,US,208088000.0,0.381,29521444560.0,2026-07-31,fmp:company-screener,2026-08-01T02:02:06.715478+00:00
VICI,VICI Properties Inc.,NYSE,common_stock,False,2018-01-02,Real Estate,REIT - Diversified,US,1101077517.0018976,0.683,29013393390.0,2026-07-31,fmp:company-screener,2026-08-01T02:02:06.715478+00:00
ATO,Atmos Energy Corporation,NYSE,common_stock,False,1983-12-28,Utilities,Regulated Gas,US,166919821.99907395,0.598,28840406845.0,2026-07-31,fmp:company-screener,2026-08-01T02:02:06.715478+00:00
MTD,Mettler-Toledo International Inc.,NYSE,common_stock,False,1997-11-14,Healthcare,Medical - Diagnostics & Research,US,20207600.0,1.2443281,28620023880.0,2026-07-31,fmp:company-screener,2026-08-01T02:02:06.715478+00:00
NRG,"NRG Energy, Inc.",NYSE,common_stock,False,2003-12-02,Utilities,Independent Power Producers,US,210986000.0,1.201,28333309940.0,2026-07-31,fmp:company-screener,2026-08-01T02:02:06.715478+00:00
EIX,Edison International,NYSE,common_stock,False,1973-05-03,Utilities,Regulated Electric,US,384794000.0,0.6490315,28232335780.0,2026-07-31,fmp:company-screener,2026-08-01T02:02:06.715478+00:00
DVN,Devon Energy Corporation,NYSE,common_stock,False,1985-07-22,Energy,Oil & Gas Exploration & Production,US,621431110.990472,0.432,28045186039.0,2026-07-31,fmp:company-screener,2026-08-01T02:02:06.715478+00:00
DG,Dollar General Corporation,NYSE,common_stock,False,2009-11-13,Consumer Defensive,Discount Stores,US,220586646.9967724,0.247,28021121768.0,2026-07-31,fmp:company-screener,2026-08-01T02:02:06.715478+00:00
FE,FirstEnergy Corp.,NYSE,common_stock,False,1997-11-10,Utilities,Regulated Electric,US,578639932.0016559,0.454,27954095115.0,2026-07-31,fmp:company-screener,2026-08-01T02:02:06.715478+00:00
TPL,Texas Pacific Land Corporation,NYSE,common_stock,False,1980-03-17,Energy,Oil & Gas Exploration & Production,US,68974400.0,0.594,27767713952.0,2026-07-31,fmp:company-screener,2026-08-01T02:02:06.715478+00:00
CNP,"CenterPoint Energy, Inc.",NYSE,common_stock,False,1970-01-02,Utilities,Regulated Electric,US,658720000.0,0.454,27692588800.0,2026-07-31,fmp:company-screener,2026-08-01T02:02:06.715478+00:00
DOV,Dover Corporation,NYSE,common_stock,False,1980-03-17,Industrials,Industrial - Machinery,US,134680000.0,1.16,27558221600.0,2026-07-31,fmp:company-screener,2026-08-01T02:02:06.715478+00:00
Q,"Qnity Electronics, Inc.",NYSE,common_stock,False,2025-10-27,Technology,Semiconductors,US,209339206.99801797,1.5746567,27461117174.0,2026-07-31,fmp:company-screener,2026-08-01T02:02:06.715478+00:00
OTIS,Otis Worldwide Corporation,NYSE,common_stock,False,2020-03-19,Industrials,Industrial - Machinery,US,380669338.99930507,0.891,27389158941.0,2026-07-31,fmp:company-screener,2026-08-01T02:02:06.715478+00:00
XYL,Xylem Inc.,NYSE,common_stock,False,2011-10-13,Industrials,Industrial - Machinery,US,233487000.0,1.023,27310974390.0,2026-07-31,fmp:company-screener,2026-08-01T02:02:06.715478+00:00
WRB,W. R. Berkley Corporation,NYSE,common_stock,False,1973-10-23,Financial Services,Insurance - Property & Casualty,US,372276999.99999994,0.293,27004973580.0,2026-07-31,fmp:company-screener,2026-08-01T02:02:06.715478+00:00
HAL,Halliburton Company,NYSE,common_stock,False,1972-06-01,Energy,Oil & Gas Equipment & Services,US,835397735.007752,0.725,26941576954.0,2026-07-31,fmp:company-screener,2026-08-01T02:02:06.715478+00:00
WSM,"Williams-Sonoma, Inc.",NYSE,common_stock,False,1983-07-07,Consumer Cyclical,Specialty Retail,US,117746610.99886294,1.485,26923940071.0,2026-07-31,fmp:company-screener,2026-08-01T02:02:06.715478+00:00
ES,Eversource Energy,NYSE,common_stock,False,1973-02-21,Utilities,Regulated Electric,US,376080025.0034921,0.714,26923568990.0,2026-07-31,fmp:company-screener,2026-08-01T02:02:06.715478+00:00
AWK,"American Water Works Company, Inc.",NYSE,common_stock,False,2008-04-23,Utilities,Regulated Water,US,198728988.9990311,0.599,26663468454.0,2026-07-31,fmp:company-screener,2026-08-01T02:02:06.715478+00:00
PPL,PPL Corporation,NYSE,common_stock,False,1980-03-17,Utilities,Regulated Electric,US,752350000.0,0.589,26490243500.0,2026-07-31,fmp:company-screener,2026-08-01T02:02:06.715478+00:00
RF,Regions Financial Corporation,NYSE,common_stock,False,1980-03-17,Financial Services,Banks - Regional,US,853380000.0,1.012,26412111000.0,2026-07-31,fmp:company-screener,2026-08-01T02:02:06.715478+00:00
AVB,"AvalonBay Communities, Inc.",NYSE,common_stock,False,1994-03-11,Real Estate,REIT - Residential,US,142064000.0,0.78,26368499040.0,2026-07-31,fmp:company-screener,2026-08-01T02:02:06.715478+00:00
DGX,Quest Diagnostics Incorporated,NYSE,common_stock,False,1996-12-17,Healthcare,Medical - Diagnostics & Research,US,110373000.0,0.571,25718012730.0,2026-07-31,fmp:company-screener,2026-08-01T02:02:06.715478+00:00
LH,Labcorp Holdings Inc.,NYSE,common_stock,False,1990-03-29,Healthcare,Medical - Diagnostics & Research,US,82000000.0,0.861,25354400000.0,2026-07-31,fmp:company-screener,2026-08-01T02:02:06.715478+00:00
CPAY,"Corpay, Inc.",NYSE,common_stock,False,2010-12-15,Technology,Software - Infrastructure,US,65361918.999764465,0.881,24975442869.0,2026-07-31,fmp:company-screener,2026-08-01T02:02:06.715478+00:00
HUBB,Hubbell Incorporated,NYSE,common_stock,False,1972-06-05,Industrials,Electrical Equipment & Parts,US,52832570.99989419,0.892,24966031426.0,2026-07-31,fmp:company-screener,2026-08-01T02:02:06.715478+00:00
HPQ,HP Inc.,NYSE,common_stock,False,1957-11-06,Technology,Computer Hardware,US,914523000.0,1.212,24939042210.0,2026-07-31,fmp:company-screener,2026-08-01T02:02:06.715478+00:00
EQR,Equity Residential,NYSE,common_stock,False,1993-08-12,Real Estate,REIT - Residential,US,374921000.0,0.754,24913500450.0,2026-07-31,fmp:company-screener,2026-08-01T02:02:06.715478+00:00
SYF,Synchrony Financial,NYSE,common_stock,False,2014-07-31,Financial Services,Financial - Credit Services,US,325370830.99353474,1.308,24659855281.0,2026-07-31,fmp:company-screener,2026-08-01T02:02:06.715478+00:00
WAT,Waters Corporation,NYSE,common_stock,False,1995-11-17,Healthcare,Medical - Diagnostics & Research,US,65183625.00066259,1.202,24594433549.0,2026-07-31,fmp:company-screener,2026-08-01T02:02:06.715478+00:00
PPG,"PPG Industries, Inc.",NYSE,common_stock,False,1980-03-17,Basic Materials,Chemicals - Specialty,US,222300007.00325733,1.045,24568596774.0,2026-07-31,fmp:company-screener,2026-08-01T02:02:06.715478+00:00
PHM,"PulteGroup, Inc.",NYSE,common_stock,False,1980-03-17,Consumer Cyclical,Residential Construction,US,193010797.00324187,1.186,24410075497.0,2026-07-31,fmp:company-screener,2026-08-01T02:02:06.715478+00:00
KEY,KeyCorp,NYSE,common_stock,False,1987-11-05,Financial Services,Banks - Regional,US,1079370000.0,1.024,24382968300.0,2026-07-31,fmp:company-screener,2026-08-01T02:02:06.715478+00:00
FICO,Fair Isaac Corporation,NYSE,common_stock,False,1987-07-22,Technology,Software - Infrastructure,US,21597636.00007124,1.29,24253497299.0,2026-07-31,fmp:company-screener,2026-08-01T02:02:06.715478+00:00
SW,Smurfit Westrock plc,NYSE,common_stock,True,2008-06-17,Consumer Cyclical,Packaging & Containers,IE,524464050.01087666,0.935,24109612379.0,2026-07-31,fmp:company-screener,2026-08-01T02:02:06.715478+00:00
WST,"West Pharmaceutical Services, Inc.",NYSE,common_stock,False,1980-03-17,Healthcare,Medical - Instruments & Supplies,US,70375800.0,1.159,23995332768.0,2026-07-31,fmp:company-screener,2026-08-01T02:02:06.715478+00:00
L,Loews Corporation,NYSE,common_stock,False,1980-03-17,Financial Services,Insurance - Property & Casualty,US,205768873.00232738,0.518,23871246957.0,2026-07-31,fmp:company-screener,2026-08-01T02:02:06.715478+00:00
BRO,"Brown & Brown, Inc.",NYSE,common_stock,False,1981-02-11,Financial Services,Insurance - Brokers,US,334610370.0,0.599,23556570048.0,2026-07-31,fmp:company-screener,2026-08-01T02:02:06.715478+00:00
CHD,"Church & Dwight Co., Inc.",NYSE,common_stock,False,1980-03-17,Consumer Defensive,Household & Personal Products,US,236944000.0,0.467,23412436640.0,2026-07-31,fmp:company-screener,2026-08-01T02:02:06.715478+00:00
DRI,"Darden Restaurants, Inc.",NYSE,common_stock,False,1995-05-09,Consumer Cyclical,Restaurants,US,114535003.00127713,0.585,23317035911.0,2026-07-31,fmp:company-screener,2026-08-01T02:02:06.715478+00:00
RL,Ralph Lauren Corporation,NYSE,common_stock,False,1997-06-12,Consumer Cyclical,Apparel - Manufacturers,US,60999811.99978966,1.352,23200668496.0,2026-07-31,fmp:company-screener,2026-08-01T02:02:06.715478+00:00
FIS,"Fidelity National Information Services, Inc.",NYSE,common_stock,False,2001-06-20,Technology,Information Technology Services,US,516878999.99999994,0.813,23140672830.0,2026-07-31,fmp:company-screener,2026-08-01T02:02:06.715478+00:00
VLTO,Veralto Corporation,NYSE,common_stock,False,2023-10-04,Industrials,Industrial - Pollution & Treatment Controls,US,243793350.00530955,0.782,22958019770.0,2026-07-31,fmp:company-screener,2026-08-01T02:02:06.715478+00:00
CMS,CMS Energy Corporation,NYSE,common_stock,False,1973-02-21,Utilities,Regulated Electric,US,313577000.0,0.342,22574408230.0,2026-07-31,fmp:company-screener,2026-08-01T02:02:06.715478+00:00
STE,STERIS plc,NYSE,common_stock,True,1992-06-01,Healthcare,Medical - Specialties,IE,97457700.0,0.922,22259338680.0,2026-07-31,fmp:company-screener,2026-08-01T02:02:06.715478+00:00
STZ,"Constellation Brands, Inc.",NYSE,common_stock,False,1992-03-17,Consumer Defensive,Beverages - Alcoholic,US,170804361.99800354,0.382,22243852063.0,2026-07-31,fmp:company-screener,2026-08-01T02:02:06.715478+00:00
LUV,Southwest Airlines Co.,NYSE,common_stock,False,1980-01-02,Industrials,"Airlines, Airports & Air Services",US,489208000.0,1.118,21999683760.0,2026-07-31,fmp:company-screener,2026-08-01T02:02:06.715478+00:00
EXPD,"Expeditors International of Washington, Inc.",NYSE,common_stock,False,1984-09-26,Industrials,Integrated Freight & Logistics,US,130791132.9977962,1.038,21958523319.0,2026-07-31,fmp:company-screener,2026-08-01T02:02:06.715478+00:00
PKG,Packaging Corporation of America,NYSE,common_stock,False,2000-01-28,Consumer Cyclical,Packaging & Containers,US,89098646.99804752,0.818,21904011378.0,2026-07-31,fmp:company-screener,2026-08-01T02:02:06.715478+00:00
DOW,Dow Inc.,NYSE,common_stock,False,2019-03-20,Basic Materials,Chemicals,US,722340710.9937273,0.435,21879700136.0,2026-07-31,fmp:company-screener,2026-08-01T02:02:06.715478+00:00
IP,International Paper Company,NYSE,common_stock,False,1970-01-02,Basic Materials,"Paper, Lumber & Forest Products",US,529517000.0,0.898,21620179110.0,2026-07-31,fmp:company-screener,2026-08-01T02:02:06.715478+00:00
OMC,Omnicom Group Inc.,NYSE,common_stock,False,1980-03-17,Communication Services,Advertising Agencies,US,274346000.0,0.656,21591030200.0,2026-07-31,fmp:company-screener,2026-08-01T02:02:06.715478+00:00
NI,NiSource Inc,NYSE,common_stock,False,1973-02-21,Utilities,Regulated Gas,US,479439244.9921225,0.542,21301485655.0,2026-07-31,fmp:company-screener,2026-08-01T02:02:06.715478+00:00
SNA,Snap-on Incorporated,NYSE,common_stock,False,2017-03-02,Industrials,Manufacturing - Tools & Accessories,US,51727124.00038985,0.721,21229328961.0,2026-07-31,fmp:company-screener,2026-08-01T02:02:06.715478+00:00
GPN,Global Payments Inc.,NYSE,common_stock,False,2001-01-16,Financial Services,Financial - Credit Services,US,248254603.9961941,0.769,20873247104.0,2026-07-31,fmp:company-screener,2026-08-01T02:02:06.715478+00:00
AMCR,Amcor plc,NYSE,common_stock,True,2012-05-15,Consumer Cyclical,Packaging & Containers,CH,462345689.99554366,0.614,20750074567.0,2026-07-31,fmp:company-screener,2026-08-01T02:02:06.715478+00:00
TSN,"Tyson Foods, Inc.",NYSE,common_stock,False,1980-03-17,Consumer Defensive,Agricultural Farm Products,US,355999457.0048309,0.391,20633728528.0,2026-07-31,fmp:company-screener,2026-08-01T02:02:06.715478+00:00
LEN,Lennar Corporation,NYSE,common_stock,False,1980-03-17,Consumer Cyclical,Residential Construction,US,248295271.00182152,1.394,20447115567.0,2026-07-31,fmp:company-screener,2026-08-01T02:02:06.715478+00:00
BG,Bunge Global S.A.,NYSE,common_stock,False,2001-08-02,Consumer Defensive,Agricultural Farm Products,US,192119122.99727008,0.639,20408814436.0,2026-07-31,fmp:company-screener,2026-08-01T02:02:06.715478+00:00
EFX,Equifax Inc.,NYSE,common_stock,False,1980-03-17,Industrials,Consulting Services,US,117484896.00278068,1.316,20280242748.0,2026-07-31,fmp:company-screener,2026-08-01T02:02:06.715478+00:00
IFF,International Flavors & Fragrances Inc.,NYSE,common_stock,False,1974-12-17,Basic Materials,Chemicals - Specialty,US,255303000.0,0.944,20225103660.0,2026-07-31,fmp:company-screener,2026-08-01T02:02:06.715478+00:00
LYB,LyondellBasell Industries N.V.,NYSE,common_stock,True,2010-04-28,Basic Materials,Chemicals - Specialty,NL,322785000.0,0.362,20038492800.0,2026-07-31,fmp:company-screener,2026-08-01T02:02:06.715478+00:00
CF,"CF Industries Holdings, Inc.",NYSE,common_stock,False,2005-08-11,Basic Materials,Agricultural Inputs,US,153629000.0,0.39,19232814510.0,2026-07-31,fmp:company-screener,2026-08-01T02:02:06.715478+00:00
GIS,"General Mills, Inc.",NYSE,common_stock,False,1980-03-17,Consumer Defensive,Packaged Foods,US,533707998.993007,-0.047,19080060964.0,2026-07-31,fmp:company-screener,2026-08-01T02:02:06.715478+00:00
DD,"DuPont de Nemours, Inc.",NYSE,common_stock,False,1972-06-01,Basic Materials,Chemicals,US,135019000.0,1.083,18496252810.0,2026-07-31,fmp:company-screener,2026-08-01T02:02:06.715478+00:00
ROL,"Rollins, Inc.",NYSE,common_stock,False,1980-03-17,Industrials,Environmental Services,US,481145404.0031604,0.747,18269090990.0,2026-07-31,fmp:company-screener,2026-08-01T02:02:06.715478+00:00
BBY,"Best Buy Co., Inc.",NYSE,common_stock,False,1985-04-18,Consumer Cyclical,Specialty Retail,US,210767000.0,1.33,18180761420.0,2026-07-31,fmp:company-screener,2026-08-01T02:02:06.715478+00:00
ZBH,"Zimmer Biomet Holdings, Inc.",NYSE,common_stock,False,2001-07-25,Healthcare,Medical - Devices,US,193462000.0,0.461,18171885660.0,2026-07-31,fmp:company-screener,2026-08-01T02:02:06.715478+00:00
WY,Weyerhaeuser Company,NYSE,common_stock,False,1973-05-03,Real Estate,REIT - Specialty,US,721042608.9892129,0.911,18047696503.0,2026-07-31,fmp:company-screener,2026-08-01T02:02:06.715478+00:00
FTV,Fortive Corporation,NYSE,common_stock,False,2016-07-05,Technology,Industrial - Machinery,US,302017052.0013511,0.977,17882429649.0,2026-07-31,fmp:company-screener,2026-08-01T02:02:06.715478+00:00
BR,"Broadridge Financial Solutions, Inc.",NYSE,common_stock,False,2007-03-22,Technology,Information Technology Services,US,115658000.00000001,0.903,17805549100.0,2026-07-31,fmp:company-screener,2026-08-01T02:02:06.715478+00:00
FDXF,"FedEx Freight Holding Company, Inc.",NYSE,common_stock,False,2026-06-01,Industrials,Integrated Freight & Logistics,US,126529254.99893261,-7.34,17781156205.0,2026-07-31,fmp:company-screener,2026-08-01T02:02:06.715478+00:00
INVH,Invitation Homes Inc.,NYSE,common_stock,False,2017-02-01,Real Estate,REIT - Residential,US,594042000.0,0.843,17654928240.0,2026-07-31,fmp:company-screener,2026-08-01T02:02:06.715478+00:00
BEN,"Franklin Resources, Inc.",NYSE,common_stock,False,1983-09-23,Financial Services,Asset Management,US,519636998.99586535,1.576,17594908786.0,2026-07-31,fmp:company-screener,2026-08-01T02:02:06.715478+00:00
BALL,Ball Corporation,NYSE,common_stock,False,1972-07-13,Consumer Cyclical,Packaging & Containers,US,266246511.0015408,0.986,17279398564.0,2026-07-31,fmp:company-screener,2026-08-01T02:02:06.715478+00:00
KIM,Kimco Realty Corporation,NYSE,common_stock,False,1991-11-22,Real Estate,REIT - Retail,US,674390000.0,0.969,17183457200.0,2026-07-31,fmp:company-screener,2026-08-01T02:02:06.715478+00:00
GPC,Genuine Parts Company,NYSE,common_stock,False,1980-03-17,Consumer Cyclical,Specialty Retail,US,137859757.99630135,0.642,17145618102.0,2026-07-31,fmp:company-screener,2026-08-01T02:02:06.715478+00:00
IEX,IDEX Corporation,NYSE,common_stock,False,1989-06-02,Industrials,Industrial - Machinery,US,73719900.0,0.974,16988750955.0,2026-07-31,fmp:company-screener,2026-08-01T02:02:06.715478+00:00
NVR,"NVR, Inc.",NYSE,common_stock,False,1985-07-22,Consumer Cyclical,Residential Construction,US,2699290.00008134,0.902,16592670595.0,2026-07-31,fmp:company-screener,2026-08-01T02:02:06.715478+00:00
J,Jacobs Solutions Inc.,NYSE,common_stock,False,1980-03-17,Industrials,Engineering & Construction,US,118080878.9965167,0.672,15932653003.0,2026-07-31,fmp:company-screener,2026-08-01T02:02:06.715478+00:00
DVA,DaVita Inc.,NYSE,common_stock,False,1995-10-31,Healthcare,Medical - Care Facilities,US,64185000.0,0.882,15410176650.0,2026-07-31,fmp:company-screener,2026-08-01T02:02:06.715478+00:00
MAA,"Mid-America Apartment Communities, Inc.",NYSE,common_stock,False,1994-01-28,Real Estate,REIT - Residential,US,116384802.00241801,0.728,15402364697.0,2026-07-31,fmp:company-screener,2026-08-01T02:02:06.715478+00:00
DOC,"Healthpeak Properties, Inc.",NYSE,common_stock,False,1985-05-23,Real Estate,REIT - Healthcare Facilities,US,689420000.0,1.004,15050038600.0,2026-07-31,fmp:company-screener,2026-08-01T02:02:06.715478+00:00
EG,"Everest Group, Ltd.",NYSE,common_stock,True,1995-10-06,Financial Services,Insurance - Reinsurance,BM,39571600.0,0.287,14805714140.0,2026-07-31,fmp:company-screener,2026-08-01T02:02:06.715478+00:00
SOLV,Solventum Corporation,NYSE,common_stock,False,2024-04-01,Healthcare,Medical - Instruments & Supplies,US,173174711.99672285,0.716,14796047393.0,2026-07-31,fmp:company-screener,2026-08-01T02:02:06.715478+00:00
TXT,Textron Inc.,NYSE,common_stock,False,1947-12-22,Industrials,Aerospace & Defense,US,171987000.0,0.905,14663611620.0,2026-07-31,fmp:company-screener,2026-08-01T02:02:06.715478+00:00
LDOS,"Leidos Holdings, Inc.",NYSE,common_stock,False,2006-10-17,Technology,Information Technology Services,US,125785466.00346021,0.547,14540799870.0,2026-07-31,fmp:company-screener,2026-08-01T02:02:06.715478+00:00
LII,Lennox International Inc.,NYSE,common_stock,False,1999-07-29,Industrials,Industrial - Machinery,US,34560700.0,1.163,14373103916.0,2026-07-31,fmp:company-screener,2026-08-01T02:02:06.715478+00:00
SWK,"Stanley Black & Decker, Inc.",NYSE,common_stock,False,1980-03-17,Industrials,Manufacturing - Tools & Accessories,US,151017000.0,1.164,14283187860.0,2026-07-31,fmp:company-screener,2026-08-01T02:02:06.715478+00:00
GL,Globe Life Inc.,NYSE,common_stock,False,1980-10-01,Financial Services,Insurance - Life,US,77644800.0,0.47,14150764800.0,2026-07-31,fmp:company-screener,2026-08-01T02:02:06.715478+00:00
MAS,Masco Corporation,NYSE,common_stock,False,1980-03-17,Basic Materials,Construction Materials,US,197187429.99440402,1.282,14094957496.0,2026-07-31,fmp:company-screener,2026-08-01T02:02:06.715478+00:00
ALB,Albemarle Corporation,NYSE,common_stock,False,1994-02-22,Basic Materials,Chemicals - Specialty,US,117934651.00306018,1.346,13873832344.0,2026-07-31,fmp:company-screener,2026-08-01T02:02:06.715478+00:00
AIZ,"Assurant, Inc.",NYSE,common_stock,False,2004-02-05,Financial Services,Insurance - Specialty,US,49547600.0,0.555,13833194444.0,2026-07-31,fmp:company-screener,2026-08-01T02:02:06.715478+00:00
HRL,Hormel Foods Corporation,NYSE,common_stock,False,1980-03-17,Consumer Defensive,Packaged Foods,US,550315000.0,0.328,13763378150.0,2026-07-31,fmp:company-screener,2026-08-01T02:02:06.715478+00:00
MKC,"McCormick & Company, Incorporated",NYSE,common_stock,False,1999-04-26,Consumer Defensive,Packaged Foods,US,268851560.0,0.626,13684544404.0,2026-07-31,fmp:company-screener,2026-08-01T02:02:06.715478+00:00
TKO,"TKO Group Holdings, Inc.",NYSE,common_stock,False,2023-09-12,Communication Services,Entertainment,US,74967672.99928497,0.621,13629872628.0,2026-07-31,fmp:company-screener,2026-08-01T02:02:06.715478+00:00
BAX,Baxter International Inc.,NYSE,common_stock,False,1981-10-27,Healthcare,Medical - Instruments & Supplies,US,516469000.0,0.613,13510829040.0,2026-07-31,fmp:company-screener,2026-08-01T02:02:06.715478+00:00
BF-B,Brown-Forman Corporation,NYSE,common_stock,False,1980-03-17,Consumer Defensive,Beverages - Wineries & Distilleries,US,466342157.9881657,0.344,13398010199.0,2026-07-31,fmp:company-screener,2026-08-01T02:02:06.715478+00:00
ALLE,Allegion plc,NYSE,common_stock,True,2013-11-18,Industrials,Security & Protection Services,IE,85036800.0,0.858,13384792320.0,2026-07-31,fmp:company-screener,2026-08-01T02:02:06.715478+00:00
DECK,Deckers Outdoor Corporation,NYSE,common_stock,False,1993-10-15,Consumer Cyclical,Apparel - Footwear & Accessories,US,136182000.0,1.167,13193312160.0,2026-07-31,fmp:company-screener,2026-08-01T02:02:06.715478+00:00
IVZ,Invesco Ltd.,NYSE,common_stock,False,1995-08-24,Financial Services,Asset Management,US,443297000.0,1.597,13121591200.0,2026-07-31,fmp:company-screener,2026-08-01T02:02:06.715478+00:00
AVY,Avery Dennison Corporation,NYSE,common_stock,False,1973-02-21,Consumer Cyclical,Packaging & Containers,US,76490400.0,0.826,12982715592.0,2026-07-31,fmp:company-screener,2026-08-01T02:02:06.715478+00:00
HII,"Huntington Ingalls Industries, Inc.",NYSE,common_stock,False,2011-03-22,Industrials,Aerospace & Defense,US,39404000.0,0.248,12863435800.0,2026-07-31,fmp:company-screener,2026-08-01T02:02:06.715478+00:00
SJM,The J. M. Smucker Company,NYSE,common_stock,False,1994-10-31,Consumer Defensive,Packaged Foods,US,106880689.99664597,0.247,12746591089.0,2026-07-31,fmp:company-screener,2026-08-01T02:02:06.715478+00:00
TYL,"Tyler Technologies, Inc.",NYSE,common_stock,False,1980-03-17,Technology,Software - Application,US,40952300.0,0.821,12678832080.0,2026-07-31,fmp:company-screener,2026-08-01T02:02:06.715478+00:00
RVTY,"Revvity, Inc.",NYSE,common_stock,False,1965-07-06,Healthcare,Medical - Diagnostics & Research,US,111560000.0,1.091,12552731200.0,2026-07-31,fmp:company-screener,2026-08-01T02:02:06.715478+00:00
UDR,"UDR, Inc.",NYSE,common_stock,False,1980-03-17,Real Estate,REIT - Residential,US,324916000.0,0.695,12398794560.0,2026-07-31,fmp:company-screener,2026-08-01T02:02:06.715478+00:00
PNW,Pinnacle West Capital Corporation,NYSE,common_stock,False,1961-08-28,Utilities,Regulated Electric,US,121187000.0,0.425,12238675130.0,2026-07-31,fmp:company-screener,2026-08-01T02:02:06.715478+00:00
APTV,Aptiv PLC,NYSE,common_stock,True,2011-11-17,Consumer Cyclical,Auto - Parts,CH,211620527.00548965,1.344,11950211160.0,2026-07-31,fmp:company-screener,2026-08-01T02:02:06.715478+00:00
GNRC,Generac Holdings Inc.,NYSE,common_stock,False,2010-02-11,Industrials,Industrial - Machinery,US,58868699.99999999,1.895,11603609457.0,2026-07-31,fmp:company-screener,2026-08-01T02:02:06.715478+00:00
CLX,The Clorox Company,NYSE,common_stock,False,1983-03-21,Consumer Defensive,Household & Personal Products,US,120921000.0,0.531,11551583130.0,2026-07-31,fmp:company-screener,2026-08-01T02:02:06.715478+00:00
MGM,MGM Resorts International,NYSE,common_stock,False,1988-05-02,Consumer Cyclical,"Gambling, Resorts & Casinos",US,251599794.9966345,1.291,11213802863.0,2026-07-31,fmp:company-screener,2026-08-01T02:02:06.715478+00:00
CRL,"Charles River Laboratories International, Inc.",NYSE,common_stock,False,2000-06-23,Healthcare,Medical - Diagnostics & Research,US,48167700.0,1.399,11199471927.0,2026-07-31,fmp:company-screener,2026-08-01T02:02:06.715478+00:00
BXP,"BXP, Inc.",NYSE,common_stock,False,1997-06-18,Real Estate,REIT - Office,US,159477391.0011409,1.039,11182554657.0,2026-07-31,fmp:company-screener,2026-08-01T02:02:06.715478+00:00
CPT,Camden Property Trust,NYSE,common_stock,False,1993-07-22,Real Estate,REIT - Residential,US,100520000.0,0.79785,11138621200.0,2026-07-31,fmp:company-screener,2026-08-01T02:02:06.715478+00:00
GDDY,GoDaddy Inc.,NYSE,common_stock,False,2015-03-31,Technology,Software - Infrastructure,US,132409847.00265893,0.88817906,10955590741.0,2026-07-31,fmp:company-screener,2026-08-01T02:02:06.715478+00:00
PNR,Pentair plc,NYSE,common_stock,True,1973-05-03,Industrials,Industrial - Machinery,GB,161606000.0,1.029,10575496640.0,2026-07-31,fmp:company-screener,2026-08-01T02:02:06.715478+00:00
AES,The AES Corporation,NYSE,common_stock,False,1991-06-26,Utilities,Diversified Utilities,US,713157713.0108992,0.942,10469155227.0,2026-07-31,fmp:company-screener,2026-08-01T02:02:06.715478+00:00
UHS,"Universal Health Services, Inc.",NYSE,common_stock,False,1981-07-09,Healthcare,Medical - Care Facilities,US,60536350.0,1.075,10196742794.0,2026-07-31,fmp:company-screener,2026-08-01T02:02:06.715478+00:00
IT,"Gartner, Inc.",NYSE,common_stock,False,1993-10-05,Industrials,Consulting Services,US,66951899.00013243,0.963,10111075787.0,2026-07-31,fmp:company-screener,2026-08-01T02:02:06.715478+00:00
FDS,FactSet Research Systems Inc.,NYSE,common_stock,False,1996-06-28,Financial Services,Financial - Data & Stock Exchanges,US,35565543.00151976,0.715,9360850918.0,2026-07-31,fmp:company-screener,2026-08-01T02:02:06.715478+00:00
ARE,"Alexandria Real Estate Equities, Inc.",NYSE,common_stock,False,1997-05-28,Real Estate,REIT - Office,US,174269000.0,1.183,8966140050.0,2026-07-31,fmp:company-screener,2026-08-01T02:02:06.715478+00:00
NCLH,Norwegian Cruise Line Holdings Ltd.,NYSE,common_stock,False,2013-01-18,Consumer Cyclical,Travel Services,US,459110000.0,1.876,8507308300.0,2026-07-31,fmp:company-screener,2026-08-01T02:02:06.715478+00:00
AOS,A. O. Smith Corporation,NYSE,common_stock,False,1983-09-30,Industrials,Industrial - Machinery,US,138566592.99850324,1.153,8332009237.0,2026-07-31,fmp:company-screener,2026-08-01T02:02:06.715478+00:00
TAP,Molson Coors Beverage Company,NYSE,common_stock,False,1975-06-12,Consumer Defensive,Beverages - Alcoholic,US,187551353.9942252,0.419,7794634272.0,2026-07-31,fmp:company-screener,2026-08-01T02:02:06.715478+00:00
BLDR,"Builders FirstSource, Inc.",NYSE,common_stock,False,2005-06-28,Basic Materials,Construction Materials,US,107560000.0,1.418,7146286400.0,2026-07-31,fmp:company-screener,2026-08-01T02:02:06.715478+00:00
MOS,The Mosaic Company,NYSE,common_stock,False,1988-01-26,Basic Materials,Agricultural Inputs,US,317846643.98734176,0.825,7030767765.0,2026-07-31,fmp:company-screener,2026-08-01T02:02:06.715478+00:00
NVDA,NVIDIA Corporation,NASDAQ,common_stock,False,1999-01-22,Technology,Semiconductors,US,24221000000.0,2.211,4862365750000.0,2026-07-31,fmp:company-screener,2026-08-01T02:02:06.715478+00:00
AAPL,Apple Inc.,NASDAQ,common_stock,False,1980-12-12,Technology,Consumer Electronics,US,14687355999.999998,1.0969188,4537071141960.0,2026-07-31,fmp:company-screener,2026-08-01T02:02:06.715478+00:00
GOOG,Alphabet Inc.,NASDAQ,common_stock,False,2004-08-19,Communication Services,Internet Content & Information,US,12101385912.998741,1.247,4315959285871.0,2026-07-31,fmp:company-screener,2026-08-01T02:02:06.715478+00:00
GOOGL,Alphabet Inc.,NASDAQ,common_stock,False,2004-08-19,Communication Services,Internet Content & Information,US,12102111285.999496,1.247,4309924892283.0,2026-07-31,fmp:company-screener,2026-08-01T02:02:06.715478+00:00
MSFT,Microsoft Corporation,NASDAQ,common_stock,False,1986-03-13,Technology,Software - Infrastructure,US,7425550000.0,1.13,3450801596000.0,2026-07-31,fmp:company-screener,2026-08-01T02:02:06.715478+00:00
AMZN,"Amazon.com, Inc.",NASDAQ,common_stock,False,1997-05-15,Consumer Cyclical,Specialty Retail,US,10757100000.0,1.4612651,2921413218000.0,2026-07-31,fmp:company-screener,2026-08-01T02:02:06.715478+00:00
AVGO,Broadcom Inc.,NASDAQ,common_stock,False,2009-08-06,Technology,Semiconductors,US,4757580000.0,1.462,1852030742400.0,2026-07-31,fmp:company-screener,2026-08-01T02:02:06.715478+00:00
SPCX,Space Exploration Technologies Corp.,NASDAQ,spac,False,2026-06-12,Industrials,Aerospace & Defense,US,13075865442.004244,0.0,1417031537950.0,2026-07-31,fmp:company-screener,2026-08-01T02:02:06.715478+00:00
META,"Meta Platforms, Inc.",NASDAQ,common_stock,False,2012-05-18,Communication Services,Internet Content & Information,US,2542964914.000108,1.246,1415693997273.0,2026-07-31,fmp:company-screener,2026-08-01T02:02:06.715478+00:00
TSLA,"Tesla, Inc.",NASDAQ,common_stock,False,2010-06-29,Consumer Cyclical,Auto - Manufacturers,US,3949547394.000836,1.802,1229138644487.0,2026-07-31,fmp:company-screener,2026-08-01T02:02:06.715478+00:00
MU,"Micron Technology, Inc.",NASDAQ,common_stock,False,1984-06-01,Technology,Semiconductors,US,1129390000.0,2.142,929521851700.0,2026-07-31,fmp:company-screener,2026-08-01T02:02:06.715478+00:00
WMT,Walmart Inc.,NASDAQ,common_stock,False,1972-08-25,Consumer Defensive,Discount Stores,US,7958080000.0,0.603,884938496000.0,2026-07-31,fmp:company-screener,2026-08-01T02:02:06.715478+00:00
AMD,"Advanced Micro Devices, Inc.",NASDAQ,common_stock,False,1972-09-07,Technology,Semiconductors,US,1630600000.0,2.469,776410190000.0,2026-07-31,fmp:company-screener,2026-08-01T02:02:06.715478+00:00
ASML,ASML Holding N.V.,NASDAQ,common_stock,True,1995-03-15,Technology,Semiconductors,NL,385417991.0,1.394,627845907339.0,2026-07-31,fmp:company-screener,2026-08-01T02:02:06.715478+00:00
CSCO,"Cisco Systems, Inc.",NASDAQ,common_stock,False,1990-02-16,Technology,Communication Equipment,US,3941434664.9969826,1.007,457167006793.0,2026-07-31,fmp:company-screener,2026-08-01T02:02:06.715478+00:00
INTC,Intel Corp.,NASDAQ,common_stock,False,1980-03-17,Technology,Semiconductors,US,5043999673.004435,2.187,454968770505.0,2026-07-31,fmp:company-screener,2026-08-01T02:02:06.715478+00:00
COST,Costco Wholesale Corporation,NASDAQ,common_stock,False,1986-07-09,Consumer Defensive,Discount Stores,US,443479000.0,0.872,422143225310.0,2026-07-31,fmp:company-screener,2026-08-01T02:02:06.715478+00:00
AMAT,"Applied Materials, Inc.",NASDAQ,common_stock,False,1980-03-17,Technology,Semiconductors,US,793959000.0,1.567,403069165530.0,2026-07-31,fmp:company-screener,2026-08-01T02:02:06.715478+00:00
LRCX,Lam Research Corporation,NASDAQ,common_stock,False,1984-05-04,Technology,Semiconductors,US,1250570000.0,1.805,366442021400.0,2026-07-31,fmp:company-screener,2026-08-01T02:02:06.715478+00:00
NFLX,"Netflix, Inc.",NASDAQ,common_stock,False,2002-05-23,Communication Services,Entertainment,US,4163939998.9959564,1.517,298596137328.0,2026-07-31,fmp:company-screener,2026-08-01T02:02:06.715478+00:00
PLTR,Palantir Technologies Inc.,NASDAQ,common_stock,False,2020-09-30,Technology,Software - Infrastructure,US,2296070000.0,1.562,282554374200.0,2026-07-31,fmp:company-screener,2026-08-01T02:02:06.715478+00:00
PANW,"Palo Alto Networks, Inc.",NASDAQ,common_stock,False,2012-07-20,Technology,Software - Infrastructure,US,815000000.0,0.908,270441450000.0,2026-07-31,fmp:company-screener,2026-08-01T02:02:06.715478+00:00
ARM,Arm Holdings plc American Depositary Shares,NASDAQ,common_stock,True,2023-09-14,Technology,Semiconductors,GB,1064000000.0,3.77,255988577004.0,2026-07-31,fmp:company-screener,2026-08-01T02:02:06.715478+00:00
TXN,Texas Instruments Incorporated,NASDAQ,common_stock,False,1972-06-01,Technology,Semiconductors,US,913247686.0013056,1.31,251818916938.0,2026-07-31,fmp:company-screener,2026-08-01T02:02:06.715478+00:00
KLAC,KLA Corporation,NASDAQ,common_stock,False,1980-10-08,Technology,Semiconductors,US,1306280000.0,1.407,238814109600.0,2026-07-31,fmp:company-screener,2026-08-01T02:02:06.715478+00:00
LIN,Linde plc,NASDAQ,common_stock,True,1992-06-17,Basic Materials,Chemicals - Specialty,GB,462600000.0,0.723,221298588000.0,2026-07-31,fmp:company-screener,2026-08-01T02:02:06.715478+00:00
AMGN,Amgen Inc.,NASDAQ,common_stock,False,1983-06-17,Healthcare,Drug Manufacturers - General,US,539708000.0,0.403,207873933280.0,2026-07-31,fmp:company-screener,2026-08-01T02:02:06.715478+00:00
CRWD,"CrowdStrike Holdings, Inc.",NASDAQ,common_stock,False,2019-06-12,Technology,Software - Infrastructure,US,1018259280.0010478,1.237,194344966181.0,2026-07-31,fmp:company-screener,2026-08-01T02:02:06.715478+00:00
STX,Seagate Technology Holdings plc,NASDAQ,common_stock,True,2002-12-11,Technology,Computer Hardware,SG,224229000.0,2.067,191969173770.0,2026-07-31,fmp:company-screener,2026-08-01T02:02:06.715478+00:00
PEP,"PepsiCo, Inc.",NASDAQ,common_stock,False,1972-06-01,Consumer Defensive,Beverages - Non-Alcoholic,US,1366000000.0,0.368,190638960000.0,2026-07-31,fmp:company-screener,2026-08-01T02:02:06.715478+00:00
WDC,Western Digital Corporation,NASDAQ,common_stock,False,1978-10-31,Technology,Computer Hardware,US,344682000.0,2.166,187796540880.0,2026-07-31,fmp:company-screener,2026-08-01T02:02:06.715478+00:00
TMUS,"T-Mobile US, Inc.",NASDAQ,common_stock,False,2007-04-19,Communication Services,Telecommunications Services,US,1072671612.9986682,0.319,185261114281.0,2026-07-31,fmp:company-screener,2026-08-01T02:02:06.715478+00:00
SNDK,Sandisk Corporation,NASDAQ,common_stock,False,1995-11-08,Technology,Computer Hardware,US,148089750.0004116,4.741962,179903870993.0,2026-07-31,fmp:company-screener,2026-08-01T02:02:06.715478+00:00
ADI,"Analog Devices, Inc.",NASDAQ,common_stock,False,1980-03-17,Technology,Semiconductors,US,487086999.99999994,1.188,178960634670.0,2026-07-31,fmp:company-screener,2026-08-01T02:02:06.715478+00:00
MRVL,"Marvell Technology, Inc.",NASDAQ,common_stock,False,2000-06-27,Technology,Semiconductors,US,875766000.0,2.197,164258670960.0,2026-07-31,fmp:company-screener,2026-08-01T02:02:06.715478+00:00
GILD,"Gilead Sciences, Inc.",NASDAQ,common_stock,False,1992-01-22,Healthcare,Drug Manufacturers - General,US,1241569874.0035326,0.343,161664813294.0,2026-07-31,fmp:company-screener,2026-08-01T02:02:06.715478+00:00
QCOM,QUALCOMM Incorporated,NASDAQ,common_stock,False,1991-12-13,Technology,Semiconductors,US,1049999999.9999999,1.638,154990500000.0,2026-07-31,fmp:company-screener,2026-08-01T02:02:06.715478+00:00
IBKR,"Interactive Brokers Group, Inc.",NASDAQ,common_stock,False,2007-05-04,Financial Services,Investment - Banking & Investment Services,US,1728032436.0040915,1.329,152049574044.0,2026-07-31,fmp:company-screener,2026-08-01T02:02:06.715478+00:00
SHOP,Shopify Inc.,NASDAQ,common_stock,True,2015-05-20,Technology,Software - Application,CA,1297654695.9965856,2.585,152020247636.0,2026-07-31,fmp:company-screener,2026-08-01T02:02:06.715478+00:00
BKNG,Booking Holdings Inc.,NASDAQ,common_stock,False,1999-03-31,Consumer Cyclical,Travel Services,US,774878435.9979264,1.075,149474050304.0,2026-07-31,fmp:company-screener,2026-08-01T02:02:06.715478+00:00
APP,AppLovin Corporation,NASDAQ,common_stock,False,2021-04-15,Technology,Software - Application,US,335939531.0002526,2.483,132998460323.0,2026-07-31,fmp:company-screener,2026-08-01T02:02:06.715478+00:00
PDD,PDD Holdings Inc.,NASDAQ,common_stock,True,2018-07-26,Consumer Cyclical,Specialty Retail,IE,1423396448.9950316,-0.008,126055989523.0,2026-07-31,fmp:company-screener,2026-08-01T02:02:06.715478+00:00
ISRG,"Intuitive Surgical, Inc.",NASDAQ,common_stock,False,2000-06-16,Healthcare,Medical - Instruments & Supplies,US,353278000.0,1.46,124823715740.0,2026-07-31,fmp:company-screener,2026-08-01T02:02:06.715478+00:00
VRTX,Vertex Pharmaceuticals Incorporated,NASDAQ,common_stock,False,1991-07-24,Healthcare,Biotechnology,US,253805417.0006288,0.292,121090564451.0,2026-07-31,fmp:company-screener,2026-08-01T02:02:06.715478+00:00
SBUX,Starbucks Corporation,NASDAQ,common_stock,False,1992-06-26,Consumer Cyclical,Restaurants,US,1140000000.0,0.969,119985000000.0,2026-07-31,fmp:company-screener,2026-08-01T02:02:06.715478+00:00
FTNT,"Fortinet, Inc.",NASDAQ,common_stock,False,2009-11-18,Technology,Software - Infrastructure,US,732648390.9972215,1.09,118652343600.0,2026-07-31,fmp:company-screener,2026-08-01T02:02:06.715478+00:00
ADP,"Automatic Data Processing, Inc.",NASDAQ,common_stock,False,1980-03-17,Technology,Software - Application,US,399734000.00000006,0.841,106513121640.0,2026-07-31,fmp:company-screener,2026-08-01T02:02:06.715478+00:00
EQIX,"Equinix, Inc.",NASDAQ,common_stock,False,2000-08-11,Real Estate,REIT - Specialty,US,98671685.99992152,0.971,100574076106.0,2026-07-31,fmp:company-screener,2026-08-01T02:02:06.715478+00:00
ADBE,Adobe Inc.,NASDAQ,common_stock,False,1986-08-13,Technology,Software - Application,US,397500000.0,1.433,99537975000.0,2026-07-31,fmp:company-screener,2026-08-01T02:02:06.715478+00:00
MAR,"Marriott International, Inc.",NASDAQ,common_stock,False,1998-03-23,Consumer Cyclical,Travel Lodging,US,263689000.0,1.106,98311169870.0,2026-07-31,fmp:company-screener,2026-08-01T02:02:06.715478+00:00
CME,CME Group Inc.,NASDAQ,common_stock,False,2002-12-06,Financial Services,Financial - Data & Stock Exchanges,US,359579259.0014563,0.276,96291729768.0,2026-07-31,fmp:company-screener,2026-08-01T02:02:06.715478+00:00
DDOG,"Datadog, Inc.",NASDAQ,common_stock,False,2019-09-19,Technology,Software - Application,US,355960183.00182855,1.543,95386650239.0,2026-07-31,fmp:company-screener,2026-08-01T02:02:06.715478+00:00
MELI,"MercadoLibre, Inc.",NASDAQ,common_stock,True,2007-08-10,Consumer Cyclical,Specialty Retail,UY,50697182.00005325,1.345,95206772937.0,2026-07-31,fmp:company-screener,2026-08-01T02:02:06.715478+00:00
CEG,Constellation Energy Corporation,NASDAQ,common_stock,False,2022-01-19,Utilities,Independent Power Producers,US,359102020.0,1.121,94354055755.0,2026-07-31,fmp:company-screener,2026-08-01T02:02:06.715478+00:00
MNST,Monster Beverage Corporation,NASDAQ,common_stock,False,1985-12-09,Consumer Defensive,Beverages - Non-Alcoholic,US,978008110.0020752,0.527,94260421642.0,2026-07-31,fmp:company-screener,2026-08-01T02:02:06.715478+00:00
CDNS,"Cadence Design Systems, Inc.",NASDAQ,common_stock,False,1987-06-10,Technology,Software - Application,US,275816000.0,1.148,93782956320.0,2026-07-31,fmp:company-screener,2026-08-01T02:02:06.715478+00:00
CSX,CSX Corporation,NASDAQ,common_stock,False,1980-11-03,Industrials,Railroads,US,1852480000.0,1.211,93364992000.0,2026-07-31,fmp:company-screener,2026-08-01T02:02:06.715478+00:00
ABNB,"Airbnb, Inc.",NASDAQ,common_stock,False,2020-12-10,Consumer Cyclical,Travel Services,US,593513628.999472,1.143,89929185066.0,2026-07-31,fmp:company-screener,2026-08-01T02:02:06.715478+00:00
INTU,Intuit Inc.,NASDAQ,common_stock,False,1993-03-12,Technology,Software - Application,US,273537000.0,0.996,86456839590.0,2026-07-31,fmp:company-screener,2026-08-01T02:02:06.715478+00:00
DASH,"DoorDash, Inc.",NASDAQ,common_stock,False,2020-12-09,Communication Services,Internet Content & Information,US,435718706.9993883,1.779,85470581565.0,2026-07-31,fmp:company-screener,2026-08-01T02:02:06.715478+00:00
CMCSA,Comcast Corporation,NASDAQ,common_stock,False,1980-03-17,Communication Services,Telecommunications Services,US,3548636922.996661,0.655,85025340675.0,2026-07-31,fmp:company-screener,2026-08-01T02:02:06.715478+00:00
CTAS,Cintas Corporation,NASDAQ,common_stock,False,1983-08-19,Industrials,Specialty Business Services,US,400169552.99809414,0.933,81886695630.0,2026-07-31,fmp:company-screener,2026-08-01T02:02:06.715478+00:00
ROST,"Ross Stores, Inc.",NASDAQ,common_stock,False,1985-08-08,Consumer Cyclical,Apparel - Retail,US,320781075.9987255,0.879,80538504751.0,2026-07-31,fmp:company-screener,2026-08-01T02:02:06.715478+00:00
MDLZ,"Mondelez International, Inc.",NASDAQ,common_stock,False,2001-06-13,Consumer Defensive,Food Confectioners,US,1276310000.0,0.408,79526876100.0,2026-07-31,fmp:company-screener,2026-08-01T02:02:06.715478+00:00
REGN,"Regeneron Pharmaceuticals, Inc.",NASDAQ,common_stock,False,1991-04-02,Healthcare,Biotechnology,US,103022000.0,0.236,78567667860.0,2026-07-31,fmp:company-screener,2026-08-01T02:02:06.715478+00:00
HOOD,"Robinhood Markets, Inc.",NASDAQ,common_stock,False,2021-07-29,Financial Services,Financial - Capital Markets,US,898999978.9972273,2.336,77817438182.0,2026-07-31,fmp:company-screener,2026-08-01T02:02:06.715478+00:00
HON,Honeywell International Inc.,NASDAQ,common_stock,False,2001-02-21,Industrials,Conglomerates,US,316940000.0,0.93,77032267000.0,2026-07-31,fmp:company-screener,2026-08-01T02:02:06.715478+00:00
SNPS,"Synopsys, Inc.",NASDAQ,common_stock,False,1992-02-26,Technology,Software - Infrastructure,US,191479325.0,1.222,74439502387.0,2026-07-31,fmp:company-screener,2026-08-01T02:02:06.715478+00:00
ORLY,"O'Reilly Automotive, Inc.",NASDAQ,common_stock,False,1993-04-23,Consumer Cyclical,Specialty Retail,US,828715000.0,0.513,74045685250.0,2026-07-31,fmp:company-screener,2026-08-01T02:02:06.715478+00:00
MPWR,"Monolithic Power Systems, Inc.",NASDAQ,common_stock,False,2004-11-19,Technology,Semiconductors,US,49130000.0,1.7100353,70060853900.0,2026-07-31,fmp:company-screener,2026-08-01T02:02:06.715478+00:00
PCAR,PACCAR Inc,NASDAQ,common_stock,False,1980-03-17,Industrials,Industrial - Machinery,US,526285998.99758816,0.976,69827626347.0,2026-07-31,fmp:company-screener,2026-08-01T02:02:06.715478+00:00
AEP,"American Electric Power Company, Inc.",NASDAQ,common_stock,False,1962-01-02,Utilities,Regulated Electric,US,544105000.0,0.50389403,69563824250.0,2026-07-31,fmp:company-screener,2026-08-01T02:02:06.715478+00:00
WBD,"Warner Bros. Discovery, Inc.",NASDAQ,common_stock,False,2005-07-08,Communication Services,Entertainment,US,2507136702.015209,1.548,65937695263.0,2026-07-31,fmp:company-screener,2026-08-01T02:02:06.715478+00:00
HONA,Honeywell Aerospace Inc,NASDAQ,spac,False,2026-06-29,Industrials,Aerospace & Defense,US,316939750.0,0.0,65524123915.0,2026-07-31,fmp:company-screener,2026-08-01T02:02:06.715478+00:00
BKR,Baker Hughes Company,NASDAQ,common_stock,False,1987-04-06,Energy,Oil & Gas Equipment & Services,US,992674000.0,0.96,60046850260.0,2026-07-31,fmp:company-screener,2026-08-01T02:02:06.715478+00:00
NXPI,NXP Semiconductors N.V.,NASDAQ,common_stock,True,2010-08-06,Technology,Semiconductors,NL,252164174.0006982,1.805,57785942114.0,2026-07-31,fmp:company-screener,2026-08-01T02:02:06.715478+00:00
TER,"Teradyne, Inc.",NASDAQ,common_stock,False,1970-09-14,Technology,Semiconductors,US,156542000.0,1.742,57558927980.0,2026-07-31,fmp:company-screener,2026-08-01T02:02:06.715478+00:00
FANG,"Diamondback Energy, Inc.",NASDAQ,common_stock,False,2012-10-12,Energy,Oil & Gas Exploration & Production,US,281313000.0,0.407,57092473350.0,2026-07-31,fmp:company-screener,2026-08-01T02:02:06.715478+00:00
LITE,Lumentum Holdings Inc.,NASDAQ,common_stock,False,2015-07-23,Technology,Communication Equipment,US,77800000.0,1.482,55544532000.0,2026-07-31,fmp:company-screener,2026-08-01T02:02:06.715478+00:00
FAST,Fastenal Company,NASDAQ,common_stock,False,1987-08-20,Industrials,Industrial - Distribution,US,1147500000.0,0.713,54747225000.0,2026-07-31,fmp:company-screener,2026-08-01T02:02:06.715478+00:00
ALAB,"Astera Labs, Inc. Common Stock",NASDAQ,common_stock,False,2024-03-20,Technology,Semiconductors,US,171407939.00009638,3.671,53347292855.0,2026-07-31,fmp:company-screener,2026-08-01T02:02:06.715478+00:00
EA,Electronic Arts Inc.,NASDAQ,common_stock,False,1989-09-20,Technology,Electronic Gaming & Multimedia,US,252383837.0008577,0.641,52965272033.0,2026-07-31,fmp:company-screener,2026-08-01T02:02:06.715478+00:00
NDAQ,"Nasdaq, Inc.",NASDAQ,common_stock,False,2002-07-01,Financial Services,Financial - Data & Stock Exchanges,US,558977372.0033973,0.997,52650078669.0,2026-07-31,fmp:company-screener,2026-08-01T02:02:06.715478+00:00
EBAY,eBay Inc.,NASDAQ,common_stock,False,1998-09-24,Consumer Cyclical,Specialty Retail,US,444000000.0,1.365,50620440000.0,2026-07-31,fmp:company-screener,2026-08-01T02:02:06.715478+00:00
PYPL,"PayPal Holdings, Inc.",NASDAQ,common_stock,False,2015-07-06,Financial Services,Financial - Credit Services,US,882105000.0,1.332,50465227050.0,2026-07-31,fmp:company-screener,2026-08-01T02:02:06.715478+00:00
ADSK,"Autodesk, Inc.",NASDAQ,common_stock,False,1985-06-28,Technology,Software - Application,US,211145250.99914604,1.318,49450217784.0,2026-07-31,fmp:company-screener,2026-08-01T02:02:06.715478+00:00
XEL,Xcel Energy Inc.,NASDAQ,common_stock,False,2001-03-13,Utilities,Regulated Electric,US,624269560.0,0.405,48817879592.0,2026-07-31,fmp:company-screener,2026-08-01T02:02:06.715478+00:00
CCEP,Coca-Cola Europacific Partners PLC,NASDAQ,common_stock,True,1986-11-24,Consumer Defensive,Beverages - Non-Alcoholic,GB,443218000.0,0.467,48514642280.0,2026-07-31,fmp:company-screener,2026-08-01T02:02:06.715478+00:00
FER,Ferrovial SE,NASDAQ,common_stock,True,2012-08-13,Industrials,Engineering & Construction,NL,725331782.9953917,0.8,47219099073.0,2026-07-31,fmp:company-screener,2026-08-01T02:02:06.715478+00:00
EXC,Exelon Corporation,NASDAQ,common_stock,False,1973-05-02,Utilities,Regulated Electric,US,1023210000.0,0.405,46883482200.0,2026-07-31,fmp:company-screener,2026-08-01T02:02:06.715478+00:00
NBIS,Nebius Group N.V.,NASDAQ,common_stock,True,2011-05-24,Technology,Software - Infrastructure,NL,240000000.0,1.402,45698400000.0,2026-07-31,fmp:company-screener,2026-08-01T02:02:06.715478+00:00
TTWO,"Take-Two Interactive Software, Inc.",NASDAQ,common_stock,False,1997-04-15,Technology,Electronic Gaming & Multimedia,US,186980000.0,0.961,45421181600.0,2026-07-31,fmp:company-screener,2026-08-01T02:02:06.715478+00:00
ODFL,"Old Dominion Freight Line, Inc.",NASDAQ,common_stock,False,1991-10-24,Industrials,Trucking,US,207968283.00179127,1.184,44118391556.0,2026-07-31,fmp:company-screener,2026-08-01T02:02:06.715478+00:00
IDXX,"IDEXX Laboratories, Inc.",NASDAQ,common_stock,False,1991-06-21,Healthcare,Medical - Diagnostics & Research,US,78883000.0,1.549,44101118810.0,2026-07-31,fmp:company-screener,2026-08-01T02:02:06.715478+00:00
TRI,Thomson Reuters Corporation,NASDAQ,common_stock,True,2002-06-12,Industrials,Specialty Business Services,CA,436538837.00193626,0.173,42837556075.0,2026-07-31,fmp:company-screener,2026-08-01T02:02:06.715478+00:00
AXON,"Axon Enterprise, Inc.",NASDAQ,common_stock,False,2001-06-07,Industrials,Aerospace & Defense,US,80602077.0009095,1.378,42538552158.0,2026-07-31,fmp:company-screener,2026-08-01T02:02:06.715478+00:00
KDP,Keurig Dr Pepper Inc.,NASDAQ,common_stock,False,2008-05-07,Consumer Defensive,Beverages - Non-Alcoholic,US,1360559471.015424,0.407,42340610738.0,2026-07-31,fmp:company-screener,2026-08-01T02:02:06.715478+00:00
WDAY,"Workday, Inc.",NASDAQ,common_stock,False,2012-10-12,Technology,Software - Application,US,261942106.99763003,1.104,41999797436.0,2026-07-31,fmp:company-screener,2026-08-01T02:02:06.715478+00:00
FLEX,Flex Ltd.,NASDAQ,common_stock,False,1994-03-18,Technology,"Hardware, Equipment & Parts",US,366389554.0043956,1.626,41676811768.0,2026-07-31,fmp:company-screener,2026-08-01T02:02:06.715478+00:00
PAYX,"Paychex, Inc.",NASDAQ,common_stock,False,1983-08-26,Industrials,Staffing & Employment Services,US,355682859.9965765,0.81963736,41557985362.0,2026-07-31,fmp:company-screener,2026-08-01T02:02:06.715478+00:00
MCHP,Microchip Technology Incorporated,NASDAQ,common_stock,False,1993-03-19,Technology,Semiconductors,US,543008000.0,1.727,40340064320.0,2026-07-31,fmp:company-screener,2026-08-01T02:02:06.715478+00:00
ROP,"Roper Technologies, Inc.",NASDAQ,common_stock,False,1992-02-13,Technology,Software - Application,US,100917000.0,0.752,39556436490.0,2026-07-31,fmp:company-screener,2026-08-01T02:02:06.715478+00:00
UAL,"United Airlines Holdings, Inc.",NASDAQ,common_stock,False,2006-02-06,Industrials,"Airlines, Airports & Air Services",US,324569727.9980219,1.258,39380045098.0,2026-07-31,fmp:company-screener,2026-08-01T02:02:06.715478+00:00
CRWV,"CoreWeave, Inc. Class A Common Stock",NASDAQ,common_stock,False,2025-03-28,Technology,Software - Infrastructure,US,545570405.0020901,7.1312537,39155587967.0,2026-07-31,fmp:company-screener,2026-08-01T02:02:06.715478+00:00
COIN,"Coinbase Global, Inc.",NASDAQ,common_stock,False,2021-04-14,Financial Services,Financial - Data & Stock Exchanges,US,263460776.99986327,3.3499947,38588379561.0,2026-07-31,fmp:company-screener,2026-08-01T02:02:06.715478+00:00
RKLB,"Rocket Lab USA, Inc.",NASDAQ,common_stock,False,2020-11-24,Industrials,Aerospace & Defense,US,578867474.9961509,2.553,37597442501.0,2026-07-31,fmp:company-screener,2026-08-01T02:02:06.715478+00:00
KMB,Kimberly-Clark Corporation,NASDAQ,common_stock,False,1980-03-17,Consumer Defensive,Household & Personal Products,US,331940000.0,0.279,36284361400.0,2026-07-31,fmp:company-screener,2026-08-01T02:02:06.715478+00:00
STLD,"Steel Dynamics, Inc.",NASDAQ,common_stock,False,1996-11-22,Basic Materials,Steel,US,143328100.0,1.542,36012618406.0,2026-07-31,fmp:company-screener,2026-08-01T02:02:06.715478+00:00
ACGL,Arch Capital Group Ltd.,NASDAQ,common_stock,True,1995-09-14,Financial Services,Insurance - Diversified,BM,349390000.0,0.292,35124176700.0,2026-07-31,fmp:company-screener,2026-08-01T02:02:06.715478+00:00
NTAP,"NetApp, Inc.",NASDAQ,common_stock,False,1995-11-21,Technology,Computer Hardware,US,196234000.0,1.451,35027769000.0,2026-07-31,fmp:company-screener,2026-08-01T02:02:06.715478+00:00
HBAN,Huntington Bancshares Incorporated,NASDAQ,common_stock,False,1980-03-17,Financial Services,Banks - Regional,US,2027130000.0,0.952,34542295200.0,2026-07-31,fmp:company-screener,2026-08-01T02:02:06.715478+00:00
EXPE,"Expedia Group, Inc.",NASDAQ,common_stock,False,2005-07-21,Consumer Cyclical,Travel Services,US,114498625.00169641,1.232,33747324733.0,2026-07-31,fmp:company-screener,2026-08-01T02:02:06.715478+00:00
NTRS,Northern Trust Corporation,NASDAQ,common_stock,False,1980-03-17,Financial Services,Asset Management,US,182964369.99835336,1.26,33334278570.0,2026-07-31,fmp:company-screener,2026-08-01T02:02:06.715478+00:00
CASY,"Casey's General Stores, Inc.",NASDAQ,common_stock,False,1983-10-20,Consumer Cyclical,Specialty Retail,US,37004900.0,0.619,32231267900.0,2026-07-31,fmp:company-screener,2026-08-01T02:02:06.715478+00:00
DXCM,"DexCom, Inc.",NASDAQ,common_stock,False,2005-04-14,Healthcare,Medical - Devices,US,385872977.00419414,1.4525987,32201099931.0,2026-07-31,fmp:company-screener,2026-08-01T02:02:06.715478+00:00
ON,ON Semiconductor Corporation,NASDAQ,common_stock,False,2000-05-02,Technology,Semiconductors,US,389186000.0,2.012,31761469460.0,2026-07-31,fmp:company-screener,2026-08-01T02:02:06.715478+00:00
WTW,Willis Towers Watson Public Limited Company,NASDAQ,common_stock,True,2001-06-12,Financial Services,Insurance - Brokers,GB,94447976.00023815,0.441,31726964098.0,2026-07-31,fmp:company-screener,2026-08-01T02:02:06.715478+00:00
MSTR,Strategy Inc,NASDAQ,common_stock,False,1998-06-11,Technology,Software - Application,US,330808000.0,3.5439434,30857770240.0,2026-07-31,fmp:company-screener,2026-08-01T02:02:06.715478+00:00
GEHC,GE HealthCare Technologies Inc.,NASDAQ,common_stock,False,2022-12-15,Healthcare,Medical - Healthcare Information Services,US,451686251.99941194,0.839,30723698861.0,2026-07-31,fmp:company-screener,2026-08-01T02:02:06.715478+00:00
KHC,The Kraft Heinz Company,NASDAQ,common_stock,False,2015-07-06,Consumer Defensive,Packaged Foods,US,1185777637.9883945,0.077,30652351942.0,2026-07-31,fmp:company-screener,2026-08-01T02:02:06.715478+00:00
BIIB,Biogen Inc.,NASDAQ,common_stock,False,1991-09-17,Healthcare,Drug Manufacturers - General,US,147753997.99950728,0.158,29986673894.0,2026-07-31,fmp:company-screener,2026-08-01T02:02:06.715478+00:00
FISV,"Fiserv, Inc.",NASDAQ,common_stock,False,1986-09-25,Technology,Information Technology Services,US,533254000.0,0.8191573,28763720760.0,2026-07-31,fmp:company-screener,2026-08-01T02:02:06.715478+00:00
ALNY,"Alnylam Pharmaceuticals, Inc.",NASDAQ,common_stock,False,2004-06-01,Healthcare,Biotechnology,US,133512573.00019462,0.26934364,27439504003.0,2026-07-31,fmp:company-screener,2026-08-01T02:02:06.715478+00:00
CINF,Cincinnati Financial Corporation,NASDAQ,common_stock,False,1980-03-17,Financial Services,Insurance - Property & Casualty,US,153478045.00225124,0.553,27269979036.0,2026-07-31,fmp:company-screener,2026-08-01T02:02:06.715478+00:00
CPRT,"Copart, Inc.",NASDAQ,common_stock,False,1994-03-17,Industrials,Specialty Business Services,US,925811482.0054945,1.023,26959630356.0,2026-07-31,fmp:company-screener,2026-08-01T02:02:06.715478+00:00
VRSN,"VeriSign, Inc.",NASDAQ,common_stock,False,1998-01-30,Technology,Software - Infrastructure,US,90400000.0,0.707,26217808000.0,2026-07-31,fmp:company-screener,2026-08-01T02:02:06.715478+00:00
FOXA,Fox Corporation,NASDAQ,common_stock,False,2019-03-12,Communication Services,Entertainment,US,438504843.0018891,0.55,25534137008.0,2026-07-31,fmp:company-screener,2026-08-01T02:02:06.715478+00:00
JBHT,"J.B. Hunt Transport Services, Inc.",NASDAQ,common_stock,False,1983-11-22,Industrials,Integrated Freight & Logistics,US,93914900.0,1.294,25521374075.0,2026-07-31,fmp:company-screener,2026-08-01T02:02:06.715478+00:00
VRSK,"Verisk Analytics, Inc.",NASDAQ,common_stock,False,2009-10-07,Technology,Software - Services,US,130156016.99769053,0.688,25360899912.0,2026-07-31,fmp:company-screener,2026-08-01T02:02:06.715478+00:00
CTSH,Cognizant Technology Solutions Corporation,NASDAQ,common_stock,False,1998-06-19,Technology,Information Technology Services,US,450444208.99728996,0.859,24932086968.0,2026-07-31,fmp:company-screener,2026-08-01T02:02:06.715478+00:00
DLTR,"Dollar Tree, Inc.",NASDAQ,common_stock,False,1995-03-07,Consumer Defensive,Discount Stores,US,192175000.0,0.651,24446581750.0,2026-07-31,fmp:company-screener,2026-08-01T02:02:06.715478+00:00
PFG,"Principal Financial Group, Inc.",NASDAQ,common_stock,False,2001-10-23,Financial Services,Asset Management,US,214600008.00351802,0.888,24400020910.0,2026-07-31,fmp:company-screener,2026-08-01T02:02:06.715478+00:00
INCY,Incyte Corporation,NASDAQ,common_stock,False,1993-11-04,Healthcare,Biotechnology,US,202697746.00066936,0.758,24226434602.0,2026-07-31,fmp:company-screener,2026-08-01T02:02:06.715478+00:00
TROW,"T. Rowe Price Group, Inc.",NASDAQ,common_stock,False,1986-04-02,Financial Services,Asset Management,US,214267000.0,1.497,23944337250.0,2026-07-31,fmp:company-screener,2026-08-01T02:02:06.715478+00:00
FOX,Fox Corporation,NASDAQ,common_stock,False,2019-03-13,Communication Services,Entertainment,US,438504842.9919138,0.55,22775941545.0,2026-07-31,fmp:company-screener,2026-08-01T02:02:06.715478+00:00
FFIV,"F5, Inc.",NASDAQ,common_stock,False,1999-06-04,Technology,Software - Infrastructure,US,56419200.0,1.03,22712677344.0,2026-07-31,fmp:company-screener,2026-08-01T02:02:06.715478+00:00
FSLR,"First Solar, Inc.",NASDAQ,common_stock,False,2006-11-17,Technology,Solar,US,107453000.0,1.7303654,22675806590.0,2026-07-31,fmp:company-screener,2026-08-01T02:02:06.715478+00:00
ULTA,"Ulta Beauty, Inc.",NASDAQ,common_stock,False,2007-10-25,Consumer Cyclical,Specialty Retail,US,42989310.9997465,0.879,22046208360.0,2026-07-31,fmp:company-screener,2026-08-01T02:02:06.715478+00:00
EXE,Expand Energy Corporation,NASDAQ,common_stock,False,2021-02-10,Energy,Oil & Gas Exploration & Production,US,231504000.0,0.326,21768321120.0,2026-07-31,fmp:company-screener,2026-08-01T02:02:06.715478+00:00
MRNA,"Moderna, Inc.",NASDAQ,common_stock,False,2018-12-07,Healthcare,Biotechnology,US,396786000.0,0.942,21751808520.0,2026-07-31,fmp:company-screener,2026-08-01T02:02:06.715478+00:00
VTRS,Viatris Inc.,NASDAQ,common_stock,False,1980-03-17,Healthcare,Drug Manufacturers - Specialty & Generic,US,1164552653.9863327,0.902,20449544604.0,2026-07-31,fmp:company-screener,2026-08-01T02:02:06.715478+00:00
CHTR,"Charter Communications, Inc.",NASDAQ,common_stock,False,2010-01-05,Communication Services,Telecommunications Services,US,134777482.99765486,0.704,19540039485.0,2026-07-31,fmp:company-screener,2026-08-01T02:02:06.715478+00:00
SBAC,SBA Communications Corporation,NASDAQ,common_stock,False,1999-06-16,Real Estate,REIT - Specialty,US,106063017.00187866,0.997,19195284817.0,2026-07-31,fmp:company-screener,2026-08-01T02:02:06.715478+00:00
EVRG,"Evergy, Inc.",NASDAQ,common_stock,False,2018-06-04,Utilities,Regulated Electric,US,230513000.0,0.524,19134884130.0,2026-07-31,fmp:company-screener,2026-08-01T02:02:06.715478+00:00
CDW,CDW Corporation,NASDAQ,common_stock,False,2013-06-27,Technology,Information Technology Services,US,127753000.0,0.962,18883170930.0,2026-07-31,fmp:company-screener,2026-08-01T02:02:06.715478+00:00
SMCI,"Super Micro Computer, Inc.",NASDAQ,common_stock,False,2007-03-28,Technology,Computer Hardware,US,646873000.0,1.936,18371193200.0,2026-07-31,fmp:company-screener,2026-08-01T02:02:06.715478+00:00
LNT,Alliant Energy Corporation,NASDAQ,common_stock,False,1988-01-05,Utilities,Regulated Electric,US,258277000.0,0.5399278,18280846060.0,2026-07-31,fmp:company-screener,2026-08-01T02:02:06.715478+00:00
CHRW,"C.H. Robinson Worldwide, Inc.",NASDAQ,common_stock,False,1997-10-16,Industrials,Integrated Freight & Logistics,US,117873042.0023015,0.915,17413384495.0,2026-07-31,fmp:company-screener,2026-08-01T02:02:06.715478+00:00
HST,"Host Hotels & Resorts, Inc.",NASDAQ,common_stock,False,1980-03-17,Real Estate,REIT - Hotel & Motel,US,684879000.0,1.119,17211009270.0,2026-07-31,fmp:company-screener,2026-08-01T02:02:06.715478+00:00
NWS,News Corporation,NASDAQ,common_stock,False,2013-06-19,Communication Services,Publishing,US,547397518.9958427,0.899,17117120419.0,2026-07-31,fmp:company-screener,2026-08-01T02:02:06.715478+00:00
AKAM,"Akamai Technologies, Inc.",NASDAQ,common_stock,False,1999-10-29,Technology,Software - Infrastructure,US,145385450.99843723,0.633,16745496246.0,2026-07-31,fmp:company-screener,2026-08-01T02:02:06.715478+00:00
NDSN,Nordson Corporation,NASDAQ,common_stock,False,1980-03-18,Industrials,Industrial - Machinery,US,55718000.00000001,0.969,16591706040.0,2026-07-31,fmp:company-screener,2026-08-01T02:02:06.715478+00:00
GEN,Gen Digital Inc.,NASDAQ,common_stock,False,1989-06-23,Technology,Software - Infrastructure,US,598577117.0127505,1.207,16430941862.0,2026-07-31,fmp:company-screener,2026-08-01T02:02:06.715478+00:00
TSCO,Tractor Supply Company,NASDAQ,common_stock,False,1994-02-17,Consumer Cyclical,Specialty Retail,US,524450000.0,0.456,16137326500.0,2026-07-31,fmp:company-screener,2026-08-01T02:02:06.715478+00:00
PTC,PTC Inc.,NASDAQ,common_stock,False,1989-12-08,Technology,Software - Application,US,115506000.00000001,0.994,15847423200.0,2026-07-31,fmp:company-screener,2026-08-01T02:02:06.715478+00:00
NWSA,News Corporation,NASDAQ,common_stock,False,2013-06-19,Communication Services,Publishing,US,561331887.0101597,0.899,15470306806.0,2026-07-31,fmp:company-screener,2026-08-01T02:02:06.715478+00:00
REG,Regency Centers Corporation,NASDAQ,common_stock,False,1993-10-29,Real Estate,REIT - Retail,US,182614520.99887905,0.825,14662119891.0,2026-07-31,fmp:company-screener,2026-08-01T02:02:06.715478+00:00
COO,"The Cooper Companies, Inc.",NASDAQ,common_stock,False,1983-01-21,Healthcare,Medical - Instruments & Supplies,US,195031000.00000003,0.84,14104641920.0,2026-07-31,fmp:company-screener,2026-08-01T02:02:06.715478+00:00
ZBRA,Zebra Technologies Corporation,NASDAQ,common_stock,False,1991-08-15,Technology,Communication Equipment,US,47633400.0,1.605,13995645588.0,2026-07-31,fmp:company-screener,2026-08-01T02:02:06.715478+00:00
LULU,Lululemon Athletica Inc.,NASDAQ,common_stock,True,2007-07-27,Consumer Cyclical,Apparel - Retail,CA,113553916.000673,0.878,13498153995.0,2026-07-31,fmp:company-screener,2026-08-01T02:02:06.715478+00:00
ECHO,EchoStar Corporation,NASDAQ,common_stock,False,2008-01-01,Communication Services,Telecommunications Services,US,158465000.0,1.004,13325321850.0,2026-07-31,fmp:company-screener,2026-08-01T02:02:06.715478+00:00
HAS,"Hasbro, Inc.",NASDAQ,common_stock,False,1980-03-17,Consumer Cyclical,Leisure,US,141491000.0,0.482,13291664540.0,2026-07-31,fmp:company-screener,2026-08-01T02:02:06.715478+00:00
APA,APA Corporation,NASDAQ,common_stock,False,1979-05-15,Energy,Oil & Gas Exploration & Production,US,353470000.0,0.347,13191500400.0,2026-07-31,fmp:company-screener,2026-08-01T02:02:06.715478+00:00
TRMB,Trimble Inc.,NASDAQ,common_stock,False,1990-07-20,Technology,"Hardware, Equipment & Parts",US,233111518.9996465,1.383,13189449745.0,2026-07-31,fmp:company-screener,2026-08-01T02:02:06.715478+00:00
ALGN,"Align Technology, Inc.",NASDAQ,common_stock,False,2001-01-30,Healthcare,Medical - Devices,US,71618126.9981083,1.669,12114922363.0,2026-07-31,fmp:company-screener,2026-08-01T02:02:06.715478+00:00
CSGP,"CoStar Group, Inc.",NASDAQ,common_stock,False,1998-07-01,Real Estate,Real Estate - Services,US,405198000.0,0.735,11653494480.0,2026-07-31,fmp:company-screener,2026-08-01T02:02:06.715478+00:00
DPZ,"Domino's Pizza, Inc.",NASDAQ,common_stock,False,2004-07-13,Consumer Cyclical,Restaurants,US,33081734.99884872,0.975,11493918008.0,2026-07-31,fmp:company-screener,2026-08-01T02:02:06.715478+00:00
PODD,Insulet Corp.,NASDAQ,common_stock,False,2007-05-15,Healthcare,Medical - Devices,US,69264674.00060478,1.111,11452913846.0,2026-07-31,fmp:company-screener,2026-08-01T02:02:06.715478+00:00
TECH,Bio-Techne Corporation,NASDAQ,common_stock,False,1989-02-09,Healthcare,Biotechnology,US,156569000.0,1.289,11287059210.0,2026-07-31,fmp:company-screener,2026-08-01T02:02:06.715478+00:00
ERIE,Erie Indemnity Company,NASDAQ,common_stock,False,1995-10-02,Financial Services,Insurance - Property & Casualty,US,46189100.0,0.28587502,11179609764.0,2026-07-31,fmp:company-screener,2026-08-01T02:02:06.715478+00:00
JKHY,"Jack Henry & Associates, Inc.",NASDAQ,common_stock,False,1985-11-20,Technology,Information Technology Services,US,71050800.0,0.571,10944665232.0,2026-07-31,fmp:company-screener,2026-08-01T02:02:06.715478+00:00
WYNN,"Wynn Resorts, Limited",NASDAQ,common_stock,False,2002-10-25,Consumer Cyclical,"Gambling, Resorts & Casinos",US,103787000.0,0.988,10307086970.0,2026-07-31,fmp:company-screener,2026-08-01T02:02:06.715478+00:00
HSIC,"Henry Schein, Inc.",NASDAQ,common_stock,False,1995-11-03,Healthcare,Medical - Distribution,US,113917000.0,0.806,9768382750.0,2026-07-31,fmp:company-screener,2026-08-01T02:02:06.715478+00:00
SWKS,"Skyworks Solutions, Inc.",NASDAQ,common_stock,False,1984-09-07,Technology,Semiconductors,US,150472782.00064227,1.497,9371444863.0,2026-07-31,fmp:company-screener,2026-08-01T02:02:06.715478+00:00
PSKY,Paramount Skydance Corporation Class B Common Stock,NASDAQ,common_stock,False,2005-12-05,Communication Services,Entertainment,US,1087672970.9798994,1.447,8657876849.0,2026-07-31,fmp:company-screener,2026-08-01T02:02:06.715478+00:00
TTD,"The Trade Desk, Inc.",NASDAQ,common_stock,False,2016-09-21,Technology,Software - Services,US,470108372.0066519,1.04,8480755031.0,2026-07-31,fmp:company-screener,2026-08-01T02:02:06.715478+00:00
