ticker,name,exchange,security_type,is_adr,listing_date,sector,industry,country,shares_outstanding,beta,market_cap_hint,as_of,source,fetched_at
LLY,Eli Lilly and Company,NYSE,common_stock,False,1972-06-01,Healthcare,Drug Manufacturers - General,US,941741000.0000001,0.506,1104530349260.0,2026-08-28,fmp:company-screener,2026-08-29T04:55:10.177264+00:00
BRK-B,Berkshire Hathaway Inc.,NYSE,common_stock,False,1996-05-09,Financial Services,Insurance - Diversified,US,2156853595.0,0.615,1089211065475.0,2026-08-28,fmp:company-screener,2026-08-29T04:55:10.177264+00:00
JPM,JPMorgan Chase & Co.,NYSE,common_stock,False,1980-03-17,Financial Services,Banks - Diversified,US,2679510000.0,0.977,958246366200.0,2026-08-28,fmp:company-screener,2026-08-29T04:55:10.177264+00:00
V,Visa Inc.,NYSE,common_stock,False,2008-03-19,Financial Services,Financial - Credit Services,US,1867047211.001048,0.759,712465215718.0,2026-08-28,fmp:company-screener,2026-08-29T04:55:10.177264+00:00
XOM,Exxon Mobil Corporation,NYSE,common_stock,False,1978-01-13,Energy,Oil & Gas Integrated,US,4144460000.0000005,0.162,649436882000.0,2026-08-28,fmp:company-screener,2026-08-29T04:55:10.177264+00:00
JNJ,Johnson & Johnson,NYSE,common_stock,False,1962-01-02,Healthcare,Drug Manufacturers - General,US,2409898416.001343,0.231,645949171425.0,2026-08-28,fmp:company-screener,2026-08-29T04:55:10.177264+00:00
MA,Mastercard Incorporated,NYSE,common_stock,False,2006-05-25,Financial Services,Financial - Credit Services,US,877036000.0000001,0.735,522099530800.0,2026-08-28,fmp:company-screener,2026-08-29T04:55:10.177264+00:00
ABBV,AbbVie Inc.,NYSE,common_stock,False,2013-01-02,Healthcare,Drug Manufacturers - General,US,1766792820.999687,0.28,451380229909.0,2026-08-28,fmp:company-screener,2026-08-29T04:55:10.177264+00:00
BAC,Bank of America Corporation,NYSE,common_stock,False,1973-02-21,Financial Services,Banks - Diversified,US,7096590000.0,1.168,442259488800.0,2026-08-28,fmp:company-screener,2026-08-29T04:55:10.177264+00:00
ORCL,Oracle Corporation,NYSE,common_stock,False,1986-03-12,Technology,Software - Infrastructure,US,2880470000.0,1.718,434144438400.0,2026-08-28,fmp:company-screener,2026-08-29T04:55:10.177264+00:00
CVX,Chevron Corporation,NYSE,common_stock,False,1921-06-24,Energy,Oil & Gas Integrated,US,1991600000.0,0.488,402064208000.0,2026-08-28,fmp:company-screener,2026-08-29T04:55:10.177264+00:00
KO,The Coca-Cola Company,NYSE,common_stock,False,1962-01-02,Consumer Defensive,Beverages - Non-Alcoholic,US,4302548933.995092,0.342,385766537422.0,2026-08-28,fmp:company-screener,2026-08-29T04:55:10.177264+00:00
CAT,Caterpillar Inc.,NYSE,common_stock,False,1929-12-02,Industrials,Agricultural - Machinery,US,460637000.0,1.605,368624759250.0,2026-08-28,fmp:company-screener,2026-08-29T04:55:10.177264+00:00
MRK,"Merck & Co., Inc.",NYSE,common_stock,False,1978-01-13,Healthcare,Drug Manufacturers - General,US,2469820000.0,0.211,366175513200.0,2026-08-28,fmp:company-screener,2026-08-29T04:55:10.177264+00:00
UNH,UnitedHealth Group Incorporated,NYSE,common_stock,False,1984-10-17,Healthcare,Medical - Healthcare Plans,US,908144404.000509,0.632,356855343552.0,2026-08-28,fmp:company-screener,2026-08-29T04:55:10.177264+00:00
GE,GE Aerospace,NYSE,spac,False,1962-01-02,Industrials,Aerospace & Defense,US,1037562513.0013428,1.366,355448165704.0,2026-08-28,fmp:company-screener,2026-08-29T04:55:10.177264+00:00
PG,The Procter & Gamble Company,NYSE,common_stock,False,1978-01-13,Consumer Defensive,Household & Personal Products,US,2377208936.9991655,0.377,341747556783.0,2026-08-28,fmp:company-screener,2026-08-29T04:55:10.177264+00:00
MS,Morgan Stanley,NYSE,common_stock,False,1993-02-23,Financial Services,Financial - Capital Markets,US,1577280000.0,1.209,338747693760.0,2026-08-28,fmp:company-screener,2026-08-29T04:55:10.177264+00:00
HD,"The Home Depot, Inc.",NYSE,common_stock,False,1981-09-22,Consumer Cyclical,Home Improvement,US,997117000.0,0.959,329238062230.0,2026-08-28,fmp:company-screener,2026-08-29T04:55:10.177264+00:00
GS,"The Goldman Sachs Group, Inc.",NYSE,common_stock,False,1999-05-04,Financial Services,Financial - Capital Markets,US,295007000.0,1.288,305034287930.0,2026-08-28,fmp:company-screener,2026-08-29T04:55:10.177264+00:00
DELL,Dell Technologies Inc.,NYSE,common_stock,False,2016-08-17,Technology,Computer Hardware,US,664250943.0009872,1.401,302798792367.0,2026-08-28,fmp:company-screener,2026-08-29T04:55:10.177264+00:00
PM,Philip Morris International Inc.,NYSE,common_stock,False,2008-03-17,Consumer Defensive,Tobacco,US,1558610000.0,0.4,299081672900.0,2026-08-28,fmp:company-screener,2026-08-29T04:55:10.177264+00:00
RTX,RTX Corporation,NYSE,common_stock,False,1952-09-15,Industrials,Aerospace & Defense,US,1347758101.0013697,0.294,285333867563.0,2026-08-28,fmp:company-screener,2026-08-29T04:55:10.177264+00:00
WFC,Wells Fargo & Company,NYSE,common_stock,False,1972-06-01,Financial Services,Banks - Diversified,US,3024000000.0,0.92,262120320000.0,2026-08-28,fmp:company-screener,2026-08-29T04:55:10.177264+00:00
ANET,"Arista Networks, Inc.",NYSE,common_stock,False,2014-06-06,Technology,Computer Hardware,US,1259169437.997748,1.615,246016524796.0,2026-08-28,fmp:company-screener,2026-08-29T04:55:10.177264+00:00
GEV,GE Vernova Inc.,NYSE,common_stock,False,2024-03-27,Industrials,Industrial - Machinery,US,266333600.0,0.935,242877599848.0,2026-08-28,fmp:company-screener,2026-08-29T04:55:10.177264+00:00
TMO,Thermo Fisher Scientific Inc.,NYSE,common_stock,False,1980-03-17,Healthcare,Medical - Diagnostics & Research,US,371621000.00000006,0.847,231215153780.0,2026-08-28,fmp:company-screener,2026-08-29T04:55:10.177264+00:00
C,Citigroup Inc.,NYSE,common_stock,False,1977-01-03,Financial Services,Banks - Diversified,US,1714910000.0,1.102,227808644400.0,2026-08-28,fmp:company-screener,2026-08-29T04:55:10.177264+00:00
AXP,American Express Company,NYSE,common_stock,False,1972-06-01,Financial Services,Financial - Credit Services,US,675310000.0,1.055,225013292000.0,2026-08-28,fmp:company-screener,2026-08-29T04:55:10.177264+00:00
IBM,International Business Machines Corporation,NYSE,common_stock,False,1915-09-24,Technology,Information Technology Services,US,942134000.0,0.705,221957349060.0,2026-08-28,fmp:company-screener,2026-08-29T04:55:10.177264+00:00
CRM,"Salesforce, Inc.",NYSE,common_stock,False,2004-06-23,Technology,Software - Application,US,819000000.0,1.152,209664000000.0,2026-08-28,fmp:company-screener,2026-08-29T04:55:10.177264+00:00
VZ,Verizon Communications Inc.,NYSE,common_stock,False,1983-11-21,Communication Services,Telecommunications Services,US,4175560000.0,0.231,209195556000.0,2026-08-28,fmp:company-screener,2026-08-29T04:55:10.177264+00:00
ABT,Abbott Laboratories,NYSE,common_stock,False,1980-03-17,Healthcare,Medical - Devices,US,1730383372.0014226,0.581,194616217849.0,2026-08-28,fmp:company-screener,2026-08-29T04:55:10.177264+00:00
APH,Amphenol Corporation,NYSE,common_stock,False,1991-11-08,Technology,"Hardware, Equipment & Parts",US,1232980000.0,1.251,194490265200.0,2026-08-28,fmp:company-screener,2026-08-29T04:55:10.177264+00:00
SCHW,The Charles Schwab Corporation,NYSE,common_stock,False,1987-09-22,Financial Services,Financial - Capital Markets,US,1739140000.0,0.75,191583662400.0,2026-08-28,fmp:company-screener,2026-08-29T04:55:10.177264+00:00
MCD,McDonald's Corporation,NYSE,common_stock,False,1965-04-21,Consumer Cyclical,Restaurants,US,710506000.0,0.419,188284090000.0,2026-08-28,fmp:company-screener,2026-08-29T04:55:10.177264+00:00
DIS,The Walt Disney Company,NYSE,common_stock,False,1957-11-12,Communication Services,Entertainment,US,1736510000.0,1.395,187716731000.0,2026-08-28,fmp:company-screener,2026-08-29T04:55:10.177264+00:00
UNP,Union Pacific Corporation,NYSE,common_stock,False,1980-01-02,Industrials,Railroads,US,594075497.9994144,0.965,182624748840.0,2026-08-28,fmp:company-screener,2026-08-29T04:55:10.177264+00:00
BLK,"BlackRock, Inc.",NYSE,common_stock,False,1999-10-01,Financial Services,Asset Management,US,154995000.0,1.425,180488577600.0,2026-08-28,fmp:company-screener,2026-08-29T04:55:10.177264+00:00
T,AT&T Inc.,NYSE,common_stock,False,1983-11-21,Communication Services,Telecommunications Services,US,6852390000.0,0.417,178162140000.0,2026-08-28,fmp:company-screener,2026-08-29T04:55:10.177264+00:00
BX,Blackstone Inc.,NYSE,common_stock,False,2007-06-22,Financial Services,Asset Management,US,1207992819.998595,1.546,171969857855.0,2026-08-28,fmp:company-screener,2026-08-29T04:55:10.177264+00:00
WELL,Welltower Inc.,NYSE,common_stock,False,1980-03-19,Real Estate,REIT - Healthcare Facilities,US,720572011.0009245,0.763,171481727178.0,2026-08-28,fmp:company-screener,2026-08-29T04:55:10.177264+00:00
NEE,"NextEra Energy, Inc.",NYSE,common_stock,False,2014-06-19,Utilities,Regulated Electric,US,2085978194.0004888,0.653,170716455397.0,2026-08-28,fmp:company-screener,2026-08-29T04:55:10.177264+00:00
DE,Deere & Company,NYSE,common_stock,False,1972-06-01,Industrials,Agricultural - Machinery,US,269937424.9996034,0.901,170149657100.0,2026-08-28,fmp:company-screener,2026-08-29T04:55:10.177264+00:00
BA,The Boeing Company,NYSE,common_stock,False,1962-01-02,Industrials,Aerospace & Defense,US,790370000.0,1.221,165835433400.0,2026-08-28,fmp:company-screener,2026-08-29T04:55:10.177264+00:00
UBER,"Uber Technologies, Inc.",NYSE,common_stock,False,2019-05-10,Technology,Software - Application,US,2035599013.0043137,1.154,160445914205.0,2026-08-28,fmp:company-screener,2026-08-29T04:55:10.177264+00:00
PFE,Pfizer Inc.,NYSE,common_stock,False,1972-06-01,Healthcare,Drug Manufacturers - General,US,5699440000.0,0.28,159356342400.0,2026-08-28,fmp:company-screener,2026-08-29T04:55:10.177264+00:00
COP,ConocoPhillips,NYSE,common_stock,False,1981-12-31,Energy,Oil & Gas Exploration & Production,US,1218294006.9965477,0.123,158804623812.0,2026-08-28,fmp:company-screener,2026-08-29T04:55:10.177264+00:00
ETN,Eaton Corporation plc,NYSE,common_stock,True,1972-06-01,Industrials,Electrical Equipment & Parts,IE,388300000.0,1.177,156399474000.0,2026-08-28,fmp:company-screener,2026-08-29T04:55:10.177264+00:00
DHR,Danaher Corporation,NYSE,common_stock,False,1978-12-29,Healthcare,Medical - Diagnostics & Research,US,702986054.0010182,0.796,151894196688.0,2026-08-28,fmp:company-screener,2026-08-29T04:55:10.177264+00:00
NOW,"ServiceNow, Inc.",NYSE,common_stock,False,2012-06-29,Technology,Software - Application,US,1033862000.0,0.93,149610170020.0,2026-08-28,fmp:company-screener,2026-08-29T04:55:10.177264+00:00
TJX,"The TJX Companies, Inc.",NYSE,common_stock,False,1987-06-26,Consumer Cyclical,Apparel - Retail,US,1104704445.9967442,0.616,149289758832.0,2026-08-28,fmp:company-screener,2026-08-29T04:55:10.177264+00:00
BMY,Bristol-Myers Squibb Company,NYSE,common_stock,False,1972-06-01,Healthcare,Drug Manufacturers - General,US,2042710000.0,0.225,136003631800.0,2026-08-28,fmp:company-screener,2026-08-29T04:55:10.177264+00:00
NEM,Newmont Corporation,NYSE,common_stock,False,1980-03-17,Basic Materials,Gold,US,1053692271.0032817,0.5,134851536843.0,2026-08-28,fmp:company-screener,2026-08-29T04:55:10.177264+00:00
COF,Capital One Financial Corporation,NYSE,common_stock,False,1994-11-16,Financial Services,Financial - Credit Services,US,613485000.0,1.016,132310309950.0,2026-08-28,fmp:company-screener,2026-08-29T04:55:10.177264+00:00
PLD,"Prologis, Inc.",NYSE,common_stock,False,1997-11-21,Real Estate,REIT - Industrial,US,933075999.9999999,1.324,131321116240.0,2026-08-28,fmp:company-screener,2026-08-29T04:55:10.177264+00:00
CB,Chubb Limited,NYSE,common_stock,True,1993-03-25,Financial Services,Insurance - Property & Casualty,CH,385800000.0,0.389,131141136000.0,2026-08-28,fmp:company-screener,2026-08-29T04:55:10.177264+00:00
SPGI,S&P Global Inc.,NYSE,common_stock,False,1973-02-21,Financial Services,Financial - Data & Stock Exchanges,US,294800000.0,1.072,130563972000.0,2026-08-28,fmp:company-screener,2026-08-29T04:55:10.177264+00:00
LMT,Lockheed Martin Corporation,NYSE,common_stock,False,1977-01-03,Industrials,Aerospace & Defense,US,230791000.0,0.11,130131505350.0,2026-08-28,fmp:company-screener,2026-08-29T04:55:10.177264+00:00
GLW,Corning Inc,NYSE,common_stock,False,1981-12-31,Technology,"Hardware, Equipment & Parts",US,861388000.0,1.148,128234831560.0,2026-08-28,fmp:company-screener,2026-08-29T04:55:10.177264+00:00
PGR,The Progressive Corporation,NYSE,common_stock,False,1980-03-17,Financial Services,Insurance - Property & Casualty,US,581400000.0,0.257,127117296000.0,2026-08-28,fmp:company-screener,2026-08-29T04:55:10.177264+00:00
SYK,Stryker Corporation,NYSE,common_stock,False,1980-03-17,Healthcare,Medical - Devices,US,383360762.0006653,0.771,126773570386.0,2026-08-28,fmp:company-screener,2026-08-29T04:55:10.177264+00:00
PH,Parker-Hannifin Corporation,NYSE,common_stock,False,1980-03-17,Industrials,Industrial - Machinery,US,126086389.0002211,1.128,125458478783.0,2026-08-28,fmp:company-screener,2026-08-29T04:55:10.177264+00:00
CVS,CVS Health Corp.,NYSE,common_stock,False,1973-02-21,Healthcare,Medical - Healthcare Plans,US,1275930000.0,0.596,118738045800.0,2026-08-28,fmp:company-screener,2026-08-29T04:55:10.177264+00:00
MDT,Medtronic plc,NYSE,common_stock,True,1973-05-02,Healthcare,Medical - Devices,IE,1280050000.0,0.566,116778961500.0,2026-08-28,fmp:company-screener,2026-08-29T04:55:10.177264+00:00
LOW,"Lowe's Companies, Inc.",NYSE,common_stock,False,1980-03-17,Consumer Cyclical,Home Improvement,US,560707000.0,0.851,116655091350.0,2026-08-28,fmp:company-screener,2026-08-29T04:55:10.177264+00:00
ACN,Accenture plc,NYSE,common_stock,True,2001-07-19,Technology,Information Technology Services,IE,611942108.9974157,1.074,116030343287.0,2026-08-28,fmp:company-screener,2026-08-29T04:55:10.177264+00:00
MO,"Altria Group, Inc.",NYSE,common_stock,False,1985-07-01,Consumer Defensive,Tobacco,US,1669743961.005098,0.495,114627922923.0,2026-08-28,fmp:company-screener,2026-08-29T04:55:10.177264+00:00
BNY,Bank of New York Mellon Corp,NYSE,common_stock,False,2007-07-01,Financial Services,Investment - Banking & Investment Services,US,686379000.0,1.049,111536587500.0,2026-08-28,fmp:company-screener,2026-08-29T04:55:10.177264+00:00
FCX,Freeport-McMoRan Inc.,NYSE,common_stock,False,1995-07-10,Basic Materials,Copper,US,1437560000.0,1.379,109915837600.0,2026-08-28,fmp:company-screener,2026-08-29T04:55:10.177264+00:00
MPC,Marathon Petroleum Corporation,NYSE,common_stock,False,2011-06-24,Energy,Oil & Gas Refining & Marketing,US,291937000.0,0.508,107675123710.0,2026-08-28,fmp:company-screener,2026-08-29T04:55:10.177264+00:00
HWM,Howmet Aerospace Inc.,NYSE,spac,False,2016-11-01,Industrials,Aerospace & Defense,US,400107483.00169903,1.212,105968466873.0,2026-08-28,fmp:company-screener,2026-08-29T04:55:10.177264+00:00
MCK,McKesson Corporation,NYSE,common_stock,False,1994-11-10,Healthcare,Medical - Distribution,US,117078000.0,0.307,104596314420.0,2026-08-28,fmp:company-screener,2026-08-29T04:55:10.177264+00:00
GD,General Dynamics Corporation,NYSE,common_stock,False,1978-01-13,Industrials,Aerospace & Defense,US,270557000.0,0.328,102627681240.0,2026-08-28,fmp:company-screener,2026-08-29T04:55:10.177264+00:00
SO,The Southern Company,NYSE,common_stock,False,1981-12-31,Utilities,Regulated Electric,US,1150360000.0,0.327,101519270000.0,2026-08-28,fmp:company-screener,2026-08-29T04:55:10.177264+00:00
VLO,Valero Energy Corporation,NYSE,common_stock,False,1982-01-04,Energy,Oil & Gas Refining & Marketing,US,287927461.9990918,0.554,101454120510.0,2026-08-28,fmp:company-screener,2026-08-29T04:55:10.177264+00:00
VRT,Vertiv Holdings Co,NYSE,common_stock,False,2018-08-02,Industrials,Electrical Equipment & Parts,US,384988000.0,2.063,98972715040.0,2026-08-28,fmp:company-screener,2026-08-29T04:55:10.177264+00:00
TT,Trane Technologies plc,NYSE,common_stock,True,1980-03-17,Industrials,Industrial - Machinery,IE,220023183.00071278,1.205,98781608240.0,2026-08-28,fmp:company-screener,2026-08-29T04:55:10.177264+00:00
PSX,Phillips 66,NYSE,common_stock,False,2012-04-12,Energy,Oil & Gas Refining & Marketing,US,400935019.9991804,0.687,97832154230.0,2026-08-28,fmp:company-screener,2026-08-29T04:55:10.177264+00:00
KKR,KKR & Co. Inc.,NYSE,common_stock,False,2010-07-15,Financial Services,Asset Management,US,897872941.0011041,1.786,97580831228.0,2026-08-28,fmp:company-screener,2026-08-29T04:55:10.177264+00:00
USB,U.S. Bancorp,NYSE,common_stock,False,1973-05-03,Financial Services,Banks - Diversified,US,1557731727.997439,0.977,97311501048.0,2026-08-28,fmp:company-screener,2026-08-29T04:55:10.177264+00:00
PNC,"The PNC Financial Services Group, Inc.",NYSE,common_stock,False,1975-11-17,Financial Services,Banks - Regional,US,399000000.0,0.898,96645780000.0,2026-08-28,fmp:company-screener,2026-08-29T04:55:10.177264+00:00
DUK,Duke Energy Corporation,NYSE,common_stock,False,1980-03-17,Utilities,Regulated Electric,US,779596000.0,0.371,93746419000.0,2026-08-28,fmp:company-screener,2026-08-29T04:55:10.177264+00:00
MRSH,"Marsh & McLennan Companies, Inc.",NYSE,common_stock,False,1987-12-30,Financial Services,Insurance - Brokers,US,477211268.0024917,0.579,91929978668.0,2026-08-28,fmp:company-screener,2026-08-29T04:55:10.177264+00:00
ICE,"Intercontinental Exchange, Inc.",NYSE,common_stock,False,2005-11-16,Financial Services,Financial - Data & Stock Exchanges,US,561395000.0,0.93,91131250350.0,2026-08-28,fmp:company-screener,2026-08-29T04:55:10.177264+00:00
PWR,"Quanta Services, Inc.",NYSE,common_stock,False,1998-02-12,Industrials,Engineering & Construction,US,150343000.0,1.219,90611726100.0,2026-08-28,fmp:company-screener,2026-08-29T04:55:10.177264+00:00
HCA,"HCA Healthcare, Inc.",NYSE,common_stock,False,2011-03-10,Healthcare,Medical - Care Facilities,US,216501502.00086161,1.109,90458657566.0,2026-08-28,fmp:company-screener,2026-08-29T04:55:10.177264+00:00
WMB,"The Williams Companies, Inc.",NYSE,common_stock,False,1981-12-31,Energy,Oil & Gas Midstream,US,1223167472.0059676,0.615,90184137711.0,2026-08-28,fmp:company-screener,2026-08-29T04:55:10.177264+00:00
MMM,3M Company,NYSE,common_stock,False,1946-01-14,Industrials,Conglomerates,US,515722417.0012619,1.08,89911046180.0,2026-08-28,fmp:company-screener,2026-08-29T04:55:10.177264+00:00
UPS,"United Parcel Service, Inc.",NYSE,common_stock,False,1999-11-10,Industrials,Integrated Freight & Logistics,US,849502165.9988607,1.038,89469568123.0,2026-08-28,fmp:company-screener,2026-08-29T04:55:10.177264+00:00
MCO,Moody's Corporation,NYSE,common_stock,False,1994-10-31,Financial Services,Financial - Data & Stock Exchanges,US,173199999.99999997,1.33,89189340000.0,2026-08-28,fmp:company-screener,2026-08-29T04:55:10.177264+00:00
WM,"Waste Management, Inc.",NYSE,common_stock,False,1988-06-22,Industrials,Waste Management,US,399715183.9979969,0.437,87801437317.0,2026-08-28,fmp:company-screener,2026-08-29T04:55:10.177264+00:00
EMR,Emerson Electric Co.,NYSE,common_stock,False,1972-06-01,Industrials,Industrial - Machinery,US,560100000.0,1.235,86927520000.0,2026-08-28,fmp:company-screener,2026-08-29T04:55:10.177264+00:00
ELV,Elevance Health Inc.,NYSE,common_stock,False,2001-10-30,Healthcare,Medical - Healthcare Plans,US,216869290.00076059,0.692,85539754055.0,2026-08-28,fmp:company-screener,2026-08-29T04:55:10.177264+00:00
SLB,Slb N.V.,NYSE,common_stock,False,1981-12-31,Energy,Oil & Gas Equipment & Services,US,1484143267.992325,0.749,85085933554.0,2026-08-28,fmp:company-screener,2026-08-29T04:55:10.177264+00:00
JCI,Johnson Controls International plc,NYSE,common_stock,True,1987-09-28,Basic Materials,Construction Materials,IE,605741469.9978508,1.317,84555451797.0,2026-08-28,fmp:company-screener,2026-08-29T04:55:10.177264+00:00
SHW,The Sherwin-Williams Company,NYSE,common_stock,False,1980-03-17,Basic Materials,Chemicals - Specialty,US,242758151.00040594,1.093,83717575954.0,2026-08-28,fmp:company-screener,2026-08-29T04:55:10.177264+00:00
AMT,American Tower Corporation,NYSE,common_stock,False,1998-02-27,Real Estate,REIT - Specialty,US,465960000.0,0.894,82116130800.0,2026-08-28,fmp:company-screener,2026-08-29T04:55:10.177264+00:00
CVNA,Carvana Co.,NYSE,common_stock,False,2017-04-28,Consumer Cyclical,Auto - Dealerships,US,1096835667.0043218,3.488,81209712785.0,2026-08-28,fmp:company-screener,2026-08-29T04:55:10.177264+00:00
ECL,Ecolab Inc.,NYSE,common_stock,False,1973-02-21,Basic Materials,Chemicals - Specialty,US,281438000.0,0.89,80702346500.0,2026-08-28,fmp:company-screener,2026-08-29T04:55:10.177264+00:00
MSI,"Motorola Solutions, Inc.",NYSE,common_stock,False,1980-03-17,Technology,Communication Equipment,US,165996000.0,0.87,80674056000.0,2026-08-28,fmp:company-screener,2026-08-29T04:55:10.177264+00:00
ITW,Illinois Tool Works Inc.,NYSE,common_stock,False,1973-03-13,Industrials,Industrial - Machinery,US,287700000.0,1.005,80584770000.0,2026-08-28,fmp:company-screener,2026-08-29T04:55:10.177264+00:00
NSC,Norfolk Southern Corporation,NYSE,common_stock,False,1982-06-02,Industrials,Railroads,US,224608000.0,1.269,78316317440.0,2026-08-28,fmp:company-screener,2026-08-29T04:55:10.177264+00:00
FDX,FedEx Corporation,NYSE,common_stock,False,1978-04-12,Industrials,Integrated Freight & Logistics,US,236581187.99867022,1.36,78279983485.0,2026-08-28,fmp:company-screener,2026-08-29T04:55:10.177264+00:00
GM,General Motors Company,NYSE,common_stock,False,2010-11-18,Consumer Cyclical,Auto - Manufacturers,US,904451540.9991887,1.329,78027034442.0,2026-08-28,fmp:company-screener,2026-08-29T04:55:10.177264+00:00
CMI,Cummins Inc.,NYSE,common_stock,False,1947-10-03,Industrials,Industrial - Machinery,US,137989000.0,1.246,77943086650.0,2026-08-28,fmp:company-screener,2026-08-29T04:55:10.177264+00:00
APO,"Apollo Global Management, Inc.",NYSE,common_stock,False,2011-03-30,Financial Services,Asset Management,US,575971791.0026659,1.508,77779230657.0,2026-08-28,fmp:company-screener,2026-08-29T04:55:10.177264+00:00
NOC,Northrop Grumman Corporation,NYSE,common_stock,False,1981-12-31,Industrials,Aerospace & Defense,US,142063000.0,-0.108,77505310910.0,2026-08-28,fmp:company-screener,2026-08-29T04:55:10.177264+00:00
TRV,"The Travelers Companies, Inc.",NYSE,common_stock,False,1975-11-17,Financial Services,Insurance - Property & Casualty,US,208575022.0005407,0.457,77151900638.0,2026-08-28,fmp:company-screener,2026-08-29T04:55:10.177264+00:00
EOG,"EOG Resources, Inc.",NYSE,common_stock,False,1989-10-04,Energy,Oil & Gas Exploration & Production,US,532629000.0,0.278,76352367150.0,2026-08-28,fmp:company-screener,2026-08-29T04:55:10.177264+00:00
AON,Aon plc,NYSE,common_stock,True,1980-06-01,Financial Services,Insurance - Brokers,IE,212125434.0011255,0.676,75389379244.0,2026-08-28,fmp:company-screener,2026-08-29T04:55:10.177264+00:00
RCL,Royal Caribbean Cruises Ltd.,NYSE,common_stock,False,1993-04-28,Consumer Cyclical,Travel Services,US,268194999.99999997,1.779,74936364950.0,2026-08-28,fmp:company-screener,2026-08-29T04:55:10.177264+00:00
TGT,Target Corporation,NYSE,common_stock,False,1967-10-18,Consumer Defensive,Discount Stores,US,454191000.00000006,0.973,74096719740.0,2026-08-28,fmp:company-screener,2026-08-29T04:55:10.177264+00:00
CI,Cigna Corporation,NYSE,common_stock,False,1982-03-31,Healthcare,Medical - Healthcare Plans,US,264240486.00114745,0.321,73691386736.0,2026-08-28,fmp:company-screener,2026-08-29T04:55:10.177264+00:00
CL,Colgate-Palmolive Company,NYSE,common_stock,False,1973-05-02,Consumer Defensive,Household & Personal Products,US,800189000.0,0.327,72617151750.0,2026-08-28,fmp:company-screener,2026-08-29T04:55:10.177264+00:00
HLT,Hilton Worldwide Holdings Inc.,NYSE,common_stock,False,2013-12-12,Consumer Cyclical,Travel Lodging,US,225064999.99999997,1.063,72437170250.0,2026-08-28,fmp:company-screener,2026-08-29T04:55:10.177264+00:00
KMI,"Kinder Morgan, Inc.",NYSE,common_stock,False,2011-02-11,Energy,Oil & Gas Midstream,US,2226800000.0,0.554,70277808000.0,2026-08-28,fmp:company-screener,2026-08-29T04:55:10.177264+00:00
BSX,Boston Scientific Corporation,NYSE,common_stock,False,1992-05-19,Healthcare,Medical - Devices,US,1486360000.0,0.566,69621102400.0,2026-08-28,fmp:company-screener,2026-08-29T04:55:10.177264+00:00
SPG,"Simon Property Group, Inc.",NYSE,common_stock,False,1993-12-14,Real Estate,REIT - Retail,US,324282000.0,1.326,69577945920.0,2026-08-28,fmp:company-screener,2026-08-29T04:55:10.177264+00:00
HPE,Hewlett Packard Enterprise Company,NYSE,common_stock,False,2015-10-19,Technology,Computer Hardware,US,1324203520.994264,1.436,69255844148.0,2026-08-28,fmp:company-screener,2026-08-29T04:55:10.177264+00:00
AJG,Arthur J. Gallagher & Co.,NYSE,common_stock,False,1984-06-20,Financial Services,Insurance - Brokers,US,256899998.9983555,0.502,68736163732.0,2026-08-28,fmp:company-screener,2026-08-29T04:55:10.177264+00:00
DLR,"Digital Realty Trust, Inc.",NYSE,common_stock,False,2004-10-29,Real Estate,REIT - Specialty,US,369976002.00032353,1.042,68619449091.0,2026-08-28,fmp:company-screener,2026-08-29T04:55:10.177264+00:00
APD,"Air Products and Chemicals, Inc.",NYSE,common_stock,False,1980-03-17,Basic Materials,Chemicals - Specialty,US,222685530.00097376,0.75,68607184938.0,2026-08-28,fmp:company-screener,2026-08-29T04:55:10.177264+00:00
RSG,"Republic Services, Inc.",NYSE,common_stock,False,1998-07-01,Industrials,Waste Management,US,307664000.0,0.396,68335251040.0,2026-08-28,fmp:company-screener,2026-08-29T04:55:10.177264+00:00
ALL,The Allstate Corporation,NYSE,common_stock,False,1993-06-03,Financial Services,Insurance - Property & Casualty,US,257421000.00000003,0.156,67078764180.0,2026-08-28,fmp:company-screener,2026-08-29T04:55:10.177264+00:00
TDG,TransDigm Group Incorporated,NYSE,common_stock,False,2006-03-15,Industrials,Aerospace & Defense,US,55933600.0,0.906,66335571592.0,2026-08-28,fmp:company-screener,2026-08-29T04:55:10.177264+00:00
URI,"United Rentals, Inc.",NYSE,common_stock,False,1997-12-18,Industrials,Rental & Leasing Services,US,62242500.0,1.799,64125335625.0,2026-08-28,fmp:company-screener,2026-08-29T04:55:10.177264+00:00
CRH,CRH plc,NYSE,common_stock,True,1989-07-13,Basic Materials,Construction Materials,IE,668200200.0,1.204,64053671172.0,2026-08-28,fmp:company-screener,2026-08-29T04:55:10.177264+00:00
TFC,Truist Financial Corporation,NYSE,common_stock,False,1980-03-18,Financial Services,Banks - Regional,US,1245880000.0,0.87,62829728400.0,2026-08-28,fmp:company-screener,2026-08-29T04:55:10.177264+00:00
COR,"Cencora, Inc.",NYSE,common_stock,False,1995-04-04,Healthcare,Medical - Distribution,US,194561060.00062108,0.573,62654498152.0,2026-08-28,fmp:company-screener,2026-08-29T04:55:10.177264+00:00
MET,"MetLife, Inc.",NYSE,common_stock,False,2000-04-05,Financial Services,Insurance - Life,US,643436778.9969951,0.763,62098083541.0,2026-08-28,fmp:company-screener,2026-08-29T04:55:10.177264+00:00
TRGP,Targa Resources Corp.,NYSE,common_stock,False,2010-12-07,Energy,Oil & Gas Midstream,US,214644000.0,0.716,61778836080.0,2026-08-28,fmp:company-screener,2026-08-29T04:55:10.177264+00:00
GWW,"W.W. Grainger, Inc.",NYSE,common_stock,False,1973-02-21,Industrials,Industrial - Distribution,US,47213100.0,1.047,61674472530.0,2026-08-28,fmp:company-screener,2026-08-29T04:55:10.177264+00:00
OKE,"ONEOK, Inc.",NYSE,common_stock,False,1980-10-01,Energy,Oil & Gas Midstream,US,630147000.0,0.715,59712729720.0,2026-08-28,fmp:company-screener,2026-08-29T04:55:10.177264+00:00
AFL,Aflac Incorporated,NYSE,common_stock,False,1980-03-17,Financial Services,Insurance - Life,US,508985000.0,0.595,59306932200.0,2026-08-28,fmp:company-screener,2026-08-29T04:55:10.177264+00:00
OXY,Occidental Petroleum Corporation,NYSE,common_stock,False,1981-12-31,Energy,Oil & Gas Exploration & Production,US,994634700.998308,0.16,58782910829.0,2026-08-28,fmp:company-screener,2026-08-29T04:55:10.177264+00:00
TEL,TE Connectivity plc,NYSE,common_stock,True,2007-06-14,Technology,Semiconductors,IE,289940672.0023685,1.162,58759376588.0,2026-08-28,fmp:company-screener,2026-08-29T04:55:10.177264+00:00
NKE,"NIKE, Inc.",NYSE,common_stock,False,1980-12-02,Consumer Cyclical,Apparel - Footwear & Accessories,US,1479811225.0,1.118,58600524510.0,2026-08-28,fmp:company-screener,2026-08-29T04:55:10.177264+00:00
PSA,Public Storage,NYSE,common_stock,False,1980-11-18,Real Estate,REIT - Industrial,US,186476000.0,0.945,58462090760.0,2026-08-28,fmp:company-screener,2026-08-29T04:55:10.177264+00:00
O,Realty Income Corporation,NYSE,common_stock,False,1994-10-18,Real Estate,REIT - Retail,US,932493000.0,0.72,57795916140.0,2026-08-28,fmp:company-screener,2026-08-29T04:55:10.177264+00:00
D,"Dominion Energy, Inc.",NYSE,common_stock,False,1980-03-17,Utilities,Regulated Electric,US,879525948.992674,0.63,57626540178.0,2026-08-28,fmp:company-screener,2026-08-29T04:55:10.177264+00:00
NUE,Nucor Corporation,NYSE,common_stock,False,1980-03-17,Basic Materials,Steel,US,227741000.0,1.892,57049120500.0,2026-08-28,fmp:company-screener,2026-08-29T04:55:10.177264+00:00
CTVA,"Corteva, Inc.",NYSE,common_stock,False,2019-05-24,Basic Materials,Agricultural Inputs,US,668820000.0,0.569,56113998000.0,2026-08-28,fmp:company-screener,2026-08-29T04:55:10.177264+00:00
F,Ford Motor Company,NYSE,common_stock,False,1972-06-01,Consumer Cyclical,Auto - Manufacturers,US,3987595793.0064893,1.848,55307953649.0,2026-08-28,fmp:company-screener,2026-08-29T04:55:10.177264+00:00
SRE,Sempra,NYSE,common_stock,False,1998-06-29,Utilities,Diversified Utilities,US,653707000.0,0.576,55120574240.0,2026-08-28,fmp:company-screener,2026-08-29T04:55:10.177264+00:00
GRMN,Garmin Ltd.,NYSE,common_stock,True,2000-12-08,Technology,"Hardware, Equipment & Parts",CH,192853000.0,0.874,54999747070.0,2026-08-28,fmp:company-screener,2026-08-29T04:55:10.177264+00:00
CAH,"Cardinal Health, Inc.",NYSE,common_stock,False,1983-08-04,Healthcare,Medical - Distribution,US,234206000.0,0.521,54933017300.0,2026-08-28,fmp:company-screener,2026-08-29T04:55:10.177264+00:00
KEYS,"Keysight Technologies, Inc.",NYSE,common_stock,False,2014-10-20,Technology,"Hardware, Equipment & Parts",US,170895368.000125,1.21,54681390899.0,2026-08-28,fmp:company-screener,2026-08-29T04:55:10.177264+00:00
COHR,"Coherent, Inc.",NYSE,common_stock,False,1987-10-02,Technology,"Hardware, Equipment & Parts",US,195639320.99928367,2.107,54622498423.0,2026-08-28,fmp:company-screener,2026-08-29T04:55:10.177264+00:00
AME,"AMETEK, Inc.",NYSE,common_stock,False,1984-07-19,Industrials,Electrical Equipment & Parts,US,229203000.0,0.997,54149208750.0,2026-08-28,fmp:company-screener,2026-08-29T04:55:10.177264+00:00
CIEN,Ciena Corporation,NYSE,common_stock,False,1997-02-07,Technology,Communication Equipment,US,141552922.00084558,1.315,53569287802.0,2026-08-28,fmp:company-screener,2026-08-29T04:55:10.177264+00:00
STT,State Street Corporation,NYSE,common_stock,False,1980-03-17,Financial Services,Asset Management,US,276767000.0,1.418,53507364110.0,2026-08-28,fmp:company-screener,2026-08-29T04:55:10.177264+00:00
FIX,"Comfort Systems USA, Inc.",NYSE,common_stock,False,1997-06-27,Industrials,Engineering & Construction,US,35194300.0,1.701,53450639239.0,2026-08-28,fmp:company-screener,2026-08-29T04:55:10.177264+00:00
DAL,"Delta Air Lines, Inc.",NYSE,common_stock,False,2007-05-03,Industrials,"Airlines, Airports & Air Services",US,657623000.0,1.311,52655873610.0,2026-08-28,fmp:company-screener,2026-08-29T04:55:10.177264+00:00
BDX,"Becton, Dickinson and Company",NYSE,common_stock,False,1973-02-21,Healthcare,Medical - Instruments & Supplies,US,275540000.0,0.258,52220340800.0,2026-08-28,fmp:company-screener,2026-08-29T04:55:10.177264+00:00
DVN,Devon Energy Corporation,NYSE,common_stock,False,1985-07-22,Energy,Oil & Gas Exploration & Production,US,1100000000.0,0.419,52085000000.0,2026-08-28,fmp:company-screener,2026-08-29T04:55:10.177264+00:00
EW,Edwards Lifesciences Corporation,NYSE,common_stock,False,2000-03-27,Healthcare,Medical - Devices,US,575800000.0,0.846,51942918000.0,2026-08-28,fmp:company-screener,2026-08-29T04:55:10.177264+00:00
AMP,"Ameriprise Financial, Inc.",NYSE,common_stock,False,2005-09-15,Financial Services,Asset Management,US,89897099.99999999,1.137,50281245972.0,2026-08-28,fmp:company-screener,2026-08-29T04:55:10.177264+00:00
XYZ,"Block, Inc.",NYSE,common_stock,False,2015-11-19,Technology,Software - Infrastructure,US,595180971.9995214,2.526,49739273830.0,2026-08-28,fmp:company-screener,2026-08-29T04:55:10.177264+00:00
FITB,Fifth Third Bancorp,NYSE,common_stock,False,1980-03-17,Financial Services,Banks - Regional,US,906312000.0,0.923,49430256480.0,2026-08-28,fmp:company-screener,2026-08-29T04:55:10.177264+00:00
WAB,Westinghouse Air Brake Technologies Corporation,NYSE,common_stock,False,1995-06-16,Industrials,Railroads,US,168911000.0,0.928,49360861530.0,2026-08-28,fmp:company-screener,2026-08-29T04:55:10.177264+00:00
ETR,Entergy Corporation,NYSE,common_stock,False,1972-06-01,Utilities,Regulated Electric,US,466631498.00472814,0.486,49346280914.0,2026-08-28,fmp:company-screener,2026-08-29T04:55:10.177264+00:00
LHX,"L3Harris Technologies, Inc.",NYSE,common_stock,False,1981-12-31,Industrials,Aerospace & Defense,US,186215000.0,0.746,48941026300.0,2026-08-28,fmp:company-screener,2026-08-29T04:55:10.177264+00:00
CMG,"Chipotle Mexican Grill, Inc.",NYSE,common_stock,False,2006-01-26,Consumer Cyclical,Restaurants,US,1282730000.0,0.937,48782221900.0,2026-08-28,fmp:company-screener,2026-08-29T04:55:10.177264+00:00
CARR,Carrier Global Corporation,NYSE,common_stock,False,2020-03-19,Industrials,Industrial - Machinery,US,824325056.9994897,1.309,48462070101.0,2026-08-28,fmp:company-screener,2026-08-29T04:55:10.177264+00:00
AZO,"AutoZone, Inc.",NYSE,common_stock,False,1991-04-02,Consumer Cyclical,Specialty Retail,US,16325398.999986496,0.344,48355178822.0,2026-08-28,fmp:company-screener,2026-08-29T04:55:10.177264+00:00
ROK,"Rockwell Automation, Inc.",NYSE,common_stock,False,1981-12-31,Industrials,Industrial - Machinery,US,111274000.0,1.535,47943515640.0,2026-08-28,fmp:company-screener,2026-08-29T04:55:10.177264+00:00
ARES,Ares Management Corporation,NYSE,common_stock,False,2014-05-02,Financial Services,Asset Management,US,328414956.0022451,1.507,46808983679.0,2026-08-28,fmp:company-screener,2026-08-29T04:55:10.177264+00:00
HUM,Humana Inc.,NYSE,common_stock,False,1981-12-31,Healthcare,Medical - Healthcare Plans,US,120080000.0,0.74,46295643200.0,2026-08-28,fmp:company-screener,2026-08-29T04:55:10.177264+00:00
VST,Vistra Corp.,NYSE,common_stock,False,2016-10-05,Utilities,Independent Power Producers,US,337182467.99912465,1.433,46224344538.0,2026-08-28,fmp:company-screener,2026-08-29T04:55:10.177264+00:00
VEEV,Veeva Systems Inc.,NYSE,common_stock,False,2013-10-16,Technology,Software - Application,US,162443291.00075898,0.922,44946434187.0,2026-08-28,fmp:company-screener,2026-08-29T04:55:10.177264+00:00
VTR,"Ventas, Inc.",NYSE,common_stock,False,1997-05-05,Real Estate,REIT - Healthcare Facilities,US,486170000.0,0.731,44630406000.0,2026-08-28,fmp:company-screener,2026-08-29T04:55:10.177264+00:00
PCG,PG&E Corporation,NYSE,common_stock,False,1972-06-01,Utilities,Regulated Electric,US,2680110496.024096,0.278,44489834234.0,2026-08-28,fmp:company-screener,2026-08-29T04:55:10.177264+00:00
FERG,Ferguson plc,NYSE,common_stock,False,2010-01-05,Industrials,Industrial - Distribution,US,193937820.0008753,1.121,44312852492.0,2026-08-28,fmp:company-screener,2026-08-29T04:55:10.177264+00:00
CBRE,"CBRE Group, Inc.",NYSE,common_stock,False,2004-06-10,Real Estate,Real Estate - Services,US,289575297.99827665,1.193,43688225209.0,2026-08-28,fmp:company-screener,2026-08-29T04:55:10.177264+00:00
A,"Agilent Technologies, Inc.",NYSE,common_stock,False,1999-11-18,Healthcare,Medical - Diagnostics & Research,US,282432000.0,1.229,43452163200.0,2026-08-28,fmp:company-screener,2026-08-29T04:55:10.177264+00:00
IQV,IQVIA Holdings Inc.,NYSE,common_stock,False,2013-05-09,Healthcare,Medical - Diagnostics & Research,US,164600000.0,1.175,43084050000.0,2026-08-28,fmp:company-screener,2026-08-29T04:55:10.177264+00:00
YUM,"Yum! Brands, Inc.",NYSE,common_stock,False,1997-09-17,Consumer Cyclical,Restaurants,US,275621000.0,0.553,42407047060.0,2026-08-28,fmp:company-screener,2026-08-29T04:55:10.177264+00:00
LYV,"Live Nation Entertainment, Inc.",NYSE,common_stock,False,2005-12-21,Communication Services,Entertainment,US,232713000.0,1.116,42272316450.0,2026-08-28,fmp:company-screener,2026-08-29T04:55:10.177264+00:00
PRU,"Prudential Financial, Inc.",NYSE,common_stock,False,2001-12-13,Financial Services,Insurance - Life,US,347000000.0,0.826,41567130000.0,2026-08-28,fmp:company-screener,2026-08-29T04:55:10.177264+00:00
MSCI,MSCI Inc.,NYSE,common_stock,False,2007-11-15,Financial Services,Financial - Data & Stock Exchanges,US,72700000.0,1.222,41494252000.0,2026-08-28,fmp:company-screener,2026-08-29T04:55:10.177264+00:00
DHI,"D.R. Horton, Inc.",NYSE,common_stock,False,1992-06-05,Consumer Cyclical,Residential Construction,US,279701266.99911803,1.375,41225169743.0,2026-08-28,fmp:company-screener,2026-08-29T04:55:10.177264+00:00
AIG,"American International Group, Inc.",NYSE,common_stock,False,1973-01-02,Financial Services,Insurance - Diversified,US,530205999.99999994,0.517,40788747580.0,2026-08-28,fmp:company-screener,2026-08-29T04:55:10.177264+00:00
ED,"Consolidated Edison, Inc.",NYSE,common_stock,False,2001-02-15,Utilities,Regulated Electric,US,368530000.0,0.263,39613289700.0,2026-08-28,fmp:company-screener,2026-08-29T04:55:10.177264+00:00
ADM,Archer-Daniels-Midland Company,NYSE,common_stock,False,1980-03-17,Consumer Defensive,Agricultural Farm Products,US,481956999.99999994,0.612,39298773780.0,2026-08-28,fmp:company-screener,2026-08-29T04:55:10.177264+00:00
SYY,Sysco Corporation,NYSE,common_stock,False,1973-05-08,Consumer Defensive,Food Distribution,US,478183000.0,0.636,39182315020.0,2026-08-28,fmp:company-screener,2026-08-29T04:55:10.177264+00:00
HIG,"The Hartford Insurance Group, Inc.",NYSE,common_stock,False,1995-12-15,Financial Services,Insurance - Diversified,US,274130820.0,0.458,37980825111.0,2026-08-28,fmp:company-screener,2026-08-29T04:55:10.177264+00:00
EL,The Estée Lauder Companies Inc.,NYSE,common_stock,False,1995-11-17,Consumer Defensive,Household & Personal Products,US,361674641.9963246,1.246,37393541236.0,2026-08-28,fmp:company-screener,2026-08-29T04:55:10.177264+00:00
KVUE,Kenvue Inc.,NYSE,common_stock,False,2023-05-04,Consumer Defensive,Household & Personal Products,US,1920008668.0229523,0.431,36806566166.0,2026-08-28,fmp:company-screener,2026-08-29T04:55:10.177264+00:00
PEG,Public Service Enterprise Group Incorporated,NYSE,common_stock,False,1980-01-02,Utilities,Regulated Electric,US,498321000.0,0.527,36472113990.0,2026-08-28,fmp:company-screener,2026-08-29T04:55:10.177264+00:00
HSY,The Hershey Company,NYSE,common_stock,False,1980-03-17,Consumer Defensive,Food Confectioners,US,202809604.99860373,0.097,36313059775.0,2026-08-28,fmp:company-screener,2026-08-29T04:55:10.177264+00:00
VMC,Vulcan Materials Company,NYSE,common_stock,False,1957-01-02,Basic Materials,Construction Materials,US,129579000.0,1.057,35570731290.0,2026-08-28,fmp:company-screener,2026-08-29T04:55:10.177264+00:00
KR,The Kroger Co.,NYSE,common_stock,False,1977-01-02,Consumer Defensive,Grocery Stores,US,612647000.0,0.409,35361984840.0,2026-08-28,fmp:company-screener,2026-08-29T04:55:10.177264+00:00
IRM,Iron Mountain Incorporated,NYSE,common_stock,False,1996-02-01,Real Estate,REIT - Specialty,US,297524680.9965928,1.217,34929397549.0,2026-08-28,fmp:company-screener,2026-08-29T04:55:10.177264+00:00
RMD,ResMed Inc.,NYSE,common_stock,False,1995-06-02,Healthcare,Medical - Instruments & Supplies,US,145056384.00116506,0.748,34861400767.0,2026-08-28,fmp:company-screener,2026-08-29T04:55:10.177264+00:00
WEC,"WEC Energy Group, Inc.",NYSE,common_stock,False,1980-03-17,Utilities,Regulated Electric,US,325726000.0,0.462,34598615720.0,2026-08-28,fmp:company-screener,2026-08-29T04:55:10.177264+00:00
RJF,"Raymond James Financial, Inc.",NYSE,common_stock,False,1983-07-01,Financial Services,Asset Management,US,192100000.0,0.92,34455056000.0,2026-08-28,fmp:company-screener,2026-08-29T04:55:10.177264+00:00
MTB,M&T Bank Corporation,NYSE,common_stock,False,1980-03-17,Financial Services,Banks - Regional,US,144933000.0,0.573,34391151570.0,2026-08-28,fmp:company-screener,2026-08-29T04:55:10.177264+00:00
EQT,EQT Corporation,NYSE,common_stock,False,1980-03-17,Energy,Oil & Gas Exploration & Production,US,625516000.0,0.578,34134408120.0,2026-08-28,fmp:company-screener,2026-08-29T04:55:10.177264+00:00
CCL,Carnival Corporation & plc,NYSE,common_stock,False,1987-07-24,Consumer Cyclical,Travel Services,US,1369649118.9822292,2.338,33912512186.0,2026-08-28,fmp:company-screener,2026-08-29T04:55:10.177264+00:00
CCI,Crown Castle Inc.,NYSE,common_stock,False,1998-08-18,Real Estate,REIT - Specialty,US,437000000.0,0.97,33273180000.0,2026-08-28,fmp:company-screener,2026-08-29T04:55:10.177264+00:00
EME,"EMCOR Group, Inc.",NYSE,common_stock,False,1995-01-10,Industrials,Engineering & Construction,US,44109900.99977033,1.147,32648825423.0,2026-08-28,fmp:company-screener,2026-08-29T04:55:10.177264+00:00
ZTS,Zoetis Inc.,NYSE,common_stock,False,2013-02-01,Healthcare,Drug Manufacturers - Specialty & Generic,US,419228000.0,0.73,32423093520.0,2026-08-28,fmp:company-screener,2026-08-29T04:55:10.177264+00:00
CNC,Centene Corp.,NYSE,common_stock,False,2001-12-13,Healthcare,Medical - Healthcare Plans,US,493995000.0,1.105,31986176250.0,2026-08-28,fmp:company-screener,2026-08-29T04:55:10.177264+00:00
MLM,"Martin Marietta Materials, Inc.",NYSE,common_stock,False,1994-02-17,Basic Materials,Construction Materials,US,60065800.00000001,1.106,31897943090.0,2026-08-28,fmp:company-screener,2026-08-29T04:55:10.177264+00:00
JBL,Jabil Inc.,NYSE,common_stock,False,1993-05-03,Technology,"Hardware, Equipment & Parts",US,104787088.99983414,1.304,31588067979.0,2026-08-28,fmp:company-screener,2026-08-29T04:55:10.177264+00:00
WAT,Waters Corporation,NYSE,common_stock,False,1995-11-17,Healthcare,Medical - Diagnostics & Research,US,74790826.00014469,1.184,31015007634.0,2026-08-28,fmp:company-screener,2026-08-29T04:55:10.177264+00:00
IR,Ingersoll Rand Inc.,NYSE,common_stock,False,2017-05-12,Industrials,Industrial - Machinery,US,391337000.0,1.161,30751261460.0,2026-08-28,fmp:company-screener,2026-08-29T04:55:10.177264+00:00
HAL,Halliburton Company,NYSE,common_stock,False,1972-06-01,Energy,Oil & Gas Equipment & Services,US,835397734.9917082,0.753,30224690052.0,2026-08-28,fmp:company-screener,2026-08-29T04:55:10.177264+00:00
EXR,Extra Space Storage Inc.,NYSE,spac,False,2004-08-16,Real Estate,REIT - Industrial,US,211269558.00153944,1.185,30192532534.0,2026-08-28,fmp:company-screener,2026-08-29T04:55:10.177264+00:00
CFG,"Citizens Financial Group, Inc.",NYSE,common_stock,False,2014-09-24,Financial Services,Banks - Regional,US,422882000.00000006,1.006,29479104220.0,2026-08-28,fmp:company-screener,2026-08-29T04:55:10.177264+00:00
RDDT,"Reddit, Inc.",NYSE,common_stock,False,2024-03-21,Communication Services,Internet Content & Information,US,192509043.99686113,2.034,29438483008.0,2026-08-28,fmp:company-screener,2026-08-29T04:55:10.177264+00:00
AEE,Ameren Corporation,NYSE,common_stock,False,1998-01-02,Utilities,Regulated Electric,US,276752000.0,0.476,29368922240.0,2026-08-28,fmp:company-screener,2026-08-29T04:55:10.177264+00:00
LVS,Las Vegas Sands Corp.,NYSE,common_stock,False,2004-12-15,Consumer Cyclical,"Gambling, Resorts & Casinos",US,647701183.9920071,0.835,29172461327.0,2026-08-28,fmp:company-screener,2026-08-29T04:55:10.177264+00:00
TDY,Teledyne Technologies Incorporated,NYSE,common_stock,False,1999-11-23,Technology,"Hardware, Equipment & Parts",US,46354094.99967843,0.92,28830392926.0,2026-08-28,fmp:company-screener,2026-08-29T04:55:10.177264+00:00
VICI,VICI Properties Inc.,NYSE,common_stock,False,2018-01-02,Real Estate,REIT - Diversified,US,1101077548.009277,0.687,28484876167.0,2026-08-28,fmp:company-screener,2026-08-29T04:55:10.177264+00:00
DTE,DTE Energy Company,NYSE,common_stock,False,1970-01-02,Utilities,Regulated Electric,US,208087999.99999997,0.396,28270835680.0,2026-08-28,fmp:company-screener,2026-08-29T04:55:10.177264+00:00
MTD,Mettler-Toledo International Inc.,NYSE,common_stock,False,1997-11-14,Healthcare,Medical - Diagnostics & Research,US,20207600.0,1.224,28261945208.0,2026-08-28,fmp:company-screener,2026-08-29T04:55:10.177264+00:00
HPQ,HP Inc.,NYSE,common_stock,False,1957-11-06,Technology,Computer Hardware,US,914523000.0,1.194,27911241960.0,2026-08-28,fmp:company-screener,2026-08-29T04:55:10.177264+00:00
ATO,Atmos Energy Corporation,NYSE,common_stock,False,1983-12-28,Utilities,Regulated Gas,US,166919821.99819982,0.602,27817188336.0,2026-08-28,fmp:company-screener,2026-08-29T04:55:10.177264+00:00
WSM,"Williams-Sonoma, Inc.",NYSE,common_stock,False,1983-07-07,Consumer Cyclical,Specialty Retail,US,117746611.00004253,1.47,27681050780.0,2026-08-28,fmp:company-screener,2026-08-29T04:55:10.177264+00:00
AWK,"American Water Works Company, Inc.",NYSE,common_stock,False,2008-04-23,Utilities,Regulated Water,US,198728989.0021692,0.577,27484219179.0,2026-08-28,fmp:company-screener,2026-08-29T04:55:10.177264+00:00
LH,Labcorp Holdings Inc.,NYSE,common_stock,False,1990-03-29,Healthcare,Medical - Diagnostics & Research,US,82000000.0,0.843,27479020000.0,2026-08-28,fmp:company-screener,2026-08-29T04:55:10.177264+00:00
OTIS,Otis Worldwide Corporation,NYSE,common_stock,False,2020-03-19,Industrials,Industrial - Machinery,US,380669339.0019515,0.879,27309218380.0,2026-08-28,fmp:company-screener,2026-08-29T04:55:10.177264+00:00
DG,Dollar General Corporation,NYSE,common_stock,False,2009-11-13,Consumer Defensive,Discount Stores,US,220586647.00138336,0.235,27107893050.0,2026-08-28,fmp:company-screener,2026-08-29T04:55:10.177264+00:00
EIX,Edison International,NYSE,common_stock,False,1973-05-03,Utilities,Regulated Electric,US,384794000.0,0.651,27000994980.0,2026-08-28,fmp:company-screener,2026-08-29T04:55:10.177264+00:00
DGX,Quest Diagnostics Incorporated,NYSE,common_stock,False,1996-12-17,Healthcare,Medical - Diagnostics & Research,US,110373000.0,0.548,26794149480.0,2026-08-28,fmp:company-screener,2026-08-29T04:55:10.177264+00:00
DOV,Dover Corporation,NYSE,common_stock,False,1980-03-17,Industrials,Industrial - Machinery,US,134680000.0,1.156,26758222400.0,2026-08-28,fmp:company-screener,2026-08-29T04:55:10.177264+00:00
CPAY,"Corpay, Inc.",NYSE,common_stock,False,2010-12-15,Technology,Software - Infrastructure,US,65361919.000686474,0.869,26659819522.0,2026-08-28,fmp:company-screener,2026-08-29T04:55:10.177264+00:00
ES,Eversource Energy,NYSE,common_stock,False,1973-02-21,Utilities,Regulated Electric,US,376080025.0,0.702,26641508971.0,2026-08-28,fmp:company-screener,2026-08-29T04:55:10.177264+00:00
FE,FirstEnergy Corp.,NYSE,common_stock,False,1997-11-10,Utilities,Regulated Electric,US,578639932.0034882,0.45,26542213681.0,2026-08-28,fmp:company-screener,2026-08-29T04:55:10.177264+00:00
XYL,Xylem Inc.,NYSE,common_stock,False,2011-10-13,Industrials,Industrial - Machinery,US,233487000.0,1.01,25989437970.0,2026-08-28,fmp:company-screener,2026-08-29T04:55:10.177264+00:00
RF,Regions Financial Corporation,NYSE,common_stock,False,1980-03-17,Financial Services,Banks - Regional,US,853380000.0,1.012,25883015400.0,2026-08-28,fmp:company-screener,2026-08-29T04:55:10.177264+00:00
CNP,"CenterPoint Energy, Inc.",NYSE,common_stock,False,1970-01-02,Utilities,Regulated Electric,US,658720000.0,0.461,25848172800.0,2026-08-28,fmp:company-screener,2026-08-29T04:55:10.177264+00:00
PPL,PPL Corporation,NYSE,common_stock,False,1980-03-17,Utilities,Regulated Electric,US,752577279.9999999,0.589,25738142976.0,2026-08-28,fmp:company-screener,2026-08-29T04:55:10.177264+00:00
WRB,W. R. Berkley Corporation,NYSE,common_stock,False,1973-10-23,Financial Services,Insurance - Property & Casualty,US,372277000.0,0.294,25478637880.0,2026-08-28,fmp:company-screener,2026-08-29T04:55:10.177264+00:00
SYF,Synchrony Financial,NYSE,common_stock,False,2014-07-31,Financial Services,Financial - Credit Services,US,325370840.0,1.311,25395194062.0,2026-08-28,fmp:company-screener,2026-08-29T04:55:10.177264+00:00
PPG,"PPG Industries, Inc.",NYSE,common_stock,False,1980-03-17,Basic Materials,Chemicals - Specialty,US,222300003.00297672,1.063,25391106343.0,2026-08-28,fmp:company-screener,2026-08-29T04:55:10.177264+00:00
TPR,"Tapestry, Inc.",NYSE,common_stock,False,2000-10-06,Consumer Cyclical,Luxury Goods,US,202045000.0,1.464,25354627050.0,2026-08-28,fmp:company-screener,2026-08-29T04:55:10.177264+00:00
SW,Smurfit Westrock plc,NYSE,common_stock,True,2008-06-17,Consumer Cyclical,Packaging & Containers,IE,524522900.0,0.975,25329210841.0,2026-08-28,fmp:company-screener,2026-08-29T04:55:10.177264+00:00
Q,"Qnity Electronics, Inc.",NYSE,common_stock,False,2025-10-27,Technology,Semiconductors,US,209339200.0,1.7774878,25175132192.0,2026-08-28,fmp:company-screener,2026-08-29T04:55:10.177264+00:00
TPL,Texas Pacific Land Corporation,NYSE,common_stock,False,1980-03-17,Energy,Oil & Gas Exploration & Production,US,68974400.0,0.633,25132891872.0,2026-08-28,fmp:company-screener,2026-08-29T04:55:10.177264+00:00
EXPD,"Expeditors International of Washington, Inc.",NYSE,common_stock,False,1984-09-26,Industrials,Integrated Freight & Logistics,US,130791000.0,1.045,24977157270.0,2026-08-28,fmp:company-screener,2026-08-29T04:55:10.177264+00:00
FICO,Fair Isaac Corporation,NYSE,common_stock,False,1987-07-22,Technology,Software - Application,US,21597636.0004161,1.321,24914384961.0,2026-08-28,fmp:company-screener,2026-08-29T04:55:10.177264+00:00
PHM,"PulteGroup, Inc.",NYSE,common_stock,False,1980-03-17,Consumer Cyclical,Residential Construction,US,193010796.99727732,1.206,24811537954.0,2026-08-28,fmp:company-screener,2026-08-29T04:55:10.177264+00:00
DRI,"Darden Restaurants, Inc.",NYSE,common_stock,False,1995-05-09,Consumer Cyclical,Restaurants,US,114535002.99967547,0.585,24704054797.0,2026-08-28,fmp:company-screener,2026-08-29T04:55:10.177264+00:00
VMRK,Vivmark Residential,NYSE,common_stock,False,1993-08-12,Real Estate,REIT - Diversified,US,374943999.99999994,0.7466878,24573829760.0,2026-08-28,fmp:company-screener,2026-08-29T04:55:10.177264+00:00
BRO,"Brown & Brown, Inc.",NYSE,common_stock,False,1981-02-11,Financial Services,Insurance - Brokers,US,334610357.0045014,0.581,24530285272.0,2026-08-28,fmp:company-screener,2026-08-29T04:55:10.177264+00:00
HUBB,Hubbell Incorporated,NYSE,common_stock,False,1972-06-05,Industrials,Electrical Equipment & Parts,US,52832571.00030457,0.899,24285019586.0,2026-08-28,fmp:company-screener,2026-08-29T04:55:10.177264+00:00
OMC,Omnicom Group Inc.,NYSE,common_stock,False,1980-03-17,Communication Services,Advertising Agencies,US,274346000.0,0.66,24219264880.0,2026-08-28,fmp:company-screener,2026-08-29T04:55:10.177264+00:00
VLTO,Veralto Corporation,NYSE,common_stock,False,2023-10-04,Industrials,Industrial - Pollution & Treatment Controls,US,243793350.0,0.752,24028272576.0,2026-08-28,fmp:company-screener,2026-08-29T04:55:10.177264+00:00
CHD,"Church & Dwight Co., Inc.",NYSE,common_stock,False,1980-03-17,Consumer Defensive,Household & Personal Products,US,236944000.0,0.471,23991764720.0,2026-08-28,fmp:company-screener,2026-08-29T04:55:10.177264+00:00
WST,"West Pharmaceutical Services, Inc.",NYSE,common_stock,False,1980-03-17,Healthcare,Medical - Instruments & Supplies,US,70375800.0,1.138,23749721226.0,2026-08-28,fmp:company-screener,2026-08-29T04:55:10.177264+00:00
KEY,KeyCorp,NYSE,common_stock,False,1987-11-05,Financial Services,Banks - Regional,US,1079370000.0,1.032,23648996700.0,2026-08-28,fmp:company-screener,2026-08-29T04:55:10.177264+00:00
NRG,"NRG Energy, Inc.",NYSE,common_stock,False,2003-12-02,Utilities,Independent Power Producers,US,210986000.0,1.203,23444764320.0,2026-08-28,fmp:company-screener,2026-08-29T04:55:10.177264+00:00
EFX,Equifax Inc.,NYSE,common_stock,False,1980-03-17,Industrials,Consulting Services,US,117484896.00205815,1.296,22833189538.0,2026-08-28,fmp:company-screener,2026-08-29T04:55:10.177264+00:00
GPN,Global Payments Inc.,NYSE,common_stock,False,2001-01-16,Financial Services,Financial - Credit Services,US,248254603.99695057,0.775,22794737739.0,2026-08-28,fmp:company-screener,2026-08-29T04:55:10.177264+00:00
STE,STERIS plc,NYSE,common_stock,False,1992-06-01,Healthcare,Medical - Specialties,US,97457700.0,0.914,22783661106.0,2026-08-28,fmp:company-screener,2026-08-29T04:55:10.177264+00:00
L,Loews Corporation,NYSE,common_stock,False,1980-03-17,Financial Services,Insurance - Property & Casualty,US,205769000.0,0.521,22576974680.0,2026-08-28,fmp:company-screener,2026-08-29T04:55:10.177264+00:00
IFF,International Flavors & Fragrances Inc.,NYSE,common_stock,False,1974-12-17,Basic Materials,Chemicals - Specialty,US,255303000.0,0.943,22453898850.0,2026-08-28,fmp:company-screener,2026-08-29T04:55:10.177264+00:00
STZ,"Constellation Brands, Inc.",NYSE,common_stock,False,1992-03-17,Consumer Defensive,Beverages - Alcoholic,US,170804353.00329024,0.4,22322420894.0,2026-08-28,fmp:company-screener,2026-08-29T04:55:10.177264+00:00
BG,Bunge Global S.A.,NYSE,common_stock,False,2001-08-02,Consumer Defensive,Agricultural Farm Products,US,192119122.9996536,0.65,22185916324.0,2026-08-28,fmp:company-screener,2026-08-29T04:55:10.177264+00:00
GIS,"General Mills, Inc.",NYSE,common_stock,False,1980-03-17,Consumer Defensive,Packaged Foods,US,533707998.9891697,-0.047,22175567358.0,2026-08-28,fmp:company-screener,2026-08-29T04:55:10.177264+00:00
DOW,Dow Inc.,NYSE,common_stock,False,2019-03-20,Basic Materials,Chemicals,US,722340711.0127827,0.423,22038615093.0,2026-08-28,fmp:company-screener,2026-08-29T04:55:10.177264+00:00
RL,Ralph Lauren Corporation,NYSE,common_stock,False,1997-06-12,Consumer Cyclical,Apparel - Manufacturers,US,60999811.99864422,1.371,21596373440.0,2026-08-28,fmp:company-screener,2026-08-29T04:55:10.177264+00:00
AMCR,Amcor plc,NYSE,common_stock,True,2012-05-15,Consumer Cyclical,Packaging & Containers,CH,462345689.9935719,0.593,21577673352.0,2026-08-28,fmp:company-screener,2026-08-29T04:55:10.177264+00:00
LEN,Lennar Corporation,NYSE,common_stock,False,1980-03-17,Consumer Cyclical,Residential Construction,US,248295270.9950191,1.398,21435330745.0,2026-08-28,fmp:company-screener,2026-08-29T04:55:10.177264+00:00
FIS,"Fidelity National Information Services, Inc.",NYSE,common_stock,False,2001-06-20,Technology,Information Technology Services,US,516879000.0,0.813,21419465760.0,2026-08-28,fmp:company-screener,2026-08-29T04:55:10.177264+00:00
PKG,Packaging Corporation of America,NYSE,common_stock,False,2000-01-28,Consumer Cyclical,Packaging & Containers,US,89098646.99862723,0.807,21418423752.0,2026-08-28,fmp:company-screener,2026-08-29T04:55:10.177264+00:00
CMS,CMS Energy Corporation,NYSE,common_stock,False,1973-02-21,Utilities,Regulated Electric,US,313577000.0,0.339,21389087170.0,2026-08-28,fmp:company-screener,2026-08-29T04:55:10.177264+00:00
BR,"Broadridge Financial Solutions, Inc.",NYSE,common_stock,False,2007-03-22,Technology,Information Technology Services,US,115658000.00000001,0.889,21239435120.0,2026-08-28,fmp:company-screener,2026-08-29T04:55:10.177264+00:00
IP,International Paper Company,NYSE,common_stock,False,1970-01-02,Basic Materials,"Paper, Lumber & Forest Products",US,529516999.99999994,0.894,20815313270.0,2026-08-28,fmp:company-screener,2026-08-29T04:55:10.177264+00:00
LYB,LyondellBasell Industries N.V.,NYSE,common_stock,True,2010-04-28,Basic Materials,Chemicals - Specialty,NL,322785000.0,0.347,20551720950.0,2026-08-28,fmp:company-screener,2026-08-29T04:55:10.177264+00:00
SNA,Snap-on Incorporated,NYSE,common_stock,False,2017-03-02,Industrials,Manufacturing - Tools & Accessories,US,51727124.000918694,0.723,20269790811.0,2026-08-28,fmp:company-screener,2026-08-29T04:55:10.177264+00:00
FDXF,"FedEx Freight Holding Company, Inc.",NYSE,common_stock,False,2026-06-01,Industrials,Integrated Freight & Logistics,US,149505248.0029974,-7.34,19951475346.0,2026-08-28,fmp:company-screener,2026-08-29T04:55:10.177264+00:00
TSN,"Tyson Foods, Inc.",NYSE,common_stock,False,1980-03-17,Consumer Defensive,Agricultural Farm Products,US,354519819.0072202,0.378,19640397973.0,2026-08-28,fmp:company-screener,2026-08-29T04:55:10.177264+00:00
ZBH,"Zimmer Biomet Holdings, Inc.",NYSE,common_stock,False,2001-07-25,Healthcare,Medical - Devices,US,193462000.0,0.462,19522250420.0,2026-08-28,fmp:company-screener,2026-08-29T04:55:10.177264+00:00
NI,NiSource Inc,NYSE,common_stock,False,1973-02-21,Utilities,Regulated Gas,US,479439244.989523,0.554,19448452973.0,2026-08-28,fmp:company-screener,2026-08-29T04:55:10.177264+00:00
LUV,Southwest Airlines Co.,NYSE,common_stock,False,1980-01-02,Industrials,"Airlines, Airports & Air Services",US,489208000.0,1.143,19392205120.0,2026-08-28,fmp:company-screener,2026-08-29T04:55:10.177264+00:00
CF,"CF Industries Holdings, Inc.",NYSE,common_stock,False,2005-08-11,Basic Materials,Agricultural Inputs,US,153629000.0,0.398,19321919330.0,2026-08-28,fmp:company-screener,2026-08-29T04:55:10.177264+00:00
GPC,Genuine Parts Company,NYSE,common_stock,False,1980-03-17,Consumer Cyclical,Auto - Parts,US,137859758.00305432,0.646,18957095323.0,2026-08-28,fmp:company-screener,2026-08-29T04:55:10.177264+00:00
DD,"DuPont de Nemours, Inc.",NYSE,common_stock,False,1972-06-01,Basic Materials,Chemicals,US,135019000.0,1.09,18494902620.0,2026-08-28,fmp:company-screener,2026-08-29T04:55:10.177264+00:00
ESS,"Essex Property Trust, Inc.",NYSE,common_stock,False,1994-06-07,Real Estate,REIT - Residential,US,64261738.99940148,0.708,18252261728.0,2026-08-28,fmp:company-screener,2026-08-29T04:55:10.177264+00:00
FTV,Fortive Corporation,NYSE,common_stock,False,2016-07-05,Technology,"Hardware, Equipment & Parts",US,302017052.0020104,0.976,18027397834.0,2026-08-28,fmp:company-screener,2026-08-29T04:55:10.177264+00:00
BEN,"Franklin Resources, Inc.",NYSE,common_stock,False,1983-09-23,Financial Services,Asset Management,US,519636998.98989904,1.574,18005422015.0,2026-08-28,fmp:company-screener,2026-08-29T04:55:10.177264+00:00
J,Jacobs Solutions Inc.,NYSE,common_stock,False,1980-03-17,Industrials,Engineering & Construction,US,118081000.00000001,0.667,17945950380.0,2026-08-28,fmp:company-screener,2026-08-29T04:55:10.177264+00:00
LDOS,"Leidos Holdings, Inc.",NYSE,common_stock,False,2006-10-17,Technology,Information Technology Services,US,125785000.0,0.546,17692918100.0,2026-08-28,fmp:company-screener,2026-08-29T04:55:10.177264+00:00
ROL,"Rollins, Inc.",NYSE,common_stock,False,1980-03-17,Industrials,Specialty Business Services,US,481145404.013194,0.744,17504069798.0,2026-08-28,fmp:company-screener,2026-08-29T04:55:10.177264+00:00
BBY,"Best Buy Co., Inc.",NYSE,common_stock,False,1985-04-18,Consumer Cyclical,Specialty Retail,US,210767000.0,1.317,17375631480.0,2026-08-28,fmp:company-screener,2026-08-29T04:55:10.177264+00:00
INVH,Invitation Homes Inc.,NYSE,common_stock,False,2017-02-01,Real Estate,REIT - Residential,US,594042000.0,0.836,17369788080.0,2026-08-28,fmp:company-screener,2026-08-29T04:55:10.177264+00:00
NVR,"NVR, Inc.",NYSE,common_stock,False,1985-07-22,Consumer Cyclical,Residential Construction,US,2699289.9999530977,0.913,17265387648.0,2026-08-28,fmp:company-screener,2026-08-29T04:55:10.177264+00:00
WY,Weyerhaeuser Company,NYSE,common_stock,False,1973-05-03,Real Estate,REIT - Specialty,US,721042609.0101522,0.901,17045447277.0,2026-08-28,fmp:company-screener,2026-08-29T04:55:10.177264+00:00
BALL,Ball Corporation,NYSE,common_stock,False,1972-07-13,Consumer Cyclical,Packaging & Containers,US,266247000.0,0.956,16978571190.0,2026-08-28,fmp:company-screener,2026-08-29T04:55:10.177264+00:00
IEX,IDEX Corporation,NYSE,common_stock,False,1989-06-02,Industrials,Industrial - Machinery,US,73719900.0,0.976,16976218572.0,2026-08-28,fmp:company-screener,2026-08-29T04:55:10.177264+00:00
ALB,Albemarle Corporation,NYSE,common_stock,False,1994-02-22,Basic Materials,Chemicals - Specialty,US,117934650.99737914,1.317,16199503661.0,2026-08-28,fmp:company-screener,2026-08-29T04:55:10.177264+00:00
KIM,Kimco Realty Corporation,NYSE,common_stock,False,1991-11-22,Real Estate,REIT - Retail,US,674390000.0,0.968,16033622250.0,2026-08-28,fmp:company-screener,2026-08-29T04:55:10.177264+00:00
SOLV,Solventum Corporation,NYSE,common_stock,False,2024-04-01,Healthcare,Medical - Instruments & Supplies,US,173174711.9951712,0.671,15779679757.0,2026-08-28,fmp:company-screener,2026-08-29T04:55:10.177264+00:00
TYL,"Tyler Technologies, Inc.",NYSE,common_stock,False,1980-03-17,Technology,Software - Application,US,40952300.0,0.809,15477512262.0,2026-08-28,fmp:company-screener,2026-08-29T04:55:10.177264+00:00
MAA,"Mid-America Apartment Communities, Inc.",NYSE,common_stock,False,1994-01-28,Real Estate,REIT - Residential,US,116384801.9983026,0.72,15084634187.0,2026-08-28,fmp:company-screener,2026-08-29T04:55:10.177264+00:00
EG,"Everest Group, Ltd.",NYSE,common_stock,True,1995-10-06,Financial Services,Insurance - Reinsurance,BM,39571600.0,0.279,14942631876.0,2026-08-28,fmp:company-screener,2026-08-29T04:55:10.177264+00:00
MKC,"McCormick & Company, Incorporated",NYSE,common_stock,False,1999-04-26,Consumer Defensive,Packaged Foods,US,268851554.997289,0.627,14875556538.0,2026-08-28,fmp:company-screener,2026-08-29T04:55:10.177264+00:00
SWK,"Stanley Black & Decker, Inc.",NYSE,common_stock,False,1980-03-17,Industrials,Manufacturing - Tools & Accessories,US,151017000.0,1.172,14769462600.0,2026-08-28,fmp:company-screener,2026-08-29T04:55:10.177264+00:00
IVZ,Invesco Ltd.,NYSE,common_stock,False,1995-08-24,Financial Services,Asset Management,US,443297000.0,1.596,14566739420.0,2026-08-28,fmp:company-screener,2026-08-29T04:55:10.177264+00:00
DOC,"Healthpeak Properties, Inc.",NYSE,common_stock,False,1985-05-23,Real Estate,REIT - Healthcare Facilities,US,689420000.0,0.991,14450243200.0,2026-08-28,fmp:company-screener,2026-08-29T04:55:10.177264+00:00
MAS,Masco Corporation,NYSE,common_stock,False,1980-03-17,Basic Materials,Construction Materials,US,197187430.00682592,1.296,14443979248.0,2026-08-28,fmp:company-screener,2026-08-29T04:55:10.177264+00:00
RVTY,"Revvity, Inc.",NYSE,common_stock,False,1965-07-06,Healthcare,Medical - Diagnostics & Research,US,111559999.99999999,1.072,14368928000.0,2026-08-28,fmp:company-screener,2026-08-29T04:55:10.177264+00:00
TXT,Textron Inc.,NYSE,common_stock,False,1947-12-22,Industrials,Aerospace & Defense,US,171987000.0,0.908,14281800480.0,2026-08-28,fmp:company-screener,2026-08-29T04:55:10.177264+00:00
AIZ,"Assurant, Inc.",NYSE,common_stock,False,2004-02-05,Financial Services,Insurance - Property & Casualty,US,49547600.00000001,0.543,14153271940.0,2026-08-28,fmp:company-screener,2026-08-29T04:55:10.177264+00:00
SJM,The J. M. Smucker Company,NYSE,common_stock,False,1994-10-31,Consumer Defensive,Packaged Foods,US,106880690.00302252,0.25,14144590515.0,2026-08-28,fmp:company-screener,2026-08-29T04:55:10.177264+00:00
CRL,"Charles River Laboratories International, Inc.",NYSE,common_stock,False,2000-06-23,Healthcare,Medical - Diagnostics & Research,US,48167700.0,1.376,14040884550.0,2026-08-28,fmp:company-screener,2026-08-29T04:55:10.177264+00:00
TKO,"TKO Group Holdings, Inc.",NYSE,common_stock,False,2023-09-12,Communication Services,Entertainment,US,74967700.0,0.648,13842036128.0,2026-08-28,fmp:company-screener,2026-08-29T04:55:10.177264+00:00
AVY,Avery Dennison Corporation,NYSE,common_stock,False,1973-02-21,Consumer Cyclical,Packaging & Containers,US,76490400.0,0.812,13596168600.0,2026-08-28,fmp:company-screener,2026-08-29T04:55:10.177264+00:00
LII,Lennox International Inc.,NYSE,common_stock,False,1999-07-29,Industrials,Industrial - Machinery,US,34560700.0,1.199,13595833773.0,2026-08-28,fmp:company-screener,2026-08-29T04:55:10.177264+00:00
BAX,Baxter International Inc.,NYSE,common_stock,False,1981-10-27,Healthcare,Medical - Instruments & Supplies,US,516995992.0015308,0.595,13509105271.0,2026-08-28,fmp:company-screener,2026-08-29T04:55:10.177264+00:00
GL,Globe Life Inc.,NYSE,common_stock,False,1980-10-01,Financial Services,Insurance - Life,US,77644800.0,0.472,13416244992.0,2026-08-28,fmp:company-screener,2026-08-29T04:55:10.177264+00:00
ALLE,Allegion plc,NYSE,common_stock,True,2013-11-18,Industrials,Security & Protection Services,IE,85036800.0,0.845,13391595264.0,2026-08-28,fmp:company-screener,2026-08-29T04:55:10.177264+00:00
IT,"Gartner, Inc.",NYSE,common_stock,False,1993-10-05,Technology,Information Technology Services,US,66951899.00196583,0.913,13282587243.0,2026-08-28,fmp:company-screener,2026-08-29T04:55:10.177264+00:00
GDDY,GoDaddy Inc.,NYSE,common_stock,False,2015-03-31,Technology,Software - Infrastructure,US,132409847.00102353,0.918,12936442052.0,2026-08-28,fmp:company-screener,2026-08-29T04:55:10.177264+00:00
BF-B,Brown-Forman Corporation,NYSE,common_stock,False,1980-03-17,Consumer Defensive,Beverages - Wineries & Distilleries,US,466342158.0088171,0.34,12693833541.0,2026-08-28,fmp:company-screener,2026-08-29T04:55:10.177264+00:00
CLX,The Clorox Company,NYSE,common_stock,False,1983-03-21,Consumer Defensive,Household & Personal Products,US,120921000.0,0.541,12398030130.0,2026-08-28,fmp:company-screener,2026-08-29T04:55:10.177264+00:00
DECK,Deckers Outdoor Corporation,NYSE,common_stock,False,1993-10-15,Consumer Cyclical,Apparel - Footwear & Accessories,US,136182000.0,1.167,11951332320.0,2026-08-28,fmp:company-screener,2026-08-29T04:55:10.177264+00:00
UDR,"UDR, Inc.",NYSE,common_stock,False,1980-03-17,Real Estate,REIT - Residential,US,321264222.0096983,0.691,11925327921.0,2026-08-28,fmp:company-screener,2026-08-29T04:55:10.177264+00:00
HRL,Hormel Foods Corporation,NYSE,common_stock,False,1980-03-17,Consumer Defensive,Packaged Foods,US,550315000.0,0.331,11859288250.0,2026-08-28,fmp:company-screener,2026-08-29T04:55:10.177264+00:00
PNW,Pinnacle West Capital Corporation,NYSE,common_stock,False,1961-08-28,Utilities,Regulated Electric,US,121187000.0,0.444,11829669005.0,2026-08-28,fmp:company-screener,2026-08-29T04:55:10.177264+00:00
DVA,DaVita Inc.,NYSE,common_stock,False,1995-10-31,Healthcare,Medical - Care Facilities,US,64200000.0,0.87,11599656000.0,2026-08-28,fmp:company-screener,2026-08-29T04:55:10.177264+00:00
HII,"Huntington Ingalls Industries, Inc.",NYSE,common_stock,False,2011-03-22,Industrials,Aerospace & Defense,US,39404598.00142755,0.241,11593226778.0,2026-08-28,fmp:company-screener,2026-08-29T04:55:10.177264+00:00
BXP,"BXP, Inc.",NYSE,common_stock,False,1997-06-18,Real Estate,REIT - Office,US,159477390.9982689,1.039,11054972744.0,2026-08-28,fmp:company-screener,2026-08-29T04:55:10.177264+00:00
FDS,FactSet Research Systems Inc.,NYSE,common_stock,False,1996-06-28,Financial Services,Financial - Data & Stock Exchanges,US,35565542.99954689,0.687,10989041476.0,2026-08-28,fmp:company-screener,2026-08-29T04:55:10.177264+00:00
GNRC,Generac Holdings Inc.,NYSE,common_stock,False,2010-02-11,Industrials,Industrial - Machinery,US,58868700.0,1.925,10820067060.0,2026-08-28,fmp:company-screener,2026-08-29T04:55:10.177264+00:00
CPT,Camden Property Trust,NYSE,common_stock,False,1993-07-22,Real Estate,REIT - Residential,US,100520000.0,0.789,10690302000.0,2026-08-28,fmp:company-screener,2026-08-29T04:55:10.177264+00:00
MGM,MGM Resorts International,NYSE,common_stock,False,1988-05-02,Consumer Cyclical,"Gambling, Resorts & Casinos",US,251599795.00946072,1.296,10637639333.0,2026-08-28,fmp:company-screener,2026-08-29T04:55:10.177264+00:00
AES,The AES Corporation,NYSE,common_stock,False,1991-06-26,Utilities,Diversified Utilities,US,713158000.0,0.952,10504817340.0,2026-08-28,fmp:company-screener,2026-08-29T04:55:10.177264+00:00
UHS,"Universal Health Services, Inc.",NYSE,common_stock,False,1981-07-09,Healthcare,Medical - Care Facilities,US,60536351.99813585,1.063,10391670184.0,2026-08-28,fmp:company-screener,2026-08-29T04:55:10.177264+00:00
FRT,Federal Realty Investment Trust,NYSE,common_stock,False,1973-05-03,Real Estate,REIT - Retail,US,86389197.00214133,0.929,10085938750.0,2026-08-28,fmp:company-screener,2026-08-29T04:55:10.177264+00:00
PNR,Pentair plc,NYSE,common_stock,True,1973-05-03,Industrials,Industrial - Machinery,GB,159638000.0,1.03,9844875460.0,2026-08-28,fmp:company-screener,2026-08-29T04:55:10.177264+00:00
APTV,Aptiv PLC,NYSE,common_stock,True,2011-11-17,Consumer Cyclical,Auto - Parts,CH,211621000.0,1.36,9681660750.0,2026-08-28,fmp:company-screener,2026-08-29T04:55:10.177264+00:00
ARE,"Alexandria Real Estate Equities, Inc.",NYSE,common_stock,False,1997-05-28,Real Estate,REIT - Office,US,174269000.0,1.169,8987052330.0,2026-08-28,fmp:company-screener,2026-08-29T04:55:10.177264+00:00
AOS,A. O. Smith Corporation,NYSE,common_stock,False,1983-09-30,Industrials,Industrial - Machinery,US,138586781.00364357,1.157,8367869837.0,2026-08-28,fmp:company-screener,2026-08-29T04:55:10.177264+00:00
TAP,Molson Coors Beverage Company,NYSE,common_stock,False,1975-06-12,Consumer Defensive,Beverages - Alcoholic,US,187551362.01157743,0.427,7775879469.0,2026-08-28,fmp:company-screener,2026-08-29T04:55:10.177264+00:00
NCLH,Norwegian Cruise Line Holdings Ltd.,NYSE,common_stock,False,2013-01-18,Consumer Cyclical,Travel Services,US,459110000.00000006,1.903,7644181500.0,2026-08-28,fmp:company-screener,2026-08-29T04:55:10.177264+00:00
MOS,The Mosaic Company,NYSE,common_stock,False,1988-01-26,Basic Materials,Agricultural Inputs,US,317846643.9830508,0.821,7501180798.0,2026-08-28,fmp:company-screener,2026-08-29T04:55:10.177264+00:00
BLDR,"Builders FirstSource, Inc.",NYSE,common_stock,False,2005-06-28,Basic Materials,Construction Materials,US,107596000.0,1.418,7286401120.0,2026-08-28,fmp:company-screener,2026-08-29T04:55:10.177264+00:00
NVDA,NVIDIA Corporation,NASDAQ,common_stock,False,1999-01-22,Technology,Semiconductors,US,24221000000.0,2.215,5269278550000.0,2026-08-28,fmp:company-screener,2026-08-29T04:55:10.177264+00:00
AAPL,Apple Inc.,NASDAQ,common_stock,False,1980-12-12,Technology,Consumer Electronics,US,14687356000.0,1.086,4695547713200.0,2026-08-28,fmp:company-screener,2026-08-29T04:55:10.177264+00:00
GOOGL,Alphabet Inc.,NASDAQ,common_stock,False,2004-08-19,Communication Services,Internet Content & Information,US,12102111286.000751,1.237,4194470750615.0,2026-08-28,fmp:company-screener,2026-08-29T04:55:10.177264+00:00
GOOG,Alphabet Inc.,NASDAQ,common_stock,False,2004-08-19,Communication Services,Internet Content & Information,US,12135902452.0007,1.234,4161158232742.0,2026-08-28,fmp:company-screener,2026-08-29T04:55:10.177264+00:00
MSFT,Microsoft Corporation,NASDAQ,common_stock,False,1986-03-13,Technology,Software - Infrastructure,US,7425550000.0,1.099,3813242691500.0,2026-08-28,fmp:company-screener,2026-08-29T04:55:10.177264+00:00
AMZN,"Amazon.com, Inc.",NASDAQ,common_stock,False,1997-05-15,Consumer Cyclical,Specialty Retail,US,10757100000.0,1.454,2866014153000.0,2026-08-28,fmp:company-screener,2026-08-29T04:55:10.177264+00:00
SPCX,Space Exploration Technologies Corp.,NASDAQ,spac,False,2026-06-12,Industrials,Aerospace & Defense,US,13075865442.0,0.0,1850234960043.0,2026-08-28,fmp:company-screener,2026-08-29T04:55:10.177264+00:00
AVGO,Broadcom Inc.,NASDAQ,common_stock,False,2009-08-06,Technology,Semiconductors,US,4757580000.0,1.473,1754547928200.0,2026-08-28,fmp:company-screener,2026-08-29T04:55:10.177264+00:00
META,"Meta Platforms, Inc.",NASDAQ,common_stock,False,2012-05-18,Communication Services,Internet Content & Information,US,2547486569.999308,1.243,1472498187191.0,2026-08-28,fmp:company-screener,2026-08-29T04:55:10.177264+00:00
TSLA,"Tesla, Inc.",NASDAQ,common_stock,False,2010-06-29,Consumer Cyclical,Auto - Manufacturers,US,3949547394.001434,1.827,1377404653658.0,2026-08-28,fmp:company-screener,2026-08-29T04:55:10.177264+00:00
MU,"Micron Technology, Inc.",NASDAQ,common_stock,False,1984-06-01,Technology,Semiconductors,US,1129390000.0,2.213,1053562755400.0,2026-08-28,fmp:company-screener,2026-08-29T04:55:10.177264+00:00
WMT,Walmart Inc.,NASDAQ,common_stock,False,1972-08-25,Consumer Defensive,Discount Stores,US,7958080000.0,0.605,820398467200.0,2026-08-28,fmp:company-screener,2026-08-29T04:55:10.177264+00:00
AMD,"Advanced Micro Devices, Inc.",NASDAQ,common_stock,False,1972-09-07,Technology,Semiconductors,US,1630600000.0,2.489,759174748000.0,2026-08-28,fmp:company-screener,2026-08-29T04:55:10.177264+00:00
ASML,ASML Holding N.V.,NASDAQ,common_stock,True,1995-03-15,Technology,Semiconductors,NL,385417991.0002594,1.365,653730579615.0,2026-08-28,fmp:company-screener,2026-08-29T04:55:10.177264+00:00
INTC,Intel Corp.,NASDAQ,common_stock,False,1980-03-17,Technology,Semiconductors,US,5043999746.998994,2.241,451286657364.0,2026-08-28,fmp:company-screener,2026-08-29T04:55:10.177264+00:00
CSCO,"Cisco Systems, Inc.",NASDAQ,common_stock,False,1990-02-16,Technology,Communication Equipment,US,3941434664.9959064,1.007,433281912723.0,2026-08-28,fmp:company-screener,2026-08-29T04:55:10.177264+00:00
PLTR,Palantir Technologies Inc.,NASDAQ,common_stock,False,2020-09-30,Technology,Software - Infrastructure,US,2296070000.0,1.563,427734880300.0,2026-08-28,fmp:company-screener,2026-08-29T04:55:10.177264+00:00
COST,Costco Wholesale Corporation,NASDAQ,common_stock,False,1986-07-09,Consumer Defensive,Discount Stores,US,443479000.0,0.86,419296090130.0,2026-08-28,fmp:company-screener,2026-08-29T04:55:10.177264+00:00
LRCX,Lam Research Corporation,NASDAQ,common_stock,False,1984-05-04,Technology,Semiconductors,US,1250570000.0,1.865,377547083000.0,2026-08-28,fmp:company-screener,2026-08-29T04:55:10.177264+00:00
AMAT,"Applied Materials, Inc.",NASDAQ,common_stock,False,1980-03-17,Technology,Semiconductors,US,793959000.0,1.618,366547051530.0,2026-08-28,fmp:company-screener,2026-08-29T04:55:10.177264+00:00
NFLX,"Netflix, Inc.",NASDAQ,common_stock,False,2002-05-23,Communication Services,Entertainment,US,4163939998.996574,1.514,340277176718.0,2026-08-28,fmp:company-screener,2026-08-29T04:55:10.177264+00:00
PANW,"Palo Alto Networks, Inc.",NASDAQ,common_stock,False,2012-07-20,Technology,Software - Infrastructure,US,815000000.0,0.893,302845850000.0,2026-08-28,fmp:company-screener,2026-08-29T04:55:10.177264+00:00
ARM,Arm Holdings plc American Depositary Shares,NASDAQ,common_stock,True,2023-09-14,Technology,Semiconductors,GB,1067998568.9981174,3.908,255305057919.0,2026-08-28,fmp:company-screener,2026-08-29T04:55:10.177264+00:00
TXN,Texas Instruments Incorporated,NASDAQ,common_stock,False,1972-06-01,Technology,Semiconductors,US,913247685.9998454,1.325,236202381507.0,2026-08-28,fmp:company-screener,2026-08-29T04:55:10.177264+00:00
AMGN,Amgen Inc.,NASDAQ,common_stock,False,1983-06-17,Healthcare,Drug Manufacturers - General,US,539708000.0,0.413,233380533360.0,2026-08-28,fmp:company-screener,2026-08-29T04:55:10.177264+00:00
KLAC,KLA Corporation,NASDAQ,common_stock,False,1980-10-08,Technology,Semiconductors,US,1306280000.0,1.458,229304391200.0,2026-08-28,fmp:company-screener,2026-08-29T04:55:10.177264+00:00
LIN,Linde plc,NASDAQ,common_stock,True,1992-06-17,Basic Materials,Chemicals - Specialty,GB,462600000.0,0.726,226447326000.0,2026-08-28,fmp:company-screener,2026-08-29T04:55:10.177264+00:00
CRWD,"CrowdStrike Holdings, Inc.",NASDAQ,common_stock,False,2019-06-12,Technology,Software - Infrastructure,US,1018259280.0,1.234,222387826752.0,2026-08-28,fmp:company-screener,2026-08-29T04:55:10.177264+00:00
SNDK,Sandisk Corporation,NASDAQ,common_stock,False,1995-11-08,Technology,Computer Hardware,US,148089750.0,5.1932244,219910316955.0,2026-08-28,fmp:company-screener,2026-08-29T04:55:10.177264+00:00
SHOP,Shopify Inc.,NASDAQ,common_stock,True,2015-05-20,Technology,Software - Application,CA,1297654683.001962,2.585,198411401031.0,2026-08-28,fmp:company-screener,2026-08-29T04:55:10.177264+00:00
TMUS,"T-Mobile US, Inc.",NASDAQ,common_stock,False,2007-04-19,Communication Services,Telecommunications Services,US,1072671613.0010476,0.327,194550450450.0,2026-08-28,fmp:company-screener,2026-08-29T04:55:10.177264+00:00
PEP,"PepsiCo, Inc.",NASDAQ,common_stock,False,1972-06-01,Consumer Defensive,Beverages - Non-Alcoholic,US,1366000000.0,0.361,192701620000.0,2026-08-28,fmp:company-screener,2026-08-29T04:55:10.177264+00:00
MRVL,"Marvell Technology, Inc.",NASDAQ,common_stock,False,2000-06-27,Technology,Semiconductors,US,875766000.0,2.246,189708430920.0,2026-08-28,fmp:company-screener,2026-08-29T04:55:10.177264+00:00
STX,Seagate Technology Holdings plc,NASDAQ,common_stock,True,2002-12-11,Technology,Computer Hardware,SG,224229000.0,2.102,186056255040.0,2026-08-28,fmp:company-screener,2026-08-29T04:55:10.177264+00:00
GILD,"Gilead Sciences, Inc.",NASDAQ,common_stock,False,1992-01-22,Healthcare,Drug Manufacturers - General,US,1241569873.9978034,0.336,180871899244.0,2026-08-28,fmp:company-screener,2026-08-29T04:55:10.177264+00:00
ADI,"Analog Devices, Inc.",NASDAQ,common_stock,False,1980-03-17,Technology,Semiconductors,US,487087000.00000006,1.212,176218334860.0,2026-08-28,fmp:company-screener,2026-08-29T04:55:10.177264+00:00
QCOM,QUALCOMM Incorporated,NASDAQ,common_stock,False,1991-12-13,Technology,Semiconductors,US,1050000000.0,1.663,172399500000.0,2026-08-28,fmp:company-screener,2026-08-29T04:55:10.177264+00:00
IBKR,"Interactive Brokers Group, Inc.",NASDAQ,common_stock,False,2007-05-04,Financial Services,Investment - Banking & Investment Services,US,1728032435.9974957,1.343,165614628666.0,2026-08-28,fmp:company-screener,2026-08-29T04:55:10.177264+00:00
BKNG,Booking Holdings Inc.,NASDAQ,common_stock,False,1999-03-31,Consumer Cyclical,Travel Services,US,774878000.0,1.068,159338163140.0,2026-08-28,fmp:company-screener,2026-08-29T04:55:10.177264+00:00
WDC,Western Digital Corporation,NASDAQ,common_stock,False,1978-10-31,Technology,Computer Hardware,US,344682000.0,2.217,158364144900.0,2026-08-28,fmp:company-screener,2026-08-29T04:55:10.177264+00:00
VRTX,Vertex Pharmaceuticals Incorporated,NASDAQ,common_stock,False,1991-07-24,Healthcare,Biotechnology,US,253804999.99999997,0.305,137483630450.0,2026-08-28,fmp:company-screener,2026-08-29T04:55:10.177264+00:00
ISRG,"Intuitive Surgical, Inc.",NASDAQ,common_stock,False,2000-06-16,Healthcare,Medical - Instruments & Supplies,US,353278000.0,1.46,131631382800.0,2026-08-28,fmp:company-screener,2026-08-29T04:55:10.177264+00:00
SBUX,Starbucks Corporation,NASDAQ,common_stock,False,1992-06-26,Consumer Cyclical,Restaurants,US,1140000000.0,0.966,122949000000.0,2026-08-28,fmp:company-screener,2026-08-29T04:55:10.177264+00:00
PDD,PDD Holdings Inc.,NASDAQ,common_stock,True,2018-07-26,Consumer Cyclical,Specialty Retail,IE,1423396449.0022173,-0.008,121970841715.0,2026-08-28,fmp:company-screener,2026-08-29T04:55:10.177264+00:00
FTNT,"Fortinet, Inc.",NASDAQ,common_stock,False,2009-11-18,Technology,Software - Infrastructure,US,733713653.0,1.058,121796466398.0,2026-08-28,fmp:company-screener,2026-08-29T04:55:10.177264+00:00
ADBE,Adobe Inc.,NASDAQ,common_stock,False,1986-08-13,Technology,Software - Application,US,397500000.0,1.397,115879200000.0,2026-08-28,fmp:company-screener,2026-08-29T04:55:10.177264+00:00
ADP,"Automatic Data Processing, Inc.",NASDAQ,common_stock,False,1980-03-17,Technology,Software - Application,US,399734000.0,0.823,114915530320.0,2026-08-28,fmp:company-screener,2026-08-29T04:55:10.177264+00:00
ABNB,"Airbnb, Inc.",NASDAQ,common_stock,False,2020-12-10,Consumer Cyclical,Travel Services,US,593513628.9975189,1.137,112429286741.0,2026-08-28,fmp:company-screener,2026-08-29T04:55:10.177264+00:00
APP,AppLovin Corporation,NASDAQ,common_stock,False,2021-04-15,Technology,Software - Application,US,335939509.00050354,2.529,106748138380.0,2026-08-28,fmp:company-screener,2026-08-29T04:55:10.177264+00:00
DASH,"DoorDash, Inc.",NASDAQ,common_stock,False,2020-12-09,Communication Services,Internet Content & Information,US,435718712.0005069,1.77,103152047879.0,2026-08-28,fmp:company-screener,2026-08-29T04:55:10.177264+00:00
EQIX,"Equinix, Inc.",NASDAQ,common_stock,False,2000-08-11,Real Estate,REIT - Specialty,US,98671685.99975105,0.972,103053695575.0,2026-08-28,fmp:company-screener,2026-08-29T04:55:10.177264+00:00
CME,CME Group Inc.,NASDAQ,common_stock,False,2002-12-06,Financial Services,Financial - Data & Stock Exchanges,US,359579278.9993002,0.267,102767757938.0,2026-08-28,fmp:company-screener,2026-08-29T04:55:10.177264+00:00
MELI,"MercadoLibre, Inc.",NASDAQ,common_stock,True,2007-08-10,Consumer Cyclical,Specialty Retail,UY,50697182.00025429,1.312,99683334108.0,2026-08-28,fmp:company-screener,2026-08-29T04:55:10.177264+00:00
CEG,Constellation Energy Corporation,NASDAQ,common_stock,False,2022-01-19,Utilities,Independent Power Producers,US,359102020.0,1.118,99381484035.0,2026-08-28,fmp:company-screener,2026-08-29T04:55:10.177264+00:00
INTU,Intuit Inc.,NASDAQ,common_stock,False,1993-03-12,Technology,Software - Application,US,273537000.0,0.959,97942658220.0,2026-08-28,fmp:company-screener,2026-08-29T04:55:10.177264+00:00
CMCSA,Comcast Corporation,NASDAQ,common_stock,False,1980-03-17,Communication Services,Telecommunications Services,US,3548636613.00813,0.647,96026106748.0,2026-08-28,fmp:company-screener,2026-08-29T04:55:10.177264+00:00
CSX,CSX Corporation,NASDAQ,common_stock,False,1980-11-03,Industrials,Railroads,US,1852480000.0,1.211,94995174400.0,2026-08-28,fmp:company-screener,2026-08-29T04:55:10.177264+00:00
CDNS,"Cadence Design Systems, Inc.",NASDAQ,common_stock,False,1987-06-10,Technology,Software - Application,US,275393000.0,1.142,93741023270.0,2026-08-28,fmp:company-screener,2026-08-29T04:55:10.177264+00:00
HOOD,"Robinhood Markets, Inc.",NASDAQ,common_stock,False,2021-07-29,Financial Services,Financial - Capital Markets,US,899082315.000959,2.321,93738322162.0,2026-08-28,fmp:company-screener,2026-08-29T04:55:10.177264+00:00
MNST,Monster Beverage Corporation,NASDAQ,common_stock,False,1985-12-09,Consumer Defensive,Beverages - Non-Alcoholic,US,1956016219.995732,0.524,91658920069.0,2026-08-28,fmp:company-screener,2026-08-29T04:55:10.177264+00:00
MAR,"Marriott International, Inc.",NASDAQ,common_stock,False,1998-03-23,Consumer Cyclical,Travel Lodging,US,260766287.99988607,1.12,91549828391.0,2026-08-28,fmp:company-screener,2026-08-29T04:55:10.177264+00:00
SNPS,"Synopsys, Inc.",NASDAQ,common_stock,False,1992-02-26,Technology,Software - Infrastructure,US,191479324.99943516,1.213,84750664038.0,2026-08-28,fmp:company-screener,2026-08-29T04:55:10.177264+00:00
DDOG,"Datadog, Inc.",NASDAQ,common_stock,False,2019-09-19,Technology,Software - Application,US,355960174.0020255,1.509,84355442035.0,2026-08-28,fmp:company-screener,2026-08-29T04:55:10.177264+00:00
REGN,"Regeneron Pharmaceuticals, Inc.",NASDAQ,common_stock,False,1991-04-02,Healthcare,Biotechnology,US,103022000.0,0.236,81819042180.0,2026-08-28,fmp:company-screener,2026-08-29T04:55:10.177264+00:00
CTAS,Cintas Corporation,NASDAQ,common_stock,False,1983-08-19,Industrials,Specialty Business Services,US,400169561.00009793,0.918,81706620965.0,2026-08-28,fmp:company-screener,2026-08-29T04:55:10.177264+00:00
MDLZ,"Mondelez International, Inc.",NASDAQ,common_stock,False,2001-06-13,Consumer Defensive,Food Confectioners,US,1276310000.0,0.404,79590691600.0,2026-08-28,fmp:company-screener,2026-08-29T04:55:10.177264+00:00
ORLY,"O'Reilly Automotive, Inc.",NASDAQ,common_stock,False,1993-04-23,Consumer Cyclical,Specialty Retail,US,828715000.0,0.519,73341277500.0,2026-08-28,fmp:company-screener,2026-08-29T04:55:10.177264+00:00
ROST,"Ross Stores, Inc.",NASDAQ,common_stock,False,1985-08-08,Consumer Cyclical,Apparel - Retail,US,320781076.00087506,0.877,73314514920.0,2026-08-28,fmp:company-screener,2026-08-29T04:55:10.177264+00:00
WBD,"Warner Bros. Discovery, Inc.",NASDAQ,common_stock,False,2005-07-08,Communication Services,Entertainment,US,2507136702.015989,1.565,72130322917.0,2026-08-28,fmp:company-screener,2026-08-29T04:55:10.177264+00:00
LITE,Lumentum Holdings Inc.,NASDAQ,common_stock,False,2015-07-23,Technology,Communication Equipment,US,77800000.0,1.513,69631000000.0,2026-08-28,fmp:company-screener,2026-08-29T04:55:10.177264+00:00
HON,Honeywell International Inc.,NASDAQ,common_stock,False,2001-02-21,Industrials,Conglomerates,US,316940000.0,0.918,68912264200.0,2026-08-28,fmp:company-screener,2026-08-29T04:55:10.177264+00:00
AEP,"American Electric Power Company, Inc.",NASDAQ,common_stock,False,1962-01-02,Utilities,Regulated Electric,US,544397000.0,0.507,66585197070.0,2026-08-28,fmp:company-screener,2026-08-29T04:55:10.177264+00:00
PCAR,PACCAR Inc,NASDAQ,common_stock,False,1980-03-17,Industrials,Industrial - Machinery,US,526364952.99984044,0.985,65974583209.0,2026-08-28,fmp:company-screener,2026-08-29T04:55:10.177264+00:00
BKR,Baker Hughes Company,NASDAQ,common_stock,False,1987-04-06,Energy,Oil & Gas Equipment & Services,US,992674000.0,0.959,61952784340.0,2026-08-28,fmp:company-screener,2026-08-29T04:55:10.177264+00:00
MPWR,"Monolithic Power Systems, Inc.",NASDAQ,common_stock,False,2004-11-19,Technology,Semiconductors,US,49130000.0,1.686,61720053800.0,2026-08-28,fmp:company-screener,2026-08-29T04:55:10.177264+00:00
FAST,Fastenal Company,NASDAQ,common_stock,False,1987-08-20,Industrials,Industrial - Distribution,US,1147500000.0,0.712,57122550000.0,2026-08-28,fmp:company-screener,2026-08-29T04:55:10.177264+00:00
NXPI,NXP Semiconductors N.V.,NASDAQ,common_stock,True,2010-08-06,Technology,Semiconductors,NL,252164174.0003578,1.825,56378866023.0,2026-08-28,fmp:company-screener,2026-08-29T04:55:10.177264+00:00
FANG,"Diamondback Energy, Inc.",NASDAQ,common_stock,False,2012-10-12,Energy,Oil & Gas Exploration & Production,US,281313000.0,0.419,55607140710.0,2026-08-28,fmp:company-screener,2026-08-29T04:55:10.177264+00:00
NDAQ,"Nasdaq, Inc.",NASDAQ,common_stock,False,2002-07-01,Financial Services,Financial - Data & Stock Exchanges,US,558977371.9967778,0.971,55512042813.0,2026-08-28,fmp:company-screener,2026-08-29T04:55:10.177264+00:00
TER,"Teradyne, Inc.",NASDAQ,common_stock,False,1970-09-14,Technology,Semiconductors,US,156341000.0,1.793,55496364770.0,2026-08-28,fmp:company-screener,2026-08-29T04:55:10.177264+00:00
ADSK,"Autodesk, Inc.",NASDAQ,common_stock,False,1985-06-28,Technology,Software - Application,US,211145251.00130436,1.298,55037121126.0,2026-08-28,fmp:company-screener,2026-08-29T04:55:10.177264+00:00
MRNA,"Moderna, Inc.",NASDAQ,common_stock,False,2018-12-07,Healthcare,Biotechnology,US,396786000.0,0.899,54752500140.0,2026-08-28,fmp:company-screener,2026-08-29T04:55:10.177264+00:00
WDAY,"Workday, Inc.",NASDAQ,common_stock,False,2012-10-12,Technology,Software - Application,US,261942106.99980462,1.054,53624788145.0,2026-08-28,fmp:company-screener,2026-08-29T04:55:10.177264+00:00
HONA,Honeywell Aerospace Inc,NASDAQ,spac,False,2026-06-29,Industrials,Aerospace & Defense,US,316939750.00307935,0.08,51461507208.0,2026-08-28,fmp:company-screener,2026-08-29T04:55:10.177264+00:00
NBIS,Nebius Group N.V.,NASDAQ,common_stock,True,2011-05-24,Technology,Software - Infrastructure,NL,240000000.0,1.444,50203200000.0,2026-08-28,fmp:company-screener,2026-08-29T04:55:10.177264+00:00
ALAB,"Astera Labs, Inc. Common Stock",NASDAQ,common_stock,False,2024-03-20,Technology,Semiconductors,US,171407938.99885997,3.843,49617456102.0,2026-08-28,fmp:company-screener,2026-08-29T04:55:10.177264+00:00
AXON,"Axon Enterprise, Inc.",NASDAQ,common_stock,False,2001-06-07,Industrials,Aerospace & Defense,US,80602076.99965042,1.397,48420085716.0,2026-08-28,fmp:company-screener,2026-08-29T04:55:10.177264+00:00
CCEP,Coca-Cola Europacific Partners PLC,NASDAQ,common_stock,True,1986-11-24,Consumer Defensive,Beverages - Non-Alcoholic,GB,443218000.0,0.477,48355083800.0,2026-08-28,fmp:company-screener,2026-08-29T04:55:10.177264+00:00
XEL,Xcel Energy Inc.,NASDAQ,common_stock,False,2001-03-13,Utilities,Regulated Electric,US,624634000.0,0.405,47753269300.0,2026-08-28,fmp:company-screener,2026-08-29T04:55:10.177264+00:00
COIN,"Coinbase Global, Inc.",NASDAQ,common_stock,False,2021-04-14,Financial Services,Financial - Data & Stock Exchanges,US,263834128.00044784,3.361,47131328626.0,2026-08-28,fmp:company-screener,2026-08-29T04:55:10.177264+00:00
EBAY,eBay Inc.,NASDAQ,common_stock,False,1998-09-24,Consumer Cyclical,Specialty Retail,US,444000000.0,1.355,46895280000.0,2026-08-28,fmp:company-screener,2026-08-29T04:55:10.177264+00:00
TRI,Thomson Reuters Corporation,NASDAQ,common_stock,True,2002-06-12,Industrials,Specialty Business Services,CA,436538836.9969405,0.171,46371337960.0,2026-08-28,fmp:company-screener,2026-08-29T04:55:10.177264+00:00
CRWV,"CoreWeave, Inc. Class A Common Stock",NASDAQ,common_stock,False,2025-03-28,Technology,Software - Infrastructure,US,545570387.9971507,7.4068756,45953393781.0,2026-08-28,fmp:company-screener,2026-08-29T04:55:10.177264+00:00
PYPL,"PayPal Holdings, Inc.",NASDAQ,common_stock,False,2015-07-06,Financial Services,Financial - Credit Services,US,855461000.0,1.298,45904037260.0,2026-08-28,fmp:company-screener,2026-08-29T04:55:10.177264+00:00
EXC,Exelon Corporation,NASDAQ,common_stock,False,1973-05-02,Utilities,Regulated Electric,US,1030253952.9933985,0.396,45259056155.0,2026-08-28,fmp:company-screener,2026-08-29T04:55:10.177264+00:00
PAYX,"Paychex, Inc.",NASDAQ,common_stock,False,1983-08-26,Industrials,Staffing & Employment Services,US,355682859.9968514,0.798,45185950534.0,2026-08-28,fmp:company-screener,2026-08-29T04:55:10.177264+00:00
TTWO,"Take-Two Interactive Software, Inc.",NASDAQ,common_stock,False,1997-04-15,Technology,Electronic Gaming & Multimedia,US,186980000.0,0.983,44013222200.0,2026-08-28,fmp:company-screener,2026-08-29T04:55:10.177264+00:00
KDP,Keurig Dr Pepper Inc.,NASDAQ,common_stock,False,2008-05-07,Consumer Defensive,Beverages - Non-Alcoholic,US,1360559471.0068367,0.411,43782803777.0,2026-08-28,fmp:company-screener,2026-08-29T04:55:10.177264+00:00
IDXX,"IDEXX Laboratories, Inc.",NASDAQ,common_stock,False,1991-06-21,Healthcare,Medical - Diagnostics & Research,US,78883000.0,1.542,43779276170.0,2026-08-28,fmp:company-screener,2026-08-29T04:55:10.177264+00:00
ROP,"Roper Technologies, Inc.",NASDAQ,common_stock,False,1992-02-13,Technology,Software - Application,US,100917000.0,0.737,43010825400.0,2026-08-28,fmp:company-screener,2026-08-29T04:55:10.177264+00:00
FER,Ferrovial SE,NASDAQ,common_stock,True,2012-08-13,Industrials,Engineering & Construction,NL,725331783.0069811,0.795,42598735616.0,2026-08-28,fmp:company-screener,2026-08-29T04:55:10.177264+00:00
MSTR,Strategy Inc,NASDAQ,common_stock,False,1998-06-11,Technology,Software - Application,US,330808000.0,3.555,42115166480.0,2026-08-28,fmp:company-screener,2026-08-29T04:55:10.177264+00:00
ODFL,"Old Dominion Freight Line, Inc.",NASDAQ,common_stock,False,1991-10-24,Industrials,Trucking,US,207968282.99854,1.177,41308740052.0,2026-08-28,fmp:company-screener,2026-08-29T04:55:10.177264+00:00
FLEX,Flex Ltd.,NASDAQ,common_stock,False,1994-03-18,Technology,"Hardware, Equipment & Parts",US,369402978.0,1.668,40819029069.0,2026-08-28,fmp:company-screener,2026-08-29T04:55:10.177264+00:00
MCHP,Microchip Technology Incorporated,NASDAQ,common_stock,False,1993-03-19,Technology,Semiconductors,US,543008000.0,1.742,39601573440.0,2026-08-28,fmp:company-screener,2026-08-29T04:55:10.177264+00:00
EXPE,"Expedia Group, Inc.",NASDAQ,common_stock,False,2005-07-21,Consumer Cyclical,Travel Services,US,114498625.0,1.246,37720427020.0,2026-08-28,fmp:company-screener,2026-08-29T04:55:10.177264+00:00
RKLB,"Rocket Lab USA, Inc.",NASDAQ,common_stock,False,2020-11-24,Industrials,Aerospace & Defense,US,578867474.9961174,2.629,37273276715.0,2026-08-28,fmp:company-screener,2026-08-29T04:55:10.177264+00:00
NTAP,"NetApp, Inc.",NASDAQ,common_stock,False,1995-11-21,Technology,Computer Hardware,US,196234000.0,1.433,36699682680.0,2026-08-28,fmp:company-screener,2026-08-29T04:55:10.177264+00:00
KMB,Kimberly-Clark Corporation,NASDAQ,common_stock,False,1980-03-17,Consumer Defensive,Household & Personal Products,US,331940000.0,0.276,36364027000.0,2026-08-28,fmp:company-screener,2026-08-29T04:55:10.177264+00:00
UAL,"United Airlines Holdings, Inc.",NASDAQ,common_stock,False,2006-02-06,Industrials,"Airlines, Airports & Air Services",US,324569728.00180835,1.292,35897411917.0,2026-08-28,fmp:company-screener,2026-08-29T04:55:10.177264+00:00
ACGL,Arch Capital Group Ltd.,NASDAQ,common_stock,True,1995-09-14,Financial Services,Insurance - Diversified,BM,349390000.0,0.288,34533707600.0,2026-08-28,fmp:company-screener,2026-08-29T04:55:10.177264+00:00
DXCM,"DexCom, Inc.",NASDAQ,common_stock,False,2005-04-14,Healthcare,Medical - Devices,US,377361000.0,1.41,34271926020.0,2026-08-28,fmp:company-screener,2026-08-29T04:55:10.177264+00:00
HBAN,Huntington Bancshares Incorporated,NASDAQ,common_stock,False,1980-03-17,Financial Services,Banks - Regional,US,2020414978.0141842,0.946,34185421428.0,2026-08-28,fmp:company-screener,2026-08-29T04:55:10.177264+00:00
NTRS,Northern Trust Corporation,NASDAQ,common_stock,False,1980-03-17,Financial Services,Asset Management,US,182956000.0,1.259,34174351240.0,2026-08-28,fmp:company-screener,2026-08-29T04:55:10.177264+00:00
STLD,"Steel Dynamics, Inc.",NASDAQ,common_stock,False,1996-11-22,Basic Materials,Steel,US,143328097.0021094,1.532,33634087883.0,2026-08-28,fmp:company-screener,2026-08-29T04:55:10.177264+00:00
GEHC,GE HealthCare Technologies Inc.,NASDAQ,common_stock,False,2022-12-15,Healthcare,Medical - Devices,US,451686252.0041827,0.817,32397196425.0,2026-08-28,fmp:company-screener,2026-08-29T04:55:10.177264+00:00
BIIB,Biogen Inc.,NASDAQ,common_stock,False,1991-09-17,Healthcare,Drug Manufacturers - General,US,147753998.0,0.162,32284248563.0,2026-08-28,fmp:company-screener,2026-08-29T04:55:10.177264+00:00
WTW,Willis Towers Watson Public Limited Company,NASDAQ,common_stock,True,2001-06-12,Financial Services,Insurance - Brokers,GB,92871940.0,0.418,31924729375.0,2026-08-28,fmp:company-screener,2026-08-29T04:55:10.177264+00:00
ALNY,"Alnylam Pharmaceuticals, Inc.",NASDAQ,common_stock,False,2004-06-01,Healthcare,Biotechnology,US,133809000.0,0.279,31726113900.0,2026-08-28,fmp:company-screener,2026-08-29T04:55:10.177264+00:00
CPRT,"Copart, Inc.",NASDAQ,common_stock,False,1994-03-17,Industrials,Specialty Business Services,US,925811481.9945438,1.014,30542520791.0,2026-08-28,fmp:company-screener,2026-08-29T04:55:10.177264+00:00
KHC,The Kraft Heinz Company,NASDAQ,common_stock,False,2015-07-06,Consumer Defensive,Packaged Foods,US,1185777638.0155642,0.083,30474485297.0,2026-08-28,fmp:company-screener,2026-08-29T04:55:10.177264+00:00
FOXA,Fox Corporation,NASDAQ,common_stock,False,2019-03-12,Communication Services,Entertainment,US,438504842.99912304,0.541,30002501358.0,2026-08-28,fmp:company-screener,2026-08-29T04:55:10.177264+00:00
CTSH,Cognizant Technology Solutions Corporation,NASDAQ,common_stock,False,1998-06-19,Technology,Information Technology Services,US,450444208.99437845,0.809,28846447144.0,2026-08-28,fmp:company-screener,2026-08-29T04:55:10.177264+00:00
FISV,"Fiserv, Inc.",NASDAQ,common_stock,False,1986-09-25,Technology,Information Technology Services,US,533254000.0,0.798,28358447720.0,2026-08-28,fmp:company-screener,2026-08-29T04:55:10.177264+00:00
ON,ON Semiconductor Corporation,NASDAQ,common_stock,False,2000-05-02,Technology,Semiconductors,US,389312000.0,2.016,28267944320.0,2026-08-28,fmp:company-screener,2026-08-29T04:55:10.177264+00:00
CASY,"Casey's General Stores, Inc.",NASDAQ,common_stock,False,1983-10-20,Consumer Cyclical,Specialty Retail,US,37004900.0,0.615,27956091803.0,2026-08-28,fmp:company-screener,2026-08-29T04:55:10.177264+00:00
FOX,Fox Corporation,NASDAQ,common_stock,False,2019-03-13,Communication Services,Entertainment,US,438504843.0039139,0.576,26889116973.0,2026-08-28,fmp:company-screener,2026-08-29T04:55:10.177264+00:00
CINF,Cincinnati Financial Corporation,NASDAQ,common_stock,False,1980-03-17,Financial Services,Insurance - Property & Casualty,US,153478045.00203523,0.554,26393619399.0,2026-08-28,fmp:company-screener,2026-08-29T04:55:10.177264+00:00
VRSN,"VeriSign, Inc.",NASDAQ,common_stock,False,1998-01-30,Technology,Software - Infrastructure,US,90400000.0,0.703,26390472000.0,2026-08-28,fmp:company-screener,2026-08-29T04:55:10.177264+00:00
INCY,Incyte Corporation,NASDAQ,common_stock,False,1993-11-04,Healthcare,Biotechnology,US,202697745.9998392,0.769,25209518670.0,2026-08-28,fmp:company-screener,2026-08-29T04:55:10.177264+00:00
VRSK,"Verisk Analytics, Inc.",NASDAQ,common_stock,False,2009-10-07,Technology,Software - Services,US,130156019.00192939,0.664,24960019764.0,2026-08-28,fmp:company-screener,2026-08-29T04:55:10.177264+00:00
DLTR,"Dollar Tree, Inc.",NASDAQ,common_stock,False,1995-03-07,Consumer Defensive,Discount Stores,US,192175000.0,0.665,24648365500.0,2026-08-28,fmp:company-screener,2026-08-29T04:55:10.177264+00:00
JBHT,"J.B. Hunt Transport Services, Inc.",NASDAQ,common_stock,False,1983-11-22,Industrials,Integrated Freight & Logistics,US,93914900.00000001,1.297,24514606347.0,2026-08-28,fmp:company-screener,2026-08-29T04:55:10.177264+00:00
SMCI,"Super Micro Computer, Inc.",NASDAQ,common_stock,False,2007-03-28,Technology,Computer Hardware,US,646873000.0,1.967,23986050840.0,2026-08-28,fmp:company-screener,2026-08-29T04:55:10.177264+00:00
PFG,"Principal Financial Group, Inc.",NASDAQ,common_stock,False,2001-10-23,Financial Services,Asset Management,US,214105000.0,0.88,23853438050.0,2026-08-28,fmp:company-screener,2026-08-29T04:55:10.177264+00:00
TROW,"T. Rowe Price Group, Inc.",NASDAQ,common_stock,False,1986-04-02,Financial Services,Asset Management,US,214267000.0,1.483,23835061080.0,2026-08-28,fmp:company-screener,2026-08-29T04:55:10.177264+00:00
EXE,Expand Energy Corporation,NASDAQ,common_stock,False,2021-02-10,Energy,Oil & Gas Exploration & Production,US,231504000.0,0.319,22724432640.0,2026-08-28,fmp:company-screener,2026-08-29T04:55:10.177264+00:00
ULTA,"Ulta Beauty, Inc.",NASDAQ,common_stock,False,2007-10-25,Consumer Cyclical,Specialty Retail,US,42989311.000966184,0.852,22246968443.0,2026-08-28,fmp:company-screener,2026-08-29T04:55:10.177264+00:00
FFIV,"F5, Inc.",NASDAQ,common_stock,False,1999-06-04,Technology,Software - Infrastructure,US,56419200.0,1.033,22242705408.0,2026-08-28,fmp:company-screener,2026-08-29T04:55:10.177264+00:00
FSLR,"First Solar, Inc.",NASDAQ,common_stock,False,2006-11-17,Energy,Solar,US,107469786.99990217,1.746,21973272650.0,2026-08-28,fmp:company-screener,2026-08-29T04:55:10.177264+00:00
CHTR,"Charter Communications, Inc.",NASDAQ,common_stock,False,2010-01-05,Communication Services,Telecommunications Services,US,134777483.99947923,0.678,20704517092.0,2026-08-28,fmp:company-screener,2026-08-29T04:55:10.177264+00:00
SBAC,SBA Communications Corporation,NASDAQ,common_stock,False,1999-06-16,Real Estate,REIT - Specialty,US,106063000.0,0.979,20252729850.0,2026-08-28,fmp:company-screener,2026-08-29T04:55:10.177264+00:00
NWS,News Corporation,NASDAQ,common_stock,False,2013-06-19,Communication Services,Publishing,US,547397518.9956958,0.885,19076803537.0,2026-08-28,fmp:company-screener,2026-08-29T04:55:10.177264+00:00
VTRS,Viatris Inc.,NASDAQ,common_stock,False,1980-03-17,Healthcare,Drug Manufacturers - Specialty & Generic,US,1164552653.9779682,0.893,19028790366.0,2026-08-28,fmp:company-screener,2026-08-29T04:55:10.177264+00:00
CDW,CDW Corporation,NASDAQ,common_stock,False,2013-06-27,Technology,Information Technology Services,US,127753000.0,0.94,18867840570.0,2026-08-28,fmp:company-screener,2026-08-29T04:55:10.177264+00:00
EVRG,"Evergy, Inc.",NASDAQ,common_stock,False,2018-06-04,Utilities,Regulated Electric,US,230512999.99999997,0.515,18590873450.0,2026-08-28,fmp:company-screener,2026-08-29T04:55:10.177264+00:00
GEN,Gen Digital Inc.,NASDAQ,common_stock,False,1989-06-23,Technology,Software - Infrastructure,US,598577064.9903288,1.201,18567860556.0,2026-08-28,fmp:company-screener,2026-08-29T04:55:10.177264+00:00
TSCO,Tractor Supply Company,NASDAQ,common_stock,False,1994-02-17,Consumer Cyclical,Specialty Retail,US,524450000.0,0.452,18208904000.0,2026-08-28,fmp:company-screener,2026-08-29T04:55:10.177264+00:00
PTC,PTC Inc.,NASDAQ,common_stock,False,1989-12-08,Technology,Software - Application,US,115506000.0,0.988,18151767900.0,2026-08-28,fmp:company-screener,2026-08-29T04:55:10.177264+00:00
NDSN,Nordson Corporation,NASDAQ,common_stock,False,1980-03-18,Industrials,Industrial - Machinery,US,55718000.00000001,0.964,18085505620.0,2026-08-28,fmp:company-screener,2026-08-29T04:55:10.177264+00:00
CHRW,"C.H. Robinson Worldwide, Inc.",NASDAQ,common_stock,False,1997-10-16,Industrials,Integrated Freight & Logistics,US,117873041.99747324,0.946,17726926786.0,2026-08-28,fmp:company-screener,2026-08-29T04:55:10.177264+00:00
LNT,Alliant Energy Corporation,NASDAQ,common_stock,False,1988-01-05,Utilities,Regulated Electric,US,258277000.0,0.539,17570584310.0,2026-08-28,fmp:company-screener,2026-08-29T04:55:10.177264+00:00
NWSA,News Corporation,NASDAQ,common_stock,False,2013-06-19,Communication Services,Publishing,US,561331886.9874072,0.911,17384448540.0,2026-08-28,fmp:company-screener,2026-08-29T04:55:10.177264+00:00
ZBRA,Zebra Technologies Corporation,NASDAQ,common_stock,False,1991-08-15,Technology,Communication Equipment,US,47633400.0,1.583,16978925430.0,2026-08-28,fmp:company-screener,2026-08-29T04:55:10.177264+00:00
AKAM,"Akamai Technologies, Inc.",NASDAQ,common_stock,False,1999-10-29,Technology,Software - Infrastructure,US,145385451.00027916,0.645,15624574419.0,2026-08-28,fmp:company-screener,2026-08-29T04:55:10.177264+00:00
HST,"Host Hotels & Resorts, Inc.",NASDAQ,common_stock,False,1980-03-17,Real Estate,REIT - Hotel & Motel,US,684879000.0,1.122,15259104120.0,2026-08-28,fmp:company-screener,2026-08-29T04:55:10.177264+00:00
APA,APA Corporation,NASDAQ,common_stock,False,1979-05-15,Energy,Oil & Gas Exploration & Production,US,353470000.0,0.348,15036613800.0,2026-08-28,fmp:company-screener,2026-08-29T04:55:10.177264+00:00
TRMB,Trimble Inc.,NASDAQ,common_stock,False,1990-07-20,Technology,"Hardware, Equipment & Parts",US,233111518.99688578,1.356,14222133774.0,2026-08-28,fmp:company-screener,2026-08-29T04:55:10.177264+00:00
COO,"The Cooper Companies, Inc.",NASDAQ,common_stock,False,1983-01-21,Healthcare,Medical - Instruments & Supplies,US,195031000.0,0.823,13880356270.0,2026-08-28,fmp:company-screener,2026-08-29T04:55:10.177264+00:00
REG,Regency Centers Corporation,NASDAQ,common_stock,False,1993-10-29,Real Estate,REIT - Retail,US,182614521.00105932,0.819,13791048626.0,2026-08-28,fmp:company-screener,2026-08-29T04:55:10.177264+00:00
ECHO,EchoStar Corporation,NASDAQ,common_stock,False,2008-01-01,Communication Services,Telecommunications Services,US,158465000.0,0.95,13761100600.0,2026-08-28,fmp:company-screener,2026-08-29T04:55:10.177264+00:00
LULU,Lululemon Athletica Inc.,NASDAQ,common_stock,True,2007-07-27,Consumer Cyclical,Apparel - Retail,CA,113553916.00033109,0.863,13718448592.0,2026-08-28,fmp:company-screener,2026-08-29T04:55:10.177264+00:00
HAS,"Hasbro, Inc.",NASDAQ,common_stock,False,1980-03-17,Consumer Cyclical,Leisure,US,141044466.99564895,0.468,13290620125.0,2026-08-28,fmp:company-screener,2026-08-29T04:55:10.177264+00:00
CSGP,"CoStar Group, Inc.",NASDAQ,common_stock,False,1998-07-01,Real Estate,Real Estate - Services,US,405198000.0,0.731,13055479560.0,2026-08-28,fmp:company-screener,2026-08-29T04:55:10.177264+00:00
JKHY,"Jack Henry & Associates, Inc.",NASDAQ,common_stock,False,1985-11-20,Technology,Information Technology Services,US,71050800.0,0.553,12059452284.0,2026-08-28,fmp:company-screener,2026-08-29T04:55:10.177264+00:00
ERIE,Erie Indemnity Company,NASDAQ,common_stock,False,1995-10-02,Financial Services,Insurance - Property & Casualty,US,46189100.00000001,0.3,12027641640.0,2026-08-28,fmp:company-screener,2026-08-29T04:55:10.177264+00:00
PSKY,Paramount Skydance Corporation Class B Common Stock,NASDAQ,common_stock,False,2005-12-05,Communication Services,Entertainment,US,1087670000.0,1.471,11833849600.0,2026-08-28,fmp:company-screener,2026-08-29T04:55:10.177264+00:00
DPZ,"Domino's Pizza, Inc.",NASDAQ,common_stock,False,2004-07-13,Consumer Cyclical,Restaurants,US,33081735.0,0.951,11578607250.0,2026-08-28,fmp:company-screener,2026-08-29T04:55:10.177264+00:00
TECH,Bio-Techne Corporation,NASDAQ,common_stock,False,1989-02-09,Healthcare,Biotechnology,US,156569000.0,1.277,11327767150.0,2026-08-28,fmp:company-screener,2026-08-29T04:55:10.177264+00:00
ALGN,"Align Technology, Inc.",NASDAQ,common_stock,False,2001-01-30,Healthcare,Medical - Devices,US,71618127.00215763,1.653,11285584453.0,2026-08-28,fmp:company-screener,2026-08-29T04:55:10.177264+00:00
HSIC,"Henry Schein, Inc.",NASDAQ,common_stock,False,1995-11-03,Healthcare,Medical - Distribution,US,113917000.0,0.808,10197849840.0,2026-08-28,fmp:company-screener,2026-08-29T04:55:10.177264+00:00
PODD,Insulet Corp.,NASDAQ,common_stock,False,2007-05-15,Healthcare,Medical - Devices,US,69264674.00261834,1.095,10052382138.0,2026-08-28,fmp:company-screener,2026-08-29T04:55:10.177264+00:00
SWKS,"Skyworks Solutions, Inc.",NASDAQ,common_stock,False,1984-09-07,Technology,Semiconductors,US,150472782.00334397,1.51,9899604328.0,2026-08-28,fmp:company-screener,2026-08-29T04:55:10.177264+00:00
WYNN,"Wynn Resorts, Limited",NASDAQ,common_stock,False,2002-10-25,Consumer Cyclical,"Gambling, Resorts & Casinos",US,103787000.0,1.005,9886749620.0,2026-08-28,fmp:company-screener,2026-08-29T04:55:10.177264+00:00
TTD,"The Trade Desk, Inc.",NASDAQ,common_stock,False,2016-09-21,Communication Services,Advertising Agencies,US,470108336.03537214,1.037,6379370120.0,2026-08-28,fmp:company-screener,2026-08-29T04:55:10.177264+00:00
