ticker,scenario,probability,revenue_growth_y1,terminal_growth,operating_margin,forward_roic,terminal_roic,share_change_rate,sbc_fade_speed,reinvestment_rate_y1,intrinsic_value_per_share,irr_3y,irr_5y,exit_value_per_share,total_return_5y,irr_5y_status,scenario_is_finite
LLY,bear,0.25,0.15664131004495074,0.02,0.2428805385203756,0.33020778737176765,0.07373732442856046,0.0,0.5,0.3916111399588897,331.79655218506707,-0.3164386686737998,-0.17032467601893586,364.10580037791493,-0.5833628013256367,valid,True
LLY,base,0.5,0.25,0.025,0.2985125860686211,0.44027704982902355,0.4178081646619752,-0.021366201978122216,1.0,0.4656159117982856,730.5099883592351,-0.11127012119686695,-0.019074701425415664,942.9853871027399,-0.09064524978789745,valid,True
LLY,bull,0.25,0.3246869519640394,0.030000000000000002,0.34692212159693625,0.4843047548119259,0.44027704982902355,-0.021366201978122216,1.5,0.5487238333524771,1131.830036587817,0.024235805065109188,0.07860245523770576,1507.6555986013514,0.4525796151550445,valid,True
JNJ,bear,0.25,0.009515933168258911,0.02,0.2339753244873958,0.1082732958674564,0.07325026824667935,0.0,0.5,0.10725402271694918,103.16699119905591,-0.230147839532583,-0.12677851497719528,108.9499404014493,-0.46309211167238795,valid,True
JNJ,base,0.5,0.0503913890982729,0.025,0.26112666111616145,0.14436439448994187,0.1406664599252922,-0.030889046428312028,1.0,0.3138801048465961,154.73146563636374,-0.1188570281170541,-0.048053056905337115,196.19638979494923,-0.21562373791502454,valid,True
JNJ,bull,0.25,0.0830917538422841,0.030000000000000002,0.2823243098714786,0.15880083393893607,0.14436439448994187,-0.030889046428312028,1.5,0.4563792347696082,195.1191972931155,-0.04590984918759202,0.004268026957288412,256.5389436296376,0.021274859760342713,valid,True
ABBV,bear,0.25,0.019854411079421957,0.02,0.22008992498224023,0.21851443808086696,0.07237998356445725,0.0,0.5,0.09099411937338048,72.94410056745474,-0.3146000638254918,-0.18264813904825133,75.71784806952215,-0.6027929305213968,valid,True
ABBV,base,0.5,0.10114913441342555,0.025,0.28007514501636444,0.2913525841078226,0.2745792829062008,-0.003521929017248699,1.0,0.29489804524590646,180.57390051194417,-0.06247625444375442,-0.0028460648551117346,219.60895793512654,-0.01353677077581772,valid,True
ABBV,bull,0.25,0.1661849130806284,0.030000000000000002,0.33264117445900515,0.3204878425186049,0.2913525841078226,-0.003521929017248699,1.5,0.4335513302862231,293.2196129647497,0.0943652509362437,0.10409438209026123,369.80384302464955,0.6130886917563083,valid,True
ORCL,bear,0.25,0.05592221020540841,0.02,0.251666243476154,0.06341540139303953,0.11527316085269436,0.015493408905701144,0.5,0.7685478147848827,5.771145758575673,-0.5291926707257517,-0.3160163689230103,19.196848677360478,-0.8489649166807214,valid,True
ORCL,base,0.5,0.12868123375986662,0.025,0.30822780689561535,0.0845538685240527,0.11527316085269436,0.015493408905701144,1.0,1.2,22.198153897520264,-0.3734970916120801,-0.18473707811499473,50.69459903117444,-0.6591595725460928,valid,True
ORCL,bull,0.25,0.18688845260343318,0.030000000000000002,0.3467996543656141,0.09300925537645797,0.11527316085269436,0.015493408905701144,1.5,1.2,38.03687482318671,-0.2791566497646273,-0.1171934082813095,78.94894170635162,-0.48405971165637585,valid,True
CVX,bear,0.25,-0.21946719617147425,0.02,0.04014531521891302,0.027855266912468125,0.07233591199339878,0.005944834684229017,0.5,0.0,13.796523813535186,-0.6075843197613722,-0.47361785520915867,7.162457600163474,-0.9140941996648274,valid,True
CVX,base,0.5,0.13317417311488822,0.025,0.09720176629979874,0.037140355883290836,0.07233591199339878,0.005944834684229017,1.0,1.2,93.6631975408775,-0.17665600791806357,-0.08752931385533883,141.43649893033975,-0.37820701220625985,valid,True
CVX,bull,0.25,0.4152872685439782,0.030000000000000002,0.14314222338663948,0.04085439147161992,0.07233591199339878,0.005944834684229017,1.5,1.2,317.2564432250264,0.1569934128725436,0.15177155063720416,455.2926408229801,1.0663317024432444,valid,True
KO,bear,0.25,-0.02533733136723401,0.02,0.23316862985079678,0.18281613790664253,0.07235186080914516,0.0,0.5,0.0,23.821865622476608,-0.32211701777996493,-0.19546394756180233,23.771229269214857,-0.6269498063979584,valid,True
KO,base,0.5,0.03958366943216529,0.025,0.2667444120505345,0.24375485054219004,0.23086534571426506,-0.003609443025478997,1.0,0.15042546010540117,44.56403526815014,-0.15503924473887304,-0.07273453085217624,52.00139917952951,-0.30038447370431287,valid,True
KO,bull,0.25,0.09152047007168473,0.030000000000000002,0.29331015110158415,0.2681303355964091,0.24375485054219004,-0.003609443025478997,1.5,0.295439812437279,62.69993101422627,-0.0561527815298177,-0.0011962848831899185,76.62606026607776,-0.005714542191449845,valid,True
CAT,bear,0.25,-0.0009778007514672366,0.02,0.11931737369148274,0.22370700475915783,0.12086514250822643,0.0,0.5,0.014383811549801218,49.4390487956409,-0.5735269394550413,-0.3815787669242126,48.642482248619814,-0.8694171867623549,valid,True
CAT,base,0.5,0.11447431598461599,0.025,0.15281852143765806,0.2982760063455438,0.24033361821627594,-0.04531401280319884,1.0,0.3237922284496742,141.31336067671944,-0.3861704111215658,-0.2152584024486714,186.1343513331515,-0.6721618729303795,valid,True
CAT,bull,0.25,0.20683600937348257,0.030000000000000002,0.17654081199703764,0.3281036069800982,0.2758157909837394,-0.04531401280319884,1.5,0.5226056765331045,241.4512069251511,-0.2737582933776138,-0.12118750023000753,340.5159476494811,-0.4562549699867151,valid,True
DELL,bear,0.25,0.00014760723910121898,0.02,0.03364605021821081,0.44999999999999996,0.114481456095404,0.0,0.5,0.009151301758402168,33.40865073405557,-0.6129775179877468,-0.42197059601385256,24.9277890467931,-0.895453096705314,valid,True
DELL,base,0.5,0.09728557444001784,0.025,0.05122543748972912,0.6,0.45317919232325016,-0.05,1.0,0.13804743258669047,98.9590884990459,-0.42282038655903303,-0.2570506134259629,121.48945775324536,-0.7654077810193487,valid,True
DELL,bull,0.25,0.17499594820075115,0.030000000000000002,0.06571285735436738,0.6,0.5502829011041693,-0.05,1.5,0.24332793093433489,173.54772603920765,-0.2928090260946192,-0.14893704986752707,239.19375536406812,-0.5469707550629646,valid,True
MRK,bear,0.25,-0.04322340649006495,0.02,0.1628548284986877,0.20878194476679157,0.0717570695605934,0.0,0.5,0.0,27.317154280357745,-0.393139021837851,-0.2494778680731542,27.65357771562783,-0.7300813760538204,valid,True
MRK,base,0.5,0.04925083292530441,0.025,0.24108456958368574,0.2783759263557221,0.21225789218128094,-0.011267067302815893,1.0,0.15949894418494445,89.36672417249585,-0.09450665890472007,-0.029986258118879023,109.93571028519783,-0.13701770022680893,valid,True
MRK,bull,0.25,0.1232302244575999,0.030000000000000002,0.30412598278491154,0.30621351899129434,0.2535816635403067,-0.011267067302815893,1.5,0.3415400466661083,162.5139431180206,0.09966182017233224,0.1021861485554837,208.70995009803892,0.6056842600768413,valid,True
PG,bear,0.25,-0.005914693113515612,0.02,0.17714661265792436,0.15005831594061375,0.07249288972035152,0.0,0.5,0.0,62.10705813597164,-0.20609860923141238,-0.11089846696122546,62.935932851931355,-0.4111594452486601,valid,True
PG,base,0.5,0.03571192825568892,0.025,0.22175520007394978,0.200077754587485,0.18665582680346257,-0.009797560966659765,1.0,0.16778248373370605,112.1669272020369,-0.021225140261230957,0.014905859300051845,133.13813732865506,0.07254568247676785,valid,True
PG,bull,0.25,0.06901322535105255,0.030000000000000002,0.259538162431699,0.22008553004623352,0.200077754587485,-0.009797560966659765,1.5,0.2781217841444801,157.94080522705048,0.09768732034135613,0.09353454349911774,195.4620606483628,0.5328245991060137,valid,True
UNH,bear,0.25,-0.005617725632893991,0.02,0.06635685360316404,0.02,0.0754644901936429,0.0,0.5,0.0,254.3211958314515,-0.02798563410469793,-0.010998470218328265,312.9467739148067,-0.04954928174940787,valid,True
UNH,base,0.5,0.048800665613053296,0.025,0.08231835080659637,0.02,0.0754644901936429,-0.019016407871775803,1.0,1.2,295.7045086703881,0.039230701030464867,0.028538996435236212,484.26045569237704,0.1575359799229148,valid,True
UNH,bull,0.25,0.09233537860981113,0.030000000000000002,0.09427794138556603,0.022000000000000002,0.0754644901936429,-0.019016407871775803,1.5,1.2,405.1985867871573,0.13563954717828897,0.09167672323819719,651.0756058035884,0.5756017521481136,valid,True
HD,bear,0.25,-0.006741797158452606,0.02,0.12655506907652891,0.021820309589644045,0.08921030887602166,0.0,0.5,0.0,101.53532760197265,-0.21758280370559074,-0.13539672691258595,130.012715182636,-0.480209337607014,valid,True
HD,base,0.5,0.04898224493067871,0.025,0.14279601693997807,0.029093746119525393,0.08921030887602166,-0.011045699748691037,1.0,1.2,99.16771428968529,-0.19023840054578606,-0.10356718704279044,196.5772245566457,-0.44041462986709523,valid,True
HD,bull,0.25,0.09356147860198376,0.030000000000000002,0.15539995025196598,0.03200312073147794,0.08921030887602166,-0.011045699748691037,1.5,1.2,135.64234654190278,-0.11751744626963044,-0.054355390882119506,261.5023123567647,-0.25613750189580364,valid,True
PM,bear,0.25,0.013074596271906144,0.02,0.3321265371633962,0.12087365813686703,0.0712067443964126,0.0023186132197321463,0.5,0.1196263705459465,77.00251025625414,-0.22154292570776307,-0.11932251367252317,81.27815153593735,-0.44132809315665156,valid,True
PM,base,0.5,0.05761558182862314,0.025,0.375011668771804,0.1611648775158227,0.15921278602713151,0.0023186132197321463,1.0,0.31701985103970565,132.9797934646738,-0.05851694052107628,-0.006844478938728542,156.63246735713597,-0.03196651131012551,valid,True
PM,bull,0.25,0.09324837027399674,0.030000000000000002,0.4110509623667825,0.17728136526740498,0.1611648775158227,0.0023186132197321463,1.5,0.45463715883293854,178.14700890850426,0.033745791576802756,0.05603213722060904,217.56081241297667,0.29849695091664175,valid,True
RTX,bear,0.25,0.004863414761025503,0.02,0.04761238038978973,0.06582169756989927,0.07177577456472528,0.0,0.5,0.11988040570422619,17.328036768191282,-0.5442824247234963,-0.36707829339284215,17.320251621422965,-0.8721433832813437,valid,True
RTX,base,0.5,0.12439658197641457,0.025,0.0815182999861138,0.08776226342653236,0.07901125942357916,-0.030100832299083807,1.0,1.1909135145383445,55.74159624327648,-0.3005693208426238,-0.1588431767886504,79.33436338697295,-0.5846381770666427,valid,True
RTX,bull,0.25,0.22002311574872582,0.030000000000000002,0.10750797747078636,0.0965384897691856,0.08220855719594058,-0.030100832299083807,1.5,1.2,110.9611457699414,-0.1408565652964171,-0.03910595155030021,159.95955938539862,-0.18490979079998238,valid,True
ANET,bear,0.25,0.1467922000825135,0.02,0.2672687626081644,0.44999999999999996,0.13045,0.000283695094403842,0.5,0.2698528001466907,32.803838895484226,-0.4260569824546109,-0.2569592486717737,35.42485240603649,-0.7440542105878774,valid,True
ANET,base,0.5,0.25,0.025,0.34139911629930414,0.6,0.5632811899999999,0.000283695094403842,1.0,0.34166666666666673,51.05026145924098,-0.3305622661893721,-0.17020427273237143,62.05654714297444,-0.5802070543513365,valid,True
ANET,bull,0.25,0.3325662399339892,0.030000000000000002,0.4064038716117635,0.6,0.6,0.000283695094403842,1.5,0.4534216532453189,68.98205274012636,-0.25716400306846476,-0.1087763861607527,89.06789314161743,-0.41758278196223353,valid,True
IBM,bear,0.25,-0.0772974415738016,0.02,0.11577493409188677,0.17069559065022,0.07892975843386488,0.008332054948728854,0.5,0.0,23.891210406176487,-0.5165811978018608,-0.3580817125723116,19.639889856383274,-0.8473900371151557,valid,True
IBM,base,0.5,0.013171755582107758,0.025,0.14690109790502892,0.22759412086696001,0.1919295403192605,0.008332054948728854,1.0,0.0682680396422392,97.75845779007008,-0.2131075875193346,-0.1136159002431668,109.64162003176799,-0.42693280578842896,valid,True
IBM,bull,0.25,0.08554711330683525,0.030000000000000002,0.1705375092414832,0.25035353295365603,0.2216624128058795,0.008332054948728854,1.5,0.29733029834752783,172.7807837738829,-0.05475430020014752,0.0011896601441549418,207.93362097495287,0.005655123369593618,valid,True
TMO,bear,0.25,-0.02502577219625425,0.02,0.1375833729033812,0.02,0.0869001824802929,0.0,0.5,0.0,57.11150627687009,-0.48166656213143133,-0.344125288433861,71.43953269763306,-0.8435706125188768,valid,True
TMO,base,0.5,0.08558375535780438,0.025,0.18034227974651323,0.02,0.0869001824802929,-0.02127490478968718,1.0,1.2,89.17686069838346,-0.3473429337405833,-0.21499389258242438,218.07603032205392,-0.7324628523229544,valid,True
TMO,bull,0.25,0.17407137740105127,0.030000000000000002,0.20898579635388567,0.022000000000000002,0.0869001824802929,-0.02127490478968718,1.5,1.2,187.6210973837386,-0.22377380318212087,-0.11758704954263519,377.61001886793093,-0.4856441435835611,valid,True
VZ,bear,0.25,-0.04196741462502158,0.02,0.19781838546535332,0.02,0.07208118974654698,0.0,0.5,0.0,16.63809474095455,-0.2078032249351963,-0.1613629884435795,21.256116103570076,-0.5440764615682129,valid,True
VZ,base,0.5,0.015203892869515956,0.025,0.22817686263697068,0.02,0.07208118974654698,-0.0026234320384361798,1.0,0.8581557147806381,19.115479800226037,-0.11272118212655183,-0.0859405169263482,47.048729757106386,-0.4070387524110889,valid,True
VZ,bull,0.25,0.06094093886514598,0.030000000000000002,0.24636780860847157,0.022000000000000002,0.07208118974654698,-0.0026234320384361798,1.5,1.2,30.526754076205442,-0.014595154346898172,-0.011035350908059599,70.07892183350206,-0.06353517545221488,valid,True
APH,bear,0.25,0.1473326007211357,0.02,0.1784516171464812,0.260663784993632,0.10661977755751222,0.011598631607941414,0.5,0.467522101621772,15.460880728604723,-0.4020089416066184,-0.2318429720646235,17.59445602799102,-0.7058111242084812,valid,True
APH,base,0.5,0.25,0.025,0.20659165612487077,0.3475517133248427,0.32391629042606757,0.011598631607941414,1.0,0.5898402802819582,29.335401601099043,-0.2603548007667995,-0.1178712008404545,36.72098991318875,-0.4485550956113732,valid,True
APH,bull,0.25,0.33213391942309145,0.030000000000000002,0.22859282404150982,0.382306884657327,0.3475517133248427,0.011598631607941414,1.5,0.7107042704240399,42.58656759971585,-0.17079852779861537,-0.04579367015976456,55.39732844794999,-0.20154468402879677,valid,True
CRM,bear,0.25,-0.00033415359865682226,0.02,-0.009971909275108822,0.44999999999999996,0.10017815526772142,0.0,0.5,0.008294838046832316,-32.827979149642054,,-0.95,0.0,-1.0091589520740474,below_lower_bound,True
CRM,base,0.5,0.1351314515343085,0.025,0.036566423432434825,0.6,0.1680039795978916,-0.05,1.0,0.18850860204574466,-4.737181696633598,-0.8886005446562193,-0.7007183042900578,0.0,-0.9692832404671415,valid,True
CRM,bull,0.25,0.24350393564068074,0.030000000000000002,0.07781560582259395,0.6,0.2679683485443473,-0.05,1.5,0.33467191418757436,43.73897620699389,-0.42138822255801633,-0.22385779373871628,56.7497642783547,-0.6906293502773674,valid,True
DIS,bear,0.25,-0.05122738994983156,0.02,0.06647152086838154,0.24211779562107197,0.10620378552772128,0.0,0.5,0.0,5.0419049812750325,-0.643048677779734,-0.4577389046084136,1.7944419497081037,-0.8793762616316841,valid,True
DIS,base,0.5,0.0695756116858064,0.025,0.11577769258226561,0.3228237274947626,0.19776903499718967,-0.023250659670825558,1.0,0.1879059194917116,41.58408084977384,-0.19971283812774343,-0.0847756423463579,49.46856586223447,-0.32607528219854953,valid,True
DIS,bull,0.25,0.16621801299431677,0.030000000000000002,0.15332142961825443,0.35510610024423894,0.24109302339059793,-0.023250659670825558,1.5,0.39136024500809197,86.6582644841776,0.013868740096222638,0.07000484529417011,112.93891170538113,0.3667267517750843,valid,True
DE,bear,0.25,-0.11431485605178476,0.02,0.12744018654308054,0.033543340690045456,0.08857427162883233,0.0,0.5,0.0,-47.41645554820311,,-0.95,0.0,-1.0018812808580804,below_lower_bound,True
DE,base,0.5,0.05579268862631259,0.025,0.1770399089665699,0.04472445425339394,0.08857427162883233,-0.04122928769692317,1.0,1.1097765580288452,45.169169386082295,-0.4621219293301692,-0.2802616059627326,149.02965596238255,-0.8460285237754966,valid,True
DE,bull,0.25,0.19187872436879047,0.030000000000000002,0.20941276304806716,0.04919689967873334,0.08857427162883233,-0.04122928769692317,1.5,1.2,184.35463801731095,-0.2615740845445542,-0.12401263350038788,406.98297979371694,-0.5192881748900064,valid,True
MCD,bear,0.25,-0.018306432679715517,0.02,0.38483873404490426,0.1116464044762047,0.06906632395961936,0.0,0.5,0.0,93.59009635823253,-0.23805509880185122,-0.13417396938893936,95.81833272438384,-0.47551421607499145,valid,True
MCD,base,0.5,0.04561677023396671,0.025,0.43523389640373805,0.1488618726349396,0.1434756730993555,-0.013680468025952075,1.0,0.2787377012845288,192.59626769630276,-0.024285719022736855,0.015427268214989479,231.7396982217154,0.07507535934517162,valid,True
MCD,bull,0.25,0.09675533256491248,0.030000000000000002,0.47469380711542797,0.16374805989843358,0.1488618726349396,-0.013680468025952075,1.5,0.509345064018849,279.85354649217794,0.0960340044635814,0.09665492495114451,353.04140425922765,0.561350353043971,valid,True
T,bear,0.25,-0.11037141580070053,0.02,0.11660519669673661,0.06134296360763611,0.0734861117756629,0.0,0.5,0.0,-2.2472252390097047,,-0.95,0.0,-1.0019585340082997,below_lower_bound,True
T,base,0.5,-0.00459515393985227,0.025,0.18042818427832208,0.0817906181435148,0.0778600952796105,-0.028994779230208878,1.0,0.016186169980953426,16.45910041636232,-0.08025790411047636,-0.02902405969798562,18.73638503551383,-0.1257541983969035,valid,True
T,bull,0.25,0.08002585554882634,0.030000000000000002,0.22873525015289325,0.0899696799578663,0.07952099655318089,-0.028994779230208878,1.5,0.7782697956895307,33.058836420019816,0.14551680311560639,0.12566138810943814,45.759596638269805,0.8215606069827484,valid,True
ABT,bear,0.25,0.006019915096611095,0.02,0.1296100419869756,0.02,0.075258023037728,0.0,0.5,0.44079660386444375,18.37347133928191,-0.35958419910748496,-0.23488861646619622,27.280126266243617,-0.7283727936513325,valid,True
ABT,base,0.5,0.09031181361815588,0.025,0.16156574496594517,0.02,0.075258023037728,-0.00818986691302015,1.0,1.2,28.767515577700816,-0.2462872470670845,-0.14447160490090022,53.48592031468679,-0.5631350628521015,valid,True
ABT,bull,0.25,0.1577453324353917,0.030000000000000002,0.18434855277447323,0.022000000000000002,0.075258023037728,-0.00818986691302015,1.5,1.2,46.53116231755662,-0.14568006254266938,-0.06858573224744757,80.50136000206344,-0.3112017063417921,valid,True
UNP,bear,0.25,-0.02051178575778423,0.02,0.3526304168329373,0.08459517802338706,0.09039999581867535,0.0,0.5,0.0,76.19239436209615,-0.3014926083298633,-0.1779303973598871,79.31103009062087,-0.5770978716726454,valid,True
UNP,base,0.5,0.05088855007580528,0.025,0.39960472465419883,0.11279357069784943,0.10941661960606998,-0.016289549645743695,1.0,0.40526104260937074,116.5094246545855,-0.19886191530968061,-0.09332193451991767,153.31565105545948,-0.3782382622235876,valid,True
UNP,bull,0.25,0.1080088187426769,0.030000000000000002,0.4315459027339694,0.12407292776763439,0.11279357069784943,-0.016289549645743695,1.5,0.7447801599975364,153.0624692486741,-0.12259064454410687,-0.033683463919442116,216.81519742081196,-0.15531451385542394,valid,True
COP,bear,0.25,-0.2730217268542834,0.02,0.15210879270875483,0.02,0.07070853142429405,0.0,0.5,0.0,21.09476597478017,-0.4050057663989719,-0.3037007638486102,18.851641408076958,-0.7866580528780518,valid,True
COP,base,0.5,0.11412433750449402,0.025,0.24218631094661808,0.02,0.07070853142429405,-0.016952387028984828,1.0,1.2,103.9834819255229,0.004472745466046063,0.017569675837876296,163.74055949446202,0.0942613516847457,valid,True
COP,bull,0.25,0.42384118899151596,0.030000000000000002,0.31673726478969366,0.022000000000000002,0.07070853142429405,-0.016952387028984828,1.5,1.2,328.93326680850504,0.3735994520015084,0.26980524041573517,495.7785828725234,2.408918338188485,valid,True
PFE,bear,0.25,-0.2313361447962794,0.02,0.18327097206613233,0.02,0.06989721678204844,0.0,0.5,0.0,4.645908780300153,-0.36298079006373885,-0.30043874646071356,4.088626842749849,-0.7667278097851259,valid,True
PFE,base,0.5,0.013621879698825778,0.025,0.251237204699979,0.02,0.06989721678204844,-0.005535258886956728,1.0,0.7948751879530311,19.86435573014853,0.014488371880725052,0.006626080535352258,31.515174900365675,0.0342746707861179,valid,True
PFE,bull,0.25,0.2095882992949099,0.030000000000000002,0.30476985992381195,0.022000000000000002,0.06989721678204844,-0.005535258886956728,1.5,1.2,48.29792585436008,0.2844719467684626,0.19041919461451473,76.66355191042753,1.5006838689950088,valid,True
GLW,bear,0.25,-0.06533034666838056,0.02,0.06860220026334685,0.06061424054298947,0.10371073361600767,0.0042170954333467375,0.5,0.0,1.8791244312173325,-0.77754696484335,-0.6111300134900375,0.9500703425412553,-0.9734874450373688,valid,True
GLW,base,0.5,0.11145472529626022,0.025,0.10744085629756046,0.08081898739065263,0.10371073361600767,0.0042170954333467375,1.0,1.1651195254631335,8.453002526352499,-0.5699080915655939,-0.36681353978055986,15.418829767846761,-0.9014159476323282,valid,True
GLW,bull,0.25,0.25288278286797283,0.030000000000000002,0.13185557737382658,0.0889008861297179,0.10371073361600767,0.0042170954333467375,1.5,1.2,18.773056209920952,-0.4660900977847632,-0.2664078672038159,34.0709120103044,-0.7981381017260795,valid,True
DHR,bear,0.25,-0.09419667387470873,0.02,0.16243109192412702,0.02,0.08428545346414865,0.0,0.5,0.0,13.071107205449062,-0.5405526799004292,-0.4021831775229657,13.957176736362516,-0.8870340931883722,valid,True
DHR,base,0.5,0.06344875522363413,0.025,0.2131120096631041,0.02,0.08428545346414865,-0.015673007049635836,1.0,1.2,27.719033658681777,-0.35911380394536535,-0.2260141221020603,65.81395692815937,-0.7501953356911789,valid,True
DHR,bull,0.25,0.18956509850230843,0.030000000000000002,0.24380088977558537,0.022000000000000002,0.08428545346414865,-0.015673007049635836,1.5,1.2,66.51784664054894,-0.214789308438776,-0.10947079277248117,127.7682053754182,-0.4575152160804177,valid,True
TJX,bear,0.25,-0.03855582666337831,0.02,0.08204816938969176,0.2559045615714002,0.07637805106776546,0.0,0.5,0.0,36.32154276694216,-0.30637777152005585,-0.18470187119382891,35.04246827385068,-0.5972624627231486,valid,True
TJX,base,0.5,0.06577316469110916,0.025,0.1063916885959994,0.34120608209520026,0.31877514786717653,-0.019006226580856093,1.0,0.16886724702876524,83.87573879368533,-0.07455081812804563,-0.015129223116673503,103.23315490508826,-0.07078757333140084,valid,True
TJX,bull,0.25,0.14923635777469915,0.030000000000000002,0.12778762606975488,0.3753266903047203,0.34120608209520026,-0.019006226580856093,1.5,0.33407985485380326,137.72166341607988,0.08869823237182575,0.09953982317820195,179.10033328636626,0.5841685011357078,valid,True
NOW,bear,0.25,0.14283605917275666,0.02,0.012934061357490402,0.1231323701556535,0.09557154991739585,0.0,0.5,0.9605016714020845,3.7134979481448602,-0.7584221747572882,-0.4473941781179746,6.1150651738095405,-0.9484143695131452,valid,True
NOW,base,0.5,0.24296453401522233,0.025,0.04650028597992858,0.16417649354087133,0.11100766223267783,0.0,1.0,1.2,19.68524785219489,-0.5112792925967369,-0.24729004899272689,28.908803584245867,-0.7579884802622917,valid,True
NOW,bull,0.25,0.32306731388919485,0.030000000000000002,0.07396334806750113,0.18059414289495848,0.12472865095737293,0.0,1.5,1.2,32.95549367750847,-0.3730232652887935,-0.1670406707038637,48.43240811688976,-0.5994241212503453,valid,True
BMY,bear,0.25,-0.03818960069463806,0.02,0.1579329013689768,0.15836467612183489,0.06930591567957459,0.0,0.5,0.0,28.719744555320123,-0.19091926418477667,-0.10473357011796905,27.081277844003907,-0.38146960775154115,valid,True
BMY,base,0.5,0.07353390550227923,0.025,0.20325958745177736,0.21115290149577984,0.19783346952763817,-0.01979014922243208,1.0,0.3022791728159087,76.79349425809714,0.13564491800498216,0.11838781341211874,96.60803886200455,0.7082210752167697,valid,True
BMY,bull,0.25,0.16291271045981306,0.030000000000000002,0.24267446843354298,0.23226819164535784,0.21115290149577984,-0.01979014922243208,1.5,0.5869515210072682,132.90146730956585,0.34866354952100664,0.25479642143473036,177.44901831509867,2.0310625448779667,valid,True
LMT,bear,0.25,0.023151875181470286,0.02,0.1114668473425531,0.02,0.07180059989321233,0.0,0.5,1.1260750072588115,274.1815528291456,-0.09301284565881354,-0.05085866469307799,431.0785730198744,-0.2363465951183733,valid,True
LMT,base,0.5,0.06678520741737681,0.025,0.129345407397142,0.02,0.07180059989321233,-0.046613559404033125,1.0,1.2,368.32400609822923,-0.005156487075146258,0.004685973192681585,600.0470657653921,0.02473555609202105,valid,True
LMT,bull,0.25,0.10169187320610204,0.030000000000000002,0.1446086033141607,0.022000000000000002,0.07180059989321233,-0.046613559404033125,1.5,1.2,481.346006562261,0.07199635677825428,0.05650490090047245,768.8179303583602,0.3313813037296356,valid,True
CVS,bear,0.25,-0.05127424720390897,0.02,0.021080188059150323,0.02,0.07396710079428305,0.0,0.5,0.0,9.317699002280184,-0.44360455951537003,-0.3428364924766356,13.67313990583692,-0.847818490621686,valid,True
CVS,base,0.5,0.07452735613333472,0.025,0.032120665582538864,0.02,0.07396710079428305,-0.015131951604167165,1.0,1.2,42.31844197870044,-0.10589623887790363,-0.061113022104836975,91.12372076142152,-0.2994279006401954,valid,True
CVS,bull,0.25,0.17516863880312966,0.030000000000000002,0.03986700824711013,0.022000000000000002,0.07396710079428305,-0.015131951604167165,1.5,1.2,103.20529866092701,0.12341655769851062,0.09389597585541198,182.98697506354313,0.6246025386074308,valid,True
PH,bear,0.25,0.001903282674044729,0.02,0.14298249977942656,0.114655947605172,0.10205290359456909,0.0,0.5,0.04816693991534953,132.24716099277632,-0.44804198025594816,-0.2851373206671268,135.4933858008158,-0.774034845187512,valid,True
PH,base,0.5,0.07052206636988922,0.025,0.17319267955341092,0.152874596806896,0.1426136969473272,-0.00663719048825339,1.0,0.401751856611542,213.58832270472269,-0.3466627330839401,-0.1973572895789402,269.15178930123113,-0.6494806742310835,valid,True
PH,bull,0.25,0.1254170933265648,0.030000000000000002,0.19555982883381906,0.16816205648758561,0.15277803558979258,-0.00663719048825339,1.5,0.6323285816209189,293.5512401465503,-0.2715215256888768,-0.13520732216275058,399.9773213580796,-0.5063965472883032,valid,True
MPC,bear,0.25,-0.0931541597380331,0.02,-0.003628681072556497,0.15568778034974395,0.07037677465144972,0.0,0.5,0.0,-80.10776577251873,,-0.95,0.0,-0.9963390774145001,below_lower_bound,True
MPC,base,0.5,0.17941540344480567,0.025,0.04180573261894174,0.20758370713299193,0.165063278756962,-0.05,1.0,0.7155297725783692,396.17020413936234,0.0409507846052293,0.07441386206628525,496.99700582046864,0.4150254220739966,valid,True
MPC,bull,0.25,0.39747105399107663,0.030000000000000002,0.08466972084036435,0.22834207784629115,0.19250466525327042,-0.05,1.5,1.2,1664.1461832529858,0.60935025671497,0.42410729657276536,2223.6778685673353,4.934206781531717,valid,True
MO,bear,0.25,-0.022522436985874514,0.02,0.4867660393725207,0.3483868523291825,0.069909723184159,0.0,0.5,0.0,53.54251341968688,-0.019861670443788147,0.014807268278673319,53.732238679057964,0.06718411341882757,valid,True
MO,base,0.5,0.012992738938125137,0.025,0.5487126521180992,0.46451580310557666,0.456268536035219,-0.025010556925988414,1.0,0.03314029586847289,98.1825277386717,0.22204197105020285,0.1630077225738205,122.11139084908065,1.0366113386009204,valid,True
MO,bull,0.25,0.041404879677324855,0.030000000000000002,0.6007083609175159,0.5109673834161343,0.46451580310557666,-0.025010556925988414,1.5,0.07656829968342066,131.5026386008932,0.34758604883682,0.23981324773048984,169.10705711182538,1.7684708687011295,valid,True
VLO,bear,0.25,-0.12830404954104002,0.02,0.01447536014262232,0.44999999999999996,0.07554081105965349,0.0,0.5,0.0,54.6394093202606,-0.49075581710058025,-0.3398856434752815,36.909165517211036,-0.8162575328050208,valid,True
VLO,base,0.5,0.11857454918245813,0.025,0.03527931484866552,0.6,0.4514207117731998,-0.05,1.0,0.1664327322432775,308.4471125774923,-0.03135288676130583,0.018765881442232082,401.1106955422325,0.0954383469848783,valid,True
VLO,bull,0.25,0.31607742816125667,0.030000000000000002,0.05405488534748469,0.6,0.5563125495612691,-0.05,1.5,0.4314365708816756,822.4901436917025,0.3401544439431745,0.2754434936854522,1184.7281152063094,2.2909717178248026,valid,True
LOW,bear,0.25,-0.03437078366054741,0.02,0.09135574120123652,0.02,0.08007211856884378,0.0,0.5,0.0,55.54686118387772,-0.2545636480732355,-0.17201686046028042,64.40495696889562,-0.5553378874740358,valid,True
LOW,base,0.5,0.02961743997612698,0.025,0.11266892234420117,0.02,0.08007211856884378,-0.04117551727978728,1.0,1.2,56.598514804722676,-0.18329659571172663,-0.11366067619237578,133.13552563552895,-0.4854675351685366,valid,True
LOW,bull,0.25,0.08080801888546649,0.030000000000000002,0.13123072840352043,0.022000000000000002,0.08007211856884378,-0.04117551727978728,1.5,1.2,104.12897246387264,-0.05796543055912477,-0.02509458959684705,207.57095358530313,-0.12791503935971582,valid,True
SYK,bear,0.25,0.027062886197031177,0.02,0.1878550062985329,0.0822462880674472,0.08397482137963282,0.0008739238460172506,0.5,0.3118719344098551,103.40084419640334,-0.22599889239645563,-0.11982293518667572,117.73257061637707,-0.44526702239115135,valid,True
SYK,base,0.5,0.08985765332108031,0.025,0.2154756628818411,0.10966171742326293,0.10513825502997967,0.0008739238460172506,1.0,0.7011209058499946,151.6473707643163,-0.12075618990347717,-0.03957285553769903,193.1132070956914,-0.17649298850999606,valid,True
SYK,bull,0.25,0.1400934670203196,0.030000000000000002,0.23417239488689787,0.12062788916558924,0.10966171742326293,0.0008739238460172506,1.5,0.9788347821801903,195.18856312627778,-0.049442868551705,0.013268726647947943,263.92969744713685,0.06711425161408546,valid,True
PSX,bear,0.25,-0.18801120063426424,0.02,0.010521462645492157,0.08728593926454602,0.07942171362621547,0.0,0.5,0.0,-4.273715317455082,-0.8685666303674224,-0.95,0.0,-0.9502573290165687,below_lower_bound,True
PSX,base,0.5,0.13751570288261872,0.025,0.028322227427678655,0.11638125235272802,0.09618656039256157,-0.05,1.0,0.9882396002881562,107.91107113901259,-0.20536427360202647,-0.0882023475714959,148.1747257092447,-0.3673469503637127,valid,True
PSX,bull,0.25,0.3979372256961251,0.030000000000000002,0.043376869038477435,0.12801937758800083,0.10357846813786407,-0.05,1.5,1.2,377.1229546145894,0.14617759938992098,0.16300738653226293,554.8093214448326,1.176681902797549,valid,True
MCK,bear,0.25,0.06758181050757642,0.02,0.011657262852150418,0.44999999999999996,0.07229587736001358,0.0,0.5,0.129034329791247,504.31609887735215,-0.13357696915336414,-0.05103079468317444,523.1769934008465,-0.211686087357303,valid,True
MCK,base,0.5,0.11060884945006477,0.025,0.01369892604062704,0.6,0.5784696717962885,-0.05,1.0,0.15581179926675304,931.9315664811957,0.07919495797686979,0.08888926723229816,1252.5015634213903,0.5193792489573961,valid,True
MCK,bull,0.25,0.14503048060405546,0.030000000000000002,0.01545126791112562,0.6,0.5999999999999999,-0.05,1.5,0.20337397413874064,1276.0952662608336,0.20338153012562546,0.16967712404220947,1779.541883548003,1.1593142287304006,valid,True
FCX,bear,0.25,-0.11394373442504904,0.02,0.18821353663338142,0.02,0.11179172499485905,0.0,0.5,0.0,9.300760176606838,-0.4312715956708416,-0.3003198361722752,9.364309971521985,-0.7776693003683957,valid,True
FCX,base,0.5,0.09824899010851817,0.025,0.26877164318609914,0.02,0.11179172499485905,-0.0029159972476456605,1.0,1.2,15.49726214395274,-0.25819269049679855,-0.15307086577522563,34.68114618937833,-0.5815784246736132,valid,True
FCX,bull,0.25,0.26800316973537197,0.030000000000000002,0.3316593580575468,0.022000000000000002,0.11179172499485905,-0.0029159972476456605,1.5,1.2,36.096694522927,-0.07931110693607477,-0.016527434857562154,72.80868919734144,-0.08292992280355249,valid,True
SO,bear,0.25,-0.11498573356556316,0.02,0.16239217675982498,0.07095828053832577,0.07471402720495232,0.016676232786917943,0.5,0.0,-27.79871911068247,,-0.95,0.0,-1.102841750617292,below_lower_bound,True
SO,base,0.5,0.05354322390637689,0.025,0.23522993198402714,0.0946110407177677,0.0802891703912432,0.016676232786917943,1.0,0.505591934748883,13.046255506432697,-0.42837783964932896,-0.24700450467644258,23.712120579612073,-0.7918947839315599,valid,True
SO,bull,0.25,0.18836638988392893,0.030000000000000002,0.2791414624721535,0.10407214478954448,0.08426857309380627,0.016676232786917943,1.5,1.2,56.45341510851519,-0.1221716776490211,-0.02047399310977195,91.43432358665423,-0.10999669290646175,valid,True
VRT,bear,0.25,0.13723816291397517,0.02,0.024195029015931804,0.44999999999999996,0.14,0.012147776410256377,0.5,0.25286784518040034,7.45697578142886,-0.7142131419510405,-0.5183265976520488,5.187407385323706,-0.9561547869093159,valid,True
VRT,base,0.5,0.25,0.025,0.06545753986066255,0.6,0.36443400000000004,0.012147776410256377,1.0,0.34166666666666673,20.98911388089054,-0.5522760619554903,-0.3542477514230995,22.790569926666635,-0.864677000403137,valid,True
VRT,bull,0.25,0.3402094696688199,0.030000000000000002,0.10071006668308657,0.6,0.45643399999999995,0.012147776410256377,1.5,0.4636126262250932,38.04504125291376,-0.4459157163219061,-0.2550583215939696,46.90366363762762,-0.7472537038352096,valid,True
PWR,bear,0.25,0.09697403364329205,0.02,0.04357909036795225,0.08449241112703502,0.10573956756446866,0.007816103439009668,0.5,0.9655213506924144,29.315334027435465,-0.5857705489994256,-0.3808076763416466,51.46735365405507,-0.9074446068288308,valid,True
PWR,base,0.5,0.25,0.025,0.05513084108909788,0.11265654816938003,0.10770191496208202,0.007816103439009668,1.0,1.2,77.97465803994437,-0.45870171694477896,-0.2577168931275082,135.6795276705747,-0.7832659371367582,valid,True
PWR,bull,0.25,0.37242077308536636,0.030000000000000002,0.05993209597308893,0.12392220298631805,0.1090853110830643,0.007816103439009668,1.5,1.2,131.26638290448813,-0.3787516986674745,-0.1852752699189295,221.85047068734588,-0.6510584784010596,valid,True
GD,bear,0.25,0.00934428589091222,0.02,0.09360264351811674,0.1680963995680009,0.07273443355962217,0.0,0.5,0.06826695123881914,207.2202716529655,-0.1165616599406348,-0.04761802354914832,215.48298474749794,-0.19835712966202768,valid,True
GD,base,0.5,0.06548619575876846,0.025,0.10753809667743043,0.22412853275733455,0.2021612489637465,-0.007422260297854344,1.0,0.2560537737029233,352.3020063041192,0.062156135728582765,0.07135918729909463,420.8663840316468,0.38504855300758645,valid,True
GD,bull,0.25,0.11039972365305345,0.030000000000000002,0.1175199117123984,0.24654138603306802,0.22412853275733455,-0.007422260297854344,1.5,0.38257178821,475.6480412788496,0.16989038409374185,0.14244217139494147,591.6256799145311,0.8896890052197259,valid,True
HCA,bear,0.25,0.011403494667973302,0.02,0.13307894858724376,0.1602196348230579,0.08641344058086375,0.0,0.5,0.08190504084515665,235.06272129109058,-0.1055650100810453,-0.02833187942596848,253.88950289195893,-0.11749622791120562,valid,True
HCA,base,0.5,0.053930524110110234,0.025,0.1487826149175951,0.21362617976407722,0.21059851657151674,-0.05,1.0,0.22536759933289796,431.85611376931087,0.10049671550805218,0.10535187604255045,531.2458354354911,0.5790616136661282,valid,True
HCA,bull,0.25,0.08795214766381979,0.030000000000000002,0.1617233880889267,0.23498879774048495,0.21362617976407722,-0.05,1.5,0.3249589719395372,585.7196690984904,0.2103922549023992,0.17628907579783118,747.0080991794551,1.1236589678175526,valid,True
ELV,bear,0.25,-0.007387390696087168,0.02,0.048491728225875975,0.02,0.07560166386314288,0.0,0.5,0.0,429.52693849416613,0.11482619789021559,0.07999682267691241,504.1038164436937,0.41702152909619605,valid,True
ELV,base,0.5,0.05471863001428334,0.025,0.05862056864328994,0.02,0.07560166386314288,-0.03847981811003366,1.0,1.2,479.40325513561453,0.164006300541223,0.1030220073706005,727.9123459606514,0.650101422245517,valid,True
ELV,bull,0.25,0.10440344658257975,0.030000000000000002,0.06627151762415204,0.022000000000000002,0.07560166386314288,-0.03847981811003366,1.5,1.2,625.657605044834,0.2569806907005842,0.16219759257364783,950.7476445167378,1.1559444142432773,valid,True
WMB,bear,0.25,-0.14495705085200583,0.02,0.1869954045627007,0.1000197776001304,0.07728084010704073,0.0,0.5,0.0,-11.24578457070041,,-0.95,0.0,-1.030019547583271,below_lower_bound,True
WMB,base,0.5,0.06595192249808801,0.025,0.28025475539685774,0.13335970346684053,0.0958597675381424,0.0,1.0,0.43312587308528794,9.336748957943112,-0.4612534930289257,-0.2727451197104529,14.121529403407447,-0.7956145771021104,valid,True
WMB,bull,0.25,0.2346791011781631,0.030000000000000002,0.3411993316599801,0.1466956738135246,0.10707554021010236,0.0,1.5,1.2,36.19108573710918,-0.18140330632450058,-0.05134966897312549,56.87853268417451,-0.24207062580452,valid,True
WM,bear,0.25,-0.004693232146790197,0.02,0.15757961561267367,0.07987743879321145,0.06954241237693781,0.0,0.5,0.003072385472989147,58.75628917671656,-0.310142094452749,-0.18468556261796032,62.778160796162716,-0.6042457635039011,valid,True
WM,base,0.5,0.060657128038238306,0.025,0.18049160262802283,0.10650325172428193,0.09953613350730757,-0.010844784118610612,1.0,0.5025734103326649,110.90057635194209,-0.14336885800003069,-0.059073622466530626,139.72235663700076,-0.2548118373451065,valid,True
WM,bull,0.25,0.1129374161862611,0.030000000000000002,0.19559281553964433,0.11715357689671013,0.10650325172428193,-0.010844784118610612,1.5,0.822424167500724,160.26490073302992,-0.03968865138886027,0.014813519991003003,213.37991895788159,0.07558837283613618,valid,True
EMR,bear,0.25,-0.0763676988889075,0.02,0.14317154044375957,0.05826749273476749,0.10294059521893795,0.0,0.5,0.0,11.117981901728722,-0.5389966656541219,-0.37495341896719764,10.274753098290294,-0.8589585920931755,valid,True
EMR,base,0.5,0.025008539034664823,0.025,0.16970042527951743,0.07768999031302332,0.10294059521893795,-0.02145158096097298,1.0,0.32187970582794523,23.212603927250523,-0.4049832229386084,-0.24549323272367468,30.028257978416203,-0.7258479112026666,valid,True
EMR,bull,0.25,0.10610952937352268,0.030000000000000002,0.18670657075071517,0.08545898934432565,0.10294059521893795,-0.02145158096097298,1.5,1.0635232664947605,29.643674433713787,-0.34082890620338724,-0.18232483959582163,50.617035169583424,-0.6364550609145325,valid,True
UPS,bear,0.25,-0.04309305146947462,0.02,0.08184737228385601,0.02,0.0886021704491324,0.0,0.5,0.0,36.14206153399551,-0.1870929428725503,-0.12049386181752192,42.542424321716226,-0.42721429088626806,valid,True
UPS,base,0.5,0.03367603478891579,0.025,0.10081949793917383,0.02,0.0886021704491324,-0.008581043505060925,1.0,1.2,37.94513144906479,-0.11680221126298415,-0.07104354844195765,83.10033294620126,-0.32813444113324153,valid,True
UPS,bull,0.25,0.09509130379562811,0.030000000000000002,0.11484793951304426,0.022000000000000002,0.0886021704491324,-0.008581043505060925,1.5,1.2,63.52626104889759,0.0013687421334907688,0.011940580687951324,125.00754024291044,0.06520196204659534,valid,True
MMM,bear,0.25,-0.06095020851088398,0.02,0.172065593670078,0.23480429545924952,0.09651355262953369,0.0,0.5,0.0,45.58739395279524,-0.2974431866750819,-0.17651462405628987,45.40198779461645,-0.5745231711252898,valid,True
MMM,base,0.5,0.005373889079935634,0.025,0.2067602674975359,0.31307239394566605,0.30200623715441166,-0.020209922726653323,1.0,0.0297027506857164,82.97058777239249,-0.13848667968995865,-0.059332552360137895,101.62143243395019,-0.2508867122069791,valid,True
MMM,bull,0.25,0.05843316715259132,0.030000000000000002,0.23676871986216214,0.3443796333402327,0.31307239394566605,-0.020209922726653323,1.5,0.15316391742005744,117.30213001888522,-0.030256525852018934,0.019854364864295378,152.13648651004058,0.09797332717980622,valid,True
SLB,bear,0.25,-0.10630059004017328,0.02,0.08677793988174577,0.16621793539836868,0.08351263524386586,0.013989152226200384,0.5,0.0,10.562111281614998,-0.3985498640919104,-0.26542993698967615,9.020580508384107,-0.7379469833297561,valid,True
SLB,base,0.5,0.026771008446644817,0.025,0.13417969730870635,0.22162391386449157,0.1680091155039647,0.013989152226200384,1.0,0.11919655373231966,33.73630686076619,-0.10295394897693767,-0.040153559646569165,35.94887901340442,-0.17104708336618257,valid,True
SLB,bull,0.25,0.1332282872360993,0.030000000000000002,0.17175547550175038,0.24378630525094075,0.19563137122808982,0.013989152226200384,1.5,0.46180867162736167,62.89280363962507,0.0931067301426083,0.09760601923335346,73.39141930049247,0.5534274433151412,valid,True
HPE,bear,0.25,0.06188356069222091,0.02,0.05689089178254892,0.02,0.10914230955261749,0.024202077902278952,0.5,1.2,-0.5780264814844112,-0.5785268002655357,-0.3942267407954205,6.710099850863293,-0.9568719742759861,valid,True
HPE,base,0.5,0.18040540091200186,0.025,0.07724874801730915,0.02,0.10914230955261749,0.024202077902278952,1.0,1.2,7.701511381557399,-0.3707756017916835,-0.2274422432587016,20.581419804680465,-0.7559649102217993,valid,True
HPE,bull,0.25,0.2752228730878266,0.030000000000000002,0.08780373812867283,0.022000000000000002,0.10914230955261749,0.024202077902278952,1.5,1.2,16.167725538985696,-0.2603360573062673,-0.13922545391833402,34.268771074484384,-0.5509719752658577,valid,True
EOG,bear,0.25,-0.0819163844015739,0.02,0.22569799726063888,0.11524212076874144,0.0723203023485407,0.0,0.5,0.0,101.04076705911393,-0.05503296502283771,-0.017610970209352643,95.69613614452443,-0.07370493180621174,valid,True
EOG,base,0.5,0.13526011185352682,0.025,0.3240782636756039,0.15365616102498858,0.14342411000349142,-0.03700517713492608,1.0,0.7367624488835877,283.52242877250626,0.3278171028010547,0.24017975110327827,388.58594125428544,1.8736566638643102,valid,True
EOG,bull,0.25,0.3090013088576074,0.030000000000000002,0.4114819992998762,0.16902177712748745,0.15365616102498858,-0.03700517713492608,1.5,1.2,575.3548548851176,0.6121215874911288,0.41647249694797206,817.0365056785854,4.803475914681478,valid,True
SHW,bear,0.25,0.0062396180405886945,0.02,0.12235452879718073,0.1706234342537952,0.09583507810216431,0.0,0.5,0.05269905902313623,47.900760911328646,-0.4307501901042997,-0.2656022221650345,50.22254736612276,-0.7416592669844086,valid,True
SHW,base,0.5,0.055759545112722075,0.025,0.145467137345766,0.2274979123383936,0.20726133471628516,-0.02067894010739972,1.0,0.21805754426611346,97.51466670232197,-0.26894368753855813,-0.13990883417718575,120.37987938119299,-0.5004031708452432,valid,True
SHW,bull,0.25,0.09537548677042879,0.030000000000000002,0.16304399398265815,0.25024770357223297,0.22749791233839356,-0.02067894010739972,1.5,0.3288757029196368,141.04104031909498,-0.17613500527513676,-0.07013013125251741,182.36743248936628,-0.2885559963989235,valid,True
ECL,bear,0.25,-0.017984176674172028,0.02,0.11774247046773213,0.23859356810144833,0.08795103345482955,0.0,0.5,0.0,36.6732323695317,-0.46380731897515937,-0.2990963918840862,35.53794132190211,-0.7920750618987179,valid,True
ECL,base,0.5,0.06301660763209127,0.025,0.14301889947341256,0.31812475746859775,0.2669111038755343,-0.0061530855520777125,1.0,0.17418727969055628,84.2181595832539,-0.2788537995656952,-0.1505584736500168,100.19897960410562,-0.5316435116068683,valid,True
ECL,bull,0.25,0.1278172350771019,0.030000000000000002,0.16137678921706666,0.34993723321545755,0.312945848678288,-0.0061530855520777125,1.5,0.30935201455121897,130.26655143536203,-0.17011114234337582,-0.06682091934344497,163.67806674356595,-0.2787712471917918,valid,True
GM,bear,0.25,-0.13632741832434558,0.02,0.03426668860734129,0.02,0.0918672219833504,0.0,0.5,0.0,-71.42567752589187,,-0.95,0.0,-1.3360532099936506,below_lower_bound,True
GM,base,0.5,0.016065049044811708,0.025,0.054134788670623685,0.02,0.0918672219833504,-0.05,1.0,0.8926019617924684,-39.68683576098874,,-0.95,4.0992762113064805,-1.5033755157994677,below_lower_bound,True
GM,bull,0.25,0.13797902294013753,0.030000000000000002,0.06709014689461079,0.022000000000000002,0.0918672219833504,-0.05,1.5,1.2,10.535946698921128,-0.20119202472269532,-0.11081188637763259,93.92237174646168,-0.569503612146836,valid,True
MSI,bear,0.25,0.04096160881852472,0.02,0.17020903886868047,0.12736570124065016,0.08907095254226537,0.0,0.5,0.2886906498111789,71.87720498422159,-0.4279848141493857,-0.2619472335383761,82.0954588254731,-0.7524842984202362,valid,True
MSI,base,0.5,0.0912499973947073,0.025,0.20223532193357102,0.16982093498753356,0.16302178646564197,-0.0127248656664099,1.0,0.459307316388829,132.69996176573665,-0.29294251409592104,-0.15597867561446033,168.35830118850447,-0.5524316088531127,valid,True
MSI,bull,0.25,0.13148070825565336,0.030000000000000002,0.22867384305343702,0.18680302848628694,0.16982093498753356,-0.0127248656664099,1.5,0.595196809738471,186.61132360157808,-0.21071597734990066,-0.09300524548743846,246.31413293006517,-0.37449482908684517,valid,True
ITW,bear,0.25,-0.022920330860821653,0.02,0.21706851132199254,0.28584096974318784,0.09394972807176864,0.0,0.5,0.0,71.3436855908219,-0.3113430355471791,-0.18188767811952852,71.16047706498331,-0.5857045277361821,valid,True
ITW,base,0.5,0.03137348955815655,0.025,0.24190478911019891,0.3811212929909171,0.37675628520414606,-0.02701853128060079,1.0,0.0789743113283428,121.96745176593376,-0.17531612814927938,-0.08114286792115302,155.1722164976499,-0.33571920733238647,valid,True
ITW,bull,0.25,0.07480854589333912,0.030000000000000002,0.262560952142581,0.4192334222900089,0.3811212929909171,-0.02701853128060079,1.5,0.15706485507522605,162.84647761069414,-0.08852124723198354,-0.016415729114669347,216.83262409898614,-0.07697751405311237,valid,True
CMI,bear,0.25,-0.005661492681643607,0.02,0.09165183763962265,0.10772941933865478,0.10501269306365284,0.0,0.5,0.0,141.53417781380827,-0.31739290958939825,-0.18664423101945427,146.56708277741546,-0.5976275371551819,valid,True
CMI,base,0.5,0.09093662772483524,0.025,0.11359188026109883,0.14363922578487304,0.13641606416600485,-0.008743358682304914,1.0,0.5412818243417192,225.62284803033506,-0.19765816224971783,-0.08749162607346077,294.4913124215268,-0.3546245338881868,valid,True
CMI,bull,0.25,0.16821512405001832,0.030000000000000002,0.1306417924373347,0.15800314836336035,0.14363922578487304,-0.008743358682304914,1.5,0.8896791025754787,317.1861575847692,-0.1034823830836103,-0.013594019192532843,450.81039065199536,-0.06473645190001587,valid,True
CI,bear,0.25,-0.22562565575339044,0.02,0.03345980677518784,0.08475600315847873,0.06751080623432093,0.0,0.5,0.0,125.29706094822586,-0.14476464824983842,-0.10724629330507009,115.7628250596023,-0.3851689561963558,valid,True
CI,base,0.5,0.16764820330952168,0.025,0.046214788416645225,0.11300800421130497,0.10070556187832849,-0.05,1.0,1.2,831.6735359115977,0.49743195354240016,0.33769845099304807,1178.4755473183136,3.3703033096030026,valid,True
CI,bull,0.25,0.4822672905598514,0.030000000000000002,0.056402076413673806,0.12430880463243547,0.1098050014737253,-0.05,1.5,1.2,2454.3558556676608,1.0210765730531421,0.6340674792503704,3437.127307850355,11.433604526031758,valid,True
FDX,bear,0.25,-0.04951542450330544,0.02,0.054511858806870574,0.02465914568994171,0.09259087998696959,0.0,0.5,0.0,32.2567956340113,-0.42953262688679383,-0.3076072446376201,39.27916359323012,-0.7702008570589545,valid,True
FDX,base,0.5,0.058508803705294654,0.025,0.0694637784171968,0.03287886091992228,0.09259087998696959,-0.022267211591005562,1.0,1.2,56.51420248972618,-0.2659794664185028,-0.14524831361923127,166.34109782441666,-0.5834913307256719,valid,True
FDX,bull,0.25,0.14492818627217474,0.030000000000000002,0.07856615324701088,0.03616674701191451,0.09259087998696959,-0.022267211591005562,1.5,1.2,132.60259421177017,-0.11345000973087732,-0.039688683670829006,298.91093483195385,-0.19782953549053062,valid,True
NOC,bear,0.25,-0.010523812952897754,0.02,0.08399047639646895,0.02,0.07100391143942741,0.0,0.5,0.0,178.2121499346208,-0.23091210312268223,-0.14822302749525992,212.24196630209153,-0.5188576384943729,valid,True
NOC,base,0.5,0.05058390322312745,0.025,0.10848230245639823,0.02,0.07100391143942741,-0.03054582371708275,1.0,1.2,222.0610934423814,-0.14101657087448982,-0.08150878704182102,388.7628056974092,-0.3627020384049512,valid,True
NOC,bull,0.25,0.09947007616394761,0.030000000000000002,0.12738620511679843,0.022000000000000002,0.07100391143942741,-0.03054582371708275,1.5,1.2,342.38315006687617,-0.03367584880907085,-0.006605987309012533,567.8226034727555,-0.03418568161083868,valid,True
NSC,bear,0.25,-0.045996244066795866,0.02,0.28163021715988484,0.02,0.10132041069976244,0.0,0.5,0.0,34.88398650214573,-0.43247962660680056,-0.30775585820083506,43.23489989925784,-0.7853725786957274,valid,True
NSC,base,0.5,0.046922419886122446,0.025,0.3450790239831443,0.02,0.10132041069976244,-0.015077809221265337,1.0,1.2,32.07846135635239,-0.34509234099823516,-0.2195870317096705,115.1756332610065,-0.7475517779268197,valid,True
NSC,bull,0.25,0.1212573510484571,0.030000000000000002,0.388376941200908,0.022000000000000002,0.10132041069976244,-0.015077809221265337,1.5,1.2,74.75062189075345,-0.23222872974292835,-0.13034006009693255,190.1186093991822,-0.5292078815150631,valid,True
TGT,bear,0.25,-0.05526457167875419,0.02,0.04114051524177245,0.02,0.08877026062416359,0.0,0.5,0.0,44.30319327753568,-0.26597190385218705,-0.17560323968646122,47.44170997762793,-0.5613645306722981,valid,True
TGT,base,0.5,0.01678906721329415,0.025,0.053836488804846115,0.02,0.08877026062416359,-0.00990382919603999,1.0,0.921562688531766,50.83934024667824,-0.17419196920236574,-0.10920365432975809,97.32801111345303,-0.4489084604118385,valid,True
TGT,bull,0.25,0.07443197832693282,0.030000000000000002,0.06392650712732122,0.022000000000000002,0.08877026062416359,-0.00990382919603999,1.5,1.2,77.79127459582007,-0.07136679981485936,-0.03423000967013646,150.76099001079746,-0.16840827454908602,valid,True
RCL,bear,0.25,-1.439358770476386,0.02,-0.1,0.44999999999999996,0.11719372942157145,0.016625502905367875,0.5,0.0,-87.58910254717401,,-0.95,0.0,-1.1046115389975948,below_lower_bound,True
RCL,base,0.5,0.09232531140931965,0.025,0.1948857423143996,0.6,0.18961467000833573,0.016625502905367875,1.0,0.13143374854575954,61.8729691484273,-0.32689482281857646,-0.16626881260890514,70.71961506467039,-0.5470417660213923,valid,True
RCL,bull,0.25,1.317672576917884,0.030000000000000002,0.7481553323528385,0.6,0.28617592412402143,0.016625502905367875,1.5,1.2,5392.676794914862,1.4423771299421784,1.008969445276307,7690.635206152435,32.274767142991756,valid,True
CL,bear,0.25,0.01055008579689442,0.02,0.19567318862630395,0.36285592237004405,0.07193213586196501,0.0,0.5,0.03428376904050923,48.76245802288653,-0.12943264932837334,-0.054269194247899534,50.18401803992684,-0.2230288133791105,valid,True
CL,base,0.5,0.04784641920770116,0.025,0.22055648565468225,0.48380789649339206,0.4752408806722584,-0.015170797107567803,1.0,0.08945107279114452,86.30762439723595,0.06752176639856772,0.07281740426551553,105.04911360354939,0.39641622994689585,valid,True
CL,bull,0.25,0.07768348593634655,0.030000000000000002,0.24144329916299773,0.5321886861427313,0.48380789649339206,-0.015170797107567803,1.5,0.12805005165179423,114.44945437864921,0.17283436141442513,0.14091660059057182,143.6378339347327,0.87589583548184,valid,True
KMI,bear,0.25,-0.18936855557921925,0.02,0.22121026852827663,0.047949098501335746,0.07488407690226206,0.0,0.5,0.0,-3.1368582663396736,,-0.95,0.0,-1.0161473796526728,below_lower_bound,True
KMI,base,0.5,0.05592729394185125,0.025,0.28441380746680256,0.06393213133511433,0.07488407690226206,-0.0048954945173924624,1.0,0.7780412464703895,10.146535415801484,-0.24652644237503402,-0.1268492490635253,15.946593920222899,-0.505272617766541,valid,True
KMI,bull,0.25,0.2521639735587077,0.030000000000000002,0.31249792945932775,0.07032534446862576,0.07488407690226206,-0.0048954945173924624,1.5,1.2,25.523654699092347,-0.02508097793906924,0.04041907619684938,42.913367226045324,0.24006793043065233,valid,True
RSG,bear,0.25,-0.013292484882744468,0.02,0.15706596098142475,0.10055574716902077,0.07089527979961807,0.0,0.5,0.0,54.60873211638047,-0.3405680775118527,-0.20802451585623197,55.92553097167055,-0.6508251103652086,valid,True
RSG,base,0.5,0.05582043268832515,0.025,0.1819383189583541,0.13407432955869436,0.12082568282421606,-0.010712755313763658,1.0,0.37036430697885253,109.89284387598393,-0.15948607545869886,-0.07124633587081913,133.91382345274315,-0.2972433528651378,valid,True
RSG,bull,0.25,0.11111076674518085,0.030000000000000002,0.19835873232807313,0.1474817625145638,0.1334614927760313,-0.010712755313763658,1.5,0.6433921847575862,162.2359966309296,-0.04951620322535743,0.007658034624182646,209.01330471739362,0.03794098924382583,valid,True
BSX,bear,0.25,-0.029814085328080414,0.02,0.11593136240730183,0.11128990947682518,0.0742365303381601,0.005132118930183285,0.5,0.0,10.845890156219452,-0.34234019996365533,-0.21414959211833773,9.905119422092561,-0.6500110000018857,valid,True
BSX,base,0.5,0.08469717976036673,0.025,0.15840997764783987,0.14838654596910025,0.11156364820677538,0.005132118930183285,1.0,0.49032574572794707,27.530715604337814,-0.09080953209195283,-0.02277890678960827,32.51766448694807,-0.10359825945209467,valid,True
BSX,bull,0.25,0.17630619183112445,0.030000000000000002,0.18671248398867274,0.16322520056601028,0.1263936513329634,0.005132118930183285,1.5,0.9008716359667316,46.85541362599054,0.07131905660498888,0.09062249802518638,59.95850477131972,0.5327918643647447,valid,True
COR,bear,0.25,0.03914401780722785,0.02,0.009220858630676433,0.334225566061575,0.07372602416195718,0.0,0.5,0.10566281527151664,144.56996505621686,-0.19745511948422056,-0.0959989282826427,149.1700562466821,-0.3659384705606342,valid,True
COR,base,0.5,0.07382008591814748,0.025,0.010527337797762354,0.4456340880821,0.4355925703562561,-0.030563883059428403,1.0,0.14374140230205373,266.1397850803546,-0.003094502250314663,0.03304206380416875,343.62647728639996,0.1717491642118154,valid,True
COR,bull,0.25,0.10156094040688318,0.030000000000000002,0.011633271179800902,0.49019749689031,0.4456340880821,-0.030563883059428403,1.5,0.17798693971101598,357.56333913491386,0.10377686969586652,0.10371159109054136,476.41083431975704,0.6179717814008863,valid,True
TRGP,bear,0.25,-0.20284924820340633,0.02,0.08272548833313736,0.09367557449495471,0.0784124590422782,0.0,0.5,0.0,-45.342867318241915,,-0.95,0.0,-1.004895961227556,below_lower_bound,True
TRGP,base,0.5,0.10368924368699428,0.025,0.12727401277133776,0.12490076599327295,0.1093178855032995,-0.024806253875789813,1.0,0.7041701806242918,56.567300490706494,-0.373078374043689,-0.20165432990324914,87.07820897495674,-0.6739340574185724,valid,True
TRGP,bull,0.25,0.34892003719931475,0.030000000000000002,0.16351408965582526,0.13739084259260026,0.11861554689349846,-0.024806253875789813,1.5,1.2,241.7954678489375,-0.04517713916138743,0.04841976154420993,377.5342545133513,0.2805637502289935,valid,True
URI,bear,0.25,-0.021065680622464597,0.02,0.20243943379179913,0.10572922479610022,0.12089569391513602,0.0,0.5,0.0,88.23785965230162,-0.4815469928529637,-0.3063672443357064,92.331830383926,-0.7722257901578132,valid,True
URI,base,0.5,0.10203758532765972,0.025,0.24881215862584077,0.14097229972813363,0.1312190846241794,-0.03785460234510509,1.0,0.6145183729654311,233.7905949981497,-0.2898420274803356,-0.13527603377515335,364.4598084323713,-0.4942632225328565,valid,True
URI,bull,0.25,0.20052019808775917,0.030000000000000002,0.2733217590814298,0.155069529700947,0.13523440578677892,-0.03785460234510509,1.5,1.073171233517909,371.26053278179046,-0.18770855241818935,-0.049952647458121606,649.9088594488604,-0.22498777353563004,valid,True
OXY,bear,0.25,-0.21162069787090865,0.02,0.0881082922112067,0.02,0.06930735698905643,0.0033817643510702933,0.5,0.0,3.7635055735936342,-0.5795141751877962,-0.492724353610538,1.9584533756364557,-0.9100130766293288,valid,True
OXY,base,0.5,0.036275093498399635,0.025,0.18189802822830284,0.02,0.06930735698905643,0.0033817643510702933,1.0,1.2,27.398738034355972,-0.13324496988207096,-0.07889215601026078,46.0512507981336,-0.3518202423157186,valid,True
OXY,bull,0.25,0.23459172659384625,0.030000000000000002,0.2577589850930763,0.022000000000000002,0.06930735698905643,0.0033817643510702933,1.5,1.2,84.23522375287547,0.17821694011799993,0.1346638655406423,128.33933278017514,0.925506947314054,valid,True
GWW,bear,0.25,0.03563510253382891,0.02,0.10863473294108898,0.31043901222801196,0.09898048709291019,0.0,0.5,0.10471648454797466,330.07664486882885,-0.3250346767748852,-0.1866072248078126,343.23924667548135,-0.6039076623499536,valid,True
GWW,base,0.5,0.08278644097238741,0.025,0.13212734752047384,0.41391868297068257,0.39609318108400066,-0.026553237764961303,1.0,0.17208489422777518,548.2337810235099,-0.1999637088621966,-0.09308884672864222,700.4827417986783,-0.37831077230131505,valid,True
GWW,bull,0.25,0.1205075117232342,0.030000000000000002,0.15251629070660278,0.4553105512677509,0.41391868297068257,-0.026553237764961303,1.5,0.22491464143198883,740.6138848745378,-0.1097972993440635,-0.026166482920234532,986.6615812913833,-0.12077772195290193,valid,True
FIX,bear,0.25,0.16115756688368502,0.02,0.047626388139860594,0.44999999999999996,0.1329462562003135,0.0,0.5,0.29539123001544004,193.0217678347474,-0.49997914915256825,-0.3189359909578343,192.88633080874513,-0.8220279208645606,valid,True
FIX,base,0.5,0.25,0.025,0.06778238600945254,0.6,0.5428326217589183,-0.007829630215003797,1.0,0.34166666666666673,312.1931605964674,-0.4083062767505907,-0.23459690190447874,372.516869024351,-0.71782293982539,valid,True
FIX,bull,0.25,0.321073946493052,0.030000000000000002,0.08567716348176915,0.6,0.6,-0.007829630215003797,1.5,0.4380985953240693,438.1009645226738,-0.3307215436630941,-0.16571057713663312,567.8123956527329,-0.577954694157708,valid,True
NUE,bear,0.25,-0.17630482978235196,0.02,0.054591710829329974,0.02,0.133687339234117,0.0,0.5,0.0,16.194049757490408,-0.5651401039373014,-0.4336396840473753,11.338881273203693,-0.8799202600018542,valid,True
NUE,base,0.5,0.13571689119087238,0.025,0.11697359193322268,0.02,0.133687339234117,-0.048496458630416746,1.0,1.2,59.16461250461882,-0.2197092736518243,-0.1246422685740981,152.83034814806635,-0.505683384189718,valid,True
NUE,bull,0.25,0.3853342679694518,0.030000000000000002,0.1655274398667295,0.022000000000000002,0.133687339234117,-0.048496458630416746,1.5,1.2,199.11370901915458,0.06615506391972306,0.08381207797065146,443.31204125805516,0.5223731958734126,valid,True
KEYS,bear,0.25,0.1041190219644956,0.02,0.1040849053718992,0.02,0.10742808701826757,0.0,0.5,1.2,23.10012933711084,-0.5176116471731802,-0.3392843741210527,44.246558024696306,-0.8817143508116644,valid,True
KEYS,base,0.5,0.19014610747558947,0.025,0.1788043833986215,0.025445987396541653,0.10742808701826757,-0.019854319541236246,1.0,1.2,53.839655418987626,-0.3810755849583074,-0.2246970187217812,98.79307771032806,-0.7287907819182755,valid,True
KEYS,bull,0.25,0.25896777588446457,0.030000000000000002,0.2419319732496112,0.02799058613619582,0.10742808701826757,-0.019854319541236246,1.5,1.2,87.83148896571075,-0.27979187683085904,-0.1478564163728151,160.47424828312217,-0.5593111583540219,valid,True
CTVA,bear,0.25,-0.09032966512343638,0.02,0.05115884336811053,0.44999999999999996,0.0763860518534361,0.0,0.5,0.0,10.076162927519512,-0.504545543162385,-0.3450698701723013,7.883254575766949,-0.8362669170727317,valid,True
CTVA,base,0.5,0.025519912309301285,0.025,0.09729096702649447,0.6,0.1862402581745852,-0.02495625811527946,1.0,0.04235988307906838,34.88352021039739,-0.22441222916822878,-0.12138022268190976,40.70359115098521,-0.46759456298258584,valid,True
CTVA,bull,0.25,0.11819957425549141,0.030000000000000002,0.1304318278578306,0.6,0.290963047803898,-0.02495625811527946,1.5,0.16759943234065522,68.00590828471557,-0.018032078875694402,0.028474595281295506,86.78701159554893,0.1461251064768352,valid,True
AME,bear,0.25,0.006387690456666678,0.02,0.20673163697555236,0.11025015569296112,0.09718154728604364,0.0,0.5,0.08263165079516507,53.08474665539502,-0.3566445338336053,-0.2158264784695348,55.915107979569946,-0.6657083854308963,valid,True
AME,base,0.5,0.08855783965598674,0.025,0.23996926366993981,0.14700020759061483,0.1361297759121574,-0.0034158310046032876,1.0,0.5159603035120596,78.43563572408836,-0.261976544020581,-0.13607050671998872,97.91550072581359,-0.5013497291623211,valid,True
AME,bull,0.25,0.1542939590154428,0.030000000000000002,0.26175315740936106,0.16170022834967632,0.14609350797307163,-0.0034158310046032876,1.5,0.8004637255826939,102.87838243818085,-0.1936625898379134,-0.07999628657125865,138.7306522183081,-0.3334994195923502,valid,True
CAH,bear,0.25,0.03636410104670121,0.02,-0.0020659362980931005,0.44999999999999996,0.0715255902829917,0.0,0.5,0.07353617963857993,-39.409175961825376,,-0.95,0.0,-1.017978290707158,below_lower_bound,True
CAH,base,0.5,0.11450866507467172,0.025,0.004574307885169777,0.6,0.3820043059917341,-0.03788911333765064,1.0,0.16101155343289564,80.01850376255862,-0.2742020434234291,-0.14598861926642703,90.97761830679933,-0.5214308604360256,valid,True
CAH,bull,0.25,0.17702431629704812,0.030000000000000002,0.01086290214976023,0.6,0.48769918793513584,-0.03788911333765064,1.5,0.2460324217293975,278.9366719479476,0.10787463668966667,0.1131467581726611,339.21699927773267,0.6640939217096096,valid,True
NKE,bear,0.25,-0.05567882615758024,0.02,0.09342749775901256,0.02,0.09658986767569494,0.0,0.5,0.0,19.61354371195623,-0.09407638353295623,-0.05115245636552569,21.554101011573533,-0.2041788717648263,valid,True
NKE,base,0.5,0.016158250966344045,0.025,0.11874099658327855,0.02,0.09658986767569494,-0.03190608872083268,1.0,0.8963300386537618,21.08566787348028,-0.029803889035247236,-0.016686799260787637,35.511343758300825,-0.08123596324160043,valid,True
NKE,bull,0.25,0.07362791266548346,0.030000000000000002,0.13938619312687292,0.022000000000000002,0.09658986767569494,-0.03190608872083268,1.5,1.2,28.148293781253102,0.057855832693167054,0.04317148355767133,50.275867423384376,0.24499018359649982,valid,True
DAL,bear,0.25,-0.23479711120053043,0.02,-0.057954465023505874,0.17910585219931122,0.09629692664089244,0.008252049186159294,0.5,0.0,-41.43387121437182,,-0.95,0.0,-1.13313996456829,below_lower_bound,True
DAL,base,0.5,0.09507617768352339,0.025,0.09349638415522864,0.23880780293241496,0.16450263203401513,0.008252049186159294,1.0,0.33944009011196247,82.20749363764996,0.09344875279348344,0.10623433147557082,97.67649494720911,0.5864166027368996,valid,True
DAL,bull,0.25,0.35897480879076643,0.030000000000000002,0.2362324353668543,0.26268858322565647,0.19300480729231964,0.008252049186159294,1.5,1.1160738066060674,466.05199444668574,0.8475389235885812,0.5600954350433311,626.1507422203659,7.886972145279996,valid,True
CIEN,bear,0.25,0.11142333904679694,0.02,0.055453940498438964,0.12970347178498487,0.11474486206661777,0.0,0.5,0.7180892689737527,35.31153248039118,-0.5099460278841434,-0.3327983791808947,39.42743700933658,-0.8527963670686959,valid,True
CIEN,base,0.5,0.21406230401589288,0.025,0.08102395252304644,0.17293796237997983,0.15321632068378144,-0.018392014371168,1.0,1.0191506872589235,50.71644713775215,-0.4478346024770873,-0.2771205822951742,66.09276801084762,-0.8003132079906534,valid,True
CIEN,bull,0.25,0.2961734759911696,0.030000000000000002,0.10125975263329914,0.19023175861797784,0.16485494074645385,-0.018392014371168,1.5,1.2,68.17625213970395,-0.3872071252553723,-0.2192142771396902,96.14436730799447,-0.7087916442851556,valid,True
HUM,bear,0.25,0.13732947654191802,0.02,0.025190632540966006,0.02,0.08310519084825914,0.0,0.5,1.2,362.5196496903164,0.057166429443168465,0.05440638069994749,528.324982128351,0.30251321095997086,valid,True
HUM,base,0.5,0.19137519093930178,0.025,0.03738824841318843,0.02,0.08310519084825914,-0.02170210930886449,1.0,1.2,566.1569295354824,0.22223978310648818,0.1533549541592947,860.9156107237206,1.0500734245136192,valid,True
HUM,bull,0.25,0.23461176245720877,0.030000000000000002,0.047666725494361885,0.022000000000000002,0.08310519084825914,-0.02170210930886449,1.5,1.2,785.6033695990294,0.35097838630026673,0.23069610320089856,1207.4112300606232,1.8523156142417405,valid,True
BDX,bear,0.25,-0.16340835262854236,0.02,0.08384260877567683,0.048836457877553766,0.07614256219106594,0.0,0.5,0.0,-9.743080652579385,,-0.95,0.0,-1.0245286327004537,below_lower_bound,True
BDX,base,0.5,-0.03593255419993857,0.025,0.11329093663343556,0.06511527717007169,0.07614256219106594,-0.019576579474640053,1.0,0.0,34.823478952026406,-0.3780899280100129,-0.2470750354550545,39.49746999181826,-0.7356528770091082,valid,True
BDX,bull,0.25,0.06604808454294447,0.030000000000000002,0.13015037561248696,0.07162680488707887,0.07614256219106594,-0.019576579474640053,1.5,0.8214587782760328,63.68400895395583,-0.2349344137619483,-0.11935452038596844,95.80489781957436,-0.48209603135361656,valid,True
EW,bear,0.25,0.03691934086061563,0.02,0.2561863203292961,0.05889736932145542,0.09202608659544012,0.0,0.5,0.5693882948397839,33.87451381777712,-0.20366725085768847,-0.10495330729754639,39.82311671548645,-0.4042692605780842,valid,True
EW,base,0.5,0.09618483720187843,0.025,0.28914920347335843,0.07852982576194056,0.09202608659544012,-0.02924979420259178,1.0,1.0435254244664163,40.28426813866539,-0.1624491908354684,-0.06963339992798859,55.16136608122652,-0.30088518535697173,valid,True
EW,bull,0.25,0.14359723427488866,0.030000000000000002,0.3161223608674702,0.08638280833813462,0.09202608659544012,-0.02924979420259178,1.5,1.2,46.5256147689129,-0.11860829640645529,-0.03585207969299514,66.68880736277217,-0.1666444316053901,valid,True
WAB,bear,0.25,-0.10760568857308528,0.02,0.08481566284833161,0.2054016951458204,0.08969806495651021,0.0,0.5,0.0,5.099175292215891,-0.7304163009219338,-0.5769132672779962,1.255064770437837,-0.9520862223380401,valid,True
WAB,base,0.5,0.13850552842730168,0.025,0.11644795394000608,0.2738689268610939,0.17367997798500034,-0.025296386812766594,1.0,0.42284615516303997,73.78367952128653,-0.32164576954965024,-0.16858360972255465,93.601571564962,-0.5818385677005424,valid,True
WAB,bull,0.25,0.33539450202761123,0.030000000000000002,0.13683137268107598,0.30125581954720326,0.21051415036591709,-0.025296386812766594,1.5,0.9105736182437696,173.98413850905678,-0.12207511506858279,-0.006628244009334565,241.81564056946183,-0.03213298707580625,valid,True
ROK,bear,0.25,0.0010012167906827268,0.02,0.14268361513506816,0.44999999999999996,0.12032551504002204,0.0,0.5,0.010668829850102627,57.958855354123514,-0.4522744129848434,-0.284372639729554,56.30989218569466,-0.7647792938930777,valid,True
ROK,base,0.5,0.0668712051312792,0.025,0.17226625135061094,0.6,0.556301654420146,-0.01374626116311027,1.0,0.09749494017503894,104.79247964152653,-0.32846237357589414,-0.18254139219352505,128.53747585284586,-0.6119932763897349,valid,True
ROK,bull,0.25,0.11956719580375638,0.030000000000000002,0.19691087547118846,0.6,0.6,-0.01374626116311027,1.5,0.16942292773834186,148.11932204309358,-0.24121794374950695,-0.1122130337171256,193.2050430115656,-0.42976609844081226,valid,True
CARR,bear,0.25,-0.07626211398165927,0.02,0.08549807678128847,0.02,0.1005340455732805,0.0,0.5,0.0,-0.40523331565954845,-0.6802182073355654,-0.95,0.5674608928862068,-0.9507117032154507,below_lower_bound,True
CARR,base,0.5,0.03969304085736769,0.025,0.11922563929220478,0.02,0.1005340455732805,-0.010148185418726629,1.0,1.2,2.1858175070102352,-0.42667822455987336,-0.2789340851653832,14.432343116832527,-0.8437750931258676,valid,True
CARR,bull,0.25,0.13245716472858926,0.030000000000000002,0.14409354454731738,0.022000000000000002,0.1005340455732805,-0.010148185418726629,1.5,1.2,11.509111712986435,-0.26285632296930983,-0.14841141656506804,30.721980951843054,-0.5789709952288579,valid,True
XYZ,bear,0.25,-0.21204310219068967,0.02,-0.016227929499733132,0.10553916946057935,0.14,0.0,0.5,0.0,5.611695986262805,-0.6649880051380025,-0.4810263997875154,2.652154390100793,-0.9235400106918874,valid,True
XYZ,base,0.5,0.20092049275482238,0.025,0.007378305230987299,0.1407188926141058,0.1400841104358504,0.0,1.0,1.1777835308749744,6.620546028178714,-0.5277489857107867,-0.3451424259576015,8.284297243195384,-0.8739839384434503,valid,True
XYZ,bull,0.25,0.531291368711232,0.030000000000000002,0.029896608855398653,0.1547907818755164,0.14022788895867155,0.0,1.5,1.2,21.121544710269845,-0.30922534784185707,-0.13049447746016074,36.01385399782665,-0.509384382436702,valid,True
AZO,bear,0.25,0.03834991333808385,0.02,0.17346712026693517,0.15059554300855973,0.0696955477211208,0.0,0.5,0.23028523937455375,1869.481852951329,-0.08425849119557821,-0.02023497565314753,2059.4904206942283,-0.08999623157356895,valid,True
AZO,base,0.5,0.07919253535358761,0.025,0.19519689421872288,0.2007940573447463,0.1981720871522738,-0.05,1.0,0.34041858203757513,3440.3842858677885,0.13355568344231875,0.11931238285196745,4732.91137197267,0.743566726947575,valid,True
AZO,bull,0.25,0.11186663296599061,0.030000000000000002,0.2134131240745736,0.22087346307922096,0.2007940573447463,-0.05,1.5,0.4323439540518355,4653.74549666716,0.2531319475649071,0.19529016769010926,6562.601568654732,1.4125546881571767,valid,True
CMG,bear,0.25,0.053107711214661,0.02,0.08480945599676015,0.11702314005188505,0.09352053242248932,0.0,0.5,0.39723911827283076,3.836274305507387,-0.4961450719041749,-0.31418824893189595,4.592154362634633,-0.8280979085018769,valid,True
CMG,base,0.5,0.11541765918304547,0.025,0.12052278617695131,0.1560308534025134,0.14499153071744114,-0.030605648203488284,1.0,0.6238133370670167,9.33595646074898,-0.31594787104986605,-0.16914006019942462,12.364193632270297,-0.590539450804759,valid,True
CMG,bull,0.25,0.16526561755775304,0.030000000000000002,0.15123562595866077,0.17163393874276475,0.1560308534025134,-0.030605648203488284,1.5,0.8052748486611817,15.180073213417563,-0.19923796143848446,-0.08060466877650468,20.91901991235918,-0.33683407187462167,valid,True
LHX,bear,0.25,,0.02,0.05941037672205949,0.02,0.08048968726640043,0.0,0.5,,,,,,,non_finite_input,False
LHX,base,0.5,0.10684905238308928,0.025,0.09833066544706151,0.02542943392199498,0.08048968726640043,-0.01732879492067588,1.0,1.2,64.8885899572731,-0.25244747367105447,-0.14190463135018938,131.21580587411142,-0.560538680092043,valid,True
LHX,bull,0.25,,0.030000000000000002,0.12674333926239054,0.027972377314194483,0.08048968726640043,-0.01732879492067588,1.5,,,,,,,non_finite_input,False
FERG,bear,0.25,-0.18029467192027093,0.02,0.07271264701066311,0.02,0.09803576572409173,0.0,0.5,0.0,26.263721346602736,-0.4371659287484362,-0.32354227150790393,25.198607176047265,-0.7994538136264799,valid,True
FERG,base,0.5,-0.025933244399954314,0.025,0.08749129080231521,0.02,0.09803576572409173,-0.02292436299609533,1.0,0.0,65.40087522685991,-0.2507485603709937,-0.164845652229269,86.95948430891441,-0.5701300741304296,valid,True
FERG,bull,0.25,0.09755589761629899,0.030000000000000002,0.09895095247738149,0.022000000000000002,0.09803576572409173,-0.02292436299609533,1.5,1.2,73.45467515082811,-0.1731821219087578,-0.09530527926690409,154.27624401291826,-0.4111815742602887,valid,True
IQV,bear,0.25,-0.03638045466322297,0.02,0.07719960921187957,0.13069349526389257,0.09933211135708167,0.0,0.5,0.0,-19.593518663587332,,-0.95,0.0,-0.9910042753018609,below_lower_bound,True
IQV,base,0.5,0.07096823297645738,0.025,0.11262374556294646,0.1742579936851901,0.12399771181949497,-0.045630968086947214,1.0,0.35450073236104307,31.409001698632405,-0.4528414947038981,-0.26049725912016586,49.13924317585906,-0.7648449772033261,valid,True
IQV,bull,0.25,0.15684718308820167,0.030000000000000002,0.1350263244520255,0.1916837930537091,0.13898288828511665,-0.045630968086947214,1.5,0.685909561658777,85.03129230417584,-0.25640511253732257,-0.10725618292053694,131.95248127957993,-0.43043714954773793,valid,True
VEEV,bear,0.25,0.12758916303215076,0.02,0.2214598477817807,0.44999999999999996,0.0956465942772129,0.005347793504405507,0.5,0.23571406761271252,104.45155985444154,-0.2280855080200126,-0.11760487176507009,106.7684565619183,-0.4327630459442996,valid,True
VEEV,base,0.5,0.18436640279760996,0.025,0.2581749952379913,0.6,0.5813389239882568,0.005347793504405507,1.0,0.25415520373014666,142.42799858731635,-0.13904219295945944,-0.050913902404136,157.67053156442046,-0.21339891776603115,valid,True
VEEV,bull,0.25,0.22978819460997732,0.030000000000000002,0.28958464654206123,0.6,0.6,0.005347793504405507,1.5,0.3163842594799698,173.81608665071417,-0.08147755312093065,-0.006843210326041999,200.1789589895035,-0.03130136901813274,valid,True
ADM,bear,0.25,-0.14661766381887148,0.02,0.020369766434313666,0.0549107352115416,0.07937282451572854,0.0,0.5,0.0,25.78720312919552,-0.28375556925311685,-0.1811597289110068,25.057607208333504,-0.5891852109878994,valid,True
ADM,base,0.5,0.042160508690339826,0.025,0.029387294404086977,0.0732143136153888,0.07937282451572854,-0.05,1.0,0.5289731616650927,54.75997181841676,-0.08519644227344539,-0.027212661766679927,72.20726197442781,-0.1274046629691009,valid,True
ADM,bull,0.25,0.19318304669770886,0.030000000000000002,0.035253035049021955,0.08053574497692768,0.07937282451572854,-0.05,1.5,1.2,83.92136143364894,0.04522872138768437,0.07336752816336231,123.77464762348679,0.43366112868975426,valid,True
A,bear,0.25,0.0010583483813601247,0.02,0.171040064297253,0.06792031327451586,0.1068421350603091,0.0,0.5,0.0713583090451764,28.65727942548713,-0.3726349241944262,-0.22933495637844312,30.96740362412537,-0.6869924641760357,valid,True
A,base,0.5,0.06739943990642516,0.025,0.20521881264522696,0.0905604176993545,0.1068421350603091,-0.022523522469392876,1.0,0.6506104258567272,37.49326846682146,-0.31309720149729403,-0.1753503770858515,51.965526040938414,-0.6137792677743906,valid,True
A,bull,0.25,0.12047231312647719,0.030000000000000002,0.229719441788852,0.09961645946928996,0.1068421350603091,-0.022523522469392876,1.5,1.027720228630923,45.8065018356616,-0.25621281331405044,-0.12709689606563182,69.76628401568313,-0.4928067347610794,valid,True
CBRE,bear,0.25,0.04485870764616304,0.02,0.03499480016881225,0.02,0.09720948932418086,0.0,0.5,1.2,-1.188119527318923,-0.5374679528526032,-0.35684544427203946,20.81053235235992,-0.9344838411455827,valid,True
CBRE,base,0.5,0.12508326287124616,0.025,0.04487385041355632,0.02,0.09720948932418086,-0.03226693695322658,1.0,1.2,16.997389690830595,-0.34921363450703213,-0.2098852511961013,53.192113186910504,-0.7263227732406594,valid,True
CBRE,bull,0.25,0.18926290705131266,0.030000000000000002,0.0519978706121601,0.022000000000000002,0.09720948932418086,-0.03226693695322658,1.5,1.2,36.348830591230254,-0.23617234947741955,-0.12296032477170225,86.32244356839772,-0.5051917520327726,valid,True
SYY,bear,0.25,-0.04773621830871985,0.02,0.029300398934307817,0.1111158482651964,0.07247784413222913,0.0,0.5,0.0,23.263990682208007,-0.2991282462025993,-0.1815887638309505,23.068472810054768,-0.5853129299175333,valid,True
SYY,base,0.5,0.04400942615390446,0.025,0.037277182255506566,0.1481544643535952,0.13409374831646537,-0.022198265216620248,1.0,0.2713893307133939,65.53100300381587,-0.008755823562387348,0.02724518046015877,79.07839061901085,0.13458728267404463,valid,True
SYY,bull,0.25,0.11740594172400391,0.030000000000000002,0.043655892773411746,0.16296991078895473,0.1481544643535952,-0.022198265216620248,1.5,0.6131484817992274,111.23482021066374,0.1674222241039388,0.14416736977291292,143.02222053769017,0.9202250372660514,valid,True
LYV,bear,0.25,-0.6044184429166732,0.02,-0.1,0.24403086171048044,0.09141889494222041,0.0,0.5,0.0,-30.496819861998375,,-0.95,0.0,-1.0499489259529948,below_lower_bound,True
LYV,base,0.5,0.12619963278588997,0.025,0.031868649483831786,0.3253744822806406,0.19655853589210645,0.0,1.0,0.32565462874043105,21.724890186925833,-0.4652848151454235,-0.2751942383183633,28.03332263413889,-0.777114130536054,valid,True
LYV,bull,0.25,0.7106940933479405,0.030000000000000002,0.18581556706804608,0.3579119305087047,0.24334965335979047,0.0,1.5,1.2,874.7111025267906,0.6737224660930226,0.5144207005330826,1246.1706566076373,6.990135270080852,valid,True
ED,bear,0.25,-0.05952689049885944,0.02,0.14907187388935378,0.02,0.07464025464444027,0.013130197305111224,0.5,0.0,-5.3040433838851,,-0.95,0.0,-1.050332834297173,below_lower_bound,True
ED,base,0.5,0.06206350307010511,0.025,0.19193011684904407,0.02619693186679759,0.07464025464444027,0.013130197305111224,1.0,1.2,14.29063003251849,-0.31749864188022914,-0.19977481263922525,55.94465371900611,-0.778105580690401,valid,True
ED,bull,0.25,0.15933581792527673,0.030000000000000002,0.2140426334785212,0.028816625053477353,0.07464025464444027,0.013130197305111224,1.5,1.2,56.07288622513671,-0.10937675333698274,-0.0477940948156174,115.3562310152941,-0.2485959987549745,valid,True
YUM,bear,0.25,0.01882441610751604,0.02,0.2784237566382741,0.406015942343781,0.07193920257024503,0.0,0.5,0.046942818983878185,72.17537867200372,-0.15772641676594495,-0.06911995418486183,74.98637614396236,-0.27635618294785547,valid,True
YUM,base,0.5,0.07485833534148123,0.025,0.32226093622302104,0.541354589791708,0.525582232781067,-0.014835394467145328,1.0,0.11985982846871368,162.57780977787039,0.11868187192594633,0.10958064292208297,193.3069686575145,0.6262256688466812,valid,True
YUM,bull,0.25,0.11968547072865338,0.030000000000000002,0.35964000664585866,0.5954900487708789,0.541354589791708,-0.014835394467145328,1.5,0.17086494861322438,239.32538094704893,0.26583148357458414,0.20310167979914703,292.79522310015847,1.3920677162344908,valid,True
DHI,bear,0.25,-0.07969195097753512,0.02,0.11851961729863997,0.02,0.10735140439942165,0.0,0.5,0.0,58.995693116772344,-0.145284869428724,-0.08529438542318529,63.35660477691837,-0.3130071167923629,valid,True
DHI,base,0.5,0.03867874516996861,0.025,0.15579730005557357,0.02,0.10735140439942165,-0.05,1.0,1.2,64.608383788497,-0.05009063922334459,-0.02874961454072033,137.09913816504866,-0.14295202392992068,valid,True
DHI,bull,0.25,0.1333753020879716,0.030000000000000002,0.1832644268280077,0.022000000000000002,0.10735140439942165,-0.05,1.5,1.2,112.07305480511312,0.09634206201881171,0.07157725071010648,223.21472232597011,0.4374873864306199,valid,True
PEG,bear,0.25,-0.10384738324070253,0.02,0.13334435297070746,0.23293967800659957,0.07646039507433772,0.0,0.5,0.0,-17.749319608514007,,-0.95,0.0,-1.0789921114948444,below_lower_bound,True
PEG,base,0.5,0.04824092681207626,0.025,0.23252653674492513,0.31058623734213275,0.15116995134199113,-0.0006657791581933248,1.0,0.14035632043038826,41.94374781950917,-0.11897447421215472,-0.040034259913954845,52.93074719772119,-0.17930426935793287,valid,True
PEG,bull,0.25,0.16991157485429928,0.030000000000000002,0.30447172463752603,0.34164486107634606,0.19799511979555012,-0.0006657791581933248,1.5,0.4154292250622293,126.51387083846159,0.25259107667952774,0.20646222656359903,164.30698848312622,1.5020925997104726,valid,True
KR,bear,0.25,-0.046123491563959895,0.02,0.016380753328872514,0.04217097698186796,0.07247248792782131,0.0,0.5,0.0,3.950054164332528,-0.5228161446284503,-0.3828364317305386,5.712713762104174,-0.8983893398566876,valid,True
KR,base,0.5,0.01552729977291245,0.025,0.021216851165038214,0.056227969309157286,0.07247248792782131,-0.038584283141443285,1.0,0.30984294884525804,18.944462196861977,-0.24988590116845444,-0.14073267362546174,26.944862537948225,-0.5311082121198597,valid,True
KR,bull,0.25,0.06484793284241033,0.030000000000000002,0.02473697380769242,0.06185076624007302,0.07247248792782131,-0.038584283141443285,1.5,0.9357741187760577,30.383012672408487,-0.1292217917507514,-0.04973314045928416,47.952343219995164,-0.23569530437010755,valid,True
HSY,bear,0.25,0.009738567176931508,0.02,0.17951330980311705,0.02,0.07181696225941644,0.0,0.5,0.5895426870772603,81.35486110844539,-0.13408140393439674,-0.07846190364798529,113.30263765442184,-0.329215355417231,valid,True
HSY,base,0.5,0.060726803951178354,0.025,0.21786215855119656,0.02,0.07181696225941644,-0.0056491835092291,1.0,1.2,104.74593835198648,-0.050248719903174754,-0.02325939023867246,171.93810809116763,-0.11567194773528688,valid,True
HSY,bull,0.25,0.10151739337057583,0.030000000000000002,0.24962939148944444,0.022000000000000002,0.07181696225941644,-0.0056491835092291,1.5,1.2,144.50876197771282,0.03933179338928315,0.03744263025582771,231.33186465636146,0.21063550978024215,valid,True
EL,bear,0.25,-0.0815277119836556,0.02,0.04308422747632725,0.02,0.10318937816842966,0.0,0.5,0.0,-5.730204720222943,-0.9138259415725769,-0.95,0.0,-1.0047999525457851,below_lower_bound,True
EL,base,0.5,0.02344902926388137,0.025,0.08094764045797927,0.02,0.10318937816842966,0.0,1.0,1.1879611705552549,-0.8739531278920566,-0.5713673969323279,-0.3950108849268872,11.452980335489167,-0.9593416040439512,valid,True
EL,bull,0.25,0.10743042226191095,0.030000000000000002,0.11155976380740551,0.022000000000000002,0.10318937816842966,0.0,1.5,1.2,10.911873172235113,-0.37150888808537286,-0.22852793909842145,32.45496812076023,-0.7584925318870706,valid,True
EME,bear,0.25,0.10262384819901166,0.02,0.03640404004207042,0.44999999999999996,0.10518111051889854,0.0,0.5,0.19133128568713187,158.6678673912415,-0.39208567785390197,-0.23495385695132423,156.1091303966073,-0.6960020107475755,valid,True
EME,base,0.5,0.16233552058844614,0.025,0.05229815894925574,0.6,0.5376528199253812,-0.03559931858761739,1.0,0.22478069411792817,284.3128298004049,-0.26003235172102,-0.13113321626369717,358.0709116005264,-0.4975262102949214,valid,True
EME,bull,0.25,0.21010485849999372,0.030000000000000002,0.0664193702680613,0.6,0.6,-0.03559931858761739,1.5,0.290139811333325,410.7706418614781,-0.1531751144691952,-0.04739171535766215,554.5458735424927,-0.21151117821186838,valid,True
WEC,bear,0.25,-0.06640271686163121,0.02,0.16494509292654083,0.04476304840949251,0.075822054086897,0.013319637794669381,0.5,0.0,-18.79387947366736,,-0.95,0.0,-1.0703530516253155,below_lower_bound,True
WEC,base,0.5,0.06134367538481744,0.025,0.21038385074284094,0.05968406454599001,0.075822054086897,0.013319637794669381,1.0,0.9060197343997256,5.3056807299529,-0.5100315594754646,-0.3021393825532869,24.10037212107338,-0.9142489028648428,valid,True
WEC,bull,0.25,0.16354078918197634,0.030000000000000002,0.23320844844279306,0.06565247100058902,0.075822054086897,0.013319637794669381,1.5,1.2,29.659996642334793,-0.2932536411855835,-0.13404769675107664,67.8936109191539,-0.5857330674389067,valid,True
KVUE,bear,0.25,-0.0430670585693745,0.02,0.09619887265474313,0.0814049947047153,0.0691381582701166,0.0,0.5,0.0,3.847937969775975,-0.3703763280995189,-0.23693262315355235,3.5751978280132506,-0.6910807845422646,valid,True
KVUE,base,0.5,0.02419822663219573,0.025,0.16265216265216265,0.1085399929396204,0.08854356184484721,0.0,1.0,0.224420332506443,11.971995985554663,-0.06424986924976109,-0.012592933233827324,13.718833310370263,-0.05717542851539281,valid,True
KVUE,bull,0.25,0.07801045479345191,0.030000000000000002,0.21428377432790385,0.11939399223358245,0.09642392877874797,0.0,1.5,0.572963199864591,20.871722571878298,0.12073349063284697,0.10938598024658862,25.840312484059872,0.646439411755759,valid,True
JBL,bear,0.25,0.054099918570305966,0.02,0.026975360237794527,0.19558561205838823,0.10693586756323412,0.0,0.5,0.24173523992209753,40.486063158706756,-0.4615035168768372,-0.2853498598691657,44.72232304683935,-0.7790430121878988,valid,True
JBL,base,0.5,0.12293877524874042,0.025,0.037843518287798666,0.260780816077851,0.24281172609134372,-0.05,1.0,0.3963137386921089,90.39732648053733,-0.30214293511526197,-0.1627003766625421,124.54952146207602,-0.582785303611045,valid,True
JBL,bull,0.25,0.178009860591488,0.030000000000000002,0.04748100512308359,0.2868588976856361,0.260780816077851,-0.05,1.5,0.5173550120652981,143.60692172583595,-0.18202068026002954,-0.06706441596616056,209.92485045500783,-0.29020497971227976,valid,True
VMC,bear,0.25,-0.10576629085095313,0.02,0.14088044891281382,0.10416725751229317,0.09818584772786723,0.0,0.5,0.0,20.35513571134525,-0.5349207652296171,-0.37650381838320746,17.68631894317441,-0.8654520731559114,valid,True
VMC,base,0.5,0.05568103558681803,0.025,0.18273980107251592,0.13888967668305754,0.111398310606722,-0.008986187909983042,1.0,0.3567207416179273,67.9252254349687,-0.3011423026066041,-0.16369551677198613,84.02049489093031,-0.5659889319650921,valid,True
VMC,bull,0.25,0.18483889673703496,0.030000000000000002,0.2033446869694737,0.15277864435136332,0.11953907639776007,-0.008986187909983042,1.5,1.0071506920545268,111.73070182593293,-0.18160882690281138,-0.06165595158818175,164.00681127214344,-0.2712941392275309,valid,True
HPQ,bear,0.25,-0.013878432842892079,0.02,0.05708248398505336,0.02,0.09735464542648709,0.0,0.5,0.0,22.872431187385914,-0.011273974413052175,-0.0006980140693485455,27.632100458950006,-0.0030133382440941103,valid,True
HPQ,base,0.5,0.03886392971243746,0.025,0.06576206509215812,0.02,0.09735464542648709,-0.05,1.0,1.2,19.7029579846787,-0.012821316486224504,-0.006988023803569348,40.19344609908847,-0.03672101016789997,valid,True
HPQ,bull,0.25,0.0810578197567011,0.030000000000000002,0.07314547589629646,0.022000000000000002,0.09735464542648709,-0.05,1.5,1.2,27.13660231620404,0.07268620622344316,0.05077953722793611,52.97915378517377,0.3002461574174775,valid,True
RMD,bear,0.25,0.07193756965182055,0.02,0.24164292089025038,0.25370827308207966,0.08699455121689421,0.0,0.5,0.2426016896246177,111.68586570525159,-0.15473796708392915,-0.06494318273907991,119.14057084299239,-0.26271515075439555,valid,True
RMD,base,0.5,0.10935503602639374,0.025,0.280632662862087,0.3382776974427729,0.329432530695622,-0.008817743184522744,1.0,0.27339676697651843,170.46436931807094,-0.01773896873055489,0.02838323765317912,205.04171295219766,0.14018602398057722,valid,True
RMD,bull,0.25,0.1392890091260523,0.030000000000000002,0.3139311744310805,0.37210546718705023,0.3382776974427729,-0.008817743184522744,1.5,0.31558581546401043,216.58232202093964,0.06437118739704603,0.08472420456819238,269.37306559343153,0.46722216913086356,valid,True
MLM,bear,0.25,-0.04451708652337037,0.02,0.13037217926021905,0.08167343509475346,0.09607932210181211,0.0,0.5,0.0,19.579951438342473,-0.6297410148370547,-0.4507064462537528,16.024482852654284,-0.9060934889940537,valid,True
MLM,base,0.5,0.07637881494237198,0.025,0.20423619418469918,0.10889791345967127,0.09996591900151501,-0.014027829137971487,1.0,0.6070185355606273,115.7523560960086,-0.32604565816582187,-0.17482787320259374,163.18130606307759,-0.601277313928435,valid,True
MLM,bull,0.25,0.17309553611496586,0.030000000000000002,0.25368989918022405,0.11978770480563841,0.10252963727308684,-0.014027829137971487,1.5,1.2,212.1153901292453,-0.18722537956346058,-0.06397244814143048,336.25342314111566,-0.2846309918076342,valid,True
ZTS,bear,0.25,-0.01825908663983658,0.02,0.3221330529656844,0.1839780620017178,0.07818701308746161,0.0,0.5,0.0,57.28671439639171,-0.005078921746462555,0.026886711863335248,58.033247097254346,0.12260910346426668,valid,True
ZTS,base,0.5,0.02767245765407983,0.025,0.359833772599066,0.24530408266895706,0.24256336272782053,-0.041318651643827926,1.0,0.11062989995110319,97.19563462429267,0.2054316041059792,0.16008864066097891,129.3661707086051,1.02651075216031,valid,True
ZTS,bull,0.25,0.06441769308921295,0.030000000000000002,0.39125179456286796,0.26983449093585277,0.2453040826689571,-0.041318651643827926,1.5,0.21322016422669943,128.4248073640849,0.3224268670892343,0.23421975100645798,178.13936630611033,1.7422844053626303,valid,True
WAT,bear,0.25,0.17794713578153232,0.02,0.24984161929676618,0.02,0.10452209096524828,0.08,0.5,1.2,47.61755817555618,-0.4435119270070572,-0.29537916928820773,82.58089612586981,-0.8530457538938935,valid,True
WAT,base,0.5,0.25,0.025,0.28803615176012815,0.025539024517935775,0.10452209096524828,0.08,1.0,1.2,87.76297838557034,-0.3562557086814196,-0.22412601834948873,129.6581820828406,-0.7427836929521938,valid,True
WAT,bull,0.25,0.30764229137477417,0.030000000000000002,0.3106292060634028,0.028092926969729353,0.10452209096524828,0.08,1.5,1.2,122.29827855008342,-0.29781265260535283,-0.17879709799017285,172.12407659462042,-0.6479458374965017,valid,True
HAL,bear,0.25,-0.17849776932238748,0.02,0.038870764836663144,0.10213882799054755,0.08001991879363765,0.0,0.5,0.0,0.08013241486631088,-0.7934532789629885,-0.7012795963324605,0.0,-0.943738543362263,valid,True
HAL,base,0.5,0.00454050031332065,0.025,0.11024930210138989,0.13618510398739672,0.1058839865753637,-0.026387689137254755,1.0,0.06338725747461636,24.908219028373654,-0.0467711475677788,-0.0004049535491503495,30.268549970263138,-0.001910174952196586,valid,True
HAL,bull,0.25,0.15097111602188715,0.030000000000000002,0.17105217506204082,0.1498036143861364,0.11711702361411552,-0.026387689137254755,1.5,0.8462872764253031,62.66344827281743,0.28297706358134744,0.22079205855261538,87.23642629509209,1.6698042139669487,valid,True
IR,bear,0.25,-0.22190278608465375,0.02,0.09616680615569534,0.12441103037475693,0.09862704093565948,0.0,0.5,0.0,0.1434920425119246,-0.794714953773655,-0.6485690146335399,0.0,-0.953218612603075,valid,True
IR,base,0.5,0.11430564033756418,0.025,0.15142001611754555,0.16588137383300924,0.11542717329341745,-0.017076297384265617,1.0,0.5814065198612405,21.677284335369055,-0.2894266910618172,-0.1458533205557614,29.436584547421077,-0.5379619258561,valid,True
IR,bull,0.25,0.38327238147533854,0.030000000000000002,0.18736263142392517,0.1824695112163102,0.1288780398728874,-0.017076297384265617,1.5,1.2,56.82667918150888,-0.04576470224419606,0.05257716689957308,89.38486318526749,0.29828119084114624,valid,True
TDY,bear,0.25,-0.03540709589786886,0.02,0.13512523694811582,0.16992222222333558,0.09230335981679723,0.0,0.5,0.0,129.20144896450415,-0.3661595258534362,-0.22718237285225762,125.77855466248865,-0.6795409240402978,valid,True
TDY,base,0.5,0.09596472769009856,0.025,0.1650039602819721,0.22656296296444745,0.18099525365613495,-0.006912225246737997,1.0,0.36092299059891175,259.62713485809036,-0.19505551678012126,-0.08828481769887726,319.0615285000837,-0.3547696951914927,valid,True
TDY,bull,0.25,0.2010621865604725,0.030000000000000002,0.18400727259364358,0.24921925926089222,0.20784717428566502,-0.006912225246737997,1.5,0.6694897888036547,401.3657455231443,-0.07612126086896749,0.004727132702828411,535.9700991546713,0.023146884712698768,valid,True
LVS,bear,0.25,-0.3250406716184576,0.02,0.0620723276886439,0.16956605438357264,0.07858898739403754,0.0,0.5,0.0,-10.637928608367103,,-0.95,0.0,-1.0146791373294934,below_lower_bound,True
LVS,base,0.5,0.040640648371984556,0.025,0.22266116299469607,0.22608807251143018,0.18121885081871933,-0.04821421689435823,1.0,0.16591993677902292,51.96710976214551,0.15677934323903175,0.13302527401829145,61.232142450701566,0.7698375173598544,valid,True
LVS,bull,0.25,0.3331857043643383,0.030000000000000002,0.36975005198837985,0.2486968797625732,0.21071866784219784,-0.04821421689435823,1.5,1.0959066464833345,221.4993459664595,0.7607306422200053,0.5034901711856947,298.0775789395241,6.579998106163925,valid,True
DG,bear,0.25,-0.009917487378548251,0.02,0.06267798931304674,0.02,0.06584503578748041,0.0,0.5,0.0,68.84308678886296,-0.0826894664787687,-0.05248634027375372,87.54047154117443,-0.2195153708041484,valid,True
DG,base,0.5,0.06321153293636028,0.025,0.08277072295880822,0.02,0.06584503578748041,-0.00939613739191532,1.0,1.2,107.25610245452854,0.06715159181039784,0.04397140910732563,187.07056301014194,0.2611143370239537,valid,True
DG,bull,0.25,0.1217147491882871,0.030000000000000002,0.09792949380899514,0.022000000000000002,0.06584503578748041,-0.00939613739191532,1.5,1.2,178.87311272220592,0.22606221976457164,0.14527626467170196,290.5208394414249,1.0554177206342192,valid,True
ATO,bear,0.25,-0.08671885029444246,0.02,0.20214952467116568,0.05254536273421222,0.07224036870658972,0.069964666664862,0.5,0.0,0.011519739619848339,-0.8027320684966983,-0.95,0.0,-0.9609122314801671,below_lower_bound,True
ATO,base,0.5,0.06419985867797362,0.025,0.26134417377789865,0.07006048364561629,0.07224036870658972,0.069964666664862,1.0,0.8044461586571613,35.24074674732921,-0.3839596107136458,-0.24124404904432595,39.63342417167517,-0.754475953349042,valid,True
ATO,bull,0.25,0.18493482585590648,0.030000000000000002,0.2962651760241404,0.07706653201017792,0.07224036870658972,0.069964666664862,1.5,1.2,72.07523077287811,-0.2452694697421975,-0.12863665840122843,87.96412594846288,-0.525887949693504,valid,True
CPAY,bear,0.25,0.061767852950249766,0.02,0.3875373289875656,0.10397212006745839,0.08039248440893995,0.0,0.5,0.5137365894390148,187.16212000460592,-0.16920158963184798,-0.0702877009156509,232.8627129857404,-0.29125957811547076,valid,True
CPAY,base,0.5,0.13486596532749706,0.025,0.43970602965951056,0.13862949342327785,0.12906115284222214,-0.05,1.0,0.8143488768100869,341.0621973072428,0.004214908179710648,0.05023589762713529,457.6737871784976,0.2706996553654206,valid,True
CPAY,bull,0.25,0.1933444552292949,0.030000000000000002,0.47444258478560425,0.15249244276560564,0.13862949342327785,-0.05,1.5,1.0536624718538248,478.79932589105874,0.11021181173273364,0.1221781111380551,666.3850443794661,0.7763159444561449,valid,True
WSM,bear,0.25,-0.025106595881056765,0.02,0.13129290312012917,0.06412500017668446,0.11978122191895245,0.0,0.5,0.0,51.012532265283355,-0.34206715048640024,-0.21024567353888415,50.94109532731029,-0.6398940609002535,valid,True
WSM,base,0.5,0.040782120448498715,0.025,0.16663394849440455,0.08550000023557927,0.11978122191895245,-0.05,1.0,0.44006662286699877,66.86750223002038,-0.28097490246291257,-0.15936781819327728,90.26370896800692,-0.573309969960575,valid,True
WSM,bull,0.25,0.0934930935121431,0.030000000000000002,0.19758835517456474,0.0940500002591372,0.11978122191895245,-0.05,1.5,0.8590587409580053,82.12839882322409,-0.21312204984133126,-0.10250221914611755,125.06757570825255,-0.41499584673864653,valid,True
OTIS,bear,0.25,-0.009867898700804824,0.02,0.12991219804550586,0.44999999999999996,0.08163762963157471,0.0,0.5,0.0,24.859614072977653,-0.2383134170551784,-0.12499077474931253,25.063770081577587,-0.44208631498603845,valid,True
OTIS,base,0.5,0.03388590019690996,0.025,0.1447580284207614,0.6,0.5921208919704,-0.029715895277589777,1.0,0.05351453359587994,51.209512432544386,-0.016070860670879452,0.024641731032170378,60.67754300257142,0.11768373152615408,valid,True
OTIS,bull,0.25,0.06888893931508178,0.030000000000000002,0.1571024400649062,0.6,0.6,-0.029715895277589777,1.5,0.10185191908677571,71.03202210975428,0.09287761196028443,0.09762610617326575,87.12126444127719,0.5385716069726061,valid,True
MTD,bear,0.25,0.0033780185425907883,0.02,0.24098788145378072,0.24383442177835885,0.10625573783421705,0.0,0.5,0.0274875662967922,293.7268603683731,-0.3443797453859588,-0.20224902942609324,302.813034703694,-0.6307882752860464,valid,True
MTD,base,0.5,0.05276361316320688,0.025,0.2726700953622288,0.3251125623711451,0.32014451245415687,-0.039758339730916546,1.0,0.1452139843082103,461.18624647265216,-0.2439587392389512,-0.12614513732005428,605.7078163469472,-0.48284295171376357,valid,True
MTD,bull,0.25,0.09227208885969976,0.030000000000000002,0.29933381616553506,0.35762381860825965,0.3251125623711451,-0.039758339730916546,1.5,0.2231889123000275,600.5989282990979,-0.1694326637065387,-0.06726002022769537,829.1402111483372,-0.28881036788716186,valid,True
DGX,bear,0.25,-0.01607094004350794,0.02,0.11320180388630219,0.02,0.07177840493694242,0.0,0.5,0.0,65.0987612045596,-0.280481058571604,-0.18468765888537741,76.928169722205,-0.6014321871906634,valid,True
DGX,base,0.5,0.07462836227577063,0.025,0.14573039501972124,0.02,0.07177840493694242,-0.020899849961665207,1.0,1.2,91.77339198344058,-0.16399582957383244,-0.09256766683538437,167.09377452121316,-0.4035486216521763,valid,True
DGX,bull,0.25,0.14718780413119348,0.030000000000000002,0.17008569694845924,0.022000000000000002,0.07177840493694242,-0.020899849961665207,1.5,1.2,157.08856887420143,-0.03685933017695785,-0.0016005989411496278,264.5764976535883,-0.008378394768831399,valid,True
LH,bear,0.25,-0.0791618056383975,0.02,0.07157099220251469,0.02,0.08305098185088729,0.0,0.5,0.0,13.82616360857503,-0.5774932681379141,-0.4573823407336022,13.796418946489846,-0.8992553000656325,valid,True
LH,base,0.5,0.042156547166391944,0.025,0.11604691500812825,0.02,0.08305098185088729,-0.04129562934400985,1.0,1.2,56.57802597326842,-0.28314654192363375,-0.17663125048129585,143.88821493722548,-0.6559188779036865,valid,True
LH,bull,0.25,0.1392112294102235,0.030000000000000002,0.14824217303300663,0.022000000000000002,0.08305098185088729,-0.04129562934400985,1.5,1.2,155.4528595873349,-0.09110382327635302,-0.0365236660436494,301.1230492010937,-0.17935969287660047,valid,True
DOV,bear,0.25,-0.02604785579758344,0.02,0.13192540582823425,0.04426822896435953,0.10069138713637658,0.0,0.5,0.0,51.47662669551868,-0.2954332407272885,-0.1797780936176423,53.43968803727274,-0.5797564633712613,valid,True
DOV,base,0.5,0.0476081120775208,0.025,0.1572083358717778,0.059024305285812706,0.10069138713637658,-0.020740091348922473,1.0,0.729978768125765,63.029364521285906,-0.23795385293196883,-0.12703333132376426,90.1828340426041,-0.48933683731916966,valid,True
DOV,bull,0.25,0.10653288637760419,0.030000000000000002,0.17447364078586067,0.06492673581439398,0.10069138713637658,-0.020740091348922473,1.5,1.2,72.84273567463559,-0.18631542581715616,-0.08441407656937369,120.30531642887414,-0.3630441919453128,valid,True
TPL,bear,0.25,0.06836715818110006,0.02,0.701320041117578,0.16731585339404792,0.08048192579621416,0.0,0.5,0.3507959667554612,107.55165448717572,-0.3034530098695541,-0.17192771577829258,118.81352337353479,-0.5867064645832225,valid,True
TPL,base,0.5,0.2015330343406263,0.025,0.786585672348183,0.22308780452539723,0.22046385635678026,-0.0030584189583152794,1.0,0.7451166047652648,196.43231744921465,-0.15251614770677407,-0.05313382538734,248.51455991389497,-0.2333425475210137,valid,True
TPL,bull,0.25,0.3080657352682473,0.030000000000000002,0.8578815420378842,0.24539658497793698,0.22308780452539723,-0.0030584189583152794,1.5,1.028753469561507,288.92030205358856,-0.049533296184381445,0.027446539068478187,382.5528896620671,0.14265670744036751,valid,True
EXPD,bear,0.25,-0.029436219787900703,0.02,0.08733244003857879,0.3976217479944726,0.10170525495275713,0.0,0.5,0.0,59.50171374688106,-0.2781302534975112,-0.15973901069373822,59.55313136213195,-0.5382117359067693,valid,True
EXPD,base,0.5,0.11505323571243242,0.025,0.09817747651779296,0.5301623306592967,0.5218074176830193,-0.05,1.0,0.18304316047740732,107.3738788309791,-0.12671333922771738,-0.040451506763929466,143.6503017687142,-0.183160826928776,valid,True
EXPD,bull,0.25,0.23064480011269894,0.030000000000000002,0.10726268173042569,0.5831785637252265,0.5301623306592967,-0.05,1.5,0.3266852589251268,159.31312642995897,-0.004697912780102312,0.056638161983573826,227.58109477252066,0.3096806718167646,valid,True
WST,bear,0.25,0.013360828813066328,0.02,0.16240933894454934,0.02,0.10568146362534218,0.0,0.5,0.7344331525226532,45.29508465302473,-0.4200801528058945,-0.27484043850126905,67.29374794923761,-0.7907038291015063,valid,True
WST,base,0.5,0.09394977961311213,0.025,0.20320865651832,0.02,0.10568146362534218,-0.02123736467899394,1.0,1.2,57.950844812079744,-0.35259459729859377,-0.21930955711286512,106.63167953079963,-0.7190537998920024,valid,True
WST,bull,0.25,0.15842094025314876,0.030000000000000002,0.23617428038330945,0.022000000000000002,0.10568146362534218,-0.02123736467899394,1.5,1.2,81.62821903721658,-0.28635965891153314,-0.16565195037692315,149.19044516664627,-0.6046496130378868,valid,True
HUBB,bear,0.25,0.019657461676921312,0.02,0.10623111303766286,0.13826612856775422,0.08621467077346615,0.0,0.5,0.1426666787149593,32.26734990265692,-0.5667577372500089,-0.37041840107776797,33.734408786174775,-0.8652851291457593,valid,True
HUBB,base,0.5,0.10741870906473716,0.025,0.13879854972726194,0.18435483809033898,0.1569442893587364,-0.006246342955149663,1.0,0.493260541430592,122.58779769925738,-0.30888410579646003,-0.16082002788025418,162.87001814081955,-0.5663340066744219,valid,True
HUBB,bull,0.25,0.17762770697498984,0.030000000000000002,0.16346904293012846,0.2027903218993729,0.17657232282211097,-0.006246342955149663,1.5,0.7303216652197141,219.68180527911096,-0.16972115787357323,-0.05587148529739348,304.4555367260058,-0.24457514184064932,valid,True
DRI,bear,0.25,-0.010223547771429392,0.02,0.08415766929706175,0.17965475956433877,0.07459431427693455,0.0,0.5,0.0,66.6849996261527,-0.2821778234036173,-0.16264857509231662,66.25271296478265,-0.5452532285345315,valid,True
DRI,base,0.5,0.08000299208784523,0.025,0.11369714016231727,0.23953967941911836,0.2096845683283831,-0.024622087909557406,1.0,0.288062478156464,187.15446634952545,0.025354857923230174,0.052944115694845126,225.37979524222726,0.2748741665383756,valid,True
DRI,bull,0.25,0.15218422397526493,0.030000000000000002,0.13844427656973113,0.2634936473610302,0.23953967941911836,-0.024622087909557406,1.5,0.484821476569326,324.0806683626816,0.2191851844079793,0.17974144235486167,408.54069182979913,1.208128375782159,valid,True
TPR,bear,0.25,0.010709433621232528,0.02,0.101655813141173,0.33749550445102394,0.11154070642639094,0.0,0.5,0.03723767200226449,20.282136946067784,-0.41895196324912826,-0.25770318423747074,17.896768752822144,-0.7106241475277146,valid,True
TPR,base,0.5,0.09404472051766266,0.025,0.16967750641430596,0.44999400593469857,0.3892754840029081,-0.04909017419944732,1.0,0.17830410040122543,57.391151957154015,-0.1595528725185431,-0.05740000432124358,78.46294258820548,-0.24975897473581055,valid,True
TPR,bull,0.25,0.16071295003480676,0.030000000000000002,0.23058801539361534,0.4949934065281685,0.4499940059346985,-0.04909017419944732,1.5,0.27186293444130444,101.61279795046102,0.03466394434217365,0.08256469952175394,149.88808800608473,0.46722293123366554,valid,True
NRG,bear,0.25,-0.2657476300641533,0.02,0.06279065324657312,0.04090903572914051,0.08912376086510307,0.0,0.5,0.0,-67.17953156065958,,-0.95,0.0,-1.1615967670500447,below_lower_bound,True
NRG,base,0.5,0.17970409525039377,0.025,0.09488985175466122,0.05454538097218734,0.08912376086510307,-0.043753647561365475,1.0,1.2,57.36877990838064,-0.09413421496283261,-0.0038330654439050434,146.99453762427135,-0.022493840801285025,valid,True
NRG,bull,0.25,0.5360654755020314,0.030000000000000002,0.11950366430708288,0.059999919069406084,0.08912376086510307,-0.043753647561365475,1.5,1.2,389.2896902715965,0.49495135692413905,0.3718199696042575,658.5220392429758,4.489609909896695,valid,True
PPG,bear,0.25,-0.05648152920992271,0.02,0.10583565736657116,0.23297467882628145,0.0899594235288809,0.0,0.5,0.0,33.80743682979703,-0.25533747674198815,-0.14482343062409198,33.1714171655343,-0.4894985341698246,valid,True
PPG,base,0.5,0.035605754370670484,0.025,0.12688760969798327,0.3106329051017086,0.25583967962717546,-0.02120308048703333,1.0,0.10779477301534664,78.7714792953573,-0.010633924283320058,0.03115254222066144,99.77444311259873,0.15446454837337797,valid,True
PPG,bull,0.25,0.10927558123514504,0.030000000000000002,0.14131031886072423,0.34169619561187947,0.29997437594174103,-0.02120308048703333,1.5,0.27340212208341064,121.95486802355938,0.13914785229135315,0.1353184490813874,164.24581145830305,0.8277357516002783,valid,True
PHM,bear,0.25,-0.06479934266705459,0.02,0.142860592788659,0.06655969779139062,0.1041198434428417,0.0,0.5,0.0,73.77070211409259,-0.057832360506290544,-0.012087382149184096,74.86288170708282,-0.050708077738063295,valid,True
PHM,base,0.5,0.021539254750803816,0.025,0.17968502312346285,0.08874626372185415,0.1041198434428417,-0.05,1.0,0.25050523670855646,108.22865504434169,0.0749216508236714,0.0847048958297819,148.9133498399752,0.4745375246556722,valid,True
PHM,bull,0.25,0.09061013268509054,0.030000000000000002,0.20701669368665418,0.09762089009403957,0.1041198434428417,-0.05,1.5,0.8040093270248175,134.54702531015647,0.15268852133303878,0.14107535094954077,202.9378365543417,0.9109031948430331,valid,True
CHD,bear,0.25,-0.020188244452315332,0.02,0.14935415631274457,0.021006859842474,0.07229045788067597,0.0,0.5,0.0,29.897666660020878,-0.2582711755181663,-0.16486121952184477,33.542052649023375,-0.5582710332592985,valid,True
CHD,base,0.5,0.03241085678460853,0.025,0.18558024830582392,0.028009146456631998,0.07229045788067597,-0.013777120744426693,1.0,1.1042351995829398,35.21460255553824,-0.1960280189872719,-0.1112645207904279,53.77654196986636,-0.4524195164977629,valid,True
CHD,bull,0.25,0.07449013777414762,0.030000000000000002,0.21333274616125938,0.0308100611022952,0.07229045788067597,-0.013777120744426693,1.5,1.2,46.052283681575304,-0.12468799460912121,-0.0621226880699396,73.64096264575973,-0.28310438674847027,valid,True
OMC,bear,0.25,0.1817338941620309,0.02,0.128005927640782,0.04160709487281049,0.07096638685679213,0.0,0.5,1.2,139.19850747160794,0.28303046894725425,0.19650150834349922,217.1122629443771,1.5948168907275053,valid,True
OMC,base,0.5,0.25,0.025,0.14642359336986555,0.055476126497080655,0.07096638685679213,-0.01144350410147829,1.0,1.2,209.52844412583678,0.43728960313601417,0.2925239221542142,316.9891894748882,2.868200102690113,valid,True
OMC,bull,0.25,0.3046128846703753,0.030000000000000002,0.15888914002846408,0.06102373914678873,0.07096638685679213,-0.01144350410147829,1.5,1.2,274.41097361726355,0.5502845168346541,0.36058647775789726,409.72636600906407,4.035700350199148,valid,True
IFF,bear,0.25,-0.47920512629655065,0.02,0.0028503937226789233,0.02446037249715625,0.08735471583128293,0.0,0.5,0.0,-20.868736200665374,,-0.95,0.0,-1.0559453663535308,below_lower_bound,True
IFF,base,0.5,-0.05,0.025,0.07201006934549255,0.032613829996208335,0.08735471583128293,0.0,1.0,0.0,0.9343877005914065,-0.6479051180882379,-0.5170530884090112,2.382671702440158,-0.9405676643977642,valid,True
IFF,bull,0.25,0.29336410103724053,0.030000000000000002,0.1317184233667103,0.03587521299582917,0.08735471583128293,0.0,1.5,1.2,51.47711360806468,-0.07484394664643329,0.0030019130324945133,94.6148171900757,0.015946569896859497,valid,True
FICO,bear,0.25,0.1390849553407241,0.02,0.30153188868834924,0.44999999999999996,0.10228318984988444,0.0,0.5,0.2561510317168429,131.2379054226358,-0.4628671705984743,-0.255754063077984,158.96549204233736,-0.7321394077918699,valid,True
FICO,base,0.5,0.1880945085391934,0.025,0.3888932635167768,0.6,0.5589881348436305,-0.05,1.0,0.2591260113855912,387.3290170263642,-0.21513446171084066,-0.07940388282440836,508.11279432508417,-0.3181168838064463,valid,True
FICO,bull,0.25,0.22730215109796886,0.030000000000000002,0.46561451865538533,0.6,0.6,-0.05,1.5,0.3130695347972918,617.1956232378382,-0.08617311726848124,0.011650427133281509,827.1659601679271,0.05570082959517508,valid,True
STZ,bear,0.25,-0.10151543221930559,0.02,0.2886400213650688,0.08953105418609003,0.06620157733121862,0.0,0.5,0.0,76.89368243274951,-0.06536537336651235,-0.03139115737867539,75.49170744124301,-0.1295327788514391,valid,True
STZ,base,0.5,-0.04399910560587522,0.025,0.32804807294105043,0.1193747389147867,0.11018109927698777,-0.03888975248002738,1.0,0.0,156.80643995816715,0.18628365668701008,0.13371828683884818,173.16751060116843,0.7586369566482025,valid,True
STZ,bull,0.25,0.002013955684869069,0.030000000000000002,0.3540274766511902,0.13131221280626537,0.1193747389147867,-0.03888975248002738,1.5,0.05796235083727185,225.88629264655887,0.33213927515316755,0.22446123398840434,263.7238039944199,1.5337086263648376,valid,True
PKG,bear,0.25,-0.0074285646386024334,0.02,0.1222534370666557,0.02026911597581619,0.08237109188935388,0.0,0.5,0.0,63.88215608590115,-0.2703012718207901,-0.1742843851810903,81.87724687363003,-0.5814082829093234,valid,True
PKG,base,0.5,0.07263481246291592,0.025,0.1454775627681674,0.02702548796775492,0.08237109188935388,-0.01582871292198962,1.0,1.2,77.22521170774391,-0.19626432694785761,-0.10865337692084717,147.31240126524625,-0.4567388897829626,valid,True
PKG,bull,0.25,0.1366855141441306,0.030000000000000002,0.16135652632551434,0.029728036764530414,0.08237109188935388,-0.01582871292198962,1.5,1.2,118.33315672564612,-0.10226467760221565,-0.04028654006542634,212.61331501079212,-0.1943543105453709,valid,True
RL,bear,0.25,-0.024172659579450625,0.02,0.07709324727896673,0.42484022492570706,0.1088525906482568,0.0,0.5,0.0,63.949178207510194,-0.3957644350244663,-0.24611714770726384,58.43060297127185,-0.7015780157130895,valid,True
RL,base,0.5,0.08603184065074887,0.025,0.11167506474262193,0.5664536332342761,0.5073315785321624,-0.044705640525448107,1.0,0.1303292417758508,148.82460326178656,-0.19341911785595584,-0.08607957588537823,195.94361382619005,-0.3552400831816471,valid,True
RL,bull,0.25,0.17419544083490845,0.030000000000000002,0.1424174934804258,0.6,0.5664536332342761,-0.044705640525448107,1.5,0.24226058777987794,250.9734959447774,-0.027787164045730575,0.03946628728299405,358.9179758481766,0.20699853995481177,valid,True
STE,bear,0.25,-0.01948391751133885,0.02,0.13111649211491216,0.07629380270976667,0.09124233585789182,0.0,0.5,0.0,53.115055216845754,-0.3254815455293283,-0.19782414205255913,53.3583367689403,-0.6210307510862672,valid,True
STE,base,0.5,0.10228494015357625,0.025,0.1685523738913676,0.1017250702796889,0.09593545605853038,-0.010938714707234325,1.0,0.8535550959476471,86.42990414853317,-0.2003973987390053,-0.09010319969675033,118.2302952360742,-0.37185946504368717,valid,True
STE,bull,0.25,0.19970002628550834,0.030000000000000002,0.18949624864442222,0.1118975773076578,0.09803200294288979,-0.010938714707234325,1.5,1.2,121.6527595959879,-0.1104635352588957,-0.01739627708739133,183.5465638457611,-0.0853056926657576,valid,True
CF,bear,0.25,-0.10415968120565791,0.02,0.2276359016091426,0.1433504994207129,0.07132361601606138,0.0,0.5,0.0,99.18335123044466,-0.02348050936125216,0.0006665993540082405,93.3656911521512,0.002862631836489715,valid,True
CF,base,0.5,0.1156135450846042,0.025,0.31057439237664275,0.1911339992276172,0.17847004172215575,-0.05,1.0,0.5100653806316463,291.74952932949276,0.40517878446262345,0.2844032871420495,410.1536458976071,2.3795937007573653,valid,True
CF,bull,0.25,0.2914321261168139,0.030000000000000002,0.38393011026736157,0.21024739915037893,0.1911339992276172,-0.05,1.5,1.1374490331859124,587.11169337269,0.6957263896707444,0.4641996819409542,839.8508307086133,5.696717408103651,valid,True
EFX,bear,0.25,0.00013125099564492704,0.02,0.10198494436412293,0.02,0.10076442434748793,0.0,0.5,0.2052500398257971,-7.763203128015747,,-0.95,0.18048416691094438,-1.0003497227187996,below_lower_bound,True
EFX,base,0.5,0.10038305908448575,0.025,0.17880493808027148,0.02,0.10076442434748793,-0.015571758711750889,1.0,1.2,14.084344481568824,-0.36203525600722064,-0.22201700204459485,61.48667280354391,-0.756940653187798,valid,True
EFX,bull,0.25,0.1805845055555584,0.030000000000000002,0.23740292055665957,0.022000000000000002,0.10076442434748793,-0.015571758711750889,1.5,1.2,54.793635419482385,-0.16912310220650395,-0.08052334551757666,132.76112745293233,-0.3632985099799565,valid,True
LEN,bear,0.25,-0.10322490721578648,0.02,0.09737431702087898,0.02,0.10274153591791904,0.0,0.5,0.0,51.07727251017263,-0.003269182902295115,0.0072805569274351275,57.145787175666314,0.031143500293878468,valid,True
LEN,base,0.5,0.013876394886085441,0.025,0.13824940334022323,0.02,0.10274153591791904,-0.05,1.0,0.8050557954434178,76.09624837206965,0.1810968303470873,0.103208039427409,138.7842614988226,0.6405048080958591,valid,True
LEN,bull,0.25,0.10755743656758297,0.030000000000000002,0.1665659138601416,0.022000000000000002,0.10274153591791904,-0.05,1.5,1.2,120.04619053572488,0.33526954982662566,0.19821346029639247,230.37493242377613,1.591798244695378,valid,True
FIS,bear,0.25,-0.012335418383683405,0.02,0.12739850222675247,0.028034986907166628,0.06564449111375581,0.0,0.5,0.0,-9.609996871276842,,-0.95,0.0,-1.0219769030285093,below_lower_bound,True
FIS,base,0.5,0.16114587745532305,0.025,0.16954243194082974,0.03737998254288884,0.06564449111375581,-0.05,1.0,1.2,10.369254927107377,-0.23794201025739306,-0.09557788589736442,31.019318240936045,-0.44999823944331807,valid,True
FIS,bull,0.25,0.2999309141265282,0.030000000000000002,0.1930070242158261,0.041117980797177725,0.06564449111375581,-0.05,1.5,1.2,42.85178918187364,0.06513864209409806,0.10455366006353875,76.58667996947237,0.7248632713144498,valid,True
SNA,bear,0.25,-0.023512838897914917,0.02,0.23007330711812343,0.1278122228407859,0.0829543624575503,0.0,0.5,0.0,209.48647765115672,-0.119797924903105,-0.05277349491079801,212.42698798376068,-0.21405930381184235,valid,True
SNA,base,0.5,0.04583601926348002,0.025,0.2560587847667042,0.17041629712104786,0.16241353009933784,-0.008885947489347174,1.0,0.24451191649344647,307.6367606803859,0.005502632650313926,0.03555020715866705,363.6483413843083,0.17716481950811436,valid,True
SNA,bull,0.25,0.10131510579259598,0.030000000000000002,0.2746889738228614,0.18745792683315265,0.17041629712104786,-0.008885947489347174,1.5,0.46438198749289317,392.1103504115116,0.08652146007807464,0.09302081030909906,491.39747602229824,0.5266204785730657,valid,True
BR,bear,0.25,0.03390982379084254,0.02,0.1301441724309379,0.44999999999999996,0.0883719338234521,0.0,0.5,0.06917302007260898,59.89362195664871,-0.24789985709940077,-0.1277208895218791,61.74526342949877,-0.4543138737902158,valid,True
BR,base,0.5,0.07980055474411174,0.025,0.15206242107890017,0.6,0.5298557921271952,-0.013800947911210431,1.0,0.114734072992149,112.10247619769294,-0.0609847064304631,0.0015219921944663209,138.7017842470997,0.007157882274343663,valid,True
BR,bull,0.25,0.11651313950672709,0.030000000000000002,0.16857256972119136,0.6,0.6,-0.013800947911210431,1.5,0.16535085267563612,153.06547246456643,0.042462010367307845,0.07281171113427266,196.8155329812049,0.3933973680333007,valid,True
BBY,bear,0.25,-0.049073473241923675,0.02,0.0363861178952154,0.02,0.10327592479689601,0.0,0.5,0.0,37.13491956986052,-0.16437959418399256,-0.10037765486631542,40.32486034453614,-0.36192810128778785,valid,True
BBY,base,0.5,0.004010908219523324,0.025,0.043143110587273464,0.02,0.10327592479689601,-0.026872098399480834,1.0,0.410436328780933,39.131665756882235,-0.11752563541522246,-0.0724676911893766,63.784985145944695,-0.31017347055335887,valid,True
BBY,bull,0.25,0.046478413388680924,0.030000000000000002,0.048962387770717146,0.022000000000000002,0.10327592479689601,-0.026872098399480834,1.5,1.2,40.43139483968398,-0.08224525491241363,-0.04494141210452651,81.77276078711617,-0.21489587305214686,valid,True
GIS,bear,0.25,-0.07988997885679076,0.02,0.1470716473535262,0.08237818094590771,0.06535717825080392,0.0,0.5,0.0,26.85876842633412,-0.010131603456102282,0.007482229941524593,26.992229243664354,0.033162657354100844,valid,True
GIS,base,0.5,-0.02229152736348461,0.025,0.17023929762976736,0.1098375745945436,0.10116389730751436,-0.03512436942767909,1.0,0.0,56.3694296706776,0.2672138331923634,0.18460426831152293,63.25539620876444,1.1501816686869972,valid,True
GIS,bull,0.25,0.023787233831160312,0.030000000000000002,0.18587385898589132,0.12082133205399798,0.1098375745945436,-0.03512436942767909,1.5,0.20716364105091833,81.80007537080844,0.42174896928481764,0.27682471377775064,98.16351445527629,2.13012209615185,valid,True
TSN,bear,0.25,-0.0378149895262766,0.02,0.04217585249379675,0.02,0.07312221343032893,0.0,0.5,0.0,39.754356044343794,0.011672141007147755,0.008328801218885955,46.781158211703165,0.0383488956093454,valid,True
TSN,base,0.5,0.036394610496280344,0.025,0.06748815026900128,0.02,0.07312221343032893,-0.01759995900771485,1.0,1.2,68.95955056620821,0.22821597037836913,0.1278606501175091,116.11770225620884,0.9020717106508893,valid,True
TSN,bull,0.25,0.09576229051432589,0.030000000000000002,0.08779451449800264,0.022000000000000002,0.07312221343032893,-0.01759995900771485,1.5,1.2,120.09411033492098,0.4413005257956685,0.2524300782592036,193.10041516749803,2.2835532488362165,valid,True
GPC,bear,0.25,-0.024099631596574994,0.02,0.0503190894312483,0.02,0.07344570337382744,0.0,0.5,0.0,38.381696685632846,-0.2526273374678566,-0.16756457752198906,48.34851211480125,-0.5640060349160865,valid,True
GPC,base,0.5,0.05202427597110315,0.025,0.061460954263392015,0.025946798425539763,0.07344570337382744,-0.012917737914769386,1.0,1.2,51.29611056280029,-0.15527463420876297,-0.08581989122903905,99.40361278659982,-0.38358112330304095,valid,True
GPC,bull,0.25,0.11292340202524567,0.030000000000000002,0.06902671347172028,0.02854147826809374,0.07344570337382744,-0.012917737914769386,1.5,1.2,84.40002697078855,-0.03989231815794479,-0.005424485282856011,149.94558216198158,-0.028488926476751164,valid,True
ZBH,bear,0.25,-0.1248473958683734,0.02,0.07665225462618466,0.44999999999999996,0.06946376605240044,0.0,0.5,0.0,-2.7841867279396415,-0.8464268776588141,-0.95,0.0,-0.9623561600640492,below_lower_bound,True
ZBH,base,0.5,0.02623130560116893,0.025,0.13425669510777075,0.6,0.18326378823416054,-0.03475449897172028,1.0,0.04330840746822524,70.8335994980608,-0.027579718397464568,0.012640594574622835,81.60530053920267,0.060017332857940975,valid,True
ZBH,bull,0.25,0.14709426677680282,0.030000000000000002,0.1740284900616672,0.6,0.28937103502368045,-0.03475449897172028,1.5,0.2061256890357371,178.81573905371218,0.3041530570015312,0.22986373890889816,218.57228200488478,1.664763851906371,valid,True
DD,bear,0.25,-0.21832419248107993,0.02,0.11044339443968584,0.02775706010871372,0.09744577015792072,0.0,0.5,0.0,3.8346038279241994,-0.6160469130321871,-0.5162719032290624,2.9469399061789177,-0.9370477855670173,valid,True
DD,base,0.5,-0.05,0.025,0.1422084324504564,0.03700941347828496,0.09744577015792072,-0.05,1.0,0.0,25.77754928115828,-0.3683072836545761,-0.23800471609283702,31.28529510333199,-0.7336013743561018,valid,True
DD,bull,0.25,0.08465935398486395,0.030000000000000002,0.1597007211383369,0.04071035482611346,0.09744577015792072,-0.05,1.5,1.2,30.39088025382688,-0.2701306525152176,-0.14910416769562285,61.74878209496355,-0.5755331416432505,valid,True
J,bear,0.25,-0.1900175239207984,0.02,0.03815595572732444,0.06492350752186733,0.08155371326968977,0.0,0.5,0.0,3.5232375849285917,-0.6580307119991631,-0.562249678710941,2.1828676847435333,-0.9619242090968348,valid,True
J,base,0.5,-0.05,0.025,0.052005834956734234,0.08656467669582311,0.08415039451711206,-0.03307210810887652,1.0,0.0,32.03047466960917,-0.34571875251131123,-0.21767320025828665,34.31355761061093,-0.6741706821983722,valid,True
J,bull,0.25,0.062014019136638704,0.030000000000000002,0.06131716496946983,0.09522114436540544,0.08515258720233873,-0.03307210810887652,1.5,0.5840217073626658,56.95113566130986,-0.20826053439523087,-0.10113367504964114,74.44215153310788,-0.4050281259485766,valid,True
ROL,bear,0.25,0.057406515066833474,0.02,0.16511288094044213,0.16976296456861684,0.08398904198608943,0.0,0.5,0.29408777220833354,11.521209976417726,-0.266851745476015,-0.14322966879699378,12.814978761149378,-0.5107594115295113,valid,True
ROL,base,0.5,0.09578036729140371,0.025,0.18720936478423789,0.22635061942482246,0.22058497553855377,-0.009590187632840197,1.0,0.3606099865798368,18.250293912149452,-0.14213219038210811,-0.05428005987778302,22.758902201425315,-0.23517295279600947,valid,True
ROL,bull,0.25,0.1264794490710599,0.030000000000000002,0.20536041126520585,0.24898568136730473,0.22635061942482243,-0.009590187632840197,1.5,0.43048081587764186,23.40263251828994,-0.06837101560086008,-0.0014083149144425706,30.097293411140228,-0.006781103827230184,valid,True
NVR,bear,0.25,-0.07322744512465114,0.02,0.13457830358203945,0.15778855363169703,0.09269992245437418,0.0,0.5,0.0,3354.256481619844,-0.11635149640387676,-0.05231552699733581,3323.8262835816195,-0.2088810749609774,valid,True
NVR,base,0.5,-0.005818190206351104,0.025,0.16300107727747046,0.21038473817559605,0.20394737875564523,-0.05,1.0,0.0016419814379824047,5425.621436714,0.04775073036289544,0.0609222857427085,7117.679408826253,0.3276384853724348,valid,True
NVR,bull,0.25,0.04810921372828893,0.030000000000000002,0.18764141097467776,0.2314232119931557,0.21038473817559605,-0.05,1.5,0.19223383255067278,7306.254362870295,0.16333093934663342,0.1407192303830016,10199.973357055866,0.8851117785577425,valid,True
IEX,bear,0.25,-0.017837314273325675,0.02,0.2002187534704465,0.03783762727847641,0.09332508783608019,0.0,0.5,0.0,59.06874992119684,-0.3006349870032864,-0.1844719160842942,64.632354833748,-0.5973475270179557,valid,True
IEX,base,0.5,0.06071717483247974,0.025,0.2322517632887101,0.050450169704635214,0.09332508783608019,-0.009658872149417231,1.0,1.0619139673788172,68.62379547478801,-0.2471478373045101,-0.1329302303885924,105.43925636131723,-0.5114793146793177,valid,True
IEX,bull,0.25,0.12356076611712406,0.030000000000000002,0.25252006003758415,0.05549518667509874,0.09332508783608019,-0.009658872149417231,1.5,1.2,84.69863110841543,-0.1939201513538137,-0.08889558980008584,143.04373656206724,-0.3818937926140332,valid,True
FTV,bear,0.25,-0.1273778781129363,0.02,0.13744074772752884,0.055295213260454695,0.09091264067941905,0.0,0.5,0.0,3.3141586312976044,-0.5568726188503204,-0.41011792626231897,2.8238143381774194,-0.884197982197272,valid,True
FTV,base,0.5,0.012748103854754389,0.025,0.17465117318383777,0.0737269510139396,0.09091264067941905,-0.05,1.0,0.20614555294616652,12.963918585468102,-0.3218941760365851,-0.18760153430048376,15.793013564386696,-0.6146696709297722,valid,True
FTV,bull,0.25,0.12484888942890694,0.030000000000000002,0.19718566055750883,0.08109964611533356,0.09091264067941905,-0.05,1.5,1.2,18.485639996256698,-0.22916397149674583,-0.10248695046175268,30.72168311028775,-0.42712485585211235,valid,True
LDOS,bear,0.25,0.01484392904805907,0.02,0.06136829599118496,0.44999999999999996,0.07013249735525588,0.0,0.5,0.03527809608543835,61.29090221347761,-0.18467961638234554,-0.08777052850346076,58.930215453978846,-0.3290774367083613,valid,True
LDOS,base,0.5,0.06447995299468345,0.025,0.08168230208944804,0.6,0.4856016061789998,-0.032805980582571274,1.0,0.09430660399291127,168.28700669673213,0.17058094193926088,0.1402793572749943,195.0838773696381,0.8263404324747841,valid,True
LDOS,bull,0.25,0.10418877215198297,0.030000000000000002,0.09812579230320265,0.6,0.5915751067079486,-0.032805980582571274,1.5,0.14891836286931065,268.6230606135301,0.36417610767530273,0.25830287685967057,323.6236176621755,1.9111748390129972,valid,True
BALL,bear,0.25,-0.04494078891895481,0.02,0.0703569462728788,0.07688790278970639,0.0831184679396554,0.0,0.5,0.0,9.471690232027317,-0.41061010952107607,-0.26710335388779644,8.711763589196481,-0.7193865591629125,valid,True
BALL,base,0.5,0.08734600277905691,0.025,0.08794729929249331,0.10251720371960853,0.09630766839644553,-0.05,1.0,0.7303827992425411,29.48773416796615,-0.14020653797779226,-0.04406184831168499,41.97600323463717,-0.19758688228961074,valid,True
BALL,bull,0.25,0.1931754361374663,0.030000000000000002,0.09999565324719135,0.11276892409156938,0.10018741555243615,-0.05,1.5,1.2,51.7873933992295,0.009631564794108302,0.0651536793098785,81.57153766034676,0.38857585600832545,valid,True
TXT,bear,0.25,-0.05219783883153975,0.02,0.04789058022344123,0.07217841748228768,0.08615100213433648,0.0,0.5,0.0,27.264392441904985,-0.25500048252288243,-0.15166706925374454,25.748181134213688,-0.5042632729227814,valid,True
TXT,base,0.5,0.032276242613362816,0.025,0.06919660549664519,0.09623788997638358,0.092431098504795,-0.05,1.0,0.32025841483280243,53.49130849996342,-0.06491070999763905,-0.008446213725255773,71.72742942751496,-0.04068155570192922,valid,True
TXT,bull,0.25,0.09985550776928487,0.030000000000000002,0.0855474618502344,0.10586167897402195,0.09444847607320442,-0.05,1.5,0.811288910659575,78.307168341218,0.06555256836581977,0.08482055834610946,113.50700580792167,0.4968183533014474,valid,True
RVTY,bear,0.25,-0.1839668955786215,0.02,0.08112526364585898,0.025360252043171647,0.09949816252748889,0.0,0.5,0.0,-8.752541367985131,,-0.95,0.0,-1.017442187857048,below_lower_bound,True
RVTY,base,0.5,0.0026518456820258107,0.025,0.14712330139003132,0.03381366939089553,0.09949816252748889,-0.043184725924191286,1.0,0.2106093977348148,9.623155106008387,-0.49335356884694187,-0.33340171003073915,16.884418250819692,-0.8605960233624615,valid,True
RVTY,bull,0.25,0.15194683869054365,0.030000000000000002,0.1944822880811006,0.03719503632998508,0.09949816252748889,-0.043184725924191286,1.5,1.2,24.48742492584082,-0.30991614625672803,-0.17115028621046802,56.17234226584445,-0.6404332005715869,valid,True
MKC,bear,0.25,0.03502025560113083,0.02,0.1346589621751578,0.18986598457970405,0.07360184935093769,0.0,0.5,0.16862527825496068,28.0009189715738,-0.13422545363428062,-0.05049438499845561,30.517200347277,-0.21010886428094855,valid,True
MKC,base,0.5,0.09744728228261168,0.025,0.1601489888335239,0.2531546461062721,0.20507040713519353,-0.005004003097313597,1.0,0.3276962406262312,60.85872455967495,0.1263938261428848,0.11912022877950224,74.15572618199658,0.7001757318704183,valid,True
MKC,bull,0.25,0.14738890362779636,0.030000000000000002,0.17680359577794452,0.2784701107168993,0.2409809664862604,-0.005004003097313597,1.5,0.4449709973657054,89.79389737667306,0.27277599854860457,0.21173196467570965,113.10410528222579,1.503232333930265,valid,True
TYL,bear,0.25,0.010740445852166158,0.02,0.11684154735543105,0.07018383574839733,0.08815585852291444,0.0,0.5,0.17941961346876764,58.27742195858159,-0.4066896496951814,-0.2556544740844401,63.966938513190904,-0.7435320295913982,valid,True
TYL,base,0.5,0.1137315203668976,0.025,0.14201850877509714,0.09357844766452977,0.09207422143664568,-0.014216937187688006,1.0,1.0257192621704556,84.64040605971792,-0.3231024668595638,-0.18041354880406285,117.95270778438926,-0.6298056265342322,valid,True
TYL,bull,0.25,0.19612437997868276,0.030000000000000002,0.15915580241300498,0.10293629243098276,0.09315873926496875,-0.014216937187688006,1.5,1.2,115.71106678609199,-0.25171939730935255,-0.11904786082886853,172.8360494858453,-0.47454145986433505,valid,True
MAS,bear,0.25,-0.03808196891626591,0.02,0.1509305979796456,0.02,0.10102961384925836,0.0,0.5,0.0,21.990801162255305,-0.21633987699169663,-0.13960151069331914,25.19256683565207,-0.47190145467994116,valid,True
MAS,base,0.5,0.013293970273867806,0.025,0.16795059838708515,0.02,0.10102961384925836,-0.032664550890476485,1.0,0.7817588109547121,18.258832773575364,-0.20330583635950455,-0.1298798232804983,37.58821650397283,-0.506692682922051,valid,True
MAS,bull,0.25,0.05439472162597478,0.030000000000000002,0.18208604726722652,0.022000000000000002,0.10102961384925836,-0.032664550890476485,1.5,1.2,21.360635256335794,-0.15905220184940844,-0.0925412852549925,49.59231420431199,-0.40578924439020214,valid,True
SWK,bear,0.25,-0.08790733740011851,0.02,0.07879497753595707,0.06539491630029792,0.10104582728517097,0.0,0.5,0.0,29.54757400193663,-0.23349807512713594,-0.14095173906534908,29.49332679769003,-0.47698044643250936,valid,True
SWK,base,0.5,0.00403497850158141,0.025,0.11132867047083822,0.08719322173373056,0.10104582728517097,-0.01508159410882182,1.0,0.09436493614597276,69.32164438580051,0.017913051927462245,0.04553193286992613,85.0548490406292,0.2247648101863715,valid,True
SWK,bull,0.25,0.07758883122294134,0.030000000000000002,0.13636604737956548,0.09591254390710363,0.10104582728517097,-0.01508159410882182,1.5,0.709720149267269,100.66265462519945,0.14708943502046168,0.13568390912842007,144.82801613996432,0.8572657677636386,valid,True
CRL,bear,0.25,-0.0865764233270647,0.02,0.10648112378315928,0.02,0.10736547666176524,0.0,0.5,0.0,-5.764894070956871,-0.7619378739866078,-0.95,0.0,-0.9646714507331043,below_lower_bound,True
CRL,base,0.5,0.030071155065886312,0.025,0.14711536221006205,0.02,0.10736547666176524,-0.016495929234909383,1.0,1.2,-1.030517337846146,-0.4994905609331908,-0.33641690489457676,49.21392401928242,-0.9148085852694903,valid,True
CRL,bull,0.25,0.12338921778024711,0.030000000000000002,0.1723444154831382,0.022000000000000002,0.10736547666176524,-0.016495929234909383,1.5,1.2,31.08999819863442,-0.3456197874998907,-0.20677422198496062,107.56164881888778,-0.7200815052252512,valid,True
GDDY,bear,0.25,0.020320433371416244,0.02,0.06951600121776606,0.44999999999999996,0.08781996171841289,0.0,0.5,0.04501410377140666,17.60510702731571,-0.45609365544514724,-0.27294682260253467,13.669806243182142,-0.7253088996136243,valid,True
GDDY,base,0.5,0.07604298541684384,0.025,0.11102806941403387,0.6,0.4628894037520191,-0.05,1.0,0.1097239805557918,59.21396090630048,-0.11267132296925407,-0.020844384399242667,67.32332422569182,-0.09008963038101048,valid,True
GDDY,bull,0.25,0.12062102705318592,0.030000000000000002,0.14641638444177063,0.6,0.5653254114083365,-0.05,1.5,0.17082803607091457,99.95284177853713,0.07378754885867239,0.09811700021382425,120.52023101280078,0.5332431795834736,valid,True
AVY,bear,0.25,-0.02705900689261316,0.02,0.1065884692181636,0.06171424721640831,0.08109018586855248,0.0,0.5,0.0,69.03056319909055,-0.19400254421052524,-0.10579009233042594,71.76837975709418,-0.3864943656544463,valid,True
AVY,base,0.5,0.04211208947940848,0.025,0.12112797327355174,0.08228566295521107,0.08210729777388161,-0.025062899176661435,1.0,0.4701872743564814,97.39807190949864,-0.09754442513221871,-0.027877726987935572,121.24822730244277,-0.12432098164391892,valid,True
AVY,bull,0.25,0.09744896657702579,0.030000000000000002,0.13113971368797453,0.09051422925073219,0.08228566295521107,-0.025062899176661435,1.5,0.9275798286813723,121.68516183346516,-0.034676292090443865,0.020702958229230746,169.2600660320783,0.1066028990946426,valid,True
SJM,bear,0.25,-0.054561528190553654,0.02,0.0748037395550881,0.08022075294280241,0.06546114424756111,0.0007544585710481883,0.5,0.0,7.452113128152254,-0.6507595290866448,-0.5179397368920036,1.667636645813277,-0.8871770788038604,valid,True
SJM,base,0.5,0.02595710635943327,0.025,0.13818781635690608,0.10696100392373654,0.08274583580268818,0.0007544585710481883,1.0,0.24088858689020545,97.87512646478007,-0.0055433686124160605,0.02638276594807397,112.78794894274733,0.1277325860978764,valid,True
SJM,bull,0.25,0.09037201399942281,0.030000000000000002,0.1874041872867323,0.1176571043161102,0.09104580773792327,0.0007544585710481883,1.5,0.6654728726722313,203.33023114841544,0.25459388436283925,0.1901056659524329,256.36005023828784,1.3293788283114596,valid,True
LII,bear,0.25,-0.005390076432766434,0.02,0.12487838816015821,0.14432139023982626,0.10097338684282452,0.0,0.5,0.0,103.22947378411436,-0.2944407281640452,-0.1674136797519168,101.94974431908706,-0.5432642438741984,valid,True
LII,base,0.5,0.05100934628483078,0.025,0.1496697217049871,0.19242852031976834,0.18786490915926884,-0.011730526889627816,1.0,0.2380493128136307,173.30808245321865,-0.15240280640136916,-0.060003119167231465,213.92427473906332,-0.24904364266280288,valid,True
LII,bull,0.25,0.09612888445890855,0.030000000000000002,0.17109573155727936,0.21167137235174519,0.19242852031976834,-0.011730526889627816,1.5,0.3916595175154932,239.77651431651785,-0.05452307664963879,0.011871417771908484,315.784641007198,0.05718579334441287,valid,True
BF-B,bear,0.25,-0.06576253736529877,0.02,0.25696456648558746,0.02,0.07081396279762003,0.0,0.5,0.0,15.914976353546102,-0.07121121343225238,-0.04048584001138803,16.888457121325043,-0.16623999953478197,valid,True
BF-B,base,0.5,-0.0062531807834905195,0.025,0.2998562717978978,0.02,0.07081396279762003,-0.017255811527235817,1.0,0.0,20.567943143064664,0.027872940432280335,0.018164755124598767,27.09200416463767,0.08868916719521924,valid,True
BF-B,bull,0.25,0.04135430448195609,0.030000000000000002,0.33149886907371007,0.022000000000000002,0.07081396279762003,-0.017255811527235817,1.5,1.2,21.40150410836733,0.04728494817391041,0.033602565410546986,34.8614879496543,0.18906794418764505,valid,True
IT,bear,0.25,-0.02257640631421111,0.02,0.13024561768064044,0.44999999999999996,0.08822930761676585,0.0,0.5,0.0,94.40043339121912,-0.1356626592460088,-0.056656016726628844,93.36738779597974,-0.2237113327005723,valid,True
IT,base,0.5,0.03060178356831922,0.025,0.17117715207499506,0.6,0.553787106477794,-0.05,1.0,0.049135711424425625,191.41016425683603,0.11615490809781479,0.11195856399135667,261.6505171029016,0.6645468795690137,valid,True
IT,bull,0.25,0.07314433547434349,0.030000000000000002,0.20722243466336898,0.6,0.6,-0.05,1.5,0.10752578063245799,282.7126571260907,0.28218390385154635,0.21774518125457698,403.8401199173494,1.5679414484425465,valid,True
DVA,bear,0.25,-0.019556145339450853,0.02,0.12291180962721297,0.09063751912433543,0.07960629932524216,0.0,0.5,0.0,23.572198429175106,-0.4517157122143544,-0.2954342419834573,26.77222404639886,-0.7816132753830476,valid,True
DVA,base,0.5,0.03364772184617415,0.025,0.14550525066336295,0.1208500254991139,0.11189188817414897,-0.03555423897733119,1.0,0.2641139490464845,102.400324487452,-0.10425221917685118,-0.030630928691243717,138.6270903965361,-0.1393861843941403,valid,True
DVA,bull,0.25,0.07621081559467416,0.030000000000000002,0.16117555187295016,0.1329350280490253,0.12014063340892331,-0.03555423897733119,1.5,0.5037697998682624,173.44177760453746,0.055670336197363245,0.07680824427807241,243.90394028707178,0.44338778488675223,valid,True
HRL,bear,0.25,-0.06228445816063426,0.02,0.07933221617550011,0.02,0.06991760019293368,0.0,0.5,0.0,12.402175082469196,-0.07049039965495466,-0.03964007990434762,13.840810323123534,-0.16718524769322773,valid,True
HRL,base,0.5,0.01779686192004981,0.025,0.1019744015582596,0.02,0.06991760019293368,0.0,1.0,0.9618744768019923,16.379663326806014,0.04308965220116083,0.0267184410709888,25.41213954946946,0.14433441299278105,valid,True
HRL,bull,0.25,0.08186191798459706,0.030000000000000002,0.118340572397116,0.022000000000000002,0.06991760019293368,0.0,1.5,1.2,23.88178766997224,0.15875751497223975,0.10342298822943127,37.47026346357263,0.6668635091167281,valid,True
DECK,bear,0.25,0.07497296867679476,0.02,0.15947243347191434,0.44999999999999996,0.10476941971909436,0.0,0.5,0.14217416653652404,67.48858445583157,0.012900744657963542,0.05163899107137697,70.37696667908082,0.245413608731893,valid,True
DECK,base,0.5,0.12329992341693863,0.025,0.18901089246657682,0.6,0.5778631930614435,-0.05,1.0,0.17273323122258485,100.03979196076591,0.17603086426388473,0.16098680745344612,137.3081768556328,1.0206161222090273,valid,True
DECK,bull,0.25,0.16196148720905373,0.030000000000000002,0.21444687004025226,0.6,0.6,-0.05,1.5,0.22594864961207167,127.21801396676683,0.2796235013986007,0.23031586642609914,182.38987438579514,1.6608909248150443,valid,True
HII,bear,0.25,0.015076697419198898,0.02,0.042472733294598684,0.03886533897421716,0.07019184751740973,0.0,0.5,0.41325660239356327,87.22337757763367,-0.2612129576649749,-0.1521756403337349,112.14698256846928,-0.5462432129469709,valid,True
HII,base,0.5,0.08503578430198266,0.025,0.06102485467315274,0.05182045196562288,0.07019184751740973,-0.00855526215873216,1.0,1.2,170.530183090753,-0.08326766178070098,-0.020863662229385193,257.9081857600578,-0.10400271188394306,valid,True
HII,bull,0.25,0.14100305380820968,0.030000000000000002,0.07540836822898372,0.05700249716218517,0.07019184751740973,-0.00855526215873216,1.5,1.2,272.4446710121814,0.05420352389919574,0.06856383229896895,411.3506603532371,0.4137634854397465,valid,True
GNRC,bear,0.25,-0.028981437295349577,0.02,0.10414507945871958,0.02,0.1338120809729337,0.0,0.5,0.0,17.50380698269942,-0.4489536290202522,-0.3158729246817529,23.29565707792471,-0.798730474001711,valid,True
GNRC,base,0.5,0.13241459742231854,0.025,0.1468885095320479,0.02,0.1338120809729337,-0.032534429832372855,1.0,1.2,25.487857337321,-0.30584782591322446,-0.18267343763727692,79.8733787389038,-0.6596102059898437,valid,True
GNRC,bull,0.25,0.261531425196453,0.030000000000000002,0.1774805876543376,0.022000000000000002,0.1338120809729337,-0.032534429832372855,1.5,1.2,60.22345954451392,-0.15632695787644474,-0.06688069086812898,152.13604050172472,-0.30523311704235545,valid,True
CLX,bear,0.25,-0.07047749876857731,0.02,0.12799513341285343,0.2441861261273636,0.06754498954174035,0.0,0.5,0.0,28.92802262948837,-0.26928058997727927,-0.16547550245886666,24.649313470309107,-0.5279466490558147,valid,True
CLX,base,0.5,-0.019725733435317028,0.025,0.16627615240393642,0.32558150150315146,0.30354518338164693,-0.012071579072758791,1.0,0.0,97.95084874406628,0.1299827499780804,0.10213269098894673,110.26338148318901,0.5502503617324608,valid,True
CLX,bull,0.25,0.020875678831291204,0.030000000000000002,0.19993303159666598,0.3581396516534666,0.32558150150315146,-0.012071579072758791,1.5,0.06338461256727264,164.16646195976378,0.3369068665546365,0.2298024381976575,194.16000091646885,1.5889663630765032,valid,True
UHS,bear,0.25,0.01645214217034576,0.02,0.08849824156088722,0.14815643633562767,0.08498485635921207,0.0,0.5,0.1158350872951557,171.9850898846837,0.0898784305842128,0.09811433901195418,183.02556797639292,0.49539001375231284,valid,True
UHS,base,0.5,0.07086815712974481,0.025,0.10734202554714209,0.1975419151141702,0.1723291339530596,-0.05,1.0,0.3123110640500738,316.8454454995539,0.35485192394116893,0.26317323241382845,454.5102227897727,2.0233736836902345,valid,True
UHS,bull,0.25,0.11440096909726405,0.030000000000000002,0.12096898709180587,0.21729610662558727,0.1948405457040512,-0.05,1.5,0.4487920966105698,448.2041558409626,0.5156340798013843,0.35925693972385486,673.3688831971224,3.36450759081253,valid,True
AOS,bear,0.25,-0.043142798039224745,0.02,0.1520244060817454,0.1607720884623229,0.10278023777141644,0.0,0.5,0.0,25.88331763604361,-0.165683964989148,-0.08070062589831647,25.85261841101648,-0.3044095759994845,valid,True
AOS,base,0.5,0.01949709589686688,0.025,0.17426573959201086,0.21436278461643055,0.20597177709368547,-0.04013122968381616,1.0,0.09608793221430623,39.166535351550976,-0.03942760548088697,0.010834534501191255,50.938551847863764,0.052643357755457476,valid,True
AOS,bull,0.25,0.06960901104574019,0.030000000000000002,0.1919273694657983,0.2357990630780736,0.21436278461643055,-0.04013122968381616,1.5,0.26160921944022897,50.530387031937956,0.05039519772399218,0.07615841219667346,70.10686255064634,0.42269220998966084,valid,True
BLDR,bear,0.25,-0.3024555788828399,0.02,0.04909860115326589,0.02,0.09760482245395097,0.0,0.5,0.0,-27.74870873813745,,-0.95,0.0,-1.1219991765577966,below_lower_bound,True
BLDR,base,0.5,0.019949016268103914,0.025,0.08040553338465037,0.02,0.09760482245395097,-0.05,1.0,1.0479606507241566,9.23605328872622,-0.16795450901845466,-0.12172114499844607,49.58138481479622,-0.550332898872063,valid,True
BLDR,bull,0.25,0.277872692388859,0.030000000000000002,0.1056531046201676,0.022000000000000002,0.09760482245395097,-0.05,1.5,1.2,102.57209268036578,0.3289757452439517,0.21831022835103803,211.97353243822621,1.945789706346205,valid,True
NVDA,bear,0.25,0.02596843084886763,0.02,0.23378824992801261,0.44999999999999996,0.14,0.0,0.5,0.05505498817576469,26.76737060759709,-0.48555314452096354,-0.31427417597733437,24.12380526938001,-0.8034494073087715,valid,True
NVDA,base,0.5,0.25,0.025,0.3488807007223773,0.6,0.535462,-0.01262289242426988,1.0,0.34166666666666673,59.487819459499384,-0.31521316263242627,-0.15655467745964413,75.65414729807068,-0.5525402616599877,valid,True
NVDA,bull,0.25,0.4292252553209059,0.030000000000000002,0.45139774665920396,0.6,0.6,-0.01262289242426988,1.5,0.5823003404278746,108.00979137084124,-0.162744870831375,-0.02437409606354774,155.7508555428438,-0.11149084996571812,valid,True
AAPL,bear,0.25,0.040267759110414844,0.02,0.26009972589562264,0.44999999999999996,0.10336794525699335,0.0,0.5,0.08047601619629306,76.05081233444129,-0.35343235147738594,-0.20827418468834358,78.65295400292568,-0.6508349102530199,valid,True
AAPL,base,0.5,0.1077221665910929,0.025,0.2980189489629316,0.6,0.5856969968234014,-0.0361093050125823,1.0,0.15196288878812386,120.47903577034667,-0.2512139815342379,-0.12935816907411202,154.36551181478643,-0.49316156973414293,valid,True
AAPL,bull,0.25,0.16168569257563536,0.030000000000000002,0.3301804459362767,0.6,0.6,-0.0361093050125823,1.5,0.2255809234341805,158.93618375383696,-0.17510970195871775,-0.06766869733110065,214.54569588656602,-0.29102118533412824,valid,True
GOOG,bear,0.25,0.13523968675400772,0.02,0.22342918169920953,0.1619399499030434,0.10883735572120598,0.0,0.5,0.6927984692497284,96.467720247686,-0.3015698863833677,-0.15441638613119715,117.7182951852926,-0.5469359733427632,valid,True
GOOG,base,0.5,0.2054115404060174,0.025,0.2694154064384683,0.21591993320405783,0.20766386648012997,-0.029041826221553057,1.0,0.7842223263601475,153.62981294586422,-0.19936987517867233,-0.06764664977672508,215.04231411380317,-0.2923674670829982,valid,True
GOOG,bull,0.25,0.26154902332762514,0.030000000000000002,0.30824461090568916,0.23751192652446362,0.21591993320405783,-0.029041826221553057,1.5,0.9062248865213536,199.79531759458519,-0.11627904401102566,-0.009435356600442877,289.2702313867697,-0.045750053588318296,valid,True
MSFT,bear,0.25,0.12519041843563286,0.02,0.3658218975416051,0.14692941306931365,0.103260985035144,0.0,0.5,0.7088596665078397,153.61148960981959,-0.27254279332992143,-0.13845952660485628,191.5457497559623,-0.5063587112271277,valid,True
MSFT,base,0.5,0.1642311351888336,0.025,0.41914079396076964,0.1959058840924182,0.19324697548947442,-0.004666488335180981,1.0,0.6961756599752134,222.1501420968508,-0.1791716358813573,-0.06905363208206831,292.071399162936,-0.29107429694642106,valid,True
MSFT,bull,0.25,0.19546370859139417,0.030000000000000002,0.46436817735252156,0.21549647250166,0.1959058840924182,-0.004666488335180981,1.5,0.7534738967565446,275.57055341744234,-0.11972365525434722,-0.02443851310090392,372.16058649073705,-0.11267190450172371,valid,True
AMZN,bear,0.25,0.06826743507186075,0.02,0.03497664733189365,0.11653769288134892,0.11682348047891476,0.013273982189603805,0.5,0.5029612875309407,16.572597600011036,-0.5926283940993016,-0.38389018997113455,18.350163091012046,-0.8911756466423822,valid,True
AMZN,base,0.5,0.16683551894719972,0.025,0.05632443944936712,0.15538359050846523,0.1405302361250824,0.013273982189603805,1.0,0.8911392425972812,40.01033518465896,-0.4402511807216797,-0.2420604137572809,54.29805711907132,-0.7391862478009853,valid,True
AMZN,bull,0.25,0.2456899860474709,0.030000000000000002,0.07357293886371565,0.17092194955931175,0.14824225813099248,0.013273982189603805,1.5,1.185055455780938,62.62412762339804,-0.3374091834994032,-0.16455238445196302,91.26281861232953,-0.590807734580941,valid,True
AVGO,bear,0.25,0.1495464840118067,0.02,0.19821478449863056,0.16835517974028158,0.12030518472511628,0.04369557889301284,0.5,0.734383031161727,34.138776731058336,-0.5416800193939707,-0.34262074813013893,36.515629467429044,-0.8634523748007255,valid,True
AVGO,base,0.5,0.25,0.025,0.2856942347434634,0.22447357298704212,0.19508767065835286,0.04369557889301284,1.0,0.9132478147520455,75.94106990250995,-0.4073448563809507,-0.21933387058670628,88.37581254698804,-0.699012405225704,valid,True
AVGO,bull,0.25,0.3303628127905546,0.030000000000000002,0.3567991199239746,0.24692093028574635,0.215921348310738,0.04369557889301284,1.5,1.0946429284858656,114.9542796223837,-0.3103590323735261,-0.14792998715129213,139.27537014321132,-0.5443498028043436,valid,True
META,bear,0.25,0.16811400631734796,0.02,0.32684288706289694,0.1805471665924142,0.1080406627174804,0.0,0.5,0.7670638518882033,324.89853022773593,-0.15974838379770517,-0.041697119406308034,418.72528101125295,-0.1831528921881409,valid,True
META,base,0.5,0.23705203880871273,0.025,0.3882502134788519,0.24072955545655228,0.23388280859121618,-0.03101935625076983,1.0,0.8085489572637864,560.6422694004091,-0.008548119572515108,0.0765004431756097,820.1098910787429,0.43600660530976576,valid,True
META,bull,0.25,0.29220246480180456,0.030000000000000002,0.4408287300402978,0.26480251100220753,0.24072955545655228,-0.03101935625076983,1.5,0.9054369270669222,740.8268092761645,0.10002080854319502,0.14334158585115803,1105.2972961203664,0.9306418376914565,valid,True
TSLA,bear,0.25,-0.12412003662875948,0.02,0.026102862408833867,0.02,0.14,0.004557521348694821,0.5,0.0,13.158637152885074,-0.6589803177048452,-0.47733348894835215,12.703296741909512,-0.9517734958478375,valid,True
TSLA,base,0.5,0.17826801724772157,0.025,0.06783126614962924,0.02,0.14,0.004557521348694821,1.0,1.2,19.215237735824815,-0.575505818343663,-0.3921854400410667,30.321309573548728,-0.9162237822443925,valid,True
TSLA,bull,0.25,0.4201784603489064,0.030000000000000002,0.10055812171603806,0.022000000000000002,0.14,0.004557521348694821,1.5,1.2,36.368002103058274,-0.47696668808348475,-0.2938952083102777,66.18824695437178,-0.8263213129781862,valid,True
MU,bear,0.25,0.007171389859350258,0.02,0.09366042187811793,0.2505921530969551,0.14,0.00410512356952453,0.5,0.03885641177165224,98.59009039962214,-0.5492029873246793,-0.3764930591507435,67.2380329199883,-0.8538589636301548,valid,True
MU,base,0.5,0.25,0.025,0.24542062073250998,0.3341228707959401,0.26604398000780394,0.00410512356952453,1.0,0.6135467455779173,248.2434480291508,-0.32197763359727116,-0.16441111984458986,304.01877874368324,-0.5623308579526571,valid,True
MU,bull,0.25,0.4442628881125198,0.030000000000000002,0.3805891585222807,0.36753515787553415,0.30486855416699193,0.00410512356952453,1.5,0.9833353428800613,524.2139079821573,-0.13488277959695544,-0.004632383710486436,764.0061986535992,-0.022098721208977823,valid,True
WMT,bear,0.25,0.00643453944844323,0.02,0.0360091813165094,0.08407876492816009,0.07686514525025742,0.0,0.5,0.10879835790369481,25.202987783424152,-0.3467449059768114,-0.21055762347532436,27.034550695857885,-0.662444317512265,valid,True
WMT,base,0.5,0.04761627171993876,0.025,0.0417489397208882,0.11210501990421345,0.10674503496934674,-0.009187624627883029,1.0,0.38439864167341686,37.53114708412101,-0.25356506821699437,-0.13794266154873178,46.0723259405351,-0.5140032992884733,valid,True
WMT,bull,0.25,0.08056165753713519,0.030000000000000002,0.04590996196972162,0.12331552189463481,0.11210501990421345,-0.009187624627883029,1.5,0.5712932560906857,48.174095392504135,-0.18741577423643316,-0.08773705416242589,62.03046190913362,-0.3627993834335489,valid,True
AMD,bear,0.25,-0.012537482868065497,0.02,0.04048063878490142,0.022916191652336625,0.14,0.014875900746536358,0.5,0.0,14.172824898697048,-0.6996126775542506,-0.5129140699958952,12.754557675025632,-0.9616993135408645,valid,True
AMD,base,0.5,0.25,0.025,0.08371580449937913,0.0305549222031155,0.14,0.014875900746536358,1.0,1.2,22.255952616412685,-0.6108763319061836,-0.40362984694584153,38.42681139157008,-0.9268958960657766,valid,True
AMD,bull,0.25,0.4600299862944524,0.030000000000000002,0.11781925025906455,0.03361041442342705,0.14,0.014875900746536358,1.5,1.2,43.368065636353236,-0.5173933800251689,-0.3141127148774103,79.02550634990023,-0.8525020806575898,valid,True
CSCO,bear,0.25,0.014969720363370687,0.02,0.22524695521186158,0.0626900113719554,0.09630299995488359,0.0,0.5,0.2548376677730732,27.69157196178795,-0.3254944947198965,-0.18959644423448474,32.0064407384228,-0.6209102132709604,valid,True
CSCO,base,0.5,0.07004973532717285,0.025,0.2606543314348322,0.08358668182927387,0.09630299995488359,-0.018242155247306432,1.0,0.7302573439440064,35.97732740195384,-0.272140322177438,-0.13965835065464485,49.01988484094724,-0.5247027733311005,valid,True
CSCO,bull,0.25,0.11411374729821458,0.030000000000000002,0.2879019238122354,0.09194535001220126,0.09630299995488359,-0.018242155247306432,1.5,1.05813940373995,42.56814506383543,-0.21983405256178223,-0.1010496116010472,61.72184786676736,-0.41226465170974624,valid,True
COST,bear,0.25,0.057261888217833415,0.02,0.03015302589423727,0.28724276253327535,0.09147443333062813,0.0,0.5,0.17340562434013146,221.28557066652814,-0.3440095075216959,-0.20285424467147092,232.8652029351592,-0.6472715751381036,valid,True
COST,base,0.5,0.09974570044902831,0.025,0.03386284317762697,0.38299035004436716,0.3774515476268061,-0.0025775253849131996,1.0,0.22140651937940334,318.05025915624583,-0.252582191392139,-0.133080749704095,370.3211679148308,-0.4889791621811944,valid,True
COST,bull,0.25,0.13373275023398423,0.030000000000000002,0.03696820871029604,0.4212893850488039,0.3829903500443671,-0.0025775253849131996,1.5,0.2681914242251762,391.8787343871539,-0.19837212628262935,-0.09093272630925636,472.5776398320744,-0.36279257832430933,valid,True
LRCX,bear,0.25,0.11330932621110973,0.02,0.2632432894439875,0.44999999999999996,0.14,0.0,0.5,0.21032769104197288,41.925528671378615,-0.4438118713136646,-0.269398525453289,46.17826884635812,-0.7577898894944564,valid,True
LRCX,base,0.5,0.20201628961646356,0.025,0.30169449757852773,0.6,0.586706,-0.025605733812777753,1.0,0.27768838615528474,63.37101196274668,-0.37394591168704205,-0.20661992224486309,83.89290355392322,-0.6776319493534402,valid,True
LRCX,bull,0.25,0.2729818603407466,0.030000000000000002,0.3343124426023871,0.6,0.6,-0.025605733812777753,1.5,0.3739758137876622,83.0066652254967,-0.3102481321344384,-0.1490974434302188,116.77241497767271,-0.5456697470185873,valid,True
AMAT,bear,0.25,0.07088964253751849,0.02,0.25446708287712283,0.1769517232828689,0.12798675867256434,0.0,0.5,0.3430976138783523,77.47728850166843,-0.401653824839741,-0.24057670154797955,88.70612946351841,-0.716137141359523,valid,True
AMAT,base,0.5,0.1468962025841466,0.025,0.28906419392654936,0.2359356310438252,0.23328008878349218,-0.031960194952433366,1.0,0.5192813036559097,108.78372680934002,-0.33991303738730494,-0.1889526803046465,148.03995919580407,-0.6433300285078938,valid,True
AMAT,bull,0.25,0.20770145062144907,0.030000000000000002,0.3182586951914887,0.25952919414820774,0.2359356310438252,-0.031960194952433366,1.5,0.663359515534288,137.68127176486223,-0.2831962636249954,-0.1377729882937274,198.31825331811825,-0.5185119497222781,valid,True
NFLX,bear,0.25,0.08480856490761747,0.02,0.14578150214313093,0.44999999999999996,0.12294480616031588,0.0,0.5,0.15965967094687553,14.4898272792241,-0.3967175539699383,-0.23533058065804643,14.723856508814388,-0.693451545600299,valid,True
NFLX,base,0.5,0.14879596812442564,0.025,0.19482409221340108,0.6,0.528966481637271,-0.020136150341014236,1.0,0.2067279574992342,25.142761434657,-0.27214562706649303,-0.13461666026851155,31.688230837747938,-0.4986459812882803,valid,True
NFLX,bull,0.25,0.19998589069787218,0.030000000000000002,0.23659292480088392,0.6,0.6,-0.020136150341014236,1.5,0.27664785426382954,35.46769365312677,-0.17508318163454534,-0.05849641124950719,47.58382845011898,-0.25019379405469033,valid,True
PANW,bear,0.25,0.10499161887232605,0.02,-0.019642642673555366,0.02,0.09473912973614398,0.03087251638537969,0.5,1.2,3.202642820950428,-0.8533404997331672,-0.5821366912394297,4.160172745984569,-0.9872387358348438,valid,True
PANW,base,0.5,0.23019419990590062,0.025,0.018766068076569394,0.023187088750622947,0.09473912973614398,0.03087251638537969,1.0,1.2,16.160568079458997,-0.6683061303905561,-0.417429246995016,22.548763528103077,-0.9340686416333137,valid,True
PANW,bull,0.25,0.33035626473276025,0.030000000000000002,0.05455353443775894,0.025505797625685243,0.09473912973614398,0.03087251638537969,1.5,1.2,27.083128298533254,-0.564203027327312,-0.3531887292469037,38.69206693457017,-0.8891503666682402,valid,True
TXN,bear,0.25,0.04703832672899447,0.02,0.3513034212202356,0.02,0.11211958341941916,0.0,0.5,1.2,29.390125272419127,-0.4086634856852469,-0.26199909005663347,63.038853530457615,-0.79524421301937,valid,True
TXN,base,0.5,0.12808682578630604,0.025,0.41301948168070923,0.02,0.11211958341941916,-0.004029229365594877,1.0,1.2,47.293780094415666,-0.32591007904848096,-0.19708400597155556,98.19125337593682,-0.6801189363168341,valid,True
TXN,bull,0.25,0.1929256250321553,0.030000000000000002,0.46518859682213326,0.022000000000000002,0.11211958341941916,-0.004029229365594877,1.5,1.2,67.72185902954733,-0.2584574649721617,-0.142639453956508,136.10762724012142,-0.5490762618772431,valid,True
KLAC,bear,0.25,0.07748276657430349,0.02,0.32480220119226977,0.44999999999999996,0.12016120893299084,0.0,0.5,0.14663602946542845,29.766700701944455,-0.41760285890777604,-0.2524508404399967,31.84513091507564,-0.7314408197846038,valid,True
KLAC,base,0.5,0.14500789484593846,0.025,0.37555765765641247,0.6,0.5841173360156819,-0.021303175024981573,1.0,0.20167719312791793,45.85406410000499,-0.3343823752831667,-0.18264634430815935,58.648420624526146,-0.6259053168232674,valid,True
KLAC,bull,0.25,0.19902799746324643,0.030000000000000002,0.4188151054854449,0.6,0.6,-0.021303175024981573,1.5,0.2753706632843286,59.91370728122344,-0.26786860791617073,-0.12672231395845301,80.64180972371447,-0.4832872021161181,valid,True
AMGN,bear,0.25,0.0047649075059473245,0.02,0.2606549525307414,0.10229501718384826,0.07548710470278792,0.0,0.5,0.07636663270428888,127.43926715623303,-0.2666895819857018,-0.15284743995143796,137.6994714836016,-0.5358125313323967,valid,True
AMGN,base,0.5,0.06790423427123471,0.025,0.3267543447010294,0.13639335624513102,0.12727569038924225,0.0,1.0,0.43494338030929935,261.13306197583887,-0.060106206740601895,-0.004802569634921353,322.985977273003,-0.022926341386057425,valid,True
AMGN,bull,0.25,0.1184156956834646,0.030000000000000002,0.3806151528905403,0.15003269186964413,0.13639335624513102,0.0,1.5,0.6714040472878614,396.0068226152762,0.0733542580419453,0.08552065723051784,512.535572874696,0.49480701813281813,valid,True
TMUS,bear,0.25,-0.07650663735147509,0.02,0.07962827806158917,0.44999999999999996,0.06535058663788954,0.0,0.5,0.0,-30.465196755953507,,-0.95,0.0,-0.9810248309854773,below_lower_bound,True
TMUS,base,0.5,0.08921040002504244,0.025,0.12487129857199122,0.6,0.32615257047592705,-0.05,1.0,0.12728053336672326,128.6121678670651,-0.0648832188104279,-0.00020866441191171292,156.67267087680986,-0.0009833892495818564,valid,True
TMUS,bull,0.25,0.22178402992625645,0.030000000000000002,0.15864738773452733,0.6,0.43308245314834914,-0.05,1.5,0.3057120399016753,357.7764228477059,0.28821293687797156,0.2311554247891764,447.9191254176741,1.7163340815851162,valid,True
QCOM,bear,0.25,-0.06834138651779441,0.02,0.19973277054504804,0.16236661426246396,0.1278403095334423,0.0,0.5,0.0,45.84289229291365,-0.3151245852030115,-0.18055566167167852,46.11231134318489,-0.57639458765482,valid,True
QCOM,base,0.5,0.04256518555640476,0.025,0.27240711397066963,0.21648881901661862,0.2043971623231134,-0.035743552208429535,1.0,0.18038875459025897,90.13943924460567,-0.1463559624855406,-0.041493471353896846,121.99412083035143,-0.18359321882764446,valid,True
QCOM,bull,0.25,0.1312904432157641,0.030000000000000002,0.3354219011348913,0.23813770091828051,0.21648881901661862,-0.035743552208429535,1.5,0.4662527358938148,135.70820461228936,-0.004332580487243803,0.060214012823416874,200.29621123345052,0.32514362828409604,valid,True
PEP,bear,0.25,0.012584424716082829,0.02,0.12536066460233616,0.13944472648658598,0.06956094460674404,0.0,0.5,0.10088255129690761,77.64951761018187,-0.12283001070609312,-0.05040122473146764,81.93745721780678,-0.20903582538468712,valid,True
PEP,base,0.5,0.057062947325334235,0.025,0.14184361835179532,0.18592630198211466,0.17631452346290905,-0.0063911261964283775,1.0,0.27242169246790987,140.81617753190358,0.07849583828356119,0.08080432186834516,170.37071068045427,0.44527095567414987,valid,True
PEP,bull,0.25,0.09264576541273536,0.030000000000000002,0.15444147539459882,0.20451893218032613,0.18592630198211466,-0.0063911261964283775,1.5,0.3917320097268491,191.39676982287682,0.19035580107010908,0.1526469510863535,239.98026288047245,0.9764466008404993,valid,True
ADI,bear,0.25,7.904836721112085e-06,0.02,0.21172366980779322,0.08255887607142204,0.10741390822155451,0.0,0.5,0.04852687027753384,38.721877984590925,-0.5046109927076033,-0.3332917401305167,39.44686632246515,-0.8356646230631,valid,True
ADI,base,0.5,0.23159791811433028,0.025,0.27015266265536875,0.11007850142856272,0.10858339818011041,-0.023474040136405347,1.0,1.2,71.1187991174367,-0.3725708027603104,-0.2025305962990387,119.26852436633337,-0.685980076046109,valid,True
ADI,bull,0.25,0.4168699287364176,0.030000000000000002,0.3017919667107246,0.121086351571419,0.10911631682151206,-0.023474040136405347,1.5,1.2,131.23769356697417,-0.25810961886018036,-0.09767141673073634,222.0431589600899,-0.40956466652974066,valid,True
GILD,bear,0.25,-0.00400207867798217,0.02,0.19398676970677511,0.17706586730547685,0.07153010788708328,0.0,0.5,0.00450870102613826,41.8527534157387,-0.31498855980462404,-0.18630063397868063,40.175029212084404,-0.600054727792678,valid,True
GILD,base,0.5,0.04604914298983387,0.025,0.27457344275875006,0.23608782307396914,0.21629152993698678,-0.006592523374944566,1.0,0.1772192815669207,93.9686433764677,-0.08377711675129829,-0.021345513197593362,109.81976237341443,-0.096642508130652,valid,True
GILD,bull,0.25,0.0860901203240867,0.030000000000000002,0.3460868363947621,0.2596966053813661,0.23608782307396914,-0.006592523374944566,1.5,0.2883060259848958,146.98082116630334,0.0681587449333165,0.07849787101731637,180.04139011732707,0.4331504064203491,valid,True
VRTX,bear,0.25,0.07179570708565909,0.02,0.2658445136478966,0.1356661566067018,0.0743043948134414,0.0,0.5,0.45285108095626814,199.70937950058777,-0.23610830711695593,-0.12560002951213384,218.85742711078157,-0.46659227704335293,valid,True
VRTX,base,0.5,0.16047963025924183,0.025,0.37779085295187886,0.18088820880893575,0.16790630026428455,-0.010034207494317913,1.0,0.7373819724661036,397.57984102036295,-0.03900288131990235,0.016013273692806283,501.5970517923895,0.08082251458928558,valid,True
VRTX,bull,0.25,0.23142676879810803,0.030000000000000002,0.4771680905781522,0.19897702968982933,0.18088820880893575,-0.010034207494317913,1.5,0.9606205064797817,626.7491044733616,0.11046149078174497,0.11852138984540946,822.0780038435033,0.7362353955606642,valid,True
ISRG,bear,0.25,0.09799570240594138,0.02,0.2461749509859402,0.17155478353871556,0.12285000000000001,0.0,0.5,0.48029300160061283,85.5056877177121,-0.3471429802564671,-0.19123633845447324,100.58434436021838,-0.6266132808683644,valid,True
ISRG,base,0.5,0.16732716064625752,0.025,0.2869455859558496,0.22873971138495408,0.21868018880338344,-0.009989772291629184,1.0,0.6070731123871654,125.74017180328283,-0.26723860383208375,-0.11741085842077151,167.4091407155962,-0.45350794601988265,valid,True
ISRG,bull,0.25,0.22279232723851045,0.030000000000000002,0.31932306253655046,0.2516136825234495,0.22873971138495408,-0.009989772291629184,1.5,0.7322092341843867,156.21934947807242,-0.20196294646884777,-0.07101862684794466,216.42002396715685,-0.30052818423229977,valid,True
SBUX,bear,0.25,-0.02242270774980057,0.02,0.12186790440859382,0.02,0.08994944209821429,0.0,0.5,0.0,14.07464836213162,-0.39604835390928206,-0.2707488003594335,18.62370896515528,-0.7585153264798765,valid,True
SBUX,base,0.5,0.0440298694515997,0.025,0.1516728793480779,0.02,0.08994944209821429,-0.007140063697366928,1.0,1.2,15.451379748973697,-0.3213854863890447,-0.2025970774935558,37.48038234575374,-0.7041403356940813,valid,True
SBUX,bull,0.25,0.0971919312127199,0.030000000000000002,0.1776807237530829,0.022000000000000002,0.08994944209821429,-0.007140063697366928,1.5,1.2,27.92444009427619,-0.2202364843920805,-0.12543628618004724,58.068834471365776,-0.5081018498935694,valid,True
ADP,bear,0.25,0.031639337745719344,0.02,0.19570539974208678,0.1605524121886418,0.08916278355454357,0.0,0.5,0.18256636444761618,97.24736123042965,-0.2407650916051352,-0.1285785328276688,105.6223640369847,-0.4676442370630203,valid,True
ADP,base,0.5,0.06721797072754787,0.025,0.22604047931542276,0.21406988291818907,0.20999791147893423,-0.01581879034671512,1.0,0.27455696140358077,143.37780401650764,-0.1334082337067229,-0.05177751941955646,178.72444191836797,-0.22597697468851008,valid,True
ADP,bull,0.25,0.0956808771130107,0.030000000000000002,0.251879613755175,0.235476871210008,0.21406988291818907,-0.01581879034671512,1.5,0.3505427147313835,180.2286283249308,-0.06290674050687811,-0.0011164943309267701,232.50840704813402,-0.005385586323419789,valid,True
ADBE,bear,0.25,0.09026814838635389,0.02,0.2972106805186948,0.44999999999999996,0.12018529129561539,0.0,0.5,0.16936559713129581,185.5687725214065,-0.017814250796800456,0.03824460364994595,200.40779816236082,0.17771814390303264,valid,True
ADBE,base,0.5,0.13474244032963667,0.025,0.33594547644152983,0.6,0.5893481134667626,-0.05,1.0,0.18798992043951557,259.4798433942397,0.11271752423781439,0.12906281105824746,365.33063700704696,0.7726040692376399,valid,True
ADBE,bull,0.25,0.1703218738842629,0.030000000000000002,0.3685223917811916,0.6,0.6,-0.05,1.5,0.23709583184568386,316.04035871021506,0.19410755841818172,0.1851634967548307,463.4121859430263,1.2308359391853325,valid,True
CSX,bear,0.25,-0.04529824876412544,0.02,0.33118979987501385,0.02,0.09930280849427758,0.0,0.5,0.0,7.2404538763909505,-0.38373581218766045,-0.26554487281828176,8.761742609319052,-0.7323095989013566,valid,True
CSX,base,0.5,0.047922700925578265,0.025,0.3882619842609072,0.02,0.09930280849427758,-0.04598711400177957,1.0,1.2,6.436546082476591,-0.3194256144110113,-0.20123815016122532,19.280146701930157,-0.7073408739829475,valid,True
CSX,bull,0.25,0.12249946067734123,0.030000000000000002,0.42553863137925824,0.022000000000000002,0.09930280849427758,-0.04598711400177957,1.5,1.2,12.61886263493929,-0.22018658677116032,-0.12219382376642894,30.008428760411313,-0.5023969949071043,valid,True
CMCSA,bear,0.25,-0.06621032603215782,0.02,0.16080261267694665,0.02,0.06587116611350324,0.0,0.5,0.0,30.08794670758836,0.19754015184007584,0.12494088066741826,33.23477263008326,0.6592275442929039,valid,True
CMCSA,base,0.5,0.007211718077860085,0.025,0.1873066409912772,0.02,0.06587116611350324,-0.05,1.0,0.5384687231144034,39.88437067236011,0.3218519389629364,0.17885391693562275,60.24863488902042,1.260453567601708,valid,True
CMCSA,bull,0.25,0.0659493533658744,0.030000000000000002,0.20417374262660654,0.022000000000000002,0.06587116611350324,-0.05,1.5,1.2,51.36555504349381,0.39366353009827443,0.22072192700579765,86.23812124540898,1.9539615801747816,valid,True
INTU,bear,0.25,0.10745200610497946,0.02,0.2249210700050597,0.1775323868682423,0.09441012475692272,0.0,0.5,0.506733483793859,192.88663389753077,-0.10447777724184558,-0.020126647797587764,225.62539745848704,-0.08993756024400268,valid,True
INTU,base,0.5,0.15908300326975922,0.025,0.26047758537266213,0.23670984915765642,0.23022098172498295,-0.03875479222153275,1.0,0.5587701698365483,306.4098625829828,0.042187277419725465,0.08533775892865379,429.2744266368187,0.49291378213220227,valid,True
INTU,bull,0.25,0.20038780100158302,0.030000000000000002,0.2903452702757256,0.26038083407342205,0.23670984915765642,-0.03875479222153275,1.5,0.6387192106250429,394.0634943553543,0.13969530605827457,0.14808673338557132,567.4082661998023,0.9666286942579734,valid,True
MAR,bear,0.25,-0.09825699528654003,0.02,0.10046009103107052,0.44999999999999996,0.09576993695717981,0.0,0.5,0.0,5.542205069828755,-0.7117534701872502,-0.5501075678832421,1.029111106915534,-0.938067089872365,valid,True
MAR,base,0.5,0.04705270060947575,0.025,0.13818482151354172,0.6,0.5450389231283326,-0.05,1.0,0.07107026747930101,97.60758334946058,-0.27643198909936484,-0.14627828107913954,118.8752177976,-0.5144298738364927,valid,True
MAR,bull,0.25,0.16330045732628837,0.030000000000000002,0.17157745784156342,0.6,0.6,-0.05,1.5,0.22773394310171785,214.6182519192942,-0.07504412610433064,0.00637496571143859,276.70792560083976,0.030166778895464263,valid,True
MNST,bear,0.25,0.09993348466933963,0.02,0.2646753996699817,0.2035471551277542,0.07535,0.0,0.5,0.4124193614142305,17.716286963795394,-0.22556668594479556,-0.11451203739270566,19.528048628589506,-0.43507726921554535,valid,True
MNST,base,0.5,0.15301789798882126,0.025,0.30803030191925174,0.2713962068370056,0.264299334149506,-0.026292502053335897,1.0,0.46947715252180794,29.060040086885078,-0.08696550652384756,-0.016289492021314772,37.18786722984703,-0.07777019260090456,valid,True
MNST,bull,0.25,0.19548542864440657,0.030000000000000002,0.3450921451003115,0.2985358275207062,0.2713962068370056,-0.026292502053335897,1.5,0.5439492615145569,38.55199704987262,0.0029845192329958354,0.04771833291742954,50.84277657551411,0.258466472145116,valid,True
CTAS,bear,0.25,0.041099600940155315,0.02,0.17493998340975764,0.37462029114011475,0.09383643952553662,0.0,0.5,0.09844549701214819,42.218046822406606,-0.37542137289128724,-0.22476120566425378,43.82494169309545,-0.6847224093991693,valid,True
CTAS,base,0.5,0.08182191081965873,0.025,0.20328985325583016,0.49949372152015303,0.48509288800934414,-0.009158317821378884,1.0,0.14105788645610481,68.01779509748027,-0.2615240143524716,-0.138343282326241,81.79045963674955,-0.5072084935907352,valid,True
CTAS,bull,0.25,0.11439975872326145,0.030000000000000002,0.22750785683447794,0.5494430936721684,0.49949372152015303,-0.009158317821378884,1.5,0.17748845713364358,88.70901830015933,-0.19096340256510302,-0.08461647524090946,110.66127417803705,-0.34390818469711026,valid,True
REGN,bear,0.25,-0.06310932842785955,0.02,0.27281078191781044,0.02,0.0742036300490696,0.0,0.5,0.0,458.0444138484649,-0.09423963868612187,-0.049506956501863875,485.6408019586218,-0.20353207523471728,valid,True
REGN,base,0.5,0.1555765606503644,0.025,0.3573214670473511,0.02,0.0742036300490696,-0.032957584191745784,1.0,1.2,763.6534157250221,0.07662325829442128,0.0683282936966862,1140.9486134911556,0.39885535877239686,valid,True
REGN,bull,0.25,0.33052527191294356,0.030000000000000002,0.42472360033466466,0.022000000000000002,0.0742036300490696,-0.032957584191745784,1.5,1.2,1391.0808140336135,0.2738875265742534,0.20229817996587376,2085.155918751227,1.5527413031192285,valid,True
MDLZ,bear,0.25,-0.039102166740496366,0.02,0.111890380989694,0.02,0.06909163442094272,0.0,0.5,0.0,17.413330834210374,-0.27719697766006,-0.18469836945878343,19.959748240992432,-0.6008560785855845,valid,True
MDLZ,base,0.5,0.053312292059773614,0.025,0.1467575459152321,0.02,0.06909163442094272,-0.0248871189958149,1.0,1.2,25.95925587178052,-0.14553164516109965,-0.08394426213926631,46.7804023550489,-0.3731486604932511,valid,True
MDLZ,bull,0.25,0.1272438590999896,0.030000000000000002,0.16800487679210707,0.022000000000000002,0.06909163442094272,-0.0248871189958149,1.5,1.2,44.1623459905635,-0.018865654256660463,0.006753698026295778,73.54146623315364,0.036017047620344744,valid,True
CDNS,bear,0.25,0.12187678541071403,0.02,0.22691506852404233,0.18195615176279062,0.10491054106955602,0.0,0.5,0.5578345515951273,46.23663494499344,-0.421793185689603,-0.25157755076797905,55.54960898749656,-0.7446367844059828,valid,True
CDNS,base,0.5,0.1674380055349376,0.025,0.27587571713297987,0.2426082023503875,0.22236664614210527,-0.006261023738108414,1.0,0.5727358064640807,72.79769986609708,-0.3298185409716098,-0.1772408085744246,94.63623895177209,-0.6118617567618538,valid,True
CDNS,bull,0.25,0.20388698163431646,0.030000000000000002,0.31461517042214054,0.2668690225854263,0.2426082023503875,-0.006261023738108414,1.5,0.6336800864675863,95.40418132315969,-0.26609667984303087,-0.1263036547723459,128.1411936867866,-0.4813954132177286,valid,True
ROST,bear,0.25,-0.039471425422336726,0.02,0.09504592956039447,0.15374375183113292,0.09003590262391223,0.0,0.5,0.0,57.882235875113565,-0.3334058646170889,-0.20418064920813772,56.60719543229813,-0.6382200374485083,valid,True
ROST,base,0.5,0.06364292982379083,0.025,0.12068597176322433,0.20499166910817723,0.19628951758531837,-0.027076620328713552,1.0,0.2727639815914949,104.29764742281802,-0.18851484133629132,-0.09043744685768612,131.44164863143013,-0.37126368960221867,valid,True
ROST,bull,0.25,0.14613441402069288,0.030000000000000002,0.14314533518023442,0.22549083601899497,0.20499166910817723,-0.027076620328713552,1.5,0.5450666350192642,155.37939650248762,-0.06981386849656696,0.00015477011329497213,209.95460705776694,0.0007605391608738188,valid,True
LITE,bear,0.25,-0.07843111706274264,0.02,-0.0338085864609403,0.07064448815494792,0.1249706335470615,0.025717065172526594,0.5,0.0,16.823421999204218,-0.7804404722250183,-0.5773709609020443,11.440270541798958,-0.9800045551067904,valid,True
LITE,base,0.5,0.25,0.025,0.05389507402472646,0.0941926508732639,0.1249706335470615,0.025717065172526594,1.0,1.2,51.608418673130345,-0.6219353489839703,-0.3934545462296227,69.20373665285504,-0.9176938877666374,valid,True
LITE,bull,0.25,0.5127448936501942,0.030000000000000002,0.13407067057061944,0.10361191596059029,0.1249706335470615,0.025717065172526594,1.5,1.2,131.47517976945258,-0.4678261461238434,-0.2582297268869297,196.38840974196228,-0.7792141060996938,valid,True
ORLY,bear,0.25,0.0458204733060088,0.02,0.17794514848385065,0.18869376381069408,0.07238120438303275,0.0,0.5,0.2154622273876275,37.59631536876637,-0.2016453191987238,-0.09905682163080197,40.8885969120149,-0.38258231744144977,valid,True
ORLY,base,0.5,0.08477839848568647,0.025,0.19813277759802017,0.25159168508092544,0.24893936996659663,-0.03741816828172781,1.0,0.28944803468018215,66.26241896449123,-0.03048302816459906,0.01599665139801803,87.44706570873284,0.08145073009687609,valid,True
ORLY,bull,0.25,0.1159447386294286,0.030000000000000002,0.2149085602819518,0.276750853589018,0.25159168508092544,-0.03741816828172781,1.5,0.35684005892967435,87.50564516487448,0.06511575211770834,0.08083188860910015,118.72409758297805,0.4676252674024095,valid,True
AEP,bear,0.25,-0.0677277064745273,0.02,0.15279612342975743,0.05811944784876902,0.07727848131554918,0.02355295455672457,0.5,0.0,-30.25031605286697,,-0.95,0.0,-1.0857255434917268,below_lower_bound,True
AEP,base,0.5,0.06906888093872987,0.025,0.19810734374412714,0.07749259713169203,0.07737012288485833,0.02355295455672457,1.0,0.7775594957617114,5.73019400763368,-0.5486973129503894,-0.31890498352586305,25.156949282196063,-0.9336627463692084,valid,True
AEP,bull,0.25,0.17850615086933563,0.030000000000000002,0.22344934380908885,0.08524185684486124,0.07741294604808689,0.02355295455672457,1.5,1.2,40.99306410761888,-0.28190321546280744,-0.11952310043270697,85.36817598860927,-0.5449886834079687,valid,True
PCAR,bear,0.25,-0.09888414820540958,0.02,0.07692404625654557,0.05143615260903564,0.08936049899692786,0.00269963903647108,0.5,0.0,16.582459398889853,-0.44677816758048716,-0.3019852698082104,15.854854863133154,-0.792782856743142,valid,True
PCAR,base,0.5,0.06383071801409235,0.025,0.11531679288096988,0.06858153681204752,0.08936049899692786,0.00269963903647108,1.0,0.8174878694381368,41.27683638160409,-0.23971910859690976,-0.12467551917361558,55.7892375880515,-0.4772423881357857,valid,True
PCAR,bull,0.25,0.1940026109896939,0.030000000000000002,0.14555721883267403,0.07543969049325229,0.08936049899692786,0.00269963903647108,1.5,1.2,71.15444091201412,-0.10262115759542209,-0.017989516473608066,110.9059960511139,-0.0891084756230176,valid,True
HON,bear,0.25,-0.13338975964758598,0.02,0.15549721601106134,0.03489499372421852,0.0868361918218061,0.0,0.5,0.0,34.7473780189563,-0.36157877420191664,-0.2626084561750758,36.191041568128654,-0.7305315685192614,valid,True
HON,base,0.5,-0.05,0.025,0.1807451473825378,0.046526658298958024,0.0868361918218061,-0.025638038955270184,1.0,0.0,86.51248736747014,-0.16316066104336643,-0.09405333575268739,97.81719307892656,-0.3557062522359403,valid,True
HON,bull,0.25,0.016711807718068766,0.030000000000000002,0.19609728193482032,0.05117932412885383,0.0868361918218061,-0.025638038955270184,1.5,0.37846232837480803,114.22224311156002,-0.07983193013933484,-0.028202044524368797,158.63346471724748,-0.1281303629892836,valid,True
MPWR,bear,0.25,0.14895351913195828,0.02,0.19072396812973413,0.19796252533837838,0.1328,0.0016920744441567574,0.5,0.6221521729683119,150.39734300802488,-0.47514063109047133,-0.28839059028541664,182.12741262877816,-0.7984733209592021,valid,True
MPWR,base,0.5,0.25,0.025,0.2308215064033451,0.2639500337845045,0.2568285869500059,0.0016920744441567574,1.0,0.7766621472280895,239.0045742328699,-0.3909833555124351,-0.2051404062836809,321.7242553988425,-0.6665024863703541,valid,True
MPWR,bull,0.25,0.33083718469443335,0.030000000000000002,0.2655766809112506,0.29034503716295496,0.2639500337845045,0.0016920744441567574,1.5,0.9322348003614556,316.7477652039342,-0.3255859766035428,-0.1522097804045188,448.5480348810458,-0.5494961786716297,valid,True
TER,bear,0.25,0.13891702338651923,0.02,0.19224202109648128,0.02,0.1383619032607609,0.0,0.5,1.2,25.783985307548555,-0.49820287449692835,-0.3236932022467954,55.80376189608333,-0.8668155577612371,valid,True
TER,base,0.5,0.25,0.025,0.23338936981766334,0.02,0.1383619032607609,-0.02428893184716152,1.0,1.2,41.30622173734376,-0.42319709107687237,-0.25936061791217063,90.84056196098233,-0.7868112383746091,valid,True
TER,bull,0.25,0.3388663812907846,0.030000000000000002,0.26908240896620667,0.022000000000000002,0.1383619032607609,-0.02428893184716152,1.5,1.2,60.354143043044154,-0.3595362190011655,-0.2032468361678183,131.39579749131354,-0.6890511153472492,valid,True
BKR,bear,0.25,-0.10739515515938663,0.02,0.044454509315767596,0.25584572340730444,0.09160427975194109,0.0,0.5,0.0,5.767188334158379,-0.531648177385796,-0.3674748034565709,4.488283064199782,-0.8559560991557371,valid,True
BKR,base,0.5,0.025862669028316576,0.025,0.07661628186406616,0.34112763120973927,0.1662866188432601,0.0,1.0,0.07530945274514544,17.246436707430856,-0.2948761538835242,-0.16795986095676196,18.406320196634898,-0.563437692735966,valid,True
BKR,bull,0.25,0.13246892837847912,0.030000000000000002,0.09957605587908107,0.3752403943307132,0.21619128913481972,0.0,1.5,0.2984090849347511,31.715051249532653,-0.13503060027724129,-0.04352885927073655,38.00951437898933,-0.1868472340286359,valid,True
FAST,bear,0.25,0.05527620932816067,0.02,0.1850675106445722,0.3329596931724785,0.08496995089664854,0.0,0.5,0.14482523996545524,14.620115619110742,-0.30006321649998435,-0.16915683445986354,15.494912575485035,-0.5732794678343849,valid,True
FAST,base,0.5,0.10483371475919023,0.025,0.20204371901989834,0.44394625756330464,0.44215137602997134,-0.0004319524428943426,1.0,0.2001750668991284,22.63863968492711,-0.18179762645158914,-0.082308837340679,26.564617285107374,-0.33145090519481046,valid,True
FAST,bull,0.25,0.1444797191040139,0.030000000000000002,0.21583773882066112,0.48834088331963516,0.44394625756330464,-0.0004319524428943426,1.5,0.24897316492674346,28.580232256563615,-0.11773172556422647,-0.03420745453331617,34.649059919212995,-0.15149369527584278,valid,True
EBAY,bear,0.25,0.01175527224861081,0.02,0.1949753130519956,0.1883690460578324,0.10868229912683518,0.0,0.5,0.07115934427343934,37.37558169410274,-0.24693316530319856,-0.12130923463264474,40.697720864320445,-0.4372783657401583,valid,True
EBAY,base,0.5,0.08633297424210984,0.025,0.2318380411812394,0.25115872807710987,0.24293783812667902,-0.05,1.0,0.29489868801592384,65.72358264683189,-0.10180335504701359,-0.004899760254193067,93.72741912780134,-0.023729555138309655,valid,True
EBAY,bull,0.25,0.14599513583690907,0.030000000000000002,0.26321664044634097,0.27627460088482086,0.25115872807710987,-0.05,1.5,0.4444712191285404,90.12801102576626,0.013858367281500278,0.071948994579725,134.0309787999536,0.4043515902242152,valid,True
ADSK,bear,0.25,0.10103398958317215,0.02,0.1245601902073513,0.44999999999999996,0.11023136126856188,0.0,0.5,0.18850487037008384,52.59589919094458,-0.34930669329187364,-0.19321880566421895,54.67068481675943,-0.6176779999534736,valid,True
ADSK,base,0.5,0.16450303612616957,0.025,0.1817827291442067,0.6,0.5100784779289079,-0.028532220775849416,1.0,0.22767071483489276,100.43870501778797,-0.19327534770418425,-0.06701635017525404,131.54543161989247,-0.28591908505039787,valid,True
ADSK,bull,0.25,0.21527827336056748,0.030000000000000002,0.23127223078326758,0.6,0.6,-0.028532220775849416,1.5,0.29703769781409,144.66464056021928,-0.06974801018950524,0.018053006453556033,198.8548503980953,0.09035433278119687,valid,True
FLEX,bear,0.25,-0.04779691123195379,0.02,0.024112057666458,0.265568744332149,0.12335552136178796,0.0,0.5,0.0,4.79355980384309,-0.6436072109587256,-0.45576880834705663,3.430509161213013,-0.9141903014232287,valid,True
FLEX,base,0.5,0.03851920028342659,0.025,0.034318220210944134,0.354091659109532,0.26924998125968647,-0.05,1.0,0.10114714454672434,14.604580404138652,-0.47661835362087,-0.30441763441776865,17.704050770335616,-0.8287712326474422,valid,True
FLEX,bull,0.25,0.1075720894957309,0.030000000000000002,0.04211678801653148,0.3895008250204852,0.31539720880923533,-0.05,1.5,0.2363478218351478,24.791241299154922,-0.36422337592812254,-0.20852944474027024,34.008294587600346,-0.6820168433646943,valid,True
KDP,bear,0.25,0.1005130983586234,0.02,0.17353383247017348,0.11247052143686231,0.07174776651173514,0.0,0.5,0.7505120240265295,8.34826698602976,-0.3211517257848755,-0.1520144881447777,14.334136928791654,-0.5901840384823072,valid,True
KDP,base,0.5,0.25,0.025,0.2147024553505525,0.14996069524914976,0.11085423088044245,-0.01815719265397553,1.0,1.2,41.11304288412533,0.10157609833404427,0.12888091281056407,61.08439938396773,0.9046322338063526,valid,True
KDP,bull,0.25,0.3695895213131013,0.030000000000000002,0.23654785724938177,0.16495676477406476,0.12649681662792536,-0.01815719265397553,1.5,1.2,80.34386354791371,0.3461570277344435,0.2809925714507699,116.38043255106314,2.6814329687529037,valid,True
PAYX,bear,0.25,0.0790835979669472,0.02,0.35078843190960984,0.12020053106786681,0.08587870629883447,0.0,0.5,0.5596221395692336,55.009811517086746,-0.16513858860125769,-0.06904977696249258,65.89722255347128,-0.28587207165522255,valid,True
PAYX,base,0.5,0.12287013906354527,0.025,0.39087679209438503,0.16026737475715574,0.15913666699658927,-0.006103319505380685,1.0,0.6445236368746606,82.92529620842254,-0.043873395107220825,0.015206851740367738,107.20969336754628,0.07550532594665671,valid,True
PAYX,bull,0.25,0.15789937194082374,0.030000000000000002,0.42421080131176925,0.17629411223287134,0.16026737475715574,-0.006103319505380685,1.5,0.7505610702294744,104.37086033823878,0.02818174802814613,0.06565148478257471,138.9738521092871,0.3625232939178278,valid,True
MCHP,bear,0.25,-0.19518033399898801,0.02,0.07891137274893448,0.0439726854529118,0.12932476816314828,0.0,0.5,0.0,-5.955826031196783,,-0.95,0.0,-1.0162156437177794,below_lower_bound,True
MCHP,base,0.5,0.021955004946000112,0.025,0.15852737070229608,0.058630247270549066,0.12932476816314828,-0.00922348929692736,1.0,0.3848526146014458,-0.05215025767794617,-0.7123943643702662,-0.48524149284930895,2.4357779053185658,-0.9601138461679942,valid,True
MCHP,bull,0.25,0.1956632761019906,0.030000000000000002,0.22103905799373347,0.06449327199760398,0.12932476816314828,-0.00922348929692736,1.5,1.2,5.0826041148055525,-0.4700402767688501,-0.2614759751770179,17.188306464327475,-0.8096763501848926,valid,True
IDXX,bear,0.25,0.05939579433576338,0.02,0.24023840773372773,0.30225690298522706,0.1245119788316785,0.0,0.5,0.17043989718616484,92.91140904986598,-0.38921289257705216,-0.23029907218515294,100.16225926315033,-0.6897034382729323,valid,True
IDXX,base,0.5,0.10100668901248366,0.025,0.27820512448371637,0.40300920398030277,0.3935959977702793,-0.017440440149975263,1.0,0.21291164162638007,134.73156254772027,-0.31213704731489994,-0.16806625923491084,170.94998962498107,-0.5868412169251431,valid,True
IDXX,bull,0.25,0.1342954047538599,0.030000000000000002,0.31058826438531684,0.44331012437833306,0.4030092039803028,-0.017440440149975263,1.5,0.25588480290668536,169.3872828204963,-0.25276442018657685,-0.12022900243027829,224.17314298681646,-0.45937191519283416,valid,True
ROP,bear,0.25,-0.025556957800145608,0.02,0.23810923499227907,0.0520740131057831,0.07885120974144352,0.0,0.5,0.0,76.09318045628137,-0.36744914152368435,-0.23331435243308074,81.56021735829333,-0.6899833626569745,valid,True
ROP,base,0.5,0.07164221928386649,0.025,0.28084670952713225,0.06943201747437747,0.07885120974144352,-0.017589743354723953,1.0,0.8974789685477436,129.03402226617092,-0.23935092742030972,-0.11835639788623661,193.03904230052382,-0.46814369849950943,valid,True
ROP,bull,0.25,0.14940156095107618,0.030000000000000002,0.30139588977579435,0.07637521922181521,0.07885120974144352,-0.017589743354723953,1.5,1.2,180.78799950306512,-0.16269059677142647,-0.055182468229031625,297.6789285253834,-0.2574280610377765,valid,True
NTAP,bear,0.25,-0.043366535932310254,0.02,0.15495648141133667,0.44999999999999996,0.11719195005561316,0.0,0.5,0.0,50.06801135764927,-0.3353553232562263,-0.19523589983582496,48.807024067721,-0.6137334191380218,valid,True
NTAP,base,0.5,0.03027364485717643,0.025,0.1884048836470307,0.6,0.47306976366962067,-0.04183275604077498,1.0,0.04869819314290191,81.07990445585192,-0.22968875404912978,-0.1050232171633979,103.47145365850265,-0.41758528741591994,valid,True
NTAP,bull,0.25,0.08918578948876577,0.030000000000000002,0.21159746604139865,0.6,0.569631373658498,-0.04183275604077498,1.5,0.12891438598502103,105.81515015882965,-0.13834957164362996,-0.04034967535408211,143.1159382160546,-0.18138768031401575,valid,True
ODFL,bear,0.25,-0.018181915813105298,0.02,0.21868435549795273,0.04739810717453258,0.10781816173823947,0.0,0.5,0.0,40.22579343188908,-0.34529070528224093,-0.21460934539209112,42.161963399689064,-0.6590519227285525,valid,True
ODFL,base,0.5,0.06164426524757227,0.025,0.2561866213225866,0.0631974762327101,0.10781816173823947,-0.0266880018254583,1.0,0.859455399738652,46.02577827599121,-0.30480067285534457,-0.17651591962785457,65.38380635597338,-0.6185778402984945,valid,True
ODFL,bull,0.25,0.12550521009611432,0.030000000000000002,0.28803228654841784,0.06951722385598112,0.10781816173823947,-0.0266880018254583,1.5,1.2,53.969709646539776,-0.25450866432511243,-0.13233666191517834,86.84476224155303,-0.5131408182330037,valid,True
UAL,bear,0.25,-0.23800512550984598,0.02,-0.015122905256223285,0.3119953250658245,0.09176397221947487,0.0,0.5,0.0,-56.10983151771524,,-0.95,0.0,-1.1328965713055177,below_lower_bound,True
UAL,base,0.5,0.10010546574661472,0.025,0.07828532791915829,0.41599376675443267,0.248269694041499,-0.003546847796669028,1.0,0.20453280649158945,141.4882140817181,0.1800928137265146,0.16295405208365993,172.76696528678679,0.9915107349631385,valid,True
UAL,bull,0.25,0.37059393875178326,0.030000000000000002,0.16444473115586541,0.45759314342987595,0.3131156529484906,-0.003546847796669028,1.5,0.6610132938929832,741.556360279073,0.9635973075171933,0.6373731918283738,986.7303541891674,9.394309405760014,valid,True
STLD,bear,0.25,-0.08172683779595347,0.02,0.08288122669260353,0.02,0.11718187751849907,0.0,0.5,0.0,37.8768209387313,-0.3889311338367405,-0.26505716902611304,39.307499444289746,-0.7226175939278201,valid,True
STLD,base,0.5,0.1805331319791672,0.025,0.1282361152060176,0.02,0.11718187751849907,-0.05,1.0,1.2,84.31612920272438,-0.14513660607335616,-0.06996719711605687,190.37842192321787,-0.31741420434115697,valid,True
STLD,bull,0.25,0.3903411077992638,0.030000000000000002,0.16465615239245238,0.022000000000000002,0.11718187751849907,-0.05,1.5,1.2,219.38484649144655,0.09618732904782519,0.10415431408036968,446.4249028823838,0.6752466211576973,valid,True
KMB,bear,0.25,-0.04856803257303413,0.02,0.11797896968990688,0.1658434464205547,0.07065266908523796,0.0,0.5,0.0,42.899867411668325,-0.1918366916361265,-0.10519254347309467,43.21925176381034,-0.39278427780711667,valid,True
KMB,base,0.5,0.0004686335636325256,0.025,0.13873102540272614,0.2211245952274063,0.21494019906296316,-0.00906883179601885,1.0,0.024307141615696,84.63382039458294,0.02458753166720274,0.039722900773631435,99.79530621797919,0.20060824345777917,valid,True
KMB,bull,0.25,0.03969796647296585,0.030000000000000002,0.1565468389628967,0.24323705475014695,0.2211245952274063,-0.00906883179601885,1.5,0.1552328168796406,120.09910913158912,0.14913158480776473,0.12140601745340973,147.90652403000752,0.7231370361580836,valid,True
BIIB,bear,0.25,-0.07675023853362416,0.02,0.18607141064024924,0.02,0.07104916639238923,0.0,0.5,0.0,100.18485568560685,-0.16260713345836844,-0.0980132601136574,106.10149515270886,-0.3693970310331486,valid,True
BIIB,base,0.5,0.009789937354912182,0.025,0.2706785477390644,0.02,0.07104916639238923,0.0,1.0,0.6415974941964873,158.04690414790943,-0.00013761695008722126,0.00592559684300798,226.18367026701253,0.0295643234999865,valid,True
BIIB,bull,0.25,0.07902207806574126,0.030000000000000002,0.33680375359825626,0.022000000000000002,0.07104916639238923,0.0,1.5,1.2,230.1210486405184,0.1221861163794529,0.08438968438422308,357.69475949707277,0.520165675253498,valid,True
DXCM,bear,0.25,0.08947344428678884,0.02,0.06924178235313105,0.44999999999999996,0.11773073626613433,0.0,0.5,0.16795278984318018,11.664491843864527,-0.47173183407285246,-0.2917263987590559,11.414080290219097,-0.7849727207210173,valid,True
DXCM,base,0.5,0.18240412770112446,0.025,0.14160742777167754,0.6,0.45937028269520475,-0.03500841673141039,1.0,0.2515388369348326,27.916922228282473,-0.28791639083065096,-0.13603409901261326,36.51860386265657,-0.5115675719265738,valid,True
DXCM,bull,0.25,0.25674867443259297,0.030000000000000002,0.2056550528829157,0.6,0.555824135441978,-0.03500841673141039,1.5,0.35233156591012393,46.34664424132439,-0.13466403920901932,-0.021557447413215393,65.35747498939892,-0.10090210145867151,valid,True
ON,bear,0.25,-0.12112319375828268,0.02,0.10089396836804485,0.02,0.13711114665982804,0.0,0.5,0.0,5.417467024626812,-0.5385646441369316,-0.3845619228784925,5.516083947155658,-0.8760045002056149,valid,True
ON,base,0.5,0.04728979894544183,0.025,0.16852792331505653,0.02,0.13711114665982804,-0.036651071163530065,1.0,1.2,7.410336452195761,-0.40264968236442655,-0.26112594350706775,18.501780203434862,-0.7936296762914605,valid,True
ON,bull,0.25,0.18202019310842144,0.030000000000000002,0.21938155293758804,0.022000000000000002,0.13711114665982804,-0.036651071163530065,1.5,1.2,15.98996859726718,-0.2686012358637526,-0.15213254055706782,36.7929493544761,-0.5748542210751022,valid,True
FOXA,bear,0.25,-0.013022901287126118,0.02,0.17277347930881518,0.44999999999999996,0.07200209858287682,0.0,0.5,0.0,64.67891454090157,0.06266322089359166,0.06930347968591381,65.11166520303692,0.3433635923907954,valid,True
FOXA,base,0.5,0.043559477640512045,0.025,0.19670761064330844,0.6,0.5494178010442397,-0.05,1.0,0.06641263685401606,118.41981989554714,0.3307560903253034,0.2336948317708448,160.72684655652264,1.7315095842303223,valid,True
FOXA,bull,0.25,0.08882538078262257,0.030000000000000002,0.21486443945320777,0.6,0.6000000000000001,-0.05,1.5,0.12843384104349678,161.99996718219313,0.47703894965816296,0.3230288296472281,228.2366175980178,2.8332068727909157,valid,True
GEHC,bear,0.25,-0.008752553332301807,0.02,0.11038233930157737,0.07912904205908737,0.0802287783987006,0.0,0.5,0.0,30.082369848019283,-0.1594076070934534,-0.07758945013047192,31.763205141220755,-0.2995039018927631,valid,True
GEHC,base,0.5,0.047053655093053814,0.025,0.13391515151515151,0.1055053894121165,0.09667374152402898,0.0,1.0,0.40417768525430264,48.78253276933389,-0.01175010185688731,0.02838361576432365,59.52609827568083,0.13973846251631716,valid,True
GEHC,bull,0.25,0.09169862183333831,0.030000000000000002,0.14842074336508929,0.11605592835332816,0.10172906372671217,0.0,1.5,0.6837987390447241,65.44609034067582,0.08250922192819415,0.09269015674944969,85.32500618780551,0.5327689214893969,valid,True
CPRT,bear,0.25,-0.009020350463586277,0.02,0.32482225576364093,0.07195347741586987,0.10096093572111957,0.0,0.5,0.0,14.861592968272209,-0.14262514291331166,-0.06661049027461557,15.510556123887465,-0.2619197812109241,valid,True
CPRT,base,0.5,0.06241728250609618,0.025,0.3705266255577967,0.09593796988782649,0.10096093572111957,-0.01343365314709978,1.0,0.5725973362695417,17.68865049836457,-0.09137066688854242,-0.022892895108088823,22.283908940142123,-0.10444885343256294,valid,True
CPRT,bull,0.25,0.11956738888184215,0.030000000000000002,0.403592332154176,0.10553176687660915,0.10096093572111957,-0.01343365314709978,1.5,0.9632541377264201,20.421648415651504,-0.0469191913027316,0.013339802785776584,28.048012765284454,0.06699958462594191,valid,True
FISV,bear,0.25,-0.09564511741406737,0.02,0.17227758573697666,0.44999999999999996,0.08123198536570092,0.0,0.5,0.0,4.036040733021207,-0.5203941432177088,-0.4079375323781277,2.3752540845755066,-0.8613671264189094,valid,True
FISV,base,0.5,0.0953528357158629,0.025,0.2367339951540479,0.6,0.39788798149847704,-0.05,1.0,0.13547044762115054,102.69059659693383,0.35151333166286347,0.2595427967142314,127.00656530297705,1.9225148962372267,valid,True
FISV,bull,0.25,0.2481511982198071,0.030000000000000002,0.2838046599670058,0.6,0.5016415844253368,-0.05,1.5,0.34086826429307615,237.81144328652317,0.7421519021503629,0.49771507258992653,306.26808061265166,5.7668242869392285,valid,True
CTSH,bear,0.25,-0.004283213621319962,0.02,0.1280996933911199,0.11111681373483505,0.08804648784916343,0.0,0.5,0.0051605970660069484,49.71116254274533,0.01877557393163445,0.042813488200772576,51.0681522510159,0.19950401705125098,valid,True
CTSH,base,0.5,0.04572437979258048,0.025,0.14961661544644123,0.14815575164644673,0.1392175041197907,-0.04213250342617451,1.0,0.2806472470490929,70.63854466217961,0.15538612833479426,0.13422104759374637,94.23714592900554,0.8217767773987843,valid,True
CTSH,bull,0.25,0.08573045452370084,0.030000000000000002,0.16555208966253307,0.16297132681109142,0.14815575164644673,-0.04213250342617451,1.5,0.45765328833221874,89.27138458544343,0.24938753086607904,0.19596444353228443,125.7832882017712,1.3726907037972,valid,True
JBHT,bear,0.25,-0.011406565730920942,0.02,0.06663631005702123,0.02,0.11124471406320241,0.0,0.5,0.0,41.063758397861726,-0.39920341478136834,-0.2673660225656932,50.36850314506168,-0.7503435407042024,valid,True
JBHT,base,0.5,0.0937073617409584,0.025,0.07823289501812905,0.02,0.11124471406320241,-0.03680459585742401,1.0,1.2,40.29848154099162,-0.34786236675863613,-0.2157533219477045,88.75764086429555,-0.7190957699420729,valid,True
JBHT,bull,0.25,0.17779850371846187,0.030000000000000002,0.08620807926884769,0.022000000000000002,0.11124471406320241,-0.03680459585742401,1.5,1.2,62.32557850401816,-0.27286527440010105,-0.15347071367432358,129.48206235886283,-0.5792534970257683,valid,True
INCY,bear,0.25,0.11459769877033318,0.02,0.10291049903748972,0.44999999999999996,0.08804077907345022,0.0,0.5,0.21261813114725903,59.501145937703804,-0.18010511408210728,-0.0864883175527211,58.82722300223237,-0.33226180399718286,valid,True
INCY,base,0.5,0.17331221963180343,0.025,0.17580748591964146,0.6,0.5042636256867352,-0.03744285135542638,1.0,0.23941629284240457,108.44741214632896,0.01579691255465153,0.05351202386664229,138.54304820191854,0.2863593263915196,valid,True
INCY,bull,0.25,0.22028383632097964,0.030000000000000002,0.24113596053295264,0.6,0.6,-0.03744285135542638,1.5,0.3037117817613062,161.99479427067442,0.17096656379289926,0.15918850775924517,219.13648426278525,1.038680329333284,valid,True
ULTA,bear,0.25,0.003620564460120518,0.02,0.1075647745505987,0.13356132461655026,0.08811591244673658,0.0,0.5,0.05163509412545793,232.7734515699967,-0.19338979569729414,-0.09740682375559116,243.58822269805927,-0.3661706137376939,valid,True
ULTA,base,0.5,0.09264420132009099,0.025,0.13493027782983869,0.17808176615540036,0.17174817005431042,-0.05,1.0,0.4442642431288219,430.9891218499734,-0.008485273104452034,0.036500793772575015,601.023470385661,0.19282835998302117,valid,True
ULTA,bull,0.25,0.16386311080806737,0.030000000000000002,0.15884696320774802,0.1958899427709404,0.17808176615540036,-0.05,1.5,0.6998342370580896,644.331113405136,0.1309950464084978,0.13423960199870638,939.9495872888045,0.8618281315186584,valid,True
FFIV,bear,0.25,0.03167165114742955,0.02,0.15875086075367556,0.44999999999999996,0.10079708842577967,0.0,0.5,0.06519404648431922,113.8987037837139,-0.31778141226532164,-0.18059170414635445,115.92941098400416,-0.5916148448060647,valid,True
FFIV,base,0.5,0.07671846198176469,0.025,0.19959417324742823,0.6,0.5643569121136006,-0.029878924434249478,1.0,0.11062461597568625,176.55138296907433,-0.2158620776681346,-0.09909990088781338,220.88486353036146,-0.3990692508296737,valid,True
FFIV,bull,0.25,0.1127559106492328,0.030000000000000002,0.23530591954698954,0.6,0.6,-0.029878924434249478,1.5,0.16034121419897707,227.13227923787738,-0.13300842341268426,-0.041534870918258054,296.30542476651874,-0.18655056824970329,valid,True
VRSK,bear,0.25,-0.012391378589643329,0.02,0.346393612796958,0.28624121152190074,0.07732275367432456,0.0,0.5,0.0,55.060617695777,-0.2832252915541176,-0.16221068340819325,54.95541878887988,-0.5449746580823187,valid,True
VRSK,base,0.5,0.04286776685980109,0.025,0.42172227797197337,0.3816549486958677,0.3643080135796397,-0.05,1.0,0.10295743215726925,120.45597704499556,-0.06056835076888089,-0.007158780135796377,160.44278997135723,-0.03472037077375789,valid,True
VRSK,bull,0.25,0.08707508321935663,0.030000000000000002,0.48711938350074874,0.4198204435654545,0.3816549486958677,-0.05,1.5,0.1802200624936672,180.09979682472266,0.07913466238533148,0.08912093435938005,251.43053861966206,0.5220158798782637,valid,True
CASY,bear,0.25,-0.02430886321102063,0.02,0.03682439587008692,0.11296510781760008,0.07802699412213802,0.0,0.5,0.0,115.47060331911294,-0.40332050128854463,-0.2578281404406879,112.23499346550813,-0.7373772099050675,valid,True
CASY,base,0.5,0.09295016291407421,0.025,0.04542217167062353,0.1506201437568001,0.13491098617585923,-0.005813047098219213,1.0,0.5268892217989034,252.18034964718575,-0.2162030853258329,-0.10555764073433234,317.9913377479026,-0.4195655050966761,valid,True
CASY,bull,0.25,0.18675738381415008,0.030000000000000002,0.05186421120367236,0.16568215813248013,0.14942961610279165,-0.005813047098219213,1.5,0.9379761152498802,408.11877854278197,-0.08677993508608778,-0.007157483619812381,552.4404188311267,-0.03508451778637156,valid,True
DLTR,bear,0.25,-0.1735095988618761,0.02,0.04481213758944616,0.1224728840923333,0.07422849172961535,0.0,0.5,0.0,-0.7159728412244056,-0.7798605736199533,-0.6753473522694549,0.0,-0.938608934438867,valid,True
DLTR,base,0.5,-0.05,0.025,0.07816983415618828,0.16329717878977773,0.13775227934092316,-0.05,1.0,0.0,56.91603726926491,-0.1475524548499379,-0.07709503151709211,61.56308423156924,-0.3013613640385525,valid,True
DLTR,bull,0.25,0.0488076790895009,0.030000000000000002,0.10699211694518836,0.17962689666875553,0.15556601675295562,-0.05,1.5,0.2507761594003872,134.0621360668055,0.12340325890108944,0.11004808445577507,162.26499473667502,0.6282033678783296,valid,True
FSLR,bear,0.25,-0.169342158560529,0.02,0.06132978514770453,0.22186974075602806,0.13558119249343487,0.0020853976747689006,0.5,0.0,35.836731847211766,-0.4407730716338847,-0.2950690383033361,26.522960969676834,-0.7623658781831241,valid,True
FSLR,base,0.5,0.05543444678106296,0.025,0.15890352931345095,0.2958263210080374,0.1906414186510523,0.0020853976747689006,1.0,0.16681259888132005,82.49131022160677,-0.20898137049516657,-0.10189723616349508,84.39214528357809,-0.37130614013221674,valid,True
FSLR,bull,0.25,0.23525573105433653,0.030000000000000002,0.23844807904329324,0.32540895310884116,0.22269044435397284,0.0020853976747689006,1.5,0.5968016029925047,152.7434096546972,-0.01935795805766244,0.05127225090691356,195.4167811906137,0.2575585873642616,valid,True
CDW,bear,0.25,-0.0067012837729466534,0.02,0.060355352064529785,0.21844702189133208,0.08560010245639726,0.0,0.5,0.0,57.76931199017164,-0.22316409904742618,-0.11480231960304077,59.073791149667024,-0.4123897289778695,valid,True
CDW,base,0.5,0.06825757488204076,0.025,0.0706090264135506,0.29126269585510944,0.2592204638035901,-0.02762116948754141,1.0,0.20464707892178557,124.03244940079583,0.008925179683137711,0.04689223630703057,150.32782826055498,0.23477783628682647,valid,True
CDW,bull,0.25,0.1282246618060307,0.030000000000000002,0.07815343241908349,0.3203889654406204,0.29126269585510944,-0.02762116948754141,1.5,0.33889971614814646,185.26198578626366,0.14338736940990207,0.13806655435473664,234.92292816884586,0.8330829493338092,valid,True
CHTR,bear,0.25,-0.053944371441701194,0.02,0.16604339710488436,0.16058058994713342,0.07387292401742718,0.0,0.5,0.0,-49.13064894430217,,-0.95,0.0,-1.0039393513914572,below_lower_bound,True
CHTR,base,0.5,0.01064872315780735,0.025,0.21833216645863085,0.21410745326284455,0.1512543372550485,-0.05,1.0,0.06314109256929784,558.772408896785,0.7285159401712011,0.4492130056431052,697.4680037838181,4.431254265703646,valid,True
CHTR,bull,0.25,0.06232319883741418,0.030000000000000002,0.2526674817644841,0.23551819858912904,0.17930124310413198,-0.05,1.5,0.2371730057573124,1135.3567105041107,1.1441964834462852,0.6643754954100589,1466.6708231296286,10.070419203590264,valid,True
GEN,bear,0.25,-0.029246728468523053,0.02,0.2500964858749676,0.08787126080493377,0.09698451417360862,0.0,0.5,0.0,3.7195413790190934,-0.4641498329816386,-0.30660988643066955,3.247610541718045,-0.7667034352022934,valid,True
GEN,base,0.5,0.13670611488344397,0.025,0.355338434982158,0.11716168107324501,0.10983333405529708,-0.021454715527437725,1.0,0.9761288064419169,16.178449155483392,-0.11142404042184348,-0.013906757161021204,25.734901181840122,-0.0684114048859914,valid,True
GEN,bull,0.25,0.2694683895650176,0.030000000000000002,0.4358914696267881,0.12887784918056952,0.11386876743522435,-0.021454715527437725,1.5,1.2,34.10223100051425,0.09611157563049347,0.13073565065860748,56.434149606108036,0.9063690456049331,valid,True
CHRW,bear,0.25,-0.06027696951981096,0.02,0.039385952931875017,0.1460660049213172,0.09237756795112465,0.0,0.5,0.0,28.467002730435446,-0.3877083258295896,-0.24564490835182362,27.83340354408576,-0.7104047600540544,valid,True
CHRW,base,0.5,0.06024403068558021,0.025,0.04790639549170544,0.1947546732284229,0.1815070758055405,-0.024219452290381905,1.0,0.27313965650556077,62.16700569249733,-0.2103274180088192,-0.10214388980821237,80.5668482715848,-0.4093309351189539,valid,True
CHRW,bull,0.25,0.15666083084989313,0.030000000000000002,0.05477837898266628,0.2142301405512652,0.1947546732284229,-0.024219452290381905,1.5,0.6130260865346704,98.46329939641292,-0.07965285725076679,-0.0011515082471305227,137.46786475041515,-0.005650358218629359,valid,True
NDSN,bear,0.25,-0.007040572339357412,0.02,0.20922925512493085,0.049701328037716375,0.09380589126654429,0.0,0.5,0.0,62.54280356517846,-0.3685685623189783,-0.2303670961744501,67.67444310326883,-0.6882081704862646,valid,True
NDSN,base,0.5,0.059340999651647186,0.025,0.2532505691538013,0.06626843738362183,0.09380589126654429,-0.014072626804861314,1.0,0.7918218958077672,82.45548798151323,-0.2978363288537366,-0.1660814483198919,119.21857637442267,-0.5937670296271691,valid,True
NDSN,bull,0.25,0.11244625724445087,0.030000000000000002,0.2846903949071109,0.07289528112198401,0.09380589126654429,-0.014072626804861314,1.5,1.2,102.3496475448596,-0.23760759756551117,-0.11643181070103303,165.5387221632186,-0.4686883251059569,valid,True
TSCO,bear,0.25,-0.014280538983272362,0.02,0.08417613935051775,0.04745432792046708,0.06792524311403787,0.0,0.5,0.0,16.03024454221272,-0.1528693023137748,-0.0811459412332624,17.406932276269508,-0.3165665783378808,valid,True
TSCO,base,0.5,0.06130966802827187,0.025,0.096563335188451,0.06327243722728944,0.06792524311403787,-0.025299126552230277,1.0,0.8542066149351155,22.718923449909482,-0.053317101113498175,-0.0016255025053396538,30.744078154264415,-0.008075129880485532,valid,True
TSCO,bull,0.25,0.12178183363750725,0.030000000000000002,0.10495570584963805,0.0695996809500184,0.06792524311403787,-0.025299126552230277,1.5,1.2,29.64964018695582,0.02054799962788823,0.05210746219381692,43.8142832355113,0.3033183992006687,valid,True
ZBRA,bear,0.25,-0.031238348788707793,0.02,0.1135796094958043,0.02,0.11871617141051868,0.0,0.5,0.0,29.9898062410158,-0.4756039051164406,-0.34460587207722704,36.132169085809856,-0.8207030540775893,valid,True
ZBRA,base,0.5,0.09533673049958102,0.025,0.14730794126744565,0.02,0.11871617141051868,-0.018127402965990642,1.0,1.2,30.744290245044812,-0.3637844959521317,-0.2266375397201045,118.82728016223653,-0.7576250350456738,valid,True
ZBRA,bull,0.25,0.19659679393021207,0.030000000000000002,0.16882591778742842,0.022000000000000002,0.11871617141051868,-0.018127402965990642,1.5,1.2,78.38577420259563,-0.23869774239283287,-0.12643068045581454,210.66527523700339,-0.5156482714498022,valid,True
NWSA,bear,0.25,-0.14706377307922391,0.02,0.05963638134818912,0.05797278527044669,0.09082501062188353,0.0,0.5,0.0,4.028770008992448,-0.4553412966895849,-0.31331753692356873,3.5023610893522754,-0.8014599591811644,valid,True
NWSA,base,0.5,0.01600438228014961,0.025,0.0892934911546979,0.07729704702726226,0.09082501062188353,-0.011889238862307638,1.0,0.23032582108654792,9.894918315656602,-0.25946790450252594,-0.1459885929943993,11.591544335976536,-0.5256403755704175,valid,True
NWSA,bull,0.25,0.14645890656764843,0.030000000000000002,0.1071143022411957,0.08502675172998848,0.09082501062188353,-0.011889238862307638,1.5,1.2,13.806214714784652,-0.15879485961049794,-0.05908999217208472,20.941837894762966,-0.26662367170871837,valid,True
APA,bear,0.25,-0.22968695237217118,0.02,0.20098451326027575,0.020402841402438095,0.06884925044940618,0.020593996919940682,0.5,0.0,15.173278212286943,-0.21888571409508586,-0.17085080054821444,14.382041371847826,-0.5621789678578717,valid,True
APA,base,0.5,0.07880418257458954,0.025,0.3184182911929025,0.027203788536584127,0.06884925044940618,0.020593996919940682,1.0,1.2,65.68172939101335,0.2193651186069474,0.13046445258660244,90.3998301957637,0.8915270069903731,valid,True
APA,bull,0.25,0.32559709053199815,0.030000000000000002,0.40757652486759954,0.02992416739024254,0.06884925044940618,0.020593996919940682,1.5,1.2,177.152964659447,0.6038549370132387,0.36822767402045414,236.09242257057304,4.040089551768191,valid,True
AKAM,bear,0.25,0.014419838894657734,0.02,0.13984080685678468,0.02,0.07178103987211011,0.0,0.5,0.7767935557863094,5.941792547464051,-0.5051018332596868,-0.3080537665111479,22.166445613664226,-0.8762079120549031,valid,True
AKAM,base,0.5,0.06816173556020655,0.025,0.17709245816795977,0.02,0.07178103987211011,-0.040249718109958504,1.0,1.2,26.84790714271284,-0.29913142735022125,-0.14811711576476222,60.276979853234536,-0.5886306278862192,valid,True
AKAM,bull,0.25,0.1111552528926456,0.030000000000000002,0.20361496290102904,0.022000000000000002,0.07178103987211011,-0.040249718109958504,1.5,1.2,45.373291325061025,-0.16768739942344832,-0.07433411854435687,88.0779209806052,-0.3418264607228586,valid,True
PTC,bear,0.25,-0.010229054147996464,0.02,0.13960099423423733,0.1955693716790967,0.09512656771562292,0.0,0.5,0.0,24.706839941199025,-0.41218028215807856,-0.25570295567740686,21.57920114674298,-0.7131792088821692,valid,True
PTC,base,0.5,0.08426597244287504,0.025,0.21465823542404253,0.2607591622387956,0.18733423308667313,-0.02836141668927021,1.0,0.2776998412350571,59.111362142029485,-0.19778669290826648,-0.0838774017174728,75.41462967785648,-0.34671131191569826,valid,True
PTC,bull,0.25,0.15986199371557225,0.030000000000000002,0.2722219037179654,0.28683507846267514,0.22046075199130766,-0.02836141668927021,1.5,0.46678249986038717,97.44716131306704,-0.037494187889387784,0.030578734003938755,133.9863723016516,0.15800722395870803,valid,True
TRMB,bear,0.25,-0.11523590164167273,0.02,0.09497091363094821,0.028021997826498016,0.11189662214666524,0.0,0.5,0.0,4.602113342646131,-0.538179684407078,-0.3755016332492232,4.279647405959923,-0.8591239053204158,valid,True
TRMB,base,0.5,-0.0002694490346770717,0.025,0.12922263775761822,0.03736266376866402,0.11189662214666524,-0.02464743275311363,1.0,0.12805405957888483,10.752125907989349,-0.3909241569926962,-0.2335225455462932,14.74914793767624,-0.7279314100501717,valid,True
TRMB,bull,0.25,0.09170371305091946,0.030000000000000002,0.14706050243631558,0.04109893014553043,0.11189662214666524,-0.02464743275311363,1.5,1.2,10.736207140244504,-0.3220291977748276,-0.17861236528260632,23.024308659080646,-0.6443931223685367,valid,True
SWKS,bear,0.25,-0.16167190201237253,0.02,0.20259971227721946,0.038048468026048894,0.12221716061557035,0.0,0.5,0.0,24.837259694114238,-0.26585403105127625,-0.16435346330399628,26.619194107416742,-0.5473081825549694,valid,True
SWKS,base,0.5,-0.005793149278148058,0.025,0.27206351044866306,0.05073129070139853,0.12221716061557035,-0.03919755325766045,1.0,0.007204243622200589,48.358288521153845,-0.09033404204528778,-0.028090078121749656,67.1293685856678,-0.12787116166155565,valid,True
SWKS,bull,0.25,0.11890985290923152,0.030000000000000002,0.32403634553336214,0.05580441977153838,0.12221716061557035,-0.03919755325766045,1.5,1.2,58.14403989732099,-0.00849250915925947,0.03327457236591729,104.23908623241311,0.1820107326660283,valid,True
HAS,bear,0.25,-0.06129129012540724,0.02,0.016991957131736735,0.24116959752663641,0.06942549678021097,0.010214483546903796,0.5,0.0,-4.326852214742803,,-0.95,0.0,-0.9595733575454227,below_lower_bound,True
HAS,base,0.5,0.06099636691871435,0.025,0.10535031530997216,0.32155946336884855,0.24591927339225728,0.010214483546903796,1.0,0.16730060739423144,53.10093687834958,-0.12930076031479978,-0.05614019053173249,56.485269916572875,-0.23296712590951218,valid,True
HAS,bull,0.25,0.15882649255401163,0.030000000000000002,0.18738765456960926,0.35371540970573345,0.29634606670998476,0.010214483546903796,1.5,0.3761815018291313,150.9842379894145,0.22835562766995288,0.1790753942506854,174.7123919252446,1.181362470849789,valid,True
CSGP,bear,0.25,0.07619306765391279,0.02,0.10965345410072784,0.02,0.08367462478159567,0.0,0.5,1.2,7.525441721943396,-0.2944097110303119,-0.17776103207143024,11.770966944859008,-0.6295282070099886,valid,True
CSGP,base,0.5,0.1553649311349975,0.025,0.190487205124872,0.02,0.08367462478159567,0.0,1.0,1.2,15.978535393614932,-0.10421921326778825,-0.04567535468377169,25.466118228551103,-0.21157144380417314,valid,True
CSGP,bull,0.25,0.21870242191986528,0.030000000000000002,0.25199126700896973,0.022000000000000002,0.08367462478159567,0.0,1.5,1.2,25.241534508280175,0.027740859100595146,0.04415741884149613,40.18393545672999,0.24597574231593944,valid,True
JKHY,bear,0.25,0.03634252777592545,0.02,0.20714920716428478,0.30963839202194,0.0777034562449557,0.0,0.5,0.10681499152855967,82.31911868979576,-0.15828028640244152,-0.07192523528938177,85.45137697682507,-0.28726182576939696,valid,True
JKHY,base,0.5,0.07029610576188405,0.025,0.22906459806807788,0.4128511893625867,0.4090305052050457,-0.007663159802961053,1.0,0.14832677290830312,127.61929637083514,-0.014557037240592737,0.023865938658127583,150.41719424614064,0.11709158050647761,valid,True
JKHY,bull,0.25,0.09745896815065094,0.030000000000000002,0.24715231953815342,0.4541363082988454,0.4128511893625867,-0.007663159802961053,1.5,0.18489421124475688,159.55048135200929,0.061746991309337355,0.07556584781268613,194.01928439853933,0.41054655039098753,valid,True
TECH,bear,0.25,-0.07759100936055467,0.02,0.15007205351405017,0.02,0.11189161821245207,0.0,0.5,0.0,7.113616568169302,-0.5013827076589223,-0.34725412106490694,7.2246478115926935,-0.8487795160327376,valid,True
TECH,base,0.5,0.03559081630951094,0.025,0.21020778123991454,0.02,0.11189161821245207,-0.01367387493752818,1.0,1.2,7.433298823171523,-0.43151495088823144,-0.2824808387900702,14.62990812177864,-0.8188254760972882,valid,True
TECH,bull,0.25,0.12613627684556344,0.030000000000000002,0.2514121961873122,0.022000000000000002,0.11189161821245207,-0.01367387493752818,1.5,1.2,11.9185438229857,-0.3518715473939664,-0.21502637313678855,22.990779838850855,-0.7115907951772407,valid,True
ALGN,bear,0.25,-0.07201649956697831,0.02,0.1302361643345711,0.02,0.13105616542131288,0.0,0.5,0.0,48.43308030808003,-0.25007511128205806,-0.1488728366530267,51.00879550932435,-0.5029087779477026,valid,True
ALGN,base,0.5,0.07208258860562256,0.025,0.1693170094374621,0.02,0.13105616542131288,-0.041440072228030415,1.0,1.2,50.50019930449497,-0.1876357071683742,-0.09939214714686384,92.9648868992843,-0.41163842258300065,valid,True
ALGN,bull,0.25,0.18736185914370324,0.030000000000000002,0.1984724914471291,0.022000000000000002,0.13105616542131288,-0.041440072228030415,1.5,1.2,73.53508486906834,-0.08245990218711083,-0.0255496139056049,140.5273970361343,-0.12346571416232954,valid,True
COO,bear,0.25,-0.07694003793646567,0.02,0.12178188177687964,0.03814302709788085,0.08186146448502468,0.0020080375209758916,0.5,0.0,6.233573904271817,-0.46177689878968525,-0.3203968456014991,6.014138048564027,-0.8031923306092229,valid,True
COO,base,0.5,0.05440005351588206,0.025,0.16301111144007413,0.05085736946384113,0.08186146448502468,0.0020080375209758916,1.0,0.9540415346728209,16.187537648772444,-0.2484161216765642,-0.13137336985673748,25.59002669697422,-0.509032445381085,valid,True
COO,bull,0.25,0.15947212667776026,0.030000000000000002,0.1836984958951477,0.05594310641022525,0.08186146448502468,0.0020080375209758916,1.5,1.2,26.71413751336594,-0.13221322991885243,-0.04254580051638182,46.11049027139672,-0.20510811993983846,valid,True
DPZ,bear,0.25,0.009647220642540241,0.02,0.15979682369482598,0.44999999999999996,0.08218588587424328,0.0,0.5,0.026039503364515985,108.19509390704359,-0.24781566915917205,-0.1243330050812801,111.52942776618207,-0.43889266202653976,valid,True
DPZ,base,0.5,0.05347171744935875,0.025,0.17766900952576264,0.6,0.5926988209908268,-0.030697639261123708,1.0,0.079628956599145,255.0636733176541,0.01700888463819868,0.05077907274535394,310.61871510073627,0.2548227168266761,valid,True
DPZ,bull,0.25,0.08853131489481356,0.030000000000000002,0.1925003902586659,0.6,0.6,-0.030697639261123708,1.5,0.12804175319308475,364.5881211156161,0.1396384369058069,0.13125388864282292,457.37859445504233,0.772025515749756,valid,True
HSIC,bear,0.25,-0.07175394834975324,0.02,0.04698295891434814,0.02,0.07908962467869457,0.0,0.5,0.0,12.745271570000709,-0.39325919902184975,-0.2828145151783247,14.385590547538587,-0.7512624595277426,valid,True
HSIC,base,0.5,0.029790902227693872,0.025,0.05769458738710034,0.02,0.07908962467869457,-0.05,1.0,1.2,17.17085190946216,-0.25599409507703963,-0.16140047639491964,46.61699218431462,-0.6273586448631152,valid,True
HSIC,bull,0.25,0.11102678268965156,0.030000000000000002,0.0651401252678688,0.022000000000000002,0.07908962467869457,-0.05,1.5,1.2,39.50167347401714,-0.11155212497105818,-0.05294036847772074,81.35018358137737,-0.25503560734356523,valid,True
PODD,bear,0.25,0.14682564083253968,0.02,0.052752633654948464,0.2229389133788594,0.09845471113362812,0.0,0.5,0.5448152178781969,22.19588681664337,-0.4316649566113482,-0.24866571692982686,25.349758029581807,-0.7330608470065589,valid,True
PODD,base,0.5,0.23707498777655578,0.025,0.09120143577728251,0.2972518845051459,0.19775389923270126,-0.011912187492627674,1.0,0.6548654537390318,59.57049012567953,-0.20789245264022604,-0.07131525289441923,79.40806086186667,-0.3025142067722968,valid,True
PODD,bull,0.25,0.30927446533176867,0.030000000000000002,0.12143526857197785,0.32697707295566053,0.2375133339070048,-0.011912187492627674,1.5,0.775037741865711,100.01046818491339,-0.05158845423138697,0.03867950667627158,138.68611346696903,0.20349450325360752,valid,True
TTD,bear,0.25,0.03352370324824304,0.02,0.13084381195061373,0.3261713670341265,0.09695219411091816,0.0,0.5,0.0944870264941739,14.565224175891457,0.030632589943707017,0.09417980751022698,15.965558409679643,0.4963132830776942,valid,True
TTD,base,0.5,0.12280152188781879,0.025,0.1711063344506371,0.434895156045502,0.40508858680287174,-0.05,1.0,0.23739334889132027,30.81374216377804,0.3125993167981506,0.31028277371078733,45.457814755038534,2.6616170321652532,valid,True
TTD,bull,0.25,0.1942237767994794,0.030000000000000002,0.206538525129119,0.4783846716500522,0.434895156045502,-0.05,1.5,0.33734153914871967,42.70623092778659,0.5281121246516705,0.4109033404849469,64.24988519742496,4.190649960006792,valid,True
