ticker,name,sector,industry,final_bucket,decision_stage,decision_reason,rank,eligible,robust_return,expected_irr,median_irr,p10_irr,worst_case_hurdle_gap,business_quality,model_confidence,data_confidence,evidence_confidence,catastrophic_tail_floor_applied,catastrophic_tail_scenarios
LLY,Eli Lilly and Company,Healthcare,Drug Manufacturers - General,research_queue,step7_risk_adjusted_ranking,robust_return<=0; median_irr<=hurdle,152,False,-0.301455463211023,-0.05125752042604288,-0.03870950714517673,-0.18145546321102302,0.301455463211023,0.94,0.5913900000000001,1.0,0.5913900000000001,False,
BRK-B,Berkshire Hathaway Inc.,Financial Services,Insurance - Diversified,research_queue,step7_risk_adjusted_ranking,robust_return<=0; median_irr<=hurdle,166,False,-0.31422768887369434,0.014676450408937142,0.052040289888532154,-0.19422768887369435,0.31422768887369434,0.2635723426046662,0.6,0.8,0.48,False,
JPM,JPMorgan Chase & Co.,Financial Services,Banks - Diversified,research_queue,step7_risk_adjusted_ranking,robust_return<=0; median_irr<=hurdle,141,False,-0.29102073466791134,-0.09200508858105758,-0.07873835295091525,-0.17102073466791134,0.29102073466791134,0.5899339399080995,0.6,0.8,0.48,False,
V,Visa Inc.,Financial Services,Financial - Credit Services,watchlist,step2_model_routing,consumer_finance_model_not_supported,,,,,,,,,,,,,
XOM,Exxon Mobil Corporation,Energy,Oil & Gas Integrated,watchlist,step5_quality_risk,insufficient_model_confidence,,,,,,,,,0.3357,1.0,,,
JNJ,Johnson & Johnson,Healthcare,Drug Manufacturers - General,research_queue,step7_risk_adjusted_ranking,robust_return<=0; median_irr<=hurdle,109,False,-0.2557447300557396,-0.06680496653461884,-0.06082628988078793,-0.1357447300557396,0.2557447300557396,0.9445,0.9152,1.0,0.9152,False,
MA,Mastercard Incorporated,Financial Services,Financial - Credit Services,watchlist,step2_model_routing,consumer_finance_model_not_supported,,,,,,,,,,,,,
ABBV,AbbVie Inc.,Healthcare,Drug Manufacturers - General,research_queue,step7_risk_adjusted_ranking,robust_return<=0; median_irr<=hurdle,164,False,-0.31392751979903555,-0.03585782328627829,-0.01811593472375532,-0.19392751979903555,0.31392751979903555,0.9234,0.6482,1.0,0.6482,False,
CVX,Chevron Corporation,Energy,Oil & Gas Integrated,watchlist,step5_quality_risk,insufficient_model_confidence,,,,,,,,,0.3468,1.0,,,
BAC,Bank of America Corporation,Financial Services,Banks - Diversified,research_queue,step7_risk_adjusted_ranking,robust_return<=0; median_irr<=hurdle,167,False,-0.31505743977139566,-0.10374888786787648,-0.08794488863287808,-0.19505743977139567,0.31505743977139566,0.5354501514449488,0.6,0.8,0.48,False,
ORCL,Oracle Corporation,Technology,Software - Infrastructure,research_queue,step7_risk_adjusted_ranking,robust_return<=0; median_irr<=hurdle,238,False,-0.43040222891024305,-0.19293472421049954,-0.1770289129082812,-0.31040222891024305,0.43040222891024305,0.7109,0.71307,1.0,0.71307,False,
CAT,Caterpillar Inc.,Industrials,Agricultural - Machinery,research_queue,step7_risk_adjusted_ranking,robust_return<=0; median_irr<=hurdle,273,False,-0.5074165316039579,-0.23842826499912917,-0.22012668229799603,-0.38741653160395795,0.5074165316039579,0.6699,0.6443,1.0,0.6443,False,
KO,The Coca-Cola Company,Consumer Defensive,Beverages - Non-Alcoholic,research_queue,step7_risk_adjusted_ranking,robust_return<=0; median_irr<=hurdle,171,False,-0.32000639798818153,-0.0922471596873947,-0.07982915938482615,-0.20000639798818154,0.32000639798818153,0.9214,0.8135,1.0,0.8135,False,
DELL,Dell Technologies Inc.,Technology,Computer Hardware,research_queue,step7_risk_adjusted_ranking,robust_return<=0; median_irr<=hurdle,280,False,-0.5451411004595865,-0.274336955083163,-0.26008834895983446,-0.4251411004595866,0.5451411004595865,0.6976,0.5747399999999999,1.0,0.5747399999999999,False,
MRK,"Merck & Co., Inc.",Healthcare,Drug Manufacturers - General,research_queue,step7_risk_adjusted_ranking,robust_return<=0; median_irr<=hurdle,208,False,-0.3807146224589086,-0.06769306210408099,-0.04637370913987976,-0.2607146224589086,0.3807146224589086,0.6764,0.6599,1.0,0.6599,False,
PG,The Procter & Gamble Company,Consumer Defensive,Household & Personal Products,research_queue,step7_risk_adjusted_ranking,robust_return<=0; median_irr<=hurdle,88,False,-0.23757276915013786,-0.006429614000080599,0.004889231285778834,-0.11757276915013787,0.23757276915013786,0.8914,0.836,1.0,0.836,False,
UNH,UnitedHealth Group Incorporated,Healthcare,Medical - Healthcare Plans,research_queue,step7_risk_adjusted_ranking,robust_return<=0; median_irr<=hurdle,31,False,-0.13557366546476257,0.029600909543296458,0.02360867326060545,-0.015573665464762573,0.13557366546476257,0.7725,0.671733,0.85,0.57097305,False,
GE,GE Aerospace,Industrials,Aerospace & Defense,hard_filter_rejected,step2_hard_filters,security_type,,,,,,,,,,,,,
MS,Morgan Stanley,Financial Services,Financial - Capital Markets,watchlist,step2_model_routing,asset_management_model_not_supported,,,,,,,,,,,,,
PM,Philip Morris International Inc.,Consumer Defensive,Tobacco,research_queue,step7_risk_adjusted_ranking,robust_return<=0; median_irr<=hurdle,96,False,-0.24405007680645208,-0.026812172950303616,-0.014863047638209509,-0.1240500768064521,0.24405007680645208,0.9783,0.8823,1.0,0.8823,False,
HD,"The Home Depot, Inc.",Consumer Cyclical,Home Improvement,research_queue,step7_risk_adjusted_ranking,robust_return<=0; median_irr<=hurdle,101,False,-0.2506900050520198,-0.09495807784987845,-0.09964352082752154,-0.13069000505201983,0.2506900050520198,0.9274,0.7643700000000001,1.0,0.7643700000000001,False,
GS,"The Goldman Sachs Group, Inc.",Financial Services,Financial - Capital Markets,watchlist,step2_model_routing,asset_management_model_not_supported,,,,,,,,,,,,,
ANET,"Arista Networks, Inc.",Technology,Computer Hardware,research_queue,step7_risk_adjusted_ranking,robust_return<=0; median_irr<=hurdle,211,False,-0.3838013832707656,-0.18493887763834205,-0.17882557910052124,-0.2638013832707656,0.3838013832707656,0.9218,0.4822740000000001,1.0,0.4822740000000001,False,
RTX,RTX Corporation,Industrials,Aerospace & Defense,research_queue,step7_risk_adjusted_ranking,robust_return<=0; median_irr<=hurdle,268,False,-0.48964719982643146,-0.18192340460009288,-0.1591069958551088,-0.36964719982643146,0.48964719982643146,0.4494,0.55764,1.0,0.55764,False,
GEV,GE Vernova Inc.,Industrials,Industrial - Machinery,hard_filter_rejected,step2_hard_filters,listing_age,,,,,,,,,,,,,
WFC,Wells Fargo & Company,Financial Services,Banks - Diversified,research_queue,step7_risk_adjusted_ranking,robust_return<=0; median_irr<=hurdle,129,False,-0.2814440503284512,-0.061438831697466195,-0.044501555748648336,-0.16144405032845122,0.2814440503284512,0.520607358086104,0.6,0.8,0.48,False,
TMO,Thermo Fisher Scientific Inc.,Healthcare,Medical - Diagnostics & Research,research_queue,step7_risk_adjusted_ranking,robust_return<=0; median_irr<=hurdle,275,False,-0.5086099806630227,-0.24982155919096838,-0.23775379161234014,-0.3886099806630226,0.5086099806630227,0.4657,0.533061,1.0,0.533061,False,
C,Citigroup Inc.,Financial Services,Banks - Diversified,research_queue,step7_risk_adjusted_ranking,robust_return<=0; median_irr<=hurdle,257,False,-0.4645515654622776,-0.18182241628906168,-0.15096573694821214,-0.3445515654622776,0.4645515654622776,0.27419944362873555,0.6,0.8,0.48,False,
IBM,International Business Machines Corporation,Technology,Information Technology Services,research_queue,step7_risk_adjusted_ranking,robust_return<=0; median_irr<=hurdle,261,False,-0.47893440557556455,-0.14112915069890727,-0.107302484192769,-0.35893440557556455,0.47893440557556455,0.757,0.6931,1.0,0.6931,False,
AXP,American Express Company,Financial Services,Financial - Credit Services,watchlist,step2_model_routing,consumer_finance_model_not_supported,,,,,,,,,,,,,
APH,Amphenol Corporation,Technology,"Hardware, Equipment & Parts",research_queue,step7_risk_adjusted_ranking,robust_return<=0; median_irr<=hurdle,189,False,-0.3558884604705963,-0.1330385761451907,-0.1226925578608643,-0.23588846047059628,0.3558884604705963,0.8984,0.60048,0.85,0.510408,False,
VZ,Verizon Communications Inc.,Communication Services,Telecommunications Services,research_queue,step7_risk_adjusted_ranking,robust_return<=0; median_irr<=hurdle,136,False,-0.28634865622036154,-0.08764484810235441,-0.08693162281997499,-0.16634865622036155,0.28634865622036154,0.7415,0.7257600000000001,1.0,0.7257600000000001,False,
CRM,"Salesforce, Inc.",Technology,Software - Application,research_queue,step7_risk_adjusted_ranking,robust_return<=0; median_irr<=hurdle,333,False,-1.0699999999999998,-0.6466748567669128,-0.70843013242702,-0.95,1.0699999999999998,0.1331,0.48956400000000005,0.85,0.41612940000000004,True,bear
DE,Deere & Company,Industrials,Agricultural - Machinery,research_queue,step7_risk_adjusted_ranking,robust_return<=0; median_irr<=hurdle,325,False,-1.0699999999999998,-0.41742217120172426,-0.2925457395947888,-0.95,1.0699999999999998,0.4513,0.49428000000000005,1.0,0.49428000000000005,True,bear
DIS,The Walt Disney Company,Communication Services,Entertainment,research_queue,step7_risk_adjusted_ranking,robust_return<=0; median_irr<=hurdle,284,False,-0.5923587986722122,-0.14654892572143577,-0.08951509073958727,-0.4723587986722122,0.5923587986722122,0.4227,0.6228,1.0,0.6228,False,
ABT,Abbott Laboratories,Healthcare,Medical - Devices,research_queue,step7_risk_adjusted_ranking,robust_return<=0; median_irr<=hurdle,194,False,-0.36118172423914074,-0.15390025858068834,-0.1502319262537639,-0.24118172423914072,0.36118172423914074,0.7181,0.5988330000000001,1.0,0.5988330000000001,False,
T,AT&T Inc.,Communication Services,Telecommunications Services,research_queue,step7_risk_adjusted_ranking,robust_return<=0; median_irr<=hurdle,309,False,-1.0699999999999998,-0.22662280634976922,-0.038131211069412495,-0.95,1.0699999999999998,0.4673,0.6338,1.0,0.6338,True,bear
SCHW,The Charles Schwab Corporation,Financial Services,Financial - Capital Markets,watchlist,step2_model_routing,asset_management_model_not_supported,,,,,,,,,,,,,
ETN,Eaton Corporation plc,Industrials,Electrical Equipment & Parts,hard_filter_rejected,step2_hard_filters,adr_excluded,,,,,,,,,,,,,
BLK,"BlackRock, Inc.",Financial Services,Asset Management,watchlist,step2_model_routing,asset_management_model_not_supported,,,,,,,,,,,,,
MCD,McDonald's Corporation,Consumer Cyclical,Restaurants,research_queue,step7_risk_adjusted_ranking,robust_return<=0; median_irr<=hurdle,100,False,-0.24943651560926805,0.00270978731568906,0.01971543288673277,-0.12943651560926805,0.24943651560926805,0.9297,0.8185,1.0,0.8185,False,
WELL,Welltower Inc.,Real Estate,REIT - Healthcare Facilities,research_queue,step7_risk_adjusted_ranking,robust_return<=0; median_irr<=hurdle,222,False,-0.39741877723113606,-0.21634759092639855,-0.19599052882481938,-0.27741877723113606,0.39741877723113606,0.5863103147184996,0.6,0.8,0.48,False,
PFE,Pfizer Inc.,Healthcare,Drug Manufacturers - General,research_queue,step7_risk_adjusted_ranking,robust_return<=0; median_irr<=hurdle,244,False,-0.44389916584361355,-0.041869227460119875,-0.00901824918109921,-0.32389916584361356,0.44389916584361355,0.7134,0.36117900000000003,1.0,0.36117900000000003,False,
UNP,Union Pacific Corporation,Industrials,Railroads,research_queue,step7_risk_adjusted_ranking,robust_return<=0; median_irr<=hurdle,145,False,-0.2952831229270668,-0.0973662587573926,-0.09117910954955727,-0.17528312292706683,0.2952831229270668,0.8463,0.827,1.0,0.827,False,
NEE,"NextEra Energy, Inc.",Utilities,Regulated Electric,hard_filter_rejected,step2_hard_filters,interest_coverage;excessive_leverage,,,,,,,,,,,,,
DHR,Danaher Corporation,Healthcare,Medical - Diagnostics & Research,research_queue,step7_risk_adjusted_ranking,robust_return<=0; median_irr<=hurdle,281,False,-0.5675280686136102,-0.2703023762976954,-0.25075070763705287,-0.4475280686136102,0.5675280686136102,0.4183,0.48114,1.0,0.48114,False,
BA,The Boeing Company,Industrials,Aerospace & Defense,hard_filter_rejected,step2_hard_filters,interest_coverage;negative_ebitda_with_debt;severe_dilution;earnings_cash_mismatch,,,,,,,,,,,,,
COP,ConocoPhillips,Energy,Oil & Gas Exploration & Production,watchlist,step6_scenario_valuation,insufficient_post_valuation_model_confidence,,,,0.01014635255705798,0.02761126382392834,-0.2977853410295211,0.4177853410295211,0.6697,0.33509700000000003,1.0,0.33509700000000003,False,
TJX,"The TJX Companies, Inc.",Consumer Cyclical,Apparel - Retail,research_queue,step7_risk_adjusted_ranking,robust_return<=0; median_irr<=hurdle,168,False,-0.3150587964907754,-0.043176074103394045,-0.030048100411659076,-0.19505879649077543,0.3150587964907754,0.9153,0.541,1.0,0.541,False,
BX,Blackstone Inc.,Financial Services,Asset Management,watchlist,step2_model_routing,asset_management_model_not_supported,,,,,,,,,,,,,
UBER,"Uber Technologies, Inc.",Technology,Software - Application,normalization_rejected,step4_normalized_model,no_normalized_earnings,,,,,,,,,,,,,
NOW,"ServiceNow, Inc.",Technology,Software - Application,research_queue,step7_risk_adjusted_ranking,robust_return<=0; median_irr<=hurdle,282,False,-0.577016836470575,-0.2863435506384121,-0.25626428931718687,-0.45701683647057506,0.577016836470575,0.1688,0.5922000000000001,1.0,0.5922000000000001,False,
GLW,Corning Inc,Technology,"Hardware, Equipment & Parts",research_queue,step7_risk_adjusted_ranking,robust_return<=0; median_irr<=hurdle,292,False,-0.7347745027497875,-0.40021836786327175,-0.3624408375617349,-0.6147745027497875,0.7347745027497875,0.2019,0.49059,1.0,0.49059,False,
CB,Chubb Limited,Financial Services,Insurance - Property & Casualty,hard_filter_rejected,step2_hard_filters,adr_excluded,,,,,,,,,,,,,
BMY,Bristol-Myers Squibb Company,Healthcare,Drug Manufacturers - General,research_queue,step7_risk_adjusted_ranking,robust_return<=0; median_irr<=hurdle,81,False,-0.2292884515062905,0.08995527111401319,0.11132637658156457,-0.10928845150629053,0.2292884515062905,0.9028,0.5291,1.0,0.5291,False,
NEM,Newmont Corporation,Basic Materials,Gold,hard_filter_rejected,step2_hard_filters,severe_dilution,,,,,,,,,,,,,
PLD,"Prologis, Inc.",Real Estate,REIT - Industrial,research_queue,step7_risk_adjusted_ranking,robust_return<=0; median_irr<=hurdle,102,False,-0.2508022336362229,-0.08805839313001079,-0.07381044629460676,-0.1308022336362229,0.2508022336362229,0.7279367011564213,0.6,0.8,0.48,False,
PH,Parker-Hannifin Corporation,Industrials,Industrial - Machinery,research_queue,step7_risk_adjusted_ranking,robust_return<=0; median_irr<=hurdle,231,False,-0.4138380398627487,-0.21362514145421296,-0.20738304411788702,-0.2938380398627487,0.4138380398627487,0.7945,0.7879,1.0,0.7879,False,
COF,Capital One Financial Corporation,Financial Services,Financial - Credit Services,watchlist,step2_model_routing,consumer_finance_model_not_supported,,,,,,,,,,,,,
LMT,Lockheed Martin Corporation,Industrials,Aerospace & Defense,research_queue,step7_risk_adjusted_ranking,robust_return<=0; median_irr<=hurdle,52,False,-0.17616669986629857,-0.0013623855287732776,-0.0003520053680403809,-0.05616669986629856,0.17616669986629857,0.9652,0.7047,1.0,0.7047,False,
PGR,The Progressive Corporation,Financial Services,Insurance - Property & Casualty,research_queue,step7_risk_adjusted_ranking,robust_return<=0; median_irr<=hurdle,196,False,-0.36265816329362677,-0.07015599804019165,-0.0406354432923175,-0.24265816329362677,0.36265816329362677,0.30657828806854137,0.6,0.8,0.48,False,
SPGI,S&P Global Inc.,Financial Services,Financial - Data & Stock Exchanges,watchlist,step2_model_routing,financial_sector_model_not_supported,,,,,,,,,,,,,
MO,"Altria Group, Inc.",Consumer Defensive,Tobacco,research_queue,step7_risk_adjusted_ranking,robust_return<=0,22,False,-0.08007132369573781,0.13605068037286405,0.15327680595219137,0.009174252243246913,0.11082574775675308,0.9791,0.9242,1.0,0.9242,False,
MPC,Marathon Petroleum Corporation,Energy,Oil & Gas Refining & Marketing,watchlist,step6_scenario_valuation,insufficient_post_valuation_model_confidence,,,,-0.09436403957079163,0.07483042335370559,-0.95,1.0699999999999998,0.6868,0.318087,1.0,0.318087,True,bear
CVS,CVS Health Corp.,Healthcare,Medical - Healthcare Plans,research_queue,step7_risk_adjusted_ranking,robust_return<=0; median_irr<=hurdle,254,False,-0.462062384088058,-0.09129839082306714,-0.05920722379814831,-0.342062384088058,0.462062384088058,0.4163,0.505764,1.0,0.505764,False,
MDT,Medtronic plc,Healthcare,Medical - Devices,hard_filter_rejected,step2_hard_filters,adr_excluded,,,,,,,,,,,,,
VLO,Valero Energy Corporation,Energy,Oil & Gas Refining & Marketing,watchlist,step6_scenario_valuation,insufficient_post_valuation_model_confidence,,,,-0.00460211947211063,0.02122686659276954,-0.34742602778569565,0.46742602778569564,0.7167,0.33072300000000004,1.0,0.33072300000000004,False,
ACN,Accenture plc,Technology,Information Technology Services,hard_filter_rejected,step2_hard_filters,adr_excluded,,,,,,,,,,,,,
LOW,"Lowe's Companies, Inc.",Consumer Cyclical,Home Improvement,research_queue,step7_risk_adjusted_ranking,robust_return<=0; median_irr<=hurdle,143,False,-0.29210823148197956,-0.10609932543011379,-0.11401286268373946,-0.17210823148197957,0.29210823148197956,0.9372,0.5946210000000001,1.0,0.5946210000000001,False,
SYK,Stryker Corporation,Healthcare,Medical - Devices,research_queue,step7_risk_adjusted_ranking,robust_return<=0; median_irr<=hurdle,95,False,-0.24344492382835592,-0.050914094593463195,-0.04421032579266463,-0.12344492382835592,0.24344492382835592,0.8205,0.8471,1.0,0.8471,False,
FCX,Freeport-McMoRan Inc.,Basic Materials,Copper,watchlist,step6_scenario_valuation,insufficient_post_valuation_model_confidence,,,,-0.16204639076750021,-0.15922866539331149,-0.3066668513987678,0.4266668513987678,0.6581,0.324324,0.7,0.22702679999999997,False,
BNY,Bank of New York Mellon Corp,Financial Services,Investment - Banking & Investment Services,research_queue,step7_risk_adjusted_ranking,robust_return<=0; median_irr<=hurdle,247,False,-0.45172095258032174,-0.21853500740923837,-0.19882553457590568,-0.33172095258032175,0.45172095258032174,0.40378829747773026,0.6,0.8,0.48,False,
PSX,Phillips 66,Energy,Oil & Gas Refining & Marketing,watchlist,step5_quality_risk,insufficient_model_confidence,,,,,,,,,0.3163,1.0,,,
MCK,McKesson Corporation,Healthcare,Medical - Distribution,research_queue,step7_risk_adjusted_ranking,robust_return<=0; median_irr<=hurdle,48,False,-0.17250108914115114,0.06979012013707692,0.08405805712827719,-0.05250108914115115,0.17250108914115114,0.9592,0.6961950000000001,1.0,0.6961950000000001,False,
TT,Trane Technologies plc,Industrials,Industrial - Machinery,hard_filter_rejected,step2_hard_filters,adr_excluded,,,,,,,,,,,,,
PWR,"Quanta Services, Inc.",Industrials,Engineering & Construction,research_queue,step7_risk_adjusted_ranking,robust_return<=0; median_irr<=hurdle,272,False,-0.5045070974064583,-0.2740455294600906,-0.26124407992974735,-0.38450709740645833,0.5045070974064583,0.2837,0.559305,1.0,0.559305,False,
VRT,Vertiv Holdings Co,Industrials,Electrical Equipment & Parts,research_queue,step7_risk_adjusted_ranking,robust_return<=0; median_irr<=hurdle,287,False,-0.6368335130685591,-0.3685116170763648,-0.3522364080781698,-0.5168335130685591,0.6368335130685591,0.4879,0.4606551000000001,1.0,0.4606551000000001,False,
SO,The Southern Company,Utilities,Regulated Electric,research_queue,step7_risk_adjusted_ranking,robust_return<=0; median_irr<=hurdle,319,False,-1.0699999999999998,-0.37385214518872084,-0.26014592921710566,-0.95,1.0699999999999998,0.2802,0.50625,1.0,0.50625,True,bear
HCA,"HCA Healthcare, Inc.",Healthcare,Medical - Care Facilities,research_queue,step7_risk_adjusted_ranking,robust_return<=0; median_irr<=hurdle,41,False,-0.1612715271522756,0.0751715453290672,0.09055286865186646,-0.041271527152275625,0.1612715271522756,0.9725,0.81081,1.0,0.81081,False,
HWM,Howmet Aerospace Inc.,Industrials,Aerospace & Defense,hard_filter_rejected,step2_hard_filters,security_type,,,,,,,,,,,,,
USB,U.S. Bancorp,Financial Services,Banks - Diversified,research_queue,step7_risk_adjusted_ranking,robust_return<=0; median_irr<=hurdle,116,False,-0.2693153359697872,-0.05045958449857102,-0.03376804006888434,-0.1493153359697872,0.2693153359697872,0.5289760691982345,0.6,0.8,0.48,False,
GD,General Dynamics Corporation,Industrials,Aerospace & Defense,research_queue,step7_risk_adjusted_ranking,robust_return<=0; median_irr<=hurdle,40,False,-0.16106818646541793,0.0644522909926309,0.07613921232405121,-0.04106818646541793,0.16106818646541793,0.8516,0.8615,1.0,0.8615,False,
JCI,Johnson Controls International plc,Basic Materials,Construction Materials,hard_filter_rejected,step2_hard_filters,adr_excluded,,,,,,,,,,,,,
PNC,"The PNC Financial Services Group, Inc.",Financial Services,Banks - Regional,research_queue,step7_risk_adjusted_ranking,robust_return<=0; median_irr<=hurdle,118,False,-0.2701426731906368,-0.05806017570609495,-0.042223523905782656,-0.1501426731906368,0.2701426731906368,0.550059011236115,0.6,0.8,0.48,False,
EMR,Emerson Electric Co.,Industrials,Industrial - Machinery,research_queue,step7_risk_adjusted_ranking,robust_return<=0; median_irr<=hurdle,274,False,-0.5076820783567382,-0.2738067528625833,-0.25695848626783113,-0.3876820783567382,0.5076820783567382,0.7259,0.733,1.0,0.733,False,
DUK,Duke Energy Corporation,Utilities,Regulated Electric,hard_filter_rejected,step2_hard_filters,excessive_leverage,,,,,,,,,,,,,
MMM,3M Company,Industrials,Conglomerates,research_queue,step7_risk_adjusted_ranking,robust_return<=0; median_irr<=hurdle,157,False,-0.3051216908136848,-0.07976986303183364,-0.0707026584073901,-0.1851216908136848,0.3051216908136848,0.9489,0.7414,0.7,0.5189799999999999,False,
KKR,KKR & Co. Inc.,Financial Services,Asset Management,watchlist,step2_model_routing,asset_management_model_not_supported,,,,,,,,,,,,,
ICE,"Intercontinental Exchange, Inc.",Financial Services,Financial - Data & Stock Exchanges,watchlist,step2_model_routing,financial_sector_model_not_supported,,,,,,,,,,,,,
ELV,Elevance Health Inc.,Healthcare,Medical - Healthcare Plans,research_queue,step7_risk_adjusted_ranking,robust_return<=0; median_irr<=hurdle,12,False,-0.03051494426501447,0.1203818294532539,0.1108160742092878,0.08948505573498552,0.03051494426501447,0.8155,0.669141,1.0,0.669141,False,
BE,Bloom Energy Corporation,Industrials,Electrical Equipment & Parts,hard_filter_rejected,step2_hard_filters,consecutive_losses;interest_coverage;severe_dilution,,,,,,,,,,,,,
WMB,"The Williams Companies, Inc.",Energy,Oil & Gas Midstream,research_queue,step7_risk_adjusted_ranking,robust_return<=0; median_irr<=hurdle,320,False,-1.0699999999999998,-0.39007747152645605,-0.2790384695981629,-0.95,1.0699999999999998,0.3282,0.4437,1.0,0.4437,True,bear
HPE,Hewlett Packard Enterprise Company,Technology,Computer Hardware,research_queue,step7_risk_adjusted_ranking,robust_return<=0; median_irr<=hurdle,278,False,-0.5219012616656254,-0.2538694642586051,-0.2339191714301705,-0.40190126166562545,0.5219012616656254,0.254,0.5745330000000001,1.0,0.5745330000000001,False,
WM,"Waste Management, Inc.",Industrials,Waste Management,research_queue,step7_risk_adjusted_ranking,robust_return<=0; median_irr<=hurdle,160,False,-0.3076078340923413,-0.07612175995163852,-0.0633231617626734,-0.18760783409234133,0.3076078340923413,0.8083,0.8488,1.0,0.8488,False,
MRSH,"Marsh & McLennan Companies, Inc.",Financial Services,Insurance - Brokers,research_queue,step7_risk_adjusted_ranking,robust_return<=0; median_irr<=hurdle,82,False,-0.23034255897709743,-0.04824876497158381,-0.029973827410621934,-0.11034255897709744,0.23034255897709743,0.6489284522725358,0.6,0.8,0.48,False,
MCO,Moody's Corporation,Financial Services,Financial - Data & Stock Exchanges,watchlist,step2_model_routing,financial_sector_model_not_supported,,,,,,,,,,,,,
SHW,The Sherwin-Williams Company,Basic Materials,Chemicals - Specialty,research_queue,step7_risk_adjusted_ranking,robust_return<=0; median_irr<=hurdle,220,False,-0.3951252219590241,-0.1640019515787571,-0.15010550371080167,-0.2751252219590241,0.3951252219590241,0.8427,0.8579,1.0,0.8579,False,
UPS,"United Parcel Service, Inc.",Industrials,Integrated Freight & Logistics,research_queue,step7_risk_adjusted_ranking,robust_return<=0; median_irr<=hurdle,85,False,-0.2327709217718802,-0.05563325012044512,-0.06471060609328558,-0.11277092177188018,0.2327709217718802,0.7709,0.615681,1.0,0.615681,False,
ITW,Illinois Tool Works Inc.,Industrials,Industrial - Machinery,research_queue,step7_risk_adjusted_ranking,robust_return<=0; median_irr<=hurdle,161,False,-0.30955030016513774,-0.1008825637243717,-0.09241350060183318,-0.18955030016513771,0.30955030016513774,0.9848,0.8492,1.0,0.8492,False,
AMT,American Tower Corporation,Real Estate,REIT - Specialty,research_queue,step7_risk_adjusted_ranking,robust_return<=0; median_irr<=hurdle,126,False,-0.28060585992186715,-0.12206809455264991,-0.12450085085776885,-0.16060585992186716,0.28060585992186715,0.8101231138939772,0.6,0.8,0.48,False,
ECL,Ecolab Inc.,Basic Materials,Chemicals - Specialty,research_queue,step7_risk_adjusted_ranking,robust_return<=0; median_irr<=hurdle,235,False,-0.4237801822996698,-0.1748700446580187,-0.15905191749334335,-0.3037801822996698,0.4237801822996698,0.774,0.7673,1.0,0.7673,False,
SLB,Slb N.V.,Energy,Oil & Gas Equipment & Services,research_queue,step7_risk_adjusted_ranking,robust_return<=0; median_irr<=hurdle,203,False,-0.3762832566909492,-0.05006399681151376,-0.027672453504055707,-0.2562832566909492,0.3762832566909492,0.609,0.5558,1.0,0.5558,False,
MSI,"Motorola Solutions, Inc.",Technology,Communication Equipment,research_queue,step7_risk_adjusted_ranking,robust_return<=0; median_irr<=hurdle,212,False,-0.3841354205989046,-0.16936774872410748,-0.15873511684767433,-0.2641354205989046,0.3841354205989046,0.9125,0.8323,1.0,0.8323,False,
TRV,"The Travelers Companies, Inc.",Financial Services,Insurance - Property & Casualty,research_queue,step7_risk_adjusted_ranking,robust_return<=0; median_irr<=hurdle,134,False,-0.2854831649304149,-0.05627792134221388,-0.0383236893409723,-0.16548316493041493,0.2854831649304149,0.4920745697209611,0.6,0.8,0.48,False,
EOG,"EOG Resources, Inc.",Energy,Oil & Gas Exploration & Production,research_queue,step7_risk_adjusted_ranking,robust_return<=0,20,False,-0.07698187606447482,0.22619326618441848,0.24627678953111176,-0.008987709064967904,0.1289877090649679,0.8742,0.41184000000000004,1.0,0.41184000000000004,False,
GM,General Motors Company,Consumer Cyclical,Auto - Manufacturers,watchlist,step6_scenario_valuation,irr_below_solver_bound,,,,-0.7421682942454935,-0.95,-0.95,1.0699999999999998,0.2487,0.41742540000000006,1.0,0.41742540000000006,True,bear;base
NOC,Northrop Grumman Corporation,Industrials,Aerospace & Defense,research_queue,step7_risk_adjusted_ranking,robust_return<=0; median_irr<=hurdle,119,False,-0.2727181933372049,-0.08381158926840723,-0.08595575513172657,-0.15271819333720488,0.2727181933372049,0.7533,0.628236,1.0,0.628236,False,
CMI,Cummins Inc.,Industrials,Industrial - Machinery,research_queue,step7_risk_adjusted_ranking,robust_return<=0; median_irr<=hurdle,151,False,-0.2990423297687084,-0.08590327947149487,-0.07952757934399413,-0.17904232976870843,0.2990423297687084,0.8101,0.6765,1.0,0.6765,False,
CI,Cigna Corporation,Healthcare,Medical - Healthcare Plans,research_queue,step7_risk_adjusted_ranking,robust_return<=0,36,False,-0.15263197396978284,0.296822770054132,0.33468755332287403,-0.11086819746415127,0.23086819746415127,0.7266,0.36441900000000005,1.0,0.36441900000000005,False,
TGT,Target Corporation,Consumer Defensive,Discount Stores,research_queue,step7_risk_adjusted_ranking,robust_return<=0; median_irr<=hurdle,154,False,-0.3040892437379807,-0.11514749794514496,-0.1172119673225097,-0.1840892437379807,0.3040892437379807,0.7738,0.584577,1.0,0.584577,False,
CVNA,Carvana Co.,Consumer Cyclical,Auto - Dealerships,hard_filter_rejected,step2_hard_filters,severe_dilution,,,,,,,,,,,,,
HLT,Hilton Worldwide Holdings Inc.,Consumer Cyclical,Travel Lodging,watchlist,step5_quality_risk,insufficient_model_confidence,,,,,,,,,0.3264,1.0,,,
NSC,Norfolk Southern Corporation,Industrials,Railroads,research_queue,step7_risk_adjusted_ranking,robust_return<=0; median_irr<=hurdle,239,False,-0.4309890028019435,-0.22150746542465638,-0.22174239856831263,-0.3109890028019435,0.4309890028019435,0.7107,0.6023160000000001,1.0,0.6023160000000001,False,
APO,"Apollo Global Management, Inc.",Financial Services,Asset Management,watchlist,step2_model_routing,asset_management_model_not_supported,,,,,,,,,,,,,
CL,Colgate-Palmolive Company,Consumer Defensive,Household & Personal Products,research_queue,step7_risk_adjusted_ranking,robust_return<=0; median_irr<=hurdle,54,False,-0.17780456744832915,0.0516542662808206,0.06588959658402019,-0.05780456744832915,0.17780456744832915,0.9792,0.92,1.0,0.92,False,
KMI,"Kinder Morgan, Inc.",Energy,Oil & Gas Midstream,research_queue,step7_risk_adjusted_ranking,robust_return<=0; median_irr<=hurdle,313,False,-1.0699999999999998,-0.2973875086929183,-0.1360850536962971,-0.95,1.0699999999999998,0.2768,0.45261,1.0,0.45261,True,bear
FDX,FedEx Corporation,Industrials,Integrated Freight & Logistics,research_queue,step7_risk_adjusted_ranking,robust_return<=0; median_irr<=hurdle,233,False,-0.41822387388849164,-0.14818728004429427,-0.13406419549864942,-0.29822387388849164,0.41822387388849164,0.5386,0.65169,1.0,0.65169,False,
SPG,"Simon Property Group, Inc.",Real Estate,REIT - Retail,research_queue,step7_risk_adjusted_ranking,robust_return<=0; median_irr<=hurdle,103,False,-0.2522085618614178,-0.08473214141255381,-0.08645132609103812,-0.13220856186141783,0.2522085618614178,0.7734252512723048,0.6,0.8,0.48,False,
DLR,"Digital Realty Trust, Inc.",Real Estate,REIT - Specialty,research_queue,step7_risk_adjusted_ranking,robust_return<=0; median_irr<=hurdle,77,False,-0.22148328266757988,-0.0458000781173952,-0.027239009934000302,-0.10148328266757989,0.22148328266757988,0.6723572287457505,0.6,0.8,0.48,False,
BSX,Boston Scientific Corporation,Healthcare,Medical - Devices,research_queue,step7_risk_adjusted_ranking,robust_return<=0; median_irr<=hurdle,186,False,-0.3492698755860328,-0.056898305608774485,-0.03701090380782257,-0.2292698755860328,0.3492698755860328,0.4999,0.66,0.85,0.561,False,
RSG,"Republic Services, Inc.",Industrials,Waste Management,research_queue,step7_risk_adjusted_ranking,robust_return<=0; median_irr<=hurdle,175,False,-0.3273722658038604,-0.08567815883361612,-0.07125570038915607,-0.20737226580386042,0.3273722658038604,0.7872,0.8343,1.0,0.8343,False,
URI,"United Rentals, Inc.",Industrials,Rental & Leasing Services,research_queue,step7_risk_adjusted_ranking,robust_return<=0; median_irr<=hurdle,251,False,-0.4581300947236012,-0.1771270518640449,-0.15262866779667092,-0.3381300947236012,0.4581300947236012,0.4533,0.7174,1.0,0.7174,False,
RCL,Royal Caribbean Cruises Ltd.,Consumer Cyclical,Travel Services,watchlist,step6_scenario_valuation,insufficient_post_valuation_model_confidence,,,,-0.05764110606833134,-0.1568573738040868,-0.95,1.0699999999999998,0.1484,0.295326,1.0,0.295326,True,bear
TEL,TE Connectivity plc,Technology,Semiconductors,hard_filter_rejected,step2_hard_filters,adr_excluded,,,,,,,,,,,,,
MET,"MetLife, Inc.",Financial Services,Insurance - Life,research_queue,step7_risk_adjusted_ranking,robust_return<=0; median_irr<=hurdle,198,False,-0.3655070019969783,-0.109619175448679,-0.08668621873529003,-0.24550700199697828,0.3655070019969783,0.3847476837983601,0.6,0.8,0.48,False,
APD,"Air Products and Chemicals, Inc.",Basic Materials,Chemicals - Specialty,hard_filter_rejected,step2_hard_filters,interest_coverage;excessive_leverage,,,,,,,,,,,,,
TDG,TransDigm Group Incorporated,Industrials,Aerospace & Defense,hard_filter_rejected,step2_hard_filters,excessive_leverage,,,,,,,,,,,,,
KEYS,"Keysight Technologies, Inc.",Technology,"Hardware, Equipment & Parts",research_queue,step7_risk_adjusted_ranking,robust_return<=0; median_irr<=hurdle,260,False,-0.47089280600950584,-0.24729136873284002,-0.23797167979064396,-0.35089280600950584,0.47089280600950584,0.6641,0.6072299999999999,1.0,0.6072299999999999,False,
COR,"Cencora, Inc.",Healthcare,Medical - Distribution,research_queue,step7_risk_adjusted_ranking,robust_return<=0; median_irr<=hurdle,70,False,-0.2119677127996692,0.021253975612125966,0.03561217892274729,-0.09196771279966921,0.2119677127996692,0.973,0.9138,1.0,0.9138,False,
TRGP,Targa Resources Corp.,Energy,Oil & Gas Midstream,research_queue,step7_risk_adjusted_ranking,robust_return<=0; median_irr<=hurdle,315,False,-1.0699999999999998,-0.33628134204700477,-0.2133275982370833,-0.95,1.0699999999999998,0.6618,0.38448000000000004,1.0,0.38448000000000004,True,bear
TFC,Truist Financial Corporation,Financial Services,Banks - Regional,research_queue,step7_risk_adjusted_ranking,robust_return<=0; median_irr<=hurdle,241,False,-0.43225139050672357,-0.07625534383184848,-0.029674528484077034,-0.31225139050672357,0.43225139050672357,0.1788798595105208,0.6,0.8,0.48,False,
AJG,Arthur J. Gallagher & Co.,Financial Services,Insurance - Brokers,research_queue,step7_risk_adjusted_ranking,robust_return<=0; median_irr<=hurdle,217,False,-0.3924399538663389,-0.15524396794173104,-0.13497771111139534,-0.2724399538663389,0.3924399538663389,0.42092790621692655,0.6,0.8,0.48,False,
AON,Aon plc,Financial Services,Insurance - Brokers,hard_filter_rejected,step2_hard_filters,adr_excluded,,,,,,,,,,,,,
GWW,"W.W. Grainger, Inc.",Industrials,Industrial - Distribution,research_queue,step7_risk_adjusted_ranking,robust_return<=0; median_irr<=hurdle,156,False,-0.3045640393788926,-0.09830464522865438,-0.09179318711831,-0.1845640393788926,0.3045640393788926,0.9434,0.8201,1.0,0.8201,False,
ALL,The Allstate Corporation,Financial Services,Insurance - Property & Casualty,research_queue,step7_risk_adjusted_ranking,robust_return<=0; median_irr<=hurdle,314,False,-1.0699999999999998,-0.31452103697226025,-0.17410094031040846,-0.95,1.0699999999999998,0.0,0.6,0.8,0.48,False,
FIX,"Comfort Systems USA, Inc.",Industrials,Engineering & Construction,research_queue,step7_risk_adjusted_ranking,robust_return<=0; median_irr<=hurdle,242,False,-0.4335037927218946,-0.23740961316075293,-0.2335316177346612,-0.3135037927218946,0.4335037927218946,0.8776,0.5430240000000001,0.85,0.46157040000000005,False,
AFL,Aflac Incorporated,Financial Services,Insurance - Life,research_queue,step7_risk_adjusted_ranking,robust_return<=0; median_irr<=hurdle,35,False,-0.14750885524713953,0.0819694166818298,0.09942953572464908,-0.02750885524713953,0.14750885524713953,0.5414910434704986,0.6,0.8,0.48,False,
COHR,"Coherent, Inc.",Technology,"Hardware, Equipment & Parts",hard_filter_rejected,step2_hard_filters,severe_dilution,,,,,,,,,,,,,
AME,"AMETEK, Inc.",Industrials,Electrical Equipment & Parts,research_queue,step7_risk_adjusted_ranking,robust_return<=0; median_irr<=hurdle,184,False,-0.3461447158874943,-0.1529011568469286,-0.14711629866505968,-0.22614471588749432,0.3461447158874943,0.7782,0.7873,1.0,0.7873,False,
CRH,CRH plc,Basic Materials,Construction Materials,hard_filter_rejected,step2_hard_filters,adr_excluded,,,,,,,,,,,,,
GRMN,Garmin Ltd.,Technology,"Hardware, Equipment & Parts",hard_filter_rejected,step2_hard_filters,adr_excluded,,,,,,,,,,,,,
OXY,Occidental Petroleum Corporation,Energy,Oil & Gas Exploration & Production,watchlist,step6_scenario_valuation,insufficient_post_valuation_model_confidence,,,,-0.12191822933673388,-0.0691918560885824,-0.4967771191964856,0.6167771191964856,0.4402,0.327564,1.0,0.327564,False,
NUE,Nucor Corporation,Basic Materials,Steel,watchlist,step6_scenario_valuation,insufficient_post_valuation_model_confidence,,,,-0.14412599364986817,-0.11799741217691911,-0.43511933615518505,0.555119336155185,0.3119,0.306099,1.0,0.306099,False,
DAL,"Delta Air Lines, Inc.",Industrials,"Airlines, Airports & Air Services",research_queue,step7_risk_adjusted_ranking,robust_return<=0; median_irr<=hurdle,301,False,-1.0699999999999998,-0.06347480974509373,0.08299350091256201,-0.95,1.0699999999999998,0.4741,0.4178,1.0,0.4178,True,bear
OKE,"ONEOK, Inc.",Energy,Oil & Gas Midstream,hard_filter_rejected,step2_hard_filters,severe_dilution,,,,,,,,,,,,,
PSA,Public Storage,Real Estate,REIT - Industrial,research_queue,step7_risk_adjusted_ranking,robust_return<=0; median_irr<=hurdle,120,False,-0.27416768497007604,-0.14531133747921646,-0.15416768497007605,-0.15416768497007605,0.27416768497007604,1.0,0.6,0.8,0.48,False,
D,"Dominion Energy, Inc.",Utilities,Regulated Electric,hard_filter_rejected,step2_hard_filters,persistent_negative_fcf;excessive_leverage,,,,,,,,,,,,,
NKE,"NIKE, Inc.",Consumer Cyclical,Apparel - Footwear & Accessories,research_queue,step7_risk_adjusted_ranking,robust_return<=0; median_irr<=hurdle,45,False,-0.16855436643119898,-0.008488135811057847,-0.015091350185684832,-0.048554366431198995,0.16855436643119898,0.8348,0.588141,1.0,0.588141,False,
CTVA,"Corteva, Inc.",Basic Materials,Agricultural Inputs,research_queue,step7_risk_adjusted_ranking,robust_return<=0; median_irr<=hurdle,252,False,-0.4604662388900761,-0.1336458254765603,-0.11483469017548484,-0.3404662388900761,0.4604662388900761,0.2066,0.57996,1.0,0.57996,False,
O,Realty Income Corporation,Real Estate,REIT - Retail,research_queue,step7_risk_adjusted_ranking,robust_return<=0,25,False,-0.1108863847548175,0.09664789099540855,0.1269356939430364,0.005784482152525028,0.11421551784747497,0.5662770752722485,0.6,0.8,0.48,False,
DVN,Devon Energy Corporation,Energy,Oil & Gas Exploration & Production,watchlist,step6_scenario_valuation,insufficient_post_valuation_model_confidence,,,,0.044685599242802715,0.07689524195156994,-0.3423899478511885,0.4623899478511885,0.5306,0.2860596000000001,1.0,0.2860596000000001,False,
CAH,"Cardinal Health, Inc.",Healthcare,Medical - Distribution,research_queue,step7_risk_adjusted_ranking,robust_return<=0; median_irr<=hurdle,312,False,-1.0699999999999998,-0.2787680500281567,-0.14201912261487443,-0.95,1.0699999999999998,0.5875,0.63612,1.0,0.63612,True,bear
SRE,Sempra,Utilities,Diversified Utilities,hard_filter_rejected,step2_hard_filters,persistent_negative_fcf;excessive_leverage,,,,,,,,,,,,,
F,Ford Motor Company,Consumer Cyclical,Auto - Manufacturers,hard_filter_rejected,step2_hard_filters,excessive_leverage,,,,,,,,,,,,,
BDX,"Becton, Dickinson and Company",Healthcare,Medical - Instruments & Supplies,research_queue,step7_risk_adjusted_ranking,robust_return<=0; median_irr<=hurdle,322,False,-1.0699999999999998,-0.4015257461287547,-0.2628966574004153,-0.95,1.0699999999999998,0.303,0.6786,1.0,0.6786,True,bear
CIEN,Ciena Corporation,Technology,Communication Equipment,research_queue,step7_risk_adjusted_ranking,robust_return<=0; median_irr<=hurdle,248,False,-0.45582680338440684,-0.2816413276264938,-0.2822697953764873,-0.33582680338440685,0.45582680338440684,0.6611,0.5760000000000001,1.0,0.5760000000000001,False,
STT,State Street Corporation,Financial Services,Asset Management,watchlist,step2_model_routing,asset_management_model_not_supported,,,,,,,,,,,,,
EW,Edwards Lifesciences Corporation,Healthcare,Medical - Devices,research_queue,step7_risk_adjusted_ranking,robust_return<=0; median_irr<=hurdle,83,False,-0.23213247475097884,-0.07772686768876153,-0.07746219426626334,-0.11213247475097884,0.23213247475097884,0.9584,0.74295,0.95,0.7058025,False,
A,"Agilent Technologies, Inc.",Healthcare,Medical - Diagnostics & Research,research_queue,step7_risk_adjusted_ranking,robust_return<=0; median_irr<=hurdle,207,False,-0.3803060448629548,-0.20973214709083546,-0.20877746676269454,-0.2603060448629548,0.3803060448629548,0.781,0.8061,1.0,0.8061,False,
WAB,Westinghouse Air Brake Technologies Corporation,Industrials,Railroads,research_queue,step7_risk_adjusted_ranking,robust_return<=0; median_irr<=hurdle,294,False,-0.7523426755778199,-0.25150390659309774,-0.1800207326217787,-0.6323426755778199,0.7523426755778199,0.3997,0.444,1.0,0.444,False,
ROK,"Rockwell Automation, Inc.",Industrials,Industrial - Machinery,research_queue,step7_risk_adjusted_ranking,robust_return<=0; median_irr<=hurdle,227,False,-0.40999607896694223,-0.19677237726646124,-0.18907017164601708,-0.28999607896694224,0.40999607896694223,0.9054,0.68922,1.0,0.68922,False,
HUM,Humana Inc.,Healthcare,Medical - Healthcare Plans,research_queue,step7_risk_adjusted_ranking,robust_return<=0,14,False,-0.041492822967137,0.1500736702957511,0.15545784161222406,0.05663050428847783,0.06336949571152217,0.7546,0.6169770000000001,1.0,0.6169770000000001,False,
FITB,Fifth Third Bancorp,Financial Services,Banks - Regional,research_queue,step7_risk_adjusted_ranking,robust_return<=0; median_irr<=hurdle,108,False,-0.2547368607345022,-0.04902479545222535,-0.0342860104389654,-0.1347368607345022,0.2547368607345022,0.5774287464306915,0.6,0.8,0.48,False,
AZO,"AutoZone, Inc.",Consumer Cyclical,Specialty Retail,research_queue,step7_risk_adjusted_ranking,robust_return<=0; median_irr<=hurdle,33,False,-0.1397982203093488,0.08415077886543261,0.09720381262559388,-0.019798220309348812,0.1397982203093488,0.9887,0.9161,1.0,0.9161,False,
VST,Vistra Corp.,Utilities,Independent Power Producers,hard_filter_rejected,step2_hard_filters,interest_coverage,,,,,,,,,,,,,
CARR,Carrier Global Corporation,Industrials,Industrial - Machinery,research_queue,step7_risk_adjusted_ranking,robust_return<=0; median_irr<=hurdle,324,False,-1.0699999999999998,-0.4150756408591405,-0.2821846802311484,-0.95,1.0699999999999998,0.5484,0.4846230000000001,1.0,0.4846230000000001,True,bear
ETR,Entergy Corporation,Utilities,Regulated Electric,hard_filter_rejected,step2_hard_filters,persistent_negative_fcf,,,,,,,,,,,,,
VEEV,Veeva Systems Inc.,Technology,Software - Application,research_queue,step7_risk_adjusted_ranking,robust_return<=0; median_irr<=hurdle,107,False,-0.2541363693092715,-0.07680922044528408,-0.07164137444342483,-0.13413636930927153,0.2541363693092715,0.963,0.72945,0.95,0.6929775,False,
XYZ,"Block, Inc.",Technology,Software - Infrastructure,watchlist,step6_scenario_valuation,insufficient_post_valuation_model_confidence,,,,-0.3201300009590341,-0.3400302681548055,-0.47620160611113543,0.5962016061111355,0.117,0.290142,0.5499999999999999,0.1595781,False,
IQV,IQVIA Holdings Inc.,Healthcare,Medical - Diagnostics & Research,research_queue,step7_risk_adjusted_ranking,robust_return<=0; median_irr<=hurdle,323,False,-1.0699999999999998,-0.4058219046230078,-0.27590456543548497,-0.95,1.0699999999999998,0.3292,0.6627,1.0,0.6627,True,bear
AMP,"Ameriprise Financial, Inc.",Financial Services,Asset Management,watchlist,step2_model_routing,asset_management_model_not_supported,,,,,,,,,,,,,
LHX,"L3Harris Technologies, Inc.",Industrials,Aerospace & Defense,watchlist,step6_scenario_valuation,invalid_valuation_output,,,,-0.5465264634964113,-0.95,-0.95,1.0699999999999998,0.3876,,1.0,,False,
FERG,Ferguson plc,Industrials,Industrial - Distribution,research_queue,step7_risk_adjusted_ranking,robust_return<=0; median_irr<=hurdle,245,False,-0.4511141582977144,-0.19292745052916868,-0.17016837810224378,-0.3311141582977144,0.4511141582977144,0.8437,0.44639100000000004,1.0,0.44639100000000004,False,
WAT,Waters Corporation,Healthcare,Medical - Diagnostics & Research,research_queue,step7_risk_adjusted_ranking,robust_return<=0; median_irr<=hurdle,237,False,-0.43035149127128525,-0.24609979904671486,-0.23961257827177174,-0.31035149127128525,0.43035149127128525,0.7389,0.6130890000000001,0.85,0.5211256500000001,False,
VTR,"Ventas, Inc.",Real Estate,REIT - Healthcare Facilities,research_queue,step7_risk_adjusted_ranking,robust_return<=0; median_irr<=hurdle,94,False,-0.24318551231455965,-0.04531827429386612,-0.019362528286968272,-0.12318551231455965,0.24318551231455965,0.5714735888446844,0.6,0.8,0.48,False,
P,"Everpure, Inc.",Technology,Computer Hardware,normalization_rejected,step4_normalized_model,no_normalized_earnings,,,,,,,,,,,,,
PRU,"Prudential Financial, Inc.",Financial Services,Insurance - Life,research_queue,step7_risk_adjusted_ranking,robust_return<=0; median_irr<=hurdle,297,False,-0.8252491252054837,-0.17281344140920055,-0.03528304508197255,-0.7052491252054837,0.8252491252054837,0.002662416260015257,0.6,0.8,0.48,False,
CMG,"Chipotle Mexican Grill, Inc.",Consumer Cyclical,Restaurants,research_queue,step7_risk_adjusted_ranking,robust_return<=0; median_irr<=hurdle,232,False,-0.41774153920589013,-0.16341015412763224,-0.1488496587146073,-0.29774153920589014,0.41774153920589013,0.8207,0.7269,0.95,0.6905549999999999,False,
MSCI,MSCI Inc.,Financial Services,Financial - Data & Stock Exchanges,watchlist,step2_model_routing,financial_sector_model_not_supported,,,,,,,,,,,,,
ARES,Ares Management Corporation,Financial Services,Asset Management,watchlist,step2_model_routing,asset_management_model_not_supported,,,,,,,,,,,,,
LYV,"Live Nation Entertainment, Inc.",Communication Services,Entertainment,research_queue,step7_risk_adjusted_ranking,robust_return<=0; median_irr<=hurdle,310,False,-1.0699999999999998,-0.2527435659489129,-0.28304179912665856,-0.95,1.0699999999999998,0.446,0.36621,0.7,0.256347,True,bear
DHI,"D.R. Horton, Inc.",Consumer Cyclical,Residential Construction,research_queue,step7_risk_adjusted_ranking,robust_return<=0; median_irr<=hurdle,74,False,-0.21510864000767466,-0.02783688729250567,-0.038622575602494144,-0.09510864000767465,0.21510864000767466,0.6802,0.45846810000000005,1.0,0.45846810000000005,False,
AIG,"American International Group, Inc.",Financial Services,Insurance - Diversified,research_queue,step7_risk_adjusted_ranking,robust_return<=0; median_irr<=hurdle,306,False,-1.0699999999999998,-0.19375984175801358,0.005906708891435519,-0.95,1.0699999999999998,0.0,0.6,0.8,0.48,False,
ADM,Archer-Daniels-Midland Company,Consumer Defensive,Agricultural Farm Products,research_queue,step7_risk_adjusted_ranking,robust_return<=0; median_irr<=hurdle,144,False,-0.2925869564223103,-0.031025010652956538,-0.017082572763320033,-0.1725869564223103,0.2925869564223103,0.385,0.4707,1.0,0.4707,False,
CBRE,"CBRE Group, Inc.",Real Estate,Real Estate - Services,research_queue,step7_risk_adjusted_ranking,robust_return<=0; median_irr<=hurdle,262,False,-0.47927223715116274,-0.22436809207574698,-0.20879253059392794,-0.35927223715116274,0.47927223715116274,0.6907,0.6145470000000001,1.0,0.6145470000000001,False,
YUM,"Yum! Brands, Inc.",Consumer Cyclical,Restaurants,research_queue,step7_risk_adjusted_ranking,robust_return<=0; median_irr<=hurdle,62,False,-0.19383166481158695,0.0815422965170001,0.10250348992412912,-0.07383166481158696,0.19383166481158695,0.9664,0.8368,1.0,0.8368,False,
ED,"Consolidated Edison, Inc.",Utilities,Regulated Electric,research_queue,step7_risk_adjusted_ranking,robust_return<=0; median_irr<=hurdle,317,False,-1.0699999999999998,-0.35389757697412283,-0.20881493015913294,-0.95,1.0699999999999998,0.3231,0.64944,1.0,0.64944,True,bear
SYY,Sysco Corporation,Consumer Defensive,Food Distribution,research_queue,step7_risk_adjusted_ranking,robust_return<=0; median_irr<=hurdle,150,False,-0.2990303680114448,0.008160359057364994,0.03149344152770939,-0.1790303680114448,0.2990303680114448,0.8116,0.6612,1.0,0.6612,False,
KR,The Kroger Co.,Consumer Defensive,Grocery Stores,research_queue,step7_risk_adjusted_ranking,robust_return<=0; median_irr<=hurdle,293,False,-0.7414565673784818,-0.253824304875161,-0.16586030833423135,-0.6214565673784818,0.7414565673784818,0.6865,0.71073,1.0,0.71073,False,
KVUE,Kenvue Inc.,Consumer Defensive,Household & Personal Products,research_queue,step7_risk_adjusted_ranking,robust_return<=0; median_irr<=hurdle,201,False,-0.37443036509677763,-0.051458652556175336,-0.02430689067114141,-0.25443036509677763,0.37443036509677763,0.4329,0.7293,0.6499999999999999,0.4740449999999999,False,
EL,The Estée Lauder Companies Inc.,Consumer Defensive,Household & Personal Products,research_queue,step7_risk_adjusted_ranking,robust_return<=0; median_irr<=hurdle,289,False,-0.6929823635483624,-0.33955560876784147,-0.3017410065745936,-0.5729823635483624,0.6929823635483624,0.6571,0.54351,1.0,0.54351,False,
HIG,"The Hartford Insurance Group, Inc.",Financial Services,Insurance - Diversified,research_queue,step7_risk_adjusted_ranking,robust_return<=0; median_irr<=hurdle,46,False,-0.16944826468603236,0.05648506382648566,0.07373193369697617,-0.04944826468603236,0.16944826468603236,0.5437502218826495,0.6,0.8,0.48,False,
HSY,The Hershey Company,Consumer Defensive,Food Confectioners,research_queue,step7_risk_adjusted_ranking,robust_return<=0; median_irr<=hurdle,64,False,-0.19706169643497556,-0.020657595862576244,-0.022256397025193993,-0.07706169643497558,0.19706169643497556,0.8953,0.66339,1.0,0.66339,False,
EME,"EMCOR Group, Inc.",Industrials,Engineering & Construction,research_queue,step7_risk_adjusted_ranking,robust_return<=0; median_irr<=hurdle,187,False,-0.3532743138627847,-0.13516460752671258,-0.1303052190523885,-0.2332743138627847,0.3532743138627847,0.874,0.6561,0.85,0.557685,False,
PEG,Public Service Enterprise Group Incorporated,Utilities,Regulated Electric,research_queue,step7_risk_adjusted_ranking,robust_return<=0; median_irr<=hurdle,307,False,-1.0699999999999998,-0.20373008169990497,-0.03884860227117312,-0.95,1.0699999999999998,0.3191,0.5914,1.0,0.5914,True,bear
JBL,Jabil Inc.,Technology,"Hardware, Equipment & Parts",research_queue,step7_risk_adjusted_ranking,robust_return<=0; median_irr<=hurdle,226,False,-0.4082487901923013,-0.17326148006723086,-0.16670820257131705,-0.2882487901923013,0.4082487901923013,0.8832,0.6168600000000001,1.0,0.6168600000000001,False,
IRM,Iron Mountain Incorporated,Real Estate,REIT - Specialty,research_queue,step7_risk_adjusted_ranking,robust_return<=0; median_irr<=hurdle,122,False,-0.27720757840580623,-0.11205238869629217,-0.09700065879312081,-0.15720757840580624,0.27720757840580623,0.7082163382055789,0.6,0.8,0.48,False,
PCG,PG&E Corporation,Utilities,Regulated Electric,hard_filter_rejected,step2_hard_filters,persistent_negative_fcf;interest_coverage;excessive_leverage,,,,,,,,,,,,,
WEC,"WEC Energy Group, Inc.",Utilities,Regulated Electric,research_queue,step7_risk_adjusted_ranking,robust_return<=0; median_irr<=hurdle,326,False,-1.0699999999999998,-0.4297728338824527,-0.317071593675064,-0.95,1.0699999999999998,0.3272,0.6333300000000001,1.0,0.6333300000000001,True,bear
RMD,ResMed Inc.,Healthcare,Medical - Instruments & Supplies,research_queue,step7_risk_adjusted_ranking,robust_return<=0; median_irr<=hurdle,60,False,-0.19192040690279094,0.009907117197144572,0.01877349895657974,-0.07192040690279096,0.19192040690279094,0.9648,0.8899,0.7,0.62293,False,
MTB,M&T Bank Corporation,Financial Services,Banks - Regional,research_queue,step7_risk_adjusted_ranking,robust_return<=0; median_irr<=hurdle,75,False,-0.21842544419680932,0.004486161327716176,0.022376774188852755,-0.09842544419680932,0.21842544419680932,0.5332776206145858,0.6,0.8,0.48,False,
EQT,EQT Corporation,Energy,Oil & Gas Exploration & Production,hard_filter_rejected,step2_hard_filters,severe_dilution,,,,,,,,,,,,,
VMC,Vulcan Materials Company,Basic Materials,Construction Materials,research_queue,step7_risk_adjusted_ranking,robust_return<=0; median_irr<=hurdle,266,False,-0.4867034754384076,-0.18968060963743483,-0.16333532486751212,-0.3667034754384076,0.4867034754384076,0.3246,0.6708,1.0,0.6708,False,
RJF,"Raymond James Financial, Inc.",Financial Services,Asset Management,watchlist,step2_model_routing,asset_management_model_not_supported,,,,,,,,,,,,,
MTD,Mettler-Toledo International Inc.,Healthcare,Medical - Diagnostics & Research,research_queue,step7_risk_adjusted_ranking,robust_return<=0; median_irr<=hurdle,188,False,-0.35338545988699477,-0.16723427954157158,-0.16407651526387781,-0.23338545988699474,0.35338545988699477,0.9773,0.8542,1.0,0.8542,False,
CNC,Centene Corp.,Healthcare,Medical - Healthcare Plans,hard_filter_rejected,step2_hard_filters,interest_coverage;negative_ebitda_with_debt,,,,,,,,,,,,,
CCL,Carnival Corporation & plc,Consumer Cyclical,Travel Services,watchlist,step5_quality_risk,insufficient_model_confidence,,,,,,,,,0.3452,1.0,,,
ZTS,Zoetis Inc.,Healthcare,Drug Manufacturers - Specialty & Generic,research_queue,step7_risk_adjusted_ranking,robust_return<=0,17,False,-0.057562935453186664,0.144392935736687,0.15882207272807142,0.02769907386973503,0.09230092613026497,0.9836,0.8948,1.0,0.8948,False,
IR,Ingersoll Rand Inc.,Industrials,Industrial - Machinery,watchlist,step6_scenario_valuation,insufficient_post_valuation_model_confidence,,,,-0.23496171082806533,-0.15958307264372704,-0.6577359504939521,0.777735950493952,0.2498,0.34776,1.0,0.34776,False,
CCI,Crown Castle Inc.,Real Estate,REIT - Specialty,research_queue,step7_risk_adjusted_ranking,robust_return<=0; median_irr<=hurdle,57,False,-0.18855521455923996,-0.058941686983411234,-0.06855521455923996,-0.06855521455923996,0.18855521455923996,1.0,0.6,0.8,0.48,False,
MLM,"Martin Marietta Materials, Inc.",Basic Materials,Construction Materials,research_queue,step7_risk_adjusted_ranking,robust_return<=0; median_irr<=hurdle,286,False,-0.6028845551455744,-0.21957668596114674,-0.1706592579765129,-0.4828845551455744,0.6028845551455744,0.3032,0.56106,1.0,0.56106,False,
RDDT,"Reddit, Inc.",Communication Services,Internet Content & Information,hard_filter_rejected,step2_hard_filters,listing_age,,,,,,,,,,,,,
HPQ,HP Inc.,Technology,Computer Hardware,research_queue,step7_risk_adjusted_ranking,robust_return<=0; median_irr<=hurdle,23,False,-0.10597994195297357,0.03193759196437898,0.014020058047026425,0.014020058047026425,0.10597994195297357,0.9686,0.671733,1.0,0.671733,False,
TDY,Teledyne Technologies Incorporated,Technology,"Hardware, Equipment & Parts",research_queue,step7_risk_adjusted_ranking,robust_return<=0; median_irr<=hurdle,195,False,-0.36130131777201313,-0.11026735728410128,-0.0983536838626605,-0.24130131777201314,0.36130131777201313,0.6044,0.6355,1.0,0.6355,False,
EXR,Extra Space Storage Inc.,Real Estate,REIT - Industrial,hard_filter_rejected,step2_hard_filters,security_type,,,,,,,,,,,,,
KHC,The Kraft Heinz Company,Consumer Defensive,Packaged Foods,hard_filter_rejected,step2_hard_filters,interest_coverage;negative_ebitda_with_debt,,,,,,,,,,,,,
CFG,"Citizens Financial Group, Inc.",Financial Services,Banks - Regional,research_queue,step7_risk_adjusted_ranking,robust_return<=0; median_irr<=hurdle,219,False,-0.3946015375748837,-0.14125451389847174,-0.11692815961743608,-0.2746015375748837,0.3946015375748837,0.3740270165019692,0.6,0.8,0.48,False,
DG,Dollar General Corporation,Consumer Defensive,Discount Stores,research_queue,step7_risk_adjusted_ranking,robust_return<=0; median_irr<=hurdle,56,False,-0.1836780116881709,0.034829499242187034,0.033749584364704814,-0.06367801168817092,0.1836780116881709,0.6993,0.594783,1.0,0.594783,False,
AEE,Ameren Corporation,Utilities,Regulated Electric,hard_filter_rejected,step2_hard_filters,persistent_negative_fcf,,,,,,,,,,,,,
HAL,Halliburton Company,Energy,Oil & Gas Equipment & Services,research_queue,step7_risk_adjusted_ranking,robust_return<=0; median_irr<=hurdle,298,False,-0.8364668532088398,-0.11219804526772346,0.015020050411112635,-0.7164668532088398,0.8364668532088398,0.4582,0.4744,1.0,0.4744,False,
WSM,"Williams-Sonoma, Inc.",Consumer Cyclical,Specialty Retail,research_queue,step7_risk_adjusted_ranking,robust_return<=0; median_irr<=hurdle,181,False,-0.33708263357868423,-0.16542116598138817,-0.1670118696929421,-0.21708263357868424,0.33708263357868423,0.9245,0.7133,0.95,0.677635,False,
ATO,Atmos Energy Corporation,Utilities,Regulated Gas,research_queue,step7_risk_adjusted_ranking,robust_return<=0; median_irr<=hurdle,321,False,-1.0699999999999998,-0.3961860596013138,-0.2474286516255233,-0.95,1.0699999999999998,0.4808,0.59931,1.0,0.59931,True,bear
Q,"Qnity Electronics, Inc.",Technology,Semiconductors,hard_filter_rejected,step2_hard_filters,listing_age,,,,,,,,,,,,,
DGX,Quest Diagnostics Incorporated,Healthcare,Medical - Diagnostics & Research,research_queue,step7_risk_adjusted_ranking,robust_return<=0; median_irr<=hurdle,165,False,-0.3141325503954431,-0.10162680908106266,-0.10120251634798476,-0.19413255039544308,0.3141325503954431,0.7227,0.5625450000000001,1.0,0.5625450000000001,False,
WST,"West Pharmaceutical Services, Inc.",Healthcare,Medical - Instruments & Supplies,research_queue,step7_risk_adjusted_ranking,robust_return<=0; median_irr<=hurdle,225,False,-0.4076834041351684,-0.23338725293142482,-0.23276248299080174,-0.2876834041351684,0.4076834041351684,0.8395,0.5746140000000001,1.0,0.5746140000000001,False,
CPAY,"Corpay, Inc.",Technology,Software - Infrastructure,research_queue,step7_risk_adjusted_ranking,robust_return<=0; median_irr<=hurdle,58,False,-0.19126976536819706,0.0361126776217134,0.04809925104782453,-0.07126976536819707,0.19126976536819706,0.8328,0.8135,1.0,0.8135,False,
AWK,"American Water Works Company, Inc.",Utilities,Regulated Water,hard_filter_rejected,step2_hard_filters,persistent_negative_fcf,,,,,,,,,,,,,
VICI,VICI Properties Inc.,Real Estate,REIT - Diversified,eligible,step7_risk_adjusted_ranking,eligible,2,True,0.07975606100230292,0.25020084348759436,0.2861584604214644,0.14232799268598417,0.0,0.5526901211172447,0.6,0.8,0.48,False,
DOV,Dover Corporation,Industrials,Industrial - Machinery,research_queue,step7_risk_adjusted_ranking,robust_return<=0; median_irr<=hurdle,158,False,-0.30637994854361744,-0.13631116922624636,-0.1338392141304211,-0.18637994854361745,0.30637994854361744,0.7564,0.7209000000000001,1.0,0.7209000000000001,False,
LH,Labcorp Holdings Inc.,Healthcare,Medical - Diagnostics & Research,research_queue,step7_risk_adjusted_ranking,robust_return<=0; median_irr<=hurdle,285,False,-0.5993542175029869,-0.2219158787560445,-0.18311956912220917,-0.4793542175029869,0.5993542175029869,0.3945,0.5009850000000001,1.0,0.5009850000000001,False,
DTE,DTE Energy Company,Utilities,Regulated Electric,hard_filter_rejected,step2_hard_filters,persistent_negative_fcf;excessive_leverage,,,,,,,,,,,,,
LVS,Las Vegas Sands Corp.,Consumer Cyclical,"Gambling, Resorts & Casinos",research_queue,step7_risk_adjusted_ranking,robust_return<=0,299,False,-1.0564063105259238,-0.03137655459577218,0.15012785787694155,-0.95,1.0699999999999998,0.6937,0.4512,1.0,0.4512,True,bear
OTIS,Otis Worldwide Corporation,Industrials,Industrial - Machinery,research_queue,step7_risk_adjusted_ranking,robust_return<=0; median_irr<=hurdle,92,False,-0.24090537003241475,0.009576235731947262,0.02869306110078471,-0.12090537003241475,0.24090537003241475,0.9848,0.8050499999999999,1.0,0.8050499999999999,False,
FE,FirstEnergy Corp.,Utilities,Regulated Electric,hard_filter_rejected,step2_hard_filters,persistent_negative_fcf;excessive_leverage,,,,,,,,,,,,,
WRB,W. R. Berkley Corporation,Financial Services,Insurance - Property & Casualty,research_queue,step7_risk_adjusted_ranking,robust_return<=0; median_irr<=hurdle,65,False,-0.1976606443989729,0.009851504360753993,0.024319380497163756,-0.07766064439897291,0.1976606443989729,0.591938723218514,0.6,0.8,0.48,False,
HUBB,Hubbell Incorporated,Industrials,Electrical Equipment & Parts,research_queue,step7_risk_adjusted_ranking,robust_return<=0; median_irr<=hurdle,271,False,-0.5032588052318897,-0.19819406967508257,-0.17137243286124432,-0.3832588052318897,0.5032588052318897,0.7172,0.6909,0.85,0.5872649999999999,False,
EXPD,"Expeditors International of Washington, Inc.",Industrials,Integrated Freight & Logistics,research_queue,step7_risk_adjusted_ranking,robust_return<=0; median_irr<=hurdle,123,False,-0.2772618850739672,-0.04427273387846069,-0.038880243236781076,-0.15726188507396724,0.2772618850739672,0.9805,0.53073,0.95,0.5041935,False,
SW,Smurfit Westrock plc,Consumer Cyclical,Packaging & Containers,hard_filter_rejected,step2_hard_filters,adr_excluded,,,,,,,,,,,,,
CNP,"CenterPoint Energy, Inc.",Utilities,Regulated Electric,hard_filter_rejected,step2_hard_filters,persistent_negative_fcf;excessive_leverage,,,,,,,,,,,,,
PPL,PPL Corporation,Utilities,Regulated Electric,hard_filter_rejected,step2_hard_filters,persistent_negative_fcf,,,,,,,,,,,,,
XYL,Xylem Inc.,Industrials,Industrial - Machinery,hard_filter_rejected,step2_hard_filters,severe_dilution,,,,,,,,,,,,,
ES,Eversource Energy,Utilities,Regulated Electric,hard_filter_rejected,step2_hard_filters,persistent_negative_fcf,,,,,,,,,,,,,
PPG,"PPG Industries, Inc.",Basic Materials,Chemicals - Specialty,research_queue,step7_risk_adjusted_ranking,robust_return<=0; median_irr<=hurdle,121,False,-0.2751460953080095,0.0012263010372407998,0.018893774703610717,-0.1551460953080095,0.2751460953080095,0.748,0.7548,1.0,0.7548,False,
SYF,Synchrony Financial,Financial Services,Financial - Credit Services,watchlist,step2_model_routing,consumer_finance_model_not_supported,,,,,,,,,,,,,
VLTO,Veralto Corporation,Industrials,Industrial - Pollution & Treatment Controls,hard_filter_rejected,step2_hard_filters,listing_age,,,,,,,,,,,,,
RF,Regions Financial Corporation,Financial Services,Banks - Regional,research_queue,step7_risk_adjusted_ranking,robust_return<=0; median_irr<=hurdle,93,False,-0.24100504950123802,-0.02478273650332463,-0.008483612137999641,-0.12100504950123803,0.24100504950123802,0.5475608863520824,0.6,0.8,0.48,False,
TPL,Texas Pacific Land Corporation,Energy,Oil & Gas Exploration & Production,research_queue,step7_risk_adjusted_ranking,robust_return<=0; median_irr<=hurdle,124,False,-0.27789719138556385,-0.049131772821056026,-0.039662065298762136,-0.15789719138556385,0.27789719138556385,0.9816,0.6166,1.0,0.6166,False,
PHM,"PulteGroup, Inc.",Consumer Cyclical,Residential Construction,research_queue,step7_risk_adjusted_ranking,robust_return<=0; median_irr<=hurdle,32,False,-0.13875168516999106,0.06729999382368992,0.07723019244731408,-0.018751685169991077,0.13875168516999106,0.7443,0.6510600000000001,1.0,0.6510600000000001,False,
VMRK,Vivmark Residential,Real Estate,REIT - Residential,research_queue,step7_risk_adjusted_ranking,robust_return<=0,13,False,-0.032795595008741366,0.15345914264458999,0.17010091407391448,0.06315596623577968,0.056844033764220314,0.6192532727124083,0.6,0.8,0.48,False,
TPR,"Tapestry, Inc.",Consumer Cyclical,Luxury Goods,research_queue,step7_risk_adjusted_ranking,robust_return<=0; median_irr<=hurdle,202,False,-0.3744600129942409,-0.06777394668024497,-0.05245667640701865,-0.2544600129942409,0.3744600129942409,0.8206,0.6515,1.0,0.6515,False,
DRI,"Darden Restaurants, Inc.",Consumer Cyclical,Restaurants,research_queue,step7_risk_adjusted_ranking,robust_return<=0; median_irr<=hurdle,142,False,-0.2918781539413612,0.030737342700012993,0.05468851858167911,-0.17187815394136122,0.2918781539413612,0.7984,0.6235,1.0,0.6235,False,
CHD,"Church & Dwight Co., Inc.",Consumer Defensive,Household & Personal Products,research_queue,step7_risk_adjusted_ranking,robust_return<=0; median_irr<=hurdle,146,False,-0.29533968316856773,-0.12279186904488597,-0.12153988964273593,-0.17533968316856774,0.29533968316856773,0.7921,0.74259,1.0,0.74259,False,
KEY,KeyCorp,Financial Services,Banks - Regional,research_queue,step7_risk_adjusted_ranking,robust_return<=0; median_irr<=hurdle,264,False,-0.48545960973920177,-0.1080997517958544,-0.055685791177807364,-0.3654596097392018,0.48545960973920177,0.13699784466463635,0.6,0.8,0.48,False,
IFF,International Flavors & Fragrances Inc.,Basic Materials,Chemicals - Specialty,watchlist,step6_scenario_valuation,insufficient_post_valuation_model_confidence,,,,-0.5185311210952931,-0.5578330407326575,-0.95,1.0699999999999998,0.225,0.30861000000000005,1.0,0.30861000000000005,True,bear
RL,Ralph Lauren Corporation,Consumer Cyclical,Apparel - Manufacturers,research_queue,step7_risk_adjusted_ranking,robust_return<=0; median_irr<=hurdle,205,False,-0.37831363214529123,-0.11076454892718174,-0.10275626252841899,-0.25831363214529124,0.37831363214529123,0.8708,0.537,1.0,0.537,False,
L,Loews Corporation,Financial Services,Insurance - Property & Casualty,research_queue,step7_risk_adjusted_ranking,robust_return<=0; median_irr<=hurdle,104,False,-0.2523383483936683,-0.015563670932211643,0.004783443574916113,-0.13233834839366831,0.2523383483936683,0.48016407557828217,0.6,0.8,0.48,False,
GPN,Global Payments Inc.,Financial Services,Financial - Credit Services,watchlist,step2_model_routing,consumer_finance_model_not_supported,,,,,,,,,,,,,
NRG,"NRG Energy, Inc.",Utilities,Independent Power Producers,research_queue,step7_risk_adjusted_ranking,robust_return<=0; median_irr<=hurdle,302,False,-1.0699999999999998,-0.13171408491616599,0.01241242802352647,-0.95,1.0699999999999998,0.5741,0.39122999999999997,0.95,0.37166849999999996,True,bear
PKG,Packaging Corporation of America,Consumer Cyclical,Packaging & Containers,research_queue,step7_risk_adjusted_ranking,robust_return<=0; median_irr<=hurdle,153,False,-0.30313944004767107,-0.11635210682070463,-0.11690014445339325,-0.18313944004767108,0.30313944004767107,0.76,0.70866,1.0,0.70866,False,
BG,Bunge Global S.A.,Consumer Defensive,Agricultural Farm Products,hard_filter_rejected,step2_hard_filters,excessive_leverage,,,,,,,,,,,,,
OMC,Omnicom Group Inc.,Communication Services,Advertising Agencies,eligible,step7_risk_adjusted_ranking,eligible,1,True,0.1143969556863357,0.2864485385740409,0.2941869875299745,0.1843014710000716,0.0,0.8263,0.656748,1.0,0.656748,False,
LUV,Southwest Airlines Co.,Industrials,"Airlines, Airports & Air Services",hard_filter_rejected,step2_hard_filters,persistent_negative_fcf,,,,,,,,,,,,,
LEN,Lennar Corporation,Consumer Cyclical,Residential Construction,research_queue,step7_risk_adjusted_ranking,robust_return<=0; median_irr<=hurdle,34,False,-0.14701234905980523,0.09629906913323796,0.11558262984035536,-0.02701234905980524,0.14701234905980523,0.4381,0.44512740000000006,1.0,0.44512740000000006,False,
STE,STERIS plc,Healthcare,Medical - Specialties,research_queue,step7_risk_adjusted_ranking,robust_return<=0; median_irr<=hurdle,173,False,-0.3207062061631586,-0.10233332331990819,-0.09352912981121332,-0.2007062061631586,0.3207062061631586,0.4443,0.6272099999999999,1.0,0.6272099999999999,False,
BRO,"Brown & Brown, Inc.",Financial Services,Insurance - Brokers,research_queue,step7_risk_adjusted_ranking,robust_return<=0; median_irr<=hurdle,50,False,-0.17512701895012817,0.05560856673015355,0.07374459465126848,-0.05512701895012817,0.17512701895012817,0.5276697514817059,0.6,0.8,0.48,False,
EIX,Edison International,Utilities,Regulated Electric,hard_filter_rejected,step2_hard_filters,persistent_negative_fcf,,,,,,,,,,,,,
DOW,Dow Inc.,Basic Materials,Chemicals,hard_filter_rejected,step2_hard_filters,interest_coverage,,,,,,,,,,,,,
CMS,CMS Energy Corporation,Utilities,Regulated Electric,hard_filter_rejected,step2_hard_filters,persistent_negative_fcf;excessive_leverage,,,,,,,,,,,,,
AMCR,Amcor plc,Consumer Cyclical,Packaging & Containers,hard_filter_rejected,step2_hard_filters,adr_excluded,,,,,,,,,,,,,
STZ,"Constellation Brands, Inc.",Consumer Defensive,Beverages - Alcoholic,research_queue,step7_risk_adjusted_ranking,robust_return<=0,28,False,-0.12262755200980593,0.12425353745347825,0.14296639570966369,-0.02267262218520042,0.1426726221852004,0.8246,0.8728,1.0,0.8728,False,
SNA,Snap-on Incorporated,Industrials,Manufacturing - Tools & Accessories,research_queue,step7_risk_adjusted_ranking,robust_return<=0; median_irr<=hurdle,49,False,-0.173396612976212,0.025657097233124693,0.03310865317762367,-0.053396612976212024,0.173396612976212,0.9051,0.8199,0.7,0.5739299999999999,False,
BBY,"Best Buy Co., Inc.",Consumer Cyclical,Specialty Retail,research_queue,step7_risk_adjusted_ranking,robust_return<=0; median_irr<=hurdle,78,False,-0.22356580424122507,-0.07620926675299414,-0.07619759965455157,-0.10356580424122509,0.22356580424122507,0.9551,0.656829,1.0,0.656829,False,
BR,"Broadridge Financial Solutions, Inc.",Technology,Information Technology Services,research_queue,step7_risk_adjusted_ranking,robust_return<=0; median_irr<=hurdle,98,False,-0.248085006432957,-0.013966265493218069,0.000358842295827372,-0.128085006432957,0.248085006432957,0.8598,0.79254,1.0,0.79254,False,
NI,NiSource Inc,Utilities,Regulated Gas,hard_filter_rejected,step2_hard_filters,persistent_negative_fcf,,,,,,,,,,,,,
LYB,LyondellBasell Industries N.V.,Basic Materials,Chemicals - Specialty,hard_filter_rejected,step2_hard_filters,adr_excluded,,,,,,,,,,,,,
FICO,Fair Isaac Corporation,Technology,Software - Application,research_queue,step7_risk_adjusted_ranking,robust_return<=0; median_irr<=hurdle,190,False,-0.3566715592157561,-0.07709982918859165,-0.05512191914676802,-0.23667155921575608,0.3566715592157561,0.9176,0.69795,1.0,0.69795,False,
IP,International Paper Company,Basic Materials,"Paper, Lumber & Forest Products",hard_filter_rejected,step2_hard_filters,interest_coverage;excessive_leverage;severe_dilution,,,,,,,,,,,,,
FIS,"Fidelity National Information Services, Inc.",Technology,Information Technology Services,research_queue,step7_risk_adjusted_ranking,robust_return<=0; median_irr<=hurdle,311,False,-1.0699999999999998,-0.2551654492213856,-0.09197951649548483,-0.95,1.0699999999999998,0.3655,0.47069099999999997,1.0,0.47069099999999997,True,bear
TSN,"Tyson Foods, Inc.",Consumer Defensive,Agricultural Farm Products,research_queue,step7_risk_adjusted_ranking,robust_return<=0,26,False,-0.1118681156756458,0.1285202883620514,0.12701295171864335,0.004091919201891897,0.1159080807981081,0.6055,0.576072,1.0,0.576072,False,
GIS,"General Mills, Inc.",Consumer Defensive,Packaged Foods,research_queue,step7_risk_adjusted_ranking,robust_return<=0,16,False,-0.05516193353210351,0.16870268633356322,0.19016718782950195,0.012842075270600646,0.10715792472939935,0.8024,0.8718,0.85,0.74103,False,
GPC,Genuine Parts Company,Consumer Cyclical,Auto - Parts,research_queue,step7_risk_adjusted_ranking,robust_return<=0; median_irr<=hurdle,140,False,-0.2902868125750683,-0.08825065552009616,-0.08797408915415869,-0.17028681257506828,0.2902868125750683,0.7121,0.7065,1.0,0.7065,False,
DD,"DuPont de Nemours, Inc.",Basic Materials,Chemicals,research_queue,step7_risk_adjusted_ranking,robust_return<=0; median_irr<=hurdle,288,False,-0.6575753563363104,-0.2992345951563038,-0.24951912786345926,-0.5375753563363104,0.6575753563363104,0.4309,0.43375500000000006,0.7,0.3036285,False,
CF,"CF Industries Holdings, Inc.",Basic Materials,Agricultural Inputs,research_queue,step7_risk_adjusted_ranking,robust_return<=0,9,False,-0.014679896905326131,0.293365220137639,0.3210926110798028,0.03200374802108856,0.08799625197891144,0.8943,0.36459,1.0,0.36459,False,
ZBH,"Zimmer Biomet Holdings, Inc.",Healthcare,Medical - Devices,research_queue,step7_risk_adjusted_ranking,robust_return<=0; median_irr<=hurdle,304,False,-1.0699999999999998,-0.17799526333983517,0.006905896519310799,-0.95,1.0699999999999998,0.2145,0.51543,1.0,0.51543,True,bear
ESS,"Essex Property Trust, Inc.",Real Estate,REIT - Residential,research_queue,step7_risk_adjusted_ranking,robust_return<=0; median_irr<=hurdle,114,False,-0.26817044445655114,-0.12228931816676877,-0.12867862148780307,-0.14817044445655114,0.26817044445655114,0.8930415655765375,0.6,0.8,0.48,False,
EFX,Equifax Inc.,Industrials,Consulting Services,research_queue,step7_risk_adjusted_ranking,robust_return<=0; median_irr<=hurdle,316,False,-1.0699999999999998,-0.3537560608507192,-0.20515904287458397,-0.95,1.0699999999999998,0.3644,0.529011,1.0,0.529011,True,bear
BEN,"Franklin Resources, Inc.",Financial Services,Asset Management,watchlist,step2_model_routing,asset_management_model_not_supported,,,,,,,,,,,,,
NVR,"NVR, Inc.",Consumer Cyclical,Residential Construction,research_queue,step7_risk_adjusted_ranking,robust_return<=0; median_irr<=hurdle,53,False,-0.1777326345451183,0.04137568548396761,0.0489990644353384,-0.05773263454511831,0.1777326345451183,0.9453,0.67887,1.0,0.67887,False,
IEX,IDEX Corporation,Industrials,Industrial - Machinery,research_queue,step7_risk_adjusted_ranking,robust_return<=0; median_irr<=hurdle,163,False,-0.3130926224886207,-0.14395519192112255,-0.14205669127113646,-0.1930926224886207,0.3130926224886207,0.7587,0.73233,1.0,0.73233,False,
FTV,Fortive Corporation,Technology,"Hardware, Equipment & Parts",research_queue,step7_risk_adjusted_ranking,robust_return<=0; median_irr<=hurdle,279,False,-0.5447394272126257,-0.2331280657264869,-0.1977220427710562,-0.4247394272126257,0.5447394272126257,0.5398,0.5184000000000001,1.0,0.5184000000000001,False,
FDXF,"FedEx Freight Holding Company, Inc.",Industrials,Integrated Freight & Logistics,hard_filter_rejected,step2_hard_filters,listing_age,,,,,,,,,,,,,
RVTY,"Revvity, Inc.",Healthcare,Medical - Diagnostics & Research,research_queue,step7_risk_adjusted_ranking,robust_return<=0; median_irr<=hurdle,330,False,-1.0699999999999998,-0.4735920789156808,-0.3682325788860908,-0.95,1.0699999999999998,0.2554,0.46125,1.0,0.46125,True,bear
J,Jacobs Solutions Inc.,Industrials,Engineering & Construction,research_queue,step7_risk_adjusted_ranking,robust_return<=0; median_irr<=hurdle,318,False,-1.0699999999999998,-0.3728793933114502,-0.2215285464946646,-0.95,1.0699999999999998,0.4024,0.5189400000000001,1.0,0.5189400000000001,True,bear
INVH,Invitation Homes Inc.,Real Estate,REIT - Residential,research_queue,step7_risk_adjusted_ranking,robust_return<=0,19,False,-0.07452540051599438,0.11501045038123331,0.1416536516035427,0.035080846714305114,0.08491915328569488,0.6126317654353796,0.6,0.8,0.48,False,
LDOS,"Leidos Holdings, Inc.",Technology,Information Technology Services,research_queue,step7_risk_adjusted_ranking,robust_return<=0,61,False,-0.19202079158324664,0.11355571362219055,0.14107111720368273,-0.08684305826900524,0.20684305826900523,0.7812,0.70344,1.0,0.70344,False,
SOLV,Solventum Corporation,Healthcare,Medical - Instruments & Supplies,hard_filter_rejected,step2_hard_filters,listing_age,,,,,,,,,,,,,
KIM,Kimco Realty Corporation,Real Estate,REIT - Retail,research_queue,step7_risk_adjusted_ranking,robust_return<=0; median_irr<=hurdle,47,False,-0.17078467333520964,0.010836691753196764,0.004844287805027436,-0.05078467333520964,0.17078467333520964,0.7521940086286855,0.6,0.8,0.48,False,
BALL,Ball Corporation,Consumer Cyclical,Packaging & Containers,research_queue,step7_risk_adjusted_ranking,robust_return<=0; median_irr<=hurdle,213,False,-0.38486448465147977,-0.06862975832773366,-0.03968082318315279,-0.26486448465147977,0.38486448465147977,0.6775,0.5349240000000001,1.0,0.5349240000000001,False,
EG,"Everest Group, Ltd.",Financial Services,Insurance - Reinsurance,hard_filter_rejected,step2_hard_filters,adr_excluded,,,,,,,,,,,,,
ROL,"Rollins, Inc.",Industrials,Specialty Business Services,research_queue,step7_risk_adjusted_ranking,robust_return<=0; median_irr<=hurdle,91,False,-0.2401027290197089,-0.038870579423382845,-0.02971081119030711,-0.12010272901970889,0.2401027290197089,0.9566,0.9193,1.0,0.9193,False,
WY,Weyerhaeuser Company,Real Estate,REIT - Specialty,research_queue,step7_risk_adjusted_ranking,robust_return<=0; median_irr<=hurdle,66,False,-0.19847499125524837,-0.06863681432894994,-0.07847499125524837,-0.07847499125524837,0.19847499125524837,1.0,0.6,0.8,0.48,False,
CRL,"Charles River Laboratories International, Inc.",Healthcare,Medical - Diagnostics & Research,research_queue,step7_risk_adjusted_ranking,robust_return<=0; median_irr<=hurdle,329,False,-1.0699999999999998,-0.46928693809240934,-0.35195179513102626,-0.95,1.0699999999999998,0.4019,0.5470740000000001,0.7,0.3829518,True,bear
DOC,"Healthpeak Properties, Inc.",Real Estate,REIT - Healthcare Facilities,research_queue,step7_risk_adjusted_ranking,robust_return<=0; median_irr<=hurdle,79,False,-0.2236209782415446,-0.09444622004918868,-0.10362097824154459,-0.10362097824154459,0.2236209782415446,1.0,0.6,0.8,0.48,False,
SWK,"Stanley Black & Decker, Inc.",Industrials,Manufacturing - Tools & Accessories,research_queue,step7_risk_adjusted_ranking,robust_return<=0; median_irr<=hurdle,131,False,-0.2835708333342336,0.007505799470527586,0.03400092490483079,-0.1635708333342336,0.2835708333342336,0.5948,0.6564,1.0,0.6564,False,
MAA,"Mid-America Apartment Communities, Inc.",Real Estate,REIT - Residential,research_queue,step7_risk_adjusted_ranking,robust_return<=0; median_irr<=hurdle,69,False,-0.21028563897471986,-0.07976233553281226,-0.09028563897471986,-0.09028563897471986,0.21028563897471986,1.0,0.6,0.8,0.48,False,
IVZ,Invesco Ltd.,Financial Services,Asset Management,watchlist,step2_model_routing,asset_management_model_not_supported,,,,,,,,,,,,,
TKO,"TKO Group Holdings, Inc.",Communication Services,Entertainment,hard_filter_rejected,step2_hard_filters,severe_dilution,,,,,,,,,,,,,
MAS,Masco Corporation,Basic Materials,Construction Materials,research_queue,step7_risk_adjusted_ranking,robust_return<=0; median_irr<=hurdle,113,False,-0.2657440038502681,-0.1292683920604758,-0.13624656931497148,-0.14574400385026812,0.2657440038502681,0.9855,0.695547,0.7,0.4868829,False,
TYL,"Tyler Technologies, Inc.",Technology,Software - Application,research_queue,step7_risk_adjusted_ranking,robust_return<=0; median_irr<=hurdle,200,False,-0.3744197559196618,-0.18319587841615428,-0.17978965863294433,-0.2544197559196618,0.3744197559196618,0.7193,0.6356700000000001,1.0,0.6356700000000001,False,
TXT,Textron Inc.,Industrials,Aerospace & Defense,research_queue,step7_risk_adjusted_ranking,robust_return<=0; median_irr<=hurdle,112,False,-0.2656645716622005,-0.013977512110432098,-0.0009550369228236097,-0.1456645716622005,0.2656645716622005,0.6198,0.61506,1.0,0.61506,False,
ALLE,Allegion plc,Industrials,Security & Protection Services,hard_filter_rejected,step2_hard_filters,adr_excluded,,,,,,,,,,,,,
AIZ,"Assurant, Inc.",Financial Services,Insurance - Property & Casualty,research_queue,step7_risk_adjusted_ranking,robust_return<=0; median_irr<=hurdle,133,False,-0.2843904608729676,-0.020823934215130402,0.0028463204907023254,-0.1643904608729676,0.2843904608729676,0.40164745438666344,0.6,0.8,0.48,False,
AVY,Avery Dennison Corporation,Consumer Cyclical,Packaging & Containers,research_queue,step7_risk_adjusted_ranking,robust_return<=0; median_irr<=hurdle,84,False,-0.23266128396382552,-0.04372217486088626,-0.03656482521037101,-0.11266128396382552,0.23266128396382552,0.8474,0.828,1.0,0.828,False,
GL,Globe Life Inc.,Financial Services,Insurance - Life,research_queue,step7_risk_adjusted_ranking,robust_return<=0; median_irr<=hurdle,37,False,-0.15589399875787535,0.0694545260617506,0.08634699658414524,-0.035893998757875356,0.15589399875787535,0.5505301281256515,0.6,0.8,0.48,False,
ALB,Albemarle Corporation,Basic Materials,Chemicals - Specialty,hard_filter_rejected,step2_hard_filters,interest_coverage,,,,,,,,,,,,,
SJM,The J. M. Smucker Company,Consumer Defensive,Packaged Foods,research_queue,step7_risk_adjusted_ranking,robust_return<=0; median_irr<=hurdle,305,False,-1.0699999999999998,-0.1884703674295451,0.010649881296558335,-0.95,1.0699999999999998,0.357,0.6972,1.0,0.6972,True,bear
LII,Lennox International Inc.,Industrials,Industrial - Machinery,research_queue,step7_risk_adjusted_ranking,robust_return<=0; median_irr<=hurdle,147,False,-0.29581176394742215,-0.07883487180697554,-0.07023519901558753,-0.17581176394742215,0.29581176394742215,0.9501,0.7937,1.0,0.7937,False,
MKC,"McCormick & Company, Incorporated",Consumer Defensive,Packaged Foods,research_queue,step7_risk_adjusted_ranking,robust_return<=0,38,False,-0.15635680438077817,0.10781803214631511,0.12704392180312427,-0.04234132034471255,0.16234132034471255,0.7295,0.8496,1.0,0.8496,False,
GDDY,GoDaddy Inc.,Technology,Software - Infrastructure,research_queue,step7_risk_adjusted_ranking,robust_return<=0; median_irr<=hurdle,230,False,-0.4135949423001148,-0.07247902044327928,-0.0391998919076286,-0.2935949423001148,0.4135949423001148,0.7323,0.613494,1.0,0.613494,False,
IT,"Gartner, Inc.",Technology,Information Technology Services,research_queue,step7_risk_adjusted_ranking,robust_return<=0; median_irr<=hurdle,59,False,-0.19139809855725615,0.07692053723512804,0.09173151827417318,-0.07139809855725615,0.19139809855725615,0.9097,0.601344,1.0,0.601344,False,
GNRC,Generac Holdings Inc.,Industrials,Industrial - Machinery,research_queue,step7_risk_adjusted_ranking,robust_return<=0; median_irr<=hurdle,250,False,-0.4577951709291665,-0.20955771331864523,-0.20461675387923603,-0.3377951709291665,0.4577951709291665,0.5485,0.407673,1.0,0.407673,False,
BF-B,Brown-Forman Corporation,Consumer Defensive,Beverages - Wineries & Distilleries,research_queue,step7_risk_adjusted_ranking,robust_return<=0; median_irr<=hurdle,44,False,-0.16688970481511203,0.0007847990957089036,0.011578712868504253,-0.04688970481511203,0.16688970481511203,0.8465,0.680157,1.0,0.680157,False,
BAX,Baxter International Inc.,Healthcare,Medical - Instruments & Supplies,hard_filter_rejected,step2_hard_filters,interest_coverage;excessive_leverage,,,,,,,,,,,,,
DVA,DaVita Inc.,Healthcare,Medical - Care Facilities,research_queue,step7_risk_adjusted_ranking,robust_return<=0; median_irr<=hurdle,243,False,-0.4376759212306934,-0.08270236265307174,-0.04053019749699156,-0.3176759212306934,0.4376759212306934,0.7799,0.8726,0.7,0.61082,False,
PNW,Pinnacle West Capital Corporation,Utilities,Regulated Electric,hard_filter_rejected,step2_hard_filters,persistent_negative_fcf;excessive_leverage,,,,,,,,,,,,,
UDR,"UDR, Inc.",Real Estate,REIT - Residential,research_queue,step7_risk_adjusted_ranking,robust_return<=0,10,False,-0.022610388021914757,0.16136229504697225,0.19462681278166816,0.06156874184288452,0.05843125815711547,0.5540887346787936,0.6,0.8,0.48,False,
HRL,Hormel Foods Corporation,Consumer Defensive,Packaged Foods,research_queue,step7_risk_adjusted_ranking,robust_return<=0; median_irr<=hurdle,39,False,-0.15669162620790297,0.03144658115925271,0.02851204923354092,-0.03669162620790298,0.15669162620790297,0.6897,0.601344,1.0,0.601344,False,
UHS,"Universal Health Services, Inc.",Healthcare,Medical - Care Facilities,eligible,step7_risk_adjusted_ranking,eligible,3,True,0.0608196092931763,0.22935898869181987,0.24601845925790258,0.0845969545422122,0.0354030454577878,0.7723,0.76356,1.0,0.76356,False,
DECK,Deckers Outdoor Corporation,Consumer Cyclical,Apparel - Footwear & Accessories,research_queue,step7_risk_adjusted_ranking,robust_return<=0,11,False,-0.02874596454792331,0.15585911086236595,0.16578406186308717,0.05702037671580914,0.06297962328419085,0.9553,0.74772,1.0,0.74772,False,
AES,The AES Corporation,Utilities,Diversified Utilities,hard_filter_rejected,step2_hard_filters,persistent_negative_fcf;interest_coverage;excessive_leverage,,,,,,,,,,,,,
HII,"Huntington Ingalls Industries, Inc.",Industrials,Aerospace & Defense,research_queue,step7_risk_adjusted_ranking,robust_return<=0; median_irr<=hurdle,117,False,-0.26962735366425467,-0.027488907888618946,-0.016863176948390873,-0.14962735366425467,0.26962735366425467,0.6446,0.65925,1.0,0.65925,False,
CLX,The Clorox Company,Consumer Defensive,Household & Personal Products,research_queue,step7_risk_adjusted_ranking,robust_return<=0; median_irr<=hurdle,137,False,-0.2871268961858004,0.06713971857097936,0.10260815424844627,-0.1671268961858004,0.2871268961858004,0.9146,0.7601,1.0,0.7601,False,
BXP,"BXP, Inc.",Real Estate,REIT - Office,eligible,step7_risk_adjusted_ranking,eligible,8,True,0.021721415578118686,0.17368947190628176,0.1966017746218287,0.1049525637596409,0.015047436240359091,0.6713824068144927,0.6,0.8,0.48,False,
CPT,Camden Property Trust,Real Estate,REIT - Residential,eligible,step7_risk_adjusted_ranking,eligible,7,True,0.02594858224711761,0.1887247296775223,0.21878981605673475,0.09852947053988492,0.021470529460115073,0.5948596048135492,0.6,0.8,0.48,False,
FDS,FactSet Research Systems Inc.,Financial Services,Financial - Data & Stock Exchanges,watchlist,step2_model_routing,financial_sector_model_not_supported,,,,,,,,,,,,,
FRT,Federal Realty Investment Trust,Real Estate,REIT - Retail,research_queue,step7_risk_adjusted_ranking,robust_return<=0; median_irr<=hurdle,27,False,-0.11392570700794769,0.07632623580679282,0.09974355007837299,0.00607429299205231,0.11392570700794769,0.6407566806853326,0.6,0.8,0.48,False,
APTV,Aptiv PLC,Consumer Cyclical,Auto - Parts,hard_filter_rejected,step2_hard_filters,adr_excluded,,,,,,,,,,,,,
ARE,"Alexandria Real Estate Equities, Inc.",Real Estate,REIT - Office,eligible,step7_risk_adjusted_ranking,eligible,4,True,0.05774707149974423,0.21905722487809404,0.24030639895780048,0.1553097026389747,0.0,0.7012085161359781,0.6,0.8,0.48,False,
PNR,Pentair plc,Industrials,Industrial - Machinery,hard_filter_rejected,step2_hard_filters,adr_excluded,,,,,,,,,,,,,
MGM,MGM Resorts International,Consumer Cyclical,"Gambling, Resorts & Casinos",hard_filter_rejected,step2_hard_filters,excessive_leverage,,,,,,,,,,,,,
AOS,A. O. Smith Corporation,Industrials,Industrial - Machinery,research_queue,step7_risk_adjusted_ranking,robust_return<=0; median_irr<=hurdle,68,False,-0.2091440503764897,-0.005990800648578411,0.00014697951264682233,-0.08914405037648972,0.2091440503764897,0.9212,0.8124,1.0,0.8124,False,
MOS,The Mosaic Company,Basic Materials,Agricultural Inputs,watchlist,step5_quality_risk,insufficient_model_confidence,,,,,,,,,0.3277,0.7,,,
NCLH,Norwegian Cruise Line Holdings Ltd.,Consumer Cyclical,Travel Services,hard_filter_rejected,step2_hard_filters,interest_coverage,,,,,,,,,,,,,
NVDA,NVIDIA Corporation,Technology,Semiconductors,watchlist,step6_scenario_valuation,insufficient_post_valuation_model_confidence,,,,-0.16855872036758227,-0.1622967828530818,-0.3187786854745355,0.43877868547453547,0.8597,0.3443796,1.0,0.3443796,False,
AAPL,Apple Inc.,Technology,Consumer Electronics,research_queue,step7_risk_adjusted_ranking,robust_return<=0; median_irr<=hurdle,179,False,-0.33519925218017305,-0.14256326750146395,-0.1386128551384899,-0.21519925218017305,0.33519925218017305,0.9712,0.69435,0.95,0.6596325,False,
GOOG,Alphabet Inc.,Communication Services,Internet Content & Information,research_queue,step7_risk_adjusted_ranking,robust_return<=0; median_irr<=hurdle,128,False,-0.28129383342631625,-0.08199429613232494,-0.07516961890942181,-0.16129383342631626,0.28129383342631625,0.9194,0.7369,1.0,0.7369,False,
MSFT,Microsoft Corporation,Technology,Software - Infrastructure,research_queue,step7_risk_adjusted_ranking,robust_return<=0; median_irr<=hurdle,115,False,-0.2688909080304438,-0.08740335236070673,-0.08148293991689565,-0.1488909080304438,0.2688909080304438,0.9713,0.8924,1.0,0.8924,False,
AMZN,"Amazon.com, Inc.",Consumer Cyclical,Specialty Retail,research_queue,step7_risk_adjusted_ranking,robust_return<=0; median_irr<=hurdle,270,False,-0.5031314063310857,-0.2568951447952713,-0.24067491072346453,-0.3831314063310856,0.5031314063310857,0.6115,0.6497,0.85,0.552245,False,
SPCX,Space Exploration Technologies Corp.,Industrials,Aerospace & Defense,hard_filter_rejected,step2_hard_filters,security_type;listing_age,,,,,,,,,,,,,
META,"Meta Platforms, Inc.",Communication Services,Internet Content & Information,research_queue,step7_risk_adjusted_ranking,robust_return<=0; median_irr<=hurdle,63,False,-0.19513974555331512,0.024673052869911803,0.036419241620751594,-0.07513974555331512,0.19513974555331512,0.9441,0.7473,1.0,0.7473,False,
AVGO,Broadcom Inc.,Technology,Semiconductors,research_queue,step7_risk_adjusted_ranking,robust_return<=0; median_irr<=hurdle,253,False,-0.461267808759585,-0.23110933084099083,-0.21814894332346738,-0.341267808759585,0.461267808759585,0.7179,0.55899,1.0,0.55899,False,
TSLA,"Tesla, Inc.",Consumer Cyclical,Auto - Manufacturers,watchlist,step6_scenario_valuation,insufficient_post_valuation_model_confidence,,,,-0.39097417470511564,-0.39425005722005146,-0.4790378437777689,0.5990378437777689,0.2153,0.25726410000000005,1.0,0.25726410000000005,False,
MU,"Micron Technology, Inc.",Technology,Semiconductors,research_queue,step7_risk_adjusted_ranking,robust_return<=0; median_irr<=hurdle,277,False,-0.5107248228544631,-0.1956815203094265,-0.1829300411685835,-0.3907248228544631,0.5107248228544631,0.6493,0.35842500000000005,0.85,0.30466125000000005,False,
AMD,"Advanced Micro Devices, Inc.",Technology,Semiconductors,watchlist,step6_scenario_valuation,insufficient_post_valuation_model_confidence,,,,-0.43202139269978934,-0.42714033209922486,-0.5327029678337567,0.6527029678337567,0.3728,0.27235440000000005,1.0,0.27235440000000005,False,
WMT,Walmart Inc.,Consumer Defensive,Discount Stores,research_queue,step7_risk_adjusted_ranking,robust_return<=0; median_irr<=hurdle,180,False,-0.3370070182182826,-0.15202233377931404,-0.1467551286856178,-0.2170070182182826,0.3370070182182826,0.8445,0.908,1.0,0.908,False,
ASML,ASML Holding N.V.,Technology,Semiconductors,hard_filter_rejected,step2_hard_filters,adr_excluded,,,,,,,,,,,,,
INTC,Intel Corp.,Technology,Semiconductors,hard_filter_rejected,step2_hard_filters,persistent_negative_fcf;interest_coverage,,,,,,,,,,,,,
PLTR,Palantir Technologies Inc.,Technology,Software - Infrastructure,hard_filter_rejected,step2_hard_filters,severe_dilution,,,,,,,,,,,,,
CSCO,"Cisco Systems, Inc.",Technology,Communication Equipment,research_queue,step7_risk_adjusted_ranking,robust_return<=0; median_irr<=hurdle,155,False,-0.30439536883961404,-0.13691667163948287,-0.13399684028699985,-0.18439536883961402,0.30439536883961404,0.8881,0.8427,1.0,0.8427,False,
COST,Costco Wholesale Corporation,Consumer Defensive,Discount Stores,normalization_rejected,step4_normalized_model,normalization_failed,,,,,,,,,,,,,
LRCX,Lam Research Corporation,Technology,Semiconductors,research_queue,step7_risk_adjusted_ranking,robust_return<=0; median_irr<=hurdle,223,False,-0.3979902563866926,-0.21776304782433725,-0.21663441964919913,-0.2779902563866926,0.3979902563866926,0.9711,0.5431860000000001,1.0,0.5431860000000001,False,
AMAT,"Applied Materials, Inc.",Technology,Semiconductors,research_queue,step7_risk_adjusted_ranking,robust_return<=0; median_irr<=hurdle,199,False,-0.37229322892191696,-0.20288372975319355,-0.2032123993776621,-0.25229322892191697,0.37229322892191696,0.9754,0.7426,1.0,0.7426,False,
ARM,Arm Holdings plc American Depositary Shares,Technology,Semiconductors,hard_filter_rejected,step2_hard_filters,adr_excluded,,,,,,,,,,,,,
PANW,"Palo Alto Networks, Inc.",Technology,Software - Infrastructure,research_queue,step7_risk_adjusted_ranking,robust_return<=0; median_irr<=hurdle,291,False,-0.7228849793532571,-0.46612407251777765,-0.44138612858587295,-0.6028849793532571,0.7228849793532571,0.1688,0.57618,0.95,0.547371,False,
NFLX,"Netflix, Inc.",Communication Services,Entertainment,research_queue,step7_risk_adjusted_ranking,robust_return<=0; median_irr<=hurdle,183,False,-0.34315338074695323,-0.1269959513796493,-0.12059579041670074,-0.2231533807469532,0.34315338074695323,0.8511,0.64287,1.0,0.64287,False,
SNDK,Sandisk Corporation,Technology,Computer Hardware,normalization_rejected,step4_normalized_model,no_normalized_earnings,,,,,,,,,,,,,
CRWD,"CrowdStrike Holdings, Inc.",Technology,Software - Infrastructure,normalization_rejected,step4_normalized_model,no_normalized_earnings,,,,,,,,,,,,,
TXN,Texas Instruments Incorporated,Technology,Semiconductors,research_queue,step7_risk_adjusted_ranking,robust_return<=0; median_irr<=hurdle,216,False,-0.39068106111255474,-0.2086691980835894,-0.20604471388360251,-0.27068106111255474,0.39068106111255474,0.9423,0.575748,1.0,0.575748,False,
KLAC,KLA Corporation,Technology,Semiconductors,research_queue,step7_risk_adjusted_ranking,robust_return<=0; median_irr<=hurdle,209,False,-0.3809667087468551,-0.19646877651175598,-0.19336044280207715,-0.2609667087468551,0.3809667087468551,0.9669,0.68265,1.0,0.68265,False,
MRVL,"Marvell Technology, Inc.",Technology,Semiconductors,normalization_rejected,step4_normalized_model,no_normalized_earnings,,,,,,,,,,,,,
AMGN,Amgen Inc.,Healthcare,Drug Manufacturers - General,research_queue,step7_risk_adjusted_ranking,robust_return<=0; median_irr<=hurdle,149,False,-0.29680641716578976,-0.047007495902289496,-0.03305144478799772,-0.17680641716578976,0.29680641716578976,0.847,0.7706,0.7,0.5394199999999999,False,
LIN,Linde plc,Basic Materials,Chemicals - Specialty,hard_filter_rejected,step2_hard_filters,adr_excluded,,,,,,,,,,,,,
QCOM,QUALCOMM Incorporated,Technology,Semiconductors,research_queue,step7_risk_adjusted_ranking,robust_return<=0; median_irr<=hurdle,174,False,-0.32315382778062485,-0.0779074716097966,-0.06939713335013944,-0.20315382778062482,0.32315382778062485,0.8592,0.5378,1.0,0.5378,False,
STX,Seagate Technology Holdings plc,Technology,Computer Hardware,hard_filter_rejected,step2_hard_filters,adr_excluded,,,,,,,,,,,,,
ADI,"Analog Devices, Inc.",Technology,Semiconductors,research_queue,step7_risk_adjusted_ranking,robust_return<=0; median_irr<=hurdle,255,False,-0.4623893878105445,-0.2192245444584841,-0.21277573257248147,-0.3423893878105445,0.4623893878105445,0.4353,0.45665999999999995,1.0,0.45665999999999995,False,
GILD,"Gilead Sciences, Inc.",Healthcare,Drug Manufacturers - General,research_queue,step7_risk_adjusted_ranking,robust_return<=0; median_irr<=hurdle,172,False,-0.32054935837979426,-0.05631464520993175,-0.04063732074573633,-0.20054935837979426,0.32054935837979426,0.8797,0.7637,0.7,0.53459,False,
SHOP,Shopify Inc.,Technology,Software - Application,hard_filter_rejected,step2_hard_filters,adr_excluded,,,,,,,,,,,,,
TMUS,"T-Mobile US, Inc.",Communication Services,Telecommunications Services,research_queue,step7_risk_adjusted_ranking,robust_return<=0; median_irr<=hurdle,303,False,-1.0699999999999998,-0.17145342797739427,0.00931368871242742,-0.95,1.0699999999999998,0.4856,0.45665999999999995,1.0,0.45665999999999995,True,bear
PEP,"PepsiCo, Inc.",Consumer Defensive,Beverages - Non-Alcoholic,research_queue,step7_risk_adjusted_ranking,robust_return<=0; median_irr<=hurdle,43,False,-0.1647213115810882,0.07037977254367436,0.08495606431388297,-0.0447213115810882,0.1647213115810882,0.9144,0.8982,1.0,0.8982,False,
WDC,Western Digital Corporation,Technology,Computer Hardware,research_queue,step7_risk_adjusted_ranking,robust_return<=0; median_irr<=hurdle,331,False,-1.0699999999999998,-0.5295096272006049,-0.44967198996891977,-0.95,1.0699999999999998,0.475,0.37602,1.0,0.37602,True,bear
IBKR,"Interactive Brokers Group, Inc.",Financial Services,Investment - Banking & Investment Services,research_queue,step7_risk_adjusted_ranking,robust_return<=0; median_irr<=hurdle,259,False,-0.4708057832360657,-0.28405199184458596,-0.27308340141437915,-0.3508057832360657,0.4708057832360657,0.5681333491486806,0.6,0.8,0.48,False,
ISRG,"Intuitive Surgical, Inc.",Healthcare,Medical - Instruments & Supplies,research_queue,step7_risk_adjusted_ranking,robust_return<=0; median_irr<=hurdle,176,False,-0.329007710692822,-0.14414946532415338,-0.13763522473454937,-0.20900771069282198,0.329007710692822,0.9015,0.7808,1.0,0.7808,False,
VRTX,Vertex Pharmaceuticals Incorporated,Healthcare,Biotechnology,research_queue,step7_risk_adjusted_ranking,robust_return<=0; median_irr<=hurdle,105,False,-0.2529726671829121,-0.004873738776586808,0.00444519065931675,-0.13297266718291212,0.2529726671829121,0.8782,0.6178,1.0,0.6178,False,
FTNT,"Fortinet, Inc.",Technology,Software - Infrastructure,watchlist,step6_scenario_valuation,roic_not_meaningful:meaningless_capital,,,,,,,,,0.6422,1.0,,,
BKNG,Booking Holdings Inc.,Consumer Cyclical,Travel Services,watchlist,step6_scenario_valuation,roic_not_meaningful:meaningless_capital,,,,,,,,,0.438,1.0,,,
PDD,PDD Holdings Inc.,Consumer Cyclical,Specialty Retail,hard_filter_rejected,step2_hard_filters,adr_excluded,,,,,,,,,,,,,
SBUX,Starbucks Corporation,Consumer Cyclical,Restaurants,research_queue,step7_risk_adjusted_ranking,robust_return<=0; median_irr<=hurdle,215,False,-0.3903232041560113,-0.19950542278675126,-0.20192492363275955,-0.2703232041560113,0.3903232041560113,0.9331,0.5862780000000001,0.85,0.49833630000000007,False,
HOOD,"Robinhood Markets, Inc.",Financial Services,Financial - Capital Markets,watchlist,step2_model_routing,asset_management_model_not_supported,,,,,,,,,,,,,
ADP,"Automatic Data Processing, Inc.",Technology,Software - Application,research_queue,step7_risk_adjusted_ranking,robust_return<=0; median_irr<=hurdle,99,False,-0.24877174444583938,-0.05987213784792399,-0.05359380789741404,-0.1287717444458394,0.24877174444583938,0.9674,0.9017,1.0,0.9017,False,
APP,AppLovin Corporation,Technology,Software - Application,watchlist,step2_material_event_gate,material_event_requires_reunderwriting,,,,,,,,,,,,,
EQIX,"Equinix, Inc.",Real Estate,REIT - Specialty,research_queue,step7_risk_adjusted_ranking,robust_return<=0; median_irr<=hurdle,127,False,-0.28067350373644695,-0.10529000817727832,-0.08682884299088878,-0.16067350373644695,0.28067350373644695,0.6559847430867111,0.6,0.8,0.48,False,
DDOG,"Datadog, Inc.",Technology,Software - Application,normalization_rejected,step4_normalized_model,no_normalized_earnings,,,,,,,,,,,,,
CME,CME Group Inc.,Financial Services,Financial - Data & Stock Exchanges,watchlist,step2_model_routing,financial_sector_model_not_supported,,,,,,,,,,,,,
CEG,Constellation Energy Corporation,Utilities,Independent Power Producers,hard_filter_rejected,step2_hard_filters,earnings_cash_mismatch,,,,,,,,,,,,,
ADBE,Adobe Inc.,Technology,Software - Application,research_queue,step7_risk_adjusted_ranking,robust_return<=0,18,False,-0.06341606260963002,0.1297636791292462,0.13949423644226047,0.04119362760393418,0.07880637239606582,0.9778,0.78948,1.0,0.78948,False,
ABNB,"Airbnb, Inc.",Consumer Cyclical,Travel Services,watchlist,step6_scenario_valuation,roic_not_meaningful:meaningless_capital,,,,,,,,,0.3607,1.0,,,
MAR,"Marriott International, Inc.",Consumer Cyclical,Travel Lodging,research_queue,step7_risk_adjusted_ranking,robust_return<=0; median_irr<=hurdle,290,False,-0.6989409364559105,-0.22947301545500523,-0.1633228944207076,-0.5789409364559105,0.6989409364559105,0.891,0.38394,1.0,0.38394,False,
CDNS,"Cadence Design Systems, Inc.",Technology,Software - Application,research_queue,step7_risk_adjusted_ranking,robust_return<=0; median_irr<=hurdle,218,False,-0.393067658218497,-0.2072409685333696,-0.20173246523190758,-0.273067658218497,0.393067658218497,0.8492,0.8515,1.0,0.8515,False,
MELI,"MercadoLibre, Inc.",Consumer Cyclical,Specialty Retail,hard_filter_rejected,step2_hard_filters,adr_excluded,,,,,,,,,,,,,
CSX,CSX Corporation,Industrials,Railroads,research_queue,step7_risk_adjusted_ranking,robust_return<=0; median_irr<=hurdle,210,False,-0.38367253271164364,-0.19516787485918025,-0.1990896931034512,-0.26367253271164365,0.38367253271164364,0.7574,0.615114,1.0,0.615114,False,
MNST,Monster Beverage Corporation,Consumer Defensive,Beverages - Non-Alcoholic,research_queue,step7_risk_adjusted_ranking,robust_return<=0; median_irr<=hurdle,87,False,-0.23702496955404057,-0.0300352619757177,-0.02193365357816216,-0.11702496955404057,0.23702496955404057,0.9638,0.8473,1.0,0.8473,False,
DASH,"DoorDash, Inc.",Communication Services,Internet Content & Information,normalization_rejected,step4_normalized_model,no_normalized_earnings,,,,,,,,,,,,,
SNPS,"Synopsys, Inc.",Technology,Software - Infrastructure,hard_filter_rejected,step2_hard_filters,excessive_leverage,,,,,,,,,,,,,
REGN,"Regeneron Pharmaceuticals, Inc.",Healthcare,Biotechnology,research_queue,step7_risk_adjusted_ranking,robust_return<=0; median_irr<=hurdle,51,False,-0.17580872846330745,0.06502642595696673,0.06088118830666648,-0.05580872846330746,0.17580872846330745,0.7773,0.36036900000000005,1.0,0.36036900000000005,False,
CTAS,Cintas Corporation,Industrials,Specialty Business Services,research_queue,step7_risk_adjusted_ranking,robust_return<=0; median_irr<=hurdle,182,False,-0.34224366044392807,-0.14475219221785662,-0.1367498196224915,-0.22224366044392807,0.34224366044392807,0.9645,0.8754,1.0,0.8754,False,
MRNA,"Moderna, Inc.",Healthcare,Biotechnology,watchlist,step2_model_routing,preprofit_biotech_not_supported,,,,,,,,,,,,,
CMCSA,Comcast Corporation,Communication Services,Telecommunications Services,eligible,step7_risk_adjusted_ranking,eligible,5,True,0.04693265854720044,0.20637723088730134,0.21168453353457162,0.1565456094220281,0.0,0.7559,0.6022269,0.85,0.511892865,False,
WBD,"Warner Bros. Discovery, Inc.",Communication Services,Entertainment,hard_filter_rejected,step2_hard_filters,interest_coverage;severe_dilution,,,,,,,,,,,,,
MDLZ,"Mondelez International, Inc.",Consumer Defensive,Food Confectioners,research_queue,step7_risk_adjusted_ranking,robust_return<=0; median_irr<=hurdle,159,False,-0.3069685532350558,-0.08784518991451476,-0.08537491897586733,-0.18696855323505582,0.3069685532350558,0.4783,0.611388,1.0,0.611388,False,
ROST,"Ross Stores, Inc.",Consumer Cyclical,Apparel - Retail,research_queue,step7_risk_adjusted_ranking,robust_return<=0; median_irr<=hurdle,178,False,-0.33133836151566354,-0.10600756530766373,-0.10066027405846396,-0.21133836151566354,0.33133836151566354,0.9243,0.5573,1.0,0.5573,False,
INTU,Intuit Inc.,Technology,Software - Application,research_queue,step7_risk_adjusted_ranking,robust_return<=0,24,False,-0.10629154399336264,0.11113165988099356,0.12271779885923026,0.011451595833932538,0.10854840416606745,0.9651,0.8304,1.0,0.8304,False,
LITE,Lumentum Holdings Inc.,Technology,Communication Equipment,watchlist,step6_scenario_valuation,insufficient_post_valuation_model_confidence,,,,-0.40869670215688525,-0.3968493331303762,-0.5783412090593628,0.6983412090593628,0.1688,0.301563,0.85,0.25632855,False,
ORLY,"O'Reilly Automotive, Inc.",Consumer Cyclical,Specialty Retail,research_queue,step7_risk_adjusted_ranking,robust_return<=0; median_irr<=hurdle,80,False,-0.2254619399365037,-0.006232332020590512,0.00568750496022406,-0.10546193993650373,0.2254619399365037,0.9852,0.9167,1.0,0.9167,False,
HON,Honeywell International Inc.,Industrials,Conglomerates,research_queue,step7_risk_adjusted_ranking,robust_return<=0; median_irr<=hurdle,224,False,-0.40274860467063267,-0.1380229195456195,-0.11186910007672846,-0.2827486046706327,0.40274860467063267,0.735,0.72693,0.85,0.6178905,False,
MPWR,"Monolithic Power Systems, Inc.",Technology,Semiconductors,research_queue,step7_risk_adjusted_ranking,robust_return<=0; median_irr<=hurdle,236,False,-0.42511632141679,-0.23167197518450844,-0.22435914121306264,-0.30511632141679,0.42511632141679,0.9457,0.5661,1.0,0.5661,False,
AEP,"American Electric Power Company, Inc.",Utilities,Regulated Electric,research_queue,step7_risk_adjusted_ranking,robust_return<=0; median_irr<=hurdle,328,False,-1.0699999999999998,-0.43376771734037906,-0.3378907040925697,-0.95,1.0699999999999998,0.2592,0.6121800000000001,1.0,0.6121800000000001,True,bear
ALAB,"Astera Labs, Inc. Common Stock",Technology,Semiconductors,hard_filter_rejected,step2_hard_filters,listing_age,,,,,,,,,,,,,
TER,"Teradyne, Inc.",Technology,Semiconductors,research_queue,step7_risk_adjusted_ranking,robust_return<=0; median_irr<=hurdle,246,False,-0.4515561439536395,-0.27009082294061953,-0.26807444830919847,-0.3315561439536395,0.4515561439536395,0.9442,0.39589074,1.0,0.39589074,False,
NXPI,NXP Semiconductors N.V.,Technology,Semiconductors,hard_filter_rejected,step2_hard_filters,adr_excluded,,,,,,,,,,,,,
PCAR,PACCAR Inc,Industrials,Industrial - Machinery,research_queue,step7_risk_adjusted_ranking,robust_return<=0; median_irr<=hurdle,228,False,-0.41033729671500624,-0.12816800929867891,-0.10998367220745417,-0.29033729671500624,0.41033729671500624,0.6287,0.44217,1.0,0.44217,False,
FAST,Fastenal Company,Industrials,Industrial - Distribution,research_queue,step7_risk_adjusted_ranking,robust_return<=0; median_irr<=hurdle,148,False,-0.29636186354793603,-0.10129405290063001,-0.09195361261954527,-0.17636186354793604,0.29636186354793603,0.995,0.9095,1.0,0.9095,False,
BKR,Baker Hughes Company,Energy,Oil & Gas Equipment & Services,research_queue,step7_risk_adjusted_ranking,robust_return<=0; median_irr<=hurdle,267,False,-0.4885432957543526,-0.18775824926415224,-0.16887558501912275,-0.36854329575435263,0.4885432957543526,0.2962,0.6003,0.7,0.4202099999999999,False,
NBIS,Nebius Group N.V.,Technology,Software - Application,hard_filter_rejected,step2_hard_filters,adr_excluded,,,,,,,,,,,,,
FANG,"Diamondback Energy, Inc.",Energy,Oil & Gas Exploration & Production,hard_filter_rejected,step2_hard_filters,severe_dilution,,,,,,,,,,,,,
MSTR,Strategy Inc,Technology,Software - Application,hard_filter_rejected,step2_hard_filters,persistent_negative_fcf;interest_coverage;negative_ebitda_with_debt;severe_dilution;earnings_cash_mismatch,,,,,,,,,,,,,
NDAQ,"Nasdaq, Inc.",Financial Services,Financial - Data & Stock Exchanges,watchlist,step2_model_routing,financial_sector_model_not_supported,,,,,,,,,,,,,
COIN,"Coinbase Global, Inc.",Financial Services,Financial - Data & Stock Exchanges,watchlist,step2_model_routing,financial_sector_model_not_supported,,,,,,,,,,,,,
HONA,Honeywell Aerospace Inc,Industrials,Aerospace & Defense,hard_filter_rejected,step2_hard_filters,security_type;listing_age,,,,,,,,,,,,,
WDAY,"Workday, Inc.",Technology,Software - Application,normalization_rejected,step4_normalized_model,no_normalized_earnings,,,,,,,,,,,,,
EBAY,eBay Inc.,Consumer Cyclical,Specialty Retail,research_queue,step7_risk_adjusted_ranking,robust_return<=0; median_irr<=hurdle,97,False,-0.24528978476766494,-0.01985456463298757,-0.01024802459869531,-0.12528978476766495,0.24528978476766494,0.9388,0.66132,1.0,0.66132,False,
CRWV,"CoreWeave, Inc. Class A Common Stock",Technology,Software - Infrastructure,hard_filter_rejected,step2_hard_filters,listing_age,,,,,,,,,,,,,
PYPL,"PayPal Holdings, Inc.",Financial Services,Financial - Credit Services,watchlist,step2_model_routing,consumer_finance_model_not_supported,,,,,,,,,,,,,
CCEP,Coca-Cola Europacific Partners PLC,Consumer Defensive,Beverages - Non-Alcoholic,hard_filter_rejected,step2_hard_filters,adr_excluded,,,,,,,,,,,,,
ADSK,"Autodesk, Inc.",Technology,Software - Application,research_queue,step7_risk_adjusted_ranking,robust_return<=0; median_irr<=hurdle,162,False,-0.3129424909001682,-0.07790009479358558,-0.0677974979218561,-0.19294249090016818,0.3129424909001682,0.8164,0.6606,1.0,0.6606,False,
XEL,Xcel Energy Inc.,Utilities,Regulated Electric,hard_filter_rejected,step2_hard_filters,persistent_negative_fcf,,,,,,,,,,,,,
KDP,Keurig Dr Pepper Inc.,Consumer Defensive,Beverages - Non-Alcoholic,research_queue,step7_risk_adjusted_ranking,robust_return<=0; median_irr<=hurdle,135,False,-0.28554806751664724,0.08032297504832972,0.11269171566236766,-0.16554806751664725,0.28554806751664724,0.5,0.530226,1.0,0.530226,False,
TRI,Thomson Reuters Corporation,Industrials,Specialty Business Services,hard_filter_rejected,step2_hard_filters,adr_excluded,,,,,,,,,,,,,
RKLB,"Rocket Lab USA, Inc.",Industrials,Aerospace & Defense,hard_filter_rejected,step2_hard_filters,consecutive_losses;persistent_negative_fcf,,,,,,,,,,,,,
MCHP,Microchip Technology Incorporated,Technology,Semiconductors,research_queue,step7_risk_adjusted_ranking,robust_return<=0; median_irr<=hurdle,332,False,-1.0699999999999998,-0.5567010041268077,-0.5012711516494166,-0.95,1.0699999999999998,0.3807,0.3852,1.0,0.3852,True,bear
FLEX,Flex Ltd.,Technology,"Hardware, Equipment & Parts",research_queue,step7_risk_adjusted_ranking,robust_return<=0; median_irr<=hurdle,283,False,-0.5784783861209871,-0.31996691627355184,-0.3058510870789179,-0.4584783861209871,0.5784783861209871,0.63,0.6092099999999999,1.0,0.6092099999999999,False,
EXC,Exelon Corporation,Utilities,Regulated Electric,hard_filter_rejected,step2_hard_filters,persistent_negative_fcf,,,,,,,,,,,,,
IDXX,"IDEXX Laboratories, Inc.",Healthcare,Medical - Diagnostics & Research,research_queue,step7_risk_adjusted_ranking,robust_return<=0; median_irr<=hurdle,191,False,-0.3573915701507939,-0.18012703469794358,-0.17680452167332988,-0.23739157015079393,0.3573915701507939,0.9662,0.8734,1.0,0.8734,False,
ILMN,"Illumina, Inc.",Healthcare,Medical - Diagnostics & Research,research_queue,step7_risk_adjusted_ranking,robust_return<=0; median_irr<=hurdle,327,False,-1.0699999999999998,-0.43230851289772537,-0.33180562673514935,-0.95,1.0699999999999998,0.5889,0.5633,0.7,0.39431,True,bear
FER,Ferrovial SE,Industrials,Engineering & Construction,hard_filter_rejected,step2_hard_filters,adr_excluded,,,,,,,,,,,,,
NTAP,"NetApp, Inc.",Technology,Computer Hardware,research_queue,step7_risk_adjusted_ranking,robust_return<=0; median_irr<=hurdle,170,False,-0.3193770170491188,-0.11745702622938547,-0.11150399873731653,-0.1993770170491188,0.3193770170491188,0.7371,0.7137,0.85,0.606645,False,
TTWO,"Take-Two Interactive Software, Inc.",Technology,Electronic Gaming & Multimedia,hard_filter_rejected,step2_hard_filters,consecutive_losses;interest_coverage,,,,,,,,,,,,,
UAL,"United Airlines Holdings, Inc.",Industrials,"Airlines, Airports & Air Services",research_queue,step7_risk_adjusted_ranking,robust_return<=0,300,False,-1.0592588115145776,-0.010564285379950883,0.14607084583840335,-0.95,1.0699999999999998,0.4789,0.412,1.0,0.412,True,bear
ROP,"Roper Technologies, Inc.",Technology,Software - Application,research_queue,step7_risk_adjusted_ranking,robust_return<=0; median_irr<=hurdle,185,False,-0.34650147860549624,-0.12285244188788053,-0.10955276029708326,-0.22650147860549624,0.34650147860549624,0.5733,0.71487,1.0,0.71487,False,
PAYX,"Paychex, Inc.",Industrials,Staffing & Employment Services,research_queue,step7_risk_adjusted_ranking,robust_return<=0; median_irr<=hurdle,42,False,-0.16363661030074578,0.033537678309949144,0.04213377074338499,-0.043636610300745796,0.16363661030074578,0.9848,0.8932,1.0,0.8932,False,
ODFL,"Old Dominion Freight Line, Inc.",Industrials,Trucking,research_queue,step7_risk_adjusted_ranking,robust_return<=0; median_irr<=hurdle,177,False,-0.33107795884308866,-0.17145897820082603,-0.17298375161481086,-0.21107795884308866,0.33107795884308866,0.9493,0.64611,1.0,0.64611,False,
AXON,"Axon Enterprise, Inc.",Industrials,Aerospace & Defense,hard_filter_rejected,step2_hard_filters,interest_coverage;excessive_leverage;severe_dilution,,,,,,,,,,,,,
ALNY,"Alnylam Pharmaceuticals, Inc.",Healthcare,Biotechnology,watchlist,step2_model_routing,preprofit_biotech_not_supported,,,,,,,,,,,,,
BIIB,Biogen Inc.,Healthcare,Drug Manufacturers - General,research_queue,step7_risk_adjusted_ranking,robust_return<=0; median_irr<=hurdle,90,False,-0.23967656650813296,-0.017208343957463495,-0.01053665029758119,-0.11967656650813295,0.23967656650813296,0.6411,0.543672,0.7,0.38057040000000003,False,
STLD,"Steel Dynamics, Inc.",Basic Materials,Steel,watchlist,step6_scenario_valuation,insufficient_post_valuation_model_confidence,,,,-0.07244898477583771,-0.0674924056715099,-0.26044701403880016,0.38044701403880016,0.6324,0.30348270000000005,1.0,0.30348270000000005,False,
ACGL,Arch Capital Group Ltd.,Financial Services,Insurance - Diversified,hard_filter_rejected,step2_hard_filters,adr_excluded,,,,,,,,,,,,,
DXCM,"DexCom, Inc.",Healthcare,Medical - Devices,research_queue,step7_risk_adjusted_ranking,robust_return<=0; median_irr<=hurdle,234,False,-0.41993832889595073,-0.15773686813918175,-0.14793002235237507,-0.29993832889595073,0.41993832889595073,0.7084,0.58797,1.0,0.58797,False,
KMB,Kimberly-Clark Corporation,Consumer Defensive,Household & Personal Products,research_queue,step7_risk_adjusted_ranking,robust_return<=0; median_irr<=hurdle,86,False,-0.23378106578486038,0.013195522991009085,0.028597030829405436,-0.11378106578486039,0.23378106578486038,0.9563,0.8328,1.0,0.8328,False,
NTRS,Northern Trust Corporation,Financial Services,Asset Management,watchlist,step2_model_routing,asset_management_model_not_supported,,,,,,,,,,,,,
HBAN,Huntington Bancshares Incorporated,Financial Services,Banks - Regional,research_queue,step7_risk_adjusted_ranking,robust_return<=0; median_irr<=hurdle,110,False,-0.25615426897403315,-0.015174416207018315,0.005445315192166511,-0.13615426897403315,0.25615426897403315,0.46815393968775937,0.6,0.8,0.48,False,
EXPE,"Expedia Group, Inc.",Consumer Cyclical,Travel Services,watchlist,step6_scenario_valuation,roic_not_meaningful:meaningless_capital,,,,,,,,,0.3969,0.85,,,
GEHC,GE HealthCare Technologies Inc.,Healthcare,Medical - Devices,research_queue,step7_risk_adjusted_ranking,robust_return<=0; median_irr<=hurdle,73,False,-0.21375100738834585,-0.00019030232506335107,0.010080575384199649,-0.09375100738834585,0.21375100738834585,0.6468,0.8666,0.95,0.82327,False,
ON,ON Semiconductor Corporation,Technology,Semiconductors,research_queue,step7_risk_adjusted_ranking,robust_return<=0; median_irr<=hurdle,276,False,-0.5087621466594282,-0.2695169530576094,-0.26591783395851953,-0.3887621466594282,0.5087621466594282,0.4362,0.41779800000000006,1.0,0.41779800000000006,False,
SMCI,"Super Micro Computer, Inc.",Technology,Computer Hardware,hard_filter_rejected,step2_hard_filters,earnings_cash_mismatch,,,,,,,,,,,,,
FOXA,Fox Corporation,Communication Services,Entertainment,eligible,step7_risk_adjusted_ranking,eligible,6,True,0.03674827056184331,0.2194386273971759,0.23795476173982025,0.07521156969014559,0.04478843030985441,0.9012,0.691254,1.0,0.691254,False,
WTW,Willis Towers Watson Public Limited Company,Financial Services,Insurance - Brokers,hard_filter_rejected,step2_hard_filters,adr_excluded,,,,,,,,,,,,,
VRSN,"VeriSign, Inc.",Technology,Software - Infrastructure,watchlist,step6_scenario_valuation,roic_not_meaningful:meaningless_capital,,,,,,,,,0.8513,1.0,,,
CTSH,Cognizant Technology Solutions Corporation,Technology,Information Technology Services,research_queue,step7_risk_adjusted_ranking,robust_return<=0,15,False,-0.05237225144972596,0.1330138800287387,0.1403120637172834,0.04995422190986576,0.07004577809013424,0.8481,0.8701,1.0,0.8701,False,
CPRT,"Copart, Inc.",Industrials,Specialty Business Services,research_queue,step7_risk_adjusted_ranking,robust_return<=0; median_irr<=hurdle,30,False,-0.13140370396897194,0.04651823699241507,0.05107734045013787,-0.01140370396897194,0.13140370396897194,0.9825,0.8246,0.95,0.78337,False,
INCY,Incyte Corporation,Healthcare,Biotechnology,research_queue,step7_risk_adjusted_ranking,robust_return<=0; median_irr<=hurdle,71,False,-0.21234686005802356,0.035729877220728706,0.04382311089430006,-0.09234686005802355,0.21234686005802356,0.813,0.67059,1.0,0.67059,False,
FFIV,"F5, Inc.",Technology,Software - Infrastructure,research_queue,step7_risk_adjusted_ranking,robust_return<=0; median_irr<=hurdle,169,False,-0.31793280779558697,-0.1275096158846281,-0.12276713848114013,-0.19793280779558697,0.31793280779558697,0.9286,0.7306199999999999,0.95,0.694089,False,
CINF,Cincinnati Financial Corporation,Financial Services,Insurance - Property & Casualty,research_queue,step7_risk_adjusted_ranking,robust_return<=0; median_irr<=hurdle,132,False,-0.2836277648163069,0.04296319799271364,0.07931925961756647,-0.16362776481630692,0.2836277648163069,0.2794141542015202,0.6,0.8,0.48,False,
FOX,Fox Corporation,Communication Services,Entertainment,hard_filter_rejected,step2_hard_filters,duplicate_share_class,,,,,,,,,,,,,
FISV,"Fiserv, Inc.",Technology,Information Technology Services,research_queue,step7_risk_adjusted_ranking,robust_return<=0,265,False,-0.48593673167354007,0.1637333951308392,0.2791527437511831,-0.42378031893167634,0.5437803189316763,0.6104,0.363447,1.0,0.363447,False,
PFG,"Principal Financial Group, Inc.",Financial Services,Asset Management,watchlist,step2_model_routing,asset_management_model_not_supported,,,,,,,,,,,,,
ULTA,"Ulta Beauty, Inc.",Consumer Cyclical,Specialty Retail,research_queue,step7_risk_adjusted_ranking,robust_return<=0; median_irr<=hurdle,76,False,-0.2211827523994725,0.02162945845921062,0.030292945855762844,-0.1011827523994725,0.2211827523994725,0.9296,0.5637599999999999,1.0,0.5637599999999999,False,
TROW,"T. Rowe Price Group, Inc.",Financial Services,Asset Management,watchlist,step2_model_routing,asset_management_model_not_supported,,,,,,,,,,,,,
CASY,"Casey's General Stores, Inc.",Consumer Cyclical,Specialty Retail,research_queue,step7_risk_adjusted_ranking,robust_return<=0; median_irr<=hurdle,206,False,-0.37956441325106427,-0.1214002270495257,-0.10796466344036158,-0.2595644132510643,0.37956441325106427,0.7803,0.622,0.95,0.5909,False,
VRSK,"Verisk Analytics, Inc.",Technology,Software - Services,research_queue,step7_risk_adjusted_ranking,robust_return<=0; median_irr<=hurdle,125,False,-0.2803708873037249,-0.020643561963515807,-0.006113897977047571,-0.1603708873037249,0.2803708873037249,0.943,0.7055100000000001,1.0,0.7055100000000001,False,
DLTR,"Dollar Tree, Inc.",Consumer Defensive,Discount Stores,research_queue,step7_risk_adjusted_ranking,robust_return<=0; median_irr<=hurdle,296,False,-0.81483243265131,-0.18598468850468627,-0.07910516823758368,-0.69483243265131,0.81483243265131,0.7103,0.44647200000000004,1.0,0.44647200000000004,False,
JBHT,"J.B. Hunt Transport Services, Inc.",Industrials,Integrated Freight & Logistics,research_queue,step7_risk_adjusted_ranking,robust_return<=0; median_irr<=hurdle,193,False,-0.36070726137724696,-0.18594325494123037,-0.18954454873746723,-0.240707261377247,0.36070726137724696,0.7888,0.5750190000000001,1.0,0.5750190000000001,False,
VTRS,Viatris Inc.,Healthcare,Drug Manufacturers - Specialty & Generic,hard_filter_rejected,step2_hard_filters,interest_coverage;excessive_leverage,,,,,,,,,,,,,
EXE,Expand Energy Corporation,Energy,Oil & Gas Exploration & Production,hard_filter_rejected,step2_hard_filters,severe_dilution,,,,,,,,,,,,,
FSLR,"First Solar, Inc.",Energy,Solar,research_queue,step7_risk_adjusted_ranking,robust_return<=0; median_irr<=hurdle,214,False,-0.38923361232911696,-0.08025042667068187,-0.06954809053277126,-0.26923361232911697,0.38923361232911696,0.3403,0.4523,1.0,0.4523,False,
NDSN,Nordson Corporation,Industrials,Industrial - Machinery,research_queue,step7_risk_adjusted_ranking,robust_return<=0; median_irr<=hurdle,192,False,-0.36048081718938185,-0.17995602064656846,-0.1763387177197728,-0.24048081718938186,0.36048081718938185,0.7651,0.73314,1.0,0.73314,False,
EVRG,"Evergy, Inc.",Utilities,Regulated Electric,hard_filter_rejected,step2_hard_filters,persistent_negative_fcf,,,,,,,,,,,,,
ZBRA,Zebra Technologies Corporation,Technology,Communication Equipment,research_queue,step7_risk_adjusted_ranking,robust_return<=0; median_irr<=hurdle,263,False,-0.4809454351157183,-0.24557934508993637,-0.24039461196953194,-0.3609454351157183,0.4809454351157183,0.5431,0.5254470000000001,1.0,0.5254470000000001,False,
SBAC,SBA Communications Corporation,Real Estate,REIT - Specialty,watchlist,step6_scenario_valuation,specialist_missing_book_or_price,,,,,,,,,,,,,
NWS,News Corporation,Communication Services,Publishing,hard_filter_rejected,step2_hard_filters,duplicate_share_class,,,,,,,,,,,,,
CHRW,"C.H. Robinson Worldwide, Inc.",Industrials,Integrated Freight & Logistics,research_queue,step7_risk_adjusted_ranking,robust_return<=0; median_irr<=hurdle,197,False,-0.3636436247895471,-0.11041926629113728,-0.0997572244465118,-0.2436436247895471,0.3636436247895471,0.8675,0.5797,1.0,0.5797,False,
CDW,CDW Corporation,Technology,Information Technology Services,research_queue,step7_risk_adjusted_ranking,robust_return<=0; median_irr<=hurdle,72,False,-0.21246425858873402,0.0546698791360541,0.07265416877344252,-0.09246425858873404,0.21246425858873402,0.8428,0.795,1.0,0.795,False,
TSCO,Tractor Supply Company,Consumer Cyclical,Specialty Retail,research_queue,step7_risk_adjusted_ranking,robust_return<=0; median_irr<=hurdle,67,False,-0.20526663494994862,-0.01141674846003295,-0.004786830372177035,-0.08526663494994863,0.20526663494994862,0.8211,0.72567,1.0,0.72567,False,
AKAM,"Akamai Technologies, Inc.",Technology,Software - Infrastructure,research_queue,step7_risk_adjusted_ranking,robust_return<=0; median_irr<=hurdle,256,False,-0.4632683785125846,-0.20121367343163002,-0.1790463953220751,-0.3432683785125846,0.4632683785125846,0.6961,0.6724620000000001,1.0,0.6724620000000001,False,
LNT,Alliant Energy Corporation,Utilities,Regulated Electric,hard_filter_rejected,step2_hard_filters,persistent_negative_fcf;excessive_leverage,,,,,,,,,,,,,
NWSA,News Corporation,Communication Services,Publishing,research_queue,step7_risk_adjusted_ranking,robust_return<=0; median_irr<=hurdle,240,False,-0.4319675723020919,-0.163894956492004,-0.14337491705082356,-0.3119675723020919,0.4319675723020919,0.2163,0.5140800000000001,0.95,0.4883760000000001,False,
PTC,PTC Inc.,Technology,Software - Application,research_queue,step7_risk_adjusted_ranking,robust_return<=0; median_irr<=hurdle,221,False,-0.39588377138308717,-0.11733494269210494,-0.10289695481769737,-0.2758837713830872,0.39588377138308717,0.4967,0.6607,1.0,0.6607,False,
HST,"Host Hotels & Resorts, Inc.",Real Estate,REIT - Hotel & Motel,research_queue,step7_risk_adjusted_ranking,robust_return<=0,21,False,-0.07778497070943688,0.10197756663407165,0.122260014780049,0.0411302221961396,0.0788697778038604,0.6871599180269944,0.6,0.8,0.48,False,
CHTR,"Charter Communications, Inc.",Communication Services,Telecommunications Services,research_queue,step7_risk_adjusted_ranking,robust_return<=0,295,False,-0.7870906597671334,0.20657444383832638,0.5165481409989298,-0.95,1.0699999999999998,0.5496,0.71343,1.0,0.71343,True,bear
APA,APA Corporation,Energy,Oil & Gas Exploration & Production,research_queue,step7_risk_adjusted_ranking,robust_return<=0,130,False,-0.28231162753181316,0.1192735691613052,0.13517844286980107,-0.1677348851691931,0.2877348851691931,0.5055,0.3573,1.0,0.3573,False,
ECHO,EchoStar Corporation,Communication Services,Telecommunications Services,hard_filter_rejected,step2_hard_filters,consecutive_losses;interest_coverage;excessive_leverage;severe_dilution,,,,,,,,,,,,,
TRMB,Trimble Inc.,Technology,"Hardware, Equipment & Parts",research_queue,step7_risk_adjusted_ranking,robust_return<=0; median_irr<=hurdle,269,False,-0.5007175236637704,-0.25992399102542546,-0.23793639456853266,-0.38071752366377043,0.5007175236637704,0.2532,0.6400800000000001,0.5499999999999999,0.352044,False,
SWKS,"Skyworks Solutions, Inc.",Technology,Semiconductors,research_queue,step7_risk_adjusted_ranking,robust_return<=0; median_irr<=hurdle,139,False,-0.28865602573379867,-0.0521078958350699,-0.03365039482014251,-0.16865602573379868,0.28865602573379867,0.6714,0.44451,1.0,0.44451,False,
REG,Regency Centers Corporation,Real Estate,REIT - Retail,research_queue,step7_risk_adjusted_ranking,robust_return<=0; median_irr<=hurdle,29,False,-0.12342225784421279,0.07583977994258442,0.10226045920485016,-0.003422257844212795,0.12342225784421279,0.6041360810541387,0.6,0.8,0.48,False,
GEN,Gen Digital Inc.,Technology,Software - Infrastructure,watchlist,step2_material_event_gate,material_event_requires_reunderwriting,,,,,,,,,,,,,
HAS,"Hasbro, Inc.",Consumer Cyclical,Leisure,research_queue,step7_risk_adjusted_ranking,robust_return<=0; median_irr<=hurdle,308,False,-1.0699999999999998,-0.22165742014913117,-0.057315172115340804,-0.95,1.0699999999999998,0.7,0.5822,1.0,0.5822,True,bear
LULU,Lululemon Athletica Inc.,Consumer Cyclical,Apparel - Retail,hard_filter_rejected,step2_hard_filters,adr_excluded,,,,,,,,,,,,,
CSGP,"CoStar Group, Inc.",Real Estate,Real Estate - Services,research_queue,step7_risk_adjusted_ranking,robust_return<=0; median_irr<=hurdle,138,False,-0.287834614473395,-0.045059748529456524,-0.03439866544213143,-0.167834614473395,0.287834614473395,0.4235,0.578502,1.0,0.578502,False,
TECH,Bio-Techne Corporation,Healthcare,Biotechnology,research_queue,step7_risk_adjusted_ranking,robust_return<=0; median_irr<=hurdle,258,False,-0.4704507159523199,-0.28553351937298427,-0.28626456198398953,-0.3504507159523199,0.4704507159523199,0.4996,0.5222880000000001,1.0,0.5222880000000001,False,
PSKY,Paramount Skydance Corporation Class B Common Stock,Communication Services,Entertainment,hard_filter_rejected,step2_hard_filters,insufficient_financial_history,,,,,,,,,,,,,
COO,"The Cooper Companies, Inc.",Healthcare,Medical - Instruments & Supplies,research_queue,step7_risk_adjusted_ranking,robust_return<=0; median_irr<=hurdle,249,False,-0.45619385391939427,-0.16935542093997352,-0.14328295396408064,-0.33619385391939427,0.45619385391939427,0.2599,0.62568,0.7,0.437976,False,
ALGN,"Align Technology, Inc.",Healthcare,Medical - Devices,research_queue,step7_risk_adjusted_ranking,robust_return<=0; median_irr<=hurdle,111,False,-0.26538979922072026,-0.0904951922166219,-0.09686650224321051,-0.14538979922072023,0.26538979922072026,0.7057,0.428085,0.6499999999999999,0.27825524999999995,False,
JKHY,"Jack Henry & Associates, Inc.",Technology,Information Technology Services,research_queue,step7_risk_adjusted_ranking,robust_return<=0; median_irr<=hurdle,55,False,-0.17847880693036128,0.025488372454128723,0.036318877065787125,-0.05847880693036129,0.17847880693036128,0.9886,0.9439,1.0,0.9439,False,
ERIE,Erie Indemnity Company,Financial Services,Insurance - Property & Casualty,research_queue,step7_risk_adjusted_ranking,robust_return<=0; median_irr<=hurdle,106,False,-0.2540188497757282,-0.05064305665392976,-0.03719280173698103,-0.1340188497757282,0.2540188497757282,0.5886342816859954,0.6,0.8,0.48,False,
HSIC,"Henry Schein, Inc.",Healthcare,Medical - Distribution,research_queue,step7_risk_adjusted_ranking,robust_return<=0; median_irr<=hurdle,229,False,-0.41160660277702843,-0.16995557390473545,-0.16613329050014722,-0.29160660277702843,0.41160660277702843,0.7196,0.508113,1.0,0.508113,False,
DPZ,"Domino's Pizza, Inc.",Consumer Cyclical,Restaurants,research_queue,step7_risk_adjusted_ranking,robust_return<=0; median_irr<=hurdle,89,False,-0.23780131449922917,0.0350428469530016,0.058918445551535144,-0.11780131449922918,0.23780131449922917,0.9859,0.81342,1.0,0.81342,False,
PODD,Insulet Corp.,Healthcare,Medical - Devices,research_queue,step7_risk_adjusted_ranking,robust_return<=0; median_irr<=hurdle,204,False,-0.37762477322423355,-0.09942836034679199,-0.08288235467625778,-0.25762477322423355,0.37762477322423355,0.4958,0.693,1.0,0.693,False,
WYNN,"Wynn Resorts, Limited",Consumer Cyclical,"Gambling, Resorts & Casinos",hard_filter_rejected,step2_hard_filters,interest_coverage,,,,,,,,,,,,,
