ticker,name,sector,industry,final_bucket,decision_stage,decision_reason,rank,eligible,robust_return,expected_irr,median_irr,p10_irr,worst_case_hurdle_gap,business_quality,model_confidence,data_confidence,evidence_confidence,catastrophic_tail_floor_applied,catastrophic_tail_scenarios
LLY,Eli Lilly and Company,Healthcare,Drug Manufacturers - General,research_queue,step7_risk_adjusted_ranking,robust_return<=0; median_irr<=hurdle,156,False,-0.3046567537082591,-0.04826810119029684,-0.03482253511829182,-0.18465675370825912,0.3046567537082591,0.9387,0.5869800000000001,0.85,0.498933,False,
BRK-B,Berkshire Hathaway Inc.,Financial Services,Insurance - Diversified,research_queue,step7_risk_adjusted_ranking,robust_return<=0; median_irr<=hurdle,143,False,-0.290199344677017,0.04493437148916021,0.0834124105796481,-0.17019934467701703,0.290199344677017,0.2635723426046662,0.6,0.8,0.48,False,
JPM,JPMorgan Chase & Co.,Financial Services,Banks - Diversified,research_queue,step7_risk_adjusted_ranking,robust_return<=0; median_irr<=hurdle,135,False,-0.2765655385336607,-0.07617206949076169,-0.06267399723542866,-0.15656553853366073,0.2765655385336607,0.5899339399080994,0.6,0.8,0.48,False,
V,Visa Inc.,Financial Services,Financial - Credit Services,watchlist,step2_model_routing,consumer_finance_model_not_supported,,,,,,,,,,,,,
XOM,Exxon Mobil Corporation,Energy,Oil & Gas Integrated,watchlist,step5_quality_risk,insufficient_model_confidence,,,,,,,,,0.3366,1.0,,,
JNJ,Johnson & Johnson,Healthcare,Drug Manufacturers - General,research_queue,step7_risk_adjusted_ranking,robust_return<=0; median_irr<=hurdle,93,False,-0.23410321562143502,-0.03544858689347162,-0.027626807315391456,-0.11410321562143502,0.23410321562143502,0.9579,0.9166,0.7,0.64162,False,
MA,Mastercard Incorporated,Financial Services,Financial - Credit Services,watchlist,step2_model_routing,consumer_finance_model_not_supported,,,,,,,,,,,,,
ABBV,AbbVie Inc.,Healthcare,Drug Manufacturers - General,research_queue,step7_risk_adjusted_ranking,robust_return<=0; median_irr<=hurdle,161,False,-0.3083448779728496,-0.028005434670922078,-0.011040911648888114,-0.1883448779728496,0.3083448779728496,0.8456,0.6373,1.0,0.6373,False,
BAC,Bank of America Corporation,Financial Services,Banks - Diversified,research_queue,step7_risk_adjusted_ranking,robust_return<=0; median_irr<=hurdle,167,False,-0.3164486958086783,-0.10529796084809134,-0.0895212771141427,-0.1964486958086783,0.3164486958086783,0.5354501514449488,0.6,0.8,0.48,False,
CAT,Caterpillar Inc.,Industrials,Agricultural - Machinery,research_queue,step7_risk_adjusted_ranking,robust_return<=0; median_irr<=hurdle,274,False,-0.5404410393307626,-0.2638146563864211,-0.24371524761736502,-0.4204410393307626,0.5404410393307626,0.7069,0.6387,1.0,0.6387,False,
UNH,UnitedHealth Group Incorporated,Healthcare,Medical - Healthcare Plans,research_queue,step7_risk_adjusted_ranking,robust_return<=0; median_irr<=hurdle,39,False,-0.14665296514896906,0.02042171705215881,0.01514937489700972,-0.026652965148969053,0.14665296514896906,0.7725,0.6702750000000001,0.85,0.56973375,False,
CVX,Chevron Corporation,Energy,Oil & Gas Integrated,watchlist,step5_quality_risk,insufficient_model_confidence,,,,,,,,,0.3314,1.0,,,
ORCL,Oracle Corporation,Technology,Software - Infrastructure,watchlist,step2_material_event_gate,material_event_requires_reunderwriting,,,,,,,,,,,,,
GE,GE Aerospace,Industrials,Aerospace & Defense,hard_filter_rejected,step2_hard_filters,security_type,,,,,,,,,,,,,
KO,The Coca-Cola Company,Consumer Defensive,Beverages - Non-Alcoholic,research_queue,step7_risk_adjusted_ranking,robust_return<=0; median_irr<=hurdle,162,False,-0.31024334123241715,-0.06487523082614641,-0.049580014718230786,-0.19024334123241712,0.31024334123241715,0.9088,0.8095,1.0,0.8095,False,
PG,The Procter & Gamble Company,Consumer Defensive,Household & Personal Products,research_queue,step7_risk_adjusted_ranking,robust_return<=0; median_irr<=hurdle,88,False,-0.22614480591611932,0.014482788559689687,0.027109048428246782,-0.10614480591611933,0.22614480591611932,0.9096,0.837,1.0,0.837,False,
MS,Morgan Stanley,Financial Services,Financial - Capital Markets,watchlist,step2_model_routing,asset_management_model_not_supported,,,,,,,,,,,,,
HD,"The Home Depot, Inc.",Consumer Cyclical,Home Improvement,research_queue,step7_risk_adjusted_ranking,robust_return<=0; median_irr<=hurdle,110,False,-0.2551359878550283,-0.09973553927011378,-0.10198195958946599,-0.13513598785502828,0.2551359878550283,0.9639,0.7692300000000001,1.0,0.7692300000000001,False,
MRK,"Merck & Co., Inc.",Healthcare,Drug Manufacturers - General,research_queue,step7_risk_adjusted_ranking,robust_return<=0; median_irr<=hurdle,165,False,-0.3146984414593316,0.0005568645283347273,0.021848233533091864,-0.19469844145933163,0.3146984414593316,0.7935,0.675,1.0,0.675,False,
GS,"The Goldman Sachs Group, Inc.",Financial Services,Financial - Capital Markets,watchlist,step2_model_routing,asset_management_model_not_supported,,,,,,,,,,,,,
PM,Philip Morris International Inc.,Consumer Defensive,Tobacco,research_queue,step7_risk_adjusted_ranking,robust_return<=0; median_irr<=hurdle,100,False,-0.24039191038056737,-0.01622429751223532,-0.0031218898948281726,-0.12039191038056737,0.24039191038056737,0.9783,0.883,1.0,0.883,False,
GEV,GE Vernova Inc.,Industrials,Renewable Utilities,hard_filter_rejected,step2_hard_filters,listing_age,,,,,,,,,,,,,
WFC,Wells Fargo & Company,Financial Services,Banks - Diversified,research_queue,step7_risk_adjusted_ranking,robust_return<=0; median_irr<=hurdle,132,False,-0.2754912731142207,-0.054776133115432085,-0.0377186221001542,-0.15549127311422073,0.2754912731142207,0.5206073580861041,0.6,0.8,0.48,False,
DELL,Dell Technologies Inc.,Technology,Computer Hardware,research_queue,step7_risk_adjusted_ranking,robust_return<=0; median_irr<=hurdle,267,False,-0.494615167468437,-0.21558154650119826,-0.20159295252233272,-0.374615167468437,0.494615167468437,0.6976,0.5747399999999999,1.0,0.5747399999999999,False,
RTX,RTX Corporation,Industrials,Aerospace & Defense,research_queue,step7_risk_adjusted_ranking,robust_return<=0; median_irr<=hurdle,268,False,-0.49498985517886473,-0.1841698914366134,-0.1607797796488739,-0.37498985517886474,0.49498985517886473,0.448,0.55917,1.0,0.55917,False,
AXP,American Express Company,Financial Services,Financial - Credit Services,watchlist,step2_model_routing,consumer_finance_model_not_supported,,,,,,,,,,,,,
C,Citigroup Inc.,Financial Services,Banks - Diversified,research_queue,step7_risk_adjusted_ranking,robust_return<=0; median_irr<=hurdle,251,False,-0.45033712547413984,-0.1631098300493684,-0.13135736720567315,-0.33033712547413985,0.45033712547413984,0.27231741165201934,0.6,0.8,0.48,False,
ANET,"Arista Networks, Inc.",Technology,Computer Hardware,research_queue,step7_risk_adjusted_ranking,robust_return<=0; median_irr<=hurdle,196,False,-0.35746552359079936,-0.159388634825882,-0.15312342683027963,-0.23746552359079937,0.35746552359079936,0.9218,0.502281,1.0,0.502281,False,
IBM,International Business Machines Corporation,Technology,Information Technology Services,watchlist,step2_material_event_gate,material_event_requires_reunderwriting,,,,,,,,,,,,,
TMO,Thermo Fisher Scientific Inc.,Healthcare,Medical - Diagnostics & Research,research_queue,step7_risk_adjusted_ranking,robust_return<=0; median_irr<=hurdle,242,False,-0.4363447330385679,-0.19907455365428176,-0.19226645178423496,-0.3163447330385679,0.4363447330385679,0.6345,0.5543640000000001,1.0,0.5543640000000001,False,
MCD,McDonald's Corporation,Consumer Cyclical,Restaurants,research_queue,step7_risk_adjusted_ranking,robust_return<=0; median_irr<=hurdle,103,False,-0.24895621606439816,0.007239337833016203,0.02485883654444481,-0.12895621606439817,0.24895621606439816,0.9388,0.8182,1.0,0.8182,False,
APH,Amphenol Corporation,Technology,"Hardware, Equipment & Parts",research_queue,step7_risk_adjusted_ranking,robust_return<=0; median_irr<=hurdle,197,False,-0.35769435020512896,-0.12675060927576848,-0.1152407717570895,-0.23769435020512897,0.35769435020512896,0.8651,0.59769,0.85,0.5080365,False,
NEE,"NextEra Energy, Inc.",Utilities,Regulated Electric,hard_filter_rejected,step2_hard_filters,interest_coverage;excessive_leverage,,,,,,,,,,,,,
VZ,Verizon Communications Inc.,Communication Services,Telecommunications Services,research_queue,step7_risk_adjusted_ranking,robust_return<=0; median_irr<=hurdle,45,False,-0.1573129476443864,0.00790412676869894,-0.002540286269504549,-0.037312947644386404,0.1573129476443864,0.7606,0.6571206,1.0,0.6571206,False,
UNP,Union Pacific Corporation,Industrials,Railroads,research_queue,step7_risk_adjusted_ranking,robust_return<=0; median_irr<=hurdle,169,False,-0.3198320358630735,-0.11343130619352448,-0.1042838224515435,-0.1998320358630735,0.3198320358630735,0.8526,0.8275,0.7,0.5792499999999999,False,
SCHW,The Charles Schwab Corporation,Financial Services,Financial - Capital Markets,watchlist,step2_model_routing,asset_management_model_not_supported,,,,,,,,,,,,,
ABT,Abbott Laboratories,Healthcare,Medical - Devices,research_queue,step7_risk_adjusted_ranking,robust_return<=0; median_irr<=hurdle,141,False,-0.2885220600280445,-0.10310180185333591,-0.1022371474362444,-0.16852206002804446,0.2885220600280445,0.7761,0.603531,0.85,0.51300135,False,
WELL,Welltower Inc.,Real Estate,REIT - Healthcare Facilities,research_queue,step7_risk_adjusted_ranking,robust_return<=0; median_irr<=hurdle,207,False,-0.3858041263710753,-0.19162613137594592,-0.16690013304423612,-0.2658041263710753,0.3858041263710753,0.5315870237091788,0.6,0.8,0.48,False,
TJX,"The TJX Companies, Inc.",Consumer Cyclical,Apparel - Retail,research_queue,step7_risk_adjusted_ranking,robust_return<=0; median_irr<=hurdle,184,False,-0.33947896069323175,-0.0681340538016229,-0.054924504132941324,-0.21947896069323175,0.33947896069323175,0.9153,0.541,1.0,0.541,False,
DIS,The Walt Disney Company,Communication Services,Entertainment,research_queue,step7_risk_adjusted_ranking,robust_return<=0; median_irr<=hurdle,278,False,-0.5549425558873917,-0.11484667004842772,-0.061168625735444924,-0.4349425558873917,0.5549425558873917,0.4227,0.6222,1.0,0.6222,False,
BA,The Boeing Company,Industrials,Aerospace & Defense,hard_filter_rejected,step2_hard_filters,interest_coverage;negative_ebitda_with_debt;severe_dilution;earnings_cash_mismatch,,,,,,,,,,,,,
BLK,"BlackRock, Inc.",Financial Services,Asset Management,watchlist,step2_model_routing,asset_management_model_not_supported,,,,,,,,,,,,,
DE,Deere & Company,Industrials,Agricultural - Machinery,research_queue,step7_risk_adjusted_ranking,robust_return<=0; median_irr<=hurdle,316,False,-1.0699999999999998,-0.38945974465714245,-0.2518473851843737,-0.95,1.0699999999999998,0.5075,0.51246,1.0,0.51246,True,bear
ETN,Eaton Corporation plc,Industrials,Electrical Equipment & Parts,hard_filter_rejected,step2_hard_filters,adr_excluded,,,,,,,,,,,,,
BX,Blackstone Inc.,Financial Services,Asset Management,watchlist,step2_model_routing,asset_management_model_not_supported,,,,,,,,,,,,,
T,AT&T Inc.,Communication Services,Telecommunications Services,research_queue,step7_risk_adjusted_ranking,robust_return<=0; median_irr<=hurdle,299,False,-1.0699999999999998,-0.1910101403307635,0.009931638743728427,-0.95,1.0699999999999998,0.5229,0.6333,1.0,0.6333,True,bear
UBER,"Uber Technologies, Inc.",Technology,Software - Application,normalization_rejected,step4_normalized_model,no_normalized_earnings,,,,,,,,,,,,,
DHR,Danaher Corporation,Healthcare,Medical - Diagnostics & Research,research_queue,step7_risk_adjusted_ranking,robust_return<=0; median_irr<=hurdle,243,False,-0.43653878905344756,-0.20249109763608425,-0.19778811237047186,-0.31653878905344757,0.43653878905344756,0.4746,0.491832,1.0,0.491832,False,
PFE,Pfizer Inc.,Healthcare,Drug Manufacturers - General,research_queue,step7_risk_adjusted_ranking,robust_return<=0; median_irr<=hurdle,212,False,-0.3882536167558283,0.01401536685880276,0.04765871842391793,-0.2682536167558283,0.3882536167558283,0.7064,0.361665,1.0,0.361665,False,
CRM,"Salesforce, Inc.",Technology,Software - Application,research_queue,step7_risk_adjusted_ranking,robust_return<=0; median_irr<=hurdle,324,False,-1.0699999999999998,-0.6059691491078412,-0.663317225917126,-0.95,1.0699999999999998,0.1625,0.5479200000000001,0.85,0.46573200000000003,True,bear
COP,ConocoPhillips,Energy,Oil & Gas Exploration & Production,watchlist,step6_scenario_valuation,insufficient_post_valuation_model_confidence,,,,0.011055682385631385,0.0412062706309371,-0.3675803294347133,0.4875803294347133,0.6342,0.301077,1.0,0.301077,False,
PLD,"Prologis, Inc.",Real Estate,REIT - Industrial,research_queue,step7_risk_adjusted_ranking,robust_return<=0; median_irr<=hurdle,112,False,-0.2596947110978338,-0.09402020084381213,-0.07879536409247156,-0.13969471109783382,0.2596947110978338,0.7103663648169222,0.6,0.8,0.48,False,
CVS,CVS Health Corp.,Healthcare,Medical - Healthcare Plans,research_queue,step7_risk_adjusted_ranking,robust_return<=0; median_irr<=hurdle,305,False,-1.0699999999999998,-0.3000462722440716,-0.1365191776625579,-0.95,1.0699999999999998,0.5851,0.5256090000000001,0.7,0.36792630000000004,True,bear
CB,Chubb Limited,Financial Services,Insurance - Property & Casualty,hard_filter_rejected,step2_hard_filters,adr_excluded,,,,,,,,,,,,,
SPGI,S&P Global Inc.,Financial Services,Financial - Data & Stock Exchanges,watchlist,step2_model_routing,financial_sector_model_not_supported,,,,,,,,,,,,,
GLW,Corning Inc,Technology,"Hardware, Equipment & Parts",research_queue,step7_risk_adjusted_ranking,robust_return<=0; median_irr<=hurdle,286,False,-0.7421165296446997,-0.3950633632593962,-0.3539467051508836,-0.6221165296446997,0.7421165296446997,0.2121,0.49050000000000005,1.0,0.49050000000000005,False,
COF,Capital One Financial Corporation,Financial Services,Financial - Credit Services,watchlist,step2_model_routing,consumer_finance_model_not_supported,,,,,,,,,,,,,
BMY,Bristol-Myers Squibb Company,Healthcare,Drug Manufacturers - General,research_queue,step7_risk_adjusted_ranking,robust_return<=0,90,False,-0.23035854724279226,0.09984794855990915,0.12472696042386817,-0.11288841646164652,0.2328884164616465,0.8827,0.5352,1.0,0.5352,False,
MO,"Altria Group, Inc.",Consumer Defensive,Tobacco,research_queue,step7_risk_adjusted_ranking,robust_return<=0,23,False,-0.08490039075488522,0.14321749293303584,0.16218011317541825,-0.0023099331301636716,0.12230993313016367,0.9577,0.8869,1.0,0.8869,False,
SYK,Stryker Corporation,Healthcare,Medical - Devices,research_queue,step7_risk_adjusted_ranking,robust_return<=0; median_irr<=hurdle,125,False,-0.2697279123403131,-0.0749546794872003,-0.067934011327452,-0.14972791234031313,0.2697279123403131,0.8184,0.8486,1.0,0.8486,False,
PGR,The Progressive Corporation,Financial Services,Insurance - Property & Casualty,research_queue,step7_risk_adjusted_ranking,robust_return<=0; median_irr<=hurdle,190,False,-0.3448988911963424,-0.048351639904310156,-0.018138843504356905,-0.22489889119634243,0.3448988911963424,0.30657828806854137,0.6,0.8,0.48,False,
PH,Parker-Hannifin Corporation,Industrials,Industrial - Machinery,research_queue,step7_risk_adjusted_ranking,robust_return<=0; median_irr<=hurdle,232,False,-0.4210558868671069,-0.2148500379587858,-0.20780196074410917,-0.3010558868671069,0.4210558868671069,0.7913,0.7868,1.0,0.7868,False,
LMT,Lockheed Martin Corporation,Industrials,Aerospace & Defense,research_queue,step7_risk_adjusted_ranking,robust_return<=0; median_irr<=hurdle,42,False,-0.15576996380870692,0.010186493682704197,0.008087000343948629,-0.03576996380870692,0.15576996380870692,0.9652,0.706806,1.0,0.706806,False,
LOW,"Lowe's Companies, Inc.",Consumer Cyclical,Home Improvement,research_queue,step7_risk_adjusted_ranking,robust_return<=0; median_irr<=hurdle,118,False,-0.26355961850669696,-0.09339950276771557,-0.10269884604203977,-0.14355961850669696,0.26355961850669696,0.9586,0.6261300000000001,1.0,0.6261300000000001,False,
VRT,Vertiv Holdings Co,Industrials,Electrical Equipment & Parts,research_queue,step7_risk_adjusted_ranking,robust_return<=0; median_irr<=hurdle,289,False,-0.767927671422076,-0.44043501492160436,-0.40693291493516887,-0.647927671422076,0.767927671422076,0.43,0.502281,0.7,0.3515967,False,
HWM,Howmet Aerospace Inc.,Industrials,Aerospace & Defense,hard_filter_rejected,step2_hard_filters,security_type,,,,,,,,,,,,,
BNY,Bank of New York Mellon Corp,Financial Services,Investment - Banking & Investment Services,research_queue,step7_risk_adjusted_ranking,robust_return<=0; median_irr<=hurdle,248,False,-0.4477865856092019,-0.21393427951299973,-0.19410877087212075,-0.32778658560920193,0.4477865856092019,0.4037882974777303,0.6,0.8,0.48,False,
SO,The Southern Company,Utilities,Regulated Electric,research_queue,step7_risk_adjusted_ranking,robust_return<=0; median_irr<=hurdle,307,False,-1.0699999999999998,-0.314651527980459,-0.17665952321840456,-0.95,1.0699999999999998,0.3365,0.5673,1.0,0.5673,True,bear
MDT,Medtronic plc,Healthcare,Medical - Devices,hard_filter_rejected,step2_hard_filters,adr_excluded,,,,,,,,,,,,,
NOW,"ServiceNow, Inc.",Technology,Software - Application,research_queue,step7_risk_adjusted_ranking,robust_return<=0; median_irr<=hurdle,250,False,-0.4492726614658023,-0.1955145180814725,-0.175321304082172,-0.3292726614658023,0.4492726614658023,0.3565,0.61713,1.0,0.61713,False,
TT,Trane Technologies plc,Industrials,Industrial - Machinery,hard_filter_rejected,step2_hard_filters,adr_excluded,,,,,,,,,,,,,
PNC,"The PNC Financial Services Group, Inc.",Financial Services,Banks - Regional,research_queue,step7_risk_adjusted_ranking,robust_return<=0; median_irr<=hurdle,129,False,-0.2750343056978374,-0.06348181922082627,-0.04773632046268694,-0.15503430569783738,0.2750343056978374,0.5500590112361149,0.6,0.8,0.48,False,
GD,General Dynamics Corporation,Industrials,Aerospace & Defense,research_queue,step7_risk_adjusted_ranking,robust_return<=0; median_irr<=hurdle,53,False,-0.17010000460024455,0.06114194019974094,0.07374826530867722,-0.05010000460024454,0.17010000460024455,0.8664,0.8608,1.0,0.8608,False,
MCK,McKesson Corporation,Healthcare,Medical - Distribution,research_queue,step7_risk_adjusted_ranking,robust_return<=0; median_irr<=hurdle,44,False,-0.1568700443563284,0.09328111431132131,0.10899017467672822,-0.03687004435632839,0.1568700443563284,0.9592,0.7735500000000001,1.0,0.7735500000000001,False,
USB,U.S. Bancorp,Financial Services,Banks - Diversified,research_queue,step7_risk_adjusted_ranking,robust_return<=0; median_irr<=hurdle,120,False,-0.26625257168154226,-0.04704090470121211,-0.030289264835041685,-0.14625257168154226,0.26625257168154226,0.5289760691982345,0.6,0.8,0.48,False,
DUK,Duke Energy Corporation,Utilities,Regulated Electric,hard_filter_rejected,step2_hard_filters,excessive_leverage,,,,,,,,,,,,,
WM,"Waste Management, Inc.",Industrials,Waste Management,research_queue,step7_risk_adjusted_ranking,robust_return<=0; median_irr<=hurdle,163,False,-0.3106502338126301,-0.07638180632056898,-0.06329185357608362,-0.19065023381263013,0.3106502338126301,0.8143,0.8498,1.0,0.8498,False,
NEM,Newmont Corporation,Basic Materials,Gold,hard_filter_rejected,step2_hard_filters,severe_dilution,,,,,,,,,,,,,
PWR,"Quanta Services, Inc.",Industrials,Engineering & Construction,research_queue,step7_risk_adjusted_ranking,robust_return<=0; median_irr<=hurdle,277,False,-0.5503062268772918,-0.30185537466768436,-0.28645321124131445,-0.4303062268772918,0.5503062268772918,0.2837,0.60327,1.0,0.60327,False,
VLO,Valero Energy Corporation,Energy,Oil & Gas Refining & Marketing,watchlist,step5_quality_risk,insufficient_model_confidence,,,,,,,,,0.3484,1.0,,,
MPC,Marathon Petroleum Corporation,Energy,Oil & Gas Refining & Marketing,watchlist,step5_quality_risk,insufficient_model_confidence,,,,,,,,,0.3217,1.0,,,
KKR,KKR & Co. Inc.,Financial Services,Asset Management,watchlist,step2_model_routing,asset_management_model_not_supported,,,,,,,,,,,,,
WMB,"The Williams Companies, Inc.",Energy,Oil & Gas Midstream,research_queue,step7_risk_adjusted_ranking,robust_return<=0; median_irr<=hurdle,313,False,-1.0699999999999998,-0.3693037828692468,-0.2514291503001005,-0.95,1.0699999999999998,0.335,0.42696,1.0,0.42696,True,bear
CMI,Cummins Inc.,Industrials,Industrial - Machinery,research_queue,step7_risk_adjusted_ranking,robust_return<=0; median_irr<=hurdle,185,False,-0.34140214644605293,-0.12832207562769324,-0.12188857538640148,-0.22140214644605294,0.34140214644605293,0.8113,0.6786,1.0,0.6786,False,
MCO,Moody's Corporation,Financial Services,Financial - Data & Stock Exchanges,watchlist,step2_model_routing,financial_sector_model_not_supported,,,,,,,,,,,,,
UPS,"United Parcel Service, Inc.",Industrials,Integrated Freight & Logistics,research_queue,step7_risk_adjusted_ranking,robust_return<=0; median_irr<=hurdle,114,False,-0.26008774033281945,-0.08326297437015451,-0.09104532680357802,-0.14008774033281948,0.26008774033281945,0.8121,0.6144660000000001,1.0,0.6144660000000001,False,
ACN,Accenture plc,Technology,Information Technology Services,hard_filter_rejected,step2_hard_filters,adr_excluded,,,,,,,,,,,,,
MRSH,"Marsh & McLennan Companies, Inc.",Financial Services,Insurance - Brokers,research_queue,step7_risk_adjusted_ranking,robust_return<=0; median_irr<=hurdle,87,False,-0.22503973640025188,-0.04257583098156792,-0.024191965256775583,-0.10503973640025188,0.22503973640025188,0.6489284522725357,0.6,0.8,0.48,False,
JCI,Johnson Controls International plc,Industrials,Construction Materials,hard_filter_rejected,step2_hard_filters,adr_excluded,,,,,,,,,,,,,
FCX,Freeport-McMoRan Inc.,Basic Materials,Copper,watchlist,step6_scenario_valuation,insufficient_post_valuation_model_confidence,,,,-0.11337532814359289,-0.11298893667408261,-0.2478250958374701,0.3678250958374701,0.6734,0.344088,0.7,0.24086159999999998,False,
MMM,3M Company,Industrials,Conglomerates,research_queue,step7_risk_adjusted_ranking,robust_return<=0; median_irr<=hurdle,145,False,-0.2931373258691746,-0.05769889697403411,-0.04704014016315338,-0.17313732586917466,0.2931373258691746,0.9489,0.7419,1.0,0.7419,False,
PSX,Phillips 66,Energy,Oil & Gas Refining & Marketing,watchlist,step5_quality_risk,insufficient_model_confidence,,,,,,,,,0.3457,1.0,,,
HCA,"HCA Healthcare, Inc.",Healthcare,Medical - Care Facilities,research_queue,step7_risk_adjusted_ranking,robust_return<=0,25,False,-0.09043741116435541,0.13207280863243798,0.14920487380586567,0.005867214473255474,0.11413278552674452,0.9684,0.81135,1.0,0.81135,False,
SHW,The Sherwin-Williams Company,Basic Materials,Chemicals - Specialty,research_queue,step7_risk_adjusted_ranking,robust_return<=0; median_irr<=hurdle,215,False,-0.3935622269945452,-0.16831679409951902,-0.15585301676328525,-0.2735622269945452,0.3935622269945452,0.8382,0.8558,1.0,0.8558,False,
ELV,Elevance Health Inc.,Healthcare,Medical - Healthcare Plans,eligible,step7_risk_adjusted_ranking,eligible,11,True,0.015473491429947476,0.1534005051118584,0.14313841550319928,0.12230327116412809,0.0,0.8267,0.668736,1.0,0.668736,False,
ITW,Illinois Tool Works Inc.,Industrials,Industrial - Machinery,research_queue,step7_risk_adjusted_ranking,robust_return<=0; median_irr<=hurdle,157,False,-0.30504559654684266,-0.09406117232938412,-0.08482278775773011,-0.18504559654684266,0.30504559654684266,0.9848,0.8504,1.0,0.8504,False,
AMT,American Tower Corporation,Real Estate,REIT - Specialty,research_queue,step7_risk_adjusted_ranking,robust_return<=0; median_irr<=hurdle,126,False,-0.27339431750297627,-0.11233793486567001,-0.11511321346992409,-0.15339431750297627,0.27339431750297627,0.8016177874356133,0.6,0.8,0.48,False,
ICE,"Intercontinental Exchange, Inc.",Financial Services,Financial - Data & Stock Exchanges,watchlist,step2_model_routing,financial_sector_model_not_supported,,,,,,,,,,,,,
TRV,"The Travelers Companies, Inc.",Financial Services,Insurance - Property & Casualty,research_queue,step7_risk_adjusted_ranking,robust_return<=0; median_irr<=hurdle,121,False,-0.26666165345095416,-0.034993418513224184,-0.01663425066226054,-0.14666165345095417,0.26666165345095416,0.4920745697209611,0.6,0.8,0.48,False,
AON,Aon plc,Financial Services,Insurance - Brokers,hard_filter_rejected,step2_hard_filters,adr_excluded,,,,,,,,,,,,,
EMR,Emerson Electric Co.,Industrials,Industrial - Machinery,research_queue,step7_risk_adjusted_ranking,robust_return<=0; median_irr<=hurdle,264,False,-0.48639950035023505,-0.25033314144457103,-0.23300875620625439,-0.36639950035023505,0.48639950035023505,0.7259,0.7361,1.0,0.7361,False,
RCL,Royal Caribbean Cruises Ltd.,Consumer Cyclical,Travel Services,watchlist,step6_scenario_valuation,insufficient_post_valuation_model_confidence,,,,-0.0850898248900194,-0.17529213337402322,-0.95,1.0699999999999998,0.1661,0.29500200000000004,1.0,0.29500200000000004,True,bear
ECL,Ecolab Inc.,Basic Materials,Chemicals - Specialty,research_queue,step7_risk_adjusted_ranking,robust_return<=0; median_irr<=hurdle,234,False,-0.42401808950555275,-0.16614920207648534,-0.1491043927249847,-0.30401808950555276,0.42401808950555275,0.7765,0.7571,1.0,0.7571,False,
NSC,Norfolk Southern Corporation,Industrials,Railroads,research_queue,step7_risk_adjusted_ranking,robust_return<=0; median_irr<=hurdle,249,False,-0.44843563569185785,-0.236585110292799,-0.23582314391678655,-0.32843563569185785,0.44843563569185785,0.712,0.6024780000000001,1.0,0.6024780000000001,False,
FDX,FedEx Corporation,Industrials,Integrated Freight & Logistics,research_queue,step7_risk_adjusted_ranking,robust_return<=0; median_irr<=hurdle,208,False,-0.38735116247145923,-0.1386812188611657,-0.1291709528872161,-0.26735116247145924,0.38735116247145923,0.5949,0.65925,1.0,0.65925,False,
EOG,"EOG Resources, Inc.",Energy,Oil & Gas Exploration & Production,research_queue,step7_risk_adjusted_ranking,robust_return<=0,26,False,-0.10988013629227916,0.21575032386463142,0.23396582550485626,-0.03542088016401974,0.15542088016401973,0.8308,0.3996,1.0,0.3996,False,
CI,Cigna Corporation,Healthcare,Medical - Healthcare Plans,watchlist,step6_scenario_valuation,insufficient_post_valuation_model_confidence,,,,0.31835706611091164,0.3538014827587176,-0.08904744143364945,0.20904744143364945,0.7373,0.3279771000000001,1.0,0.3279771000000001,False,
CL,Colgate-Palmolive Company,Consumer Defensive,Household & Personal Products,research_queue,step7_risk_adjusted_ranking,robust_return<=0; median_irr<=hurdle,59,False,-0.18084311256418,0.057284541096305513,0.07292970464914109,-0.06084311256418003,0.18084311256418,0.9792,0.9173,1.0,0.9173,False,
SPG,"Simon Property Group, Inc.",Real Estate,REIT - Retail,research_queue,step7_risk_adjusted_ranking,robust_return<=0; median_irr<=hurdle,115,False,-0.2610034987842976,-0.09056152504891815,-0.09271521563575968,-0.14100349878429763,0.2610034987842976,0.760744526913082,0.6,0.8,0.48,False,
NOC,Northrop Grumman Corporation,Industrials,Aerospace & Defense,research_queue,step7_risk_adjusted_ranking,robust_return<=0; median_irr<=hurdle,116,False,-0.26142249121796335,-0.07274019107899217,-0.0747621586473542,-0.14142249121796338,0.26142249121796335,0.7765,0.631476,1.0,0.631476,False,
CVNA,Carvana Co.,Consumer Cyclical,Auto - Dealerships,hard_filter_rejected,step2_hard_filters,severe_dilution,,,,,,,,,,,,,
HLT,Hilton Worldwide Holdings Inc.,Consumer Cyclical,Travel Lodging,research_queue,step7_risk_adjusted_ranking,robust_return<=0; median_irr<=hurdle,287,False,-0.7562139821998423,-0.26256601270542884,-0.19578782242315357,-0.6362139821998423,0.7562139821998423,0.8425,0.42399000000000003,1.0,0.42399000000000003,False,
KMI,"Kinder Morgan, Inc.",Energy,Oil & Gas Midstream,research_queue,step7_risk_adjusted_ranking,robust_return<=0; median_irr<=hurdle,304,False,-1.0699999999999998,-0.2926810689561534,-0.12763006815221156,-0.95,1.0699999999999998,0.2768,0.45566999999999996,1.0,0.45566999999999996,True,bear
SLB,Slb N.V.,Energy,Oil & Gas Equipment & Services,research_queue,step7_risk_adjusted_ranking,robust_return<=0; median_irr<=hurdle,189,False,-0.34457835767418143,-0.008157947764266253,0.015005990583449631,-0.22457835767418144,0.34457835767418143,0.6349,0.5538,1.0,0.5538,False,
APO,"Apollo Global Management, Inc.",Financial Services,Asset Management,watchlist,step2_model_routing,asset_management_model_not_supported,,,,,,,,,,,,,
CRH,CRH plc,Basic Materials,Construction Materials,hard_filter_rejected,step2_hard_filters,adr_excluded,,,,,,,,,,,,,
MSI,"Motorola Solutions, Inc.",Technology,Communication Equipment,research_queue,step7_risk_adjusted_ranking,robust_return<=0; median_irr<=hurdle,198,False,-0.3616827100008959,-0.14233686810912327,-0.1309197642374783,-0.24168271000089592,0.3616827100008959,0.9196,0.8341,1.0,0.8341,False,
GM,General Motors Company,Consumer Cyclical,Auto - Manufacturers,watchlist,step6_scenario_valuation,irr_below_solver_bound,,,,-0.713938303872419,-0.95,-0.95,1.0699999999999998,0.2487,0.38884860000000004,1.0,0.38884860000000004,True,bear;base
RSG,"Republic Services, Inc.",Industrials,Waste Management,research_queue,step7_risk_adjusted_ranking,robust_return<=0; median_irr<=hurdle,78,False,-0.20988546245382161,0.0035932069578848667,0.014249664236558627,-0.08988546245382162,0.20988546245382161,0.9818,0.8643,1.0,0.8643,False,
TDG,TransDigm Group Incorporated,Industrials,Aerospace & Defense,hard_filter_rejected,step2_hard_filters,excessive_leverage,,,,,,,,,,,,,
GWW,"W.W. Grainger, Inc.",Industrials,Industrial - Distribution,research_queue,step7_risk_adjusted_ranking,robust_return<=0; median_irr<=hurdle,170,False,-0.32327824034175123,-0.1159758621975015,-0.109314895096395,-0.20327824034175127,0.32327824034175123,0.9434,0.8166,1.0,0.8166,False,
APD,"Air Products and Chemicals, Inc.",Basic Materials,Chemicals - Specialty,hard_filter_rejected,step2_hard_filters,interest_coverage;excessive_leverage,,,,,,,,,,,,,
URI,"United Rentals, Inc.",Industrials,Rental & Leasing Services,research_queue,step7_risk_adjusted_ranking,robust_return<=0; median_irr<=hurdle,227,False,-0.41588387546100425,-0.16829136215419568,-0.1516395093385654,-0.29588387546100425,0.41588387546100425,0.6296,0.7517,1.0,0.7517,False,
BSX,Boston Scientific Corporation,Healthcare,Medical - Devices,research_queue,step7_risk_adjusted_ranking,robust_return<=0; median_irr<=hurdle,159,False,-0.30588067458476864,-0.025495289533864672,-0.008966385107487413,-0.18588067458476865,0.30588067458476864,0.5023,0.665,1.0,0.665,False,
TFC,Truist Financial Corporation,Financial Services,Banks - Regional,research_queue,step7_risk_adjusted_ranking,robust_return<=0; median_irr<=hurdle,240,False,-0.43415634362268307,-0.07881396806871166,-0.03236217409316233,-0.3141563436226831,0.43415634362268307,0.1788798595105208,0.6,0.8,0.48,False,
AJG,Arthur J. Gallagher & Co.,Financial Services,Insurance - Brokers,research_queue,step7_risk_adjusted_ranking,robust_return<=0; median_irr<=hurdle,210,False,-0.3879606573568233,-0.15004314257219756,-0.1296521144958822,-0.2679606573568233,0.3879606573568233,0.42092790621692655,0.6,0.8,0.48,False,
NKE,"NIKE, Inc.",Consumer Cyclical,Apparel - Footwear & Accessories,research_queue,step7_risk_adjusted_ranking,robust_return<=0; median_irr<=hurdle,73,False,-0.20346266015432768,-0.04019100484147199,-0.04546682209474963,-0.0834626601543277,0.20346266015432768,0.8414,0.588951,1.0,0.588951,False,
ALL,The Allstate Corporation,Financial Services,Insurance - Property & Casualty,research_queue,step7_risk_adjusted_ranking,robust_return<=0; median_irr<=hurdle,306,False,-1.0699999999999998,-0.3098920101616047,-0.16842006601829373,-0.95,1.0699999999999998,0.0,0.6,0.8,0.48,False,
AFL,Aflac Incorporated,Financial Services,Insurance - Life,research_queue,step7_risk_adjusted_ranking,robust_return<=0; median_irr<=hurdle,40,False,-0.14698182101146717,0.08255578184064755,0.10002536326319555,-0.026981821011467177,0.14698182101146717,0.5414910434704986,0.6,0.8,0.48,False,
TGT,Target Corporation,Consumer Defensive,Discount Stores,research_queue,step7_risk_adjusted_ranking,robust_return<=0; median_irr<=hurdle,142,False,-0.28856698485207743,-0.08712517872190799,-0.08741489350795743,-0.1685669848520774,0.28856698485207743,0.7303,0.579312,1.0,0.579312,False,
D,"Dominion Energy, Inc.",Utilities,Regulated Electric,hard_filter_rejected,step2_hard_filters,persistent_negative_fcf;excessive_leverage,,,,,,,,,,,,,
DLR,"Digital Realty Trust, Inc.",Real Estate,REIT - Industrial,research_queue,step7_risk_adjusted_ranking,robust_return<=0; median_irr<=hurdle,72,False,-0.20046014623816066,-0.0169374966685773,0.004236719854617155,-0.08046014623816067,0.20046014623816066,0.6436833822742094,0.6,0.8,0.48,False,
O,Realty Income Corporation,Real Estate,REIT - Retail,research_queue,step7_risk_adjusted_ranking,robust_return<=0,28,False,-0.11508542345946136,0.10272941656271564,0.13825519432949362,-0.0038479167376183065,0.1238479167376183,0.5133694649965141,0.6,0.8,0.48,False,
TRGP,Targa Resources Corp.,Energy,Oil & Gas Midstream,watchlist,step6_scenario_valuation,insufficient_post_valuation_model_confidence,,,,-0.293991957885737,-0.16200081189017504,-0.95,1.0699999999999998,0.6605,0.33003000000000005,1.0,0.33003000000000005,True,bear
HPE,Hewlett Packard Enterprise Company,Technology,Computer Hardware,research_queue,step7_risk_adjusted_ranking,robust_return<=0; median_irr<=hurdle,276,False,-0.5431614220771008,-0.2303288584400434,-0.20103083055000745,-0.4231614220771008,0.5431614220771008,0.254,0.569268,1.0,0.569268,False,
MET,"MetLife, Inc.",Financial Services,Insurance - Life,research_queue,step7_risk_adjusted_ranking,robust_return<=0; median_irr<=hurdle,193,False,-0.34666979635262285,-0.08738929824868305,-0.06388378112348558,-0.22666979635262285,0.34666979635262285,0.3847476837983601,0.6,0.8,0.48,False,
SRE,Sempra,Utilities,Diversified Utilities,hard_filter_rejected,step2_hard_filters,persistent_negative_fcf;excessive_leverage,,,,,,,,,,,,,
COR,"Cencora, Inc.",Healthcare,Medical - Distribution,research_queue,step7_risk_adjusted_ranking,robust_return<=0; median_irr<=hurdle,76,False,-0.20818943718797525,0.03627825561707144,0.052794542429910524,-0.08818943718797526,0.20818943718797525,0.973,0.9128,1.0,0.9128,False,
TEL,TE Connectivity plc,Technology,Semiconductors,hard_filter_rejected,step2_hard_filters,adr_excluded,,,,,,,,,,,,,
FIX,"Comfort Systems USA, Inc.",Industrials,Engineering & Construction,research_queue,step7_risk_adjusted_ranking,robust_return<=0; median_irr<=hurdle,254,False,-0.4580827770308314,-0.25732277724719094,-0.2528036718838848,-0.3380827770308314,0.4580827770308314,0.8776,0.540918,0.85,0.4597803,False,
OKE,"ONEOK, Inc.",Energy,Oil & Gas Midstream,hard_filter_rejected,step2_hard_filters,severe_dilution,,,,,,,,,,,,,
CTVA,"Corteva, Inc.",Basic Materials,Agricultural Inputs,research_queue,step7_risk_adjusted_ranking,robust_return<=0; median_irr<=hurdle,236,False,-0.4295927980379201,-0.11255261358455752,-0.09610440171672963,-0.3095927980379201,0.4295927980379201,0.2784,0.58338,1.0,0.58338,False,
BDX,"Becton, Dickinson and Company",Healthcare,Medical - Instruments & Supplies,research_queue,step7_risk_adjusted_ranking,robust_return<=0; median_irr<=hurdle,309,False,-1.0699999999999998,-0.33393143717621565,-0.16694902374001686,-0.95,1.0699999999999998,0.4155,0.6942,1.0,0.6942,True,bear
CARR,Carrier Global Corporation,Industrials,Industrial - Machinery,research_queue,step7_risk_adjusted_ranking,robust_return<=0; median_irr<=hurdle,321,False,-1.0699999999999998,-0.4433112187602091,-0.3178081758203916,-0.95,1.0699999999999998,0.6046,0.48729600000000006,1.0,0.48729600000000006,True,bear
PSA,Public Storage,Real Estate,REIT - Industrial,research_queue,step7_risk_adjusted_ranking,robust_return<=0; median_irr<=hurdle,138,False,-0.2831032801097473,-0.1539191070147462,-0.16310328010974728,-0.16310328010974728,0.2831032801097473,1.0,0.6,0.8,0.48,False,
F,Ford Motor Company,Consumer Cyclical,Auto - Manufacturers,hard_filter_rejected,step2_hard_filters,excessive_leverage,,,,,,,,,,,,,
DAL,"Delta Air Lines, Inc.",Industrials,"Airlines, Airports & Air Services",research_queue,step7_risk_adjusted_ranking,robust_return<=0; median_irr<=hurdle,295,False,-1.0699999999999998,-0.044025469280313645,0.10394128141924741,-0.95,1.0699999999999998,0.4841,0.3979,1.0,0.3979,True,bear
OXY,Occidental Petroleum Corporation,Energy,Oil & Gas Exploration & Production,watchlist,step6_scenario_valuation,insufficient_post_valuation_model_confidence,,,,-0.24608909914095414,-0.08795944910962133,-0.95,1.0699999999999998,0.4233,0.322704,1.0,0.322704,True,bear
AME,"AMETEK, Inc.",Industrials,Electrical Equipment & Parts,research_queue,step7_risk_adjusted_ranking,robust_return<=0; median_irr<=hurdle,182,False,-0.33653639982978345,-0.1402533007705642,-0.13413439573050703,-0.21653639982978345,0.33653639982978345,0.789,0.7887,1.0,0.7887,False,
KEYS,"Keysight Technologies, Inc.",Technology,"Hardware, Equipment & Parts",research_queue,step7_risk_adjusted_ranking,robust_return<=0; median_irr<=hurdle,260,False,-0.470311624367896,-0.24309848997982042,-0.23412024001590903,-0.350311624367896,0.470311624367896,0.6292,0.5422140000000001,1.0,0.5422140000000001,False,
NUE,Nucor Corporation,Basic Materials,Steel,watchlist,step6_scenario_valuation,insufficient_post_valuation_model_confidence,,,,-0.16680629912480066,-0.1299271956959273,-0.495742835740384,0.615742835740384,0.3119,0.301644,1.0,0.301644,False,
CAH,"Cardinal Health, Inc.",Healthcare,Medical - Distribution,research_queue,step7_risk_adjusted_ranking,robust_return<=0; median_irr<=hurdle,308,False,-1.0699999999999998,-0.31493410385810416,-0.20092800234851887,-0.95,1.0699999999999998,0.6438,0.5860350000000001,1.0,0.5860350000000001,True,bear
CIEN,Ciena Corporation,Technology,Communication Equipment,research_queue,step7_risk_adjusted_ranking,robust_return<=0; median_irr<=hurdle,280,False,-0.5733603786709136,-0.36192505996150437,-0.3534769175937982,-0.4533603786709136,0.5733603786709136,0.4832,0.4945050000000001,1.0,0.4945050000000001,False,
FITB,Fifth Third Bancorp,Financial Services,Banks - Regional,research_queue,step7_risk_adjusted_ranking,robust_return<=0; median_irr<=hurdle,111,False,-0.258990316753514,-0.05369959439390726,-0.039033262223005516,-0.13899031675351403,0.258990316753514,0.5774287464306916,0.6,0.8,0.48,False,
LHX,"L3Harris Technologies, Inc.",Industrials,Aerospace & Defense,watchlist,step6_scenario_valuation,invalid_valuation_output,,,,-0.5686794430977897,-0.95,-0.95,1.0699999999999998,0.3876,,1.0,,False,
VST,Vistra Corp.,Utilities,Independent Power Producers,hard_filter_rejected,step2_hard_filters,interest_coverage,,,,,,,,,,,,,
ETR,Entergy Corporation,Utilities,Regulated Electric,hard_filter_rejected,step2_hard_filters,persistent_negative_fcf,,,,,,,,,,,,,
ROK,"Rockwell Automation, Inc.",Industrials,Industrial - Machinery,research_queue,step7_risk_adjusted_ranking,robust_return<=0; median_irr<=hurdle,245,False,-0.4380582407934708,-0.21437768045434497,-0.2051106373502989,-0.3180582407934708,0.4380582407934708,0.8322,0.67932,1.0,0.67932,False,
STT,State Street Corporation,Financial Services,Asset Management,watchlist,step2_model_routing,asset_management_model_not_supported,,,,,,,,,,,,,
AZO,"AutoZone, Inc.",Consumer Cyclical,Specialty Retail,research_queue,step7_risk_adjusted_ranking,robust_return<=0,37,False,-0.1326057798286085,0.11063014184774148,0.12753618834249209,-0.018710092386027076,0.13871009238602708,0.98,0.81,1.0,0.81,False,
EW,Edwards Lifesciences Corporation,Healthcare,Medical - Devices,research_queue,step7_risk_adjusted_ranking,robust_return<=0; median_irr<=hurdle,98,False,-0.23778477376792576,-0.08148414181923723,-0.08130886077415195,-0.11778477376792576,0.23778477376792576,0.9355,0.7381800000000001,0.95,0.701271,False,
GRMN,Garmin Ltd.,Technology,"Hardware, Equipment & Parts",hard_filter_rejected,step2_hard_filters,adr_excluded,,,,,,,,,,,,,
HUM,Humana Inc.,Healthcare,Medical - Healthcare Plans,research_queue,step7_risk_adjusted_ranking,robust_return<=0,18,False,-0.05607325054144473,0.14776567113367495,0.15447595187724805,0.04319484265288341,0.07680515734711658,0.6612,0.601344,1.0,0.601344,False,
XYZ,"Block, Inc.",Technology,Software - Infrastructure,watchlist,step6_scenario_valuation,insufficient_post_valuation_model_confidence,,,,-0.2306890135980211,-0.24586750420276074,-0.36594589850865306,0.48594589850865305,0.1391,0.285849,0.85,0.24297165,False,
AMP,"Ameriprise Financial, Inc.",Financial Services,Asset Management,watchlist,step2_model_routing,asset_management_model_not_supported,,,,,,,,,,,,,
VTR,"Ventas, Inc.",Real Estate,REIT - Healthcare Facilities,research_queue,step7_risk_adjusted_ranking,robust_return<=0; median_irr<=hurdle,96,False,-0.23713057029583007,-0.02184390574905276,0.009918315766539676,-0.11713057029583007,0.23713057029583007,0.5105651327994207,0.6,0.8,0.48,False,
MSCI,MSCI Inc.,Financial Services,Financial - Data & Stock Exchanges,watchlist,step2_model_routing,financial_sector_model_not_supported,,,,,,,,,,,,,
WAB,Westinghouse Air Brake Technologies Corporation,Industrials,Railroads,research_queue,step7_risk_adjusted_ranking,robust_return<=0; median_irr<=hurdle,285,False,-0.6736413424822967,-0.21594976223495901,-0.1570160317816771,-0.5536413424822967,0.6736413424822967,0.5122,0.4611,1.0,0.4611,False,
CMG,"Chipotle Mexican Grill, Inc.",Consumer Cyclical,Restaurants,research_queue,step7_risk_adjusted_ranking,robust_return<=0; median_irr<=hurdle,228,False,-0.41807192935841164,-0.17427673547063022,-0.16418961479794233,-0.29807192935841165,0.41807192935841164,0.8415,0.7277,0.95,0.691315,False,
COHR,"Coherent, Inc.",Technology,"Hardware, Equipment & Parts",hard_filter_rejected,step2_hard_filters,severe_dilution,,,,,,,,,,,,,
AIG,"American International Group, Inc.",Financial Services,Insurance - Diversified,research_queue,step7_risk_adjusted_ranking,robust_return<=0; median_irr<=hurdle,300,False,-1.0699999999999998,-0.19179518176981575,0.008396522015160945,-0.95,1.0699999999999998,0.0,0.6,0.8,0.48,False,
DHI,"D.R. Horton, Inc.",Consumer Cyclical,Residential Construction,research_queue,step7_risk_adjusted_ranking,robust_return<=0; median_irr<=hurdle,74,False,-0.20395960740745064,-0.017898144164064406,-0.027821703348308774,-0.08395960740745065,0.20395960740745064,0.6827,0.46233180000000007,1.0,0.46233180000000007,False,
LYV,"Live Nation Entertainment, Inc.",Communication Services,Entertainment,research_queue,step7_risk_adjusted_ranking,robust_return<=0; median_irr<=hurdle,303,False,-1.0699999999999998,-0.20676337687473278,-0.2005619339237455,-0.95,1.0699999999999998,0.5312,0.4205,1.0,0.4205,True,bear
ED,"Consolidated Edison, Inc.",Utilities,Regulated Electric,research_queue,step7_risk_adjusted_ranking,robust_return<=0; median_irr<=hurdle,310,False,-1.0699999999999998,-0.3456436718210171,-0.19267254461301492,-0.95,1.0699999999999998,0.4356,0.6649200000000001,1.0,0.6649200000000001,True,bear
ADM,Archer-Daniels-Midland Company,Consumer Defensive,Agricultural Farm Products,research_queue,step7_risk_adjusted_ranking,robust_return<=0; median_irr<=hurdle,279,False,-0.5658029497385721,-0.18041220691302437,-0.1377715176611673,-0.4458029497385722,0.5658029497385721,0.4412,0.47934,1.0,0.47934,False,
PRU,"Prudential Financial, Inc.",Financial Services,Insurance - Life,research_queue,step7_risk_adjusted_ranking,robust_return<=0; median_irr<=hurdle,291,False,-0.8203533549627482,-0.15907398994340652,-0.019259233231226802,-0.7003533549627482,0.8203533549627482,0.002662416260015256,0.6,0.8,0.48,False,
CBRE,"CBRE Group, Inc.",Real Estate,Real Estate - Services,research_queue,step7_risk_adjusted_ranking,robust_return<=0; median_irr<=hurdle,230,False,-0.4201999160420383,-0.19346470785167186,-0.18361526356020474,-0.30019991604203833,0.4201999160420383,0.6907,0.613413,1.0,0.613413,False,
ARES,Ares Management Corporation,Financial Services,Asset Management,watchlist,step2_model_routing,asset_management_model_not_supported,,,,,,,,,,,,,
YUM,"Yum! Brands, Inc.",Consumer Cyclical,Restaurants,research_queue,step7_risk_adjusted_ranking,robust_return<=0; median_irr<=hurdle,56,False,-0.17907794739177912,0.09656305944008639,0.11803398105548699,-0.05907794739177914,0.17907794739177912,0.9664,0.8471,1.0,0.8471,False,
PEG,Public Service Enterprise Group Incorporated,Utilities,Regulated Electric,research_queue,step7_risk_adjusted_ranking,robust_return<=0; median_irr<=hurdle,296,False,-1.0699999999999998,-0.15350894617149605,0.041419107024557915,-0.95,1.0699999999999998,0.3381,0.5913,1.0,0.5913,True,bear
SYY,Sysco Corporation,Consumer Defensive,Food Distribution,research_queue,step7_risk_adjusted_ranking,robust_return<=0; median_irr<=hurdle,139,False,-0.2837677011429332,0.04679326975019649,0.07381381916929966,-0.1637677011429332,0.2837677011429332,0.8105,0.6613,1.0,0.6613,False,
HIG,"The Hartford Insurance Group, Inc.",Financial Services,Insurance - Diversified,research_queue,step7_risk_adjusted_ranking,robust_return<=0; median_irr<=hurdle,52,False,-0.16823414894992916,0.05783448552895204,0.07510338439095388,-0.04823414894992917,0.16823414894992916,0.5437502218826495,0.6,0.8,0.48,False,
PCG,PG&E Corporation,Utilities,Regulated Electric,hard_filter_rejected,step2_hard_filters,persistent_negative_fcf;interest_coverage;excessive_leverage,,,,,,,,,,,,,
VMC,Vulcan Materials Company,Basic Materials,Construction Materials,research_queue,step7_risk_adjusted_ranking,robust_return<=0; median_irr<=hurdle,271,False,-0.516946394063707,-0.21095290070697956,-0.18329020972014404,-0.396946394063707,0.516946394063707,0.3302,0.6618,1.0,0.6618,False,
A,"Agilent Technologies, Inc.",Healthcare,Medical - Diagnostics & Research,research_queue,step7_risk_adjusted_ranking,robust_return<=0; median_irr<=hurdle,168,False,-0.3197917558648623,-0.14787921753086258,-0.1464695675414986,-0.1997917558648623,0.3197917558648623,0.8022,0.8056,1.0,0.8056,False,
WEC,"WEC Energy Group, Inc.",Utilities,Regulated Electric,research_queue,step7_risk_adjusted_ranking,robust_return<=0; median_irr<=hurdle,317,False,-1.0699999999999998,-0.40137101933942176,-0.26560121464135594,-0.95,1.0699999999999998,0.4397,0.65088,1.0,0.65088,True,bear
IRM,Iron Mountain Incorporated,Real Estate,REIT - Specialty,research_queue,step7_risk_adjusted_ranking,robust_return<=0; median_irr<=hurdle,136,False,-0.28175555210336267,-0.11250349532315129,-0.09608614306308083,-0.16175555210336268,0.28175555210336267,0.6858327299572666,0.6,0.8,0.48,False,
MTB,M&T Bank Corporation,Financial Services,Banks - Regional,research_queue,step7_risk_adjusted_ranking,robust_return<=0; median_irr<=hurdle,83,False,-0.21943309513719322,0.0033634905307760865,0.02123410782664581,-0.09943309513719323,0.21943309513719322,0.533277620614586,0.6,0.8,0.48,False,
KVUE,Kenvue Inc.,Consumer Defensive,Household & Personal Products,research_queue,step7_risk_adjusted_ranking,robust_return<=0; median_irr<=hurdle,191,False,-0.3455509735550731,-0.021356195094995166,0.0039055210538208765,-0.2255509735550731,0.3455509735550731,0.5188,0.7411,0.95,0.7040449999999999,False,
CCL,Carnival Corporation & plc,Consumer Cyclical,Travel Services,watchlist,step5_quality_risk,insufficient_model_confidence,,,,,,,,,0.3452,1.0,,,
KR,The Kroger Co.,Consumer Defensive,Grocery Stores,research_queue,step7_risk_adjusted_ranking,robust_return<=0; median_irr<=hurdle,256,False,-0.46199689393281007,-0.14766363231901775,-0.11293279592646283,-0.3419968939328101,0.46199689393281007,0.6865,0.71073,1.0,0.71073,False,
HSY,The Hershey Company,Consumer Defensive,Food Confectioners,research_queue,step7_risk_adjusted_ranking,robust_return<=0; median_irr<=hurdle,63,False,-0.18334426283719948,-0.006645715208287557,-0.009024806370143749,-0.06334426283719949,0.18334426283719948,0.8424,0.655209,0.85,0.55692765,False,
CCI,Crown Castle Inc.,Real Estate,REIT - Specialty,research_queue,step7_risk_adjusted_ranking,robust_return<=0; median_irr<=hurdle,75,False,-0.2075064974678149,-0.07758228889688215,-0.08750649746781491,-0.08750649746781491,0.2075064974678149,1.0,0.6,0.8,0.48,False,
IQV,IQVIA Holdings Inc.,Healthcare,Medical - Diagnostics & Research,research_queue,step7_risk_adjusted_ranking,robust_return<=0; median_irr<=hurdle,311,False,-1.0699999999999998,-0.354942049512465,-0.2084259741619462,-0.95,1.0699999999999998,0.3854,0.6701,1.0,0.6701,True,bear
MLM,"Martin Marietta Materials, Inc.",Basic Materials,Construction Materials,research_queue,step7_risk_adjusted_ranking,robust_return<=0; median_irr<=hurdle,275,False,-0.5409211518376833,-0.2169342730017888,-0.18440494756941914,-0.42092115183768325,0.5409211518376833,0.3595,0.6427,1.0,0.6427,False,
EME,"EMCOR Group, Inc.",Industrials,Engineering & Construction,research_queue,step7_risk_adjusted_ranking,robust_return<=0; median_irr<=hurdle,199,False,-0.36537044434910054,-0.147838844357102,-0.1433760352003446,-0.24537044434910055,0.36537044434910054,0.874,0.7287,0.85,0.619395,False,
RJF,"Raymond James Financial, Inc.",Financial Services,Financial - Capital Markets,watchlist,step2_model_routing,asset_management_model_not_supported,,,,,,,,,,,,,
CNC,Centene Corp.,Healthcare,Medical - Healthcare Plans,hard_filter_rejected,step2_hard_filters,interest_coverage;negative_ebitda_with_debt,,,,,,,,,,,,,
IR,Ingersoll Rand Inc.,Industrials,Industrial - Machinery,watchlist,step6_scenario_valuation,insufficient_post_valuation_model_confidence,,,,-0.24660395215469175,-0.17360969658475367,-0.6630409295263234,0.7830409295263234,0.2498,0.34668,1.0,0.34668,False,
ZTS,Zoetis Inc.,Healthcare,Drug Manufacturers - General,research_queue,step7_risk_adjusted_ranking,robust_return<=0,14,False,-0.026992513882396194,0.160362278597313,0.17549055820563814,0.04287731583463031,0.07712268416536969,0.9836,0.9034,1.0,0.9034,False,
VEEV,Veeva Systems Inc.,Healthcare,Medical - Healthcare Information Services,research_queue,step7_risk_adjusted_ranking,robust_return<=0; median_irr<=hurdle,64,False,-0.1835258715774398,0.0019141478842357434,0.008055365044856471,-0.0635258715774398,0.1835258715774398,0.963,0.72972,0.95,0.693234,False,
JBL,Jabil Inc.,Technology,"Hardware, Equipment & Parts",research_queue,step7_risk_adjusted_ranking,robust_return<=0; median_irr<=hurdle,211,False,-0.38797741334739844,-0.147261656149567,-0.13968117349140813,-0.26797741334739844,0.38797741334739844,0.8832,0.6168600000000001,1.0,0.6168600000000001,False,
EXR,Extra Space Storage Inc.,Real Estate,REIT - Industrial,hard_filter_rejected,step2_hard_filters,security_type,,,,,,,,,,,,,
EQT,EQT Corporation,Energy,Oil & Gas Exploration & Production,hard_filter_rejected,step2_hard_filters,severe_dilution,,,,,,,,,,,,,
AEE,Ameren Corporation,Utilities,Regulated Electric,hard_filter_rejected,step2_hard_filters,persistent_negative_fcf,,,,,,,,,,,,,
DTE,DTE Energy Company,Utilities,Regulated Electric,hard_filter_rejected,step2_hard_filters,persistent_negative_fcf;excessive_leverage,,,,,,,,,,,,,
CFG,"Citizens Financial Group, Inc.",Financial Services,Banks - Regional,research_queue,step7_risk_adjusted_ranking,robust_return<=0; median_irr<=hurdle,218,False,-0.3968915174236882,-0.14396545134911096,-0.11971589191116361,-0.2768915174236882,0.3968915174236882,0.3740270165019693,0.6,0.8,0.48,False,
LVS,Las Vegas Sands Corp.,Consumer Cyclical,"Gambling, Resorts & Casinos",research_queue,step7_risk_adjusted_ranking,robust_return<=0,294,False,-1.0622760142286776,-0.041479074454400605,0.13743169887457052,-0.95,1.0699999999999998,0.6899,0.4431,1.0,0.4431,True,bear
EIX,Edison International,Utilities,Regulated Electric,hard_filter_rejected,step2_hard_filters,persistent_negative_fcf,,,,,,,,,,,,,
EL,The Estée Lauder Companies Inc.,Consumer Defensive,Household & Personal Products,research_queue,step7_risk_adjusted_ranking,robust_return<=0; median_irr<=hurdle,284,False,-0.636942583967466,-0.2920901882142061,-0.25907840984291397,-0.516942583967466,0.636942583967466,0.628,0.5350860000000001,0.7,0.3745602,False,
ATO,Atmos Energy Corporation,Utilities,Regulated Gas,research_queue,step7_risk_adjusted_ranking,robust_return<=0; median_irr<=hurdle,315,False,-1.0699999999999998,-0.3827790894240024,-0.23190589820733287,-0.95,1.0699999999999998,0.5371,0.5787,1.0,0.5787,True,bear
TDY,Teledyne Technologies Incorporated,Technology,"Hardware, Equipment & Parts",research_queue,step7_risk_adjusted_ranking,robust_return<=0; median_irr<=hurdle,200,False,-0.365529839660594,-0.11465528769531373,-0.10248687387793323,-0.245529839660594,0.365529839660594,0.6606,0.6462,1.0,0.6462,False,
HAL,Halliburton Company,Energy,Oil & Gas Equipment & Services,research_queue,step7_risk_adjusted_ranking,robust_return<=0; median_irr<=hurdle,290,False,-0.7926842346019113,-0.09414267953543459,0.023128019901923855,-0.6726842346019113,0.7926842346019113,0.469,0.4753,1.0,0.4753,False,
XYL,Xylem Inc.,Industrials,Industrial - Machinery,hard_filter_rejected,step2_hard_filters,severe_dilution,,,,,,,,,,,,,
FICO,Fair Isaac Corporation,Technology,Software - Application,research_queue,step7_risk_adjusted_ranking,robust_return<=0; median_irr<=hurdle,204,False,-0.38168974023530605,-0.13638938463736844,-0.12121078589661916,-0.26168974023530606,0.38168974023530605,0.9176,0.69057,1.0,0.69057,False,
RMD,ResMed Inc.,Healthcare,Medical - Devices,research_queue,step7_risk_adjusted_ranking,robust_return<=0; median_irr<=hurdle,51,False,-0.16716324332985094,0.03737082150619246,0.04699298455379905,-0.04716324332985094,0.16716324332985094,0.9669,0.895,0.85,0.76075,False,
DOV,Dover Corporation,Industrials,Industrial - Machinery,research_queue,step7_risk_adjusted_ranking,robust_return<=0; median_irr<=hurdle,171,False,-0.3239367773075354,-0.15378099035733608,-0.15148301549779714,-0.2039367773075354,0.3239367773075354,0.7607,0.72306,1.0,0.72306,False,
VICI,VICI Properties Inc.,Real Estate,REIT - Specialty,eligible,step7_risk_adjusted_ranking,eligible,3,True,0.09712285858229781,0.27794303202487836,0.32233928871312045,0.14475426196015206,0.0,0.4862356944014846,0.6,0.8,0.48,False,
TPL,Texas Pacific Land Corporation,Energy,Oil & Gas Exploration & Production,research_queue,step7_risk_adjusted_ranking,robust_return<=0; median_irr<=hurdle,164,False,-0.3135883188154548,-0.08160491789385557,-0.07155293180840087,-0.1935883188154548,0.3135883188154548,0.9816,0.6166,1.0,0.6166,False,
TPR,"Tapestry, Inc.",Consumer Cyclical,Luxury Goods,research_queue,step7_risk_adjusted_ranking,robust_return<=0; median_irr<=hurdle,258,False,-0.4642858565424103,-0.17071471925737566,-0.15633417100762015,-0.3442858565424103,0.4642858565424103,0.7288,0.5829300000000001,1.0,0.5829300000000001,False,
Q,"Qnity Electronics, Inc.",Technology,Semiconductors,hard_filter_rejected,step2_hard_filters,listing_age,,,,,,,,,,,,,
CNP,"CenterPoint Energy, Inc.",Utilities,Regulated Electric,hard_filter_rejected,step2_hard_filters,persistent_negative_fcf;excessive_leverage,,,,,,,,,,,,,
OTIS,Otis Worldwide Corporation,Industrials,Industrial - Machinery,research_queue,step7_risk_adjusted_ranking,robust_return<=0; median_irr<=hurdle,105,False,-0.24936814102577037,-0.002445648243883592,0.016072626324603358,-0.12936814102577038,0.24936814102577037,0.9848,0.80559,1.0,0.80559,False,
FE,FirstEnergy Corp.,Utilities,Regulated Electric,hard_filter_rejected,step2_hard_filters,persistent_negative_fcf;excessive_leverage,,,,,,,,,,,,,
ES,Eversource Energy,Utilities,Regulated Electric,hard_filter_rejected,step2_hard_filters,persistent_negative_fcf,,,,,,,,,,,,,
DG,Dollar General Corporation,Consumer Defensive,Discount Stores,research_queue,step7_risk_adjusted_ranking,robust_return<=0; median_irr<=hurdle,57,False,-0.17956065881182437,0.04133680448867384,0.0408906553173438,-0.05956065881182437,0.17956065881182437,0.6944,0.5347944000000001,1.0,0.5347944000000001,False,
AVB,"AvalonBay Communities, Inc.",Real Estate,REIT - Residential,research_queue,step7_risk_adjusted_ranking,robust_return<=0,12,False,-0.0068969735681259844,0.17503529911097848,0.21009451190953965,0.06985766071529498,0.05014233928470502,0.5401738393046428,0.6,0.8,0.48,False,
NRG,"NRG Energy, Inc.",Utilities,Independent Power Producers,research_queue,step7_risk_adjusted_ranking,robust_return<=0; median_irr<=hurdle,298,False,-1.0699999999999998,-0.1832891105877934,-0.05461300374008711,-0.95,1.0699999999999998,0.5741,0.35802,1.0,0.35802,True,bear
DVN,Devon Energy Corporation,Energy,Oil & Gas Exploration & Production,watchlist,step6_scenario_valuation,insufficient_post_valuation_model_confidence,,,,0.2627383932645898,0.286190280248411,-0.144274276215583,0.26427427621558297,0.6057,0.302616,1.0,0.302616,False,
RF,Regions Financial Corporation,Financial Services,Banks - Regional,research_queue,step7_risk_adjusted_ranking,robust_return<=0; median_irr<=hurdle,106,False,-0.2512171756545839,-0.03611276941886965,-0.020003007590966848,-0.1312171756545839,0.2512171756545839,0.5475608863520826,0.6,0.8,0.48,False,
PPL,PPL Corporation,Utilities,Regulated Electric,hard_filter_rejected,step2_hard_filters,persistent_negative_fcf,,,,,,,,,,,,,
WSM,"Williams-Sonoma, Inc.",Consumer Cyclical,Specialty Retail,research_queue,step7_risk_adjusted_ranking,robust_return<=0; median_irr<=hurdle,188,False,-0.34381301435525524,-0.17045211471413493,-0.1709719594131457,-0.22381301435525525,0.34381301435525524,0.9245,0.7133,0.95,0.677635,False,
WRB,W. R. Berkley Corporation,Financial Services,Insurance - Property & Casualty,research_queue,step7_risk_adjusted_ranking,robust_return<=0; median_irr<=hurdle,68,False,-0.1868034406770579,0.02173884652515984,0.03637702947725785,-0.0668034406770579,0.1868034406770579,0.5919387232185139,0.6,0.8,0.48,False,
MTD,Mettler-Toledo International Inc.,Healthcare,Medical - Diagnostics & Research,research_queue,step7_risk_adjusted_ranking,robust_return<=0; median_irr<=hurdle,176,False,-0.3260261866306973,-0.1319803912181669,-0.12719114026840542,-0.20602618663069733,0.3260261866306973,0.9773,0.8528,1.0,0.8528,False,
AWK,"American Water Works Company, Inc.",Utilities,Regulated Water,hard_filter_rejected,step2_hard_filters,persistent_negative_fcf,,,,,,,,,,,,,
PPG,"PPG Industries, Inc.",Basic Materials,Chemicals - Specialty,research_queue,step7_risk_adjusted_ranking,robust_return<=0; median_irr<=hurdle,144,False,-0.2917500384838786,-0.052727655373746504,-0.04026886190986258,-0.1717500384838786,0.2917500384838786,0.7607,0.7544,1.0,0.7544,False,
EQR,Equity Residential,Real Estate,REIT - Residential,research_queue,step7_risk_adjusted_ranking,robust_return<=0,17,False,-0.051474810901973506,0.15211682376743374,0.16123733159222398,0.04873126993375898,0.07126873006624102,0.6007809342923869,0.6,0.8,0.48,False,
HUBB,Hubbell Incorporated,Industrials,Electrical Equipment & Parts,research_queue,step7_risk_adjusted_ranking,robust_return<=0; median_irr<=hurdle,217,False,-0.39686320528446223,-0.1533977941158809,-0.14161112300353118,-0.27686320528446223,0.39686320528446223,0.8077,0.6974,0.85,0.59279,False,
KEY,KeyCorp,Financial Services,Banks - Regional,research_queue,step7_risk_adjusted_ranking,robust_return<=0; median_irr<=hurdle,266,False,-0.4919060940953722,-0.11716083141436306,-0.06527935979521227,-0.37190609409537223,0.4919060940953722,0.13699784466463635,0.6,0.8,0.48,False,
WST,"West Pharmaceutical Services, Inc.",Healthcare,Medical - Instruments & Supplies,research_queue,step7_risk_adjusted_ranking,robust_return<=0; median_irr<=hurdle,220,False,-0.39928537342813797,-0.22798281379727997,-0.2282134284978383,-0.279285373428138,0.39928537342813797,0.8471,0.575505,1.0,0.575505,False,
SYF,Synchrony Financial,Financial Services,Financial - Credit Services,watchlist,step2_model_routing,consumer_finance_model_not_supported,,,,,,,,,,,,,
WAT,Waters Corporation,Healthcare,Medical - Diagnostics & Research,research_queue,step7_risk_adjusted_ranking,robust_return<=0; median_irr<=hurdle,223,False,-0.40246624691091704,-0.21196206810454893,-0.20465165747009448,-0.28246624691091704,0.40246624691091704,0.7389,0.6139638000000001,0.85,0.5218692300000001,False,
PHM,"PulteGroup, Inc.",Consumer Cyclical,Residential Construction,research_queue,step7_risk_adjusted_ranking,robust_return<=0; median_irr<=hurdle,32,False,-0.12166821532766331,0.08138127517304386,0.08987198586692102,-0.001668215327663319,0.12166821532766331,0.7976,0.6594300000000001,1.0,0.6594300000000001,False,
CPAY,"Corpay, Inc.",Technology,Software - Infrastructure,research_queue,step7_risk_adjusted_ranking,robust_return<=0,15,False,-0.03957360178769045,0.15508588428238002,0.16949899020692105,0.039030392702261475,0.08096960729773853,0.9886,0.8363,1.0,0.8363,False,
EXPD,"Expeditors International of Washington, Inc.",Industrials,Integrated Freight & Logistics,research_queue,step7_risk_adjusted_ranking,robust_return<=0; median_irr<=hurdle,149,False,-0.2976398795598652,-0.06852480436718904,-0.06355860858457162,-0.1776398795598652,0.2976398795598652,0.9805,0.54099,0.95,0.5139404999999999,False,
L,Loews Corporation,Financial Services,Insurance - Property & Casualty,research_queue,step7_risk_adjusted_ranking,robust_return<=0; median_irr<=hurdle,102,False,-0.2476382289480652,-0.010230983559612578,0.010226351179537296,-0.1276382289480652,0.2476382289480652,0.4801640755782823,0.6,0.8,0.48,False,
BRO,"Brown & Brown, Inc.",Financial Services,Insurance - Brokers,research_queue,step7_risk_adjusted_ranking,robust_return<=0; median_irr<=hurdle,60,False,-0.18086500033333563,0.0491981153516817,0.06722400763270131,-0.06086500033333564,0.18086500033333563,0.5276697514817058,0.6,0.8,0.48,False,
LUV,Southwest Airlines Co.,Industrials,"Airlines, Airports & Air Services",hard_filter_rejected,step2_hard_filters,persistent_negative_fcf,,,,,,,,,,,,,
DGX,Quest Diagnostics Incorporated,Healthcare,Medical - Diagnostics & Research,research_queue,step7_risk_adjusted_ranking,robust_return<=0; median_irr<=hurdle,150,False,-0.29837493380648084,-0.08049001588733515,-0.07991887818789108,-0.1783749338064808,0.29837493380648084,0.7229,0.5631120000000001,1.0,0.5631120000000001,False,
OMC,Omnicom Group Inc.,Communication Services,Advertising Agencies,eligible,step7_risk_adjusted_ranking,eligible,5,True,0.07163237484559909,0.2373641640660935,0.24409495772561057,0.1537750304036308,0.0,0.8014,0.679104,0.85,0.5772384,False,
CHD,"Church & Dwight Co., Inc.",Consumer Defensive,Household & Personal Products,research_queue,step7_risk_adjusted_ranking,robust_return<=0; median_irr<=hurdle,128,False,-0.27475969696999525,-0.10209233335772294,-0.09943224684684535,-0.15475969696999525,0.27475969696999525,0.8157,0.74313,1.0,0.74313,False,
LH,Labcorp Holdings Inc.,Healthcare,Medical - Diagnostics & Research,research_queue,step7_risk_adjusted_ranking,robust_return<=0; median_irr<=hurdle,265,False,-0.4897383166276269,-0.16654548380538475,-0.14412108711258043,-0.3697383166276269,0.4897383166276269,0.451,0.5068980000000001,1.0,0.5068980000000001,False,
SW,Smurfit Westrock plc,Consumer Cyclical,Packaging & Containers,hard_filter_rejected,step2_hard_filters,adr_excluded,,,,,,,,,,,,,
RL,Ralph Lauren Corporation,Consumer Cyclical,Apparel - Manufacturers,research_queue,step7_risk_adjusted_ranking,robust_return<=0; median_irr<=hurdle,206,False,-0.3855016437420272,-0.11893956695093946,-0.11068274261924668,-0.2655016437420272,0.3855016437420272,0.8599,0.5354,1.0,0.5354,False,
BG,Bunge Global S.A.,Consumer Defensive,Agricultural Farm Products,hard_filter_rejected,step2_hard_filters,excessive_leverage,,,,,,,,,,,,,
VLTO,Veralto Corporation,Industrials,Industrial - Pollution & Treatment Controls,hard_filter_rejected,step2_hard_filters,listing_age,,,,,,,,,,,,,
CMS,CMS Energy Corporation,Utilities,Regulated Electric,hard_filter_rejected,step2_hard_filters,persistent_negative_fcf;excessive_leverage,,,,,,,,,,,,,
DRI,"Darden Restaurants, Inc.",Consumer Cyclical,Restaurants,research_queue,step7_risk_adjusted_ranking,robust_return<=0; median_irr<=hurdle,109,False,-0.2546035750815644,0.0650727624088177,0.08793882910686082,-0.13460357508156442,0.2546035750815644,0.8263,0.6277,1.0,0.6277,False,
HPQ,HP Inc.,Technology,Computer Hardware,research_queue,step7_risk_adjusted_ranking,robust_return<=0; median_irr<=hurdle,16,False,-0.04710103774443267,0.09011008736561055,0.07289896225556733,0.07289896225556733,0.04710103774443267,0.9686,0.669951,1.0,0.669951,False,
STZ,"Constellation Brands, Inc.",Consumer Defensive,Beverages - Alcoholic,research_queue,step7_risk_adjusted_ranking,robust_return<=0,48,False,-0.16049387652344801,0.10348665866040396,0.12186571028432813,-0.041960604663472595,0.1619606046634726,0.8291,0.78615,1.0,0.78615,False,
NI,NiSource Inc,Utilities,Regulated Gas,hard_filter_rejected,step2_hard_filters,persistent_negative_fcf,,,,,,,,,,,,,
ROL,"Rollins, Inc.",Consumer Cyclical,Specialty Business Services,research_queue,step7_risk_adjusted_ranking,robust_return<=0; median_irr<=hurdle,154,False,-0.3020441762101836,-0.10565549953025762,-0.09694196186028417,-0.1820441762101836,0.3020441762101836,0.9778,0.924,1.0,0.924,False,
FIS,"Fidelity National Information Services, Inc.",Technology,Information Technology Services,research_queue,step7_risk_adjusted_ranking,robust_return<=0; median_irr<=hurdle,97,False,-0.23747254874790086,0.027379368018591792,0.034940871433354934,-0.11747254874790085,0.23747254874790086,0.253,0.457164,1.0,0.457164,False,
DOW,Dow Inc.,Basic Materials,Chemicals,hard_filter_rejected,step2_hard_filters,interest_coverage,,,,,,,,,,,,,
EFX,Equifax Inc.,Industrials,Consulting Services,research_queue,step7_risk_adjusted_ranking,robust_return<=0; median_irr<=hurdle,314,False,-1.0699999999999998,-0.37007186805203673,-0.2233323051041225,-0.95,1.0699999999999998,0.4206,0.534357,1.0,0.534357,True,bear
SNA,Snap-on Incorporated,Industrials,Manufacturing - Tools & Accessories,research_queue,step7_risk_adjusted_ranking,robust_return<=0; median_irr<=hurdle,71,False,-0.19318196932756107,0.008810099465699764,0.0170888549735537,-0.07318196932756107,0.19318196932756107,0.9143,0.8255,0.7,0.57785,False,
STE,STERIS plc,Healthcare,Medical - Specialties,hard_filter_rejected,step2_hard_filters,adr_excluded,,,,,,,,,,,,,
LEN,Lennar Corporation,Consumer Cyclical,Residential Construction,research_queue,step7_risk_adjusted_ranking,robust_return<=0; median_irr<=hurdle,30,False,-0.12002356338081878,0.1001352911363938,0.10130841418867932,-2.3563380818786046e-05,0.12002356338081878,0.4944,0.45569790000000004,1.0,0.45569790000000004,False,
PKG,Packaging Corporation of America,Consumer Cyclical,Packaging & Containers,research_queue,step7_risk_adjusted_ranking,robust_return<=0; median_irr<=hurdle,147,False,-0.2948751416889718,-0.10594804774591463,-0.10748778423876496,-0.17487514168897178,0.2948751416889718,0.7699,0.69768,1.0,0.69768,False,
TSN,"Tyson Foods, Inc.",Consumer Defensive,Agricultural Farm Products,research_queue,step7_risk_adjusted_ranking,robust_return<=0,29,False,-0.11960390463386626,0.12309130346984606,0.12340878117829565,-0.001582518033683272,0.12158251803368327,0.6055,0.580446,1.0,0.580446,False,
AMCR,Amcor plc,Consumer Cyclical,Packaging & Containers,hard_filter_rejected,step2_hard_filters,adr_excluded,,,,,,,,,,,,,
GIS,"General Mills, Inc.",Consumer Defensive,Packaged Foods,research_queue,step7_risk_adjusted_ranking,robust_return<=0,24,False,-0.08575391690880288,0.1526658793096431,0.17347921503242109,-0.001441105152480276,0.12144110515248027,0.8056,0.7850699999999999,0.85,0.6673094999999999,False,
IFF,International Flavors & Fragrances Inc.,Basic Materials,Chemicals - Specialty,watchlist,step6_scenario_valuation,insufficient_post_valuation_model_confidence,,,,-0.34101428180292714,-0.2708408032834996,-0.95,1.0699999999999998,0.225,0.3411,1.0,0.3411,True,bear
IP,International Paper Company,Consumer Cyclical,Packaging & Containers,hard_filter_rejected,step2_hard_filters,interest_coverage;excessive_leverage;severe_dilution,,,,,,,,,,,,,
FDXF,"FedEx Freight Holding Company, Inc.",Industrials,Integrated Freight & Logistics,hard_filter_rejected,step2_hard_filters,listing_age,,,,,,,,,,,,,
LYB,LyondellBasell Industries N.V.,Basic Materials,Chemicals - Specialty,hard_filter_rejected,step2_hard_filters,adr_excluded,,,,,,,,,,,,,
LII,Lennox International Inc.,Industrials,Construction,research_queue,step7_risk_adjusted_ranking,robust_return<=0; median_irr<=hurdle,194,False,-0.3505281608758377,-0.13914844097835152,-0.13098048700703652,-0.23052816087583775,0.3505281608758377,0.9501,0.7943,1.0,0.7943,False,
FTV,Fortive Corporation,Technology,Industrial - Machinery,research_queue,step7_risk_adjusted_ranking,robust_return<=0; median_irr<=hurdle,269,False,-0.49871545091038555,-0.20750488794437835,-0.17833987661870193,-0.37871545091038555,0.49871545091038555,0.5398,0.5740200000000001,1.0,0.5740200000000001,False,
CF,"CF Industries Holdings, Inc.",Basic Materials,Agricultural Inputs,watchlist,step6_scenario_valuation,insufficient_post_valuation_model_confidence,,,,0.3032432174441056,0.3293424350966233,0.03353805333026688,0.08646194666973311,0.8943,0.31922100000000003,1.0,0.31922100000000003,False,
GPN,Global Payments Inc.,Financial Services,Financial - Credit Services,watchlist,step2_model_routing,consumer_finance_model_not_supported,,,,,,,,,,,,,
DD,"DuPont de Nemours, Inc.",Basic Materials,Chemicals - Specialty,research_queue,step7_risk_adjusted_ranking,robust_return<=0; median_irr<=hurdle,282,False,-0.6300854487274775,-0.284055611993972,-0.23911553829384496,-0.5100854487274775,0.6300854487274775,0.4309,0.43011000000000005,0.85,0.3655935,False,
BBY,"Best Buy Co., Inc.",Consumer Cyclical,Specialty Retail,research_queue,step7_risk_adjusted_ranking,robust_return<=0; median_irr<=hurdle,79,False,-0.21253212988260195,-0.06238900898897552,-0.06195527790114282,-0.09253212988260195,0.21253212988260195,0.9551,0.656829,1.0,0.656829,False,
INVH,Invitation Homes Inc.,Real Estate,REIT - Residential,research_queue,step7_risk_adjusted_ranking,robust_return<=0,20,False,-0.07037592864352255,0.12486210799427216,0.1556445875478616,0.03251466933350389,0.08748533066649611,0.5693242788413946,0.6,0.8,0.48,False,
WY,Weyerhaeuser Company,Basic Materials,"Paper, Lumber & Forest Products",hard_filter_rejected,step2_hard_filters,interest_coverage,,,,,,,,,,,,,
ZBH,"Zimmer Biomet Holdings, Inc.",Healthcare,Medical - Devices,research_queue,step7_risk_adjusted_ranking,robust_return<=0; median_irr<=hurdle,297,False,-1.0699999999999998,-0.15572453615895937,0.03409745692042636,-0.95,1.0699999999999998,0.2145,0.51129,1.0,0.51129,True,bear
KIM,Kimco Realty Corporation,Real Estate,REIT - Retail,research_queue,step7_risk_adjusted_ranking,robust_return<=0; median_irr<=hurdle,67,False,-0.18678946132888874,-0.0007707461299507334,-0.007897811963292534,-0.06678946132888874,0.18678946132888874,0.7364039947654846,0.6,0.8,0.48,False,
NVR,"NVR, Inc.",Consumer Cyclical,Residential Construction,research_queue,step7_risk_adjusted_ranking,robust_return<=0; median_irr<=hurdle,47,False,-0.15996574407537986,0.06554535155355554,0.07431569984346427,-0.03996574407537987,0.15996574407537986,0.9453,0.67896,1.0,0.67896,False,
GPC,Genuine Parts Company,Consumer Cyclical,Specialty Retail,research_queue,step7_risk_adjusted_ranking,robust_return<=0; median_irr<=hurdle,113,False,-0.2597434270358644,-0.058521256860694815,-0.058402630413183915,-0.1397434270358644,0.2597434270358644,0.7258,0.7056,1.0,0.7056,False,
BR,"Broadridge Financial Solutions, Inc.",Technology,Information Technology Services,research_queue,step7_risk_adjusted_ranking,robust_return<=0; median_irr<=hurdle,104,False,-0.24930671118665484,-0.03181577456271041,-0.021281667705625264,-0.12930671118665485,0.24930671118665484,0.8646,0.8728,1.0,0.8728,False,
BEN,"Franklin Resources, Inc.",Financial Services,Asset Management,watchlist,step2_model_routing,asset_management_model_not_supported,,,,,,,,,,,,,
BALL,Ball Corporation,Consumer Cyclical,Packaging & Containers,research_queue,step7_risk_adjusted_ranking,robust_return<=0; median_irr<=hurdle,281,False,-0.5797130987909622,-0.1896036297199316,-0.13675875880871896,-0.45971309879096217,0.5797130987909622,0.6476,0.533223,1.0,0.533223,False,
IEX,IDEX Corporation,Industrials,Industrial - Machinery,research_queue,step7_risk_adjusted_ranking,robust_return<=0; median_irr<=hurdle,158,False,-0.30525770934356844,-0.13540136693045493,-0.1326995500508928,-0.18525770934356844,0.30525770934356844,0.7634,0.73512,1.0,0.73512,False,
TXT,Textron Inc.,Industrials,Aerospace & Defense,research_queue,step7_risk_adjusted_ranking,robust_return<=0; median_irr<=hurdle,131,False,-0.2752548955020029,0.007219578091462654,0.02135904803290034,-0.15525489550200286,0.2752548955020029,0.6853,0.62217,0.7,0.435519,False,
MAS,Masco Corporation,Industrials,Construction Materials,research_queue,step7_risk_adjusted_ranking,robust_return<=0; median_irr<=hurdle,124,False,-0.26896028421353546,-0.13415166366467013,-0.14563112204778003,-0.14896028421353544,0.26896028421353546,0.9855,0.6931170000000001,1.0,0.6931170000000001,False,
J,Jacobs Solutions Inc.,Industrials,Engineering & Construction,research_queue,step7_risk_adjusted_ranking,robust_return<=0; median_irr<=hurdle,312,False,-1.0699999999999998,-0.35766081588517407,-0.20234829083492512,-0.95,1.0699999999999998,0.5192,0.52083,1.0,0.52083,True,bear
DOC,"Healthpeak Properties, Inc.",Real Estate,REIT - Healthcare Facilities,research_queue,step7_risk_adjusted_ranking,robust_return<=0; median_irr<=hurdle,92,False,-0.2337493195497935,-0.10424619551324724,-0.1137493195497935,-0.1137493195497935,0.2337493195497935,1.0,0.6,0.8,0.48,False,
MAA,"Mid-America Apartment Communities, Inc.",Real Estate,REIT - Residential,research_queue,step7_risk_adjusted_ranking,robust_return<=0; median_irr<=hurdle,85,False,-0.22174229944657198,-0.09076177381164169,-0.10174229944657198,-0.10174229944657198,0.22174229944657198,1.0,0.6,0.8,0.48,False,
DVA,DaVita Inc.,Healthcare,Medical - Care Facilities,research_queue,step7_risk_adjusted_ranking,robust_return<=0; median_irr<=hurdle,244,False,-0.43666543465107693,-0.10822181808325697,-0.07280443917261435,-0.31666543465107694,0.43666543465107693,0.7845,0.8733,0.7,0.6113099999999999,False,
EG,"Everest Group, Ltd.",Financial Services,Insurance - Reinsurance,hard_filter_rejected,step2_hard_filters,adr_excluded,,,,,,,,,,,,,
DECK,Deckers Outdoor Corporation,Consumer Cyclical,Apparel - Footwear & Accessories,research_queue,step7_risk_adjusted_ranking,robust_return<=0; median_irr<=hurdle,35,False,-0.12748909902758893,0.08136884292325705,0.08950602854019965,-0.007489099027588934,0.12748909902758893,0.9559,0.7479899999999999,1.0,0.7479899999999999,False,
GL,Globe Life Inc.,Financial Services,Insurance - Life,research_queue,step7_risk_adjusted_ranking,robust_return<=0; median_irr<=hurdle,41,False,-0.15068904510388526,0.07522822857582018,0.09221189708480249,-0.03068904510388526,0.15068904510388526,0.5505301281256516,0.6,0.8,0.48,False,
ALB,Albemarle Corporation,Basic Materials,Chemicals - Specialty,hard_filter_rejected,step2_hard_filters,interest_coverage,,,,,,,,,,,,,
SOLV,Solventum Corporation,Healthcare,Medical - Care Facilities,hard_filter_rejected,step2_hard_filters,listing_age,,,,,,,,,,,,,
SWK,"Stanley Black & Decker, Inc.",Industrials,Manufacturing - Tools & Accessories,research_queue,step7_risk_adjusted_ranking,robust_return<=0; median_irr<=hurdle,181,False,-0.33430599653976967,-0.02188783353049073,0.012023725645849508,-0.2143059965397697,0.33430599653976967,0.6511,0.6687,1.0,0.6687,False,
HRL,Hormel Foods Corporation,Consumer Defensive,Packaged Foods,research_queue,step7_risk_adjusted_ranking,robust_return<=0; median_irr<=hurdle,65,False,-0.18622514934279022,0.0004906849469989809,-0.003927268693223569,-0.06622514934279021,0.18622514934279022,0.6897,0.6015870000000001,1.0,0.6015870000000001,False,
MKC,"McCormick & Company, Incorporated",Consumer Defensive,Packaged Foods,research_queue,step7_risk_adjusted_ranking,robust_return<=0,38,False,-0.13841761089768628,0.12007363568700388,0.14007883816957475,-0.03549064699327571,0.1554906469932757,0.7391,0.8503,1.0,0.8503,False,
TKO,"TKO Group Holdings, Inc.",Communication Services,Entertainment,hard_filter_rejected,step2_hard_filters,listing_age,,,,,,,,,,,,,
AIZ,"Assurant, Inc.",Financial Services,Insurance - Specialty,research_queue,step7_risk_adjusted_ranking,robust_return<=0; median_irr<=hurdle,127,False,-0.27342822000035893,-0.007978264811881464,0.016002516547192203,-0.15342822000035894,0.27342822000035893,0.4016474543866634,0.6,0.8,0.48,False,
TYL,"Tyler Technologies, Inc.",Technology,Software - Application,research_queue,step7_risk_adjusted_ranking,robust_return<=0; median_irr<=hurdle,179,False,-0.32972657003731,-0.14244566194975045,-0.13810140538262194,-0.20972657003731,0.32972657003731,0.7383,0.64125,1.0,0.64125,False,
LDOS,"Leidos Holdings, Inc.",Technology,Information Technology Services,research_queue,step7_risk_adjusted_ranking,robust_return<=0,27,False,-0.11028217350652073,0.176939968118677,0.20827639559283861,-0.046284012659452825,0.1662840126594528,0.792,0.6343920000000001,1.0,0.6343920000000001,False,
IVZ,Invesco Ltd.,Financial Services,Asset Management,watchlist,step2_model_routing,asset_management_model_not_supported,,,,,,,,,,,,,
PNW,Pinnacle West Capital Corporation,Utilities,Regulated Electric,hard_filter_rejected,step2_hard_filters,persistent_negative_fcf;excessive_leverage,,,,,,,,,,,,,
UDR,"UDR, Inc.",Real Estate,REIT - Residential,research_queue,step7_risk_adjusted_ranking,robust_return<=0,13,False,-0.018660585580337473,0.17552904901265393,0.21554634191704491,0.05547717029948096,0.06452282970051904,0.4936130317590529,0.6,0.8,0.48,False,
GNRC,Generac Holdings Inc.,Industrials,Industrial - Machinery,research_queue,step7_risk_adjusted_ranking,robust_return<=0; median_irr<=hurdle,247,False,-0.4417999344095006,-0.20110027509617792,-0.19733376933145333,-0.3217999344095006,0.4417999344095006,0.5485,0.40815900000000005,1.0,0.40815900000000005,False,
GDDY,GoDaddy Inc.,Technology,Software - Infrastructure,research_queue,step7_risk_adjusted_ranking,robust_return<=0; median_irr<=hurdle,195,False,-0.3505584821442607,-0.013028387715166859,0.020165144064230874,-0.23055848214426072,0.3505584821442607,0.733,0.6130890000000001,1.0,0.6130890000000001,False,
RVTY,"Revvity, Inc.",Healthcare,Medical - Diagnostics & Research,research_queue,step7_risk_adjusted_ranking,robust_return<=0; median_irr<=hurdle,320,False,-1.0699999999999998,-0.43708511822333096,-0.31972562036244206,-0.95,1.0699999999999998,0.3116,0.47439000000000003,1.0,0.47439000000000003,True,bear
AVY,Avery Dennison Corporation,Consumer Cyclical,Packaging & Containers,research_queue,step7_risk_adjusted_ranking,robust_return<=0; median_irr<=hurdle,82,False,-0.21573865113197824,-0.021270839165663323,-0.013267679268028559,-0.09573865113197824,0.21573865113197824,0.8491,0.8279,1.0,0.8279,False,
APTV,Aptiv PLC,Consumer Cyclical,Auto - Parts,hard_filter_rejected,step2_hard_filters,adr_excluded,,,,,,,,,,,,,
SJM,The J. M. Smucker Company,Consumer Defensive,Packaged Foods,hard_filter_rejected,step2_hard_filters,interest_coverage;excessive_leverage,,,,,,,,,,,,,
BF-B,Brown-Forman Corporation,Consumer Defensive,Beverages - Wineries & Distilleries,research_queue,step7_risk_adjusted_ranking,robust_return<=0; median_irr<=hurdle,36,False,-0.13181237720884378,0.033512176928343275,0.044394415197894,-0.011812377208843799,0.13181237720884378,0.8709,0.683154,1.0,0.683154,False,
MGM,MGM Resorts International,Consumer Cyclical,"Gambling, Resorts & Casinos",hard_filter_rejected,step2_hard_filters,excessive_leverage,,,,,,,,,,,,,
ALLE,Allegion plc,Industrials,Security & Protection Services,hard_filter_rejected,step2_hard_filters,adr_excluded,,,,,,,,,,,,,
BAX,Baxter International Inc.,Healthcare,Medical - Instruments & Supplies,hard_filter_rejected,step2_hard_filters,interest_coverage;excessive_leverage,,,,,,,,,,,,,
CLX,The Clorox Company,Consumer Defensive,Household & Personal Products,research_queue,step7_risk_adjusted_ranking,robust_return<=0,61,False,-0.18162336230933393,0.10407554135454125,0.12582401264808146,-0.06633673574542624,0.18633673574542625,0.936,0.8093,1.0,0.8093,False,
CPT,Camden Property Trust,Real Estate,REIT - Residential,eligible,step7_risk_adjusted_ranking,eligible,10,True,0.025790919250533166,0.19668680356196022,0.2314905932528999,0.09227543448914122,0.02772456551085878,0.5489153021361484,0.6,0.8,0.48,False,
BXP,"BXP, Inc.",Real Estate,REIT - Office,eligible,step7_risk_adjusted_ranking,eligible,9,True,0.027618994590959872,0.1826510065651536,0.20848612367843433,0.10514565522531139,0.01485434477468861,0.6395717358818989,0.6,0.8,0.48,False,
CRL,"Charles River Laboratories International, Inc.",Healthcare,Medical - Diagnostics & Research,research_queue,step7_risk_adjusted_ranking,robust_return<=0; median_irr<=hurdle,319,False,-1.0699999999999998,-0.42289946321616295,-0.291719357855618,-0.95,1.0699999999999998,0.4019,0.5426190000000001,0.85,0.46122615000000006,True,bear
HII,"Huntington Ingalls Industries, Inc.",Industrials,Aerospace & Defense,research_queue,step7_risk_adjusted_ranking,robust_return<=0; median_irr<=hurdle,107,False,-0.25191723689087664,-0.015734024684934376,-0.005612722730438663,-0.13191723689087662,0.25191723689087664,0.6448,0.6581699999999999,1.0,0.6581699999999999,False,
AES,The AES Corporation,Utilities,Independent Power Producers,hard_filter_rejected,step2_hard_filters,persistent_negative_fcf;interest_coverage;excessive_leverage,,,,,,,,,,,,,
PNR,Pentair plc,Industrials,Industrial - Machinery,hard_filter_rejected,step2_hard_filters,adr_excluded,,,,,,,,,,,,,
UHS,"Universal Health Services, Inc.",Healthcare,Medical - Care Facilities,eligible,step7_risk_adjusted_ranking,eligible,1,True,0.14864179630990781,0.294844843998726,0.3135969422757627,0.14008993011666465,0.0,0.7832,0.76779,1.0,0.76779,False,
IT,"Gartner, Inc.",Technology,Consulting Services,research_queue,step7_risk_adjusted_ranking,robust_return<=0,22,False,-0.08414901517690038,0.16094657733774514,0.17875491534941831,-0.0076864074508193585,0.12768640745081936,0.9097,0.741,1.0,0.741,False,
FDS,FactSet Research Systems Inc.,Financial Services,Financial - Data & Stock Exchanges,watchlist,step2_model_routing,financial_sector_model_not_supported,,,,,,,,,,,,,
NCLH,Norwegian Cruise Line Holdings Ltd.,Consumer Cyclical,Travel Services,hard_filter_rejected,step2_hard_filters,interest_coverage,,,,,,,,,,,,,
ARE,"Alexandria Real Estate Equities, Inc.",Real Estate,REIT - Office,eligible,step7_risk_adjusted_ranking,eligible,6,True,0.07091381968610017,0.24400374297862493,0.267737124346042,0.17280359887637364,0.0,0.6776109384348231,0.6,0.8,0.48,False,
AOS,A. O. Smith Corporation,Industrials,Industrial - Machinery,research_queue,step7_risk_adjusted_ranking,robust_return<=0; median_irr<=hurdle,70,False,-0.1921321039833128,0.012010455181007296,0.018765307578723904,-0.0721321039833128,0.1921321039833128,0.9535,0.818,1.0,0.818,False,
BLDR,"Builders FirstSource, Inc.",Basic Materials,Construction Materials,watchlist,step6_scenario_valuation,insufficient_post_valuation_model_confidence,,,,-0.25029556845256595,-0.12497613041196015,-0.95,1.0699999999999998,0.5976,0.31419900000000006,1.0,0.31419900000000006,True,bear
TAP,Molson Coors Beverage Company,Consumer Defensive,Beverages - Alcoholic,hard_filter_rejected,step2_hard_filters,interest_coverage;negative_ebitda_with_debt,,,,,,,,,,,,,
MOS,The Mosaic Company,Basic Materials,Agricultural Inputs,watchlist,step5_quality_risk,insufficient_model_confidence,,,,,,,,,0.3365,0.85,,,
NVDA,NVIDIA Corporation,Technology,Semiconductors,watchlist,step6_scenario_valuation,insufficient_post_valuation_model_confidence,,,,-0.180326121548569,-0.1744021074759075,-0.3263935420545749,0.4463935420545749,0.8597,0.3443796,1.0,0.3443796,False,
AAPL,Apple Inc.,Technology,Consumer Electronics,research_queue,step7_risk_adjusted_ranking,robust_return<=0; median_irr<=hurdle,178,False,-0.32972610160533805,-0.1333419470625813,-0.12867270276474296,-0.20972610160533806,0.32972610160533805,0.9712,0.69309,0.95,0.6584355,False,
GOOGL,Alphabet Inc.,Communication Services,Internet Content & Information,research_queue,step7_risk_adjusted_ranking,robust_return<=0; median_irr<=hurdle,151,False,-0.29998807786498216,-0.09947483453361197,-0.09226044543465828,-0.17998807786498214,0.29998807786498216,0.9495,0.7447,1.0,0.7447,False,
GOOG,Alphabet Inc.,Communication Services,Internet Content & Information,hard_filter_rejected,step2_hard_filters,duplicate_share_class,,,,,,,,,,,,,
MSFT,Microsoft Corporation,Technology,Software - Infrastructure,research_queue,step7_risk_adjusted_ranking,robust_return<=0; median_irr<=hurdle,84,False,-0.22047331037494583,-0.03011944886420676,-0.023203842672228317,-0.10047331037494583,0.22047331037494583,0.9665,0.8866,1.0,0.8866,False,
AMZN,"Amazon.com, Inc.",Consumer Cyclical,Specialty Retail,research_queue,step7_risk_adjusted_ranking,robust_return<=0; median_irr<=hurdle,263,False,-0.4834816631820286,-0.24311342521978074,-0.22872327514487548,-0.3634816631820286,0.4834816631820286,0.6548,0.6507,0.85,0.5530949999999999,False,
AVGO,Broadcom Inc.,Technology,Semiconductors,research_queue,step7_risk_adjusted_ranking,robust_return<=0; median_irr<=hurdle,270,False,-0.5022131189430366,-0.2658831737702713,-0.2520360720038298,-0.3822131189430366,0.5022131189430366,0.6457,0.4887540000000001,1.0,0.4887540000000001,False,
META,"Meta Platforms, Inc.",Communication Services,Internet Content & Information,research_queue,step7_risk_adjusted_ranking,robust_return<=0; median_irr<=hurdle,50,False,-0.1650084101539687,0.06140221481764457,0.07431462111271683,-0.045008410153968705,0.1650084101539687,0.9547,0.7459,1.0,0.7459,False,
SPCX,Space Exploration Technologies Corp.,Industrials,Aerospace & Defense,hard_filter_rejected,step2_hard_filters,security_type;listing_age,,,,,,,,,,,,,
TSLA,"Tesla, Inc.",Consumer Cyclical,Auto - Manufacturers,watchlist,step5_quality_risk,insufficient_model_confidence,,,,,,,,,0.3356,1.0,,,
MU,"Micron Technology, Inc.",Technology,Semiconductors,watchlist,step6_scenario_valuation,insufficient_post_valuation_model_confidence,,,,-0.15227306478263927,-0.13896998819764123,-0.3681310542837309,0.4881310542837309,0.6493,0.32157,0.85,0.27333450000000004,False,
WMT,Walmart Inc.,Consumer Defensive,Discount Stores,research_queue,step7_risk_adjusted_ranking,robust_return<=0; median_irr<=hurdle,183,False,-0.33775849917903544,-0.14811368048249274,-0.14211192091170227,-0.21775849917903542,0.33775849917903544,0.8415,0.9075,1.0,0.9075,False,
AMD,"Advanced Micro Devices, Inc.",Technology,Semiconductors,watchlist,step6_scenario_valuation,insufficient_post_valuation_model_confidence,,,,-0.4176203025253927,-0.4133202964454541,-0.517521350471361,0.637521350471361,0.3728,0.274104,1.0,0.274104,False,
ASML,ASML Holding N.V.,Technology,Semiconductors,hard_filter_rejected,step2_hard_filters,adr_excluded,,,,,,,,,,,,,
INTC,Intel Corp.,Technology,Semiconductors,hard_filter_rejected,step2_hard_filters,persistent_negative_fcf;interest_coverage,,,,,,,,,,,,,
CSCO,"Cisco Systems, Inc.",Technology,Communication Equipment,research_queue,step7_risk_adjusted_ranking,robust_return<=0; median_irr<=hurdle,180,False,-0.33370643315021875,-0.1691671153224888,-0.16675423382548615,-0.21370643315021876,0.33370643315021875,0.8703,0.76914,1.0,0.76914,False,
AMAT,"Applied Materials, Inc.",Technology,Semiconductors,research_queue,step7_risk_adjusted_ranking,robust_return<=0; median_irr<=hurdle,221,False,-0.39939859882753803,-0.22988915309524593,-0.22988264856830934,-0.27939859882753804,0.39939859882753803,0.9754,0.7449,0.7,0.52143,False,
COST,Costco Wholesale Corporation,Consumer Defensive,Discount Stores,research_queue,step7_risk_adjusted_ranking,robust_return<=0; median_irr<=hurdle,175,False,-0.3255718423467624,-0.1399923362489971,-0.1326185645077202,-0.20557184234676243,0.3255718423467624,0.981,0.8944,1.0,0.8944,False,
LRCX,Lam Research Corporation,Technology,Semiconductors,research_queue,step7_risk_adjusted_ranking,robust_return<=0; median_irr<=hurdle,229,False,-0.4189236588822678,-0.24440564770193302,-0.2448009149098652,-0.2989236588822678,0.4189236588822678,0.9787,0.6604,1.0,0.6604,False,
PLTR,Palantir Technologies Inc.,Technology,Software - Infrastructure,hard_filter_rejected,step2_hard_filters,severe_dilution,,,,,,,,,,,,,
NFLX,"Netflix, Inc.",Communication Services,Entertainment,research_queue,step7_risk_adjusted_ranking,robust_return<=0; median_irr<=hurdle,173,False,-0.32549670127802527,-0.108799340443511,-0.10198364709503946,-0.20549670127802527,0.32549670127802527,0.9074,0.6498,1.0,0.6498,False,
ARM,Arm Holdings plc American Depositary Shares,Technology,Semiconductors,hard_filter_rejected,step2_hard_filters,adr_excluded;listing_age,,,,,,,,,,,,,
KLAC,KLA Corporation,Technology,Semiconductors,research_queue,step7_risk_adjusted_ranking,robust_return<=0; median_irr<=hurdle,216,False,-0.3958418672412518,-0.2163560731387406,-0.214167103197542,-0.2758418672412518,0.3958418672412518,0.9699,0.68886,1.0,0.68886,False,
TXN,Texas Instruments Incorporated,Technology,Semiconductors,research_queue,step7_risk_adjusted_ranking,robust_return<=0; median_irr<=hurdle,224,False,-0.4034308512829011,-0.22286184121403493,-0.22286693090427434,-0.28343085128290113,0.4034308512829011,0.8994,0.560034,1.0,0.560034,False,
PANW,"Palo Alto Networks, Inc.",Technology,Software - Infrastructure,normalization_rejected,step4_normalized_model,no_normalized_earnings,,,,,,,,,,,,,
LIN,Linde plc,Basic Materials,Chemicals - Specialty,hard_filter_rejected,step2_hard_filters,adr_excluded,,,,,,,,,,,,,
TMUS,"T-Mobile US, Inc.",Communication Services,Telecommunications Services,research_queue,step7_risk_adjusted_ranking,robust_return<=0; median_irr<=hurdle,301,False,-1.0699999999999998,-0.19381481168384196,-0.017746836773585503,-0.95,1.0699999999999998,0.4858,0.41204700000000005,1.0,0.41204700000000005,True,bear
CRWD,"CrowdStrike Holdings, Inc.",Technology,Software - Infrastructure,normalization_rejected,step4_normalized_model,no_normalized_earnings,,,,,,,,,,,,,
SNDK,Sandisk Corporation,Technology,Computer Hardware,hard_filter_rejected,step2_hard_filters,insufficient_financial_history,,,,,,,,,,,,,
AMGN,Amgen Inc.,Healthcare,Drug Manufacturers - General,research_queue,step7_risk_adjusted_ranking,robust_return<=0; median_irr<=hurdle,89,False,-0.22986611681728386,0.0327705998995953,0.04873443904943999,-0.10986611681728387,0.22986611681728386,0.893,0.7779,1.0,0.7779,False,
PEP,"PepsiCo, Inc.",Consumer Defensive,Beverages - Non-Alcoholic,research_queue,step7_risk_adjusted_ranking,robust_return<=0; median_irr<=hurdle,46,False,-0.15825944123091173,0.08539701557310765,0.10136966235586442,-0.038259441230911725,0.15825944123091173,0.9239,0.8969,1.0,0.8969,False,
ADI,"Analog Devices, Inc.",Technology,Semiconductors,research_queue,step7_risk_adjusted_ranking,robust_return<=0; median_irr<=hurdle,262,False,-0.4783246209935169,-0.22125787336954086,-0.21412920408038183,-0.3583246209935169,0.4783246209935169,0.4345,0.42543000000000003,1.0,0.42543000000000003,False,
QCOM,QUALCOMM Incorporated,Technology,Semiconductors,research_queue,step7_risk_adjusted_ranking,robust_return<=0; median_irr<=hurdle,133,False,-0.27559101244143674,-0.022141460209240883,-0.012049504238530035,-0.15559101244143675,0.27559101244143674,0.8972,0.5379,1.0,0.5379,False,
STX,Seagate Technology Holdings plc,Technology,Computer Hardware,hard_filter_rejected,step2_hard_filters,adr_excluded,,,,,,,,,,,,,
GILD,"Gilead Sciences, Inc.",Healthcare,Drug Manufacturers - General,research_queue,step7_risk_adjusted_ranking,robust_return<=0; median_irr<=hurdle,130,False,-0.27516969033633354,-0.0007166206749388768,0.016034647275228076,-0.15516969033633357,0.27516969033633354,0.8797,0.7626,1.0,0.7626,False,
MRVL,"Marvell Technology, Inc.",Technology,Semiconductors,normalization_rejected,step4_normalized_model,no_normalized_earnings,,,,,,,,,,,,,
WDC,Western Digital Corporation,Technology,Computer Hardware,research_queue,step7_risk_adjusted_ranking,robust_return<=0; median_irr<=hurdle,288,False,-0.7678305323809763,-0.4753653565049717,-0.4622774502473475,-0.6478305323809763,0.7678305323809763,0.475,0.37602,1.0,0.37602,False,
SHOP,Shopify Inc.,Technology,Software - Application,hard_filter_rejected,step2_hard_filters,adr_excluded,,,,,,,,,,,,,
IBKR,"Interactive Brokers Group, Inc.",Financial Services,Investment - Banking & Investment Services,research_queue,step7_risk_adjusted_ranking,robust_return<=0; median_irr<=hurdle,257,False,-0.46228431608888265,-0.27465429963931787,-0.2635417330605436,-0.34228431608888266,0.46228431608888265,0.5681333491486806,0.6,0.8,0.48,False,
APP,AppLovin Corporation,Technology,Software - Application,watchlist,step6_scenario_valuation,insufficient_post_valuation_model_confidence,,,,-0.25178271250988465,-0.2396294110003509,-0.4875162865937453,0.6075162865937453,0.5555,0.31004370000000003,1.0,0.31004370000000003,False,
BKNG,Booking Holdings Inc.,Consumer Cyclical,Travel Services,watchlist,step6_scenario_valuation,roic_not_meaningful:meaningless_capital,,,,,,,,,0.4338,1.0,,,
VRTX,Vertex Pharmaceuticals Incorporated,Healthcare,Biotechnology,research_queue,step7_risk_adjusted_ranking,robust_return<=0; median_irr<=hurdle,95,False,-0.2363119228527648,0.022736240563244824,0.033486035402165756,-0.11631192285276482,0.2363119228527648,0.8782,0.6194,1.0,0.6194,False,
ISRG,"Intuitive Surgical, Inc.",Healthcare,Medical - Devices,research_queue,step7_risk_adjusted_ranking,robust_return<=0; median_irr<=hurdle,166,False,-0.3147598061335156,-0.12096943967371769,-0.11300097003550033,-0.19475980613351565,0.3147598061335156,0.8759,0.7582,0.6499999999999999,0.49282999999999993,False,
SBUX,Starbucks Corporation,Consumer Cyclical,Restaurants,research_queue,step7_risk_adjusted_ranking,robust_return<=0; median_irr<=hurdle,238,False,-0.4328311317937914,-0.22028237544291182,-0.21910571262123987,-0.3128311317937914,0.4328311317937914,0.8655,0.5695920000000001,0.85,0.48415320000000006,False,
PDD,PDD Holdings Inc.,Consumer Cyclical,Department Stores,hard_filter_rejected,step2_hard_filters,adr_excluded,,,,,,,,,,,,,
FTNT,"Fortinet, Inc.",Technology,Software - Infrastructure,watchlist,step6_scenario_valuation,roic_not_meaningful:meaningless_capital,,,,,,,,,0.6355,1.0,,,
ADP,"Automatic Data Processing, Inc.",Technology,Software - Application,research_queue,step7_risk_adjusted_ranking,robust_return<=0; median_irr<=hurdle,91,False,-0.23256187421677166,-0.026731652361922865,-0.017029227840248466,-0.11256187421677165,0.23256187421677166,0.9696,0.81504,1.0,0.81504,False,
EQIX,"Equinix, Inc.",Real Estate,REIT - Specialty,research_queue,step7_risk_adjusted_ranking,robust_return<=0; median_irr<=hurdle,119,False,-0.2639754620010043,-0.07912687888143452,-0.05751068450824459,-0.1439754620010043,0.2639754620010043,0.618085979089941,0.6,0.8,0.48,False,
MAR,"Marriott International, Inc.",Consumer Cyclical,Travel Lodging,research_queue,step7_risk_adjusted_ranking,robust_return<=0; median_irr<=hurdle,283,False,-0.6328787384543102,-0.20484152640201497,-0.1519525532130501,-0.5128787384543102,0.6328787384543102,0.891,0.38296800000000003,1.0,0.38296800000000003,False,
MNST,Monster Beverage Corporation,Consumer Defensive,Beverages - Non-Alcoholic,research_queue,step7_risk_adjusted_ranking,robust_return<=0; median_irr<=hurdle,117,False,-0.2628130909393075,-0.0533229334178031,-0.04477695092791689,-0.1428130909393075,0.2628130909393075,0.9638,0.8507,1.0,0.8507,False,
ADBE,Adobe Inc.,Technology,Software - Application,research_queue,step7_risk_adjusted_ranking,robust_return<=0,21,False,-0.07900232396511589,0.12264103813286058,0.13243223347526512,0.03124757260957269,0.08875242739042731,0.9778,0.78426,1.0,0.78426,False,
CSX,CSX Corporation,Industrials,Railroads,research_queue,step7_risk_adjusted_ranking,robust_return<=0; median_irr<=hurdle,222,False,-0.40091080592712386,-0.20661415914073586,-0.20915997701231392,-0.28091080592712386,0.40091080592712386,0.7584,0.6098490000000001,1.0,0.6098490000000001,False,
DDOG,"Datadog, Inc.",Technology,Software - Application,normalization_rejected,step4_normalized_model,no_normalized_earnings,,,,,,,,,,,,,
MELI,"MercadoLibre, Inc.",Consumer Cyclical,Specialty Retail,hard_filter_rejected,step2_hard_filters,adr_excluded,,,,,,,,,,,,,
CDNS,"Cadence Design Systems, Inc.",Technology,Software - Application,research_queue,step7_risk_adjusted_ranking,robust_return<=0; median_irr<=hurdle,225,False,-0.4052433969412232,-0.21649678993999258,-0.2107567233761074,-0.2852433969412232,0.4052433969412232,0.837,0.8492,1.0,0.8492,False,
CEG,Constellation Energy Corporation,Utilities,Renewable Utilities,hard_filter_rejected,step2_hard_filters,earnings_cash_mismatch,,,,,,,,,,,,,
HOOD,"Robinhood Markets, Inc.",Financial Services,Financial - Capital Markets,watchlist,step2_model_routing,asset_management_model_not_supported,,,,,,,,,,,,,
CME,CME Group Inc.,Financial Services,Financial - Data & Stock Exchanges,watchlist,step2_model_routing,financial_sector_model_not_supported,,,,,,,,,,,,,
ABNB,"Airbnb, Inc.",Consumer Cyclical,Travel Services,watchlist,step6_scenario_valuation,roic_not_meaningful:meaningless_capital,,,,,,,,,0.3602,0.95,,,
CMCSA,Comcast Corporation,Communication Services,Telecommunications Services,eligible,step7_risk_adjusted_ranking,eligible,8,True,0.0297465252446458,0.18873877149890178,0.18434173210989688,0.14883840889669953,0.0,0.7638,0.5439069,0.85,0.46232086499999997,False,
CTAS,Cintas Corporation,Industrials,Specialty Business Services,research_queue,step7_risk_adjusted_ranking,robust_return<=0; median_irr<=hurdle,186,False,-0.34208073832734953,-0.14189894907976847,-0.1333489044278394,-0.22208073832734954,0.34208073832734953,0.9645,0.8754,1.0,0.8754,False,
DASH,"DoorDash, Inc.",Communication Services,Internet Content & Information,normalization_rejected,step4_normalized_model,no_normalized_earnings,,,,,,,,,,,,,
INTU,Intuit Inc.,Technology,Software - Application,research_queue,step7_risk_adjusted_ranking,robust_return<=0; median_irr<=hurdle,31,False,-0.12025782590091691,0.09288880397289177,0.10426535769947806,-0.0002578259009169135,0.12025782590091691,0.9444,0.831,1.0,0.831,False,
MDLZ,"Mondelez International, Inc.",Consumer Defensive,Food Confectioners,research_queue,step7_risk_adjusted_ranking,robust_return<=0; median_irr<=hurdle,134,False,-0.27578540123533457,-0.06781140681414398,-0.06710238780360667,-0.15578540123533455,0.27578540123533457,0.5866,0.623862,1.0,0.623862,False,
ROST,"Ross Stores, Inc.",Consumer Cyclical,Apparel - Retail,research_queue,step7_risk_adjusted_ranking,robust_return<=0; median_irr<=hurdle,177,False,-0.3294686932570767,-0.10037563204896284,-0.09431096852931656,-0.20946869325707668,0.3294686932570767,0.9243,0.5573,1.0,0.5573,False,
SNPS,"Synopsys, Inc.",Technology,Software - Infrastructure,hard_filter_rejected,step2_hard_filters,excessive_leverage,,,,,,,,,,,,,
AEP,"American Electric Power Company, Inc.",Utilities,Regulated Electric,research_queue,step7_risk_adjusted_ranking,robust_return<=0; median_irr<=hurdle,318,False,-1.0699999999999998,-0.40499647254036963,-0.2820198253175476,-0.95,1.0699999999999998,0.4842,0.63936,1.0,0.63936,True,bear
ORLY,"O'Reilly Automotive, Inc.",Consumer Cyclical,Specialty Retail,research_queue,step7_risk_adjusted_ranking,robust_return<=0; median_irr<=hurdle,80,False,-0.21263676707632834,0.013877327443333375,0.027345413569128167,-0.09263676707632834,0.21263676707632834,0.9852,0.9176,1.0,0.9176,False,
HON,Honeywell International Inc.,Industrials,Conglomerates,research_queue,step7_risk_adjusted_ranking,robust_return<=0; median_irr<=hurdle,152,False,-0.3002840214397292,-0.07945715979221855,-0.060323417856125126,-0.18028402143972924,0.3002840214397292,0.7554,0.8129,1.0,0.8129,False,
REGN,"Regeneron Pharmaceuticals, Inc.",Healthcare,Biotechnology,research_queue,step7_risk_adjusted_ranking,robust_return<=0; median_irr<=hurdle,43,False,-0.15590470599883696,0.08407892563955104,0.0796701649123861,-0.03590470599883697,0.15590470599883696,0.7708,0.372519,1.0,0.372519,False,
WBD,"Warner Bros. Discovery, Inc.",Communication Services,Entertainment,hard_filter_rejected,step2_hard_filters,interest_coverage;severe_dilution,,,,,,,,,,,,,
NXPI,NXP Semiconductors N.V.,Technology,Semiconductors,hard_filter_rejected,step2_hard_filters,adr_excluded,,,,,,,,,,,,,
HONA,Honeywell Aerospace Inc,Industrials,Aerospace & Defense,hard_filter_rejected,step2_hard_filters,security_type;listing_age,,,,,,,,,,,,,
PCAR,PACCAR Inc,Industrials,Industrial - Machinery,research_queue,step7_risk_adjusted_ranking,robust_return<=0; median_irr<=hurdle,231,False,-0.4209531531075482,-0.13580012084858026,-0.11727683107019399,-0.3009531531075482,0.4209531531075482,0.6287,0.43776,1.0,0.43776,False,
MPWR,"Monolithic Power Systems, Inc.",Technology,Semiconductors,research_queue,step7_risk_adjusted_ranking,robust_return<=0; median_irr<=hurdle,235,False,-0.4267151084131182,-0.23711140438826983,-0.22985922727020802,-0.3067151084131182,0.4267151084131182,0.9457,0.58518,1.0,0.58518,False,
LITE,Lumentum Holdings Inc.,Technology,Communication Equipment,hard_filter_rejected,step2_hard_filters,interest_coverage;excessive_leverage,,,,,,,,,,,,,
BKR,Baker Hughes Company,Energy,Oil & Gas Equipment & Services,research_queue,step7_risk_adjusted_ranking,robust_return<=0; median_irr<=hurdle,261,False,-0.47682976450771086,-0.1700677497108699,-0.1506226860918104,-0.35682976450771087,0.47682976450771086,0.3627,0.6023,0.7,0.42160999999999993,False,
FANG,"Diamondback Energy, Inc.",Energy,Oil & Gas Exploration & Production,hard_filter_rejected,step2_hard_filters,severe_dilution,,,,,,,,,,,,,
EA,Electronic Arts Inc.,Technology,Electronic Gaming & Multimedia,research_queue,step7_risk_adjusted_ranking,robust_return<=0; median_irr<=hurdle,140,False,-0.28768822673475364,-0.06990195594407847,-0.05983715353067962,-0.16768822673475364,0.28768822673475364,0.8403,0.7649,0.95,0.7266549999999999,False,
FAST,Fastenal Company,Industrials,Industrial - Distribution,research_queue,step7_risk_adjusted_ranking,robust_return<=0; median_irr<=hurdle,122,False,-0.2680101386434398,-0.0666943356482079,-0.05623022253857922,-0.14801013864343981,0.2680101386434398,0.995,0.9132,1.0,0.9132,False,
ALAB,"Astera Labs, Inc. Common Stock",Technology,Semiconductors,hard_filter_rejected,step2_hard_filters,listing_age,,,,,,,,,,,,,
NDAQ,"Nasdaq, Inc.",Financial Services,Financial - Data & Stock Exchanges,watchlist,step2_model_routing,financial_sector_model_not_supported,,,,,,,,,,,,,
TER,"Teradyne, Inc.",Technology,Semiconductors,research_queue,step7_risk_adjusted_ranking,robust_return<=0; median_irr<=hurdle,241,False,-0.4348314117817791,-0.25539614615081524,-0.2533965869908571,-0.3148314117817791,0.4348314117817791,0.9442,0.45402120000000007,1.0,0.45402120000000007,False,
PYPL,"PayPal Holdings, Inc.",Financial Services,Financial - Credit Services,watchlist,step2_model_routing,consumer_finance_model_not_supported,,,,,,,,,,,,,
EBAY,eBay Inc.,Consumer Cyclical,Specialty Retail,research_queue,step7_risk_adjusted_ranking,robust_return<=0; median_irr<=hurdle,108,False,-0.2538525137864053,-0.032027971670322564,-0.02282007042085749,-0.1338525137864053,0.2538525137864053,0.9507,0.6684300000000001,1.0,0.6684300000000001,False,
XEL,Xcel Energy Inc.,Utilities,Regulated Electric,research_queue,step7_risk_adjusted_ranking,robust_return<=0; median_irr<=hurdle,322,False,-1.0699999999999998,-0.547766713683086,-0.5088683048321401,-0.95,1.0699999999999998,0.4498,0.66618,0.85,0.566253,True,bear
ODFL,"Old Dominion Freight Line, Inc.",Industrials,Trucking,research_queue,step7_risk_adjusted_ranking,robust_return<=0; median_irr<=hurdle,205,False,-0.3839688439230667,-0.22357502657323486,-0.2249994793906807,-0.2639688439230667,0.3839688439230667,0.9392,0.64053,1.0,0.64053,False,
EXC,Exelon Corporation,Utilities,Regulated Electric,hard_filter_rejected,step2_hard_filters,persistent_negative_fcf,,,,,,,,,,,,,
CCEP,Coca-Cola Europacific Partners PLC,Consumer Defensive,Beverages - Non-Alcoholic,hard_filter_rejected,step2_hard_filters,adr_excluded,,,,,,,,,,,,,
ADSK,"Autodesk, Inc.",Technology,Software - Application,research_queue,step7_risk_adjusted_ranking,robust_return<=0; median_irr<=hurdle,174,False,-0.32549953900044776,-0.090126478215825,-0.07984010022482832,-0.20549953900044776,0.32549953900044776,0.8164,0.66267,1.0,0.66267,False,
FER,Ferrovial SE,Industrials,Engineering & Construction,hard_filter_rejected,step2_hard_filters,adr_excluded,,,,,,,,,,,,,
IDXX,"IDEXX Laboratories, Inc.",Healthcare,Medical - Diagnostics & Research,research_queue,step7_risk_adjusted_ranking,robust_return<=0; median_irr<=hurdle,202,False,-0.37112005843402585,-0.1938047824445675,-0.19045696286775637,-0.25112005843402585,0.37112005843402585,0.9662,0.8727,1.0,0.8727,False,
MCHP,Microchip Technology Incorporated,Technology,Semiconductors,research_queue,step7_risk_adjusted_ranking,robust_return<=0; median_irr<=hurdle,323,False,-1.0699999999999998,-0.6030351457564392,-0.5807709081098438,-0.95,1.0699999999999998,0.3807,0.3852,1.0,0.3852,True,bear
TTWO,"Take-Two Interactive Software, Inc.",Technology,Electronic Gaming & Multimedia,hard_filter_rejected,step2_hard_filters,consecutive_losses;interest_coverage,,,,,,,,,,,,,
FLEX,Flex Ltd.,Technology,"Hardware, Equipment & Parts",research_queue,step7_risk_adjusted_ranking,robust_return<=0; median_irr<=hurdle,272,False,-0.5198094572307308,-0.29352625026294843,-0.286402775516035,-0.39980945723073086,0.5198094572307308,0.6746,0.61524,1.0,0.61524,False,
NBIS,Nebius Group N.V.,Communication Services,Internet Content & Information,hard_filter_rejected,step2_hard_filters,adr_excluded;listing_age,,,,,,,,,,,,,
KDP,Keurig Dr Pepper Inc.,Consumer Defensive,Beverages - Non-Alcoholic,research_queue,step7_risk_adjusted_ranking,robust_return<=0,54,False,-0.17593776751704088,0.14144021274987606,0.16646883659996092,-0.07834998480975627,0.19834998480975627,0.5562,0.4823064,1.0,0.4823064,False,
TRI,Thomson Reuters Corporation,Industrials,Specialty Business Services,hard_filter_rejected,step2_hard_filters,adr_excluded,,,,,,,,,,,,,
COIN,"Coinbase Global, Inc.",Financial Services,Financial - Data & Stock Exchanges,watchlist,step2_model_routing,financial_sector_model_not_supported,,,,,,,,,,,,,
AXON,"Axon Enterprise, Inc.",Industrials,Aerospace & Defense,hard_filter_rejected,step2_hard_filters,interest_coverage;excessive_leverage;severe_dilution,,,,,,,,,,,,,
PAYX,"Paychex, Inc.",Technology,Staffing & Employment Services,research_queue,step7_risk_adjusted_ranking,robust_return<=0; median_irr<=hurdle,55,False,-0.17832617881242183,0.021173167083179602,0.030301043478539243,-0.058326178812421824,0.17832617881242183,0.9848,0.8931,1.0,0.8931,False,
CRWV,"CoreWeave, Inc. Class A Common Stock",Technology,Software - Infrastructure,hard_filter_rejected,step2_hard_filters,listing_age,,,,,,,,,,,,,
RKLB,"Rocket Lab USA, Inc.",Industrials,Aerospace & Defense,hard_filter_rejected,step2_hard_filters,consecutive_losses;persistent_negative_fcf,,,,,,,,,,,,,
WDAY,"Workday, Inc.",Technology,Software - Application,normalization_rejected,step4_normalized_model,no_normalized_earnings,,,,,,,,,,,,,
UAL,"United Airlines Holdings, Inc.",Industrials,"Airlines, Airports & Air Services",research_queue,step7_risk_adjusted_ranking,robust_return<=0,293,False,-1.0524429617751165,0.0033043609088054815,0.1629582535475493,-0.95,1.0699999999999998,0.4885,0.4087,1.0,0.4087,True,bear
HBAN,Huntington Bancshares Incorporated,Financial Services,Banks - Regional,research_queue,step7_risk_adjusted_ranking,robust_return<=0; median_irr<=hurdle,123,False,-0.2689522067824659,-0.02976467939969149,-0.009450430832215417,-0.1489522067824659,0.2689522067824659,0.4681539396877593,0.6,0.8,0.48,False,
ROP,"Roper Technologies, Inc.",Technology,Software - Application,research_queue,step7_risk_adjusted_ranking,robust_return<=0; median_irr<=hurdle,172,False,-0.32524472145189065,-0.10685275532887314,-0.09475689078244609,-0.20524472145189065,0.32524472145189065,0.5733,0.7126199999999999,1.0,0.7126199999999999,False,
KMB,Kimberly-Clark Corporation,Consumer Defensive,Household & Personal Products,research_queue,step7_risk_adjusted_ranking,robust_return<=0; median_irr<=hurdle,99,False,-0.23995164768886748,0.016055862796201865,0.03294711575144904,-0.11995164768886749,0.23995164768886748,0.9435,0.8322,1.0,0.8322,False,
ALNY,"Alnylam Pharmaceuticals, Inc.",Healthcare,Biotechnology,watchlist,step2_model_routing,preprofit_biotech_not_supported,,,,,,,,,,,,,
ACGL,Arch Capital Group Ltd.,Financial Services,Insurance - Diversified,hard_filter_rejected,step2_hard_filters,adr_excluded,,,,,,,,,,,,,
NTRS,Northern Trust Corporation,Financial Services,Banks - Diversified,research_queue,step7_risk_adjusted_ranking,robust_return<=0; median_irr<=hurdle,201,False,-0.3670108320110981,-0.15802211392853233,-0.14325152435719757,-0.24701083201109808,0.3670108320110981,0.5244172175227267,0.6,0.8,0.48,False,
ON,ON Semiconductor Corporation,Technology,Semiconductors,research_queue,step7_risk_adjusted_ranking,robust_return<=0; median_irr<=hurdle,273,False,-0.5267529125662986,-0.2882943438278744,-0.284218622156186,-0.40675291256629864,0.5267529125662986,0.4362,0.417312,1.0,0.417312,False,
STLD,"Steel Dynamics, Inc.",Basic Materials,Steel,watchlist,step6_scenario_valuation,insufficient_post_valuation_model_confidence,,,,-0.10558619855728466,-0.09522495898127087,-0.3173365735186962,0.4373365735186962,0.6156,0.29196450000000007,1.0,0.29196450000000007,False,
NTAP,"NetApp, Inc.",Technology,Computer Hardware,research_queue,step7_risk_adjusted_ranking,robust_return<=0; median_irr<=hurdle,146,False,-0.29379374244192147,-0.08611410123630774,-0.079591549327597,-0.17379374244192147,0.29379374244192147,0.7371,0.7137,1.0,0.7137,False,
CASY,"Casey's General Stores, Inc.",Consumer Cyclical,Specialty Retail,research_queue,step7_risk_adjusted_ranking,robust_return<=0; median_irr<=hurdle,237,False,-0.4324033384417999,-0.18072035102213704,-0.16801149154416634,-0.3124033384417999,0.4324033384417999,0.7838,0.6225,0.95,0.591375,False,
EXPE,"Expedia Group, Inc.",Consumer Cyclical,Travel Services,watchlist,step6_scenario_valuation,roic_not_meaningful:meaningless_capital,,,,,,,,,0.4021,0.85,,,
KHC,The Kraft Heinz Company,Consumer Defensive,Packaged Foods,hard_filter_rejected,step2_hard_filters,interest_coverage;negative_ebitda_with_debt,,,,,,,,,,,,,
BIIB,Biogen Inc.,Healthcare,Drug Manufacturers - General,research_queue,step7_risk_adjusted_ranking,robust_return<=0; median_irr<=hurdle,77,False,-0.2094250451674452,0.0259176733568893,0.04539184715540616,-0.08942504516744519,0.2094250451674452,0.6394,0.545535,1.0,0.545535,False,
DXCM,"DexCom, Inc.",Healthcare,Medical - Devices,research_queue,step7_risk_adjusted_ranking,robust_return<=0; median_irr<=hurdle,213,False,-0.38954984082840366,-0.12822493520216077,-0.11877324765082445,-0.26954984082840366,0.38954984082840366,0.7084,0.59121,1.0,0.59121,False,
GEHC,GE HealthCare Technologies Inc.,Healthcare,Medical - Healthcare Information Services,research_queue,step7_risk_adjusted_ranking,robust_return<=0; median_irr<=hurdle,69,False,-0.19178534721606405,0.02627266202616742,0.03691124398028481,-0.07178534721606405,0.19178534721606405,0.6509,0.8667,0.95,0.823365,False,
MSTR,Strategy Inc,Technology,Software - Application,hard_filter_rejected,step2_hard_filters,persistent_negative_fcf;interest_coverage;negative_ebitda_with_debt;severe_dilution;earnings_cash_mismatch,,,,,,,,,,,,,
CINF,Cincinnati Financial Corporation,Financial Services,Insurance - Property & Casualty,research_queue,step7_risk_adjusted_ranking,robust_return<=0; median_irr<=hurdle,137,False,-0.2824016582405554,0.04449216318492222,0.08090152213882473,-0.1624016582405554,0.2824016582405554,0.27941415420152016,0.6,0.8,0.48,False,
WTW,Willis Towers Watson Public Limited Company,Financial Services,Insurance - Brokers,hard_filter_rejected,step2_hard_filters,adr_excluded,,,,,,,,,,,,,
JBHT,"J.B. Hunt Transport Services, Inc.",Industrials,Integrated Freight & Logistics,research_queue,step7_risk_adjusted_ranking,robust_return<=0; median_irr<=hurdle,246,False,-0.4382851423378451,-0.24831312867390803,-0.24920878103584979,-0.3182851423378451,0.4382851423378451,0.7494,0.561087,0.85,0.47692395,False,
FISV,"Fiserv, Inc.",Technology,Information Technology Services,research_queue,step7_risk_adjusted_ranking,robust_return<=0,155,False,-0.303452423354347,0.22164048724516766,0.3015452632447705,-0.2503168146242387,0.3703168146242387,0.6667,0.368307,1.0,0.368307,False,
VRSK,"Verisk Analytics, Inc.",Technology,Software - Services,research_queue,step7_risk_adjusted_ranking,robust_return<=0; median_irr<=hurdle,160,False,-0.30716865439200775,-0.050951663120940766,-0.036807662714272694,-0.18716865439200775,0.30716865439200775,0.943,0.7063200000000001,1.0,0.7063200000000001,False,
CPRT,"Copart, Inc.",Industrials,Specialty Business Services,research_queue,step7_risk_adjusted_ranking,robust_return<=0; median_irr<=hurdle,33,False,-0.1253790891077369,0.06525407108129005,0.07192781073972584,-0.005379089107736918,0.1253790891077369,0.978,0.8392,0.95,0.79724,False,
VRSN,"VeriSign, Inc.",Technology,Software - Infrastructure,watchlist,step6_scenario_valuation,roic_not_meaningful:meaningless_capital,,,,,,,,,0.8512,1.0,,,
FOXA,Fox Corporation,Communication Services,Entertainment,eligible,step7_risk_adjusted_ranking,eligible,2,True,0.10617622041798226,0.2720871774043189,0.29399153806734835,0.10708771218778568,0.012912287812214318,0.8979,0.68445,1.0,0.68445,False,
TROW,"T. Rowe Price Group, Inc.",Financial Services,Asset Management,watchlist,step2_model_routing,asset_management_model_not_supported,,,,,,,,,,,,,
PFG,"Principal Financial Group, Inc.",Financial Services,Asset Management,watchlist,step2_model_routing,asset_management_model_not_supported,,,,,,,,,,,,,
CHRW,"C.H. Robinson Worldwide, Inc.",Industrials,Integrated Freight & Logistics,research_queue,step7_risk_adjusted_ranking,robust_return<=0; median_irr<=hurdle,239,False,-0.43299446275806985,-0.18609682005189823,-0.1763802340487018,-0.31299446275806986,0.43299446275806985,0.8863,0.5706,1.0,0.5706,False,
MRNA,"Moderna, Inc.",Healthcare,Biotechnology,watchlist,step2_model_routing,preprofit_biotech_not_supported,,,,,,,,,,,,,
DLTR,"Dollar Tree, Inc.",Consumer Defensive,Discount Stores,research_queue,step7_risk_adjusted_ranking,robust_return<=0; median_irr<=hurdle,292,False,-0.8333561752358217,-0.20683820231424754,-0.09938209200045091,-0.7133561752358217,0.8333561752358217,0.6594,0.48924,1.0,0.48924,False,
INCY,Incyte Corporation,Healthcare,Biotechnology,research_queue,step7_risk_adjusted_ranking,robust_return<=0; median_irr<=hurdle,86,False,-0.22434386287815866,0.03253152197867168,0.040841563371941475,-0.10434386287815865,0.22434386287815866,0.813,0.65844,1.0,0.65844,False,
FFIV,"F5, Inc.",Technology,Software - Infrastructure,research_queue,step7_risk_adjusted_ranking,robust_return<=0; median_irr<=hurdle,153,False,-0.30147500534978455,-0.1017206831143994,-0.0945015248697018,-0.18147500534978458,0.30147500534978455,0.9286,0.7338600000000001,0.95,0.697167,False,
FSLR,"First Solar, Inc.",Technology,Solar,research_queue,step7_risk_adjusted_ranking,robust_return<=0; median_irr<=hurdle,209,False,-0.38737920236628276,-0.09461497690826946,-0.08595150069450028,-0.26737920236628276,0.38737920236628276,0.3806,0.475,1.0,0.475,False,
FOX,Fox Corporation,Communication Services,Entertainment,hard_filter_rejected,step2_hard_filters,duplicate_share_class,,,,,,,,,,,,,
CTSH,Cognizant Technology Solutions Corporation,Technology,Information Technology Services,eligible,step7_risk_adjusted_ranking,eligible,4,True,0.09027914774840513,0.21484091453312432,0.22348366316873583,0.12701890808530153,0.0,0.8655,0.8724,1.0,0.8724,False,
EXE,Expand Energy Corporation,Energy,Oil & Gas Exploration & Production,hard_filter_rejected,step2_hard_filters,severe_dilution,,,,,,,,,,,,,
ULTA,"Ulta Beauty, Inc.",Consumer Cyclical,Specialty Retail,research_queue,step7_risk_adjusted_ranking,robust_return<=0; median_irr<=hurdle,66,False,-0.18670690389437364,0.06474799225943575,0.07506273144099398,-0.06670690389437364,0.18670690389437364,0.9296,0.5637599999999999,1.0,0.5637599999999999,False,
VTRS,Viatris Inc.,Healthcare,Drug Manufacturers - Specialty & Generic,hard_filter_rejected,step2_hard_filters,interest_coverage;excessive_leverage,,,,,,,,,,,,,
EVRG,"Evergy, Inc.",Utilities,Regulated Electric,hard_filter_rejected,step2_hard_filters,persistent_negative_fcf,,,,,,,,,,,,,
SBAC,SBA Communications Corporation,Real Estate,REIT - Specialty,watchlist,step6_scenario_valuation,specialist_missing_book_or_price,,,,,,,,,,,,,
LNT,Alliant Energy Corporation,Utilities,Regulated Electric,hard_filter_rejected,step2_hard_filters,persistent_negative_fcf;excessive_leverage,,,,,,,,,,,,,
CHTR,"Charter Communications, Inc.",Communication Services,Telecommunications Services,watchlist,step2_material_event_gate,material_event_requires_reunderwriting,,,,,,,,,,,,,
NWS,News Corporation,Communication Services,Entertainment,hard_filter_rejected,step2_hard_filters,duplicate_share_class,,,,,,,,,,,,,
AKAM,"Akamai Technologies, Inc.",Technology,Software - Infrastructure,research_queue,step7_risk_adjusted_ranking,robust_return<=0; median_irr<=hurdle,203,False,-0.3774746938364113,-0.14202372150757575,-0.12488922992779401,-0.2574746938364113,0.3774746938364113,0.6961,0.673029,1.0,0.673029,False,
CDW,CDW Corporation,Technology,Information Technology Services,research_queue,step7_risk_adjusted_ranking,robust_return<=0; median_irr<=hurdle,81,False,-0.21445834756479593,0.05872167956840716,0.0779640076158103,-0.09445834756479593,0.21445834756479593,0.8481,0.7954,1.0,0.7954,False,
HST,"Host Hotels & Resorts, Inc.",Real Estate,REIT - Hotel & Motel,research_queue,step7_risk_adjusted_ranking,robust_return<=0,19,False,-0.0682825430190773,0.11213463728312972,0.13461154450460167,0.044703915618713896,0.0752960843812861,0.6618051184426669,0.6,0.8,0.48,False,
GEN,Gen Digital Inc.,Technology,Software - Infrastructure,research_queue,step7_risk_adjusted_ranking,robust_return<=0; median_irr<=hurdle,219,False,-0.3991207316098735,-0.017727689101593565,0.019460304710082733,-0.2791207316098735,0.3991207316098735,0.6408,0.41165999999999997,1.0,0.41165999999999997,False,
NDSN,Nordson Corporation,Industrials,Industrial - Machinery,research_queue,step7_risk_adjusted_ranking,robust_return<=0; median_irr<=hurdle,187,False,-0.342957852811669,-0.16075666082251697,-0.1564039516597404,-0.22295785281166902,0.342957852811669,0.7633,0.7381800000000001,1.0,0.7381800000000001,False,
TSCO,Tractor Supply Company,Consumer Cyclical,Specialty Retail,research_queue,step7_risk_adjusted_ranking,robust_return<=0; median_irr<=hurdle,49,False,-0.16471575873903926,0.02553971615270713,0.03098883039783689,-0.04471575873903928,0.16471575873903926,0.842,0.656586,1.0,0.656586,False,
NWSA,News Corporation,Communication Services,Entertainment,research_queue,step7_risk_adjusted_ranking,robust_return<=0; median_irr<=hurdle,252,False,-0.45130954534281054,-0.19165650914073923,-0.17472836570814249,-0.33130954534281054,0.45130954534281054,0.2107,0.4968000000000001,0.7,0.34776,False,
SMCI,"Super Micro Computer, Inc.",Technology,Computer Hardware,watchlist,step2_material_event_gate,material_event_requires_reunderwriting,,,,,,,,,,,,,
REG,Regency Centers Corporation,Real Estate,REIT - Retail,research_queue,step7_risk_adjusted_ranking,robust_return<=0; median_irr<=hurdle,34,False,-0.1262051993812806,0.08502210619175998,0.11543120804944018,-0.006205199381280613,0.1262051993812806,0.5613964282110786,0.6,0.8,0.48,False,
ECHO,EchoStar Corporation,Communication Services,Telecommunications Services,hard_filter_rejected,step2_hard_filters,insufficient_financial_history,,,,,,,,,,,,,
PTC,PTC Inc.,Technology,Software - Application,research_queue,step7_risk_adjusted_ranking,robust_return<=0; median_irr<=hurdle,192,False,-0.3461567560315597,-0.06750951674621317,-0.050946900929557136,-0.2261567560315597,0.3461567560315597,0.5705,0.6674,1.0,0.6674,False,
COO,"The Cooper Companies, Inc.",Healthcare,Medical - Instruments & Supplies,research_queue,step7_risk_adjusted_ranking,robust_return<=0; median_irr<=hurdle,233,False,-0.42290679054451175,-0.16840068265883015,-0.1515775468898937,-0.30290679054451175,0.42290679054451175,0.2599,0.62811,1.0,0.62811,False,
LULU,Lululemon Athletica Inc.,Consumer Cyclical,Apparel - Retail,hard_filter_rejected,step2_hard_filters,adr_excluded,,,,,,,,,,,,,
ZBRA,Zebra Technologies Corporation,Technology,Communication Equipment,research_queue,step7_risk_adjusted_ranking,robust_return<=0; median_irr<=hurdle,253,False,-0.45652343556314,-0.2110848262953368,-0.20557849451433866,-0.33652343556314,0.45652343556314,0.5296,0.524151,1.0,0.524151,False,
ALGN,"Align Technology, Inc.",Healthcare,Medical - Devices,research_queue,step7_risk_adjusted_ranking,robust_return<=0; median_irr<=hurdle,148,False,-0.29697326600609814,-0.12017597860976817,-0.12533860609401012,-0.17697326600609814,0.29697326600609814,0.7137,0.42849000000000004,0.7999999999999999,0.342792,False,
APA,APA Corporation,Energy,Oil & Gas Exploration & Production,watchlist,step6_scenario_valuation,insufficient_post_valuation_model_confidence,,,,0.20966381244943483,0.22822186767589306,-0.03714858365710821,0.1571485836571082,0.7238,0.333639,1.0,0.333639,False,
TRMB,Trimble Inc.,Technology,"Hardware, Equipment & Parts",research_queue,step7_risk_adjusted_ranking,robust_return<=0; median_irr<=hurdle,259,False,-0.46804807204636745,-0.22622068557684538,-0.2038256103987805,-0.34804807204636745,0.46804807204636745,0.2532,0.6400800000000001,1.0,0.6400800000000001,False,
CSGP,"CoStar Group, Inc.",Real Estate,Real Estate - Services,watchlist,step6_scenario_valuation,roic_not_meaningful:meaningless_capital,,,,,,,,,0.7121,1.0,,,
HAS,"Hasbro, Inc.",Consumer Cyclical,Leisure,research_queue,step7_risk_adjusted_ranking,robust_return<=0; median_irr<=hurdle,302,False,-1.0699999999999998,-0.20024525339104,-0.03336953138932582,-0.95,1.0699999999999998,0.7,0.5839,0.85,0.49631499999999995,True,bear
PODD,Insulet Corp.,Healthcare,Medical - Devices,research_queue,step7_risk_adjusted_ranking,robust_return<=0; median_irr<=hurdle,226,False,-0.4157659292529571,-0.1393922832692624,-0.12189574769290626,-0.2957659292529571,0.4157659292529571,0.5092,0.6942,1.0,0.6942,False,
TECH,Bio-Techne Corporation,Healthcare,Biotechnology,research_queue,step7_risk_adjusted_ranking,robust_return<=0; median_irr<=hurdle,255,False,-0.45921814620261997,-0.2740722942922729,-0.2742246662150137,-0.33921814620262,0.45921814620261997,0.5567,0.5386500000000001,1.0,0.5386500000000001,False,
JKHY,"Jack Henry & Associates, Inc.",Technology,Information Technology Services,research_queue,step7_risk_adjusted_ranking,robust_return<=0; median_irr<=hurdle,58,False,-0.18050783461250824,0.024171295388805473,0.034500152844702855,-0.06050783461250826,0.18050783461250824,0.9852,0.9255,1.0,0.9255,False,
DPZ,"Domino's Pizza, Inc.",Consumer Cyclical,Restaurants,research_queue,step7_risk_adjusted_ranking,robust_return<=0; median_irr<=hurdle,101,False,-0.2420526044053258,0.029527663022599904,0.053097807314770776,-0.12205260440532581,0.2420526044053258,0.9859,0.8114399999999999,1.0,0.8114399999999999,False,
ERIE,Erie Indemnity Company,Financial Services,Insurance - Property & Casualty,research_queue,step7_risk_adjusted_ranking,robust_return<=0; median_irr<=hurdle,94,False,-0.235114690916562,-0.02991882441582769,-0.01617495369028954,-0.11511469091656201,0.235114690916562,0.5886342816859954,0.6,0.8,0.48,False,
WYNN,"Wynn Resorts, Limited",Consumer Cyclical,"Gambling, Resorts & Casinos",hard_filter_rejected,step2_hard_filters,interest_coverage,,,,,,,,,,,,,
HSIC,"Henry Schein, Inc.",Healthcare,Medical - Distribution,research_queue,step7_risk_adjusted_ranking,robust_return<=0; median_irr<=hurdle,214,False,-0.3901879904430825,-0.15457876194413983,-0.15177710371790454,-0.2701879904430825,0.3901879904430825,0.7232,0.5078943,1.0,0.5078943,False,
PSKY,Paramount Skydance Corporation Class B Common Stock,Communication Services,Entertainment,hard_filter_rejected,step2_hard_filters,insufficient_financial_history,,,,,,,,,,,,,
SWKS,"Skyworks Solutions, Inc.",Technology,Semiconductors,research_queue,step7_risk_adjusted_ranking,robust_return<=0; median_irr<=hurdle,62,False,-0.18282951894681898,0.07326962536608336,0.09930791844381022,-0.06282951894681899,0.18282951894681898,0.6714,0.44172,1.0,0.44172,False,
TTD,"The Trade Desk, Inc.",Communication Services,Advertising Agencies,eligible,step7_risk_adjusted_ranking,eligible,7,True,0.06878518046495508,0.2481899426318705,0.2776529591996223,0.07637862055562437,0.04362137944437562,0.9118,0.713,1.0,0.713,False,
