ticker,name,exchange,security_type,is_adr,listing_date,sector,industry,country,shares_outstanding,beta,market_cap_hint,as_of,source,fetched_at,price,price_as_of,market_cap,avg_dollar_volume,is_price_fresh,years_of_data,latest_fiscal_year,anchor_source,latest_filing_date,cashflow_period_semantics,ttm_cashflow_status,revenue,revenue_cagr,revenue_volatility,gross_margin,current_operating_margin,reported_operating_income,one_off_items_latest,normalized_operating_margin,normalized_operating_income,normalized_nopat,normalized_fcf,normalized_fcf_per_share,margin_volatility,tax_rate,roic,incremental_roic,net_debt,total_debt,interest_expense_known,interest_coverage,net_debt_to_ebitda,sbc_intensity,margin_mad_z,ocf_margin_mad_z,one_off_suspected,dividends_paid,buybacks,net_share_change_cagr,ocf_to_net_income,shares_diluted,sec_status,sec_max_divergence,sec_confidence_penalty,model_family,analyst_growth,analyst_dispersion,has_estimates,risk_free,wacc,cost_of_debt_after_tax,roic_minus_wacc,filing_age_days,data_confidence
LLY,Eli Lilly and Company,NYSE,common_stock,False,1972-06-01,Healthcare,Drug Manufacturers - General,US,941741000.0000001,0.506,1110397395690.0,2026-07-17,fmp:company-screener,2026-07-18T01:44:23.956560+00:00,1179.09,2026-07-17,1110397395690.0,3601565974.5703125,True,8,2025,ttm,2026-04-30,discrete,ok,72249500000.0,0.17173452760489116,0.14539401856922307,0.8350604502453304,0.45865507719776605,33137600000.0,0.0,0.2985125860686211,21567385087.164837,18470271448.310722,9757548251.947643,10.891336367839763,0.06099756072839578,0.14360172206028196,0.4095918883332159,0.46811342852770665,38088000000.0,43370000000.0,True,37.502942507922135,1.0826359832635983,0.014333066179425301,5.913400554468737,2.238477338942517,True,5585700000.0,5264000000.0,-0.01941725719694465,0.8146504314793369,895900000.0,unchecked,,0.0,general_dcf,0.3341219404183031,0.061100746276238904,True,0.0455,0.07008624659739526,0.05181209581535294,0.33950564173582065,78,0.85
XOM,Exxon Mobil Corporation,NYSE,common_stock,False,1978-01-13,Energy,Oil & Gas Integrated,US,4144947161.9987793,0.162,610923762207.0,2026-07-17,fmp:company-screener,2026-07-18T01:44:23.956560+00:00,147.39,2026-07-17,610923762207.0,2549909334.45,True,8,2025,ttm,2026-05-04,discrete,ok,326008000000.0,0.02137513326454399,0.29228653601807575,0.2549231920689063,0.09011128561262301,29377000000.0,0.0,0.09579267470512298,31229178295.267735,22523632421.739574,26641311379.15494,6.368948453061186,0.09454531088381184,0.27876320635843754,0.07216371982550887,0.08643896132487533,39226000000.0,47661000000.0,True,42.39105339105339,0.6950158578288064,0.0,-0.131828998326252,-0.4585496721285695,False,17230000000.0,20337000000.0,-0.0017470058605750793,1.6336698337292161,4183000000.0,unchecked,,0.0,general_dcf,0.1960193453878667,0.24637042414385987,True,0.0455,0.0685557991457421,0.04363482601531453,0.0036079206797667712,74,1.0
JNJ,Johnson & Johnson,NYSE,common_stock,False,1962-01-02,Healthcare,Drug Manufacturers - General,US,2407220000.0,0.235,609122948800.0,2026-07-17,fmp:company-screener,2026-07-18T01:44:23.956560+00:00,253.04,2026-07-17,609122948800.0,1943911101.5321875,True,8,2025,annual,2026-02-11,annual,annual_anchor,94193000000.0,0.020747946632048597,0.035808695075814155,0.7278460182816133,0.27173993821196907,25596000000.0,0.0,0.26112666111616145,24596303590.514595,21182324552.49238,20030772406.312126,8.24515205660333,0.011060098176694946,0.13880049192996613,0.20153840099255396,0.12066491948116082,27831000000.0,47933000000.0,True,26.360453141091657,0.8408411130245627,0.013645063939219578,1.2181952896760884,-1.0455997836637998,False,12381000000.0,5953000000.0,-0.030248701557488267,0.9151619161319207,2429400000.0,unchecked,,0.0,general_dcf,0.07973036991006044,0.0073354480506995345,True,0.0455,0.06915788598005829,0.05210257023823705,0.13238051501249568,156,0.7
ABBV,AbbVie Inc.,NYSE,common_stock,False,2013-01-02,Healthcare,Drug Manufacturers - General,US,1766792820.9988604,0.283,449631105016.0,2026-07-17,fmp:company-screener,2026-07-18T01:44:23.956560+00:00,254.49,2026-07-17,449631105016.0,1745408925.72,True,8,2025,ttm,2026-05-08,discrete,ok,62819000000.0,0.09331472871090596,0.1391449717815021,0.7067766121714768,0.2760470558270587,17341000000.0,0.0,0.28007514501636444,17594040534.782997,15834636481.304697,23513896212.228527,13.2547329268481,0.07152304148331765,0.1,0.17156849812017677,,63467000000.0,72858000000.0,True,5.959106529209622,2.5009654411474957,0.015614780902550687,-0.05802798750553761,-2.4054711484179303,False,11818000000.0,1500000000.0,-0.000750469325035974,4.503076194983436,1774000000.0,unchecked,,0.0,general_dcf,0.1042124910671034,0.010546642892887103,True,0.0455,0.06826192290179106,0.05445,0.10330657521838571,70,1.0
CAT,Caterpillar Inc.,NYSE,common_stock,False,1929-12-02,Industrials,Agricultural - Machinery,US,460637000.0,1.565,405489538360.0,2026-07-17,fmp:company-screener,2026-07-18T01:44:23.956560+00:00,880.28,2026-07-17,405489538360.0,2944201462.6496873,True,8,2025,ttm,2026-05-06,discrete,ok,70755000000.0,0.030628169211895928,0.13874902481947812,0.32520669917320333,0.16558547099144938,11716000000.0,0.0,0.15281852143765806,10812674484.321497,8438643189.110601,6539463486.461416,14.039208858869507,0.029106358546240153,0.21956004489483788,0.1585949719709314,0.35038510576386805,38994000000.0,43066000000.0,True,11.00093896713615,2.778735836955747,0.0034408801246740423,0.4568991324151436,0.8417401362263723,False,2778000000.0,6494000000.0,-0.04236798600512226,1.2467343976777938,465800000.0,unchecked,,0.0,general_dcf,0.16032280170703883,0.046445251686882884,True,0.0455,0.11640199874222062,0.04721661728386231,0.04219297322871077,72,1.0
UNH,UnitedHealth Group Incorporated,NYSE,common_stock,False,1984-10-17,Healthcare,Medical - Healthcare Plans,US,908144403.9991552,0.633,386951249100.0,2026-07-17,fmp:company-screener,2026-07-18T01:44:23.956560+00:00,426.09,2026-07-17,386951249100.0,2811718856.7221875,True,8,2025,ttm,2026-07-16,discrete,ok,450129000000.0,0.10236402697783231,0.03015057603745994,0.22485554141146205,0.0481550844313519,21676000000.0,0.0,0.08231835080659637,37053876930.22242,29186659494.20647,29499664491.251514,32.56033608305907,0.014040979061147749,0.2123183344844322,0.11664574601678894,-0.07804786860320123,41860000000.0,73328000000.0,True,5.566512583461736,1.6797078768909754,0.0025432324534448558,-3.416326637524447,-1.6945990753617155,True,6009000000.0,0.0,-0.015683275784179607,1.633792302587923,906000000.0,unchecked,,0.0,general_dcf,-0.006086396805952243,0.026250563316608664,True,0.0455,0.07245105175606101,0.047654740763691854,0.04419469426072793,1,0.85
CVX,Chevron Corporation,NYSE,common_stock,False,1921-06-24,Energy,Oil & Gas Integrated,US,1991600006.4901793,0.488,373146176000.0,2026-07-17,fmp:company-screener,2026-07-18T01:44:23.956560+00:00,187.36,2026-07-17,373146177216.0,1800181312.7875,True,8,2025,ttm,2026-05-07,discrete,ok,185887000000.0,0.02151287461971707,0.3378424505974167,0.2543050347791938,0.08401340599396408,15617000000.0,0.0,0.09720176629979874,18068544732.17069,12952142787.436766,17846097331.851788,8.986402805706122,0.08021670221770562,0.2831662439102951,0.05001694562082441,0.006594393908605934,40105000000.0,45428000000.0,True,11.568148148148149,1.071352246620719,0.0,-0.14172743005863106,-1.5535461710219343,False,13293000000.0,10510000000.0,0.0077772420189685665,1.7831379876564182,1985900000.0,unchecked,,0.0,general_dcf,0.21925070950306513,0.22877870708215017,True,0.0455,0.06755540266730417,0.04336844224342715,-0.017538457046479758,71,1.0
KO,The Coca-Cola Company,NYSE,common_stock,False,1962-01-02,Consumer Defensive,Beverages - Non-Alcoholic,US,4302480000.0,0.349,350910268800.0,2026-07-17,fmp:company-screener,2026-07-18T01:44:23.956560+00:00,81.56,2026-07-17,350910268800.0,1441686189.490625,True,8,2025,ttm,2026-04-30,discrete,ok,49284000000.0,0.04899466931403018,0.08312406219604142,0.6174417660904148,0.29344209073938804,14462000000.0,0.0,0.2667444120505345,13146231603.498543,10732482562.24219,10371845762.832718,2.404229430420194,0.021122148656035154,0.1836076766374627,0.1777041809221706,0.3070694854507463,32807000000.0,43890000000.0,True,8.807551766138856,2.115352376039719,0.0058196533238772654,1.9109302299516113,0.7475380640386262,False,10971000000.0,853000000.0,-0.0027662658604344914,0.640109114852789,4314000000.0,unchecked,,0.0,general_dcf,0.016280089259032016,0.041776515919526386,True,0.0455,0.06815339134915782,0.04939173556343351,0.10955078957301279,78,1.0
PG,The Procter & Gamble Company,NYSE,common_stock,False,1978-01-13,Consumer Defensive,Household & Personal Products,US,2328598978.0008,0.38,349196702741.0,2026-07-17,fmp:company-screener,2026-07-18T01:44:23.956560+00:00,149.98,2026-07-17,349243274720.56,1300132956.9990625,True,8,2025,ttm,2026-04-24,discrete,ok,86718000000.0,0.03369968261776646,0.02305581143345163,0.5032865149103992,0.23239696487465117,20153000000.0,0.0,0.22124866058976383,19186241349.02314,15360260829.57042,14340628338.986181,5.9344623790549065,0.048534720736036735,0.1994127171577313,0.2036508111217449,0.2194914528090526,24720000000.0,37026000000.0,True,48.91504854368932,1.0644161212538752,0.0066458551813281955,0.9436476302058143,0.00026934998045046485,False,10176000000.0,4853000000.0,-0.01636116975751145,1.1497986760390364,2416500000.0,unchecked,,0.0,general_dcf,0.035035631309887405,0.017219607390562372,True,0.0455,0.06838500122316826,0.04843553061195725,0.13526580989857664,84,1.0
HD,"The Home Depot, Inc.",NYSE,common_stock,False,1981-09-22,Consumer Cyclical,Home Improvement,US,997116681.9989966,0.951,337892930029.0,2026-07-17,fmp:company-screener,2026-07-18T01:44:23.956560+00:00,338.87,2026-07-17,337892930029.0,1550846341.2296875,True,8,2025,ttm,2026-05-27,discrete,ok,166592000000.0,0.06183856728649273,0.07301095723835462,0.3312704091432962,0.12448376872839031,20738000000.0,0.0,0.14279601693997807,23788674054.064827,18103104534.44652,16194534886.056755,16.25957317877184,0.008072344591178457,0.23900321248240392,0.22465481408068422,-0.04736403118234224,56374000000.0,57975000000.0,True,8.612126245847175,2.259841257115369,0.002770916659352784,-1.831224821158775,-0.6820788845592142,False,9186000000.0,0.0,-0.009521261005304371,1.3379710928002162,996000000.0,unchecked,,0.0,general_dcf,0.03612592257486469,0.006924618842385543,True,0.0455,0.08616541344093667,0.04604030564481456,0.13848940063974755,51,1.0
MRK,"Merck & Co., Inc.",NYSE,common_stock,False,1978-01-13,Healthcare,Drug Manufacturers - General,US,2469824415.0039215,0.205,314902612913.0,2026-07-17,fmp:company-screener,2026-07-18T01:44:23.956560+00:00,127.5,2026-07-17,314902612913.0,1193071592.6934376,True,8,2025,ttm,2026-05-04,discrete,ok,65593000000.0,0.0631423349445206,0.0924821499856578,0.7590901468144466,0.27591358834021923,18098000000.0,0.0,0.24108456958368574,15813460172.702698,12976208724.59135,12426501542.821463,5.026901918617097,0.09715267805240932,0.17942002680786018,0.16631601978689647,0.3538441559451518,43415000000.0,49117000000.0,True,17.351869606903165,1.8632247543023905,0.01072943524910588,0.33241151335009306,-0.02193343801965223,False,8231000000.0,981000000.0,-0.009264693518373779,1.2541917392066366,2472000000.0,unchecked,,0.0,general_dcf,0.029611262475979894,0.017825044930349025,True,0.0455,0.06768605630632196,0.04964508837812446,0.09862996348057451,74,1.0
PM,Philip Morris International Inc.,NYSE,common_stock,False,2008-03-17,Consumer Defensive,Tobacco,US,1558558845.9995856,0.405,300770686101.0,2026-07-17,fmp:company-screener,2026-07-18T01:44:23.956560+00:00,192.98,2026-07-17,300770686101.0,913193218.358125,True,8,2025,ttm,2026-04-24,discrete,ok,41493000000.0,0.046226778751697895,0.05003729337497186,0.6730291856457715,0.3683030872677319,15282000000.0,0.0,0.375011668771804,15560359172.348463,12195934106.548832,12133932588.037237,7.764124214587422,0.027077186937340503,0.21621769963886078,0.3218184560068495,0.0740186415125545,46498000000.0,51948000000.0,True,9.653821857233101,2.686503351051537,0.0,-0.21108180611736038,-2.260179531857835,False,8815000000.0,0.0,0.0023186132197321463,1.1813631112822487,1562820513.0,unchecked,,0.0,general_dcf,0.06708468195766315,0.008550959096048735,True,0.0455,0.067100631864915,0.04741882917184893,0.2547178241419345,84,1.0
DELL,Dell Technologies Inc.,NYSE,common_stock,False,2016-08-17,Technology,Computer Hardware,US,664250942.9994955,1.376,263309073805.0,2026-07-17,fmp:company-screener,2026-07-18T01:44:23.956560+00:00,396.34,2026-07-17,263269218748.42004,3105538961.31,True,8,2026,ttm,2026-06-09,discrete,ok,134002000000.0,0.03273164337374879,0.1086957425484377,0.19068372113849047,0.08016298264205012,10742000000.0,0.0,0.05122543748972912,6864311074.498681,5695420232.909177,7719419593.895786,11.767407917524064,0.02282778723050903,0.17028523749921565,0.49027977219777913,1.8342847668362352,19583000000.0,31161000000.0,True,6.726361928616155,1.419984047567254,0.008214132493433926,1.626147058800186,-0.21887800830330875,False,1527000000.0,5310000000.0,-0.0449276156905386,1.884265498652291,656000000.0,unchecked,,0.0,general_dcf,0.1618395055062869,0.009998214607677471,True,0.0455,0.1075157424778724,0.050197743131297455,0.38276402971990675,38,1.0
RTX,RTX Corporation,NYSE,common_stock,False,1952-09-15,Industrials,Aerospace & Defense,US,1346680000.0,0.298,260596046800.0,2026-07-17,fmp:company-screener,2026-07-18T01:44:23.956560+00:00,193.51,2026-07-17,260596046800.0,1059047423.495,True,8,2025,ttm,2026-04-21,discrete,ok,90373000000.0,0.1432943634046051,0.09577927085606662,0.20212895444435838,0.10866077257587996,9820000000.0,0.0,0.0815182999861138,7367053324.645062,5976988849.217808,5836579692.638734,4.277135931876545,0.042197158971011464,0.18868663143472303,0.08096890432951227,,32117000000.0,38935000000.0,True,5.646923519263945,2.259056059646902,0.006166569936157864,1.4531849154749832,0.48123268527700286,False,3649000000.0,0.0,-0.027987325139707364,1.5696672608437314,1364600000.0,unchecked,,0.0,general_dcf,0.08239251140509962,0.007344332095580084,True,0.0455,0.06771626821125873,0.049084458798199254,0.013252636118253544,87,1.0
ANET,"Arista Networks, Inc.",NYSE,common_stock,False,2014-06-06,Technology,Computer Hardware,US,1259169437.9989324,1.601,212308558941.0,2026-07-17,fmp:company-screener,2026-07-18T01:44:23.956560+00:00,168.61,2026-07-17,212308558941.0,1613338011.2259376,True,8,2025,ttm,2026-05-06,discrete,ok,9709900000.0,0.22695585796283524,0.15452009509331707,0.6353721459541293,0.4279240774879247,4155100000.0,0.0,0.34139911629930414,3314951279.3546133,2876248318.5652695,2669322271.13864,2.0955583852556443,0.08904161666900227,0.1323406963841577,3.1794789421061704,2.541673972213756,-12353200000.0,0.0,True,,-2.9154158406494854,0.05063950385040156,1.4016561830742944,1.7327110885821013,False,0.0,842200000.0,0.0020930458623871218,1.2450589508458165,1273800000.0,unchecked,,0.0,general_dcf,0.3038036786196132,0.01987899739635866,True,0.0455,0.12555,0.052493387868758457,3.0539289421061704,72,1.0
TMO,Thermo Fisher Scientific Inc.,NYSE,common_stock,False,1980-03-17,Healthcare,Medical - Diagnostics & Research,US,371621000.0,0.868,197880750080.0,2026-07-17,fmp:company-screener,2026-07-18T01:44:23.956560+00:00,532.48,2026-07-17,197880750080.0,1087061757.496875,True,8,2025,ttm,2026-05-01,discrete,ok,45197000000.0,0.09010006871566945,0.10634022998824286,0.3940969533376109,0.17755603248003185,8025000000.0,0.0,0.18034227974651323,8150930017.703158,7335837015.932842,6926494422.827833,18.56969014162958,0.03564595964516328,0.1,0.07863792258696717,-0.1729233713142559,39905000000.0,43161000000.0,True,5.459183673469388,3.6826319675156887,0.006957536583176228,-0.16300621740852775,-1.2306979250470764,False,649000000.0,4000000000.0,-0.018091838162383578,1.3681136543014996,373000000.0,unchecked,,0.0,general_dcf,0.07832129120367926,0.007961449826753937,True,0.0455,0.08273137382006848,0.05445,-0.004093451233101314,77,1.0
MCD,McDonald's Corporation,NYSE,common_stock,False,1965-04-21,Consumer Cyclical,Restaurants,US,710506000.0,0.418,190209561260.0,2026-07-17,fmp:company-screener,2026-07-18T01:44:23.956560+00:00,267.71,2026-07-17,190209561260.0,1249846102.3453126,True,8,2025,ttm,2026-05-07,discrete,ok,27447000000.0,0.03411765915312581,0.08904189958128526,0.5735417349801436,0.46012314642766056,12629000000.0,0.0,0.43523389640373805,11945864754.5934,9408596411.000166,7050720724.815147,9.88187908173111,0.026691753854931128,0.2123972098895232,0.18973077036347563,0.13139506502445034,53711000000.0,54881000000.0,True,7.863636363636363,3.611066290170768,0.006635802469135803,0.8030833208610042,0.39585343375272936,False,5173000000.0,1975000000.0,-0.012660165475957386,1.148850784385261,713500000.0,unchecked,,0.0,general_dcf,0.06493832471609151,0.027836504572422097,True,0.0455,0.06538339103820294,0.04764996880168384,0.12434737932527269,71,1.0
APH,Amphenol Corporation,NYSE,common_stock,False,1991-11-08,Technology,"Hardware, Equipment & Parts",US,1230230000.0,1.243,186010776000.0,2026-07-17,fmp:company-screener,2026-07-18T01:44:23.956560+00:00,151.2,2026-07-17,186010776000.0,1488659461.97375,True,8,2025,ttm,2026-05-01,discrete,ok,25903800000.0,0.15938454986222794,0.17138380325282207,0.3734548599047244,0.26000046325249576,6735000000.0,0.0,0.20659165612487077,5351508941.927427,4202689287.397769,3547468953.06811,2.7506156106599287,0.019211337098293584,0.21467209846722096,0.18794224474011875,0.4045780359553282,14165800000.0,18748900000.0,True,13.491586538461538,1.7915744476343447,0.007193204884810185,5.340880712762499,1.7350400091166558,True,909400000.0,168400000.0,0.012641452647415896,1.258623515912231,1289700000.0,unchecked,,0.0,general_dcf,0.46652691339969166,0.04019196161542362,True,0.0455,0.10214347140854727,0.047512338042733124,0.08579877333157149,77,0.85
VZ,Verizon Communications Inc.,NYSE,common_stock,False,1983-11-21,Communication Services,Telecommunications Services,US,4175559999.9999995,0.238,182012660400.0,2026-07-17,fmp:company-screener,2026-07-18T01:44:23.956560+00:00,43.59,2026-07-17,182012660400.0,1200489290.3921876,True,8,2025,ttm,2026-05-01,discrete,ok,139146000000.0,0.007814059039057186,0.02314700821435995,0.5885257211849424,0.2121728256651287,29523000000.0,0.0,0.22817686263697068,31749897728.48392,24541236681.970455,19482002008.532295,4.627553921266578,0.009000668426565262,0.2270451737564599,0.0784689418881008,-0.07161350908395321,187506000000.0,195872000000.0,True,4.216366752356469,3.891215473052898,0.0,-1.6004036971841966,-0.42966410642842345,False,11535000000.0,2500000000.0,0.0004755112461742872,2.1623966460929314,4210000000.0,unchecked,,0.0,general_dcf,0.03282011692296183,0.027629733521745102,True,0.0455,0.065,0.04676376698773417,0.0134689418881008,77,1.0
UNP,Union Pacific Corporation,NYSE,common_stock,False,1980-01-02,Industrials,Railroads,US,593713000.0,0.965,179152897750.0,2026-07-17,fmp:company-screener,2026-07-18T01:44:23.956560+00:00,301.75,2026-07-17,179152897750.0,825263245.9109375,True,8,2025,annual,2026-02-06,annual,annual_anchor,24510000000.0,0.010182656377619725,0.08074461777974952,0.5937576499388005,0.4014279885760914,9839000000.0,0.0,0.39960472465419883,9794311801.274414,7542132431.753987,5638357110.955551,9.500180473387617,0.015929789201037294,0.22994768955868633,0.15539717537189446,0.0937992238101382,30289000000.0,31814000000.0,True,7.516424751718869,2.461719765929779,0.0,0.27546217419205377,-0.38449492581089484,False,3236000000.0,2679000000.0,-0.0165656401599229,1.3135287662643047,593500000.0,unchecked,,0.0,general_dcf,0.0703438221697783,0.031165833035712055,True,0.0455,0.08663795236770735,0.04658816478169948,0.0687592230041871,161,0.7
ABT,Abbott Laboratories,NYSE,common_stock,False,1980-03-17,Healthcare,Medical - Devices,US,1741810000.0,0.607,175348012700.0,2026-07-17,fmp:company-screener,2026-07-18T01:44:23.956560+00:00,100.68,2026-07-17,175365430800.0,1122417717.136875,True,8,2025,annual,2026-02-20,annual,annual_anchor,44328000000.0,0.05448021910170198,0.09045741765580519,0.5551118931600794,0.18155567587078145,8048000000.0,0.0,0.16156574496594517,7161886342.850417,6159062449.725226,6526439868.927549,3.7357984367072405,0.02617772622114266,0.14002231327313536,0.11880085864220892,-0.07363566932580261,6128000000.0,15067000000.0,True,23.60117302052786,0.5489072017198137,0.01604290822407628,0.8613110678038355,0.48087859866773575,False,4116000000.0,893000000.0,-0.003222771166020877,1.2687401712388608,1747000000.0,unchecked,,0.0,general_dcf,0.12618428832597317,0.01527171757966942,True,0.0455,0.07396525653359343,0.052028650046975315,0.044835602108615494,147,0.85
TJX,"The TJX Companies, Inc.",NYSE,common_stock,False,1987-06-26,Consumer Cyclical,Apparel - Retail,US,1104704446.0003886,0.623,170555319418.0,2026-07-17,fmp:company-screener,2026-07-18T01:44:23.956560+00:00,154.46,2026-07-17,170632648729.22003,921152876.3640625,True,8,2026,ttm,2026-05-29,discrete,ok,61584000000.0,0.06451848879760735,0.20207740190667886,0.3144323200831385,0.12392829306313329,7632000000.0,0.0,0.1063916885959994,6552025750.496027,4914217351.958681,4453034240.905515,3.975923429379924,0.03002487231599103,0.24996977437296464,0.30122773677764214,0.3518534824190332,8600000000.0,14180000000.0,True,103.13513513513513,0.9642336584818926,0.003246983676366217,1.7047774684153387,1.3739713717950295,False,1892000000.0,2513000000.0,-0.016688970043847173,1.2574013157894737,1120000000.0,unchecked,,0.0,general_dcf,0.06702784058461098,0.0068265068320329785,True,0.0455,0.07425052370448651,0.04537682865043564,0.22697721307315563,49,1.0
DIS,The Walt Disney Company,NYSE,common_stock,False,1957-11-12,Communication Services,Entertainment,US,1736511423.9991808,1.398,169605070782.0,2026-07-17,fmp:company-screener,2026-07-18T01:44:23.956560+00:00,97.67,2026-07-17,169605070782.0,985845812.3,True,8,2025,ttm,2026-05-06,discrete,ok,97263000000.0,0.06837008516307796,0.08989730697200822,0.3716007114730165,0.14303486423408696,13912000000.0,0.0,0.11577769258226561,11260885713.6289,8813464886.979395,4337636830.980502,2.4478763154517504,0.061194150962105745,0.21733821733821734,0.07240391744062347,0.42600419020964775,41676000000.0,47358000000.0,True,7.859887005649718,2.152797148613048,0.014434736563410114,0.41729473578244203,0.9323699453991201,False,2235000000.0,7215000000.0,-0.010137078334304772,2.8099356395816573,1772000000.0,unchecked,,0.0,general_dcf,0.07401041346836501,0.02113645300976996,True,0.0455,0.10054649180694619,0.04735103785103785,-0.028142574366322726,72,1.0
DE,Deere & Company,NYSE,common_stock,False,1972-06-01,Industrials,Agricultural - Machinery,US,269937425.0,0.897,161217427707.0,2026-07-17,fmp:company-screener,2026-07-18T01:44:23.956560+00:00,597.24,2026-07-17,161217427707.0,753222770.7196875,True,8,2025,ttm,2026-05-28,discrete,ok,46857000000.0,0.029428901014733944,0.15319795951002974,0.3539705913737542,0.1838359263290437,8614000000.0,0.0,0.1770399089665699,8295559014.446566,6470280173.398321,3167548657.335753,11.697003904489486,0.043500919087006124,0.22003084275207424,0.08170265368566916,0.02696339984426077,54827000000.0,64162000000.0,True,2.8838299296953465,5.019408587384418,0.0033807231613119893,0.09145541695184313,0.22091650238824687,False,1755000000.0,800000000.0,-0.04022988902685265,1.3001408450704226,270800000.0,unchecked,,0.0,general_dcf,0.0882459570929115,0.01352330353459473,True,0.0455,0.08361361711808023,0.06668736294469764,-0.001910963432411067,50,1.0
T,AT&T Inc.,NYSE,common_stock,False,1983-11-21,Communication Services,Telecommunications Services,US,6948340000.0,0.422,151446713474.0,2026-07-17,fmp:company-screener,2026-07-18T01:44:23.956560+00:00,21.81,2026-07-17,151543295400.0,1205881896.3246875,True,8,2025,ttm,2026-04-27,discrete,ok,126528000000.0,-0.042875319057744776,0.08870179116306831,0.7966220915528579,0.19353028578654527,24487000000.0,0.0,0.17997454287874726,22771818961.362133,18366123072.700424,19709903768.818874,2.8048817089538742,0.07449361917274014,0.1934714085043901,0.07543117481009164,,152161000000.0,164125000000.0,True,3.4946482089339233,3.3701964606082084,0.0,0.47495233702845974,0.4126091136004809,False,8086000000.0,6757000000.0,-0.02523493375363184,2.6606944444444443,7027000000.0,unchecked,,0.0,general_dcf,0.0369378054014724,0.040292195307214035,True,0.0455,0.06969837114016694,0.06895819457287465,0.005732803669924694,81,1.0
DHR,Danaher Corporation,NYSE,common_stock,False,1978-12-29,Healthcare,Medical - Diagnostics & Research,US,707770626.9979885,0.823,144264886901.0,2026-07-17,fmp:company-screener,2026-07-18T01:44:23.956560+00:00,203.83,2026-07-17,144264886901.0,796869693.426875,True,8,2025,ttm,2026-04-21,discrete,ok,24778000000.0,0.053583813771420186,0.1501691270065228,0.6067882799257406,0.20954072160787796,5192000000.0,0.0,0.2131120096631041,5280489375.432393,4414983511.159429,5437960133.693039,7.64617566604758,0.035804319065390056,0.16390637358343185,0.06604086454626092,-5.032108954031949,12783000000.0,18484000000.0,True,20.28125,1.6877475574333245,0.012129599478997069,-0.10707020587893183,-0.6789192128818162,False,910000000.0,2019000000.0,-0.011852493859673685,1.715311618363683,711200000.0,unchecked,,0.0,general_dcf,0.04509622182688644,0.015704750695930355,True,0.0455,0.08255381132579329,0.050583664398202374,-0.01651294677953237,87,1.0
PFE,Pfizer Inc.,NYSE,common_stock,False,1972-06-01,Healthcare,Drug Manufacturers - General,US,5699440000.0,0.307,142770972000.0,2026-07-17,fmp:company-screener,2026-07-18T01:44:23.956560+00:00,25.05,2026-07-17,142770972000.0,999974528.129375,True,8,2025,ttm,2026-05-05,discrete,ok,63315000000.0,0.022244399137135495,0.4020668804072671,0.6934691621258785,0.23446260759693596,14845000000.0,0.0,0.251237204699979,15907083615.57917,14316375254.021254,14616139086.10307,2.5503645238358175,0.07691684588366828,0.1,0.09443317477258431,-0.08432284924605535,51380000000.0,64455000000.0,True,5.528864059590316,2.3973497573721536,0.008815676792101153,-0.3383940571376978,-0.9648295171866833,False,9779000000.0,0.0,-0.00011629935558732374,1.5890274314214463,5731000000.0,unchecked,,0.0,general_dcf,-0.002704881996226316,0.03167932763321222,True,0.0455,0.065507851863279,0.05445,0.028925322909305315,73,1.0
CRM,"Salesforce, Inc.",NYSE,common_stock,False,2004-06-23,Technology,Software - Application,US,819000000.0,1.178,139860630000.0,2026-07-17,fmp:company-screener,2026-07-18T01:44:23.956560+00:00,170.77,2026-07-17,139860630000.0,2465228689.4796877,True,8,2026,ttm,2026-05-28,discrete,ok,42829000000.0,0.17684937422531677,0.07585694558931724,0.7764365266525018,0.21943075953209273,9398000000.0,0.0,0.036566423432434825,1566103349.187751,1306685869.5804749,4834112731.19753,5.5500720220407915,0.07811039396842605,0.16564518538436257,0.12198230527609223,1.3495777818937513,30047000000.0,41884000000.0,True,20.838137472283815,2.2812998253739276,0.08399525003298589,7.032565026807884,2.396651096423549,True,1550000000.0,37211000000.0,-0.04403718618447794,2.112635146038406,871000000.0,unchecked,,0.0,general_dcf,0.09341352884330023,0.006024096379445829,True,0.0455,0.09197350069627566,0.050478466284246064,0.03000880457981657,50,0.85
COP,ConocoPhillips,NYSE,common_stock,False,1981-12-31,Energy,Oil & Gas Exploration & Production,US,1218294007.0002615,0.122,139750505543.0,2026-07-17,fmp:company-screener,2026-07-18T01:44:23.956560+00:00,114.71,2026-07-17,139750505543.0,865786395.1215625,True,8,2025,ttm,2026-04-30,discrete,ok,58310000000.0,0.0708056175442664,0.6111172904610209,0.29183673469387755,0.18281598353627165,10660000000.0,0.0,0.24257084433533482,14144305933.193373,9360055081.197824,9490794450.47682,7.747840297215272,0.1211406341540886,0.3382457134759813,0.08655052689216661,-0.02620071248387966,16964000000.0,23327000000.0,True,9.416961130742049,0.7600358422939069,0.0,-1.5603375427460078,-2.493948020030504,False,4029000000.0,4524000000.0,-0.014071951486317569,2.1831199826426557,1224960000.0,unchecked,,0.0,general_dcf,0.13488597149345805,0.244699910415915,True,0.0455,0.06614237512704042,0.04003613433470313,0.020408151765126184,78,1.0
CVS,CVS Health Corp.,NYSE,common_stock,False,1973-02-21,Healthcare,Medical - Healthcare Plans,US,1275930000.0,0.598,137124197100.0,2026-07-17,fmp:company-screener,2026-07-18T01:44:23.956560+00:00,107.47,2026-07-17,137124197100.0,756043713.009375,True,8,2025,annual,2026-02-10,annual,annual_anchor,402067000000.0,0.10924868668053822,0.08793234324870007,0.13769346899894794,0.025829028495250792,10385000000.0,0.0,0.032120665582538864,12914659648.774652,9604413638.491428,14545806100.161644,11.444379307758965,0.01163820545923787,0.25631693751970475,0.0488343256646087,-0.11097765204606212,82936000000.0,93593000000.0,True,3.329592818210965,5.532386098325662,0.0014484628858208895,-0.6353706208696789,-1.7655412846696035,False,3397000000.0,0.0,-0.013277036450652147,1.9737754659731253,1271000000.0,unchecked,,0.0,general_dcf,0.020747337723311166,0.023105134475148923,True,0.0455,0.07060707387314394,0.06358490184206524,-0.02177274820853524,157,0.7
GLW,Corning Inc,NYSE,common_stock,False,1981-12-31,Technology,"Hardware, Equipment & Parts",US,860637999.9999999,1.086,133037422040.0,2026-07-17,fmp:company-screener,2026-07-18T01:44:23.956560+00:00,154.61,2026-07-17,133063241180.0,2944727122.31875,True,8,2025,ttm,2026-05-01,discrete,ok,16321000000.0,0.0475547969063439,0.11473750001079028,0.36309049690582684,0.1531156179155689,2499000000.0,0.0,0.10744085629756046,1753542215.6324844,1388447125.8452258,888558674.9408618,1.0298658504669318,0.035936539396824965,0.20820433436532507,0.10397779129905689,0.06963985974859185,7218000000.0,8973000000.0,True,7.222543352601156,1.8583934088568486,0.01829931537526393,0.8955357599858316,-0.09547354821704909,False,1001000000.0,63000000.0,0.002247259151031855,3.450946643717728,862790697.0,unchecked,,0.0,general_dcf,0.16157830164824527,0.04889844169091332,True,0.0455,0.09652149829921504,0.04790363777089783,0.0074562929998418515,77,1.0
BMY,Bristol-Myers Squibb Company,NYSE,common_stock,False,1972-06-01,Healthcare,Drug Manufacturers - General,US,2042070000.0,0.235,124035331800.0,2026-07-17,fmp:company-screener,2026-07-18T01:44:23.956560+00:00,60.74,2026-07-17,124035331800.0,662547965.763125,True,8,2025,ttm,2026-04-30,discrete,ok,48482000000.0,0.11452717234836363,0.21095514650991434,0.6874716389587888,0.2567138319376263,12446000000.0,0.0,0.20325958745177736,9854431318.83707,8137582527.311335,12963147777.404781,6.343566429250824,0.05136094793355913,0.1742209911437429,0.1901788524522589,,33974000000.0,44460000000.0,True,12.25,2.1182118585946754,0.011474457401336267,1.2424240022268431,-2.343695037134972,False,5070000000.0,98000000.0,-0.016179757587517773,1.8670959928233626,2043511000.0,unchecked,,0.0,general_dcf,-0.012147312907902053,0.014746155458163084,True,0.0455,0.06508011780592148,0.04995963003580355,0.12509873464633742,78,1.0
MO,"Altria Group, Inc.",NYSE,common_stock,False,1985-07-01,Consumer Defensive,Tobacco,US,1669891234.9952838,0.494,123922628549.0,2026-07-17,fmp:company-screener,2026-07-18T01:44:23.956560+00:00,74.21,2026-07-17,123922628549.0,629693329.570625,True,8,2025,ttm,2026-04-30,discrete,ok,21815000000.0,0.003685641666252071,0.02278103944243763,0.6783864313545725,0.5073114829245932,11067000000.0,0.0,0.5487126521180992,11970166505.956333,8881078735.255678,8754600397.846888,5.232875312520554,0.07738741401242041,0.2580655640139617,0.4597417918845177,,21071000000.0,24602000000.0,True,10.294883720930233,1.8617246863403427,0.0,-1.03247471734488,-0.298576498350189,False,7010000000.0,954000000.0,-0.024816219778510784,1.1423124231242312,1673000000.0,unchecked,,0.0,general_dcf,0.02121883501923927,0.006819288863666855,True,0.0455,0.06625740258695657,0.044887033377155314,0.39348438929756113,78,1.0
SYK,Stryker Corporation,NYSE,common_stock,False,1980-03-17,Healthcare,Medical - Devices,US,383360762.0001876,0.778,122625606941.0,2026-07-17,fmp:company-screener,2026-07-18T01:44:23.956560+00:00,319.87,2026-07-17,122625606941.0,844250496.1228125,True,8,2025,ttm,2026-05-11,discrete,ok,25270000000.0,0.09157664076422001,0.0625496389285681,0.6366838148001583,0.21341511673921645,5393000000.0,0.0,0.2154756628818411,5445070001.024125,4679480596.869985,3628528810.349667,9.388172859895645,0.011536384464292575,0.1406023070429115,0.13148921238418004,0.09753873624329018,12269000000.0,15234000000.0,True,6.382248520710059,1.84801928001205,0.010000975704946824,-0.13452079259058353,1.599989087074255,False,1301000000.0,187000000.0,0.003736241152631381,1.4173070497828266,386500000.0,unchecked,,0.0,general_dcf,0.08784842716143082,0.011756061744114026,True,0.0455,0.08081896773495424,0.05199356042390386,0.0506702446492258,67,1.0
PH,Parker-Hannifin Corporation,NYSE,common_stock,False,1980-03-17,Industrials,Industrial - Machinery,US,126086389.00032522,1.11,120186806859.0,2026-07-17,fmp:company-screener,2026-07-18T01:44:23.956560+00:00,953.21,2026-07-17,120186806859.0,712394747.6078125,True,8,2025,ttm,2026-04-30,discrete,ok,20987074000.0,0.047938934794694577,0.07583913116208256,0.37227547775359254,0.2086778747718715,4379538000.0,0.0,0.16818159133227,3529639502.7281094,2777755564.446347,2724529180.5009766,21.28538422266388,0.021929397237722963,0.2130200372306068,0.14533454152170117,0.15501181968334055,9106000000.0,9582000000.0,True,10.809270297286291,1.7152416341472099,0.00778615492950538,1.2707131900757267,1.3823606884093804,False,913832000.0,1909100000.0,-0.0060610466495389925,1.1898991461615946,128000000.0,unchecked,,0.0,general_dcf,0.08144777342754295,0.009845288287059318,True,0.0455,0.09705790427464724,0.04761228774754828,0.04827663724705393,78,1.0
LMT,Lockheed Martin Corporation,NYSE,common_stock,False,1977-01-03,Industrials,Aerospace & Defense,US,230563607.99968553,0.113,117303846842.0,2026-07-17,fmp:company-screener,2026-07-18T01:44:23.956560+00:00,508.77,2026-07-17,117303846842.0,713661942.0553125,True,8,2025,ttm,2026-04-23,discrete,ok,75115000000.0,0.04882312670059519,0.04045687134400453,0.09816947347400652,0.09880849364308061,7422000000.0,0.0,0.129345407397142,9715780276.636322,8318698664.199602,6669738814.037009,28.86083433161839,0.01500494294638035,0.14379510164472353,0.24169910069956116,-0.22619799174616526,18803000000.0,20697000000.0,True,6.632707774798928,2.063995609220637,0.003921800772520756,-2.985040585503365,-1.9635819734468622,False,3151000000.0,2250000000.0,-0.04412001399874721,1.3065967016491755,231100000.0,unchecked,,0.0,general_dcf,0.06115929559031952,0.011764705871502358,True,0.0455,0.06769548317571605,0.05180039635049422,0.1740036175238451,85,1.0
LOW,"Lowe's Companies, Inc.",NYSE,common_stock,False,1980-03-17,Consumer Cyclical,Home Improvement,US,560707000.0,0.85,117036372110.0,2026-07-17,fmp:company-screener,2026-07-18T01:44:23.956560+00:00,208.73,2026-07-17,117036372110.0,664522323.089375,True,8,2025,ttm,2026-05-28,discrete,ok,88434000000.0,0.027609235184565373,0.10069384746067045,0.33796955921930477,0.11548725603274758,10213000000.0,0.0,0.1211524623855642,10713996858.604984,8106667622.772052,6755236998.639724,12.06292321185665,0.016729641976649234,0.243357289557057,0.24129120095403037,-0.15525800247472332,41296000000.0,42540000000.0,True,6.500954805856143,3.292091836734694,0.002641202763104429,-0.4944564876216362,0.5676202823421685,False,2665000000.0,462000000.0,-0.039008478793996604,1.3834986344688802,560000000.0,unchecked,,0.0,general_dcf,0.03162564476768859,0.0024401580235027982,True,0.0455,0.07674412714323293,0.04577688398179805,0.16454707381079742,50,1.0
VRT,Vertiv Holdings Co,NYSE,common_stock,False,2018-08-02,Industrials,Electrical Equipment & Parts,US,384108816.00013816,2.029,111222548761.0,2026-07-17,fmp:company-screener,2026-07-18T01:44:23.956560+00:00,289.56,2026-07-17,111222548761.0,2081040018.104375,True,8,2025,annual,2026-02-13,annual,annual_anchor,10229900000.0,0.13234812422476638,0.09148109867795032,0.3435810711737163,0.18543680778893246,1897000000.0,0.0,0.06545753986066255,669624087.0205919,497114335.75678605,273098529.3223945,0.699082439814628,0.06265014886156851,0.25762178303854966,0.2552732521708003,0.8519918106941591,1575500000.0,3403400000.0,True,22.03252032520325,0.790080738177624,0.004318630020719439,3.8383487663037226,2.69050320819265,False,66599999.0,0.0,0.010835786410082093,1.9567579313342025,390652824.0,unchecked,,0.0,general_dcf,0.3567086399712436,0.024000000044939934,True,0.0455,0.14,0.044913882126167745,0.11527325217080031,154,0.7
SO,The Southern Company,NYSE,common_stock,False,1981-12-31,Utilities,Regulated Electric,US,1127300000.0,0.332,107431690000.0,2026-07-17,fmp:company-screener,2026-07-18T01:44:23.956560+00:00,95.3,2026-07-17,107431690000.0,529520897.29875,True,8,2025,ttm,2026-03-31,discrete,ok,30174000000.0,0.033313976114662136,0.13139287409547457,0.43113276330615763,0.2414993040365878,7287000000.0,0.0,0.23522993198402714,7097827967.686035,5930358601.002167,-1693807102.8063936,-1.5016020414950297,0.059595469138169405,0.16448262369825728,0.054290078300704425,0.16261594866140794,75024000000.0,76005000000.0,True,2.1629563668744436,5.563102476642444,0.004939380332285586,0.10431609613859856,0.5836694922334446,False,3055000000.0,0.0,0.014293274404168832,2.2240399909111566,1128000000.0,unchecked,,0.0,general_dcf,0.08195753761477942,0.031259968078531486,True,0.0455,0.07088812625155357,0.07143673567379899,-0.01659804795084914,108,1.0
NOW,"ServiceNow, Inc.",NYSE,common_stock,False,2012-06-29,Technology,Software - Application,US,1031308000.0,0.959,106472237920.0,2026-07-17,fmp:company-screener,2026-07-18T01:44:23.956560+00:00,103.24,2026-07-17,106472237920.0,2848267702.6271873,True,8,2025,ttm,2026-04-23,discrete,ok,13960000000.0,0.26169854473332754,0.04441685149140297,0.7656160458452722,0.13438395415472779,1876000000.0,0.0,0.04650028597992858,649143992.2798029,532238313.57808924,1530155043.2366633,1.4714670513602126,0.04934608985755368,0.18009205983889529,0.17134313197529602,0.17653142927074073,-2751000000.0,2431000000.0,True,81.56521739130434,-1.0143805309734513,0.15895848506919155,1.6284105133817617,0.5624411032308647,False,0.0,3767000000.0,0.007222139677373729,2.9943859649122806,1039884000.0,unchecked,,0.0,general_dcf,0.22315431677917585,0.003708281837737413,True,0.0455,0.09247125426403635,0.04960443037974683,0.07887187771125967,85,1.0
GD,General Dynamics Corporation,NYSE,common_stock,False,1978-01-13,Industrials,Aerospace & Defense,US,270430186.998752,0.338,99675158324.0,2026-07-17,fmp:company-screener,2026-07-18T01:44:23.956560+00:00,368.58,2026-07-17,99675158324.0,448675503.7690625,True,8,2025,ttm,2026-04-29,discrete,ok,53808000000.0,0.054715790973965284,0.0532415805298369,0.1524122807017544,0.10236396074933095,5508000000.0,0.0,0.10753809667743043,5786409906.0191765,4817527531.618884,3886613991.4837675,14.17954757929138,0.007059058468644262,0.16744101958494773,0.1506532692968267,0.2569839233208686,4360000000.0,8014000000.0,True,18.73469387755102,0.6769135227449153,0.0038351915500041914,-0.5174135928099483,2.1178292148355515,False,1615000000.0,854000000.0,-0.004899902567511161,1.2161520190023754,274100000.0,unchecked,,0.0,general_dcf,0.06621667692834854,0.02162849872752874,True,0.0455,0.06900195434216938,0.050369818315110663,0.08165131495465733,79,1.0
MCK,McKesson Corporation,NYSE,common_stock,False,1994-11-10,Healthcare,Medical - Distribution,US,117078000.0,0.315,98508258420.0,2026-07-17,fmp:company-screener,2026-07-18T01:44:23.956560+00:00,841.39,2026-07-17,98508258420.0,947612222.8565625,True,8,2026,ttm,2026-05-08,discrete,ok,403430000000.0,0.09457098304352618,0.04228731951070651,0.036065736311132045,0.015792082889224898,6371000000.0,0.0,0.01369892604062704,5526557732.570167,4446312646.614227,6171882545.60169,50.30059124369756,0.0018608126161219144,0.19546436285097193,2.07770431466415,4.1175891113896075,4639000000.0,8614000000.0,True,50.968,0.6866489046773239,0.0,0.20931568485978574,-0.2539052762991073,False,381000000.0,3351000000.0,-0.04797506777090055,1.4370419720186542,122700000.0,unchecked,,0.0,general_dcf,0.12664671585660336,0.010023224543606886,True,0.0455,0.06874494302977098,0.048674406047516196,2.008959371634379,70,1.0
WM,"Waste Management, Inc.",NYSE,common_stock,False,1988-06-22,Industrials,Waste Management,US,401576000.0,0.448,96101152560.0,2026-07-17,fmp:company-screener,2026-07-18T01:44:23.956560+00:00,239.31,2026-07-17,96101152560.0,505133597.799375,True,8,2025,ttm,2026-04-29,discrete,ok,25413000000.0,0.07783831760085991,0.06181028721383783,0.3205839530948727,0.18462991382363358,4692000000.0,0.0,0.18049160262802283,4586833097.585944,3625887016.7104063,2819912201.868422,6.9730766613957025,0.00854343350788022,0.20950099130079203,0.11323527244135807,0.10289034716402387,22733000000.0,22891000000.0,True,5.184530386740332,2.88197261663286,0.00455302065994321,0.41383111956107554,0.9753247867806347,False,1383000000.0,345000000.0,-0.008587591856509813,2.0481770833333335,404400000.0,unchecked,,0.0,general_dcf,0.04994745031618697,0.01997738411843211,True,0.0455,0.06613795541183949,0.04782519002630208,0.04709731702951858,79,1.0
PWR,"Quanta Services, Inc.",NYSE,common_stock,False,1998-02-12,Industrials,Engineering & Construction,US,150060000.0,1.215,94317211800.0,2026-07-17,fmp:company-screener,2026-07-18T01:44:23.956560+00:00,628.53,2026-07-17,94317211800.0,903386020.9125,True,8,2025,ttm,2026-04-30,discrete,ok,29992935000.0,0.1423022663027309,0.11355917608722306,0.13592841114082366,0.05758286076370985,1727079000.0,0.0,0.05513084108909788,1653535733.280642,1242870245.4352202,1251899035.2568703,8.231520555849126,0.0029868088372903448,0.2483559802065206,0.08654623463711195,0.11935196509498437,5954912000.0,6319673000.0,True,6.159340228245364,2.2092779171710735,0.006358607000145103,0.24520196746119702,0.2653503995627529,False,62113000.0,199219000.0,0.009137471473922076,2.1683287502868454,152086000.0,unchecked,,0.0,general_dcf,0.24773604373587554,0.08285385501727116,True,0.0455,0.10243349157215537,0.045474463197505505,-0.01588725693504342,78,1.0
VLO,Valero Energy Corporation,NYSE,common_stock,False,1982-01-04,Energy,Oil & Gas Refining & Marketing,US,296933000.0,0.545,91945303450.0,2026-07-17,fmp:company-screener,2026-07-18T01:44:23.956560+00:00,309.65,2026-07-17,91945303450.0,789795331.12375,True,8,2025,ttm,2026-04-30,discrete,ok,126168000000.0,0.006762829683323979,0.38704754675902103,0.07240346205059921,0.046065563375816375,5812000000.0,0.0,0.03527931484866552,4451120595.826431,3526608543.905015,4858947372.542422,16.30519252531014,0.03331762321579849,0.20770321361058602,0.15542152431805298,1.322717358761822,5758000000.0,11491000000.0,True,10.397137745974955,0.6314288847461345,0.0,0.6337423035297761,0.010330262516767497,False,1408000000.0,2925000000.0,-0.09042113737625035,2.412635379061372,298000000.0,unchecked,,0.0,general_dcf,0.16094636730321943,0.30973189157098924,True,0.0455,0.06999312299493962,0.047933955576559543,0.08542840132311336,78,1.0
MPC,Marathon Petroleum Corporation,NYSE,common_stock,False,2011-06-24,Energy,Oil & Gas Refining & Marketing,US,291937000.0,0.52,91259506200.0,2026-07-17,fmp:company-screener,2026-07-18T01:44:23.956560+00:00,312.6,2026-07-17,91259506200.0,612712728.39875,True,8,2025,ttm,2026-05-05,discrete,ok,135750000000.0,0.06377033340935179,0.358821335624292,0.0879926335174954,0.05022467771639042,6818000000.0,0.0,0.04180573261894174,5675128203.021341,4532313409.404134,5266324376.536614,17.851947039107166,0.0807112885285722,0.20137250696976194,0.11128683468525512,0.2046404537909565,32175000000.0,34326000000.0,True,4.757850662944871,4.177486367177356,0.0,0.6092160543672207,0.07988544098060193,False,1150000000.0,3181000000.0,-0.1700394723583183,2.039288361749444,295000000.0,unchecked,,0.0,general_dcf,0.17503443225200987,0.3578831007318125,True,0.0455,0.06516343345764398,0.0483169633283294,0.04612340122761113,73,1.0
WMB,"The Williams Companies, Inc.",NYSE,common_stock,False,1981-12-31,Energy,Oil & Gas Midstream,US,1222998265.0040884,0.595,89743612686.0,2026-07-17,fmp:company-screener,2026-07-18T01:44:23.956560+00:00,73.38,2026-07-17,89743612686.0,532551832.9778125,True,8,2025,ttm,2026-05-04,discrete,ok,11921000000.0,0.046628563535081824,0.14552053171452417,0.628470765875346,0.38788692223806726,4624000000.0,0.0,0.28025475539685774,3340916939.085941,2534225071.344119,2683317116.2613564,2.1940450664442817,0.08825858187862178,0.24145822313156012,0.08283339259965206,0.1539877216489435,29352000000.0,30302000000.0,True,3.147719537100068,4.254529641977098,0.007059686439900981,1.7353265485720113,1.211625031344081,False,2474000000.0,0.0,8.94136432536552e-05,2.235505617977528,1223000000.0,unchecked,,0.0,general_dcf,0.06415373499943966,0.19177018631566778,True,0.0455,0.07262616787432444,0.0648553219222516,0.010207224725327618,74,1.0
CMI,Cummins Inc.,NYSE,common_stock,False,1947-10-03,Industrials,Industrial - Machinery,US,137989066.99975327,1.222,89483150168.0,2026-07-17,fmp:company-screener,2026-07-18T01:44:23.956560+00:00,648.48,2026-07-17,89483150168.0,706185050.3446875,True,8,2025,ttm,2026-05-05,discrete,ok,33894000000.0,0.05099192828886134,0.13105544271576755,0.25385023898035053,0.11240927597804921,3810000000.0,0.0,0.11359188026109883,3850083189.5696836,3005407116.712334,2299558101.605487,16.56742148130754,0.020468798721139905,0.21939164201585923,0.17083794841286554,0.13010139299735682,5058000000.0,8240000000.0,True,11.615853658536585,1.02637987012987,0.0,-0.11826042830496153,0.37723135265738217,False,1080000000.0,243000000.0,-0.008266792915946009,1.273654590221597,138800000.0,unchecked,,0.0,general_dcf,0.11546695607307056,0.021464985233667164,True,0.0455,0.10159366198759781,0.047226805658040515,0.06924428642526773,73,1.0
UPS,"United Parcel Service, Inc.",NYSE,common_stock,False,1999-11-10,Industrials,Integrated Freight & Logistics,US,746582000.0,1.03,87887633040.0,2026-07-17,fmp:company-screener,2026-07-18T01:44:23.956560+00:00,117.72,2026-07-17,87887633040.0,610931629.84875,True,8,2025,ttm,2026-05-06,discrete,ok,88317000000.0,0.030364868438471193,0.0811532656947379,0.17787062513445884,0.0845590316700069,7468000000.0,0.0,0.10081949793917383,8904075599.494015,6930630805.861358,5371747847.473194,6.319703349968464,0.015958543395039982,0.22163387670976203,0.15050198608941556,-0.30342497292373505,22860000000.0,28662000000.0,True,7.058601134215501,2.0253388854434307,0.0008233608914855461,-1.5960287674021312,-1.1727667082719726,False,5402000000.0,0.0,-0.008102207860337884,1.52623732856291,850000000.0,unchecked,,0.0,general_dcf,0.02463652478974465,0.041076173599544546,True,0.0455,0.08472636679987233,0.04709115045905939,0.06577561928954323,72,1.0
FCX,Freeport-McMoRan Inc.,NYSE,common_stock,False,1995-07-10,Basic Materials,Copper,US,1437559865.0,1.364,83953496116.0,2026-07-17,fmp:company-screener,2026-07-18T01:44:23.956560+00:00,58.38,2026-07-17,83924744918.7,940757541.4434375,True,8,2025,annual,2026-02-13,annual,annual_anchor,25741000000.0,0.04459196635694629,0.24445816818096325,0.2698030379550134,0.2443572510780467,6290000000.0,0.0,0.26877164318609914,6918450867.253378,4496993063.714696,1756642557.9233327,1.2173545099953795,0.09352283256056339,0.35,0.15517895775610127,-0.09281361335083443,7448000000.0,11502000000.0,True,17.046070460704605,0.8727443168502461,0.004282066391671577,-0.3159758474224462,-0.09348942213030441,False,865000000.0,107000000.0,-0.0018412009428691034,2.8659066232356136,1443000000.0,unchecked,,0.0,general_dcf,0.1270725116719833,0.08725314184747673,True,0.0455,0.10473541412076018,0.039325,0.05044354363534109,154,0.7
MMM,3M Company,NYSE,common_stock,False,1946-01-14,Industrials,Conglomerates,US,521567260.9984985,1.081,83367310998.0,2026-07-17,fmp:company-screener,2026-07-18T01:44:23.956560+00:00,159.84,2026-07-17,83367310998.0,569764239.3365625,True,8,2025,ttm,2026-04-21,discrete,ok,25024000000.0,-0.0381898272428316,0.10921125724337095,0.39514066496163686,0.19601182864450128,4905000000.0,0.0,0.2067602674975359,5173968933.858338,4155177112.8614902,3715010382.2226667,6.972617083751252,0.03520567262954818,0.19690721649484536,0.3375467097765881,,8407000000.0,12556000000.0,True,5.431893687707642,1.3453352536405825,0.011133685493701747,-0.4250198017489717,-1.2986587656652158,False,1578000000.0,5538000000.0,-0.020869430778441722,0.5727179487179488,532800000.0,unchecked,,0.0,general_dcf,0.03614801720003191,0.004786597544473803,True,0.0455,0.09287915015686798,0.04858711340206186,0.24466755961972014,87,1.0
PSX,Phillips 66,NYSE,common_stock,False,2012-04-12,Energy,Oil & Gas Refining & Marketing,US,400935019.99903315,0.681,82937418237.0,2026-07-17,fmp:company-screener,2026-07-18T01:44:23.956560+00:00,206.86,2026-07-17,82937418237.0,452394302.7509375,True,8,2025,ttm,2026-04-29,discrete,ok,135770000000.0,0.024917086063704685,0.37506775341609794,0.07044266038152758,0.04668188848788392,6338000000.0,0.0,0.028322227427678655,3845308817.855931,3108091880.780153,3527048196.192562,8.746055888176402,0.026710615930276117,0.19171852561033986,0.10143930903096246,0.09227967285465476,21974000000.0,27124000000.0,True,5.740942028985507,2.3486532706284735,0.0,0.7205814321595749,-1.71690178072972,False,1962000000.0,1229000000.0,-0.05226021174203899,1.126958891664774,403273000.0,unchecked,,0.0,general_dcf,0.15799474304373495,0.2162625017111995,True,0.0455,0.07199673840043115,0.04890102920057444,0.02944257063053131,79,1.0
HCA,"HCA Healthcare, Inc.",NYSE,common_stock,False,2011-03-10,Healthcare,Medical - Care Facilities,US,221839800.0,1.128,82342496964.0,2026-07-17,fmp:company-screener,2026-07-18T01:44:23.956560+00:00,371.18,2026-07-17,82342496964.0,649442970.941875,True,8,2025,ttm,2026-04-29,discrete,ok,76388000000.0,0.07131449251891953,0.04226951856547219,0.3492302455883123,0.15673927842069435,11973000000.0,0.0,0.1487826149175951,11365206388.325254,8989448119.880878,5611210509.045757,24.756942400886633,0.008027632552551792,0.2090378465000723,0.22229449002053037,0.20581754978431388,48905000000.0,49845000000.0,True,5.239824945295405,3.1417833740203007,0.0,0.748036407079801,2.167050680172794,False,682000000.0,9132000000.0,-0.08375874484786883,1.8253472222222222,226652000.0,unchecked,,0.0,general_dcf,0.03629152786121148,0.011205908570047893,True,0.0455,0.0815201433938125,0.04785321028674563,0.14077434662671787,79,1.0
SHW,The Sherwin-Williams Company,NYSE,common_stock,False,1980-03-17,Basic Materials,Chemicals - Specialty,US,246636000.0,1.1,81715439520.0,2026-07-17,fmp:company-screener,2026-07-18T01:44:23.956560+00:00,331.32,2026-07-17,81715439520.0,778723700.9340625,True,8,2025,ttm,2026-04-28,discrete,ok,23935500000.0,0.04319057856107422,0.03663270281416973,0.4912201541643166,0.1613252282175012,3861400000.0,0.0,0.145467137345766,3481828665.939582,2720720867.5759115,2362980811.627239,9.524307987211767,0.017697656792292352,0.21859427082357108,0.16762051245448076,0.17270819297715267,13569800000.0,13786700000.0,True,7.835633116883117,2.973094956399807,0.005238755763691817,0.9365369269254307,0.652873515944361,False,786500000.0,1880300000.0,-0.017756777877273366,1.3438193498150672,248100000.0,unchecked,,0.0,general_dcf,0.050564863413853356,0.013770757375048308,True,0.0455,0.09281643952147366,0.04727504661517395,0.0748040729330071,80,1.0
ELV,Elevance Health Inc.,NYSE,common_stock,False,2001-10-30,Healthcare,Medical - Healthcare Plans,US,216869290.000268,0.683,80916100792.0,2026-07-17,fmp:company-screener,2026-07-18T01:44:23.956560+00:00,373.11,2026-07-17,80916100792.0,672256157.0171875,True,8,2025,ttm,2026-07-15,discrete,ok,201113000000.0,0.11643811436572027,0.04032228634834136,0.3895223083540099,0.03511458732155554,7062000000.0,0.0,0.05862056864328994,11789358421.55797,9100335540.540552,8284742834.970519,38.020848255945474,0.008267429724529407,0.22808899219657977,0.14191121591929173,-0.055718693137273054,-6470000000.0,31044000000.0,True,6.249557522123894,-0.7545189504373178,0.0013860640301318267,-2.35059813217344,-0.9501968310663871,False,1507000000.0,2705000000.0,-0.0354245980130079,0.9712374581939799,217900000.0,unchecked,,0.0,general_dcf,-0.008866958105651634,0.05796952224211894,True,0.0455,0.07051388212831082,0.046700615972106924,0.07139733379098091,2,1.0
ITW,Illinois Tool Works Inc.,NYSE,common_stock,False,1973-03-13,Industrials,Industrial - Machinery,US,287700000.0,1.011,79419585000.0,2026-07-17,fmp:company-screener,2026-07-18T01:44:23.956560+00:00,276.05,2026-07-17,79419585000.0,368307344.1659375,True,8,2025,ttm,2026-05-07,discrete,ok,16221000000.0,0.011909252837439377,0.08055945653212226,0.4412181739720116,0.2641637383638493,4285000000.0,0.0,0.24190478911019891,3923937584.1565366,3047785004.14973,2753322555.825926,9.523772244295834,0.012283751371540396,0.22328402560336302,0.28815826409433676,0.4208160594421664,8321000000.0,9148000000.0,True,14.427609427609427,1.7757148954332054,0.00428385174147886,2.2258949253650404,-0.26230539987400947,False,1809000000.0,1500000000.0,-0.02373224311752742,1.0195694716242663,289100000.0,unchecked,,0.0,general_dcf,0.036784663085332125,0.0036210017920741337,True,0.0455,0.09098280936692262,0.04699131645099654,0.19717545472741416,71,1.0
EMR,Emerson Electric Co.,NYSE,common_stock,False,1972-06-01,Industrials,Industrial - Machinery,US,560100000.0,1.244,78167556000.0,2026-07-17,fmp:company-screener,2026-07-18T01:44:23.956560+00:00,139.54,2026-07-17,78156354000.0,395125307.9759375,True,8,2025,ttm,2026-05-05,discrete,ok,18316000000.0,0.00491638614415546,0.1200023123466511,0.5265887748416684,0.19955230399650578,3655000000.0,0.0,0.16970042527951743,3108232989.419641,2483768298.9494143,2550566629.0209846,4.530313728278836,0.013648239908853372,0.20090665422955462,0.08967687613346981,0.07087532184363748,12266000000.0,14057000000.0,True,6.153198653198653,2.3891702376314763,0.014863937800137205,2.5059350430054157,0.8253641835906559,False,1218000000.0,663000000.0,-0.017100800193298404,1.351068469254252,563000000.0,unchecked,,0.0,general_dcf,0.04268315976238024,0.008515167639819656,True,0.0455,0.09865194864369056,0.048345147419111945,-0.008975072510220755,73,1.0
RCL,Royal Caribbean Cruises Ltd.,NYSE,common_stock,False,1993-04-28,Consumer Cyclical,Travel Services,US,268195000.00000003,1.764,76961237200.0,2026-07-17,fmp:company-screener,2026-07-18T01:44:23.956560+00:00,286.96,2026-07-17,76961237200.0,815276787.465625,True,8,2025,ttm,2026-04-30,discrete,ok,18388000000.0,0.0951297578173238,1.722561151492021,0.47226452033935173,0.27876876223624103,5126000000.0,0.0,0.1948857423143996,3583559029.67718,3225203126.7094617,80511113.21576469,0.29708897865595824,1.08315289099915,0.1,0.14838854937278867,1.0322532938013589,21280000000.0,21792000000.0,True,5.020568070519099,3.087189902799942,0.009757457485363814,0.8507119399957598,0.6647034903860538,False,386000000.0,1754000000.0,0.020477559313449856,1.8300312825860272,271000000.0,unchecked,,0.0,general_dcf,0.09120719481607531,0.03569607344135268,True,0.0455,0.11621180367381413,0.05445,0.03217674569897454,78,1.0
ECL,Ecolab Inc.,NYSE,common_stock,False,1973-02-21,Basic Materials,Chemicals - Specialty,US,281438000.0,0.895,76784729540.0,2026-07-17,fmp:company-screener,2026-07-18T01:44:23.956560+00:00,272.83,2026-07-17,76784729540.0,415858008.3878125,True,8,2025,ttm,2026-05-07,discrete,ok,16452300000.0,0.013225117332945624,0.0840414761868159,0.4428864049403427,0.17494210535912913,2878200000.0,0.0,0.14301889947341256,2352989839.8064256,1937712381.7764099,1739190890.701659,6.1303873482610465,0.019553511550498687,0.17648926952620397,0.12640814610997408,0.3991607246694041,8746700000.0,9266500000.0,True,9.405882352941177,2.4447146291016826,0.008494390965848319,2.1933906873365587,1.3940281193238435,False,777500000.0,190700000.0,-0.003384318101478545,1.4225284255155135,283700000.0,unchecked,,0.0,general_dcf,0.10991739300004966,0.04968944097461926,True,0.0455,0.08589651934813125,0.049822399193664664,0.040511626761842834,71,1.0
NSC,Norfolk Southern Corporation,NYSE,common_stock,False,1982-06-02,Industrials,Railroads,US,224594000.99952963,1.263,76397895380.0,2026-07-17,fmp:company-screener,2026-07-18T01:44:23.956560+00:00,340.16,2026-07-17,76397895380.0,376577834.720625,True,8,2025,ttm,2026-04-24,discrete,ok,12185000000.0,0.008767797689063883,0.09165196565033328,0.4530980713992614,0.3239228559704555,3947000000.0,0.0,0.3450790239831443,4204787907.234613,3303705587.380183,2071908911.068969,9.204275404493686,0.04518635155755013,0.21429911323328787,0.09824994931150086,-0.0692751831503375,15760000000.0,17101000000.0,True,4.99620253164557,2.947998503554059,0.0,-0.6747308692413673,-1.282046643178267,False,1212000000.0,282000000.0,-0.015077809221265337,1.5453852021357741,225102881.0,unchecked,,0.0,general_dcf,0.05933045118422697,0.03362001561056934,True,0.0455,0.09747201486505039,0.04753490364938608,0.0007779344464504678,84,1.0
FDX,FedEx Corporation,NYSE,common_stock,False,1978-04-12,Industrials,Integrated Freight & Logistics,US,238606756.0003834,1.337,74679142493.0,2026-07-17,fmp:company-screener,2026-07-18T01:44:23.956560+00:00,312.98,2026-07-17,74679142493.0,691828436.303125,True,8,2026,ttm,2026-06-23,discrete,ok,94720000000.0,0.044807004966957775,0.0842515791053147,0.22899070945945946,0.06735641891891891,6380000000.0,0.0,0.0694637784171968,6579609091.676881,5052334350.114753,2980816114.964359,12.368531597362484,0.009869096249564547,0.23212241339597375,0.07994678442098742,0.012706893705180085,29632000000.0,42943000000.0,True,11.992481203007518,2.7567215554935345,0.0017514728294247435,-0.21073594982778804,-0.01535622958962003,False,1374000000.0,796000000.0,-0.01992564426454624,1.9191872546755946,241000000.0,unchecked,,0.0,general_dcf,0.07221060244363153,0.03105324939028626,True,0.0455,0.08829279041061142,0.04645659398954359,-0.008346005989623997,24,1.0
EOG,"EOG Resources, Inc.",NYSE,common_stock,False,1989-10-04,Energy,Oil & Gas Exploration & Production,US,532629000.00000006,0.261,74509470810.0,2026-07-17,fmp:company-screener,2026-07-18T01:44:23.956560+00:00,139.89,2026-07-17,74509470810.0,502164567.321875,True,8,2025,ttm,2026-05-05,discrete,ok,23483000000.0,0.03975957813758413,0.44055501849074646,0.7129201550057488,0.3692076821530469,8670104000.0,0.0,0.3240782636756039,7610329865.894206,5964789452.121024,4304680279.774035,8.046131364063617,0.13591807960747218,0.21622458458045207,0.1921508373909426,0.11979666979573474,4457000000.0,8306000000.0,True,36.276585774058574,0.36241358830596976,0.00851227649927282,0.667157412347027,-0.32146217569021235,False,2167000000.0,2164000000.0,-0.03044624297727938,1.8964547868186787,535000000.0,unchecked,,0.0,general_dcf,0.2797501043999733,0.1019993222622906,True,0.0455,0.06818502596439835,0.04741841263288265,0.12396581142654425,73,1.0
CI,Cigna Corporation,NYSE,common_stock,False,1982-03-31,Healthcare,Medical - Healthcare Plans,US,264531999.00159886,0.303,74452531119.0,2026-07-17,fmp:company-screener,2026-07-18T01:44:23.956560+00:00,281.45,2026-07-17,74452531119.0,493826981.8746875,True,8,2025,ttm,2026-04-30,discrete,ok,277944000000.0,0.28071776602947707,0.7215652025847488,0.09300434619923438,0.0342371125118729,9516000000.0,0.0,0.046214788416645225,12845123151.67604,10143364556.266268,12954782339.905437,49.030796595770504,0.014828801384059728,0.21033341319559443,0.11515013086565208,,23048000000.0,30900000000.0,True,6.915697674418604,1.8788619874459933,0.0,-1.1977675904772327,-1.3447416755542587,False,1616000000.0,2113000000.0,-0.054977349109980755,2.2875677769171183,264217252.0,unchecked,,0.0,general_dcf,0.046197681207281516,0.03556543484227546,True,0.0455,0.065,0.04777482850166654,0.05015013086565208,78,1.0
CL,Colgate-Palmolive Company,NYSE,common_stock,False,1973-05-02,Consumer Defensive,Household & Personal Products,US,800189310.002151,0.319,74401602044.0,2026-07-17,fmp:company-screener,2026-07-18T01:44:23.956560+00:00,92.98,2026-07-17,74401602044.0,468237402.870625,True,8,2025,ttm,2026-03-31,discrete,ok,20795000000.0,0.03947009967583437,0.023818917941345014,0.6006251502765088,0.21207020918490022,4410000000.0,0.0,0.22055648565468225,4586472119.189117,3432615028.194049,3444010514.8890667,4.27774253495102,0.015306848738069026,0.251578350638501,0.4926913679182282,,6554000000.0,7973000000.0,True,16.704545454545453,1.298335974643423,0.006270236932723441,-0.45548454191921284,1.0821285832359056,False,1834000000.0,1232000000.0,-0.013575610736816568,1.6282608695652174,805100000.0,unchecked,,0.0,general_dcf,0.05830680554729639,0.030359644995708007,True,0.0455,0.06805892030451499,0.045279509786370686,0.4246324476137132,108,1.0
NOC,Northrop Grumman Corporation,NYSE,common_stock,False,1981-12-31,Industrials,Aerospace & Defense,US,142033000.0,-0.102,74080151810.0,2026-07-17,fmp:company-screener,2026-07-18T01:44:23.956560+00:00,521.57,2026-07-17,74080151810.0,519366956.3309375,True,8,2025,ttm,2026-04-21,discrete,ok,42367000000.0,0.048603467408775636,0.04686353421445767,0.20518327943918616,0.11084098472868034,4696000000.0,0.0,0.10848230245639823,4596069708.170223,3893673584.242399,2909916699.346989,20.420468065592907,0.024789929026032623,0.15282538528064668,0.12393943707660934,-0.18236401268334634,14984000000.0,17074000000.0,True,6.998509687034277,2.4156053522489116,0.002461433480369459,0.1683398138693261,-0.0018233179166968119,False,1324000000.0,1212000000.0,-0.028890005351792758,1.1374940219990435,142500000.0,unchecked,,0.0,general_dcf,0.05097157649637429,0.007734303922491684,True,0.0455,0.06689506153602323,0.05125406419052087,0.05704437554058611,87,1.0
HLT,Hilton Worldwide Holdings Inc.,NYSE,common_stock,False,2013-12-12,Consumer Cyclical,Travel Lodging,US,227648000.0,1.052,73147855360.0,2026-07-17,fmp:company-screener,2026-07-18T01:44:23.956560+00:00,321.32,2026-07-17,73147855360.0,686347829.0,True,8,2025,ttm,2026-04-28,discrete,ok,12281000000.0,0.044001453671123514,0.30564869020702334,0.44287924436120835,0.23084439377900823,2835000000.0,0.0,0.19370316505405474,2378868570.0288463,1696985093.0910788,1640626782.1448917,7.0716671644176365,0.10167098792968261,0.28664192949907236,0.3095148652999893,0.6733492050774321,12439000000.0,13058000000.0,True,4.450549450549451,4.196693657219973,0.01575085018793628,0.9334542776423687,0.5414062855293726,False,141000000.0,3128000000.0,-0.057381254969486206,1.4612216884008236,232000000.0,unchecked,,0.0,general_dcf,0.09383953937467115,0.01763803685952977,True,0.0455,0.08977770563744648,0.043158163265306124,0.2197371596625428,80,1.0
KMI,"Kinder Morgan, Inc.",NYSE,common_stock,False,2011-02-11,Energy,Oil & Gas Midstream,US,2224825756.9969044,0.533,71861871951.0,2026-07-17,fmp:company-screener,2026-07-18T01:44:23.956560+00:00,32.3,2026-07-17,71861871951.0,324025714.73,True,8,2025,ttm,2026-04-24,discrete,ok,17524000000.0,0.024819864010472203,0.22814830761918437,0.4694704405386898,0.2860648253823328,5013000000.0,0.0,0.28441380746680256,4984067562.048248,3896889787.658228,3412439248.93346,1.533680561318409,0.02203858708903401,0.218130625408945,0.06191373921626637,,31984000000.0,32056000000.0,True,2.8162921348314605,4.270797169181466,0.0,0.13205184894168448,-0.14899605739837,False,2616000000.0,0.0,-0.0048954945173924624,2.156525066972828,2225000000.0,unchecked,,0.0,general_dcf,0.06954998087596409,0.014309301004746132,True,0.0455,0.07051503387373594,0.0668498315275352,-0.008601294657469567,84,1.0
SLB,Slb N.V.,NYSE,common_stock,False,1981-12-31,Energy,Oil & Gas Equipment & Services,US,1495060000.0,0.733,70252869400.0,2026-07-17,fmp:company-screener,2026-07-18T01:44:23.956560+00:00,46.99,2026-07-17,70252869400.0,693094021.2690625,True,8,2025,ttm,2026-04-29,discrete,ok,35940000000.0,0.012147044721517952,0.15526841521973742,0.1733166388425153,0.14321090706733444,5147000000.0,0.0,0.13417969730870635,4822418321.274906,3910899183.7941136,3760499292.609295,2.4821777508972245,0.05904999270904327,0.18901701941937996,0.12134802607850606,0.26793802341834855,8221000000.0,11608000000.0,True,9.785171102661597,1.0492661135928525,0.008842613550626226,0.1772957317881181,-0.08292732115537324,False,1642000000.0,416000000.0,0.01777541240220315,1.5791101594099453,1515000000.0,unchecked,,0.0,general_dcf,0.023574993109427123,0.028485346491885485,True,0.0455,0.07745841986799226,0.04906447032512751,0.0438896062105138,79,1.0
MSI,"Motorola Solutions, Inc.",NYSE,common_stock,False,1980-03-17,Technology,Communication Equipment,US,165996000.0,0.885,68607806760.0,2026-07-17,fmp:company-screener,2026-07-18T01:44:23.956560+00:00,413.31,2026-07-17,68607806760.0,487510128.5034375,True,8,2025,ttm,2026-05-07,discrete,ok,11868000000.0,0.06857802574283212,0.05464757543349904,0.49283788338388945,0.24839905628581058,2948000000.0,0.0,0.20223532193357102,2400128800.707621,1940704613.297192,2051445052.7834888,12.210982457044576,0.028608803607703466,0.19141647201390963,0.21194133906846221,0.15088799315472587,8703000000.0,9589000000.0,True,7.243243243243243,2.533624454148472,0.022464638994175834,1.3077640938068458,0.7580836017878337,False,747000000.0,947000000.0,-0.007620460262660167,1.3170844939647168,168000000.0,unchecked,,0.0,general_dcf,0.09931904217579501,0.00390320069378204,True,0.0455,0.08474307496679223,0.048919303443158466,0.12719826410166998,71,1.0
GM,General Motors Company,NYSE,common_stock,False,2010-11-18,Consumer Cyclical,Auto - Manufacturers,US,901665195.0046011,1.309,68589671384.0,2026-07-17,fmp:company-screener,2026-07-18T01:44:23.956560+00:00,76.07,2026-07-17,68589671384.0,588819027.6215625,True,8,2025,ttm,2026-04-28,discrete,ok,184623000000.0,0.03335752810947534,0.10648598308402289,0.060951235761524836,0.013443612117666813,2482000000.0,0.0,0.054134788670623685,9994527088.736557,8638646787.444172,-5974670717.875652,-6.498134435458443,0.01941454180749936,0.13566227688955987,0.012923644576468926,-0.24899975272828603,103338000000.0,127756000000.0,True,3.390710382513661,6.019923103809857,0.0,-1.646031824925524,1.0577346253365716,False,705000000.0,4829000000.0,-0.14167131736471228,3.3503661784287617,919444000.0,unchecked,,0.0,general_dcf,0.0005121874916740321,0.14722115962363694,True,0.0455,0.08684329095724297,0.07390087532594262,-0.07391964638077404,80,1.0
RSG,"Republic Services, Inc.",NYSE,common_stock,False,1998-07-01,Industrials,Waste Management,US,307664087.00013494,0.405,68396803181.0,2026-07-17,fmp:company-screener,2026-07-18T01:44:23.956560+00:00,222.31,2026-07-17,68396803181.0,359793336.0309375,True,8,2025,ttm,2026-05-08,discrete,ok,16695000000.0,0.0743948770161611,0.06450890866492343,0.39065588499550763,0.20047918538484577,3347000000.0,0.0,0.1819383189583541,3037460235.0097218,2498388595.4435544,2093122193.5760245,6.771666753723793,0.011008228464435558,0.17747446809437561,0.22720087111398243,,137000000.0,547000000.0,True,5.7311643835616435,0.02582469368520264,0.002619760479041916,1.7475431980525546,2.6832041699152485,False,750000000.0,1107000000.0,-0.00846042704530936,2.0084151472650773,309100000.0,unchecked,,0.0,general_dcf,0.03197301278643727,0.01974448314844651,True,0.0455,0.07033547105343027,0.049762794680290275,0.15686540006055216,70,1.0
GWW,"W.W. Grainger, Inc.",NYSE,common_stock,False,1973-02-21,Industrials,Industrial - Distribution,US,47213118.9998638,1.035,65862773136.0,2026-07-17,fmp:company-screener,2026-07-18T01:44:23.956560+00:00,1395.01,2026-07-17,65862773136.00001,406843195.48875,True,8,2025,ttm,2026-05-07,discrete,ok,18378000000.0,0.06935006106097008,0.04866380881693688,0.39150070736750464,0.14234410708455764,2616000000.0,0.0,0.13212734752047384,2428236392.7312684,1836755573.840421,1280274740.1540642,27.010015615064646,0.024922604669801018,0.24358452935694314,0.3289200251333505,0.4509324118893471,2086000000.0,2781000000.0,True,32.2962962962963,0.7265761058864507,0.0036113699906803356,0.31518907973193705,1.0895415013051506,False,460000000.0,1001000000.0,-0.024742840573265146,1.1104428649535265,47400000.0,unchecked,,0.0,general_dcf,0.08603342084391818,0.025257731971472918,True,0.0455,0.09516408656145858,0.04576313597390493,0.23375593857189192,71,1.0
URI,"United Rentals, Inc.",NYSE,common_stock,False,1997-12-18,Industrials,Rental & Leasing Services,US,62646600.0,1.794,65478852786.0,2026-07-17,fmp:company-screener,2026-07-18T01:44:23.956560+00:00,1045.21,2026-07-17,65478852786.0,545865191.6171875,True,8,2025,ttm,2026-04-22,discrete,ok,16365000000.0,0.10413850897536503,0.10025567766857142,0.3625420103880232,0.2467461044912924,4038000000.0,0.0,0.24881215862584077,4071810975.9118843,3066387442.26885,746237714.747692,11.733297401693271,0.019161741876077137,0.24692293910275862,0.1276037586296446,0.14640983758377604,14863000000.0,15019000000.0,True,5.703389830508475,2.0671766342141864,0.007298794395568589,-0.08462342520863791,-0.10127898915199442,False,471000000.0,2101000000.0,-0.03590169898188733,1.9405940594059405,63600000.0,unchecked,,0.0,general_dcf,0.07040961197769935,0.012753623195625619,True,0.0455,0.11847550787306968,0.0455611621842831,0.009128250756574918,86,1.0
BSX,Boston Scientific Corporation,NYSE,common_stock,False,1992-05-19,Healthcare,Medical - Devices,US,1486355178.9915967,0.577,65444218531.0,2026-07-17,fmp:company-screener,2026-07-18T01:44:23.956560+00:00,44.03,2026-07-17,65444218531.00001,1032328102.0875,True,8,2025,ttm,2026-03-31,discrete,ok,20615000000.0,0.1074940369415851,0.09048162792496754,0.7041474654377881,0.20116420082464226,4147000000.0,0.0,0.15840997764783987,3265621689.210219,2790008249.6886125,2064330669.9819326,1.3808231906233663,0.037595815363924895,0.14564254062038404,0.10017304374020378,0.16740732851380255,9505000000.0,11029000000.0,True,11.61624649859944,1.7153943331528605,0.015883441810473516,2.907875780404954,1.1815046918964498,False,0.0,0.0,0.012643072407720446,1.571249215317012,1495000000.0,unchecked,,0.0,general_dcf,0.07562135173916151,0.019898195279319946,True,0.0455,0.0710817670758284,0.05168862629246676,0.029091276664375373,108,1.0
NKE,"NIKE, Inc.",NYSE,common_stock,False,1980-12-02,Consumer Cyclical,Apparel - Footwear & Accessories,US,1479811225.0,1.128,64756539206.0,2026-07-17,fmp:company-screener,2026-07-18T01:44:23.956560+00:00,43.76,2026-07-17,64756539206.0,988519009.30125,True,8,2026,ttm,2026-07-15,discrete,ok,46398000000.0,0.024685360359247177,0.08787582610776831,0.42913487650329757,0.0819000819000819,3800000000.0,0.0,0.11874099658327855,5509344759.470959,4655248768.522126,3748151683.1158133,2.5275822261216625,0.02704147349719534,0.15502678235566594,0.1903205635142238,-1.2394377554731943,2006000000.0,11033000000.0,True,13.768115942028986,0.44078224566029445,0.015410146989094358,-0.8335615348702801,-0.9833175361508595,False,2408000000.0,418000000.0,-0.01880382435635297,1.1488039763901834,1482900000.0,unchecked,,0.0,general_dcf,0.007631141573440914,0.01144461239186061,True,0.0455,0.0945078712115416,0.05112087966748221,0.0958126923026822,2,1.0
TGT,Target Corporation,NYSE,common_stock,False,1967-10-18,Consumer Defensive,Discount Stores,US,454191000.0,0.981,63414147420.0,2026-07-17,fmp:company-screener,2026-07-18T01:44:23.956560+00:00,139.6,2026-07-17,63405063600.0,649662289.4896874,True,8,2025,ttm,2026-05-29,discrete,ok,106377000000.0,0.048217746472034584,0.07694588651550115,0.2813860138939808,0.044934525320323,4780000000.0,0.0,0.053836488804846115,5726964169.593115,4471006092.069744,3847129390.7490544,8.44038918549595,0.013719657988368654,0.21930608265226906,0.11774949277174536,-0.3941557238297022,15297000000.0,18831000000.0,True,10.693512304250559,1.9265743073047858,0.0026818095056308456,-0.8901963484523114,-0.8548851944637259,False,2059000000.0,497000000.0,-0.006425242375689977,1.8007822048398925,455800000.0,unchecked,,0.0,general_dcf,-0.014639612045446282,0.005150214591184941,True,0.0455,0.08371478296795926,0.04723198199953772,0.0340347098037861,49,1.0
TRGP,Targa Resources Corp.,NYSE,common_stock,False,2010-12-07,Energy,Oil & Gas Midstream,US,214643999.99999997,0.704,60724934040.0,2026-07-17,fmp:company-screener,2026-07-18T01:44:23.956560+00:00,282.91,2026-07-17,60724934040.0,318898049.6009375,True,8,2025,ttm,2026-05-07,discrete,ok,16378100000.0,0.07168159275251673,0.4272487782581492,0.29877091970375075,0.21111117895238155,3457600000.0,0.0,0.12727401277133776,2084506508.570247,1802644401.0801134,679197238.7972367,3.15905692463831,0.0572072722364144,0.1352176672662257,0.13488110868993863,0.11759726984571758,19031700000.0,19131800000.0,True,5.27314320573433,3.782660544988373,0.003801069351472614,1.4987186832039547,0.707461066861123,False,870000000.0,571900000.0,-0.023783437834287047,2.8749113824340293,215000000.0,unchecked,,0.0,general_dcf,0.16621993366194276,0.2745199792423456,True,0.0455,0.07390065756248473,0.05231933113039334,0.0609804511274539,71,1.0
HPE,Hewlett Packard Enterprise Company,NYSE,common_stock,False,2015-10-19,Technology,Computer Hardware,US,1324203481.1333933,1.438,60670238200.0,2026-07-17,fmp:company-screener,2026-07-18T01:44:23.956560+00:00,45.82,2026-07-17,60675003505.53208,1074012151.9246876,True,8,2025,ttm,2026-06-02,discrete,ok,38877000000.0,0.015120249641591421,0.06543967167289473,0.3292435115878283,0.06595159091493685,2564000000.0,0.0,0.07724874801730915,3003199576.6689277,2702879619.002035,1334039894.942131,0.931592105406516,0.011840130460650283,0.1,0.05594724336905397,-0.03986654875793874,15954000000.0,21246000000.0,True,21.366666666666667,2.71465033180194,0.014704366647198269,-1.1297157102372293,0.4444187366133551,False,750000000.0,412000000.0,0.027000182898342162,2.1866666666666665,1432000000.0,unchecked,,0.0,general_dcf,0.30189268451347884,0.03502549323757565,True,0.0455,0.10107408060486364,0.05445,-0.04512683723580967,45,1.0
COR,"Cencora, Inc.",NYSE,common_stock,False,1995-04-04,Healthcare,Medical - Distribution,US,194561060.0,0.581,59905350374.0,2026-07-17,fmp:company-screener,2026-07-18T01:44:23.956560+00:00,307.9,2026-07-17,59905350373.99999,557204492.233125,True,8,2025,ttm,2026-05-06,discrete,ok,328680018000.0,0.097128283927292,0.02435907671465163,0.03467215643148711,0.012782797158055408,4201450000.0,0.0,0.010527337797762354,3460125576.860611,2641450809.0541306,3157606260.284071,16.161110538194578,0.0009485862283456141,0.2366026173388968,0.23676178645995674,0.5179923594370694,10149258000.0,12385520000.0,True,8.864604036644597,1.9227698549026733,0.0004753495006402461,0.22554593602930537,-0.5031854702577232,False,458977000.0,0.0,-0.025629562300649278,2.3090841019932147,195383000.0,unchecked,,0.0,general_dcf,0.051451892478775685,0.0052673630605343845,True,0.0455,0.06969034670832933,0.046185541650996746,0.16707143975162742,72,1.0
FIX,"Comfort Systems USA, Inc.",NYSE,common_stock,False,1997-06-27,Industrials,Engineering & Construction,US,35202400.0,1.66,58930929744.0,2026-07-17,fmp:company-screener,2026-07-18T01:44:23.956560+00:00,1674.06,2026-07-17,58930929744.0,927810618.1890625,True,8,2025,ttm,2026-04-23,discrete,ok,10135687000.0,0.22626488254906207,0.10470125289175848,0.2512799576387866,0.15692207148859272,1590513000.0,0.0,0.06778238600945254,687021048.7049899,538495914.1959865,750164678.3497225,21.280663764140662,0.02765566862349891,0.21618716746592848,0.6113593876091934,0.8890094250228319,-775880000.0,339084000.0,True,166.23254598662209,-0.46347231489451685,0.002396161307614748,8.913968547914019,1.7371070658265557,True,79294000.0,0.0,-0.007406437133725352,1.6251978722630462,35251000.0,unchecked,,0.0,general_dcf,0.36456754071472597,0.022727272664762592,True,0.0455,0.12803614484563688,0.04742067636831133,0.48332324276355654,85,0.85
CTVA,"Corteva, Inc.",NYSE,common_stock,False,2019-05-24,Basic Materials,Agricultural Inputs,US,668820000.0,0.558,58387986000.0,2026-07-17,fmp:company-screener,2026-07-18T01:44:23.956560+00:00,87.3,2026-07-17,58387986000.0,288048995.5615625,True,8,2025,ttm,2026-05-06,discrete,ok,17889000000.0,0.028568710822397314,0.05372786432081418,0.4681088937335793,0.16261389680809435,2909000000.0,0.0,0.09729096702649447,1740438109.1369596,1417914054.50947,1428500031.7657373,2.1206948215049546,0.054606805619492924,0.1853119929598768,0.09266578347916789,4.51371823474996,1213000000.0,3356000000.0,True,16.16111111111111,0.2949185509360564,0.0,1.3626059820868097,0.44407938037339767,False,480000000.0,1051000000.0,-0.023989335881232088,2.4068027210884355,673600000.0,unchecked,,0.0,general_dcf,0.03507325947997275,0.04331140349702768,True,0.0455,0.07208946302840592,0.049288624425927456,0.020576320450761965,72,1.0
BDX,"Becton, Dickinson and Company",NYSE,common_stock,False,1973-02-21,Healthcare,Medical - Instruments & Supplies,US,362295100.9989252,0.271,57304216125.0,2026-07-17,fmp:company-screener,2026-07-18T01:44:23.956560+00:00,158.17,2026-07-17,57304216124.99999,430206777.125625,True,8,2025,ttm,2026-05-07,discrete,ok,21365000000.0,0.04560530592574796,0.07637680780497551,0.4647788439035806,0.10610812075824948,2267000000.0,0.0,0.11329093663343556,2420460861.173351,2178414775.056016,2484708373.5007896,8.85372139930441,0.020123965562090517,0.1,0.05025864617203665,0.07352428393524284,16463000000.0,17279000000.0,True,4.0266429840142095,3.5773576705780097,0.01224105461393597,-0.7182815875186085,-0.027653680499938837,False,1185000000.0,250000000.0,-0.00786126920640362,2.0441001191895114,280640000.0,unchecked,,0.0,general_dcf,-0.12159453354699823,0.04912099278328023,True,0.0455,0.0667816305811323,0.05445,-0.01652298440909565,71,1.0
CARR,Carrier Global Corporation,NYSE,common_stock,False,2020-03-19,Industrials,Industrial - Machinery,US,830580423.0018926,1.309,57052569256.0,2026-07-17,fmp:company-screener,2026-07-18T01:44:23.956560+00:00,68.69,2026-07-17,57052569256.0,417973594.4746875,True,8,2025,ttm,2026-04-30,discrete,ok,21870000000.0,0.020139172074632672,0.12113829668187043,0.2479652491998171,0.07242798353909465,1584000000.0,0.0,0.11922563929220478,2607464731.3205185,1903564061.433503,1816272597.936077,2.155045797266347,0.0354287337951606,0.2699559696558326,0.04691045978115132,-0.049360741584424696,11199000000.0,12573000000.0,True,4.604651162790698,3.9020905923344946,0.003746504142261622,-1.5562605769943612,-0.9169771613162606,False,775000000.0,1910000000.0,-0.007173176923426783,1.4076819407008085,842800000.0,unchecked,,0.0,general_dcf,0.0180512846700962,0.029318899410769348,True,0.0455,0.09889043163216434,0.04416766383582213,-0.05197997185101302,78,1.0
DAL,"Delta Air Lines, Inc.",NYSE,common_stock,False,2007-05-03,Industrials,"Airlines, Airports & Air Services",US,657623000.0,1.288,55352127910.0,2026-07-17,fmp:company-screener,2026-07-18T01:44:23.956560+00:00,84.17,2026-07-17,55352127910.0,616809567.0699999,True,8,2025,ttm,2026-07-10,discrete,ok,68287000000.0,0.05199235309385486,0.4311818222269391,0.27324380921698127,0.08077672177720503,5516000000.0,0.0,0.09349638415522864,6384587584.808098,4877373742.228667,2089485576.8199277,3.1803433437137407,0.2742525363246239,0.23607066589011844,0.11347644226181147,0.2925212432198165,15319000000.0,19984000000.0,True,8.853932584269662,2.2694814814814817,0.0,-0.3723680457398617,-0.3375413197435142,False,502000000.0,0.0,0.008252049186159294,1.6667332667332668,657000000.0,unchecked,,0.0,general_dcf,0.13601471548591082,0.0825315694445462,True,0.0455,0.09300735334257158,0.04621772471364784,0.02046908891923989,7,1.0
OXY,Occidental Petroleum Corporation,NYSE,common_stock,False,1981-12-31,Energy,Oil & Gas Exploration & Production,US,994634701.0025519,0.15,54565659697.0,2026-07-17,fmp:company-screener,2026-07-18T01:44:23.956560+00:00,54.86,2026-07-17,54565659697.0,604364610.6925,True,8,2025,ttm,2026-05-05,discrete,ok,23184000000.0,0.047826061550417354,0.2758995208984691,0.26233609385783296,0.12392167011732229,2873000000.0,0.0,0.18189802822830284,4217123886.444973,3080356784.996981,4209437197.079229,4.2090162954496835,0.12989415034215063,0.2695598071239695,0.04131663793772317,-0.06896704238775772,11860000000.0,15671000000.0,True,2.8333333333333335,0.9450199203187251,0.0,-0.9157573667588293,-0.19250402647424586,False,1453000000.0,56000000.0,-0.0006324691278082328,3.75911929017417,1000100000.0,unchecked,,0.0,general_dcf,0.005557619428049776,0.05044974578915395,True,0.0455,0.06870449557118556,0.0624526364909006,-0.02738785763346239,73,1.0
AME,"AMETEK, Inc.",NYSE,common_stock,False,1984-07-19,Industrials,Electrical Equipment & Parts,US,229203000.0,0.99,54321111000.0,2026-07-17,fmp:company-screener,2026-07-18T01:44:23.956560+00:00,237.0,2026-07-17,54321111000.0,294547576.5009375,True,8,2025,ttm,2026-04-30,discrete,ok,7597582000.0,0.062368142586528785,0.09325405492545903,0.3655832868931194,0.2616589067416449,1987975000.0,0.0,0.23996926366993981,1823186158.2119887,1477716628.3248339,1548977770.7358282,6.7395208333623176,0.014771475838449687,0.18948670070310275,0.12772128848845107,0.15542265014439383,1696299000.0,2177549000.0,True,23.902548996032223,0.7038871290201842,0.006895513442959266,0.9761851130646221,0.23906518539343885,False,291686000.0,443972000.0,-0.002454884771549426,1.321437600709114,229835000.0,unchecked,,0.0,general_dcf,0.09041172057688285,0.029962546802930055,True,0.0455,0.09322847580233629,0.049036054607462284,0.03449281268611479,78,1.0
KEYS,"Keysight Technologies, Inc.",NYSE,common_stock,False,2014-10-20,Technology,"Hardware, Equipment & Parts",US,170895367.9993669,1.214,53985846751.0,2026-07-17,fmp:company-screener,2026-07-18T01:44:23.956560+00:00,315.9,2026-07-17,53985846751.0,561856354.5521874,True,8,2025,ttm,2026-06-04,discrete,ok,6088000000.0,0.047738618867254834,0.08188570807881246,0.6366622864651774,0.1816688567674113,1106000000.0,0.0,0.1788043833986215,1088561086.1308076,896882787.1274854,1145074084.4431605,6.618925343602084,0.10479865369414479,0.17608409986859397,0.13645567318738172,-0.033775434415324726,347000000.0,2759000000.0,True,10.054545454545455,0.2689922480620155,0.027515565374573208,0.07243551594189011,0.22172066585359373,False,0.0,440000000.0,-0.016762942620847432,1.66548463356974,173000000.0,unchecked,,0.0,general_dcf,0.29222389174811614,0.007225433609453015,True,0.0455,0.10346004776098412,0.04984691195795006,0.0329956254263976,43,1.0
NUE,Nucor Corporation,NYSE,common_stock,False,1980-03-17,Basic Materials,Steel,US,227741000.0,1.922,53885798010.0,2026-07-17,fmp:company-screener,2026-07-18T01:44:23.956560+00:00,236.61,2026-07-17,53885798010.0,367877556.798125,True,8,2025,ttm,2026-05-13,discrete,ok,34160000000.0,0.0377659712539784,0.3170419615859237,0.13975409833138172,0.10043911007025762,3431000000.0,0.0,0.11697359193322268,3995817900.4388866,3140434647.920793,1854685339.8448486,8.088466375250103,0.08307086483502686,0.21406962825411563,0.10333105094497737,-0.6325505968527176,4643000000.0,7124000000.0,True,24.86231884057971,0.9545641447368421,0.004093063334769496,-0.22844759222544944,-0.4289688247191306,False,512000000.0,525000000.0,-0.04489176197068445,1.8543577981651376,229300000.0,unchecked,,0.0,general_dcf,0.18593470597752737,0.08137715181539226,True,0.0455,0.130617815830058,0.047548787490626,-0.027286764885080625,65,1.0
CAH,"Cardinal Health, Inc.",NYSE,common_stock,False,1983-08-04,Healthcare,Medical - Distribution,US,234206000.0,0.493,53520755120.0,2026-07-17,fmp:company-screener,2026-07-18T01:44:23.956560+00:00,228.52,2026-07-17,53520755120.0,528624176.8103125,True,8,2025,ttm,2026-04-30,discrete,ok,250549000000.0,0.0720014350924516,0.04688898240611325,0.036839101333471694,0.009227735891981208,2312000000.0,0.0,0.0032869369312651603,823538761.1915547,615008241.9369583,3224559263.3935723,13.663386709294798,0.011621396228645933,0.25321275583055686,0.8041789047600153,,4979000000.0,8916000000.0,True,6.740524781341108,1.538627935723115,0.0005334461946770006,0.5940798960716048,0.422406955460073,False,491000000.0,243000000.0,-0.05426542517926303,4.415492957746479,236000000.0,unchecked,,0.0,general_dcf,0.14635142001845702,0.00924914143241982,True,0.0455,0.06688438099656632,0.04518062827225131,0.737294523763449,78,1.0
CIEN,Ciena Corporation,NYSE,common_stock,False,1997-02-07,Technology,Communication Equipment,US,141552921.99994656,1.274,52998829526.0,2026-07-17,fmp:company-screener,2026-07-18T01:44:23.956560+00:00,374.41,2026-07-17,52998829526.0,1336010998.1171875,True,8,2025,ttm,2026-06-04,discrete,ok,5569150000.0,0.06376260613059448,0.10483870485559295,0.4304664086979162,0.11184507510122729,622882000.0,0.0,0.08102395252304644,451234545.19372404,356824752.97790587,380318610.38781524,2.5993316455555533,0.030748725917739833,0.2092255418416295,0.15063105331717072,-0.18621580215313555,377746000.0,1580580000.0,True,7.162115236463568,0.46823469621751607,0.038688484994361054,1.3028232559465125,1.1459544990624002,False,0.0,364557000.0,-0.01304564321384205,6.128591166801658,146314000.0,unchecked,,0.0,general_dcf,0.34463290801227187,0.015847860631707556,True,0.0455,0.10742311274322773,0.04784185471858141,0.04320794057394299,43,1.0
LHX,"L3Harris Technologies, Inc.",NYSE,common_stock,False,1981-12-31,Industrials,Aerospace & Defense,US,186295000.0,0.746,52537052950.0,2026-07-17,fmp:company-screener,2026-07-18T01:44:23.956560+00:00,282.01,2026-07-17,52537052950.0,448568079.945,True,8,2025,ttm,2026-04-30,discrete,ok,22477000000.0,0.18155465427374273,,0.252569293055123,0.09934599813142324,2233000000.0,0.0,0.09833066544706151,2210178367.2536016,1842104672.157165,2450280121.040625,13.017113151164017,0.04502566777701068,0.16653574234092694,0.061126734566712984,0.009203348926480491,10767000000.0,11357000000.0,True,3.830188679245283,3.1317626527050613,0.01647870642154591,0.046499962941893465,-0.3086067044021716,False,913000000.0,881000000.0,-0.009152778754501045,1.7082314588427059,188235294.0,unchecked,,0.0,general_dcf,0.03214345049243583,0.015020482458031491,True,0.0455,0.08074900756247949,0.07126119402985075,-0.019622272995766507,78,1.0
ROK,"Rockwell Automation, Inc.",NYSE,common_stock,False,1981-12-31,Industrials,Industrial - Machinery,US,111274000.0,1.54,51391896900.0,2026-07-17,fmp:company-screener,2026-07-18T01:44:23.956560+00:00,461.85,2026-07-17,51391896900.0,387953844.094375,True,8,2025,ttm,2026-05-05,discrete,ok,8804000000.0,0.03261237098756298,0.08663139004917314,0.525329395729214,0.19082235347569287,1680000000.0,0.0,0.17226625135061094,1516632076.8907788,1268575941.059597,1329531824.2392669,11.807565046529902,0.02861729807908172,0.16355722631141853,0.19645237799480172,0.804075570656804,3631000000.0,4054000000.0,True,11.586206896551724,1.81187624750499,0.010189403020858308,0.7383245996948123,-0.12367030293016666,False,603000000.0,792000000.0,-0.011850827048212609,0.9907741098457546,112600000.0,unchecked,,0.0,general_dcf,0.09052804274745285,0.023411371308637453,True,0.0455,0.11724328658166729,0.05060478780815918,0.07920909141313444,73,1.0
AZO,"AutoZone, Inc.",NYSE,common_stock,False,1991-04-02,Consumer Cyclical,Specialty Retail,US,16325399.000144431,0.335,49734348530.0,2026-07-17,fmp:company-screener,2026-07-18T01:44:23.956560+00:00,3046.44,2026-07-17,49734348530.0,1245148079.390625,True,8,2025,ttm,2026-06-12,discrete,ok,19986404000.0,0.07764003168086742,0.04029851244844733,0.5175387228237756,0.1802466316602026,3602482000.0,0.0,0.19519689421872288,3901283987.40066,3107756266.465562,2687299418.068332,159.46471742631925,0.013008832405454676,0.20340168095883948,0.2991518828607477,0.1586407035521743,12377442000.0,12631171000.0,True,7.631536356164151,2.902763589288981,0.0057460497597979655,-1.4950262558520278,-1.173133207035823,False,0.0,1765283000.0,-0.06675336159101442,1.163090396950514,16852000.0,unchecked,,0.0,general_dcf,0.08184664208690218,0.01074218748340554,True,0.0455,0.06598230500342227,0.04819419830199021,0.2331695778573254,35,1.0
EW,Edwards Lifesciences Corporation,NYSE,common_stock,False,2000-03-27,Healthcare,Medical - Devices,US,575800000.0,0.855,49363334000.0,2026-07-17,fmp:company-screener,2026-07-18T01:44:23.956560+00:00,85.73,2026-07-17,49363334000.0,458585822.859375,True,8,2025,ttm,2026-05-06,discrete,ok,6303500000.0,0.07227640149460335,0.08586647966620127,0.7801221543586896,0.27619576425795195,1741000000.0,0.0,0.28914920347335843,1822652004.0943148,1628015302.7027445,1003930387.8753392,1.7288279453682438,0.01924841037142041,0.10678763743948266,0.21134871678303058,0.01311753128077258,-2969600000.0,702900000.0,True,,-1.561385982438614,0.027824351297405188,-0.5416133940632616,-0.8746634213245653,False,0.0,410899999.0,-0.023791269762517775,0.6387621220764403,580700000.0,unchecked,,0.0,general_dcf,0.11758882818296224,0.02670623141754459,True,0.0455,0.08808320708532909,0.07636965699892422,0.12326550969770149,72,0.95
HUM,Humana Inc.,NYSE,common_stock,False,1981-12-31,Healthcare,Medical - Healthcare Plans,US,120061500.0,0.717,48024600000.0,2026-07-17,fmp:company-screener,2026-07-18T01:44:23.956560+00:00,400.0,2026-07-17,48024600000.0,514288134.7084375,True,8,2025,ttm,2026-04-29,discrete,ok,137200000000.0,0.12474239016717803,0.03285302609422392,0.14005830903790087,0.010087463556851311,1384000000.0,0.0,0.03738824841318843,5129667682.289453,4017326329.9546905,3521355608.6115417,29.186052519738933,0.016070364352764308,0.21684472001474883,0.1021763675998857,-3.1877500630455566,-7972000000.0,13993000000.0,True,2.0843373493975905,-3.6451760402377684,0.0017570515486669326,-1.6553201389077166,-1.3574880203720419,False,429000000.0,249000000.0,-0.017189413989020408,1.5994375251104862,120652000.0,unchecked,,0.0,general_dcf,0.25529499791285737,0.025153751535872786,True,0.0455,0.0781031410713616,0.06695977643873896,0.024073226528524103,79,1.0
XYZ,"Block, Inc.",NYSE,common_stock,False,2015-11-19,Technology,Software - Infrastructure,US,595180992.9947461,2.541,47578768580.0,2026-07-17,fmp:company-screener,2026-07-18T01:44:23.956560+00:00,79.94,2026-07-17,47578768580.0,448526810.2715625,True,8,2025,ttm,2026-05-07,discrete,ok,24478734000.0,0.32932929414529255,0.38221870368139366,0.4485348384438509,0.11744055064285595,2874796000.0,0.0,0.007378305230987299,180611571.12014663,162550414.00813198,-129711198.72583474,-0.21705863043283266,0.04415121062110423,0.1,0.15598853072854496,0.13986343940496004,-5128757000.0,8133391000.0,True,17.389807337507182,-1.7260301310687356,0.052766311653143834,7.651816616726805,1.5267347073971553,True,0.0,2521351000.0,0.010617238990048072,1.9758294042137319,597586000.0,unchecked,,0.0,general_dcf,0.06872489695115047,0.060038240910612106,True,0.0455,0.14,0.05445,0.015988530728544947,71,0.85
WAB,Westinghouse Air Brake Technologies Corporation,NYSE,common_stock,False,1995-06-16,Industrials,Railroads,US,169677346.001221,0.937,44469038840.0,2026-07-17,fmp:company-screener,2026-07-18T01:44:23.956560+00:00,262.08,2026-07-17,44469038840.0,247043336.90812498,True,8,2025,ttm,2026-04-22,discrete,ok,11507000000.0,0.143668657691588,0.29558194173108476,0.33805509689754065,0.16103241505170765,1853000000.0,0.0,0.11644795394000608,1339966605.98765,1009048443.3172626,1158997392.777876,6.789674240057855,0.02679308300933903,0.24696000720590883,0.07956794814663004,0.3547289909129661,6386000000.0,6917000000.0,True,7.412,3.158259149357072,0.006354096466737268,1.8661607661907214,1.1868843257421862,False,183000000.0,219000000.0,-0.02256974795321809,1.5034188034188034,170700000.0,unchecked,,0.0,general_dcf,0.11937946734653049,0.002423263258363999,True,0.0455,0.0860515206721173,0.04555891956404252,-0.006483572525487258,86,1.0
CMG,"Chipotle Mexican Grill, Inc.",NYSE,common_stock,False,2006-01-26,Consumer Cyclical,Restaurants,US,1282734000.0,0.964,44177358960.0,2026-07-17,fmp:company-screener,2026-07-18T01:44:23.956560+00:00,34.44,2026-07-17,44177358960.0,651143373.3853126,True,8,2025,ttm,2026-04-29,discrete,ok,12138590000.0,0.13665429055320644,0.06196376879621379,0.36128866697038126,0.15786372222803471,1916243000.0,0.0,0.12052278617695131,1462976687.0596793,1117138613.5532165,1057704870.1228317,0.8124573169005489,0.04696294522218476,0.23639342756823778,0.21575282868818774,0.13387818191996204,4374458000.0,5245880000.0,True,,1.9126390606226489,0.011643248325747205,0.5640233753088862,0.6296866638998538,False,0.0,2573647000.0,-0.024654596262011608,1.3764680832499328,1301859000.0,unchecked,,0.0,general_dcf,0.09010464776964922,0.018575851423010024,True,0.0455,0.09068433273522353,0.06528836194291567,0.1250684959529642,79,0.95
DHI,"D.R. Horton, Inc.",NYSE,common_stock,False,1992-06-05,Consumer Cyclical,Residential Construction,US,283579612.99953145,1.361,42363958386.0,2026-07-17,fmp:company-screener,2026-07-18T01:44:23.956560+00:00,149.39,2026-07-17,42363958386.0,341308194.6334375,True,8,2025,ttm,2026-04-23,discrete,ok,33348400000.0,0.11418597975037237,0.12907903008868887,0.2280109390555469,0.11755286610452076,3920200000.0,0.0,0.15579730005557357,5195590681.173289,3971076662.1438403,1427502781.8210285,4.9394559924603065,0.036238577538199424,0.23568331190264669,0.10598139767609463,-0.07310092748107339,4645900000.0,6563800000.0,True,42.93756845564074,1.1532294097204985,0.003209117044460265,-0.9306233394666465,1.2866043453147655,False,502000000.0,3498200000.0,-0.0660906060779104,0.9069473418041596,289000000.0,unchecked,,0.0,general_dcf,-0.016187281953138788,0.02747415066284353,True,0.0455,0.10452032480139649,0.04624115962988987,0.001461072874698141,85,1.0
LYV,"Live Nation Entertainment, Inc.",NYSE,common_stock,False,2005-12-21,Communication Services,Entertainment,US,232712799.00122073,1.107,41939500636.0,2026-07-17,fmp:company-screener,2026-07-18T01:44:23.956560+00:00,180.22,2026-07-17,41939500636.0,415737161.4778125,True,8,2025,ttm,2026-05-05,discrete,ok,25612318000.0,0.12886419341228894,1.0160798180394461,0.4474433356637224,0.05452177346853182,1396429000.0,0.0,0.031868649483831786,816229984.8104355,592870482.7986559,954564172.3733441,4.107401471335998,0.30406959723036875,0.2736477539031521,0.742449845013421,0.38241129362642984,1505556000.0,10583403000.0,True,4.280740745282209,0.717585798478136,0.005102410566569146,1.1199494428661794,0.7807095305898364,False,0.0,23531000.0,0.0012136706823184795,2.447461181950572,232400991.0,unchecked,,0.0,general_dcf,0.11091308869445449,0.0306859205770324,True,0.0455,0.08938346256273771,0.0439443108888593,0.6530663824506833,73,1.0
ED,"Consolidated Edison, Inc.",NYSE,common_stock,False,2001-02-15,Utilities,Regulated Electric,US,368529705.00133485,0.264,41411682951.0,2026-07-17,fmp:company-screener,2026-07-18T01:44:23.956560+00:00,112.37,2026-07-17,41411682951.0,249861805.495,True,8,2025,ttm,2026-05-07,discrete,ok,17215000000.0,0.04619218097214417,0.07277422485783114,0.6501306999709555,0.1732791170490851,2983000000.0,0.0,0.19193011684904407,3304076961.5562935,2754479980.5835114,-1212519577.4833367,-3.3274412115349525,0.02119341923706897,0.16633903730677924,0.047254411350166795,0.01581143566133083,27030000000.0,27177000000.0,True,1.4070754716981133,5.088478915662651,0.0,-0.660638430802199,0.3314691980377932,False,1192000000.0,0.0,0.00799290411037279,1.9857142857142858,364400000.0,unchecked,,0.0,general_dcf,0.07205565494482258,0.04070096101967521,True,0.0455,0.07080827302182378,0.07127801231027037,-0.02355386167165699,71,1.0
ADM,Archer-Daniels-Midland Company,NYSE,common_stock,False,1980-03-17,Consumer Defensive,Agricultural Farm Products,US,481956526.9965075,0.609,41400065669.0,2026-07-17,fmp:company-screener,2026-07-18T01:44:23.956560+00:00,85.9,2026-07-17,41400065669.0,276740976.52375,True,8,2025,ttm,2026-05-05,discrete,ok,80606000000.0,0.03210258008547795,0.14512973299023046,0.058308314517529714,0.01519737984765402,1225000000.0,0.0,0.029387294404086977,2368792252.735835,2000574917.0828896,1341782773.142847,2.772278456906709,0.008205005961379526,0.155445178963108,0.03150652178244641,,10033000000.0,10657000000.0,True,2.03150912106136,4.159618573797678,0.0010340230973352104,-1.4189914556432957,0.6934104373593473,False,994000000.0,0.0,-0.04914931813618828,1.55,484000000.0,unchecked,,0.0,general_dcf,0.03328818217818519,0.08758432950425911,True,0.0455,0.07518424078438443,0.07220943719865426,-0.04367771900193802,73,1.0
CBRE,"CBRE Group, Inc.",NYSE,common_stock,False,2004-06-10,Real Estate,Real Estate - Services,US,292817000.0,1.205,41281340660.0,2026-07-17,fmp:company-screener,2026-07-18T01:44:23.956560+00:00,140.96,2026-07-17,41275484320.0,317033195.2975,True,8,2025,ttm,2026-04-23,discrete,ok,42167000000.0,0.09604354201767173,0.05447179177658017,0.34991818246496076,0.037564920435411576,1584000000.0,0.0,0.04487385041355632,1892195650.3884294,1518825613.6419086,1830973492.2892387,6.165155382445913,0.008863178347580797,0.19732105222304863,0.08585613162797563,-0.04102788275435944,6289000000.0,7953000000.0,True,8.164948453608247,2.6547066272688897,0.0,-0.7061184651120079,-1.6430823755030777,False,0.0,400000000.0,-0.03226693695322658,1.3474503025064823,296987404.0,unchecked,,0.0,general_dcf,0.14539057956659307,0.05277718662725282,True,0.0455,0.09651113020446617,0.04856207634050556,-0.010654998576490535,85,1.0
YUM,"Yum! Brands, Inc.",NYSE,common_stock,False,1997-09-17,Consumer Cyclical,Restaurants,US,275621202.00121695,0.56,40767131988.0,2026-07-17,fmp:company-screener,2026-07-18T01:44:23.956560+00:00,147.92,2026-07-17,40769888200.020004,353996206.92062503,True,8,2025,ttm,2026-05-06,discrete,ok,8485000000.0,0.05389975012472825,0.05487168140584345,0.45668827342368884,0.3146729522687095,2670000000.0,0.0,0.32226093622302104,2734384043.8523335,2347382607.000336,1552648112.7733815,5.565046999187747,0.036086828498912676,0.14153148593815337,0.5756180142001835,0.5520743240101674,11265000000.0,11954000000.0,True,5.255905511811024,3.896575579384296,0.009140283481255795,-0.5229012556292013,0.5963463396310157,False,798000000.0,508000000.0,-0.012806997138931409,1.136608344549125,279000000.0,unchecked,,0.0,general_dcf,0.11672520352312699,0.03183315038877245,True,0.0455,0.06861113490553158,0.05193734510074172,0.5070068792946519,72,1.0
PEG,Public Service Enterprise Group Incorporated,NYSE,common_stock,False,1980-01-02,Utilities,Regulated Electric,US,498321401.99643946,0.527,39187995053.0,2026-07-17,fmp:company-screener,2026-07-18T01:44:23.956560+00:00,78.64,2026-07-17,39187995053.0,234708077.215625,True,8,2025,ttm,2026-05-05,discrete,ok,12794000000.0,0.0329742925901062,0.08975803451442894,0.7964670939502893,0.25465061747694234,3258000000.0,0.0,0.23252653674492513,2974944511.114572,2582862080.6753693,-601508387.84201,-1.20301677568402,0.11598719137581072,0.1317948717948718,0.08395750519997351,0.4178713766367468,16388000000.0,16792000000.0,True,3.284274193548387,3.7970342910101946,0.0,0.5731679612906748,-0.21669903113470207,False,1278000000.0,0.0,-0.0006657791581933248,1.2037246049661399,500000000.0,unchecked,,0.0,general_dcf,0.06616802993967252,0.08273667461085368,True,0.0455,0.07256437651625892,0.07423153846153846,0.011393128683714587,73,1.0
SYY,Sysco Corporation,NYSE,common_stock,False,1973-05-08,Consumer Defensive,Food Distribution,US,478182608.0058759,0.641,39062737248.0,2026-07-17,fmp:company-screener,2026-07-18T01:44:23.956560+00:00,81.69,2026-07-17,39062737248.0,292548196.745625,True,8,2025,ttm,2026-04-29,discrete,ok,83567000000.0,0.04768810912481891,0.13269100489465915,0.18537221630547943,0.03588737180944631,2999000000.0,0.0,0.03835616996896853,3205310055.7967935,2462960733.602422,2060768886.2116497,4.282663691884931,0.008453092969198762,0.2315998481494278,0.14470530960124747,0.2579916819709189,13628000000.0,15528000000.0,True,4.41678939617084,3.3451153657339225,0.0012577792335407795,-0.2468798159522223,-0.30065458969631004,False,1026000000.0,750000000.0,-0.021751722499201764,1.5289002557544757,481188586.0,unchecked,,0.0,general_dcf,0.03820525127993424,0.003555344871559108,True,0.0455,0.06871466433575119,0.04648820918695962,0.07599064526549629,79,1.0
VMC,Vulcan Materials Company,NYSE,common_stock,False,1957-01-02,Basic Materials,Construction Materials,US,129755000.0,1.05,37412259150.0,2026-07-17,fmp:company-screener,2026-07-18T01:44:23.956560+00:00,288.33,2026-07-17,37412259150.0,330000744.65375,True,8,2025,ttm,2026-04-29,discrete,ok,8054100000.0,0.0884530894949942,0.11114472344144034,0.2760581567152134,0.20621795110564806,1660900000.0,0.0,0.18273980107251592,1471804631.8181505,1159814190.379386,790077864.7709327,5.988288613393447,0.019280995665213622,0.21197816251832036,0.09769614388186953,0.1569505195752272,4945600000.0,5085800000.0,True,3.6059487624837168,2.0664354656750095,0.007954316256555063,2.347815003313214,2.329521715756581,False,261700000.0,549800000.0,-0.004166104781237356,1.6468066866695241,131937172.0,unchecked,,0.0,general_dcf,0.022226511637553736,0.06082725062020756,True,0.0455,0.09433516875372414,0.0673758671046836,0.0033609751281453992,79,1.0
A,"Agilent Technologies, Inc.",NYSE,common_stock,False,1999-11-18,Healthcare,Medical - Diagnostics & Research,US,282432000.0,1.255,37128510720.0,2026-07-17,fmp:company-screener,2026-07-18T01:44:23.956560+00:00,131.46,2026-07-17,37128510720.0,302188339.37375,True,8,2025,ttm,2026-06-01,discrete,ok,7232000000.0,0.05072541423244137,0.06724693881028983,0.5300055309734514,0.215016592920354,1555000000.0,0.0,0.20521881264522696,1484142453.0502813,1293894033.0739899,1173511484.5771441,4.132082692173043,0.024375000769822838,0.12818743887103534,0.1563631525438916,0.06527467842826057,1548000000.0,3355000000.0,True,14.80952380952381,0.8449781659388647,0.018422567645365574,0.29892582297897613,-0.5281054368042426,False,285000000.0,387000000.0,-0.01810353813094956,1.3584173778122575,284000000.0,unchecked,,0.0,general_dcf,0.07618486449890871,0.014824797866832953,True,0.0455,0.1036500922212152,0.05274465994830236,0.052713060322676406,46,1.0
WEC,"WEC Energy Group, Inc.",NYSE,common_stock,False,1980-03-17,Utilities,Regulated Electric,US,325725677.9973534,0.46,36921005601.0,2026-07-17,fmp:company-screener,2026-07-18T01:44:23.956560+00:00,113.35,2026-07-17,36921005601.0,244173103.5978125,True,8,2025,ttm,2026-05-07,discrete,ok,10084800000.0,0.03544783221141867,0.09447910658913836,0.5573933047755038,0.23970728224654927,2417400000.0,0.0,0.21038385074284094,2121679057.9714024,1838628656.1271274,26968985.041957922,0.0821473805725188,0.020403133310763318,0.13340867968735465,0.05749906289040306,0.06076045036824309,22272200000.0,22317800000.0,True,2.6842105263157894,5.687777721027632,0.0,1.360950875771144,0.5703990262160546,False,1174300000.0,0.0,0.012703075648047957,2.168506160164271,328300000.0,unchecked,,0.0,general_dcf,0.08681386078646258,0.008604206548750977,True,0.0455,0.07185384745507319,0.07409355788673118,-0.014354784564670126,71,1.0
KVUE,Kenvue Inc.,NYSE,common_stock,False,2023-05-04,Consumer Defensive,Household & Personal Products,US,1920008668.0189674,0.437,36441764519.0,2026-07-17,fmp:company-screener,2026-07-18T01:44:23.956560+00:00,18.98,2026-07-17,36441764519.0,371912276.7165625,True,7,2025,ttm,2026-05-07,discrete,ok,15292000000.0,0.009098884434247001,0.021688493518262925,0.5837038974627257,0.1962464033481559,3001000000.0,0.0,0.16265216265216265,2487276871.276871,1819794829.526494,2059049899.665552,1.0713058791183934,0.08374496383322291,0.2683585609058946,0.12068022198095033,,7586000000.0,8661000000.0,True,7.636132315521628,2.1279102384291724,0.012173012173012173,0.7235549654634889,-0.3545411433602765,False,6000000.0,134000000.0,0.0012354431745782435,1.7174757281553399,1922000000.0,unchecked,,0.0,general_dcf,0.041495231352018935,0.014102564109122785,True,0.0455,0.06546200867215937,0.044264307065193374,0.05521821330879095,71,0.95
CCL,Carnival Corporation & plc,NYSE,common_stock,False,1987-07-24,Consumer Cyclical,Travel Services,US,1369649119.0079515,2.322,36172433233.0,2026-07-17,fmp:company-screener,2026-07-18T01:44:23.956560+00:00,26.41,2026-07-17,36172433233.0,685905430.833125,True,8,2025,ttm,2026-06-26,discrete,ok,27311000000.0,0.05031559217653592,1.9578577402819028,0.344256892827066,0.16341400900735967,4463000000.0,0.0,0.11671246308243946,3187534079.244504,2868780671.3200536,596989394.711249,0.43010763307726874,1.3002989475891424,0.1,0.10886841035370647,14.15054347826087,23927000000.0,26170000000.0,True,3.759898904802022,3.266038766038766,0.0024779185484193277,0.5671446868861416,0.3545622974823934,False,414000000.0,0.0,0.05560754639383081,2.6721173338174333,1388000000.0,unchecked,,0.0,general_dcf,0.03673954917621591,0.015913200700210437,True,0.0455,0.12606576777456657,0.07694999999999999,-0.017197357420860107,21,1.0
KR,The Kroger Co.,NYSE,common_stock,False,1977-01-02,Consumer Defensive,Grocery Stores,US,612647281.9959197,0.435,36035913127.0,2026-07-17,fmp:company-screener,2026-07-18T01:44:23.956560+00:00,58.82,2026-07-17,36035913127.0,437062843.92875,True,8,2025,ttm,2026-06-26,discrete,ok,148645000000.0,0.027805735425239453,0.036195693322189665,0.23184769080695616,0.013286689764203304,1975000000.0,0.0,0.021216851165038214,3153778841.4271054,2442189240.3765407,2182740217.5014987,3.5491710853682905,0.004494223145503821,0.2256307866941507,0.05638680073292233,,20651000000.0,23524000000.0,True,2.6228419654714474,3.627437203583348,0.0011463686108278514,-0.793016140083491,0.48880306889243563,False,889000000.0,2731000000.0,-0.054241539698790975,3.1367837338262476,615000000.0,unchecked,,0.0,general_dcf,0.0032488641205854485,0.01011940902616954,True,0.0455,0.06880504029909751,0.0662085677376501,-0.01241823956617518,21,1.0
HSY,The Hershey Company,NYSE,common_stock,False,1980-03-17,Consumer Defensive,Food Confectioners,US,202843387.0026835,0.098,34771413400.0,2026-07-17,fmp:company-screener,2026-07-18T01:44:23.956560+00:00,171.42,2026-07-17,34771413400.0,369740804.41875,True,8,2025,ttm,2026-04-30,discrete,ok,11991324000.0,0.05971136737461946,0.051176926755264175,0.34761882841294256,0.14080405132911095,1688427000.0,0.0,0.21786215855119656,2612455730.5267687,2199202671.582459,1943102457.437275,9.512205633257413,0.037391006850352106,0.15818566956576996,0.15424605174584108,-0.4027921326222956,4480923000.0,5357899000.0,True,7.806238788304699,2.0316431247126587,0.005598424162477114,-4.846787738195695,-1.4029855401893947,True,1101699000.0,69270000.0,-0.003725755580062051,1.247828027588548,204274648.0,unchecked,,0.0,general_dcf,0.05758596343081024,0.01627339301539435,True,0.0455,0.06788706382950044,0.050929766991270914,0.08635898791634064,78,0.85
IQV,IQVIA Holdings Inc.,NYSE,common_stock,False,2013-05-09,Healthcare,Medical - Diagnostics & Research,US,166900000.0,1.2,34424794000.0,2026-07-17,fmp:company-screener,2026-07-18T01:44:23.956560+00:00,206.26,2026-07-17,34424794000.0,289162965.076875,True,8,2025,ttm,2026-05-05,discrete,ok,16632000000.0,0.06621720428944555,0.06411510864467027,0.26112313612313615,0.1385882635882636,2305000000.0,0.0,0.11262374556294646,1873158136.2029257,1545951717.245633,1716991298.4222753,10.111845102604684,0.031290308310604475,0.17468168470846354,0.09353255896292795,0.2088408077754411,14118000000.0,16065000000.0,True,3.048941798941799,4.066244239631336,0.014482114255205552,0.6047890685460691,0.11482322072274012,False,0.0,389000000.0,-0.03778616609216234,1.951470588235294,169800000.0,unchecked,,0.0,general_dcf,0.06806575027092432,0.008690614175644665,True,0.0455,0.09438418245192394,0.07056471595742636,-0.0008516234889959923,73,1.0
MLM,"Martin Marietta Materials, Inc.",NYSE,common_stock,False,1994-02-17,Basic Materials,Construction Materials,US,60045900.0,1.101,33781222881.0,2026-07-17,fmp:company-screener,2026-07-18T01:44:23.956560+00:00,562.59,2026-07-17,33781222881.000004,322501070.3159375,True,8,2025,ttm,2026-04-30,discrete,ok,6553000000.0,0.06380605907772896,0.06990139881039147,0.2955898061956356,0.22737677399664277,1490000000.0,0.0,0.20423619418469918,1338359780.4923337,1081905351.9536154,772622044.8752983,12.79175570985593,0.07439906668888582,0.19161845138859301,0.07207327114833631,0.12745319670657848,5415000000.0,5688000000.0,True,6.506550218340611,2.5303738317757007,0.007377895824110963,0.5921981262246911,3.6010945642963472,False,199000000.0,202000000.0,-0.01132783532441528,1.3071000855431993,60400000.0,unchecked,,0.0,general_dcf,0.0716692137417676,0.021156558560509756,True,0.0455,0.09310762119129401,0.04890708369099012,-0.0210343500429577,78,1.0
EME,"EMCOR Group, Inc.",NYSE,common_stock,False,1995-01-10,Industrials,Engineering & Construction,US,44532567.00037626,1.126,33139355059.0,2026-07-17,fmp:company-screener,2026-07-18T01:44:23.956560+00:00,744.16,2026-07-17,33139355058.999996,372636959.0784375,True,8,2025,ttm,2026-04-29,discrete,ok,17750861000.0,0.11102584323305242,0.0649897402741946,0.19540640868068315,0.09894669334631148,1756389000.0,0.0,0.05229815894925574,928337350.0641447,672450137.8915199,919373089.4146674,20.407384728744475,0.021966643563700417,0.27564032854537623,0.3670004557692413,0.5760422920959553,-399902000.0,516518000.0,True,271.0476851851852,-0.20471701686974453,0.0010918810036467824,3.142756134875784,0.2751334745102748,True,51382000.0,16368000.0,-0.035021816601687794,1.3979059619022087,45051000.0,unchecked,,0.0,general_dcf,0.1336834750123761,0.016298633018761575,True,0.0455,0.10091023637935971,0.043823760123004735,0.2660902193898816,79,0.85
IR,Ingersoll Rand Inc.,NYSE,common_stock,False,2017-05-12,Industrials,Industrial - Machinery,US,391336833.9980545,1.168,32183541228.0,2026-07-17,fmp:company-screener,2026-07-18T01:44:23.956560+00:00,82.24,2026-07-17,32183541228.0,319217381.53218746,True,8,2025,ttm,2026-04-29,discrete,ok,7781299999.0,0.1610637783941562,0.34842837291541107,0.3824168198607452,0.18058679143338346,1405200000.0,0.0,0.15142001611754555,1178244571.2640371,902389828.2112921,1183838189.1137812,3.0196809638152096,0.053714828678653806,0.23412350014632718,0.07830225312270404,0.19643000235481492,3569200000.0,4843600000.0,True,5.478362594457554,1.8520132835201328,0.007547883247771265,0.632628827414516,-0.1975961894527304,False,31500000.0,1097500000.0,-0.014979635042220552,1.7688455117503532,392040816.0,unchecked,,0.0,general_dcf,0.04492446207172773,0.007547169687327422,True,0.0455,0.0963698676115904,0.0463355282411472,-0.018067614488886358,79,1.0
ZTS,Zoetis Inc.,NYSE,common_stock,False,2013-02-01,Healthcare,Drug Manufacturers - General,US,419228117.9989551,0.749,32096104714.0,2026-07-17,fmp:company-screener,2026-07-18T01:44:23.956560+00:00,76.56,2026-07-17,32096104714.0,575053845.2153125,True,8,2025,ttm,2026-05-07,discrete,ok,9509000000.0,0.0718423707978999,0.04229142789041821,0.7075402250499527,0.3757492901461773,3573000000.0,0.0,0.359833772599066,3421659343.644519,2762180424.768554,2130864034.7524064,5.04465917318278,0.01965599121571597,0.19273657972436634,0.2738915773093571,0.23669392751065474,7298000000.0,9238000000.0,True,14.825726141078839,1.7975369458128079,0.007994814174589455,0.8089607489433993,-0.43937359565699535,False,889000000.0,3398000000.0,-0.03523068558743281,1.0864197530864197,422400000.0,unchecked,,0.0,general_dcf,0.03084501237231252,0.011316872413607841,True,0.0455,0.07532643142746868,0.04883943692667584,0.1985651458818884,71,1.0
VEEV,Veeva Systems Inc.,NYSE,common_stock,False,2013-10-16,Healthcare,Medical - Healthcare Information Services,US,162443291.00214967,0.941,31738170196.0,2026-07-17,fmp:company-screener,2026-07-18T01:44:23.956560+00:00,195.38,2026-07-17,31738170196.000004,590853152.598125,True,8,2026,ttm,2026-06-05,discrete,ok,3319216000.0,0.2057893393406618,0.07638060547510625,0.7495040997633176,0.2879442012812664,955749000.0,0.0,0.2581749952379913,856938574.9938645,771244717.4944781,1236093465.7340689,7.446839644398538,0.03183830317958079,0.1,9.082956009376781,2.3158502216989403,-7209652000.0,103067000.0,True,,-7.174425570449095,0.0,1.8777794962899923,4.06367662342414,False,0.0,396896000.0,0.007236486671113429,1.5570642068596752,165989000.0,unchecked,,0.0,general_dcf,0.16257418884445496,0.02481474155198703,True,0.0455,0.09249950431133994,0.07694999999999999,8.990456505065442,42,0.95
JBL,Jabil Inc.,NYSE,common_stock,False,1993-05-03,Technology,"Hardware, Equipment & Parts",US,104787089.00036544,1.279,31541961660.0,2026-07-17,fmp:company-screener,2026-07-18T01:44:23.956560+00:00,301.01,2026-07-17,31541961660.0,506465811.5871875,True,8,2025,ttm,2026-06-30,discrete,ok,33590000000.0,0.0436702842341532,0.09771243747034927,0.09225960107174755,0.0432271509377791,1452000000.0,0.0,0.037843518287798666,1271163779.2871573,880105865.9803233,216440144.4818969,2.0323018261210977,0.014733751476034012,0.3076377093800857,0.260780816077851,,2532000000.0,3892000000.0,True,4.683870967741935,1.1782224290367613,0.0030813973617698992,0.4384418883934641,0.6159876057628452,False,35000000.0,908000000.0,-0.09650142586031651,2.119804400977995,106500000.0,unchecked,,0.0,general_dcf,0.20219582686577353,0.001715756389983641,True,0.0455,0.10202910748450894,0.04188791858250481,0.15875170859334203,17,1.0
LVS,Las Vegas Sands Corp.,NYSE,common_stock,False,2004-12-15,Consumer Cyclical,"Gambling, Resorts & Casinos",US,662637325.0,0.824,30057229062.0,2026-07-17,fmp:company-screener,2026-07-18T01:44:23.956560+00:00,45.36,2026-07-17,30057229062.0,226751629.26625,True,8,2025,ttm,2026-04-24,discrete,ok,13740000000.0,-0.007578875588428513,0.6428226323319802,0.4958515283842795,0.24636098981077148,3385000000.0,0.0,0.22266116299469607,3059364379.547124,2692240654.001469,1864998716.0872314,2.7794317676411793,0.26745843842800393,0.12,0.21912608503751654,,12394000000.0,15724000000.0,True,4.453947368421052,2.5083991094920055,0.004242190512919399,0.3033987392643578,-0.05087082105514714,False,856000000.0,2552000000.0,-0.04234358866962151,2.215767634854772,671000000.0,unchecked,,0.0,general_dcf,0.11171400558067446,0.03465346530582069,True,0.0455,0.07520784369970744,0.053239999999999996,0.14391824133780912,84,1.0
EL,The Estée Lauder Companies Inc.,NYSE,common_stock,False,1995-11-17,Consumer Defensive,Household & Personal Products,US,361674641.99439913,1.261,29704338347.0,2026-07-17,fmp:company-screener,2026-07-18T01:44:23.956560+00:00,82.13,2026-07-17,29704338347.0,292991123.525,True,8,2025,annual,2025-08-20,annual,annual_anchor,14288000000.0,0.006199974731573077,0.08718123139472614,0.7389417693169092,0.06704927211646136,958000000.0,0.0,0.12251618571963457,1750511261.5621388,1265580797.5502934,1633699956.8000462,4.536795214662722,0.049837126495667995,0.2770221904080172,0.06670641833661942,-1.0127790412849715,6518000000.0,9439000000.0,True,2.371287128712871,3.6474538332400672,0.0,-1.9650630171134307,-2.9861740200003264,False,618000000.0,35000000.0,-0.0044041308425162295,3.8859789978080235,360100000.0,unchecked,,0.0,general_dcf,0.045308921860726326,0.009358288757725788,True,0.0455,0.09728025568196974,0.06181460272011452,-0.030573837345350324,331,0.7
ATO,Atmos Energy Corporation,NYSE,common_stock,False,1983-12-28,Utilities,Regulated Gas,US,166919822.00022513,0.598,29658313973.0,2026-07-17,fmp:company-screener,2026-07-18T01:44:23.956560+00:00,177.68,2026-07-17,29658313973.0,240440574.2509375,True,8,2025,ttm,2026-05-06,discrete,ok,4881241000.0,0.06058493797688347,0.11319481448681155,0.5142987203459121,0.35874483558586845,1751120000.0,0.0,0.26134417377789865,1275683896.1558037,1056442173.5780542,-1496291057.8746681,-8.916472349263868,0.03848070363913563,0.17186210724962608,0.059406914641302246,0.07424817774024534,9502125000.0,9629233000.0,True,12.626781941550155,3.781317227728446,0.0025710730394577722,2.24715710160987,0.2177791180994105,False,604402000.0,0.0,0.06712174906577117,1.7096551919743332,167812000.0,unchecked,,0.0,general_dcf,0.07670858828929417,0.14732965000896245,True,0.0455,0.06919963736398821,0.05010234251139763,-0.009792722722685963,72,1.0
TDY,Teledyne Technologies Incorporated,NYSE,common_stock,False,1999-11-23,Technology,"Hardware, Equipment & Parts",US,46329100.0,0.924,29443069632.0,2026-07-17,fmp:company-screener,2026-07-18T01:44:23.956560+00:00,635.52,2026-07-17,29443069632.0,214078362.1434375,True,8,2025,ttm,2026-04-24,discrete,ok,6225600000.0,0.11237458070703754,0.1642074135772002,0.3846858134155744,0.19029491133384735,1184700000.0,0.0,0.1650039602819721,1027248655.1314454,875690563.8144094,845383622.2944919,18.06375261313017,0.0182061493895063,0.14753788243961521,0.07977628073225122,0.28773128831523037,1954900000.0,2476300000.0,True,21.697802197802197,1.2798036006546645,0.005731523378582202,1.079296772902612,0.686021243748268,False,0.0,402900000.0,-0.006329283488911153,1.3313589628967366,46800000.0,unchecked,,0.0,general_dcf,0.058016032807544526,0.0046874998881445895,True,0.0455,0.08858702757379518,0.05157395811240328,-0.008810746841543954,84,1.0
HAL,Halliburton Company,NYSE,common_stock,False,1972-06-01,Energy,Oil & Gas Equipment & Services,US,835397735.0085179,0.725,29422708227.0,2026-07-17,fmp:company-screener,2026-07-18T01:44:23.956560+00:00,35.22,2026-07-17,29422708227.0,444771801.70375,True,8,2025,ttm,2026-04-24,discrete,ok,22169000000.0,-0.011147990725109747,0.19257691319740017,0.15314177455004738,0.11313094862194957,2508000000.0,0.0,0.11024930210138989,2444116778.2857122,1918068399.7101684,1641316649.9284947,1.9562772943128661,0.10837582966913506,0.21523046003739263,0.11644098717542561,0.14439759535311975,6078000000.0,8081000000.0,True,7.269565217391304,1.6597487711632988,0.0,0.04892725519083741,-0.1919758358435084,False,574000000.0,857000000.0,-0.02600056690526298,1.5453818472610956,839000000.0,unchecked,,0.0,general_dcf,0.014385735770823027,0.02069275752976499,True,0.0455,0.07436546277367503,0.047478557167737745,0.04207552440175058,84,1.0
FICO,Fair Isaac Corporation,NYSE,common_stock,False,1987-07-22,Technology,Software - Application,US,23190906.000270464,1.29,29153519842.0,2026-07-17,fmp:company-screener,2026-07-18T01:44:23.956560+00:00,1257.11,2026-07-17,29153519842.0,403171203.1171875,True,8,2025,ttm,2026-04-28,discrete,ok,2255802000.0,0.09834200068390975,0.04676761373377188,0.841649666061117,0.5036736380231953,1136188000.0,0.0,0.3888932635167768,877266201.6276721,706654389.1038538,514250311.8856714,21.65446824514365,0.10677531865520382,0.19448123295673148,0.6852768089297788,2.028945268637725,3437199000.0,3656618000.0,True,7.1294253479412175,2.9834336578146767,0.08182513113150017,1.359381601508292,1.0917678338972776,False,0.0,1811329000.0,-0.03402632822753349,1.194588202090357,23748000.0,unchecked,,0.0,general_dcf,0.28328529437644856,0.04296874987145453,True,0.0455,0.10317202571678082,0.04873388540611774,0.582104783212998,80,1.0
RMD,ResMed Inc.,NYSE,common_stock,False,1995-06-02,Healthcare,Medical - Devices,US,145056383.99919593,0.775,28864769852.0,2026-07-17,fmp:company-screener,2026-07-18T01:44:23.956560+00:00,198.99,2026-07-17,28864769852.0,300573397.5775,True,8,2025,ttm,2026-04-30,discrete,ok,5537789000.0,0.11915995881196073,0.02918765387693344,0.6169482080303168,0.34282310142188516,1898482000.0,0.0,0.276682754846858,1532210716.280627,1240102434.8716755,937256496.2539703,6.374290119180684,0.030553096306532867,0.1906449800312266,0.27077765352323035,0.2842006080502414,-817344000.0,843169000.0,True,65.39949705466947,-0.3780847543321518,0.017113963106287607,6.088556795699071,1.4877721433944537,True,340162000.0,600045000.0,-1.3601648521488485e-05,1.2504884977258173,147037000.0,unchecked,,0.0,general_dcf,0.10187988154479966,0.003539823078700386,True,0.0455,0.08324857095112279,0.048965978708110786,0.18752908257210757,78,0.85
DOV,Dover Corporation,NYSE,common_stock,False,1980-03-17,Industrials,Industrial - Machinery,US,134661414.0022411,1.16,28841781651.0,2026-07-17,fmp:company-screener,2026-07-18T01:44:23.956560+00:00,214.18,2026-07-17,28841781651.0,207065783.429375,True,8,2025,ttm,2026-04-23,discrete,ok,8280135000.0,0.021099944953815397,0.07232774027849141,0.39501819716707515,0.16702155218483758,1382961000.0,0.0,0.1572083358717778,1301706244.143663,1051857163.6769288,900990624.821513,6.630049853353788,0.015665609523552414,0.19193968039317444,0.12229215992717236,0.0309088815527848,1648197000.0,3290113000.0,True,12.382581523198969,0.929849859608325,0.005210363302744713,0.7185741946480814,0.6763734719934671,False,282054000.0,553937000.0,-0.018203709976368554,1.2230884971607634,135895000.0,unchecked,,0.0,general_dcf,0.07347542772594973,0.008083140855492117,True,0.0455,0.09790802334157121,0.048887649336212945,0.02438413658560115,85,1.0
TPL,Texas Pacific Land Corporation,NYSE,common_stock,False,1980-03-17,Energy,Oil & Gas Exploration & Production,US,68974400.0,0.594,28672658080.0,2026-07-17,fmp:company-screener,2026-07-18T01:44:23.956560+00:00,415.7,2026-07-17,28672658080.0,156533668.55,True,8,2025,ttm,2026-05-06,discrete,ok,839025000.0,0.14991745407168078,0.3310057906158217,0.976989958582879,0.7442162033312476,624416000.0,0.0,0.786585672348183,659965043.7419342,519188903.53562,524662523.4955926,7.602709237106628,0.04820145869762043,0.21330847980694234,0.37095281994358054,0.16116902136869546,-231727000.0,15844000.0,True,629.4516129032259,-0.33619581523426506,0.017706988862646867,-0.7400128334796718,-0.8201882313997286,False,152160000.0,17394000.0,-0.002553389969461861,1.0808705612829324,69009942.0,unchecked,,0.0,general_dcf,0.2556675062972291,0.0,True,0.0455,0.07518475430324661,0.04759483697167999,0.2957680656403339,72,1.0
TPR,"Tapestry, Inc.",NYSE,common_stock,False,2000-10-06,Consumer Cyclical,Luxury Goods,US,202045000.0,1.444,28581285700.0,2026-07-17,fmp:company-screener,2026-07-18T01:44:23.956560+00:00,141.46,2026-07-17,28581285700.0,363660691.4609375,True,8,2025,ttm,2026-05-07,discrete,ok,7850800000.0,0.02544414133287609,0.10647258824016015,0.7617695011973302,0.1131859173587405,888600000.0,0.0,0.15222930660687622,1195121840.309264,978596835.3857676,852308636.2479055,4.09173613177103,0.09215371787004394,0.18117400052488847,0.20571353778161833,,2854600000.0,3923200000.0,True,15.294320137693632,2.678614994839073,0.012452394197441055,-1.1099128094166186,2.0037490761544525,False,318400000.0,1255300000.0,-0.08296010729535341,1.5387254901960785,208300000.0,unchecked,,0.0,general_dcf,0.14519925168453285,0.006265664190072725,True,0.0455,0.10947315575090043,0.04953897296824424,0.0962403820307179,71,1.0
OTIS,Otis Worldwide Corporation,NYSE,common_stock,False,2020-03-19,Industrials,Industrial - Machinery,US,383716075.997277,0.891,28183945782.0,2026-07-17,fmp:company-screener,2026-07-18T01:44:23.956560+00:00,73.45,2026-07-17,28183945782.0,282332105.1828125,True,8,2025,ttm,2026-04-23,discrete,ok,14647000000.0,0.015981973389793902,0.04931537488069779,0.3038847545572472,0.15436608179149314,2261000000.0,0.0,0.1447580284207614,2120270842.2788923,1536376111.5771735,1512085819.8132784,3.881123767487881,0.007317859877798217,0.275386860517377,0.961473185663269,,7384000000.0,8218000000.0,True,10.766666666666667,3.0324435318275156,0.0,0.9608053370731728,0.9940096410884502,False,655000000.0,956000000.0,-0.027044762448158233,1.153179190751445,389600000.0,unchecked,,0.0,general_dcf,0.043819161463438006,0.011288180570331277,True,0.0455,0.07961755718312294,0.04383909493869869,0.8818556284801461,85,1.0
DG,Dollar General Corporation,NYSE,common_stock,False,2009-11-13,Consumer Defensive,Discount Stores,US,220586646.99801192,0.247,27738770860.0,2026-07-17,fmp:company-screener,2026-07-18T01:44:23.956560+00:00,125.75,2026-07-17,27738770860.0,377543447.87937504,True,8,2025,ttm,2026-06-02,discrete,ok,43075355000.0,0.07576117177707786,0.06380065685092857,0.3082707733923493,0.05260713463649922,2266071000.0,0.0,0.08277072295880822,3565378275.0573144,2783582778.9132795,2170728210.066972,9.797517636688069,0.020385054945316845,0.2192742076242856,0.07596806166822054,-0.2711183121925683,14445188000.0,15798301000.0,True,10.62880099061449,4.016148906687545,0.001446310315582163,-1.3172623997631736,2.2498460157621953,False,519834999.0,0.0,-0.007028310455815645,2.4032755167422573,221559000.0,unchecked,,0.0,general_dcf,0.0506618940956427,0.005868544597249035,True,0.0455,0.065,0.047233910438730715,0.010968061668220536,45,1.0
NRG,"NRG Energy, Inc.",NYSE,common_stock,False,2003-12-02,Utilities,Independent Power Producers,US,210986470.00232357,1.201,27240463142.0,2026-07-17,fmp:company-screener,2026-07-18T01:44:23.956560+00:00,129.11,2026-07-17,27240463142.0,369794559.3740625,True,8,2025,ttm,2026-05-06,discrete,ok,32428000000.0,0.18287155276652345,0.6873224491214914,0.17071666461083015,0.030004934007647713,973000000.0,0.0,0.09488985175466122,3077088112.700154,2390693457.7262936,1331994562.5296702,6.4038200121618765,0.03784084289428397,0.22306629834254144,0.030341420498202175,,20041000000.0,23357000000.0,True,3.003086419753086,8.986995515695067,0.0036260220405261285,-1.4633207967281194,-0.4554222367531186,False,425000000.0,473000000.0,-0.041224096277523326,2.131949074074074,208000000.0,unchecked,,0.0,general_dcf,0.15932161654351518,0.12759977516785612,True,0.0455,0.08749027065579187,0.0664278314917127,-0.0571488501575897,72,1.0
DVN,Devon Energy Corporation,NYSE,common_stock,False,1985-07-22,Energy,Oil & Gas Exploration & Production,US,621431110.9970341,0.432,27237325595.0,2026-07-17,fmp:company-screener,2026-07-18T01:44:23.956560+00:00,43.83,2026-07-17,27237325595.000004,649199188.96875,True,8,2025,ttm,2026-05-06,discrete,ok,16543000000.0,0.09865543909633834,0.60150015365026,0.22130206129480748,0.18835761349211147,3116000000.0,0.0,0.24335070512560336,4025750714.8928566,3158257147.55438,1478266887.6370654,2.3766348675837063,0.1323465650668873,0.21548616115977381,0.11008985011601642,0.05344577191116125,6777000000.0,8592000000.0,True,6.269617706237424,1.1634334763948497,0.00609516319307904,-0.4755938894418097,-0.12462261991248261,False,611000000.0,818000000.0,-0.016081632778892296,2.282947077135939,622000000.0,unchecked,,0.0,general_dcf,0.39573152282758084,0.2243143676051262,True,0.0455,0.065,0.04746308724983368,0.04508985011601642,72,1.0
WSM,"Williams-Sonoma, Inc.",NYSE,common_stock,False,1983-07-07,Consumer Cyclical,Specialty Retail,US,117746611.00214526,1.485,26894503419.0,2026-07-17,fmp:company-screener,2026-07-18T01:44:23.956560+00:00,228.41,2026-07-17,26894503419.0,242893969.168125,True,8,2025,ttm,2026-05-22,discrete,ok,7882159000.0,0.0467045849233334,0.09745803441145406,0.46061846760513203,0.1797346386948043,1416697000.0,0.0,0.16663394849440455,1313435276.8307073,997159942.8670832,980591122.2874435,8.178817307683817,0.041912739540991846,0.24080009083263715,0.3966256074794315,-0.06734620042273971,841963000.0,1493564000.0,True,,0.47794949520752267,0.012835696522912865,0.5269632238376666,0.0913126866627178,False,327397000.0,1145389000.0,-0.046260428596221814,1.2088165218249085,119894000.0,unchecked,,0.0,general_dcf,0.03485965597366403,0.01145038166289123,True,0.0455,0.11686482044733754,0.06491159223380952,0.27976078703209395,56,0.95
MTD,Mettler-Toledo International Inc.,NYSE,common_stock,False,1997-11-14,Healthcare,Medical - Diagnostics & Research,US,20207600.999984734,1.245,26472361462.0,2026-07-17,fmp:company-screener,2026-07-18T01:44:23.956560+00:00,1310.02,2026-07-17,26472361462.0,243056765.63125,True,8,2025,ttm,2026-05-08,discrete,ok,4089782000.0,0.046172122400079285,0.06880668442174392,0.5778564725454804,0.28000612257572655,1145164000.0,0.0,0.2726700953622288,1115161247.9507267,906086034.9793235,826217284.2623533,40.72818039112498,0.020607030163145062,0.1874842883534644,0.4376220756426632,0.26524520333931784,2168064000.0,2228638000.0,True,16.628149094657974,1.753196375648433,0.005159384675137468,0.299584033985903,-0.6898993656357739,False,0.0,787496000.0,-0.03704082269681719,1.121887526936534,20286133.0,unchecked,,0.0,general_dcf,0.05848386259577443,0.009433962466879801,True,0.0455,0.10320025811581046,0.0491572005546154,0.33442181752685274,70,1.0
PPG,"PPG Industries, Inc.",NYSE,common_stock,False,1980-03-17,Basic Materials,Chemicals - Specialty,US,222900000.0,1.045,26159544000.0,2026-07-17,fmp:company-screener,2026-07-18T01:44:23.956560+00:00,117.36,2026-07-17,26159544000.0,217271394.7184375,True,8,2025,ttm,2026-04-29,discrete,ok,16121000000.0,0.004591619879200204,0.09293272947439517,0.40555796786799825,0.12796972892500466,2063000000.0,0.0,0.12688760969798327,2045555155.9411883,1575115017.892986,1134529946.4649408,5.055837551091536,0.013618905161723928,0.22998164419171885,0.11179084222607207,,6106000000.0,7730000000.0,True,8.386178861788618,2.344854070660522,0.0026506784474597664,0.09407873410604942,0.41622195895304936,False,633000000.0,492000000.0,-0.018459166786427894,1.2724014336917562,224400000.0,unchecked,,0.0,general_dcf,0.058366013201822,0.05555555555555555,True,0.0455,0.08607982628415065,0.046586110526401006,0.02571101594192142,79,1.0
HUBB,Hubbell Incorporated,NYSE,common_stock,False,1972-06-05,Industrials,Electrical Equipment & Parts,US,52841800.0,0.892,25822202406.0,2026-07-17,fmp:company-screener,2026-07-18T01:44:23.956560+00:00,488.67,2026-07-17,25822202406.0,325469485.363125,True,8,2025,ttm,2026-04-30,discrete,ok,5996100000.0,0.038659372864209285,0.09872917172220759,0.3551641900568703,0.20773502776804922,1245600000.0,0.0,0.13879854972726194,832249984.0196353,653698868.2789379,749856597.9416049,14.064966988772957,0.0326851604384616,0.21454024532187305,0.1630342726923971,0.2157911849580883,2221800000.0,2738700000.0,True,17.228215767634854,1.5163800163800163,0.005436617215954517,3.5198569252121157,0.8077563181850042,True,291300000.0,267500000.0,-0.004867878368850498,1.160861233231879,53313783.0,unchecked,,0.0,general_dcf,0.11682562260823426,0.026521060941217648,True,0.0455,0.08601704137288692,0.04752031515802668,0.07701723131951017,78,0.85
WST,"West Pharmaceutical Services, Inc.",NYSE,common_stock,False,1980-03-17,Healthcare,Medical - Instruments & Supplies,US,70647600.0,1.159,25325751648.0,2026-07-17,fmp:company-screener,2026-07-18T01:44:23.956560+00:00,358.24,2026-07-17,25308796224.0,246164724.44343752,True,8,2025,ttm,2026-04-23,discrete,ok,3220400000.0,0.08665376290342741,0.10716886682792236,0.36237734442926345,0.2066823997019004,665600000.0,0.0,0.20320865651832,654413157.4515978,541842099.661605,387100261.47830415,5.346688694451715,0.041546208947780466,0.17201832895347746,0.1978689502544038,-0.12951822220621453,-205200000.0,316200000.0,True,3328.0,-0.24399524375743162,0.007743110908676839,0.05880534812925432,-0.025496881358659605,False,61800000.0,298400000.0,-0.015180921258852953,1.326161964684392,72400000.0,unchecked,,0.0,general_dcf,0.08732354093237227,0.012012011984067424,True,0.0455,0.10279159920699184,0.050092891098314614,0.09507735104741195,85,1.0
WAT,Waters Corporation,NYSE,common_stock,False,1995-11-17,Healthcare,Medical - Diagnostics & Research,US,65183625.00135508,1.202,24051453953.0,2026-07-17,fmp:company-screener,2026-07-18T01:44:23.956560+00:00,368.98,2026-07-17,24051453953.0,348626174.128125,True,8,2025,ttm,2026-05-12,discrete,ok,3770581000.0,0.03910304855053126,0.064936475151158,0.5501611024932231,0.17077049929440583,643904000.0,0.0,0.28803615176012815,1086063641.1398556,930298279.0114152,687503418.7009819,8.369999862440276,0.01062177039533384,0.14342194713834644,0.027036962477932854,0.029667878242803907,5108000000.0,5570000000.0,True,6.596768740587446,5.068606788043327,0.015112627252621108,-10.121317779793321,-3.265346346269645,True,0.0,12733000.0,0.10833137896728617,1.0154459260319717,82139000.0,unchecked,,0.0,general_dcf,1.0367123394378122,0.009316770246135397,True,0.0455,0.09548780073619313,0.05182297219813004,-0.06845083825826027,66,0.85
PHM,"PulteGroup, Inc.",NYSE,common_stock,False,1980-03-17,Consumer Cyclical,Residential Construction,US,190486352.99809644,1.186,24016519386.0,2026-07-17,fmp:company-screener,2026-07-18T01:44:23.956560+00:00,126.08,2026-07-17,24016519386.0,228684470.5915625,True,8,2025,ttm,2026-04-23,discrete,ok,16827874000.0,0.0786780957076989,0.09324638350570685,0.2606386285041117,0.16402297759063325,2760158000.0,0.0,0.17968502312346285,3023716928.808719,2302635960.082692,1639657527.7577224,8.458273219803187,0.03310113835156706,0.2384750245156439,0.16115075426634143,0.06851001784951659,89096000.0,2405386000.0,True,4299.318223237108,0.03128347128391695,0.0030473144461872353,-0.3144953873528419,-0.07554866880007423,False,182897000.0,1209060000.0,-0.06369353690428192,0.8433874333515119,193852514.0,unchecked,,0.0,general_dcf,-0.03797659935391695,0.01646341462460096,True,0.0455,0.0994535694872072,0.04607226101680354,0.06169718477913423,85,1.0
CPAY,"Corpay, Inc.",NYSE,common_stock,False,2010-12-15,Technology,Software - Infrastructure,US,65361918.99997266,0.881,23908736351.0,2026-07-17,fmp:company-screener,2026-07-18T01:44:23.956560+00:00,365.79,2026-07-17,23908736351.0,203992186.71875,True,8,2025,ttm,2026-05-08,discrete,ok,4783723000.0,0.09277496065239532,0.09418078522790302,0.7279133846169604,0.4299182874928168,2056610000.0,0.0,0.43970602965951056,2103431847.3208828,1566163578.3911152,1775089104.2067735,25.935290741299674,0.016708386693046123,0.25542461459546695,0.3029615309342451,,1544313000.0,10360640000.0,True,4.896387366496359,0.6245828700803341,0.029367564797265832,-0.7090077019985,-0.9636607946584163,False,0.0,1510071000.0,-0.037931964668205365,1.9333227728927438,68443000.0,unchecked,,0.0,general_dcf,0.17421975766135067,0.005649717517320264,True,0.0455,0.07609537750396589,0.04504681081697425,0.22686615343027922,70,1.0
EXPD,"Expeditors International of Washington, Inc.",NYSE,common_stock,False,1984-09-26,Industrials,Integrated Freight & Logistics,US,130791132.99781181,1.038,23908619112.0,2026-07-17,fmp:company-screener,2026-07-18T01:44:23.956560+00:00,182.8,2026-07-17,23908619112.0,204623796.471875,True,8,2025,ttm,2026-05-06,discrete,ok,11185552000.0,0.04491666064397681,0.3236980937242754,0.20232197749382416,0.09668865693887972,1081516000.0,0.0,0.09817747651779296,1098169268.818552,813999860.9021884,773072808.7642201,5.765929836542111,0.0063891132431302955,0.2587664907269557,0.5229825541212312,,-751516000.0,564981000.0,True,,-0.6606408827345642,0.006254489448874782,-0.1488819578913239,0.295434631622592,False,207437000.0,777576000.0,-0.0657581801049153,1.2368463092493647,134076000.0,unchecked,,0.0,general_dcf,0.06719508009055497,0.044866264048496224,True,0.0455,0.09661453256992614,0.06337546504284529,0.42636802155130504,72,0.95
DGX,Quest Diagnostics Incorporated,NYSE,common_stock,False,1996-12-17,Healthcare,Medical - Diagnostics & Research,US,110696000.0,0.571,23321433280.0,2026-07-17,fmp:company-screener,2026-07-18T01:44:23.956560+00:00,210.68,2026-07-17,23321433280.0,179639843.4996875,True,8,2025,ttm,2026-04-22,discrete,ok,11278000000.0,0.056094577724565386,0.10252048789129942,0.33232842702606846,0.14311048058166342,1614000000.0,0.0,0.14573039501972124,1643547395.032416,1281131940.2886028,1223904419.0225697,10.927718026987229,0.03122295645510941,0.22050806434861908,0.09016698804137668,-0.182444261713831,6587000000.0,6980000000.0,True,6.022388059701493,3.0063897763578273,0.00832252485948984,-0.1888679413981904,-0.06909495480355042,False,357000000.0,450000000.0,-0.017244827160577514,1.531572904707233,112000000.0,unchecked,,0.0,general_dcf,0.07934693821427596,0.007601351405636812,True,0.0455,0.06785566098113699,0.047159262106908545,0.022311327060239694,86,1.0
OMC,Omnicom Group Inc.,NYSE,common_stock,False,1980-03-17,Communication Services,Advertising Agencies,US,285006195.9990212,0.656,23293556399.0,2026-07-17,fmp:company-screener,2026-07-18T01:44:23.956560+00:00,81.73,2026-07-17,23293556399.0,299825332.42625,True,8,2025,annual,2026-02-20,annual,annual_anchor,17271900000.0,0.017562263432874925,0.07036304044732426,0.1727951180819713,0.14972875016645534,2586100000.0,0.0,0.14642359336986555,2529013662.3249807,1864780445.0467887,1648899229.219927,8.047336404196814,0.007360262112813137,0.2626451676293228,0.10625854426677338,0.02465586598481794,5899800000.0,12780900000.0,True,9.818147341754546,2.06084951795445,0.005825700645671198,0.6475867752657544,2.44399268710272,False,549600000.0,707900000.0,-0.0033931429086506704,1.0963647497039521,204900000.0,unchecked,,0.0,general_dcf,0.5752575630083545,0.003852080153196057,True,0.0455,0.06636388283648179,0.04460996735842597,0.03989466143029159,147,0.85
CHD,"Church & Dwight Co., Inc.",NYSE,common_stock,False,1980-03-17,Consumer Defensive,Household & Personal Products,US,236943601.99857247,0.467,23237059048.0,2026-07-17,fmp:company-screener,2026-07-18T01:44:23.956560+00:00,98.07,2026-07-17,23237059048.0,189529473.44,True,8,2025,ttm,2026-05-01,discrete,ok,6205400000.0,0.05925266631317894,0.03385755051969414,0.450671995358881,0.17296225867792567,1073300000.0,0.0,0.18558024830582392,1151599672.8369598,910462255.7037607,1017738834.2360157,4.274417615438957,0.03323536591417201,0.2093934401172226,0.1400260760267632,-0.016516850136827292,1874000000.0,2377400000.0,True,11.191866527632952,1.4624629311690338,0.009693635276972704,-0.49772783716284114,0.35189424105989114,False,287700000.0,900000000.0,-0.01122306342429269,1.6495656894679696,238100000.0,unchecked,,0.0,general_dcf,-0.003966531281816343,0.021069691994299387,True,0.0455,0.06839604676978114,0.04783169687290803,0.07163002925698206,77,1.0
LH,Labcorp Holdings Inc.,NYSE,common_stock,False,1990-03-29,Healthcare,Medical - Diagnostics & Research,US,82000000.0,0.861,23235520000.0,2026-07-17,fmp:company-screener,2026-07-18T01:44:23.956560+00:00,283.36,2026-07-17,23235520000.0,174241157.18,True,8,2025,ttm,2026-05-04,discrete,ok,14144200000.0,0.030137680570719194,0.09253428551262434,0.2778594759689484,0.11031376818766703,1560300000.0,0.0,0.11604691500812825,1641390775.2579675,1237305510.5856547,1121347715.0795596,13.526510435217848,0.05046488624878139,0.24618468116393857,0.07847412560497373,-7.794511381847969,6259500000.0,7240600000.0,True,6.990591397849462,2.7845989590284264,0.009016822322727696,-0.193911120673016,0.2837601404553117,False,240300000.0,548000000.0,-0.03271819414794375,2.1257372654155495,82900000.0,unchecked,,0.0,general_dcf,0.05073336522144922,0.010197144814576115,True,0.0455,0.07834720579432833,0.045605826789581715,0.00012691981064540114,74,1.0
RL,Ralph Lauren Corporation,NYSE,common_stock,False,1997-06-12,Consumer Cyclical,Apparel - Manufacturers,US,60999811.99894862,1.352,23207378475.0,2026-07-17,fmp:company-screener,2026-07-18T01:44:23.956560+00:00,380.45,2026-07-17,23207378475.0,256103407.68875,True,8,2026,ttm,2026-05-21,discrete,ok,8114500000.0,0.03651392104845108,0.19271207482234184,0.6986505636822972,0.14532010598311665,1179200000.0,0.0,0.11167506474262193,906187312.8540056,720650684.3939687,622439109.109914,9.990996935953675,0.04808384970649307,0.20474423535648026,0.24913408189677175,0.696809468882311,923700000.0,2988700000.0,True,21.756457564575644,0.6540858235377426,0.015004373133878215,1.0634104766508543,0.4580593528423102,False,216500000.0,623800000.0,-0.033475237244851574,1.6551137242766516,62300000.0,unchecked,,0.0,general_dcf,0.13554976025304666,0.015056461824862432,True,0.0455,0.10568565645594404,0.048112973760932945,0.1434484254408277,57,1.0
DRI,"Darden Restaurants, Inc.",NYSE,common_stock,False,1995-05-09,Consumer Cyclical,Restaurants,US,114535002.99868965,0.585,22726035295.0,2026-07-17,fmp:company-screener,2026-07-18T01:44:23.956560+00:00,198.53,2026-07-17,22738634145.329857,245856839.40156248,True,8,2026,ttm,2026-06-25,discrete,ok,13210900000.0,0.06483717505613917,0.13009492260277625,0.6942827513644036,0.11981015676448993,1582800000.0,0.0,0.11369714016231727,1502041548.9703572,1318391667.480898,1077036364.6911128,9.349273999054798,0.035850615995349625,0.12226684515841142,0.17276114672245155,0.2681590505748327,5834100000.0,6053600000.0,True,8.150360453141092,2.7212556555809506,0.006014047410008779,0.6113016602172657,-0.11621838757956693,False,693000000.0,671700000.0,-0.021336182737631826,1.5686064616582327,115200000.0,unchecked,,0.0,general_dcf,0.09516880911955128,0.003782148259467719,True,0.0455,0.07019866330773299,0.053102855867916104,0.10256248341471856,22,1.0
HPQ,HP Inc.,NYSE,common_stock,False,1957-11-06,Technology,Computer Hardware,US,914523000.0,1.212,22716751320.0,2026-07-17,fmp:company-screener,2026-07-18T01:44:23.956560+00:00,24.84,2026-07-17,22716751320.0,456322126.62375,True,8,2025,ttm,2026-05-28,discrete,ok,57417000000.0,-0.007949026438381246,0.07380358082281722,0.20213525610881794,0.055088214291934445,3163000000.0,0.0,0.06576206509215812,3775860491.396443,3398274442.2567987,3271944524.219717,3.5372373234807752,0.006875373797217679,0.1,0.48920776765767315,-0.3893044128646223,5963000000.0,9666000000.0,True,6.966960352422907,1.435138387484958,0.008439291248903079,-1.0673850800223676,0.643821042411867,False,1093000000.0,1075000000.0,-0.041370451935990316,1.350990990990991,925000000.0,unchecked,,0.0,general_dcf,0.04468607522302648,0.017333104521216912,True,0.0455,0.09068287577029757,0.05445,0.3985248918873756,50,1.0
STZ,"Constellation Brands, Inc.",NYSE,common_stock,False,1992-03-17,Consumer Defensive,Beverages - Alcoholic,US,170804344.99887106,0.382,22694773320.0,2026-07-17,fmp:company-screener,2026-07-18T01:44:23.956560+00:00,132.87,2026-07-17,22694773320.0,300543368.8384375,True,8,2026,ttm,2026-07-01,discrete,ok,9056700000.0,0.017110861284923784,0.052918541514601104,0.5261850342840108,0.32137533538706153,2910600000.0,0.0,0.32804807294105043,2971032982.2052116,2277779825.9364977,1666336634.8742774,9.665133288522377,0.012593038667353538,0.23333741510811354,0.1193747389147867,,10437200000.0,10533800000.0,True,8.45367412140575,3.1415585588297263,0.006384324275489616,-0.571920545911428,-0.11352320387151002,False,712200000.0,841800000.0,-0.036150883637098064,1.5958674475081147,172407000.0,unchecked,,0.0,general_dcf,-0.10510907249667423,0.0076838638618323156,True,0.0455,0.065,0.04638308638595913,0.0543747389147867,16,1.0
ROL,"Rollins, Inc.",NYSE,common_stock,False,1980-03-17,Consumer Cyclical,Specialty Business Services,US,481464000.0,0.747,21718841040.0,2026-07-17,fmp:company-screener,2026-07-18T01:44:23.956560+00:00,45.11,2026-07-17,21718841040.0,185610023.95625,True,8,2025,ttm,2026-04-23,discrete,ok,3844970000.0,0.10912535473277218,0.018996582038088735,0.5178217255271172,0.18985583762682154,729990000.0,0.0,0.18720936478423789,719814391.3144511,533359437.54424936,590118411.1066856,1.2258430884770724,0.013836969187827336,0.2590319893850925,0.23191815668701563,0.2277945761618683,950597000.0,1067140000.0,True,23.091449720051877,1.1078922126796136,0.00884820999625816,0.26464728425836526,-0.31187848730802586,False,335840000.0,224534000.0,-0.007512778424072053,1.2874512298155514,481398000.0,unchecked,,0.0,general_dcf,0.0923997461136219,0.02415458924082561,True,0.0455,0.08106933519313941,0.0448285646422019,0.1508488214938762,85,1.0
FIS,"Fidelity National Information Services, Inc.",NYSE,common_stock,False,2001-06-20,Technology,Information Technology Services,US,516879000.00000006,0.813,21662398890.0,2026-07-17,fmp:company-screener,2026-07-18T01:44:23.956560+00:00,41.91,2026-07-17,21662398890.0,264781802.5009375,True,8,2025,ttm,2026-05-08,discrete,ok,11658000000.0,0.03445541525790263,0.16283408948831302,0.37587922456682105,0.17901869960542116,2087000000.0,0.0,0.16954243194082974,1976525671.566193,1324654292.6548538,2741167133.1271424,5.302064087286542,0.02658409271709316,0.32980668467351515,0.0717757196636924,,3510000000.0,4265000000.0,True,22.934065934065934,0.8243306716768436,0.016952327432799476,0.2890484994952909,-0.5175437548603959,False,859000000.0,955000000.0,-0.05052281217146859,4.592410182343383,517000000.0,unchecked,,0.0,general_dcf,0.30062890388533514,0.0028985506960636023,True,0.0455,0.07864835688538602,0.04054669557725233,-0.006872637221693623,70,1.0
EFX,Equifax Inc.,NYSE,common_stock,False,1980-03-17,Industrials,Consulting Services,US,120634601.99909644,1.316,21361975322.0,2026-07-17,fmp:company-screener,2026-07-18T01:44:23.956560+00:00,177.08,2026-07-17,21361975322.0,278995842.6071875,True,8,2025,ttm,2026-04-21,discrete,ok,6281400000.0,0.08588569570479487,0.06415271617826504,0.44669978030375396,0.18260260451491706,1147000000.0,0.0,0.17880493808027148,1123145338.0574174,862520544.1999607,641102338.3145431,5.307138562206483,0.09573937238314359,0.23204903677758318,0.09113329555073894,-0.03812143496395194,5124700000.0,5308100000.0,True,5.332403533240353,2.7251794735442703,0.013636708956924714,0.12129270386323694,0.7707332200362613,False,251400000.0,1176600000.0,-0.0068047834466663515,2.192517795067042,120800000.0,unchecked,,0.0,general_dcf,0.11815267401406837,0.023738872415397988,True,0.0455,0.09839521007654226,0.046461033274956216,-0.007261914525803312,87,1.0
SNA,Snap-on Incorporated,NYSE,common_stock,False,2017-03-02,Industrials,Manufacturing - Tools & Accessories,US,51801916.0003893,0.721,21290069457.0,2026-07-17,fmp:company-screener,2026-07-18T01:44:23.956560+00:00,410.99,2026-07-17,21290069457.0,133161231.84156251,True,8,2025,annual,2026-02-12,annual,annual_anchor,5156100000.0,0.046911038224504376,0.09844144061122131,0.517290199957332,0.2575008242664029,1327700000.0,0.0,0.2560587847667042,1320264700.1356034,1023307200.3670824,981910033.248582,18.526604400916643,0.006533323940309883,0.22492269901484205,0.1826697670219214,0.16516481002067349,-298300000.0,1326200000.0,True,25.43486590038314,-0.20915720095358295,0.005598621877691645,0.19069514618476058,-0.006259787036319283,False,462200000.0,328600000.0,-0.007435219273921656,1.1415290277915142,53000000.0,unchecked,,0.0,general_dcf,0.008642782654353143,0.004228329633767451,True,0.0455,0.07951769288873592,0.04689217670960205,0.10315207413318547,155,0.7
LEN,Lennar Corporation,NYSE,common_stock,False,1980-03-17,Consumer Cyclical,Residential Construction,US,248295270.9977351,1.394,20829490284.0,2026-07-17,fmp:company-screener,2026-07-18T01:44:23.956560+00:00,83.89,2026-07-17,20829490284.0,233003876.8471875,True,8,2025,ttm,2026-06-29,discrete,ok,32737235000.0,0.07525893763257141,0.09717708105132944,0.0795063175005464,0.06016531328928665,1969646000.0,0.0,0.13824940334022323,4525903205.758673,3454804909.105253,2607854540.3364277,10.749296353099572,0.040043092639009965,0.23665956781633662,0.057819436282628055,-39.218177040906106,4382909000.0,6199157000.0,True,35.627776571883366,2.0796652158213473,0.004782353398523541,-1.542475722998968,-1.8593856022591144,False,502261000.0,1249268000.0,-0.057554321947309584,0.6111529134021253,242607000.0,unchecked,,0.0,general_dcf,-0.04786376391538505,0.028121137222067428,True,0.0455,0.09937039457064381,0.046182096147111634,-0.041550958288015756,18,1.0
PKG,Packaging Corporation of America,NYSE,common_stock,False,2000-01-28,Consumer Cyclical,Packaging & Containers,US,89098700.0,0.818,20766234009.0,2026-07-17,fmp:company-screener,2026-07-18T01:44:23.956560+00:00,233.07,2026-07-17,20766234009.0,157752110.469375,True,8,2025,ttm,2026-05-08,discrete,ok,9216100000.0,0.03606975223775488,0.07899850931624472,0.20482633651978602,0.13161749546988422,1213000000.0,0.0,0.1454775627681674,1340735766.2277076,1012891863.5787679,747890710.0233396,8.39383512933041,0.014300619582513788,0.2445253650324858,0.10895146025628281,-0.007728144868957102,3823200000.0,4366900000.0,True,12.277327935222672,1.9576036866359448,0.005126627704296114,-0.857821750068145,-0.0458387716369385,False,449200000.0,219800000.0,-0.013116268150041743,1.7186356508102456,89100000.0,unchecked,,0.0,general_dcf,0.10514958465913571,0.07560483873248154,True,0.0455,0.07932942583928185,0.04570621541553461,0.029622034417000967,70,1.0
TSN,"Tyson Foods, Inc.",NYSE,common_stock,False,1980-03-17,Consumer Defensive,Agricultural Farm Products,US,355999457.0019041,0.391,20566088631.0,2026-07-17,fmp:company-screener,2026-07-18T01:44:23.956560+00:00,57.77,2026-07-17,20566088631.0,191776231.379375,True,8,2025,ttm,2026-05-04,discrete,ok,55710000000.0,0.04482396796231858,0.04661147648549557,0.06549991024950637,0.0230479267635972,1284000000.0,0.0,0.06748815026900128,3759764851.486061,2922850228.0133758,1482207024.4159794,4.187025492700506,0.03251415042572255,0.2225975975975976,0.0388686065450989,-2.0474368084662204,7583000000.0,8083000000.0,True,3.057142857142857,2.8701741105223317,0.0018368509028122188,-1.4541784371930537,-0.6459058888254056,False,701000000.0,272000000.0,-0.00833372078387895,3.891956751054852,354000000.0,unchecked,,0.0,general_dcf,0.0331702478943241,0.014428998767001756,True,0.0455,0.06936239241227234,0.0664679054054054,-0.03049378586717344,74,1.0
GIS,"General Mills, Inc.",NYSE,common_stock,False,1980-03-17,Consumer Defensive,Packaged Foods,US,533707998.99920994,-0.047,20264892722.0,2026-07-17,fmp:company-screener,2026-07-18T01:44:23.956560+00:00,37.97,2026-07-17,20264892722.0,347066549.803125,True,8,2026,annual,2026-07-01,annual,annual_anchor,18424600000.0,0.01271362544800514,0.039050616129588524,0.33492721687309357,0.1506192807442224,2775100000.0,0.0,0.17023929762976736,3136590963.1094117,2539093586.8341746,2322070510.925572,4.241224677489629,0.010840406996675838,0.19049260273418528,0.1098375745945436,,13084200000.0,13538000000.0,True,4.86603541995441,3.9288352400684623,0.004705797830303901,-2.026585028861294,-3.9707831700584353,False,1315300000.0,500300000.0,-0.03070705768587223,1.2971375507776668,547500000.0,unchecked,,0.0,general_dcf,-0.05729668017497436,0.027100271019354874,True,0.0455,0.065,0.04897519753458179,0.0448375745945436,16,0.85
IFF,International Flavors & Fragrances Inc.,NYSE,common_stock,False,1974-12-17,Basic Materials,Chemicals - Specialty,US,255303473.0051151,0.944,19964731589.0,2026-07-17,fmp:company-screener,2026-07-18T01:44:23.956560+00:00,78.2,2026-07-17,19964731589.0,146008047.9746875,True,8,2025,ttm,2026-05-05,discrete,ok,10788000000.0,0.15474910231569639,0.4539990238864491,0.36345939933259175,0.07563959955506118,816000000.0,0.0,0.07201006934549255,776844628.0991735,641559297.8915975,727637661.1565374,2.831274946134387,0.11077549972097636,0.1741472172351885,0.034781722360572184,,5255000000.0,5817000000.0,True,4.03960396039604,2.804162219850587,0.0056625141562853904,0.05063939784107979,-0.813001760198834,False,409000000.0,96000000.0,0.0026075737341737515,4.403292181069959,257000000.0,unchecked,,0.0,general_dcf,-0.02252551907033362,0.01582867779417172,True,0.0455,0.08305771635110734,0.04996409335727109,-0.04827599399053516,73,1.0
LII,Lennox International Inc.,NYSE,common_stock,False,1999-07-29,Industrials,Construction,US,34800000.0,1.163,18928764000.0,2026-07-17,fmp:company-screener,2026-07-18T01:44:23.956560+00:00,543.93,2026-07-17,18928764000.0,225584281.5259375,True,8,2025,ttm,2026-04-29,discrete,ok,5257800000.0,0.04243489707952652,0.0724729774242743,0.3305755258853513,0.19515767050857774,1026100000.0,0.0,0.1496697217049871,786933462.7804812,634317736.1997958,494095237.42645645,14.117006783613041,0.02489165309998605,0.19393726890383645,0.2652154711658351,0.1663844299821386,1904700000.0,1954900000.0,True,20.56312625250501,1.6675713535282788,0.005601216484129886,1.6865023420059164,0.5105757222541772,False,207200000.0,421700000.0,-0.007504973290857975,1.1720163589044492,35000000.0,unchecked,,0.0,general_dcf,0.06654557909152414,0.02131438736088008,True,0.0455,0.09851243520283143,0.04876679523131789,0.16670303596300368,79,1.0
FTV,Fortive Corporation,NYSE,common_stock,False,2016-07-05,Technology,Industrial - Machinery,US,304861020.99384916,0.977,18834313877.0,2026-07-17,fmp:company-screener,2026-07-18T01:44:23.956560+00:00,61.78,2026-07-17,18834313877.0,189412669.3015625,True,8,2025,ttm,2026-04-30,discrete,ok,4737799999.0,-0.03190008590079263,0.14432034672582747,0.6182827473971638,0.177297479880387,840000000.0,0.0,0.17465117318383777,827462328.1357354,713099528.0501763,895138330.9643248,2.8616954314716265,0.024110833965281582,0.138209071515337,0.07854780003766418,,3133000000.0,3489100000.0,True,6.994171523730225,2.4938310912998487,0.018680032314972055,0.1350401692348783,0.13757361179319694,False,83400000.0,1251600000.0,-0.0464720994483494,1.8331132188738144,312800000.0,unchecked,,0.0,general_dcf,0.04928244921255254,0.025462963082075973,True,0.0455,0.08775241305686196,0.052138351173322106,-0.009204613019197783,78,1.0
CF,"CF Industries Holdings, Inc.",NYSE,common_stock,False,2005-08-11,Basic Materials,Agricultural Inputs,US,153629000.0,0.39,18656705760.0,2026-07-17,fmp:company-screener,2026-07-18T01:44:23.956560+00:00,121.42,2026-07-17,18653633180.0,341083452.0928125,True,8,2025,ttm,2026-05-07,discrete,ok,7407000000.0,0.0693970500262917,0.369349644758769,0.4040772242473336,0.35682462535439446,2643000000.0,0.0,0.31057439237664275,2300424524.3337927,1879684602.2170846,1989800691.899364,12.878968879607534,0.10944250869624048,0.18289664262667124,0.31208152796787686,0.12291746992958627,1578000000.0,3620000000.0,True,16.8343949044586,0.4447576099210823,0.006064690026954178,0.41755677345381026,-0.09270719933340157,False,318000000.0,0.0,-0.08877789063171027,1.8645320197044335,154500000.0,unchecked,,0.0,general_dcf,0.22975149430005803,0.29999999994173726,True,0.0455,0.06707639177742501,0.04943475312108639,0.24500513619045183,71,1.0
DD,"DuPont de Nemours, Inc.",NYSE,common_stock,False,1972-06-01,Basic Materials,Chemicals - Specialty,US,135019400.99785647,1.083,18266774761.0,2026-07-17,fmp:company-screener,2026-07-18T01:44:23.956560+00:00,135.29,2026-07-17,18266774761.0,187305023.1749875,True,8,2025,annual,2026-02-17,annual,annual_anchor,6849000000.0,-0.15676675554909192,0.1705169151896925,0.30252591619214486,0.12556577602569718,860000000.0,0.0,0.1422084324504564,973985553.8531758,685556682.6568762,729382869.6608502,5.219820167467487,0.017919565481706215,0.29613259668508285,0.03700941347828496,,2437000000.0,3194000000.0,True,2.747603833865815,1.617120106171201,0.0,-1.6711320427733378,0.5129191352257606,False,597000000.0,500000000.0,-0.05668318057452093,3.9034902763906123,139733333.0,unchecked,,0.0,general_dcf,0.04684836022070371,0.019580419568710948,True,0.0455,0.09377579164383044,0.06018066298342541,-0.056766378165545486,150,0.85
BBY,"Best Buy Co., Inc.",NYSE,common_stock,False,1985-04-18,Consumer Cyclical,Specialty Retail,US,210767000.0,1.33,18001609470.0,2026-07-17,fmp:company-screener,2026-07-18T01:44:23.956560+00:00,85.41,2026-07-17,18001609470.0,301205231.809375,True,8,2026,ttm,2026-06-05,discrete,ok,41860000000.0,-0.004005800635851875,0.0688135511098592,0.22517916865742954,0.04259436215957955,1783000000.0,0.0,0.043143110587273464,1805970609.183267,1388941405.1544433,1347089207.9234993,6.375244713315189,0.006461381096414542,0.23091693846414332,0.2511492854795664,-0.7173123244092846,2377000000.0,4126000000.0,True,38.76086956521739,0.915286869464767,0.0033370155573966675,-0.05487484276939167,0.1435372883620263,False,801000000.0,173000000.0,-0.02173620837992507,1.8353601496725913,211300000.0,unchecked,,0.0,general_dcf,0.012027617074898522,0.014118210088283746,True,0.0455,0.09979212100175254,0.04652952522291933,0.15135716447781383,42,1.0
ZBH,"Zimmer Biomet Holdings, Inc.",NYSE,common_stock,False,2001-07-25,Healthcare,Medical - Devices,US,193462000.0,0.461,17628257440.0,2026-07-17,fmp:company-screener,2026-07-18T01:44:23.956560+00:00,91.12,2026-07-17,17628257440.0,219221196.04625002,True,8,2025,ttm,2026-05-01,discrete,ok,8409200000.0,0.005292468669956474,0.10513002991211452,0.7003163202207107,0.15605527279646103,1312300000.0,0.0,0.13425669510777075,1128991400.5002658,996913523.4158583,1317362213.509169,6.72810119259024,0.06343278649486037,0.11698749611899856,0.058761228839764416,1.620416730156763,7046800000.0,7471000000.0,True,4.442450914014895,2.909856712226948,0.013153439429062589,0.4381970457569122,-0.2474427768209614,False,189400000.0,270300000.0,-0.02353247349355425,1.6589953529541934,195800000.0,unchecked,,0.0,general_dcf,0.040774119177121815,0.021101992959966186,True,0.0455,0.06541666946294908,0.05342225648480059,-0.006655440623184662,77,1.0
NVR,"NVR, Inc.",NYSE,common_stock,False,1985-07-22,Consumer Cyclical,Residential Construction,US,2699292.0000493065,0.902,17518513052.0,2026-07-17,fmp:company-screener,2026-07-18T01:44:23.956560+00:00,6490.04,2026-07-17,17518513052.0,183309665.2828125,True,8,2025,ttm,2026-05-06,discrete,ok,9702281000.0,0.05334976012067316,0.09625627066574248,0.22818531023787086,0.1571284113498671,1524504000.0,0.0,0.16300107727747046,1581482255.0487332,1281326660.005708,1136768893.0289052,388.24074215468073,0.02972053812111813,0.189793843139755,0.43890376158831373,0.15018659962693287,-679835000.0,1049852000.0,True,54.561540388676136,-0.4386105831452657,0.007011381627723662,-0.1285955095582411,0.12022650961880482,False,0.0,1881878000.0,-0.05851037133837722,0.8369208906297582,2928000.0,unchecked,,0.0,general_dcf,-0.06240809011537474,0.006256517265398564,True,0.0455,0.08824893141915693,0.049017472490044824,0.3506548301691568,72,1.0
GPC,Genuine Parts Company,NYSE,common_stock,False,1980-03-17,Consumer Cyclical,Specialty Retail,US,139122120.99823746,0.642,17365223143.0,2026-07-17,fmp:company-screener,2026-07-18T01:44:23.956560+00:00,124.82,2026-07-17,17365223143.0,199281026.28125,True,8,2025,ttm,2026-04-21,discrete,ok,24699012000.0,0.053860976464620514,0.0710592815180315,0.3617101364216512,0.04418528967879363,1091333000.0,0.0,0.061460954263392015,1518024846.8829706,1143009732.3302255,1071807897.9308628,7.765035846778692,0.007756203905049468,0.2470414863912015,0.07687457478450052,0.00652465213536238,6213793000.0,6713816000.0,True,6.41044272011184,3.7774988768648754,0.002010152945203075,-1.7275664584598387,-2.1911096808891304,False,571233000.0,0.0,-0.010155099630790865,1.3840108574942815,138030000.0,unchecked,,0.0,general_dcf,0.046939357610779275,0.017343318860317047,True,0.0455,0.06866480067979097,0.04555399007333231,0.00820977410470955,87,1.0
BR,"Broadridge Financial Solutions, Inc.",NYSE,common_stock,False,2007-03-22,Technology,Information Technology Services,US,115658296.99819893,0.903,17338335303.0,2026-07-17,fmp:company-screener,2026-07-18T01:44:23.956560+00:00,149.91,2026-07-17,17338335303.0,225511810.078125,True,8,2025,ttm,2026-04-30,discrete,ok,7322300000.0,0.0685924193098515,0.04063231367957985,0.3131393141499256,0.17143520478538163,1255300000.0,0.0,0.14387942785845714,1053528334.6079807,836053183.5487306,815635652.4579357,6.971244892802869,0.012636197980302195,0.20642553590186344,0.16823569567196237,,3102500000.0,3407300000.0,True,11.138420585625555,1.9448971915747242,0.010850187496157866,1.9998771478533652,2.030313187423681,False,433800000.0,485800000.0,-0.004237338963661075,1.3952352590827874,117000000.0,unchecked,,0.0,general_dcf,0.07960161563656531,0.006738544420693023,True,0.0455,0.08364693677966395,0.048011255077937263,0.08458875889229842,78,1.0
BALL,Ball Corporation,NYSE,common_stock,False,1972-07-13,Consumer Cyclical,Packaging & Containers,US,266246511.00302982,0.986,16696318705.0,2026-07-17,fmp:company-screener,2026-07-18T01:44:23.956560+00:00,62.71,2026-07-17,16696318705.0,172154992.2925,True,8,2025,ttm,2026-05-05,discrete,ok,13644000000.0,0.017786620061432057,0.11928555987218101,0.15691879214306656,0.09168865435356201,1251000000.0,0.0,0.08794729929249331,1199952951.5467787,968216005.8776917,555979117.6268333,2.079118352000603,0.01354303199429687,0.19312169312169314,0.07962489247493586,,7077000000.0,7807000000.0,True,3.8850931677018634,3.7603613177470776,0.0,0.27278483096928297,-1.3674161551806396,False,217000000.0,767000000.0,-0.0580970780100033,1.3837719298245614,267411000.0,unchecked,,0.0,general_dcf,0.12043033854822482,0.10986703988735777,True,0.0455,0.08657607152311694,0.06898809523809524,-0.006951179048181086,73,1.0
IEX,IDEX Corporation,NYSE,common_stock,False,1989-06-02,Industrials,Industrial - Machinery,US,74015052.00053348,0.974,16648945797.0,2026-07-17,fmp:company-screener,2026-07-18T01:44:23.956560+00:00,224.94,2026-07-17,16648945797.0,138490589.6534375,True,8,2025,ttm,2026-04-29,discrete,ok,3530100000.0,0.048393072016545746,0.07811551399627946,0.4441800515566131,0.2080394323106994,734400000.0,0.0,0.2322517632887101,819871949.5854756,642069584.8592956,613122755.9138675,8.240897256906822,0.012666381903102823,0.21686601769468536,0.10724302086651309,0.02470218066916018,1313100000.0,1899300000.0,True,11.421461897356144,1.389965068275643,0.0078928046989721,-2.4212330978010703,-0.8668723188856409,False,213000000.0,274100000.0,-0.007067373967917012,1.322970297029703,74400000.0,unchecked,,0.0,general_dcf,0.055547198415253574,0.011049723511987146,True,0.0455,0.08940569355013953,0.04737960592947153,0.017837327316373566,79,1.0
TXT,Textron Inc.,NYSE,common_stock,False,1947-12-22,Industrials,Aerospace & Defense,US,173889000.0,0.905,15907365720.0,2026-07-17,fmp:company-screener,2026-07-18T01:44:23.956560+00:00,91.48,2026-07-17,15907365720.0,131426582.9284375,True,8,2025,annual,2026-02-11,annual,annual_anchor,14799000000.0,0.008248732569438255,0.07243458258784338,0.16906547739712144,0.08439759443205622,1249000000.0,0.0,0.07336775937487461,1085769470.9887693,934223506.6197445,870689597.4594455,4.830241084775408,0.025415628960854395,0.1395747149079607,0.10606703326884692,0.25759232874061827,2257000000.0,4282000000.0,True,12.876288659793815,1.376219512195122,0.0,1.336254206979469,-0.1349691160088956,False,19000000.0,1077000000.0,-0.05701769422892122,1.3767643865363735,180258000.0,unchecked,,0.0,general_dcf,0.06696956336027293,0.009485094806513475,True,0.0455,0.08254326049581456,0.05205572974806837,0.02352377277303236,156,0.7
MAS,Masco Corporation,NYSE,common_stock,False,1980-03-17,Industrials,Construction Materials,US,201734436.99936426,1.282,15866413470.0,2026-07-17,fmp:company-screener,2026-07-18T01:44:23.956560+00:00,78.65,2026-07-17,15866413470.0,195144336.8225,True,8,2025,ttm,2026-04-22,discrete,ok,7679000000.0,0.018441922577974612,0.07454092639234282,0.3540825628337023,0.16786039848938664,1289000000.0,0.0,0.16795059838708515,1289692645.014427,975192528.4210328,884567392.083052,4.360543479028747,0.00811682595383252,0.24385664119986983,0.3647712535529071,-0.24970968064271476,2914000000.0,3302000000.0,True,12.762376237623762,2.0236111111111112,0.0,-0.009019989769851189,0.41532452453511487,False,260000000.0,643000000.0,-0.043758825476734486,1.3077858880778588,202857143.0,unchecked,,0.0,general_dcf,0.023649300511525473,0.020565552624746304,True,0.0455,0.09860046238051337,0.04574667320740788,0.26617079117239373,86,1.0
J,Jacobs Solutions Inc.,NYSE,common_stock,False,1980-03-17,Industrials,Engineering & Construction,US,118080878.99810247,0.672,15557155808.0,2026-07-17,fmp:company-screener,2026-07-18T01:44:23.956560+00:00,131.75,2026-07-17,15557155808.0,156500518.1271875,True,8,2025,ttm,2026-05-05,discrete,ok,13171974000.0,-0.030890069801322917,0.13973498530720468,0.23404730376783311,0.046887960756679295,617607000.0,0.0,0.052005834956734234,685019505.8983945,560455009.341182,568966021.3731631,4.78098601224445,0.012381959830663078,0.1818408023197058,0.07799016421150091,,3186174000.0,4558086000.0,True,4.181015049046487,4.013784189627718,0.006451037354247796,-0.36149445253346946,-0.5234713509559207,False,158345000.0,673572000.0,-0.027638266062380956,1.4640983392337075,119006000.0,unchecked,,0.0,general_dcf,-0.20923616151771962,0.06858183185143839,True,0.0455,0.072392370789651,0.0494986314596578,0.00559779342184992,73,1.0
DVA,DaVita Inc.,NYSE,common_stock,False,1995-10-31,Healthcare,Medical - Care Facilities,US,64185000.0,0.882,15209919450.0,2026-07-17,fmp:company-screener,2026-07-18T01:44:23.956560+00:00,236.97,2026-07-17,15209919450.0,177225367.16625,True,8,2025,annual,2026-02-11,annual,annual_anchor,13643069000.0,0.025929444209832786,0.026087355491171724,0.27004517825131574,0.14737263294644334,2010615000.0,0.0,0.14550525066336295,1985138174.6625564,1565650230.9045572,1413408914.134006,16.043233985630035,0.013879972339570818,0.2113142294638033,0.11645443881875096,0.1227338483621266,14267939000.0,15049989000.0,True,3.6578317329908274,5.234091218406119,0.009256477701629148,0.1974336708355395,-2.239626543011596,False,0.0,1792999000.0,-0.027658629253879186,2.526101260975117,88100000.0,unchecked,,0.0,general_dcf,0.04175524584934709,0.025174825234167753,True,0.0455,0.07857489645983207,0.0674326333808448,0.0378795423589189,156,0.7
DECK,Deckers Outdoor Corporation,NYSE,common_stock,False,1993-10-15,Consumer Cyclical,Apparel - Footwear & Accessories,US,138881000.0,1.167,14789437690.0,2026-07-17,fmp:company-screener,2026-07-18T01:44:23.956560+00:00,106.49,2026-07-17,14789437690.0,226347763.1540625,True,8,2026,ttm,2026-05-22,discrete,ok,5467095000.0,0.15243133665375241,0.056956383300160646,0.5731259471437756,0.23004941381117394,1257702000.0,0.0,0.18901089246657682,1033340505.1495597,802364010.775747,931699995.5921329,6.584359200521074,0.02780289268721685,0.22352408835496348,1.0092935769104932,10.520224177237193,-1532055000.0,375194000.0,True,335.8349799732977,-1.1484377459644957,0.008219898369165564,1.019300284425206,0.35230995024772604,False,0.0,1074863000.0,-0.04035792293318252,1.1541729040271622,141502000.0,unchecked,,0.0,general_dcf,0.09363052301751185,0.011049723812776507,True,0.0455,0.10244287804722291,0.04697679265452471,0.9068506988632703,56,1.0
SWK,"Stanley Black & Decker, Inc.",NYSE,common_stock,False,1980-03-17,Industrials,Manufacturing - Tools & Accessories,US,155455564.00133082,1.164,14017428206.0,2026-07-17,fmp:company-screener,2026-07-18T01:44:23.956560+00:00,90.17,2026-07-17,14017428206.0,142752139.795,True,8,2025,ttm,2026-04-29,discrete,ok,15232200000.0,0.011336139540656154,0.08535038877677309,0.3003243129685797,0.07787450269823137,1186200000.0,0.0,0.11132867047083822,1695780574.345902,1526202516.9113119,692016522.4767553,4.541118600927595,0.03671531336095393,0.1,0.07053716551040634,,6158300000.0,6501200000.0,True,2.6272425249169435,3.6586858365019013,0.0054724263733939614,-0.7405903511653742,-0.22937545887338695,False,502100000.0,18300000.0,-0.008945795663361622,3.1413728815371136,152389000.0,unchecked,,0.0,general_dcf,-0.0057703453926518655,0.0032873109530953534,True,0.0455,0.09522442852153505,0.07694999999999999,-0.02468726301112871,79,1.0
HRL,Hormel Foods Corporation,NYSE,common_stock,False,1980-03-17,Consumer Defensive,Packaged Foods,US,550314968.9308919,0.328,13975248384.0,2026-07-17,fmp:company-screener,2026-07-18T01:44:23.956560+00:00,25.39,2026-07-17,13972497061.155344,113698988.7775,True,8,2025,ttm,2026-05-28,discrete,ok,12218454000.0,0.0345289804796276,0.07075575077564036,0.15715834425533706,0.05751382294355734,702730000.0,0.0,0.1019744015582596,1245969534.6171231,990465569.5808431,824234851.9423257,1.4964050252216294,0.020495413490721637,0.20506437592376153,0.056166924608703754,-0.8173585816308039,1996482000.0,2856339000.0,True,8.939447907390917,2.052479806562443,0.0019489468699114664,-2.3085899904153933,-0.7972208505916965,False,639404000.0,0.0,0.0007539661826108102,1.5735132999932921,550810000.0,unchecked,,0.0,general_dcf,0.011144920445119055,0.01385493072786842,True,0.0455,0.06669698837623955,0.04809360525661242,-0.010530063767535798,50,1.0
MKC,"McCormick & Company, Incorporated",NYSE,common_stock,False,1999-04-26,Consumer Defensive,Packaged Foods,US,268851541.0058027,0.626,13899624670.0,2026-07-17,fmp:company-screener,2026-07-18T01:44:23.956560+00:00,51.7,2026-07-17,13899624670.0,197452569.8225,True,8,2025,ttm,2026-06-25,discrete,ok,7385800000.0,0.03704045899573383,0.04054819849655103,0.3862140864902922,0.15342955400904437,1133200000.0,0.0,0.1601489888335239,1182828401.726641,953449802.4812049,811078672.2038525,3.0129222593010865,0.014091335228818327,0.1939238176142873,0.07875956249661487,0.32789539622469666,4602300000.0,4933500000.0,True,5.482341557813256,3.3107690094237823,0.007049689902880854,-0.38577712037171125,0.5570054708523502,False,499400000.0,0.0,-0.0012351791227026565,1.218900430706866,269200000.0,unchecked,,0.0,general_dcf,0.15811282018017425,0.01908396945937656,True,0.0455,0.06945667257810888,0.048767609034335614,0.009302889918505988,22,1.0
TYL,"Tyler Technologies, Inc.",NYSE,common_stock,False,1980-03-17,Technology,Software - Application,US,42167500.0,0.821,13472937925.0,2026-07-17,fmp:company-screener,2026-07-18T01:44:23.956560+00:00,319.51,2026-07-17,13472937925.0,255370087.458125,True,8,2025,ttm,2026-04-29,discrete,ok,2380678000.0,0.13944339404503459,0.12347290006233938,0.45574159966194505,0.15471012879524237,368315000.0,0.0,0.14201850877509714,338100339.4336807,302977519.9351342,383728984.9699357,8.884466323306608,0.017232366222804017,0.10388282826742315,0.10124837334196077,,-298394000.0,47960000.0,True,76.4932502596054,-0.5732371259187539,0.0574482307303339,0.6690521609950117,0.8620085507132623,False,0.0,250063000.0,0.006188189271232547,2.2929260663335724,43191000.0,unchecked,,0.0,general_dcf,0.08940679737105817,0.007812499887005782,True,0.0455,0.08643530478186832,0.0542150888898209,0.014813068560092443,79,1.0
LDOS,"Leidos Holdings, Inc.",NYSE,common_stock,False,2006-10-17,Technology,Information Technology Services,US,125785466.00300525,0.547,13393636420.0,2026-07-17,fmp:company-screener,2026-07-18T01:44:23.956560+00:00,106.48,2026-07-17,13393636420.0,183358918.8940625,True,8,2025,ttm,2026-05-05,discrete,ok,17329000000.0,0.07736031877777316,0.028611102453578684,0.17526227710773848,0.12032915921288015,2085184000.0,0.0,0.08168230208944804,1415472612.908045,1101123816.8793771,1155502525.421656,9.027363479856687,0.02308510417677542,0.22208045084167888,0.14105264323409952,1.803534724862237,6487000000.0,6944000000.0,True,9.976956937799043,2.727711564790613,0.005101428399951986,3.642298079390527,3.3343214066828097,False,213000000.0,659000000.0,-0.024762720249560388,1.2019230769230769,128000000.0,unchecked,,0.0,general_dcf,0.051599587211593745,0.004645760771286587,True,0.0455,0.065,0.047064132724078424,0.07605264323409952,73,1.0
GNRC,Generac Holdings Inc.,NYSE,common_stock,False,2010-02-11,Industrials,Industrial - Machinery,US,58868681.001349404,1.895,12651468234.0,2026-07-17,fmp:company-screener,2026-07-18T01:44:23.956560+00:00,214.91,2026-07-17,12651468234.0,236517245.741875,True,8,2025,ttm,2026-05-05,discrete,ok,4326391000.0,0.11030592847427156,0.18431135977399998,0.38137722642266964,0.07462201174142605,322844000.0,0.0,0.1468885095320479,635497125.6428663,498107241.331317,388890710.8519077,6.565424095197575,0.043557535100733596,0.21619277061649367,0.06778591412929326,-1.435172989305175,1058347001.0,1323877000.0,True,4.681408871423807,2.006299384658548,0.011866299751469835,-1.2907590711304724,-0.3771979225825444,False,293000.0,50463000.0,-0.028904621280608445,2.568676787024408,59233144.0,unchecked,,0.0,general_dcf,0.14967397988197884,0.012195121750388284,True,0.0455,0.13145629557226007,0.04742033737770213,-0.06367038144296681,73,1.0
GDDY,GoDaddy Inc.,NYSE,common_stock,False,2015-03-31,Technology,Software - Infrastructure,US,132409846.99523053,0.888,12492869064.0,2026-07-17,fmp:company-screener,2026-07-18T01:44:23.956560+00:00,94.35,2026-07-17,12492869064.0,192815756.749375,True,8,2025,ttm,2026-05-01,discrete,ok,5023700000.0,0.09280680491839521,0.034225618091680156,0.5979656428528773,0.23850946513525886,1198200000.0,0.0,0.11102806941403387,557771712.315282,501994541.0837538,800166351.2239702,5.958539800162114,0.05719017414537835,0.1,0.3819031766830754,6.204132231404959,2586400000.0,3848100000.0,True,7.888084265964451,1.9770677266473016,0.06557771363596607,2.382373681726996,3.6400594127685957,False,0.0,1115000000.0,-0.05956701407576903,1.3744262994983456,134289000.0,unchecked,,0.0,general_dcf,0.06030593524353978,0.0057251908990352445,True,0.0455,0.08155195500550028,0.05445,0.3003512216775751,77,1.0
RVTY,"Revvity, Inc.",NYSE,common_stock,False,1965-07-06,Healthcare,Medical - Diagnostics & Research,US,111560000.0,1.091,12288334000.0,2026-07-17,fmp:company-screener,2026-07-18T01:44:23.956560+00:00,110.15,2026-07-17,12288334000.0,158226042.6709375,True,8,2025,ttm,2026-05-12,discrete,ok,2902407000.0,0.003966430835526502,0.14428339306621862,0.5143837511417247,0.12413524360987277,360291000.0,0.0,0.14712330139003132,427011699.81753665,384153448.66558564,484430846.3838153,4.330069419570018,0.07706317721533479,0.10036786151354743,0.03351006242660167,,2489859000.0,3350179000.0,True,3.8353718902692173,3.219929778277822,0.01372364543928079,-0.8652800786490364,-0.09422961988628549,False,32207000.0,753717000.0,-0.0399360164596676,2.265550046408187,111876000.0,unchecked,,0.0,general_dcf,-0.006680652390449238,0.010563380028992847,True,0.0455,0.09509463721941118,0.07691854784059168,-0.06158457479280951,66,1.0
AVY,Avery Dennison Corporation,NYSE,common_stock,False,1973-02-21,Consumer Cyclical,Packaging & Containers,US,76490400.0,0.826,12269825064.0,2026-07-17,fmp:company-screener,2026-07-18T01:44:23.956560+00:00,160.41,2026-07-17,12269825064.0,110802902.1446875,True,8,2025,ttm,2026-05-05,discrete,ok,9005700000.0,0.03084742229791626,0.08301444555300411,0.2875512175622106,0.12449892845642205,1121200000.0,0.0,0.12112797327355174,1090842188.9096248,821507282.6708728,634973081.5512562,8.24640365650982,0.005488124036019337,0.2469054726495054,0.14469532757525053,0.0533767593904854,3535000000.0,3790100000.0,True,8.002855160619951,2.424055406980731,0.0031505843825870928,0.3370955182870311,0.88888622279919,False,291300000.0,371300000.0,-0.02154775086462868,1.3318201163285572,77000000.0,unchecked,,0.0,general_dcf,0.04415906858704988,0.00755124055046365,True,0.0455,0.0770679923158776,0.04556221890470492,0.06762733525937292,73,1.0
BF-B,Brown-Forman Corporation,NYSE,common_stock,False,1980-03-17,Consumer Defensive,Beverages - Wineries & Distilleries,US,466342158.01407355,0.344,11929032402.0,2026-07-17,fmp:company-screener,2026-07-18T01:44:23.956560+00:00,25.58,2026-07-17,11929032402.0,85484434.56125,True,8,2026,ttm,2026-06-12,discrete,ok,3928000000.0,0.024138370352259964,0.057597498228138366,0.6053971486761711,0.29022403258655805,1140000000.0,0.0,0.2998562717978978,1177835435.6221426,945347717.652211,741403715.6265756,1.614168460574722,0.027302441935876717,0.19738556927278184,0.15606011445148024,-0.044201954155991735,1843000000.0,2151000000.0,True,11.4,1.4959415584415585,0.007044025157232704,-0.26050228701533884,0.8881205093808648,False,427000000.0,401000000.0,-0.014965924395725527,0.6881472957422324,459310000.0,unchecked,,0.0,general_dcf,-0.036644731919241,0.017729078396494253,True,0.0455,0.06714795730559583,0.0485581730589967,0.08891215714588441,35,1.0
CLX,The Clorox Company,NYSE,common_stock,False,1983-03-21,Consumer Defensive,Household & Personal Products,US,120921000.00000001,0.531,11647110720.0,2026-07-17,fmp:company-screener,2026-07-18T01:44:23.956560+00:00,96.32,2026-07-17,11647110720.0,260591472.09718752,True,8,2025,ttm,2026-04-30,discrete,ok,6760000000.0,0.021432522079732008,0.04784159504257865,0.43846153846153846,0.15680473372781065,1060000000.0,0.0,0.16627615240393642,1124026790.25061,874932447.6268772,793274094.3052762,6.513618812396037,0.035459469260360796,0.221608901837825,0.2552891596695252,,3299000000.0,4486000000.0,True,10.927835051546392,2.5653188180404354,0.010432821091216692,-0.32953557600966793,-2.7440912518069984,False,602000000.0,331000000.0,-0.00573336662121704,2.482142857142857,121787000.0,unchecked,,0.0,general_dcf,-0.051306990336472125,0.008982036053639595,True,0.0455,0.06511032031090584,0.047092661438811585,0.19017883935861934,78,1.0
CRL,"Charles River Laboratories International, Inc.",NYSE,common_stock,False,2000-06-23,Healthcare,Medical - Diagnostics & Research,US,48167730.00222866,1.399,10806430226.0,2026-07-17,fmp:company-screener,2026-07-18T01:44:23.956560+00:00,224.35,2026-07-17,10806430226.0,164393935.7428125,True,8,2025,annual,2026-02-18,annual,annual_anchor,4015382000.0,0.0851571891397469,0.08021627755490296,0.3052195283039073,0.1264733965535533,507839000.0,0.0,0.14711536221006205,590724377.3417634,482640130.6807888,439123203.1593077,8.859720828813407,0.03280426308094481,0.18296899672119415,0.06896517348144895,-0.1283123019166573,2851743000.0,3065513000.0,True,4.74487288491904,3.1298248040116294,0.017447533048918138,-1.0345919645023396,0.013713864358461123,False,0.0,360673000.0,-0.011416162516314277,36.38992976987103,49564000.0,unchecked,,0.0,general_dcf,-0.03877303101496088,0.02857142857142857,True,0.0455,0.10086055039985718,0.04943037569836775,-0.03189537691840823,149,0.85
HII,"Huntington Ingalls Industries, Inc.",NYSE,common_stock,False,2011-03-22,Industrials,Aerospace & Defense,US,39404000.0,0.248,10604798520.0,2026-07-17,fmp:company-screener,2026-07-18T01:44:23.956560+00:00,269.13,2026-07-17,10604798520.0,162565007.26125,True,8,2025,ttm,2026-05-05,discrete,ok,12849000000.0,0.06232886601518706,0.03742353429875987,0.12444548213868784,0.048797571795470465,627000000.0,0.0,0.06102485467315274,784108357.6953396,651065004.418531,594486373.1102335,15.126879722906706,0.021444044550883654,0.16967470372060728,0.06621902324690654,0.04451518236260853,2715000000.0,2931000000.0,True,6.333333333333333,2.8488982161594962,0.002968395320412083,-0.6116552592212668,0.15035452930043847,False,214000000.0,43000000.0,-0.006694761373249314,1.4243759177679882,39300000.0,unchecked,,0.0,general_dcf,0.07476371423620298,0.030840400899651,True,0.0455,0.06611181029794108,0.05023468042490326,0.00010721294896545719,73,1.0
UHS,"Universal Health Services, Inc.",NYSE,common_stock,False,1981-07-09,Healthcare,Medical - Care Facilities,US,62606336.001587726,1.075,9463573750.0,2026-07-17,fmp:company-screener,2026-07-18T01:44:23.956560+00:00,151.16,2026-07-17,9463573750.0,150603823.9203125,True,8,2025,ttm,2026-05-07,discrete,ok,17760291000.0,0.0705902397892153,0.02925262926817608,0.7132353293085119,0.11497840885602606,2042050000.0,0.0,0.10734202554714209,1906425610.2466776,1459500598.214335,766739689.1288915,12.424155149797569,0.014372880023670485,0.23443086875784985,0.12468849972603302,0.22875878037240152,5006789000.0,5125817000.0,True,13.589206095694417,1.87669620079509,0.006142007240454682,0.763638330888397,-0.27749287786929594,False,50707000.0,908415000.0,-0.05801175829131966,1.7662382713727458,61713628.0,unchecked,,0.0,general_dcf,0.06673461169614114,0.011866235173318352,True,0.0455,0.0806525669604862,0.04631693244015009,0.04403593276554682,71,1.0
IT,"Gartner, Inc.",NYSE,common_stock,False,1993-10-05,Technology,Consulting Services,US,66951899.001355305,0.963,9385986721.0,2026-07-17,fmp:company-screener,2026-07-18T01:44:23.956560+00:00,140.19,2026-07-17,9385986721.0,213403312.9640625,True,8,2025,ttm,2026-05-05,discrete,ok,6474167000.0,0.07269833519446389,0.06179865594253881,0.6824678757900438,0.1643040718597466,1063732000.0,0.0,0.17117715207499506,1108229469.1179147,889041347.1501673,1041561688.2029382,14.886896136681743,0.051549306927748374,0.19778225365384677,0.4871764983225668,,1688229000.0,3355175000.0,True,15.590842469367415,1.3412353262700285,0.02399120490250038,-0.13646143545180636,0.2676237249405352,False,0.0,2363112000.0,-0.04790800813604068,1.3096674546101492,69965000.0,unchecked,,0.0,general_dcf,-0.009777915101874424,0.009331259721997212,True,0.0455,0.08176949051622635,0.048534173653942275,0.4054070078063405,73,1.0
AOS,A. O. Smith Corporation,NYSE,common_stock,False,1983-09-30,Industrials,Industrial - Machinery,US,139706795.00424808,1.153,8221744886.0,2026-07-17,fmp:company-screener,2026-07-18T01:44:23.956560+00:00,58.85,2026-07-17,8221744886.0,108405476.3925,True,8,2025,ttm,2026-04-30,discrete,ok,3811900000.0,0.026568913605153677,0.08652962550915337,0.38765445053647785,0.18547181195729165,707000000.0,0.0,0.17426573959201086,664283572.7507862,516676218.44947267,505882545.4052444,3.6350754518330093,0.014411370996533553,0.22220533572744258,0.23595830407238708,0.2108640304651065,452600000.0,656500000.0,True,39.943502824858754,0.5690934238652081,0.0036029450159260614,0.5163844880731487,1.174175404954422,False,196700000.0,331500000.0,-0.03689098878566355,1.1292566825338703,139167000.0,unchecked,,0.0,general_dcf,0.018096286683689122,0.012820512797592918,True,0.0455,0.09900218333706633,0.04705657718848972,0.13695612073532076,78,1.0
BLDR,"Builders FirstSource, Inc.",NYSE,common_stock,False,2005-06-28,Basic Materials,Construction Materials,US,107560000.0,1.418,7987405600.0,2026-07-17,fmp:company-screener,2026-07-18T01:44:23.956560+00:00,74.26,2026-07-17,7987405600.000001,198385536.0578125,True,8,2025,ttm,2026-04-30,discrete,ok,14820231000.0,0.10142713470583886,0.4874494089811426,0.2988813062360499,0.04181925369449369,619771000.0,0.0,0.08040553338465037,1191628578.4387302,925453912.4340761,942963486.9834341,8.58253833606475,0.04084647846487641,0.22337049548895163,0.052331275047744256,-0.7504917448173807,5193577000.0,5291919000.0,True,2.18661929593068,4.276196098579535,0.0035226960184292456,-0.8493289785290807,-0.08395549386081687,False,0.0,1117766000.0,-0.12406755532779667,1.7373554826152382,109870000.0,unchecked,,0.0,general_dcf,-0.030642309816101387,0.02891728315827679,True,0.0455,0.09647531913486493,0.06640182263569464,-0.04414404408712067,78,1.0
MOS,The Mosaic Company,NYSE,common_stock,False,1988-01-26,Basic Materials,Agricultural Inputs,US,317846644.0126525,0.825,7033946232.0,2026-07-17,fmp:company-screener,2026-07-18T01:44:23.956560+00:00,22.13,2026-07-17,7033946232.0,196597872.4878125,True,8,2025,annual,2026-02-27,annual,annual_anchor,12052400000.0,0.033229377034890595,0.28633654438079925,0.15075005807971856,0.08709468653546182,1049700000.0,0.0,0.09196034797187076,1108342897.8961751,827895608.4688139,543780144.420131,1.705174488617532,0.10375908132929813,0.25303296476180637,0.04588602961700932,-0.37217194465372566,5002900000.0,5279500000.0,True,4.821773082223243,2.38278719756144,0.0027599097553318097,-0.1332290169735289,-2.9602331021218133,False,280400000.0,0.0,-0.03601966659514766,2.066443471542622,318900000.0,unchecked,,0.0,general_dcf,0.0510878292511856,0.15735641224776087,True,0.0455,0.06893142452710493,0.04519150563191071,-0.023045394910095614,140,0.85
NVDA,NVIDIA Corporation,NASDAQ,common_stock,False,1999-01-22,Technology,Semiconductors,US,24221000000.0,2.211,4912261010000.0,2026-07-17,fmp:company-screener,2026-07-18T01:44:23.956560+00:00,202.81,2026-07-17,4912261010000.0,33788898707.33406,True,8,2026,ttm,2026-05-20,discrete,ok,253491000000.0,0.5163268176717339,0.4688862654214663,0.741454331711974,0.6402002437956377,162285000000.0,0.0,0.3488807007223773,88438117706.81615,79594305936.13454,68653615309.5999,2.8147109716534744,0.16316840778696795,0.1,1.1436037771305083,1.2181591200485862,-67758000000.0,12814000000.0,True,544.5805369127517,-0.40937926701064564,0.03629968505023104,1.4010363329555737,0.9818278050012875,False,973000000.0,47432000000.0,-0.009110809543960374,0.8793770581778265,24391000000.0,unchecked,,0.0,general_dcf,0.6507984058839043,0.021860486935645556,True,0.0455,0.14,0.05445,1.0036037771305084,58,1.0
AAPL,Apple Inc.,NASDAQ,common_stock,False,1980-12-12,Technology,Consumer Electronics,US,14687356000.0,1.097,4901758191440.0,2026-07-17,fmp:company-screener,2026-07-18T01:44:23.956560+00:00,333.74,2026-07-17,4901758191440.0,17099555876.92125,True,8,2025,ttm,2026-05-01,discrete,ok,451442000000.0,0.06625988170490915,0.11308050323836664,0.47862405358827936,0.32643396050876966,147366000000.0,0.0,0.2980189489629316,134538270357.72375,113312275652.63687,104743265569.20895,7.092527757889815,0.028560720071138447,0.15776919569910552,1.0115830694535688,,16204000000.0,84711000000.0,True,,0.10129019352902935,0.02988990755303234,0.9886258323184681,1.5448857137738925,False,15550000000.0,78196000000.0,-0.032873323384973285,1.1396773029537606,14768115000.0,unchecked,,0.0,general_dcf,0.15086920914426272,0.026851251593056954,True,0.0455,0.09986856764984667,0.07201073376772647,0.9117145018037222,77,0.95
GOOGL,Alphabet Inc.,NASDAQ,common_stock,False,2004-08-19,Communication Services,Internet Content & Information,US,12094870293.001125,1.247,4194138171504.0,2026-07-17,fmp:company-screener,2026-07-18T01:44:23.956560+00:00,346.77,2026-07-17,4194138171504.0,12127176846.42875,True,8,2025,ttm,2026-04-30,discrete,ok,422566000000.0,0.16685519908060154,0.10263411038468587,0.6037423739723499,0.32704240284357944,138197000000.0,0.0,0.2694154064384683,113845790637.07779,95560379442.41074,60533761053.56783,4.946376945053753,0.04531360148059372,0.1606156107515475,0.26221298953631045,0.20436649731136108,-36356000000.0,90484000000.0,True,276.94789579158316,-0.2253545571754438,0.065096652172174,0.8209790933357494,3.7924499091327895,False,10157000000.0,30641000000.0,-0.02389653605051978,1.2515132144069998,12238000000.0,unchecked,,0.0,general_dcf,0.21667372364008952,0.0322215140554762,True,0.0455,0.10664483596448747,0.05078275554953137,0.15556815357182296,78,1.0
MSFT,Microsoft Corporation,NASDAQ,common_stock,False,1986-03-13,Technology,Software - Infrastructure,US,7428430000.0,1.13,2925464302600.0,2026-07-17,fmp:company-screener,2026-07-18T01:44:23.956560+00:00,393.82,2026-07-17,2925464302600.0,16714477040.05,True,8,2025,ttm,2026-04-29,discrete,ok,318273000000.0,0.14325890661039442,0.03413675982435168,0.6830928165442874,0.4680164512855316,148957000000.0,0.0,0.416838797545377,132668534611.15977,110023807317.27179,83618692046.46265,11.231523444790147,0.04661368510491998,0.17068649593709445,0.26765942539591014,0.18198460153252746,47160000000.0,125432000000.0,True,52.69083834453484,0.2448776131182952,0.04379043904667879,1.0007646018195855,2.913062042414896,False,25856000000.0,22238000000.0,-0.004217586191098577,1.3371238903291696,7445000000.0,unchecked,,0.0,general_dcf,0.17979810574178545,0.004160845533951018,True,0.0455,0.09986924724965508,0.050173466995805785,0.16779017814625508,79,1.0
AMZN,"Amazon.com, Inc.",NASDAQ,common_stock,False,1997-05-15,Consumer Cyclical,Specialty Retail,US,10757100000.0,1.461,2659477833000.0,2026-07-17,fmp:company-screener,2026-07-18T01:44:23.956560+00:00,247.23,2026-07-17,2659477833000.0,13175318627.734688,True,8,2025,ttm,2026-04-30,discrete,ok,742776000000.0,0.17425150285834046,0.09236247999176773,0.5060408521546199,0.11500371579049404,85422000000.0,0.0,0.05632443944936712,41836441836.44311,36178907739.050705,11620647040.054949,1.0686635129717628,0.027738066094773,0.1352298104009458,0.14521036249502256,0.1686968132723965,66799000000.0,209888000000.0,True,33.72364784840111,0.42858059424743844,0.03450221722712588,5.867927634112692,1.1446575561496382,True,0.0,0.0,0.02192554537473068,1.9557959762354848,10874000000.0,unchecked,,0.0,general_dcf,0.15338671321277397,0.030070454930558977,True,0.0455,0.11370531388013543,0.05231859647074277,0.031505048614887135,78,0.85
AVGO,Broadcom Inc.,NASDAQ,common_stock,False,2009-08-06,Technology,Semiconductors,US,4757580000.0,1.462,1764229603500.0,2026-07-17,fmp:company-screener,2026-07-18T01:44:23.956560+00:00,370.83,2026-07-17,1764253391400.0,10570859372.933437,True,8,2025,ttm,2026-06-09,discrete,ok,75465000000.0,0.17348704517829217,0.12385364444565129,0.6696349301000464,0.4365599946995296,32945000000.0,0.0,0.2856942347434634,21559915424.915466,19403923882.42392,27900293353.827194,5.721963362146677,0.10792646219180681,0.1,0.2229863879070467,0.1979041101217094,45279000000.0,64907000000.0,True,10.959747172322023,1.0858794186771548,0.11131577926862372,0.8815611534039062,-0.3648831942240425,False,11761000000.0,8508000000.0,0.048514505916566586,1.284263598920608,4876000000.0,unchecked,,0.0,general_dcf,0.6625257362216996,0.025459688829071476,True,0.0455,0.11632366378061952,0.05445,0.10666272412642717,38,1.0
META,"Meta Platforms, Inc.",NASDAQ,common_stock,False,2012-05-18,Communication Services,Internet Content & Information,US,2538423221.9996595,1.246,1639846785644.0,2026-07-17,fmp:company-screener,2026-07-18T01:44:23.956560+00:00,646.01,2026-07-17,1639846785644.0,11149980042.564062,True,8,2025,ttm,2026-04-30,discrete,ok,214963000000.0,0.20075970336662885,0.10771781663909191,0.8194061303573174,0.41213139005317195,88593000000.0,0.0,0.3882502134788519,83459430640.05444,69145876516.17961,45330856486.82805,17.67974121951172,0.058567007505429494,0.17150313648324084,0.2944559017512747,0.23494255125411584,5589000000.0,86769000000.0,True,50.9741081703107,0.05113074980788231,0.10164405919409253,0.42836557301352485,1.182177697433574,False,5341000000.0,22189000000.0,-0.01732277205233923,1.8188398383549031,2564000000.0,unchecked,,0.0,general_dcf,0.2674921139763522,0.03429225366251448,True,0.0455,0.10490156500455658,0.050124060242763925,0.1895543367467181,78,1.0
TSLA,"Tesla, Inc.",NASDAQ,common_stock,False,2010-06-29,Consumer Cyclical,Auto - Manufacturers,US,3755720000.0000005,1.802,1430328404800.0,2026-07-17,fmp:company-screener,2026-07-18T01:44:23.956560+00:00,380.84,2026-07-17,1430328404800.0,19586618289.299374,True,8,2025,ttm,2026-04-23,discrete,ok,97879000000.0,0.23646656210970574,0.2476122366918237,0.1906537663850264,0.05003116092318066,4897000000.0,0.0,0.06783126614962924,6639256499.45956,5595106026.775957,2525465374.9666557,0.7138115813924973,0.05731395919486214,0.15726918710982143,0.08491640848523589,-0.0727933544103712,-35514000000.0,9229000000.0,True,14.44542772861357,-3.1742938863067574,0.02046268809499437,-0.3102094430367179,0.32603367171397407,False,0.0,0.0,0.006007009057191759,2.0929873772791026,3538000000.0,unchecked,,0.0,general_dcf,0.09463775586945289,0.1557537737697028,True,0.0455,0.13505753475635618,0.050985214179855805,-0.05014112627112029,85,1.0
MU,"Micron Technology, Inc.",NASDAQ,common_stock,False,1984-06-01,Technology,Semiconductors,US,1129390000.0,2.142,958795640500.0,2026-07-17,fmp:company-screener,2026-07-18T01:44:23.956560+00:00,848.95,2026-07-17,958795640500.0,46537352515.189064,True,8,2025,ttm,2026-06-25,discrete,ok,90274000000.0,0.030003556214882376,0.3685346505887688,0.7256906750559408,0.6576201342579259,59366000000.0,0.0,0.24542062073250998,22155101116.006607,19939591004.40595,4196630113.041816,3.665179138027787,0.24088660109164023,0.1,0.6589876415303781,0.19500453035336757,-19646000000.0,6376000000.0,True,258.11304347826086,-0.2873188352808693,0.03317271315359802,3.171406326489392,0.8453742668456771,True,567000000.0,867000000.0,0.006786870429842606,6.493397675447087,1145000000.0,unchecked,,0.0,general_dcf,2.480538989324839,0.16792989104014422,True,0.0455,0.14,0.05445,0.5189876415303781,22,0.85
WMT,Walmart Inc.,NASDAQ,common_stock,False,1972-08-25,Consumer Defensive,Discount Stores,US,7958080000.0,0.603,909131059200.0,2026-07-17,fmp:company-screener,2026-07-18T01:44:23.956560+00:00,114.24,2026-07-17,909131059200.0,2665493093.0615625,True,8,2026,ttm,2026-05-29,discrete,ok,725305000000.0,0.04777754991382177,0.018215064198732797,0.24976389243145986,0.041614217467134514,30183000000.0,0.0,0.0417489397208882,30280714724.258816,22563744595.110744,16048795893.864468,2.0063502805181233,0.0033121717311602504,0.2548476876923176,0.14254615440729357,0.09590727000201303,63450000000.0,74179000000.0,True,10.549807759524642,1.4150943396226414,0.0,-0.013472225375368851,0.2645649690932908,False,7599000000.0,5613000000.0,-0.008319034749429188,1.8985520486000091,7999000000.0,unchecked,,0.0,general_dcf,0.047454993526055755,0.005657807914121123,True,0.0455,0.07334398797498605,0.04508171489461479,0.06920216643230752,49,1.0
AMD,"Advanced Micro Devices, Inc.",NASDAQ,common_stock,False,1972-09-07,Technology,Semiconductors,US,1630600000.0,2.469,808386256000.0,2026-07-17,fmp:company-screener,2026-07-18T01:44:23.956560+00:00,495.76,2026-07-17,808386256000.0,17302234137.459064,True,8,2025,ttm,2026-05-06,discrete,ok,37454000000.0,0.270710183654467,0.2387431219976747,0.5028034388850323,0.11651625994553319,4364000000.0,0.0,0.08371580449937913,3135491741.7197456,2821942567.547771,1689657098.0959225,1.0240346049066196,0.05816099497944536,0.1,0.070153252598864,0.0007905440241364166,-8476000000.0,3871000000.0,True,29.486486486486488,-1.148042801029392,0.05456660849331006,0.8335044566743839,2.4319496683477437,False,0.0,834000000.0,0.01648877328715903,1.8531383302864106,1650000000.0,unchecked,,0.0,general_dcf,0.4662895609914832,0.0996121657438327,True,0.0455,0.14,0.05445,-0.06984674740113601,72,1.0
CSCO,"Cisco Systems, Inc.",NASDAQ,common_stock,False,1990-02-16,Technology,Communication Equipment,US,3941434664.999107,1.007,441204196400.0,2026-07-17,fmp:company-screener,2026-07-18T01:44:23.956560+00:00,111.94,2026-07-17,441204196400.0,2928682980.63375,True,8,2025,ttm,2026-05-19,discrete,ok,60746000000.0,0.019972575142745974,0.05404222925028935,0.6432851545780792,0.23361208968491753,14191000000.0,0.0,0.2606543314348322,15833708017.340317,12814497099.372663,14743713980.513979,3.697946822300973,0.02296812672663295,0.19068249298655499,0.18079819819324663,-0.02843197082884546,14663000000.0,31303000000.0,True,9.686689419795222,0.8770261379269095,0.0571343605375165,-1.4935647295268788,-1.8333748689479863,False,6433000000.0,6932000000.0,-0.016574072843876686,1.394204322200393,3987000000.0,unchecked,,0.0,general_dcf,0.11102583141394429,0.002700556003813394,True,0.0455,0.09274384294482997,0.048963709174313426,0.08805435524841666,59,1.0
AMAT,"Applied Materials, Inc.",NASDAQ,common_stock,False,1980-03-17,Technology,Semiconductors,US,793959000.0,1.567,420528323940.0,2026-07-17,fmp:company-screener,2026-07-18T01:44:23.956560+00:00,529.66,2026-07-17,420528323940.0,5367386707.363438,True,8,2025,annual,2025-12-12,annual,annual_anchor,28368000000.0,0.07858556936479122,0.13515386680387095,0.4867456288776086,0.2921954314720812,8289000000.0,0.0,0.28906419392654936,8200173053.308352,7082344346.59444,5058007499.128008,6.25991027119803,0.02370129925869265,0.13631769713237024,0.3789467821548689,0.19038816312622922,-1523000000.0,7050000000.0,True,30.814126394052046,-0.17457588262265017,0.02123196938475125,0.17882989710355818,3.919246635943284,False,1384000000.0,4895000000.0,-0.026945297525425738,1.209000975337885,808000000.0,unchecked,,0.0,general_dcf,0.18177731927199203,0.025763930502433988,True,0.0455,0.12266949019043301,0.052252779323491594,0.2562772919644359,217,0.7
COST,Costco Wholesale Corporation,NASDAQ,common_stock,False,1986-07-09,Consumer Defensive,Discount Stores,US,443479000.0,0.872,417256086730.0,2026-07-17,fmp:company-screener,2026-07-18T01:44:23.956560+00:00,940.87,2026-07-17,417256086730.0,2382154892.5671873,True,8,2025,ttm,2026-05-28,discrete,ok,293587000000.0,0.09962564637566751,0.04375728568197723,0.12875910718117628,0.03823398174987312,11225000000.0,0.0,0.03386284317762697,9941690539.98997,7509717987.511662,6877425834.8311405,15.474711056479402,0.0021471898840228856,0.24462364249780405,0.38993330020520345,0.4250510050253514,-11764000000.0,8232000000.0,True,76.88356164383562,-0.8530819434372734,0.0031945189648768003,0.437113857224615,0.5970654103286482,False,2307000000.0,883000000.0,-0.0002451377367429508,1.6464995678478824,444430000.0,unchecked,,0.0,general_dcf,0.0982245708423517,0.0180744867827482,True,0.0455,0.08826033705394495,0.04570026962888285,0.30167296315125847,50,1.0
LRCX,Lam Research Corporation,NASDAQ,common_stock,False,1984-05-04,Technology,Semiconductors,US,1250570000.0,1.805,391803581000.0,2026-07-17,fmp:company-screener,2026-07-18T01:44:23.956560+00:00,313.3,2026-07-17,391803581000.0,3802275061.44125,True,8,2025,ttm,2026-04-23,discrete,ok,21681845000.0,0.0754865864010088,0.19808566050667137,0.4997857424033794,0.3425647125509845,7427435000.0,0.0,0.29351875552048795,6364028161.788114,5631236146.84929,4969054795.289317,3.9520846203561666,0.020880675930996444,0.11514594158127187,0.6868702791765688,0.42787582267146246,-1016457000.0,3734479000.0,True,44.4620804424996,-0.12952184475452566,0.018625440323556754,2.0801096912118813,0.6771998361603195,False,1240524000.0,4897060000.0,-0.0366326643006597,1.1521116072753306,1257325000.0,unchecked,,0.0,general_dcf,0.2694823821486516,0.012505390273916303,True,0.0455,0.13497375319369617,0.05353367053433305,0.5518965259828726,85,1.0
NFLX,"Netflix, Inc.",NASDAQ,common_stock,False,2002-05-23,Communication Services,Entertainment,US,4210800000.0,1.5174478,290334660000.0,2026-07-17,fmp:company-screener,2026-07-18T01:44:23.956560+00:00,68.95,2026-07-17,290334660000.0,3404088257.586875,True,8,2025,ttm,2026-07-17,discrete,ok,48370764000.0,0.16201185019113717,0.07406713992457335,0.4911787210969006,0.2967601876207703,14354517000.0,0.0,0.19482409221340108,9423790185.96866,8225375971.41088,2262808869.5402956,0.5310137445240409,0.06015877410935756,0.12716902550972872,0.35333838294527087,1.526529513517013,5210045000.0,14309306000.0,True,16.9384625187769,0.16269635813125016,0.00815458704457133,1.6712500017000897,0.9073936780629093,False,0.0,9921435000.0,-0.018940231111423622,0.9242407091901879,4261300000.0,unchecked,,0.0,general_dcf,0.13796201550970766,0.009918319725978576,True,0.0455,0.11815179926065925,0.05280627395666141,0.23518658368461162,0,1.0
KLAC,KLA Corporation,NASDAQ,common_stock,False,1980-10-08,Technology,Semiconductors,US,1306280000.0,1.407,277911070000.0,2026-07-17,fmp:company-screener,2026-07-18T01:44:23.956560+00:00,212.75,2026-07-17,277911070000.0,10341051751.991875,True,8,2025,ttm,2026-04-29,discrete,ok,13096661000.0,0.17056544479350988,0.11879807373653314,0.6144637171260675,0.41679264661427823,5458592000.0,0.0,0.37555765765641247,4918551328.280088,4362794955.109581,3656260895.7611065,2.7751505850179177,0.03767582087031592,0.11299188238111631,0.6899220117264848,1.206275773051553,1187422000.0,6145360000.0,True,19.20072038861589,0.20297062535810645,0.021676482461152884,1.503040184959276,0.3405118982200807,False,1006463000.0,2144469000.0,-0.04560801163090278,1.0834085904400497,1317500000.0,unchecked,,0.0,general_dcf,0.12154734482432095,0.00591278643796439,True,0.0455,0.11450464967099766,0.05366399111594246,0.5754173620554872,79,1.0
TXN,Texas Instruments Incorporated,NASDAQ,common_stock,False,1972-06-01,Technology,Semiconductors,US,910093000.0,1.31,258484613860.0,2026-07-17,fmp:company-screener,2026-07-18T01:44:23.956560+00:00,284.02,2026-07-17,258484613859.99997,2655657576.0146875,True,8,2025,ttm,2026-04-24,discrete,ok,18438000000.0,0.016353768938195623,0.13536924885530574,0.5732183534005858,0.35291246339082327,6507000000.0,0.0,0.41301948168070923,7615253203.228917,6669837714.441843,5640898445.055248,6.171661318441191,0.05477589248116287,0.12414761053331899,0.22154213793040595,-0.17168647586355487,8947000000.0,14050000000.0,True,11.703237410071942,1.0350532161036556,0.023696414432756475,-1.0298058205876635,-0.1470066002044995,False,5052000000.0,982000000.0,-0.004338449350777318,1.3165242758908107,914000000.0,unchecked,,0.0,general_dcf,0.19091874178236012,0.08044315991280279,True,0.0455,0.10800935759645461,0.0529890695627342,0.11353278033395134,84,1.0
TMUS,"T-Mobile US, Inc.",NASDAQ,common_stock,False,2007-04-19,Communication Services,Telecommunications Services,US,1082204716.998389,0.319,208248653692.0,2026-07-17,fmp:company-screener,2026-07-18T01:44:23.956560+00:00,192.43,2026-07-17,208248653692.0,1047008815.8149999,True,8,2025,ttm,2026-04-28,discrete,ok,90530000000.0,0.10713963255832692,0.17368173198817086,0.5434331160941125,0.20364520048602675,18436000000.0,0.0,0.12487129857199122,11304598659.722366,8706945313.498741,-1669387947.5693274,-1.5147982425249307,0.05256762249643324,0.22978731261631727,0.08348408532410032,1.990527861070957,114209000000.0,117729000000.0,True,4.903191489361702,3.507324263734914,0.008490542019908858,1.3040028617105188,1.4797429077670874,False,4238000000.0,12306000000.0,-0.04249120632732084,2.2314536491523387,1102053000.0,unchecked,,0.0,general_dcf,0.07347586397642325,0.012063492054834172,True,0.0455,0.065,0.046597867586712804,0.018484085324100313,80,1.0
AMGN,Amgen Inc.,NASDAQ,common_stock,False,1983-06-17,Healthcare,Drug Manufacturers - General,US,539708000.0,0.403,197689643320.0,2026-07-17,fmp:company-screener,2026-07-18T01:44:23.956560+00:00,366.29,2026-07-17,197689643320.0,936142117.2665625,True,8,2025,ttm,2026-04-30,discrete,ok,37238000000.0,0.06433283393956057,0.06260836913514542,0.7146194747301144,0.3162898114828938,11778000000.0,0.0,0.3267543447010294,12167678287.976933,10700464885.098955,11692461356.886261,21.49349514133504,0.06851109501489834,0.1205828563307557,0.19013813892861603,0.12051756984447885,45285000000.0,57323000000.0,True,4.357380688124306,2.715905001799208,0.015289109613338063,-0.16951900026674133,-1.268167761492118,False,5203000000.0,0.0,0.0018450226334196795,1.2914018933990403,544000000.0,unchecked,,0.0,general_dcf,0.03823298140573472,0.024377318487847816,True,0.0455,0.06661228550460721,0.05320473719198928,0.12352585342400882,78,1.0
PEP,"PepsiCo, Inc.",NASDAQ,common_stock,False,1972-06-01,Consumer Defensive,Beverages - Non-Alcoholic,US,1366000000.0,0.368,187305920000.0,2026-07-17,fmp:company-screener,2026-07-18T01:44:23.956560+00:00,137.12,2026-07-17,187305920000.0,1220693668.9059374,True,8,2025,ttm,2026-07-09,discrete,ok,96904000000.0,0.054781936748586224,0.03876693159835173,0.5395649302402378,0.14958102864690828,14495000000.0,0.0,0.14184361835179532,13745213992.762373,11048864377.842405,7805139645.417899,5.701343787741344,0.008174479883391544,0.19616643410133489,0.18037599135706778,0.1883050065357062,42498000000.0,53214000000.0,True,4.532520325203252,2.2964443964119745,0.003941036862847563,0.7737410295112962,-0.577853897927913,False,7809000000.0,985000000.0,-0.004344732564134812,1.466868932038835,1369000000.0,unchecked,,0.0,general_dcf,0.05921008030469643,0.01559493671008013,True,0.0455,0.06566178353224032,0.048631930736869236,0.11471420782482745,8,1.0
ADI,"Analog Devices, Inc.",NASDAQ,common_stock,False,1980-03-17,Technology,Semiconductors,US,487087039.9989343,1.188,182832991334.0,2026-07-17,fmp:company-screener,2026-07-18T01:44:23.956560+00:00,375.36,2026-07-17,182832991334.0,1968426503.2775,True,8,2025,ttm,2026-05-20,discrete,ok,12740193000.0,0.08501578301136647,0.2678838195106821,0.6449147983864922,0.32495151368586017,4139945000.0,0.0,0.27015266265536875,3441797061.69329,3097617355.523961,3857198576.950653,7.864482946451385,0.030860288592067516,0.1,0.09556764162858658,,5245541000.0,8684849000.0,True,12.115269246414389,0.8593589859528546,0.027867362344766295,1.4669719215278805,1.0768289781426819,False,1997772000.0,3045025000.0,-0.021297307348000838,2.122397944377161,490458000.0,unchecked,,0.0,general_dcf,0.34315506240272864,0.11796982162822667,True,0.0455,0.10261222027521884,0.05445,-0.007044578646632257,58,1.0
QCOM,QUALCOMM Incorporated,NASDAQ,common_stock,False,1991-12-13,Technology,Semiconductors,US,1054000000.0,1.638,181056120000.0,2026-07-17,fmp:company-screener,2026-07-18T01:44:23.956560+00:00,171.78,2026-07-17,181056120000.0,4714594882.972813,True,8,2025,ttm,2026-04-29,discrete,ok,44487000000.0,0.09994948852052121,0.19090946843600837,0.5480027873311304,0.25524310472722367,11355000000.0,0.0,0.27240711397066963,12118575279.21318,10579708698.181307,9202333247.113539,8.584266088725316,0.09334072065196297,0.1269841169919924,0.30269917712161976,0.19884242462262983,5471000000.0,15270000000.0,True,16.74778761061947,0.4231245166279969,0.06796365689646322,-0.3693664502722253,1.052092683541744,False,3820000000.0,10735000000.0,-0.01943111813623355,1.5623617256637168,1072000000.0,unchecked,,0.0,general_dcf,-0.02468363270741225,0.03425621771718733,True,0.0455,0.12159906341692438,0.05281746092198446,0.18110011370469536,79,1.0
GILD,"Gilead Sciences, Inc.",NASDAQ,common_stock,False,1992-01-22,Healthcare,Drug Manufacturers - General,US,1241569874.0020852,0.343,166718002681.0,2026-07-17,fmp:company-screener,2026-07-18T01:44:23.956560+00:00,134.28,2026-07-17,166718002681.0,959102217.5450001,True,8,2025,ttm,2026-05-07,discrete,ok,29734000000.0,0.04164727434795856,0.04308375701041452,0.793536019371763,0.3825586870249546,11375000000.0,0.0,0.27457344275875006,8164166746.988674,6263710792.258919,8778787673.182442,7.000628128534642,0.1100779741409741,0.23278014935580926,0.2432851750969466,,12357000000.0,22174000000.0,True,11.318407960199005,0.8746460928652322,0.029039437991236,0.7888076228448808,0.12491891678737957,False,4033000000.0,1611000000.0,-0.0021175288352626165,1.4132391879964696,1254000000.0,unchecked,,0.0,general_dcf,0.042376558474531034,0.015768725351619238,True,0.0455,0.06767287736989744,0.04641680096397354,0.17561229772704917,71,1.0
WDC,Western Digital Corporation,NASDAQ,common_stock,False,1978-10-31,Technology,Computer Hardware,US,344682000.0,2.166,164489144040.0,2026-07-17,fmp:company-screener,2026-07-18T01:44:23.956560+00:00,477.22,2026-07-17,164489144040.0,4661734347.93375,True,8,2025,ttm,2026-04-30,discrete,ok,11777000000.0,-0.10470002969905501,0.32669274439133994,0.45427528232996517,0.3078033455039484,3625000000.0,0.0,0.04605611369385074,542402850.9724802,433316654.36766297,312070652.9883593,0.8299751409264874,0.1083441464010856,0.20111656199674338,0.35459195087079776,,-1513000000.0,1724000000.0,True,16.11111111111111,-0.37948332079257585,0.04669938261833149,1.848414702768676,1.9155663906745566,False,164000000.0,2069000000.0,0.05966092682862967,0.908651262761956,376000000.0,unchecked,,0.0,general_dcf,0.36994161649236457,0.011645962743839704,True,0.0455,0.14,0.04833244799919702,0.21459195087079774,78,1.0
APP,AppLovin Corporation,NASDAQ,common_stock,False,2021-04-15,Technology,Software - Application,US,335939509.00032973,2.483,142619759151.0,2026-07-17,fmp:company-screener,2026-07-18T01:44:23.956560+00:00,424.54,2026-07-17,142619759151.0,2595174234.5846877,True,8,2025,ttm,2026-05-06,discrete,ok,6164192000.0,0.4146597473550675,0.4708435914041734,0.8836681271446444,0.7708820555881453,4751865000.0,0.0,0.30745539335669747,1895214076.0862076,1705692668.477587,1415941540.9844582,4.180160367091268,0.28261807476897743,0.1,1.3712427464879504,,755351000.0,3514022000.0,True,23.14742287626591,0.15414002187855697,0.11456586699122659,1.159822798415075,3.0350549870533428,False,0.0,2172756000.0,-0.030373028611091257,1.3286645693414947,338729000.0,unchecked,,0.0,general_dcf,0.4496028011213036,0.02669902914482743,True,0.0455,0.14,0.05445,1.2312427464879505,72,1.0
BKNG,Booking Holdings Inc.,NASDAQ,common_stock,False,1999-03-31,Consumer Cyclical,Travel Services,US,774878435.997358,1.075,140779914252.0,2026-07-17,fmp:company-screener,2026-07-18T01:44:23.956560+00:00,181.68,2026-07-17,140779914252.0,1346601079.4653125,True,8,2025,ttm,2026-04-28,discrete,ok,27687000000.0,0.09210498198705142,0.35718039902782467,1.0,0.3427962581717051,9491000000.0,0.0,0.30839491031182165,8538529881.803406,6771931314.877105,8445713800.090613,10.63691914369095,0.14068691872699712,0.206897275219605,-1.296699045803743,,2919000000.0,18943000000.0,True,7.773136773136773,0.28600823045267487,0.024806927217411654,0.5603306784400723,-0.28073297292257443,False,1272000000.0,8040000000.0,-0.07440976939684663,1.7122872464443926,794000000.0,unchecked,,0.0,general_dcf,0.09855153579195841,0.027210884350959138,True,0.0455,0.09316974415719015,0.047982714849213896,-1.3898687899609332,80,1.0
VRTX,Vertex Pharmaceuticals Incorporated,NASDAQ,common_stock,False,1991-07-24,Healthcare,Biotechnology,US,253805416.99989706,0.292,123260600766.0,2026-07-17,fmp:company-screener,2026-07-18T01:44:23.956560+00:00,485.65,2026-07-17,123260600766.0,752160971.53875,True,8,2025,ttm,2026-05-05,discrete,ok,12255100000.0,0.2173528009112493,0.13910831424531936,0.8628244567567788,0.3896989824644434,4775800000.0,0.0,0.37779085295187886,4629864682.010571,3923893592.2986026,3343254068.2428284,13.044299915110528,0.15341957289832112,0.15248201366554676,0.28702754980861045,0.13529162365860806,-5260200000.0,1986500000.0,True,463.66990291262135,-1.0534938214736336,0.05889028492684311,0.09307502637870187,-0.2519159033580512,False,0.0,1930699999.0,-0.0036152671940365977,0.9479301363917834,256300000.0,unchecked,,0.0,general_dcf,0.08970864374414678,0.012251148527821526,True,0.0455,0.07019507650288671,0.05127483817323442,0.21683247330572375,73,1.0
ISRG,"Intuitive Surgical, Inc.",NASDAQ,common_stock,False,2000-06-16,Healthcare,Medical - Devices,US,354163000.0,1.4603237,122334983460.0,2026-07-17,fmp:company-screener,2026-07-18T01:44:23.956560+00:00,345.42,2026-07-17,122334983460.0,1139909591.70125,True,8,2025,annual,2026-02-03,annual,annual_anchor,10064700000.0,0.1526066469941605,0.09749375282512826,0.6599600584220096,0.29265651236499846,2945500000.0,0.0,0.2869455859558496,2888021238.9698396,2545926385.272952,1714799597.3292954,4.7278731660581625,0.030321482846699697,0.11845302558055734,0.21297719085232558,0.22610213095241274,-5632100000.0,302800000.0,True,,-1.5547120852426435,0.08103351252978293,0.23182693138786484,-0.20408353770688945,False,0.0,2295300000.0,0.0006441521980056208,1.0397830018083183,362700000.0,unchecked,,0.0,general_dcf,0.18023222996865318,0.08020477819434077,True,0.0455,0.11840966009217886,0.07537226631286234,0.09456753076014672,164,0.6499999999999999
SBUX,Starbucks Corporation,NASDAQ,common_stock,False,1992-06-26,Consumer Cyclical,Restaurants,US,1139700000.0,0.969,120226953000.0,2026-07-17,fmp:company-screener,2026-07-18T01:44:23.956560+00:00,105.49,2026-07-17,120226953000.0,790108183.7815624,True,8,2025,ttm,2026-04-28,discrete,ok,38464900000.0,0.060062777447075,0.10019096981228007,0.20357000798130243,0.09283008665042675,3570700000.0,0.0,0.1516728793480779,5834082136.835882,4543378668.03534,3402983153.0193686,2.976717243718832,0.03381494328824059,0.22123505266598043,0.19546857847923407,-0.297353315146048,22691100000.0,24391400000.0,True,6.051008303677343,2.8402573506402473,0.008522177564254952,-3.9684716722530897,-1.059619480846809,True,2797900000.0,0.0,-0.0044217674909690086,1.6207822595655295,1143200000.0,unchecked,,0.0,general_dcf,0.024241061813789155,0.04964724326764648,True,0.0455,0.0860508337984072,0.04711527931370818,0.10941774468082688,80,0.85
FTNT,"Fortinet, Inc.",NASDAQ,common_stock,False,2009-11-18,Technology,Software - Infrastructure,US,732648391.003032,1.09,118403306470.0,2026-07-17,fmp:company-screener,2026-07-18T01:44:23.956560+00:00,161.61,2026-07-17,118403306470.0,798683775.0759375,True,8,2025,ttm,2026-05-08,discrete,ok,7109500000.0,0.20864941060273168,0.0667698949825676,0.8067374639566777,0.310598494971517,2208200000.0,0.0,0.21223779387210398,1508904595.5337234,1350813553.0686312,1984847121.5502534,2.672115134020266,0.057877416315796563,0.10477205976642474,-1.093144402578954,,-2798100000.0,496800000.0,True,113.82474226804123,-1.1152696400813105,0.043302327143288896,1.8510135036906843,0.7213491952490667,False,0.0,3112800000.0,-0.02656998785497633,1.3977554764217115,742800000.0,unchecked,,0.0,general_dcf,0.15585635840919587,0.035897435899406645,True,0.0455,0.09980847224099913,0.0541612903841313,-1.1929528748199532,70,1.0
ADP,"Automatic Data Processing, Inc.",NASDAQ,common_stock,False,1980-03-17,Technology,Software - Application,US,399734282.00105774,0.841,102038171495.0,2026-07-17,fmp:company-screener,2026-07-18T01:44:23.956560+00:00,255.27,2026-07-17,102040170166.41002,657193475.4125,True,8,2025,ttm,2026-04-30,discrete,ok,21600500000.0,0.06389343834085914,0.02549184149191223,0.4747575287609083,0.19199092613596908,4147100000.0,0.0,0.22604047931542276,4882587373.452789,3757032840.0595417,3423180462.5419044,8.509024266820543,0.02293935721744688,0.23052419696839876,0.4302288063895208,1.6727003162548022,1067100000.0,4295500000.0,True,9.17703031644169,0.21501974691706294,0.012680574505535709,-1.2020004475215156,1.7491490353060157,False,2568900000.0,1787200000.0,-0.015108784872464032,1.2107998137117926,402300000.0,unchecked,,0.0,general_dcf,0.06996603068192475,0.0027372262587160466,True,0.0455,0.08589391052077715,0.046553286083411874,0.34433489586874366,78,1.0
MAR,"Marriott International, Inc.",NASDAQ,common_stock,False,1998-03-23,Consumer Cyclical,Travel Lodging,US,263688623.00131062,1.106,96573321288.0,2026-07-17,fmp:company-screener,2026-07-18T01:44:23.956560+00:00,366.24,2026-07-17,96573321288.0,548417160.9059376,True,8,2025,ttm,2026-05-06,discrete,ok,26577000000.0,0.033741498293627714,0.28563121655714824,0.21383150844715357,0.16017609210971892,4257000000.0,0.0,0.13818482151354172,3672538001.3653984,2923790416.3465614,2211552647.639353,8.20917835055439,0.050203094074418336,0.2038774233896185,0.2635376211998751,1.12170246356831,16952000000.0,17406000000.0,True,5.122743682310469,3.4723473986071283,0.009012449400442985,0.6058150266538457,0.7034798168670011,False,722000000.0,3249000000.0,-0.06139649755319576,1.1574736842105262,269400000.0,unchecked,,0.0,general_dcf,0.06524922111292653,0.03605855052876807,True,0.0455,0.09276207206049228,0.04816541588492808,0.17077554913938284,72,1.0
MNST,Monster Beverage Corporation,NASDAQ,common_stock,False,1985-12-09,Consumer Defensive,Beverages - Non-Alcoholic,US,978008110.0,0.527,95355790725.0,2026-07-17,fmp:company-screener,2026-07-18T01:44:23.956560+00:00,97.5,2026-07-17,95355790725.0,526081798.64875,True,8,2025,ttm,2026-05-08,discrete,ok,8793076000.0,0.11766377971547848,0.04434610254434771,0.554707021752115,0.29336332359688466,2579566000.0,0.0,0.30803030191925174,2708533855.0789266,2079286813.8991566,1898708894.0460923,1.9212684279268089,0.03716005013180924,0.23232016834489,0.3448739651544251,0.23892665820974032,-2984993000.0,0.0,True,806.114375,-1.106553369175614,0.012143138082634732,-0.31119495069075415,-0.1319554759545608,False,0.0,220983000.0,-0.025060425936664577,1.1011555384815621,988258000.0,unchecked,,0.0,general_dcf,0.16690632440197573,0.05666316890534606,True,0.0455,0.07185,0.046444629815134156,0.27302396515442506,70,1.0
ADBE,Adobe Inc.,NASDAQ,common_stock,False,1986-08-13,Technology,Software - Application,US,397500000.0,1.433,94306875000.0,2026-07-17,fmp:company-screener,2026-07-18T01:44:23.956560+00:00,237.25,2026-07-17,94306875000.0,1469340003.8159375,True,8,2025,ttm,2026-06-15,discrete,ok,25198000000.0,0.14827553206887933,0.054384928908278986,0.8911818398285578,0.36074291610445275,9090000000.0,0.0,0.33594547644152983,8465154115.373669,7032737389.533409,8454939010.762488,21.032186593936537,0.024840373506339972,0.1692133074386478,0.5828394717436669,,1439000000.0,7065000000.0,True,67.33333333333333,0.14610620367550006,0.08746803069053709,0.7623150701511671,-0.14041322967118905,False,0.0,11892000000.0,-0.05143219139045718,1.4068723702664796,402000000.0,unchecked,,0.0,general_dcf,0.11865395121114397,0.022247360476849786,True,0.0455,0.11248835674804507,0.05026259489996181,0.4703511149956218,32,1.0
CSX,CSX Corporation,NASDAQ,common_stock,False,1980-11-03,Industrials,Railroads,US,1858140000.0,1.211,94300605000.0,2026-07-17,fmp:company-screener,2026-07-18T01:44:23.956560+00:00,50.75,2026-07-17,94300605000.0,599113012.985625,True,8,2025,ttm,2026-04-22,discrete,ok,14151000000.0,0.02021319242870323,0.10581732614064787,0.3753798318140061,0.33446399547735145,4733000000.0,0.0,0.3882619842609072,5494295339.276097,4203686522.1317806,3298074975.5440044,1.7712540147926985,0.02796185612539318,0.23489978922654003,0.11386407878473057,-0.12815277880637105,18228000000.0,19337000000.0,True,5.581367924528302,2.8467905669217553,0.0,-2.104939388312571,-1.652794163162998,False,987000000.0,867000000.0,-0.04547420374920552,1.5121037463976945,1862000000.0,unchecked,,0.0,general_dcf,0.06271806983006445,0.053583389163859636,True,0.0455,0.09588077026246239,0.04628856275179433,0.017983308522268177,86,1.0
CDNS,"Cadence Design Systems, Inc.",NASDAQ,common_stock,False,1987-06-10,Technology,Software - Application,US,275816000.0,1.148,91049619760.0,2026-07-17,fmp:company-screener,2026-07-18T01:44:23.956560+00:00,330.11,2026-07-17,91049619760.0,922258713.663125,True,8,2025,ttm,2026-05-01,discrete,ok,5528613000.0,0.13837522331577512,0.02870874921909758,0.8885215876025325,0.31105975404681063,1719729000.0,0.0,0.27587571713297987,1525210076.1257153,1310041148.329947,1213157007.314973,4.43202852247684,0.044373820522363695,0.14107494512646584,0.18238935683361482,0.26272291701168327,1537246000.0,3083354000.0,True,14.447133640243289,0.7744199203135067,0.08429147749406196,0.7267728821300504,-1.4519446032949765,False,0.0,775027000.0,-0.0015611614866534174,1.2958591702972884,273725000.0,unchecked,,0.0,general_dcf,0.17512421108547982,0.00967741950870474,True,0.0455,0.10123160756421101,0.05196496581984881,0.0811577492694038,77,1.0
ABNB,"Airbnb, Inc.",NASDAQ,common_stock,False,2020-12-10,Consumer Cyclical,Travel Services,US,593513628.9971229,1.143,86641119561.0,2026-07-17,fmp:company-screener,2026-07-18T01:44:23.956560+00:00,145.98,2026-07-17,86641119561.0,557788436.43,True,8,2025,ttm,2026-05-07,discrete,ok,12647000000.0,0.18861479137930015,0.3026148861376214,0.8291294378113386,0.2049497904641417,2592000000.0,0.0,0.1123329728199328,1420675107.2536902,1137174113.5843213,3340090034.9874797,5.493569136492566,0.4032439158857423,0.1995537137392413,-1.094858455930283,2.8939211887888967,-9531000000.0,2534000000.0,True,,-3.61707779886148,0.12673392181588902,0.5966014923302362,-0.5914503911773416,False,0.0,4206000000.0,-0.03661867752640424,1.7061933534743203,608000000.0,unchecked,,0.0,general_dcf,0.14702999307280473,0.022190407991139426,True,0.0455,0.10167783635856747,0.06843815747529486,-1.1965362922888505,71,0.95
CMCSA,Comcast Corporation,NASDAQ,common_stock,False,1980-03-17,Communication Services,Telecommunications Services,US,3572228489.9957967,0.655,84983315777.0,2026-07-17,fmp:company-screener,2026-07-18T01:44:23.956560+00:00,23.79,2026-07-17,84983315777.0,855288958.451875,True,8,2025,ttm,2026-04-23,discrete,ok,125278000000.0,0.039212419385326935,0.06690455242293739,0.7013042992384936,0.1528360925302128,19147000000.0,0.0,0.1873066409912772,23465401370.105225,17878826400.418068,14335640313.82956,3.963406224448316,0.011257406351705423,0.23807711112942734,0.08412354861205212,-0.010702595763399403,85144000000.0,94612000000.0,True,4.299797889063552,2.407101662331788,0.010207942618366071,-3.0902712821471416,1.006722720902849,True,4918000000.0,6417000000.0,-0.06535161292900282,1.7090538537549407,3617000000.0,unchecked,,0.0,general_dcf,-0.01608247718835354,0.017232890197616365,True,0.0455,0.065,0.04609633477666965,0.01912354861205212,85,0.85
CTAS,Cintas Corporation,NASDAQ,common_stock,False,1983-08-19,Industrials,Specialty Business Services,US,400147000.0,0.933,81810054150.0,2026-07-17,fmp:company-screener,2026-07-18T01:44:23.956560+00:00,204.45,2026-07-17,81810054150.0,379610200.7625,True,8,2026,ttm,2026-07-15,discrete,ok,11264761000.0,0.07270340712107148,0.03899883775655103,0.5066945494893322,0.2313863560886911,2606512000.0,0.0,0.20328985325583016,2290011610.6519985,1833217693.7114406,1726414394.6177957,4.270058135569742,0.024041224766595953,0.19947231481961897,0.27611923547728706,0.5952256441099528,2416939000.0,2705957000.0,True,24.52379921908077,0.7748193698831618,0.012190340031354805,1.0191836661724774,0.4936348193406937,False,701485000.0,952104000.0,-0.007472729589171112,1.1951264732124876,404307000.0,unchecked,,0.0,general_dcf,0.09094041451824597,0.0053475936081134505,True,0.0455,0.09075027431975136,0.04843192495341305,0.1853689611575357,2,1.0
INTU,Intuit Inc.,NASDAQ,common_stock,False,1993-03-12,Technology,Software - Application,US,273537000.0,0.996,79623885330.0,2026-07-17,fmp:company-screener,2026-07-18T01:44:23.956560+00:00,291.09,2026-07-17,79623885330.0,1566613165.2037501,True,8,2025,ttm,2026-05-20,discrete,ok,20925000000.0,0.17679911512930202,0.0717112420581363,0.8102747909199522,0.2746953405017921,5748000000.0,0.0,0.25922285642412646,5424238270.674846,4449223482.9875965,4795985230.508203,17.376758081551458,0.02722173438210102,0.1797514672167867,0.2272296769211967,0.14923128059271104,120000000.0,6900000000.0,True,15.922437673130194,0.018226002430133656,0.11912803193122505,0.5461810021375558,1.6879036417444255,False,1316000000.0,4208000000.0,-0.009479243496282042,1.6483293958825516,276000000.0,unchecked,,0.0,general_dcf,0.13946699861767176,0.0018717828276104125,True,0.0455,0.09165756937188331,0.049625036233384406,0.13557210754931337,58,1.0
MDLZ,"Mondelez International, Inc.",NASDAQ,common_stock,False,2001-06-13,Consumer Defensive,Food Confectioners,US,1283649766.0,0.408,78302635726.0,2026-07-17,fmp:company-screener,2026-07-18T01:44:23.956560+00:00,61.0,2026-07-17,78302635726.0,500117457.8865625,True,8,2025,ttm,2026-04-28,discrete,ok,39304000000.0,0.05818855387889599,0.04787726109874894,0.2877060858945654,0.09553734988805211,3755000000.0,0.0,0.1467575459152321,5768158584.652283,4392327790.50311,3950357942.986692,3.057552587451,0.02488375624392211,0.23852166578948364,0.062365886079228945,-0.5531695634595382,20098000000.0,21622000000.0,True,6.155737704918033,3.916212003117693,0.004033917839795834,-2.013059236102733,-2.4383268454805664,False,2508000000.0,863000000.0,-0.022903224484404072,1.0648449360225547,1292000000.0,unchecked,,0.0,general_dcf,0.04170132674859994,0.03736208627726051,True,0.0455,0.0652136401213478,0.04606943921973624,-0.002847754042118851,80,1.0
ROST,"Ross Stores, Inc.",NASDAQ,common_stock,False,1985-08-08,Consumer Cyclical,Apparel - Retail,US,320781076.0001713,0.879,74889550003.0,2026-07-17,fmp:company-screener,2026-07-18T01:44:23.956560+00:00,233.46,2026-07-17,74889550003.0,691986566.6659375,True,8,2025,ttm,2026-06-02,discrete,ok,23776064000.0,0.061478219668546163,0.2014669128565263,0.2832502753609681,0.12217804427175162,2904913000.0,0.0,0.12068597176322433,2869437388.544615,2185764944.375859,1998989878.7651622,6.222904634873852,0.030436410222433256,0.23826010175308832,0.3208454271649035,0.13945448458229762,592170000.0,4723150000.0,True,79.4278019303858,0.1725957565874324,0.007397244545574543,0.09789368765130978,0.8701245401357728,False,538343998.0,1180290000.0,-0.02372314116180152,1.3414047329449672,321231000.0,unchecked,,0.0,general_dcf,0.06580763997903549,0.010222222207058793,True,0.0455,0.08687731808407723,0.04608526384393816,0.23396810908082627,45,1.0
AEP,"American Electric Power Company, Inc.",NASDAQ,common_stock,False,1962-01-02,Utilities,Regulated Electric,US,544105000.0,0.504,71898034700.0,2026-07-17,fmp:company-screener,2026-07-18T01:44:23.956560+00:00,132.14,2026-07-17,71898034700.0,631856471.623125,True,8,2025,ttm,2026-05-05,discrete,ok,22163800000.0,0.04351225641155998,0.0730181891433208,0.40393795287811657,0.23469802109746524,5201800000.0,0.0,0.19810734374412714,4390811545.276085,3951730390.7484765,-2170754595.322369,-3.96808026747272,0.026911118880628124,0.1,0.056381285000301075,0.08173681135634871,51227000000.0,51776000000.0,True,2.494030781032747,5.844895258089544,0.0,1.0986557229601785,0.9378630987193857,False,2027000000.0,0.0,0.021333592798721934,2.2699153118065305,547054104.0,unchecked,,0.0,general_dcf,0.09227013191998479,0.11578947367700874,True,0.0455,0.0733165556964723,0.07694999999999999,-0.016935270696171227,73,1.0
ORLY,"O'Reilly Automotive, Inc.",NASDAQ,common_stock,False,1993-04-23,Consumer Cyclical,Specialty Retail,US,828715079.000581,0.513,71310932548.0,2026-07-17,fmp:company-screener,2026-07-18T01:44:23.956560+00:00,86.05,2026-07-17,71310932548.0,695756156.643125,True,8,2025,ttm,2026-05-08,discrete,ok,18205607000.0,0.09309116056016165,0.035316153389495425,0.51631714339434,0.19558556877559755,3560754000.0,0.0,0.19813277759802017,3607127482.767959,2811909333.6465187,2299943973.1365633,2.7298519827950605,0.009775632056100799,0.22045745622254057,0.37451865338884893,0.19740063058460058,8478592999.0,8731224999.0,True,14.821344877104622,2.0754814848813536,0.0017398535945232336,-0.2257960149535964,-0.544091503067144,False,0.0,2460477000.0,-0.031709650607369966,1.2777481690046424,842516000.0,unchecked,,0.0,general_dcf,0.07262801932746488,0.00840777716303691,True,0.0455,0.06853335642536831,0.04716232389853629,0.30598529696348065,70,1.0
HON,Honeywell International Inc.,NASDAQ,common_stock,False,2001-02-21,Industrials,Conglomerates,US,316826558.99920005,0.93,71292312306.0,2026-07-17,fmp:company-screener,2026-07-18T01:44:23.956560+00:00,225.02,2026-07-17,71292312306.0,1124168994.414375,True,8,2025,ttm,2026-04-23,discrete,ok,36763000000.0,-0.01561271176106549,0.07890035363232244,0.36947474362810434,0.14873650137366373,5468000000.0,0.0,0.1807451473825378,6644733853.224237,5346295955.384188,5280400072.405077,16.542606743123674,0.009014851418660487,0.19540856361161937,0.09635150290557949,0.031369920020666665,24349000000.0,36739000000.0,True,3.867043847241867,3.587593929571239,0.005588040441282369,-3.200864600887407,-1.7241495208856938,False,3025000000.0,2902000000.0,-0.02230619279432655,1.0687116564417178,319200000.0,unchecked,,0.0,general_dcf,0.011948225452453887,0.023664122135349252,True,0.0455,0.08410767847780065,0.06879256781120653,0.01224382442777884,85,1.0
REGN,"Regeneron Pharmaceuticals, Inc.",NASDAQ,common_stock,False,1991-04-02,Healthcare,Biotechnology,US,103021999.99999999,0.236,69713957180.0,2026-07-17,fmp:company-screener,2026-07-18T01:44:23.956560+00:00,676.69,2026-07-17,69713957180.0,635462396.600625,True,8,2025,ttm,2026-04-29,discrete,ok,14919600000.0,0.1146107805044887,0.3346876922932799,0.8454516206868817,0.24324378669669428,3629100000.0,0.0,0.3573214670473511,5331093359.75966,4797984023.783694,3187931978.813692,29.600111223896864,0.09192569052894495,0.1,0.12871126768888835,-0.5041851875039128,-6047500000.0,2706200000.0,True,75.60625,-1.450552877119762,0.06920152091254753,-1.0997984190740768,-0.28887570917630995,False,374300000.0,3191500000.0,-0.01733245212203738,1.1052187617927145,107700000.0,unchecked,,0.0,general_dcf,0.11576870619705071,0.09027336302014029,True,0.0455,0.06990024280958072,0.05445,0.05881102487930763,79,1.0
PCAR,PACCAR Inc,NASDAQ,common_stock,False,1980-03-17,Industrials,Industrial - Machinery,US,526286229.00158477,0.976,66417322100.0,2026-07-17,fmp:company-screener,2026-07-18T01:44:23.956560+00:00,126.2,2026-07-17,66417322100.0,361814517.266875,True,8,2025,ttm,2026-04-29,discrete,ok,27237400000.0,0.027683097680262003,0.19083699838306503,0.1511451166410891,0.09676767973448273,2635700000.0,0.0,0.11531679288096988,3140929614.416129,2455605105.9700317,1754124732.4757931,3.325985461653002,0.046642836757691895,0.2181916160427852,0.07973302626910145,,6087300000.0,14945600000.0,True,123.74178403755869,1.7603018998872213,0.0,-0.8478236715044128,1.687378204032734,False,1429500000.0,36600000.0,0.0025729235493343605,1.1150648726573762,527400000.0,unchecked,,0.0,general_dcf,0.10602073457134686,0.07220216608717749,True,0.0455,0.08566643521174484,0.04729940722941149,-0.005933408942643395,79,1.0
MPWR,"Monolithic Power Systems, Inc.",NASDAQ,common_stock,False,2004-11-19,Technology,Semiconductors,US,49130000.0,1.71,64458560000.0,2026-07-17,fmp:company-screener,2026-07-18T01:44:23.956560+00:00,1312.0,2026-07-17,64458560000.0,1351399597.9859376,True,8,2025,ttm,2026-05-04,discrete,ok,2957090000.0,0.2508627848368101,0.16142794789652803,0.551750538536196,0.2708842138724219,801029000.0,0.0,0.2308215064033451,682559968.3702677,606641251.6249359,369742896.4298964,7.508689663902693,0.0418117682474096,0.1112264420173969,0.30815612094581896,0.23276839249069248,-1367109000.0,0.0,True,,-1.5948560369295812,0.08221036839839391,0.7757605460584133,-0.4318947733108984,False,303188000.0,7318000.0,0.006056684480668428,1.360878805442853,49242000.0,unchecked,,0.0,general_dcf,0.3310339925175063,0.029649595674955044,True,0.0455,0.131,0.05377080025794748,0.17715612094581895,74,1.0
BKR,Baker Hughes Company,NASDAQ,common_stock,False,1987-04-06,Energy,Oil & Gas Equipment & Services,US,992069000.0,0.96,55506260550.0,2026-07-17,fmp:company-screener,2026-07-18T01:44:23.956560+00:00,55.95,2026-07-17,55506260550.0,522740684.9246875,True,8,2025,annual,2026-02-05,annual,annual_anchor,27733000000.0,0.027880293666787903,0.09520298191532796,0.23596437457180977,0.12825875311001333,3557000000.0,0.0,0.07661628186406616,2124799344.9361467,1381119574.2084954,1487935591.5954778,1.4969170941604404,0.03672559420634187,0.35,0.10998239939111407,0.44018987341772153,2188000000.0,7144000000.0,True,16.02252252252252,0.46111696522655427,0.0073197995168211155,1.3807748628893108,1.2363835713740903,False,910000000.0,384000000.0,0.002358499301831074,1.472179289026275,994000000.0,unchecked,,0.0,general_dcf,0.003135465605326848,0.030859662006277967,True,0.0455,0.08732243271452764,0.039325,0.02265996667658643,162,0.7
EA,Electronic Arts Inc.,NASDAQ,common_stock,False,1989-09-20,Technology,Electronic Gaming & Multimedia,US,250751000.0,0.641,52381883900.0,2026-07-17,fmp:company-screener,2026-07-18T01:44:23.956560+00:00,208.9,2026-07-17,52381883900.0,415263008.9190625,True,8,2026,ttm,2026-05-11,discrete,ok,7531000000.0,0.06178197842882893,0.08275323965856643,0.789934935599522,0.15429557827645732,1162000000.0,0.0,0.19328197964511903,1455606588.7073915,1130153117.9316576,1596359825.4430046,6.309722630209504,0.030797253745375213,0.22358614841441693,0.16002002404087398,,-1126000000.0,1854000000.0,True,,-0.7582491582491583,0.08602438697574702,-2.1641289683419846,0.6623449083859718,False,191000000.0,1060000000.0,-0.030922355340933794,1.8545941123996432,253000000.0,unchecked,,0.0,general_dcf,0.14505882150753946,0.024539877316428687,True,0.0455,0.07716828029711142,0.06638338431056735,0.08285174374376256,67,0.95
FAST,Fastenal Company,NASDAQ,common_stock,False,1987-08-20,Industrials,Industrial - Distribution,US,1148040000.0,0.713,52224339600.0,2026-07-17,fmp:company-screener,2026-07-18T01:44:23.956560+00:00,45.49,2026-07-17,52224339600.0,336434885.511875,True,8,2025,ttm,2026-07-16,discrete,ok,8749300000.0,0.07431176869979028,0.03921690238216256,0.44700718903226544,0.20289623169853588,1775200000.0,0.0,0.20204371901989834,1767741110.8207965,1342804825.6491716,1028655948.6898217,0.8942501509952375,0.003342793319137738,0.2403837771099404,0.31318996629376483,0.4999846681073931,236800000.0,441500000.0,True,3550.4,0.1211377122979333,0.001024327784891165,0.08525126786375348,-0.3439121855996835,False,1056100000.0,50300000.0,-0.0002739811860511532,1.0297997457088366,1150300000.0,unchecked,,0.0,general_dcf,0.12886309275741303,0.06331877738681321,True,0.0455,0.08085497373454122,0.0459567814848486,0.23233499255922363,1,1.0
TER,"Teradyne, Inc.",NASDAQ,common_stock,False,1970-09-14,Technology,Semiconductors,US,156542162.00152007,1.742,50462148632.0,2026-07-17,fmp:company-screener,2026-07-18T01:44:23.956560+00:00,322.36,2026-07-17,50462931342.81001,1622967691.9809375,True,8,2025,ttm,2026-05-01,discrete,ok,3786838000.0,0.0614891194634577,0.1684911415087237,0.5878553558404136,0.26915040991983286,1019229000.0,0.0,0.23338936981766334,883807734.4215806,772766026.4077842,645040678.0818728,4.091962991206786,0.043379353918966974,0.12564011796804314,0.29898942004408796,-0.32082571804789234,-163199000.0,82398000.0,True,68.5656912209889,-0.14207587002415828,0.0,0.9082668972746574,-0.9020840814745562,False,77269000.0,550138000.0,-0.024346695038381383,1.2393265139055851,157636000.0,unchecked,,0.0,general_dcf,0.4728466299614096,0.07726269325207363,True,0.0455,0.13247007262987445,0.052898772862933395,0.1665193474142135,77,1.0
EBAY,eBay Inc.,NASDAQ,common_stock,False,1998-09-24,Consumer Cyclical,Specialty Retail,US,444000000.0,1.365,49754640000.0,2026-07-17,fmp:company-screener,2026-07-18T01:44:23.956560+00:00,112.06,2026-07-17,49754640000.0,563088368.188125,True,8,2025,ttm,2026-04-29,discrete,ok,11604000000.0,0.036268770373628634,0.1114498656424016,0.7200965184419166,0.19579455360220613,2272000000.0,0.0,0.2318380411812394,2690248629.867102,2327583990.1234226,1834837979.9761376,4.014962757059382,0.03493663358845441,0.13480710879930646,0.25351022037760845,,3342000000.0,7202000000.0,True,9.235772357723578,1.240995172669885,0.0568631329113924,-0.8682872710392527,-2.0255543042232453,False,536000000.0,2380000000.0,-0.06439184111788199,1.0763170851797144,457000000.0,unchecked,,0.0,general_dcf,0.10334715970203101,0.02461033632858951,True,0.0455,0.10598541296935453,0.05234416991764196,0.1475248074082539,79,1.0
XEL,Xcel Energy Inc.,NASDAQ,common_stock,False,2001-03-13,Utilities,Regulated Electric,US,624269559.997461,0.405,49173713241.0,2026-07-17,fmp:company-screener,2026-07-18T01:44:23.956560+00:00,78.77,2026-07-17,49173713241.0,435126659.4403125,True,8,2025,annual,2026-02-25,annual,annual_anchor,14669000000.0,0.03490643646473668,0.08697357044291477,0.2430295180312223,0.19626423069057194,2879000000.0,0.0,0.17608053511468033,2582925369.5972457,2324632832.6375213,-1208350629.7301257,-2.05152908273366,0.0111427580868622,0.1,0.0445849679950444,0.03392438942790231,34507000000.0,34781000000.0,True,2.1437081161578555,5.788793826539171,0.0024551744661855516,1.8571923166668982,0.22185979940578457,False,1282000000.0,0.0,0.024965677922967222,2.397210743801653,589000000.0,unchecked,,0.0,general_dcf,0.07310861170922323,0.05050505049802895,True,0.0455,0.07317212454595631,0.07694999999999999,-0.028587156550911916,142,0.85
ODFL,"Old Dominion Freight Line, Inc.",NASDAQ,common_stock,False,1991-10-24,Industrials,Trucking,US,207968283.0011974,1.184,48631303297.0,2026-07-17,fmp:company-screener,2026-07-18T01:44:23.956560+00:00,233.84,2026-07-17,48631303297.0,417198603.7915625,True,8,2025,ttm,2026-05-06,discrete,ok,5456227000.0,0.044823000248298994,0.1312633784298939,0.3090917954843154,0.2456516196998402,1340331000.0,0.0,0.2561866213225866,1397812360.299073,1044824027.0281562,764846782.6359369,3.6540117746572753,0.03294893589295196,0.2525291257228489,0.2413165278436665,-0.017990229634820724,-248086000.0,39996000.0,True,2260.254637436762,-0.145232918509256,0.0019517404695940195,-0.2640639448114296,0.5161865480740948,False,236644000.0,617398000.0,-0.025461443284672147,1.3384086986166885,209317000.0,unchecked,,0.0,general_dcf,0.066123622559072,0.05982905984658881,True,0.0455,0.10465112350386037,0.04522198789376764,0.13666540433980612,72,1.0
ADSK,"Autodesk, Inc.",NASDAQ,common_stock,False,1985-06-28,Technology,Software - Application,US,211145251.00068697,1.318,46103565556.0,2026-07-17,fmp:company-screener,2026-07-18T01:44:23.956560+00:00,218.35,2026-07-17,46103565556.0,558052057.3346875,True,8,2026,ttm,2026-05-29,discrete,ok,7507000000.0,0.1586991935968085,0.052692931025465906,0.9114160117223924,0.26601838284268015,1997000000.0,0.0,0.1817827291442067,1364642947.6855597,1096447223.8629642,1622953981.729012,7.65544331004251,0.07716507578081691,0.19653179190751446,0.536810308317395,0.9112533635999258,-200000000.0,2724000000.0,True,998.5,-0.09111617312072894,0.11140107649649324,1.3792241218379289,0.22902966693995785,False,0.0,2081000000.0,-0.009259790999624373,1.4492273730684326,212000000.0,unchecked,,0.0,general_dcf,0.17030687865553062,0.023796497994696672,True,0.0455,0.10789705181033903,0.048609826589595374,0.4289132565070559,49,1.0
IDXX,"IDEXX Laboratories, Inc.",NASDAQ,common_stock,False,1991-06-21,Healthcare,Medical - Diagnostics & Research,US,78882999.99999999,1.549,44761369520.0,2026-07-17,fmp:company-screener,2026-07-18T01:44:23.956560+00:00,567.44,2026-07-17,44761369519.99999,365459628.4871875,True,8,2025,ttm,2026-05-05,discrete,ok,4446095000.0,0.09966155300662871,0.0426049069257194,0.6205308253647301,0.3162512272004984,1406083000.0,0.0,0.27820512448371637,1236926412.941429,1001457665.566445,832069125.9871981,10.313841041056065,0.03138166486515492,0.19036601119628116,0.46257641645358455,0.37422638754222093,904923000.0,1105451000.0,True,34.94849998757239,0.6247638812944276,0.01547015731093541,1.1912127692879368,0.9738400890282735,False,0.0,1167110000.0,-0.01571045899589718,1.0727395798078676,80675000.0,unchecked,,0.0,general_dcf,0.0987772402216347,0.006355932131398037,True,0.0455,0.12116729406969372,0.04898285632262499,0.3414091223838908,73,1.0
MCHP,Microchip Technology Incorporated,NASDAQ,common_stock,False,1993-03-19,Technology,Semiconductors,US,543008000.0,1.727,43961927680.0,2026-07-17,fmp:company-screener,2026-07-18T01:44:23.956560+00:00,80.96,2026-07-17,43961927680.0,1137759831.8496876,True,8,2026,ttm,2026-05-21,discrete,ok,4713100000.0,-0.017931178829099226,0.2121077635856163,0.5773482421336276,0.10398676030638009,490100000.0,0.0,0.15852737070229608,747155350.8569916,638095698.3491187,1287929835.547886,2.350665879809976,0.10600009009859923,0.14596650132101824,0.035691234785719554,,5294900000.0,5535200000.0,True,2.2146407591504746,4.489486179413261,0.04098509632860778,-0.5047924025403954,-1.3325728860307644,False,984000000.0,0.0,-0.005654256190469442,3.137562472252493,547900000.0,unchecked,,0.0,general_dcf,0.06184118872109945,0.03655913969552518,True,0.0455,0.12527110172263264,0.07301986413705293,-0.08957986693691308,57,1.0
FLEX,Flex Ltd.,NASDAQ,common_stock,False,1994-03-18,Technology,"Hardware, Equipment & Parts",US,366389554.0041929,1.626,43691954315.0,2026-07-17,fmp:company-screener,2026-07-18T01:44:23.956560+00:00,119.25,2026-07-17,43691954315.0,813360993.8665625,True,8,2026,ttm,2026-05-20,discrete,ok,27914000000.0,0.009033296901042487,0.07788427754777645,0.09317904993909866,0.05130042272694705,1432000000.0,0.0,0.034318220210944134,957958798.9682945,797742020.0393616,366755508.30062944,0.9806297013385814,0.011478949185861394,0.16724808948097114,0.16864668870927016,0.4429837451465646,1927000000.0,4316000000.0,True,6.660465116279069,0.9846704138988247,0.005087053091638604,1.6982202516002916,0.7062378349953794,False,0.0,944000000.0,-0.06801295495152604,1.795942720763723,374000000.0,unchecked,,0.0,general_dcf,0.0680051036658107,0.002557544765248316,True,0.0455,0.11992984084960187,0.05038149058640124,0.04871684785966829,58,1.0
KDP,Keurig Dr Pepper Inc.,NASDAQ,common_stock,False,2008-05-07,Consumer Defensive,Beverages - Non-Alcoholic,US,1360559471.0126173,0.407,42054893249.0,2026-07-17,fmp:company-screener,2026-07-18T01:44:23.956560+00:00,30.91,2026-07-17,42054893249.0,426718582.6521875,True,8,2025,ttm,2026-04-23,discrete,ok,16944000000.0,0.12146383175230757,0.150614139687456,0.5377714825306893,0.2129367327667611,3608000000.0,0.0,0.2147024553505525,3637918403.4597616,2769303781.5883374,2802031297.579673,2.054727064295426,0.017926509155592255,0.23876693359734175,0.0548537827757298,0.19519455993230328,24809000000.0,25707000000.0,True,4.058492688413948,5.922415851038434,0.006383948928408573,-0.17657225837914015,-3.191412664384364,False,1250000000.0,12000000.0,-0.01535533550693835,0.9576719576719577,1363700000.0,unchecked,,0.0,general_dcf,0.5958279469999672,0.01374045804966394,True,0.0455,0.065,0.04605460051736083,-0.010146217224270206,85,1.0
PAYX,"Paychex, Inc.",NASDAQ,common_stock,False,1983-08-26,Technology,Staffing & Employment Services,US,355600000.0,0.81963736,40677084000.0,2026-07-17,fmp:company-screener,2026-07-18T01:44:23.956560+00:00,114.39,2026-07-17,40677084000.0,325035071.4115625,True,8,2026,ttm,2026-07-17,discrete,ok,6512000000.0,0.08110856046543469,0.05100948859075356,0.7428593366093366,0.3855190417690418,2510500000.0,0.0,0.39087679209438503,2545389670.118635,1939319515.53996,1937610366.1733408,5.409297504671526,0.01976280338344217,0.2381050578202542,0.2669146749755449,0.11548299094211043,3431000000.0,4608300000.0,True,9.315398886827458,1.1618299414174935,0.01157569672053502,-0.19974417118093185,2.6042214217612507,False,1589600000.0,611000000.0,-0.003786515759150011,1.1772762927653413,358200000.0,unchecked,,0.0,general_dcf,0.16463171766165585,0.009476339281294087,True,0.0455,0.08237201117841357,0.04609464400187462,0.1845426637971313,0,1.0
UAL,"United Airlines Holdings, Inc.",NASDAQ,common_stock,False,2006-02-06,Industrials,"Airlines, Airports & Air Services",US,324570000.0,1.258,37458623700.0,2026-07-17,fmp:company-screener,2026-07-18T01:44:23.956560+00:00,115.41,2026-07-17,37458623700.0,639647037.0390625,True,8,2025,ttm,2026-07-16,discrete,ok,62902000000.0,0.05244136817293299,0.4353400613922072,0.6505834472671775,0.0774856125401418,4874000000.0,0.0,0.07828532791915829,4924303696.770895,3795983613.604135,2233853659.3418655,6.839723390513979,0.16292456712311523,0.22913291962610957,0.11139724115697172,0.5465351348676303,17031000000.0,33668000000.0,True,3.8317610062893084,2.3960326392796847,0.0,-0.033546333374838776,0.12282780506016067,False,0.0,75000000.0,-0.003546847796669028,2.6398013750954927,326600000.0,unchecked,,0.0,general_dcf,0.14331222948757638,0.04848575264306977,True,0.0455,0.08828682217884336,0.06590913537196762,0.023110418978128364,1,1.0
ROP,"Roper Technologies, Inc.",NASDAQ,common_stock,False,1992-02-13,Technology,Software - Application,US,100917358.99928403,0.752,36647129747.0,2026-07-17,fmp:company-screener,2026-07-18T01:44:23.956560+00:00,363.14,2026-07-17,36647129747.0,388477324.02437496,True,8,2025,ttm,2026-05-01,discrete,ok,8115000000.0,0.06186905149521538,0.08431520766895198,0.6940357362908195,0.2808626001232286,2279200000.0,0.0,0.28084670952713225,2279071047.8126783,1792158574.0012114,2327973569.9307985,22.25596147161375,0.007396755354068291,0.21364514909650473,0.062017847482421465,0.07287317514358209,10081100000.0,10464000000.0,True,6.3065855008301055,3.1555701630826056,0.020726787134901694,0.0015890596096357346,0.06341390353084314,False,363800000.0,2011000000.0,-0.006914111743746454,1.544697605370167,104600000.0,unchecked,,0.0,general_dcf,0.0770964888127994,0.015204678308721216,True,0.0455,0.075209313365543,0.04757446847966146,-0.013191465883121534,77,1.0
KMB,Kimberly-Clark Corporation,NASDAQ,common_stock,False,1980-03-17,Consumer Defensive,Household & Personal Products,US,331940000.0,0.279,35965699000.0,2026-07-17,fmp:company-screener,2026-07-18T01:44:23.956560+00:00,108.35,2026-07-17,35965699000.0,480301967.45968753,True,8,2025,ttm,2026-04-28,discrete,ok,16539000000.0,-0.010116269221897567,0.057522381785928084,0.35860692907672775,0.13271660922667633,2195000000.0,0.0,0.13873102540272614,2294472429.135688,1808552073.806004,1639818363.0705519,4.921423658675126,0.01898390407201397,0.21177868566183936,0.20750129347232701,,6542000000.0,7084000000.0,True,8.78,2.1989915966386553,0.008131970260223048,-0.20561871057590314,1.7342931518143436,False,1673000000.0,80000000.0,-0.005050591154868278,1.3740722414646214,333200000.0,unchecked,,0.0,general_dcf,0.024653794753592972,0.015348288069889061,True,0.0455,0.06674609378434163,0.04768738951745872,0.1407551996879854,80,1.0
ON,ON Semiconductor Corporation,NASDAQ,common_stock,False,2000-05-02,Technology,Semiconductors,US,389186000.0,2.012,34003180820.0,2026-07-17,fmp:company-screener,2026-07-18T01:44:23.956560+00:00,87.37,2026-07-17,34003180820.0,1431380245.4865625,True,8,2025,ttm,2026-05-04,discrete,ok,6063000000.0,0.0028218172896363747,0.16188470835851332,0.3721754905162461,0.10842817087250536,657400000.0,0.0,0.16852792331505653,1021784799.0591878,878157329.6068205,811948585.0016932,2.0602603019581154,0.08148390844725621,0.14056528300735427,0.07147640398640859,-0.20507036683135024,602900000.0,3006500000.0,True,10.021341463414634,0.41240850947397223,0.01467345207803223,-0.6006904283771874,-0.38058641581477337,False,0.0,1423200000.0,-0.04197201773083803,1.2121057985757884,394100000.0,unchecked,,0.0,general_dcf,0.07990153629305907,0.024691357982775664,True,0.0455,0.1384553981040959,0.05199580037805507,-0.06697899411768732,74,1.0
STLD,"Steel Dynamics, Inc.",NASDAQ,common_stock,False,1996-11-22,Basic Materials,Steel,US,144213000.0,1.542,33963603630.0,2026-07-17,fmp:company-screener,2026-07-18T01:44:23.956560+00:00,235.51,2026-07-17,33963603630.0,269602488.7584375,True,8,2025,ttm,2026-04-27,discrete,ok,19012244000.0,0.06338270758670328,0.3497588441338848,0.1399962571488142,0.09408910384276574,1788845000.0,0.0,0.1282361152060176,2438056311.908917,1889177932.4359343,1403328456.3376186,9.691695659009639,0.05745174054814746,0.22512949220735146,0.1082137415105311,-0.5172957329697684,3644266000.0,4200793000.0,True,19.62464208528518,1.5404214884102734,0.0032850737917894013,-0.5799467359932187,-1.8716425963024181,False,294132000.0,765819000.0,-0.07779946279753047,1.2226215528911644,144797000.0,unchecked,,0.0,general_dcf,0.23498758904252037,0.13933691754634797,True,0.0455,0.11426538768374153,0.04687966572145524,-0.006051646173210426,81,1.0
NTAP,"NetApp, Inc.",NASDAQ,common_stock,False,1995-11-21,Technology,Computer Hardware,US,195920000.0,1.451,32107369600.0,2026-07-17,fmp:company-screener,2026-07-18T01:44:23.956560+00:00,163.88,2026-07-17,32107369600.0,465466687.46875,True,8,2026,ttm,2026-06-05,discrete,ok,6925000000.0,0.017194231969849705,0.06640170330256875,0.7074368231046931,0.24115523465703972,1670000000.0,0.0,0.1884048836470307,1304703819.2556877,1117650911.728349,1070575553.1013545,5.379776648750525,0.023776578751092205,0.14336809992175042,2.861150546261354,0.538397152151984,-851000000.0,2733000000.0,True,15.321100917431192,-0.4550802139037433,0.056955966815571156,2.958333950974185,1.6873569523341478,False,413000000.0,950000000.0,-0.03288794110663151,1.6199059561128526,199000000.0,unchecked,,0.0,general_dcf,0.043353057744503154,0.016081871316421522,True,0.0455,0.11285517670703149,0.0518262299547341,2.7482953695543224,42,1.0
CASY,"Casey's General Stores, Inc.",NASDAQ,common_stock,False,1983-10-20,Consumer Cyclical,Specialty Retail,US,37004900.0,0.619,31791649688.0,2026-07-17,fmp:company-screener,2026-07-18T01:44:23.956560+00:00,859.12,2026-07-17,31791649688.0,437282048.86625,True,8,2026,ttm,2026-06-22,discrete,ok,17561101000.0,0.09417408999463706,0.17124061991744297,0.24605752224760852,0.05886060333005317,1033657000.0,0.0,0.04542217167062353,797663344.3471586,612285713.224676,496085437.3336882,13.306422795515214,0.007433418465622815,0.23240083982322568,0.12526980158853127,0.1604541009740596,2382084000.0,2905075000.0,True,,1.6055944433023392,0.0029943104212629412,1.3438431659429637,1.7955832042063808,False,83136000.0,247749000.0,-0.002122010404048913,1.9281179316059391,37281653.0,unchecked,,0.0,general_dcf,0.09172623583351136,0.021288837775811236,True,0.0455,0.07554404413828002,0.0656297281951142,0.04972575745025125,25,0.95
EXPE,"Expedia Group, Inc.",NASDAQ,common_stock,False,2005-07-21,Consumer Cyclical,Travel Services,US,114498624.99906984,1.232,30773795441.0,2026-07-17,fmp:company-screener,2026-07-18T01:44:23.956560+00:00,268.77,2026-07-17,30773795441.0,393801249.01156247,True,8,2025,ttm,2026-05-08,discrete,ok,15171000000.0,0.03964046576130609,0.3427346793391278,0.9027091160767253,0.16149232087535428,2450000000.0,0.0,0.07764508327479386,1177953558.3618977,902217503.3775536,1895316154.5533361,15.557439274982855,0.12861216982691298,0.23408058240240995,-0.6796459880891328,,-3337000000.0,4706000000.0,True,6.9602272727272725,-0.9973102211595936,0.03216761430017914,3.3220427534842725,1.4352664299663938,True,7000000.0,2334000000.0,-0.09015895454406941,2.998454404945904,121827000.0,unchecked,,0.0,general_dcf,0.09591780707869324,0.02308172180272936,True,0.0455,0.09904061348710308,0.046338124764654195,-0.7786866015762359,70,0.85
BIIB,Biogen Inc.,NASDAQ,common_stock,False,1991-09-17,Healthcare,Drug Manufacturers - General,US,147637000.0,0.158,30411745630.0,2026-07-17,fmp:company-screener,2026-07-18T01:44:23.956560+00:00,205.99,2026-07-17,30411745630.0,241561850.3715625,True,8,2025,ttm,2026-04-29,discrete,ok,9857400000.0,-0.04410238223859042,0.07327969969526621,0.6976789011301154,0.15646113579645748,1542300000.0,0.0,0.2706785477390644,2668186716.4830537,2257301262.4755826,2455305504.0028925,16.545185336946716,0.09976898598969601,0.1539942656445949,0.0623382006553154,-0.11553738708399777,2279200000.0,6561900000.0,True,5.606324972737187,0.9726039088503883,0.029641408272684647,-1.200085006316159,-0.25279231396070245,False,0.0,0.0,0.005449698886245358,1.7045142644633595,148400000.0,unchecked,,0.0,general_dcf,0.01760852123667922,0.041666666741677516,True,0.0455,0.0670717758249131,0.051183346928502,-0.004733575169597694,79,1.0
DXCM,"DexCom, Inc.",NASDAQ,common_stock,False,2005-04-14,Healthcare,Medical - Devices,US,385872976.9993476,1.453,29577163687.0,2026-07-17,fmp:company-screener,2026-07-18T01:44:23.956560+00:00,76.65,2026-07-17,29577163686.999996,385078814.4171875,True,8,2025,ttm,2026-04-30,discrete,ok,4817900000.0,0.24045248560262444,0.0980353962291266,0.6183606965690446,0.21449179102928662,1033400000.0,0.0,0.14160742777167754,682250426.2611651,576246563.3023626,344074198.07535285,0.8741722512077054,0.11110235888987498,0.15537383177570094,0.4530686126358633,0.8165646582952667,-1030400000.0,1384800000.0,True,61.880239520958085,-0.7973380793933297,0.041631007923142754,1.7417307936854205,4.082215254737254,False,0.0,535800000.0,-0.02716394732763383,1.717285664699757,393600000.0,unchecked,,0.0,general_dcf,0.12271950230255535,0.007662835389157114,True,0.0455,0.11515112684342801,0.05109988317757009,0.3379174857924353,78,1.0
GEHC,GE HealthCare Technologies Inc.,NASDAQ,common_stock,False,2022-12-15,Healthcare,Medical - Healthcare Information Services,US,454891785.9996829,0.839,28690024943.0,2026-07-17,fmp:company-screener,2026-07-18T01:44:23.956560+00:00,63.07,2026-07-17,28690024943.0,335041289.0078125,True,7,2025,ttm,2026-04-29,discrete,ok,19954000000.0,0.036502995670744776,0.01889711736548999,0.4254786007817981,0.12458654906284454,2486000000.0,0.0,0.13391515151515151,2672142933.3333335,2079406025.433526,1632896890.343699,3.5730785346689258,0.012941365518057371,0.2218208092485549,0.10203341077046901,,8292000000.0,10577000000.0,True,5.714942528735632,2.825212947189097,0.006303030303030303,-0.9328602452306974,0.21271119063630226,False,64000000.0,200000000.0,0.002252164158787817,0.9789262418464626,457000000.0,unchecked,,0.0,general_dcf,0.06147214131988932,0.0142791340503272,True,0.0455,0.07657585886160577,0.04707984104046242,0.025457551908863243,79,0.95
JBHT,"J.B. Hunt Transport Services, Inc.",NASDAQ,common_stock,False,1983-11-22,Industrials,Integrated Freight & Logistics,US,94299199.99999999,1.294,27479729872.0,2026-07-17,fmp:company-screener,2026-07-18T01:44:23.956560+00:00,291.41,2026-07-17,27479729871.999996,279042077.803125,True,8,2025,annual,2026-02-24,annual,annual_anchor,11999096000.0,0.0484726000390483,0.13197681236609635,0.13306202400580844,0.07209451445342216,865069000.0,0.0,0.07823289501812905,938724017.6804522,712529011.7808372,230889097.84489024,2.3635359291303972,0.006562421099261771,0.24096007094665947,0.12078253144568227,-0.11504860955793367,1871313000.0,1888597000.0,True,12.191453979170484,1.1844847688457287,0.005979867149991966,-0.6957251132470338,1.9920396478352962,False,171048000.0,948407000.0,-0.024627258565295684,2.597989791306846,97688000.0,unchecked,,0.0,general_dcf,0.1389428197695155,0.09930178437694012,True,0.0455,0.10606645171550876,0.0459219157077271,0.014716079730173512,143,0.85
FISV,"Fiserv, Inc.",NASDAQ,common_stock,False,1986-09-25,Technology,Information Technology Services,US,533254000.0,0.8191573,26998650020.0,2026-07-17,fmp:company-screener,2026-07-18T01:44:23.956560+00:00,50.63,2026-07-17,26998650020.0,423053385.8571875,True,8,2025,ttm,2026-05-06,discrete,ok,21090000000.0,0.20267803207389457,0.25230845051363043,0.5807017543859649,0.24376481744902798,5141000000.0,0.0,0.2367339951540479,4992719957.79887,4077508571.9153724,3936260467.131716,7.3519993782811275,0.06573325020743012,0.18330917688541565,0.0767878766895658,1.0079318519076124,28477000000.0,29306000000.0,True,3.351368970013038,3.4091943014485815,0.01791232388833604,0.08249002768280234,1.0099439945817041,False,0.0,3787000000.0,-0.06159539790027424,1.7540229885057472,535400000.0,unchecked,,0.0,general_dcf,0.011555708892532213,0.021435692919519335,True,0.0455,0.07780170225679642,0.06982706537629696,-0.0010138255672306196,72,1.0
VRSK,"Verisk Analytics, Inc.",NASDAQ,common_stock,False,2009-10-07,Technology,Software - Services,US,131021839.99900338,0.688,26293462851.0,2026-07-17,fmp:company-screener,2026-07-18T01:44:23.956560+00:00,200.68,2026-07-17,26293462851.0,382352112.3909375,True,8,2025,ttm,2026-04-29,discrete,ok,3102300000.0,0.03623115196750715,0.07254168101563262,0.6743706282435612,0.44866711794475067,1391900000.0,0.0,0.42172227797197337,1308309022.952453,1025049140.735586,921597666.5643495,6.815413037663384,0.0801875377009139,0.21650839155541102,0.3719066841025896,,4100000000.0,4625200000.0,True,7.828458942632171,2.3841367680409373,0.017639209815471735,0.48025373852870834,0.7323168549226454,False,253600000.0,2055000000.0,-0.05242106460720275,1.5809754486403171,135222570.0,unchecked,,0.0,general_dcf,0.050596513367785256,0.009316770014816162,True,0.0455,0.07503842966663823,0.04740124231089763,0.29686825443595133,79,1.0
CPRT,"Copart, Inc.",NASDAQ,common_stock,False,1994-03-17,Industrials,Specialty Business Services,US,925811481.9992757,1.023,25561655018.0,2026-07-17,fmp:company-screener,2026-07-18T01:44:23.956560+00:00,27.61,2026-07-17,25561655018.0,344528206.8175,True,8,2025,ttm,2026-05-29,discrete,ok,4638867000.0,0.14458048241388965,0.07618597096138457,0.4553109627846627,0.36566622841310176,1696277000.0,0.0,0.3705266255577967,1718823735.9214196,1400651193.0527592,903762578.4823006,0.936332919072228,0.02721182519527938,0.18511062898377761,0.2961389065373297,0.3038365386306291,-4106596000.0,93116000.0,True,,-2.1418830709916064,0.00831613687897748,-0.19690884047579835,0.3486681819753592,False,0.0,1632537000.0,0.0002110956201459846,1.102177272951288,965215000.0,unchecked,,0.0,general_dcf,-0.00041329059706662896,0.02159827199265597,True,0.0455,0.09655208501600657,0.06967304122188701,0.19958682152132315,49,0.95
VRSN,"VeriSign, Inc.",NASDAQ,common_stock,False,1998-01-30,Technology,Software - Infrastructure,US,90999999.99999999,0.707,25267060000.0,2026-07-17,fmp:company-screener,2026-07-18T01:44:23.956560+00:00,277.66,2026-07-17,25267060000.0,222170514.6315625,True,8,2025,ttm,2026-04-23,discrete,ok,1683200000.0,0.045288243162276975,0.018816099845237407,0.8834957224334601,0.6793013307984791,1143400000.0,0.0,0.6581874834837056,1107861172.1997733,889288876.1080027,879635786.2822903,9.582089175188347,0.014670218448232868,0.1972921351307697,-0.9411568628911792,,1238200000.0,1794600000.0,True,15.124338624338625,1.0563945055882604,0.03998392605987543,1.5285193731728608,4.494129472710147,False,433500000.0,865300000.0,-0.05273176281409042,1.14878452335497,91800000.0,unchecked,,0.0,general_dcf,0.054345803877902554,0.01142857094734965,True,0.0455,0.07870893518079847,0.04856382582458843,-1.0198657980719776,85,1.0
FOXA,Fox Corporation,NASDAQ,common_stock,False,2019-03-12,Communication Services,Entertainment,US,438504843.00590074,0.55,25266649054.0,2026-07-17,fmp:company-screener,2026-07-18T01:44:23.956560+00:00,57.62,2026-07-17,25266649054.0,343502496.1015625,True,8,2025,ttm,2026-05-11,discrete,ok,16201000000.0,0.06996718821585945,0.06560329114653755,0.34991667181038205,0.19727177334732424,3196000000.0,0.0,0.2005283937430593,3248760507.031304,2399781657.836048,2085614167.0092926,4.82781057178077,0.014583801757342744,0.2613239256503542,0.16895503711597137,0.8856477997370426,3004000000.0,6605000000.0,True,9.028248587570621,0.8351403947734223,0.006437768240343348,-0.15227454330003445,-0.037339798254704196,False,285000000.0,2150000000.0,-0.0882628934835914,1.4527845036319613,432000000.0,unchecked,,0.0,general_dcf,0.026346565055856752,0.016393442592262317,True,0.0455,0.06713308694247724,0.04468990249815357,0.10182195017349413,67,1.0
CHRW,"C.H. Robinson Worldwide, Inc.",NASDAQ,common_stock,False,1997-10-16,Industrials,Integrated Freight & Logistics,US,117873042.0,0.915,24576529257.0,2026-07-17,fmp:company-screener,2026-07-18T01:44:23.956560+00:00,208.5,2026-07-17,24576529257.0,343502796.47,True,8,2025,ttm,2026-05-01,discrete,ok,16198957000.0,-0.0034578874655647462,0.20128139546934395,0.08287490355088911,0.049002784561993716,793794000.0,0.0,0.04790639549170544,776033640.5951302,624705255.7525449,583702483.2640091,4.823588821287572,0.007995199522917018,0.195002351607507,0.20038066020268494,,1484821000.0,1644486000.0,True,5.709515931813278,1.657495573897493,0.0047723672769624925,0.10963890702882784,0.5006706024734445,False,302916000.0,519611000.0,-0.016362753358798665,1.5577390513404454,121010000.0,unchecked,,0.0,general_dcf,0.047044185114902826,0.08999999997654709,True,0.0455,0.0885815677763068,0.048702357727745824,0.11179909242637814,77,1.0
DLTR,"Dollar Tree, Inc.",NASDAQ,common_stock,False,1995-03-07,Consumer Defensive,Discount Stores,US,192175000.0,0.651,24202519500.0,2026-07-17,fmp:company-screener,2026-07-18T01:44:23.956560+00:00,125.94,2026-07-17,24202519500.0,387277144.97625,True,8,2025,ttm,2026-05-28,discrete,ok,19747900000.0,-0.022863270003800173,0.16961859455184894,0.36707194182672587,0.08544706019374212,1687400000.0,0.0,0.07816983415618828,1543690067.9329906,1174463392.4563975,705942105.7735236,3.5762011437361885,0.048264185479257565,0.2391844601105645,0.12719708134444005,,6586000000.0,7593300000.0,True,21.332490518331227,2.6073874658537552,0.005762435120462902,0.28820487841280396,0.7606555460738991,False,0.0,1706100000.0,-0.04140513713567551,1.9728654970760233,197400000.0,unchecked,,0.0,general_dcf,-0.36994130324021635,0.003089598336571076,True,0.0455,0.07040300488676093,0.046029340163310846,0.056794076457679116,50,1.0
INCY,Incyte Corporation,NASDAQ,common_stock,False,1993-11-04,Healthcare,Biotechnology,US,199782155.0021322,0.758,23424457674.0,2026-07-17,fmp:company-screener,2026-07-18T01:44:23.956560+00:00,117.25,2026-07-17,23424457674.0,184536006.1134375,True,8,2025,ttm,2026-04-28,discrete,ok,5361020000.0,0.15439286151799103,0.04751596548947831,0.9247531253380886,0.27051643157458843,1450244000.0,0.0,0.17580748591964146,942507448.1649163,728574892.3707514,515087652.2863047,2.490391395282622,0.10956005091626536,0.22698235033653738,0.713941769836407,3.085292852414928,-3981998000.0,33827000.0,True,620.5579803166453,-2.5773950303242135,0.05841707369936918,1.2084576257698805,0.6068935476736452,False,0.0,25985000.0,-0.026171866110031528,1.0985878055415226,206830000.0,unchecked,,0.0,general_dcf,0.14476787980841,0.0634920636563403,True,0.0455,0.08334717579306872,0.04676756780463949,0.6305945940433383,80,1.0
FFIV,"F5, Inc.",NASDAQ,common_stock,False,1999-06-04,Technology,Software - Infrastructure,US,56419246.99886334,1.03,23080831851.0,2026-07-17,fmp:company-screener,2026-07-18T01:44:23.956560+00:00,409.1,2026-07-17,23081113947.234993,252503898.4509375,True,8,2025,ttm,2026-05-05,discrete,ok,3224625000.0,0.052290955682298135,0.03426794087998627,0.818973679109974,0.2464835445982091,794817000.0,0.0,0.19959417324742823,643616360.9079883,523785589.2631964,584487050.1749574,10.200828129689647,0.047472191809431206,0.18618353870889703,0.2622348993366424,1.0870605327209826,-1182950001.0,259860999.0,True,,-1.3272722795939251,0.07780492308566396,0.7665581906711381,0.5504324893953121,False,0.0,651119000.0,-0.021171680882617117,1.398111782743861,57298000.0,unchecked,,0.0,general_dcf,0.08233732299893237,0.012048192745722596,True,0.0455,0.09669474073571364,0.0695813074403893,0.16554015860092874,73,0.95
FSLR,"First Solar, Inc.",NASDAQ,common_stock,False,2006-11-17,Technology,Solar,US,107453000.0,1.73,22778961470.0,2026-07-17,fmp:company-screener,2026-07-18T01:44:23.956560+00:00,211.99,2026-07-17,22778961470.0,601291285.6059375,True,8,2025,ttm,2026-04-30,discrete,ok,5419048000.0,0.1281571554750882,0.1778522689740756,0.41729266838012874,0.33168685717491336,1797427000.0,0.0,0.15890352931345095,861105852.7189977,774995267.447098,-708468701.8303654,-6.582874495510861,0.14247719950244941,0.1,0.2053476593605079,0.3726158317919293,-2000785000.0,425776000.0,True,42.57187181734208,-0.8520650211229218,0.006681423934494278,0.7650103257143712,1.5685505481231226,False,0.0,278000.0,0.0033424521659295436,0.9426915801629047,107623000.0,unchecked,,0.0,general_dcf,-0.006928441203579605,0.05098039204949561,True,0.0455,0.13057706087635387,0.05445,0.07477059848415402,78,1.0
CTSH,Cognizant Technology Solutions Corporation,NASDAQ,common_stock,False,1998-06-19,Technology,Information Technology Services,US,473868999.99999994,0.859,21215115130.0,2026-07-17,fmp:company-screener,2026-07-18T01:44:23.956560+00:00,44.77,2026-07-17,21215115130.0,465958420.328125,True,8,2025,ttm,2026-04-29,discrete,ok,21406000000.0,0.03921825270499446,0.03906494662569689,0.3206110436326264,0.1566383257030739,3353000000.0,0.0,0.14961661544644123,3202693270.246521,2411225931.4822454,2344600936.782381,4.915305947132874,0.013916954578610759,0.24712555089715282,0.1723955492618894,0.1406886596808351,-425000000.0,1092000000.0,True,104.78125,-0.10875127942681678,0.008867044993919741,0.6704262454803055,-0.3266653885659583,False,614000000.0,1613000000.0,-0.02773719033995936,1.0959548447789276,477000000.0,unchecked,,0.0,general_dcf,0.05758133902249907,0.007623318390154418,True,0.0455,0.0863498630538932,0.04554890417072225,0.08604568620799621,79,1.0
ULTA,"Ulta Beauty, Inc.",NASDAQ,common_stock,False,2007-10-25,Consumer Cyclical,Specialty Retail,US,42989310.999437,0.879,20616383876.0,2026-07-17,fmp:company-screener,2026-07-18T01:44:23.956560+00:00,479.57,2026-07-17,20616383876.0,375997884.0071875,True,8,2025,ttm,2026-06-02,discrete,ok,12708310000.0,0.09144740440932342,0.1599674992008996,0.39333514841863315,0.1253874826786567,1593463000.0,0.0,0.13493027782983869,1714735799.0477173,1304646071.6123035,1195451577.3087215,27.191601703865015,0.03164173741623799,0.23915621733864667,0.26004953487698196,0.14727490186479877,2081143000.0,2302443000.0,True,215.3619408028112,1.0514073036716398,0.003787917016580005,-0.6281877687725461,-0.6263708878403318,False,0.0,1274558000.0,-0.05282726615963795,1.1435013807072785,43964000.0,unchecked,,0.0,general_dcf,0.09384099823085856,0.01949634443113467,True,0.0455,0.08508809872637874,0.04603104885101188,0.17496143615060322,45,1.0
AKAM,"Akamai Technologies, Inc.",NASDAQ,common_stock,False,1999-10-29,Technology,Software - Infrastructure,US,145385451.00257924,0.633,17473877356.0,2026-07-17,fmp:company-screener,2026-07-18T01:44:23.956560+00:00,120.19,2026-07-17,17473877356.0,661050400.3175,True,8,2025,ttm,2026-05-08,discrete,ok,4266646000.0,0.06463602570036953,0.020280837346490978,0.572299178324145,0.1367158184672457,583318000.0,0.0,0.17709245816795977,755590828.2724929,653515937.3153788,463340774.6220944,3.0884855196044207,0.03179391448598332,0.13509281364688866,0.05124025743522671,-0.030526924258574523,4937260000.0,5867705000.0,True,10.46760937443922,3.793054704077415,0.09856212517238061,-0.9619782574410402,0.10005466129572092,False,0.0,1305849000.0,-0.022185651472434675,3.0087479551135035,150022000.0,unchecked,,0.0,general_dcf,0.07403543002234803,0.011135857545636037,True,0.0455,0.07090986104525582,0.05232688477436324,-0.019669603610029104,70,1.0
CDW,CDW Corporation,NASDAQ,common_stock,False,2013-06-27,Technology,Information Technology Services,US,127753450.99819873,0.962,17021869811.0,2026-07-17,fmp:company-screener,2026-07-18T01:44:23.956560+00:00,133.24,2026-07-17,17021869811.0,270561975.9603125,True,8,2025,ttm,2026-05-06,discrete,ok,22904800000.0,0.04716837528114315,0.0809633000225093,0.2157233418322797,0.07296287241102302,1671200000.0,0.0,0.0706090264135506,1617285628.1970937,1231750473.5072813,1105114770.2189732,8.5337047893357,0.006615728841439681,0.2383840850175591,0.156690489729125,0.3479403851802383,5567700000.0,6146300000.0,True,14.532173913043477,2.8305541433655312,0.003081143118383519,0.2189750147072326,-0.453139499336299,False,326900000.0,653900000.0,-0.01859168381327636,1.1850992763035815,129500000.0,unchecked,,0.0,general_dcf,0.05830216139309963,0.04504887378439894,True,0.0455,0.08099279241570485,0.04607776285643767,0.07569769731342015,72,1.0
GEN,Gen Digital Inc.,NASDAQ,common_stock,False,1989-06-23,Technology,Software - Infrastructure,US,602434000.0,1.207,16109085160.0,2026-07-17,fmp:company-screener,2026-07-18T01:44:23.956560+00:00,26.74,2026-07-17,16109085160.0,169161662.02875,True,8,2026,ttm,2026-05-21,discrete,ok,5000000000.0,0.007931476795870251,0.22457459664598023,0.7628,0.4282,2141000000.0,0.0,0.355338434982158,1776692174.91079,1335987095.1521106,1249624852.998824,2.051929151065392,0.11846545709140123,0.2480480783233077,0.15378059645713996,0.10027188194900236,7858000000.0,8260000000.0,True,3.7627416520210897,2.9832953682612,0.03631578947368421,0.8397645866054494,-0.01217322623760087,False,312000000.0,634000000.0,-0.008077897235781228,1.8989113530326593,609000000.0,unchecked,,0.0,general_dcf,0.2654807529710177,0.006060605973904387,True,0.0455,0.09176371025623395,0.06429188930335719,0.06201688620090601,57,1.0
NDSN,Nordson Corporation,NASDAQ,common_stock,False,1980-03-18,Industrials,Industrial - Machinery,US,55718000.0,0.969,16101387640.0,2026-07-17,fmp:company-screener,2026-07-18T01:44:23.956560+00:00,288.98,2026-07-17,16101387640.000002,118180709.86,True,8,2025,ttm,2026-05-21,discrete,ok,2903637000.0,0.03099100141540756,0.05205376065131234,0.5510960908681078,0.2636817205456467,765636000.0,0.0,0.2532505691538013,735347722.866036,584731848.419825,553196422.4118305,9.85861426784935,0.032489583208163045,0.20482265704064728,0.11998824591370559,0.03974633978397207,1871732000.0,1973749000.0,True,6.68082581455821,2.046836845276565,0.007047418864717588,0.5616324886292451,1.3239837614026082,False,181774000.0,381011000.0,-0.012375917292465122,1.3154691451979823,56113000.0,unchecked,,0.0,general_dcf,0.06492269511914683,0.006919840013710485,True,0.0455,0.08894422045984961,0.04810822924904084,0.031044025453855983,57,1.0
TSCO,Tractor Supply Company,NASDAQ,common_stock,False,1994-02-17,Consumer Cyclical,Specialty Retail,US,524450000.0,0.456,16000969500.0,2026-07-17,fmp:company-screener,2026-07-18T01:44:23.956560+00:00,30.51,2026-07-17,16000969500.0,408908231.363125,True,8,2025,ttm,2026-05-07,discrete,ok,15649140000.0,0.1010940863197809,0.08958381765263242,0.32459668710229445,0.09276439472073225,1451683000.0,0.0,0.096563335188451,1511133151.2309961,1175920566.5307002,653816973.3838747,1.2379708533821696,0.005197141099759974,0.22182862206895912,0.1298717697760939,0.03805267903443068,6184509000.0,6408778000.0,True,21.158167057760416,3.1679429940129578,0.0036757814296607986,-0.3798940467718753,0.09677256140485369,False,491649000.0,370238000.0,-0.019772715036902033,1.2902137590352694,528135999.0,unchecked,,0.0,general_dcf,0.034249452821975224,0.014814814849670037,True,0.0455,0.065,0.04707936836482797,0.06487176977609391,71,1.0
NWSA,News Corporation,NASDAQ,common_stock,False,2013-06-19,Communication Services,Entertainment,US,561331886.9855787,0.899,15958665547.0,2026-07-17,fmp:company-screener,2026-07-18T01:44:23.956560+00:00,28.43,2026-07-17,15958665547.000002,126156685.761875,True,8,2025,annual,2025-08-06,annual,annual_anchor,8452000000.0,-0.009311320802890988,0.11461432411518795,1.0,0.11310932323710364,956000000.0,0.0,0.07525118018893645,636022974.9568908,429290624.5679296,621078276.550274,1.0898022048609826,0.02240980015903636,0.32503912363067294,0.06930110598314645,,537000000.0,2940000000.0,True,95.6,0.3795053003533569,0.0,1.7762187104840723,0.37890710713716913,False,185000000.0,150000000.0,-0.012879660099238022,4.12781954887218,569900000.0,unchecked,,0.0,general_dcf,0.04736422069031421,0.029345372484796087,True,0.0455,0.08273158683704825,0.04083513302034429,-0.013430480853901791,345,0.7
PTC,PTC Inc.,NASDAQ,common_stock,False,1989-12-08,Technology,Software - Application,US,115506000.0,0.994,14365481220.0,2026-07-17,fmp:company-screener,2026-07-18T01:44:23.956560+00:00,124.37,2026-07-17,14365481220.0,218812469.4653125,True,8,2025,ttm,2026-05-07,discrete,ok,2997860000.0,0.11964698925178596,0.07292697244043875,0.8431214266176539,0.38705276430520436,1160330000.0,0.0,0.21465823542404253,643515337.6483201,514860585.07511294,342184396.2323633,2.886341098347265,0.08936834833696056,0.1999249202720895,0.19333345910402724,0.29146960792156157,941940000.0,1381052000.0,True,17.075478639647994,0.7267853670731369,0.09722154544410373,2.0901104376314374,1.278779522509589,False,0.0,976157000.0,0.0009013606968777399,1.9928733329258927,118553000.0,unchecked,,0.0,general_dcf,0.049941430265978415,0.029411764630356156,True,0.0455,0.0910957975376505,0.04840454232353858,0.10223766156637674,71,1.0
COO,"The Cooper Companies, Inc.",NASDAQ,common_stock,False,1983-01-21,Healthcare,Medical - Instruments & Supplies,US,195031000.00000003,0.84,13985673010.0,2026-07-17,fmp:company-screener,2026-07-18T01:44:23.956560+00:00,71.71,2026-07-17,13985673010.0,195899641.4671875,True,8,2025,ttm,2026-06-05,discrete,ok,4231099999.0,0.07094746791504969,0.08126069854344418,0.6437096737594739,0.11767625442974079,497900000.0,0.0,0.16301111144007413,689716313.4510865,525639377.7529517,512206911.6097218,2.6267021108190862,0.0218134355373382,0.23789046670094582,0.035931474516320165,0.052212610579211796,2321400000.0,2460200000.0,True,5.348012889366273,2.6301835486063903,0.0,-2.4752026463793104,0.47450381759272753,False,0.0,357500000.0,-0.006412596201342491,2.064921821889871,195000000.0,unchecked,,0.0,general_dcf,0.05347058997043597,0.007533025746317216,True,0.0455,0.08130795920217623,0.04610762676459278,-0.04537648468585607,42,1.0
ZBRA,Zebra Technologies Corporation,NASDAQ,common_stock,False,1991-08-15,Technology,Communication Equipment,US,47633400.00000001,1.605,12737171160.0,2026-07-17,fmp:company-screener,2026-07-18T01:44:23.956560+00:00,267.4,2026-07-17,12737171160.0,238716529.378125,True,8,2025,ttm,2026-05-12,discrete,ok,5583000000.0,0.03581159084964791,0.1301856603228646,0.47465520329571914,0.14382948235715565,803000000.0,0.0,0.14730794126744565,822420236.0961491,705542955.7947177,805888246.7399629,15.910233754928027,0.025359000087872088,0.14211381866796305,0.11102056464296949,-0.061870115414357205,2735000000.0,2849000000.0,True,3.68348623853211,2.7268195413758725,0.0178678980124473,-0.347845891029,-0.37648760710099355,False,0.0,762000000.0,-0.012240574462547227,1.918560606060606,50652194.0,unchecked,,0.0,general_dcf,0.12598880342573948,0.0033057851166093315,True,0.0455,0.11617165760276305,0.07334926850388916,-0.00515109295979356,66,1.0
ALGN,"Align Technology, Inc.",NASDAQ,common_stock,False,2001-01-30,Healthcare,Medical - Devices,US,71618127.00271554,1.669,12659220129.0,2026-07-17,fmp:company-screener,2026-07-18T01:44:23.956560+00:00,176.76,2026-07-17,12659220128.999998,179482649.76625,True,8,2025,annual,2026-02-27,annual,annual_anchor,4034964000.0,0.10813455367511038,0.2091529314388585,0.6832519447509321,0.15271908249986865,616216000.0,0.0,0.1693170094374621,683188037.6678199,499976687.6678131,504531606.90876263,6.950620032357451,0.03799292288683854,0.2681711913830199,0.14695696076029993,-0.5358257089366919,-980462000.0,114446000.0,True,,-1.1485499946113873,0.04343647881026613,-0.6485240263424882,-1.9131966088400072,False,0.0,465939000.0,-0.025430839830211993,1.7520113346718498,72588000.0,unchecked,,0.0,general_dcf,0.040301507473133436,0.0071599046275978,True,0.0455,0.12835527884495085,0.0625713631367518,0.018601681915349083,140,0.7999999999999999
APA,APA Corporation,NASDAQ,common_stock,False,1979-05-15,Energy,Oil & Gas Exploration & Production,US,353470000.0,0.347,12449213400.0,2026-07-17,fmp:company-screener,2026-07-18T01:44:23.956560+00:00,35.22,2026-07-17,12449213400.0,218533496.2978125,True,8,2025,ttm,2026-05-07,discrete,ok,8611000000.0,0.028082479749838907,0.36952165396497444,0.5390779235861108,0.34630124259667866,2982000000.0,0.0,0.3184182911929025,2741899905.4620833,1927878607.4263425,741515058.1627892,2.094675305544602,0.14010627240624568,0.2968822079953194,0.19597132963435437,0.008723172606689075,4243000000.0,4536000000.0,True,11.928,0.7987575301204819,0.0,0.27327417731508136,0.2610480770021228,False,357000000.0,180000000.0,0.020593996919940682,3.1694560669456067,354000000.0,unchecked,,0.0,general_dcf,0.13898023975393148,0.15550510787248623,True,0.0455,0.065,0.04253862641628318,0.13097132963435437,71,1.0
TRMB,Trimble Inc.,NASDAQ,common_stock,False,1990-07-20,Technology,"Hardware, Equipment & Parts",US,233111519.0060698,1.383,12289639282.0,2026-07-17,fmp:company-screener,2026-07-18T01:44:23.956560+00:00,52.72,2026-07-17,12289639282.0,150025654.93625,True,8,2025,ttm,2026-05-06,discrete,ok,3686600000.0,0.020681196117285916,0.06473362779767873,0.6806000108501058,0.17818586231215755,656900000.0,0.0,0.12922263775761822,476392176.3572353,411990836.307908,401731526.59402066,1.6957852536683016,0.020169012826480516,0.13518555351134537,0.08334873016012517,0.021094141713031075,1178700000.0,1412800000.0,True,8.389527458492976,1.3828015016424213,0.04083851364536002,2.6268115276985236,-0.37888205777486017,False,0.0,558800000.0,-0.018042740614959585,0.9108490566037736,236900000.0,unchecked,,0.0,general_dcf,-0.02122009418664006,0.005602240989809515,True,0.0455,0.10822355122961748,0.052321274012563604,-0.024874821069492306,72,1.0
CSGP,"CoStar Group, Inc.",NASDAQ,common_stock,False,1998-07-01,Real Estate,Real Estate - Services,US,408355715.01007384,0.735,12160833193.0,2026-07-17,fmp:company-screener,2026-07-18T01:44:23.956560+00:00,29.78,2026-07-17,12160833193.0,251903319.6290625,True,8,2025,ttm,2026-04-29,discrete,ok,3411900000.0,0.15393417399277043,0.029694273849580725,0.7740262024092148,-0.007561769102259738,-25800000.0,0.0,0.190487205124872,649923295.1655507,489695694.4205476,568609938.2769709,1.373453957190751,0.10014965915321086,0.24653309388485506,-0.0025122055024257867,-0.0800471048627112,-175000000.0,1141000000.0,True,-1.4913294797687862,-0.6459948320413437,0.034623217922606926,-2.4671995742243014,-0.8966554729146446,False,0.0,869600000.0,0.013435211585532514,2.830569574621485,414000000.0,unchecked,,0.0,general_dcf,0.1728727129470815,0.02304291923277365,True,0.0455,0.08072070633458332,0.06442142047284488,-0.08323291183700911,79,1.0
HAS,"Hasbro, Inc.",NASDAQ,common_stock,False,1980-03-17,Consumer Cyclical,Leisure,US,141491000.0,0.482,11538591050.0,2026-07-17,fmp:company-screener,2026-07-18T01:44:23.956560+00:00,81.55,2026-07-17,11538591050.0,173849658.3396875,True,8,2025,annual,2026-02-25,annual,annual_anchor,4701300000.0,0.00375236020630787,0.13778959975133362,0.7026354412609278,0.22504413672813903,1058000000.0,0.0,0.10535031530997216,495283437.3667721,388760847.15657413,518173103.26626855,3.69595651402474,0.15143264068207754,0.21507400040780053,0.2716024684617174,,2519100000.0,3401100000.0,True,6.4749082007343945,2.0492150004067353,0.0,3.3193020755958527,2.4147851029857414,False,392500000.0,0.0,0.0031100678704076845,2.1976141078838176,140200000.0,unchecked,,0.0,general_dcf,0.10281696294818166,0.04809619226704991,True,0.0455,0.06526120123256421,0.047488022975328066,0.20634126722915316,142,0.85
PODD,Insulet Corp.,NASDAQ,common_stock,False,2007-05-15,Healthcare,Medical - Devices,US,69264673.99731806,1.111,11363562416.0,2026-07-17,fmp:company-screener,2026-07-18T01:44:23.956560+00:00,164.06,2026-07-17,11363562416.0,247276738.82625,True,8,2025,ttm,2026-05-06,discrete,ok,2900900000.0,0.2512966236922243,0.04755849895757652,0.7101244441380261,0.17484229032369264,507200000.0,0.0,0.09120143577728251,264566245.04631883,202106791.3188889,-277893500.76964825,-3.958484099735738,0.049523493296116765,0.23608247422680412,0.2188662763781082,0.33265370660312693,467700000.0,948100000.0,True,7.297841726618705,0.7767812655705032,0.028460314654410464,1.3923421593786578,2.3533386252452186,False,0.0,359600000.0,0.0013903323272508317,1.0286875448242887,70202000.0,unchecked,,0.0,general_dcf,0.23449687117593032,0.03625377645231194,True,0.0455,0.09682740553881565,0.04621701030927835,0.12203887083929256,72,1.0
TECH,Bio-Techne Corporation,NASDAQ,common_stock,False,1989-02-09,Healthcare,Biotechnology,US,156569000.0,1.289,11291756280.0,2026-07-17,fmp:company-screener,2026-07-18T01:44:23.956560+00:00,72.12,2026-07-17,11291756280.0,241864081.06,True,8,2025,ttm,2026-05-06,discrete,ok,1210811000.0,0.09576559931916306,0.08590492093657423,0.6495555458283745,0.12698431051584433,153754000.0,0.0,0.21244651555028604,257232577.93995738,222587776.9991219,212156667.66357926,1.351807138028324,0.057220050637440865,0.13468278869763606,0.061430211697803015,-0.2604211226685503,80503000.0,290322000.0,True,14.636268443598286,0.3168374113970632,0.03347968859535845,-1.4595299567954352,-0.5754809050276809,False,49819000.0,100081000.0,-0.014786527152423234,1.7785372237589603,156943000.0,unchecked,,0.0,general_dcf,-0.007577389265137513,0.016528926420766876,True,0.0455,0.10850621281614177,0.052351691283793016,-0.047076001118338755,72,1.0
JKHY,"Jack Henry & Associates, Inc.",NASDAQ,common_stock,False,1985-11-20,Technology,Information Technology Services,US,71050800.0,0.571,10776274836.0,2026-07-17,fmp:company-screener,2026-07-18T01:44:23.956560+00:00,151.67,2026-07-17,10776274836.0,200916162.454375,True,8,2025,ttm,2026-05-07,discrete,ok,2515689000.0,0.06419713505886548,0.029923890710580905,0.44056836914260866,0.2599518461940248,653958000.0,0.0,0.22906459806807788,576255289.6492848,448378496.5933093,561331819.4664356,7.798658193704125,0.01128855007794866,0.22190996829513315,0.23084539916000513,0.22769864648284072,69427000.0,90000000.0,True,118.79346049046322,0.08034156186208843,0.013032019689981193,3.062573232099325,2.644146753041394,False,169637000.0,284413000.0,-0.006887635794286973,1.4075848934060051,71978000.0,unchecked,,0.0,general_dcf,0.06957226891073343,0.009094210438383623,True,0.0455,0.073826574786299,0.04707444691814445,0.15701882437370612,71,1.0
DPZ,"Domino's Pizza, Inc.",NASDAQ,common_stock,False,2004-07-13,Consumer Cyclical,Restaurants,US,33261899.000558693,0.975,10716318620.0,2026-07-17,fmp:company-screener,2026-07-18T01:44:23.956560+00:00,322.18,2026-07-17,10716318620.0,291879690.7528125,True,8,2025,ttm,2026-04-27,discrete,ok,4978532000.0,0.05337097893699405,0.040858151137734056,0.4007054690017057,0.19588967189524945,975243000.0,0.0,0.17766900952576264,884530849.3323141,718542357.5075309,517978582.393764,15.318012195586693,0.008342480322714937,0.18765709748854909,0.7953510962735598,,4902851000.0,5135773000.0,True,4.960191034209161,4.607327781442702,0.009036448222406748,1.7938319761756323,1.1577711887507955,False,237703000.0,395728000.0,-0.02150386947508398,1.138207498102551,33815000.0,unchecked,,0.0,general_dcf,0.05823188343798158,0.038535645554943695,True,0.0455,0.07963741248142789,0.04914674560194278,0.715713683792132,81,1.0
HSIC,"Henry Schein, Inc.",NASDAQ,common_stock,False,1995-11-03,Healthcare,Medical - Distribution,US,113917000.00000001,0.806,10004190940.0,2026-07-17,fmp:company-screener,2026-07-18T01:44:23.956560+00:00,87.82,2026-07-17,10004190940.0,117034354.7040625,True,8,2025,ttm,2026-05-05,discrete,ok,13384000000.0,-0.0001948354983694056,0.12718872113292917,0.29692169754931264,0.05596234309623431,749000000.0,0.0,0.05769458738710034,772184357.588951,594797384.7742769,589028983.4097704,5.075156556221044,0.007967725275084866,0.2297210129567281,0.08389398884621356,-0.03311241926184948,3611000000.0,3749000000.0,True,4.863636363636363,3.3810861423220975,0.003077408664089008,-0.17322442908660335,-1.2426323113264546,False,0.0,814000000.0,-0.05552040579331741,1.7889447236180904,116061244.0,unchecked,,0.0,general_dcf,0.050254300028033105,0.006559766720583325,True,0.0455,0.0751149337245169,0.04660187871611795,0.00877905512169666,73,1.0
SWKS,"Skyworks Solutions, Inc.",NASDAQ,common_stock,False,1984-09-07,Technology,Semiconductors,US,150406000.0,1.497,8926596100.0,2026-07-17,fmp:company-screener,2026-07-18T01:44:23.956560+00:00,59.35,2026-07-17,8926596100.0,375753653.5803125,True,8,2025,ttm,2026-05-05,discrete,ok,4044300000.0,0.007895169321973539,0.2146516897199244,0.41070148109685234,0.09368741191306283,378900000.0,0.0,0.27206351044866306,1100306455.307528,990275809.7767752,823477478.8502336,5.467977947212706,0.07129804891555853,0.1,0.06385357176294354,,-425200000.0,996600000.0,True,13.87912087912088,-0.5052881758764112,0.04315461943513643,-3.0107607506610066,-2.2040369277759644,False,422700000.0,383200000.0,-0.026626326824619295,2.7264724376441,150600000.0,unchecked,,0.0,general_dcf,-0.026416661878765568,0.022900763479452878,True,0.0455,0.1137315739064151,0.05445,-0.04987800214347156,73,1.0
TTD,"The Trade Desk, Inc.",NASDAQ,common_stock,False,2016-09-21,Communication Services,Advertising Agencies,US,470108354.9757934,1.04,8739314319.0,2026-07-17,fmp:company-screener,2026-07-18T01:44:23.956560+00:00,18.59,2026-07-17,8739314319.0,370771742.75875,True,8,2025,ttm,2026-05-07,discrete,ok,2969120000.0,0.29379367691523206,0.08068240558993618,0.7783188284744301,0.20259066659481598,601516000.0,0.0,0.1711063344506371,508035239.74407566,408565481.06604487,99149138.20416649,0.20791082551520287,0.05033162122288732,0.19579302949169225,0.3288207697076124,0.48860470771143266,-982340000.0,423575000.0,True,825.1248285322359,-1.3554265927034115,0.20234486555512426,0.49317314785915606,1.137010962964247,False,0.0,1157686000.0,-0.015605915567558415,2.2393684694927183,476883000.0,unchecked,,0.0,general_dcf,0.10162433305545648,0.018867924611282966,True,0.0455,0.09524200879832215,0.048654521715752616,0.23357876090929028,71,1.0
