rank,ticker,price,expected_irr,median_irr,p10_irr,p90_irr,above_hurdle_weight,hurdle_rate,permanent_loss_weight,worst_case_shortfall,worst_case_hurdle_gap,expected_shortfall,hurdle_cvar,intrinsic_value_low,intrinsic_value_base,intrinsic_value_high,intrinsic_value_bear,intrinsic_value_bull,scenario_order_inversion,scenario_order_note,upside_to_base,model_confidence,data_confidence,model_uncertainty,business_quality,valuation_excess,evidence_confidence,valuation_status,invalid_reason,invalid_fields,assumption_flags,valuation_alerts,requires_manual_review,roic_status,catastrophic_tail_floor_applied,catastrophic_tail_scenarios,name,sector,industry,model_family,market_cap,financial_persistence_score,roic,incremental_roic,wacc,roic_minus_wacc,normalized_operating_margin,current_operating_margin,revenue_cagr,net_debt_to_ebitda,sbc_intensity,net_share_change_cagr,risk_flags,years_of_data,latest_fiscal_year,anchor_source,latest_filing_date,price_as_of,is_price_fresh,shares_outstanding,beta,specialist_model_note,downside_penalty,ambiguity_penalty,permanent_loss_penalty,hurdle_penalty,robust_return,ineligible_reasons,eligible
1,UHS,151.16,0.294844843998726,0.3135969422757627,0.14008993011666465,0.4120955613267142,1.0,0.12,0.0,0.0,0.0,0.0,0.0,178.45562464794716,330.8547559982058,467.85753725466424,178.45562464794716,467.85753725466424,False,,1.1887718708534387,0.76779,1.0,0.1429691156050248,0.7832,0.19359694227576268,0.76779,valid,,,share_change_floor_hit;intrinsic_2x_price,,False,ok,False,,"Universal Health Services, Inc.",Healthcare,Medical - Care Facilities,general_dcf,9463573750.0,0.7832,0.12468849972603302,0.22875878037240152,0.0806525669604862,0.04403593276554682,0.10734202554714209,0.11497840885602606,0.0705902397892153,1.87669620079509,0.006142007240454682,-0.05801175829131966,,8.0,2025.0,ttm,2026-05-07,2026-07-17,True,,,,0.0,0.0714845578025124,0.0,0.0,0.14864179630990781,,True
2,FOXA,57.62,0.2720871774043189,0.29399153806734835,0.10708771218778568,0.3932779212947934,0.75,0.12,0.0,0.0,0.012912287812214318,0.0,0.012912287812214318,66.99467799636992,130.10889805821174,182.41940177755308,66.99467799636992,182.41940177755308,False,,1.258050990250117,0.68445,1.0,0.15256160455350384,0.8979,0.17399153806734835,0.68445,valid,,,forward_roic_cap_hit;share_change_floor_hit;intrinsic_2x_price,,False,ok,False,,Fox Corporation,Communication Services,Entertainment,general_dcf,25266649054.0,0.8979,0.16895503711597137,0.8856477997370426,0.06713308694247724,0.10182195017349413,0.2005283937430593,0.19727177334732424,0.06996718821585945,0.8351403947734223,0.006437768240343348,-0.0882628934835914,,8.0,2025.0,ttm,2026-05-11,2026-07-17,True,,,,0.0,0.07628080227675192,0.0,0.012912287812214318,0.10617622041798226,,True
3,VICI,26.87,0.27794303202487836,0.32233928871312045,0.14475426196015206,0.32233928871312045,1.0,0.12,0.0,0.0,0.0,0.0,0.0,52.82372361076347,108.63810332926103,108.63810332926103,52.82372361076347,108.63810332926103,False,,3.0431002355512105,0.6,0.8,0.10679251337648418,0.4862356944014846,0.20233928871312046,0.48,valid,,,specialist_model_v1,,False,specialist,False,,VICI Properties Inc.,Real Estate,REIT - Specialty,reit,28724836100.0,,,,,,,,,,,,,,,,,2026-07-17,True,1069030000.0,0.683,P/AFFO Gordon proxy; no property-level NOI or maintenance-capex detail,0.0,0.05339625668824209,0.0,0.0,0.09712285858229781,,True
4,CTSH,44.77,0.21484091453312432,0.22348366316873583,0.12701890808530153,0.2853774237097241,1.0,0.12,0.0,0.0,0.0,0.0,0.0,52.46444517926414,73.89493640980443,92.74601035181956,52.46444517926414,92.74601035181956,False,,0.6505458210811799,0.8724,1.0,0.08300725781221127,0.8655,0.10348366316873583,0.8724,valid,,,,,False,ok,False,,Cognizant Technology Solutions Corporation,Technology,Information Technology Services,general_dcf,21215115130.0,0.8655,0.1723955492618894,0.1406886596808351,0.0863498630538932,0.08604568620799621,0.14961661544644123,0.1566383257030739,0.03921825270499446,-0.10875127942681678,0.008867044993919741,-0.02773719033995936,,8.0,2025.0,ttm,2026-04-29,2026-07-17,True,,,,0.0,0.041503628906105636,0.0,0.0,0.09027914774840513,,True
5,OMC,81.73,0.2373641640660935,0.24409495772561057,0.1537750304036308,0.30749171040952206,1.0,0.12,0.0,0.0,0.0,0.0,0.0,121.37213741134856,180.50750534444649,234.06018400805465,121.37213741134856,234.06018400805465,False,,1.2085832049975096,0.679104,0.85,0.09098522000294562,0.8014,0.12409495772561058,0.5772384,valid,,,base_growth_cap_hit;reinvestment_cap_hit;intrinsic_2x_price,,False,ok,False,,Omnicom Group Inc.,Communication Services,Advertising Agencies,general_dcf,23293556399.0,0.8014,0.10625854426677338,0.02465586598481794,0.06636388283648179,0.03989466143029159,0.14642359336986555,0.14972875016645534,0.017562263432874925,2.06084951795445,0.005825700645671198,-0.0033931429086506704,incremental_roic_below_wacc,8.0,2025.0,annual,2026-02-20,2026-07-17,True,,,,0.0,0.04549261000147281,0.0,0.0,0.07163237484559909,,True
6,ARE,50.22,0.24400374297862493,0.267737124346042,0.17280359887637364,0.267737124346042,1.0,0.12,0.0,0.0,0.0,0.0,0.0,111.4302636986526,164.44578648042392,164.44578648042392,111.4302636986526,164.44578648042392,False,,2.274507894871046,0.6,0.8,0.06546676273483418,0.6776109384348231,0.14773712434604203,0.48,valid,,,specialist_model_v1,,False,specialist,False,,"Alexandria Real Estate Equities, Inc.",Real Estate,REIT - Office,reit,8751789180.0,,,,,,,,,,,,,,,,,2026-07-17,True,174269000.0,1.183,P/AFFO Gordon proxy; no property-level NOI or maintenance-capex detail,0.0,0.03273338136741709,0.0,0.0,0.07091381968610017,,True
7,TTD,18.59,0.2481899426318705,0.2776529591996223,0.07637862055562437,0.36107523157261306,0.75,0.12,0.0,0.0,0.04362137944437562,0.0,0.04362137944437562,17.542083379892052,36.465835674921166,48.287612562380566,17.542083379892052,48.287612562380566,False,,0.9615834144659046,0.713,1.0,0.15095830550849434,0.9118,0.1576529591996223,0.713,valid,,,,,False,ok,False,,"The Trade Desk, Inc.",Communication Services,Advertising Agencies,general_dcf,8739314319.0,0.9118,0.3288207697076124,0.48860470771143266,0.09524200879832215,0.23357876090929028,0.1711063344506371,0.20259066659481598,0.29379367691523206,-1.3554265927034115,0.20234486555512426,-0.015605915567558415,heavy_sbc,8.0,2025.0,ttm,2026-05-07,2026-07-17,True,,,,0.0,0.07547915275424717,0.0,0.04362137944437562,0.06878518046495508,,True
8,CMCSA,23.79,0.18873877149890178,0.18434173210989688,0.14883840889669953,0.2374332128791139,1.0,0.12,0.0,0.0,0.0,0.0,0.0,30.908232925861878,38.98314372159771,52.20771811955724,30.908232925861878,52.20771811955724,False,,0.6386357175955324,0.5439069,0.85,0.06248019499120719,0.7638,0.06434173210989688,0.46232086499999997,valid,,,forward_roic_floor_hit;share_change_floor_hit;wacc_floor_hit;reinvestment_cap_hit,,False,ok,False,,Comcast Corporation,Communication Services,Telecommunications Services,general_dcf,84983315777.0,0.7638,0.08412354861205212,-0.010702595763399403,0.065,0.01912354861205212,0.1873066409912772,0.1528360925302128,0.039212419385326935,2.407101662331788,0.010207942618366071,-0.06535161292900282,thin_interest_coverage;incremental_roic_below_wacc,8.0,2025.0,ttm,2026-04-23,2026-07-17,True,,,,0.0,0.031240097495603594,0.0,0.0,0.0297465252446458,,True
9,BXP,69.85,0.1826510065651536,0.20848612367843433,0.10514565522531139,0.20848612367843433,0.75,0.12,0.0,0.0,0.01485434477468861,0.0,0.01485434477468861,115.15001891553031,180.04238219931833,180.04238219931833,115.15001891553031,180.04238219931833,False,,1.577557368637342,0.6,0.8,0.06967023422656146,0.6395717358818989,0.08848612367843434,0.48,valid,,,specialist_model_v1,,False,specialist,False,,"BXP, Inc.",Real Estate,REIT - Office,reit,11139495761.0,,,,,,,,,,,,,,,,,2026-07-17,True,159477390.99498928,1.039,P/AFFO Gordon proxy; no property-level NOI or maintenance-capex detail,0.0,0.03483511711328073,0.0,0.01485434477468861,0.027618994590959872,,True
10,CPT,112.97,0.19668680356196022,0.2314905932528999,0.09227543448914122,0.2314905932528999,0.75,0.12,0.0,0.0,0.02772456551085878,0.0,0.02772456551085878,175.64021525832842,319.97689730056766,319.97689730056766,175.64021525832842,319.97689730056766,False,,1.832405924586772,0.6,0.8,0.08760757938187932,0.5489153021361484,0.1114905932528999,0.48,valid,,,specialist_model_v1,,False,specialist,False,,Camden Property Trust,Real Estate,REIT - Residential,reit,11355744400.0,,,,,,,,,,,,,,,,,2026-07-17,True,100520000.0,0.798,P/AFFO Gordon proxy; no property-level NOI or maintenance-capex detail,0.0,0.04380378969093966,0.0,0.02772456551085878,0.025790919250533166,,True
11,ELV,373.11,0.1534005051118584,0.14313841550319928,0.12230327116412809,0.20502191827690697,1.0,0.12,0.0,0.0,0.0,0.0,0.0,463.8040144621414,525.0008158881728,686.9596597999521,463.8040144621414,686.9596597999521,False,,0.40709392910448083,0.668736,1.0,0.05129724355638944,0.8267,0.023138415503199283,0.668736,valid,,,forward_roic_floor_hit;reinvestment_cap_hit,,False,ok,False,,Elevance Health Inc.,Healthcare,Medical - Healthcare Plans,general_dcf,80916100792.0,0.8267,0.14191121591929173,-0.055718693137273054,0.07051388212831082,0.07139733379098091,0.05862056864328994,0.03511458732155554,0.11643811436572027,-0.7545189504373178,0.0013860640301318267,-0.0354245980130079,incremental_roic_below_wacc,8.0,2025.0,ttm,2026-07-15,2026-07-17,True,,,,0.0,0.02564862177819472,0.0,0.0,0.015473491429947476,,True
12,AVB,192.53,0.17503529911097848,0.21009451190953965,0.06985766071529498,0.21009451190953965,0.75,0.12,0.0,0.0,0.05014233928470502,0.0,0.05014233928470502,269.8537234042826,499.5682940729988,499.5682940729988,269.8537234042826,499.5682940729988,False,,1.5947555917155705,0.6,0.8,0.08811842559712232,0.5401738393046428,0.09009451190953965,0.48,valid,,,specialist_model_v1,,False,specialist,False,,"AvalonBay Communities, Inc.",Real Estate,REIT - Residential,reit,27314627712.0,,,,,,,,,,,,,,,,,2026-07-17,True,141872060.0010388,0.78,P/AFFO Gordon proxy; no property-level NOI or maintenance-capex detail,0.0,0.04405921279856116,0.0,0.05014233928470502,-0.0068969735681259844,robust_return<=0,False
13,UDR,39.76,0.17552904901265393,0.21554634191704491,0.05547717029948096,0.21554634191704491,0.75,0.12,0.0,0.0,0.06452282970051904,0.0,0.06452282970051904,52.08235291667565,105.51251601091964,105.51251601091964,52.08235291667565,105.51251601091964,False,,1.6537353121458662,0.6,0.8,0.09803458580878197,0.4936130317590529,0.09554634191704492,0.48,valid,,,specialist_model_v1,,False,specialist,False,,"UDR, Inc.",Real Estate,REIT - Residential,reit,12918660160.0,,,,,,,,,,,,,,,,,2026-07-17,True,324916000.0,0.695,P/AFFO Gordon proxy; no property-level NOI or maintenance-capex detail,0.0,0.04901729290439098,0.0,0.06452282970051904,-0.018660585580337473,robust_return<=0,False
14,ZTS,76.56,0.160362278597313,0.17549055820563814,0.04287731583463031,0.2475906821433455,0.75,0.12,0.0,0.0,0.07712268416536969,0.0,0.07712268416536969,65.11441919627478,110.17309914867957,144.590286225515,65.11441919627478,144.590286225515,False,,0.4390425698625857,0.9034,1.0,0.1052546831543576,0.9836,0.05549055820563814,0.9034,valid,,,,,False,ok,False,,Zoetis Inc.,Healthcare,Drug Manufacturers - General,general_dcf,32096104714.0,0.9836,0.2738915773093571,0.23669392751065474,0.07532643142746868,0.1985651458818884,0.359833772599066,0.3757492901461773,0.0718423707978999,1.7975369458128079,0.007994814174589455,-0.03523068558743281,,8.0,2025.0,ttm,2026-05-07,2026-07-17,True,,,,0.0,0.0526273415771788,0.0,0.07712268416536969,-0.026992513882396194,robust_return<=0,False
15,CPAY,365.79,0.15508588428238002,0.16949899020692105,0.039030392702261475,0.24231516401341652,0.75,0.12,0.0,0.0,0.08096960729773853,0.0,0.08096960729773853,309.1828350734583,520.9048655272461,686.5447178820219,309.1828350734583,686.5447178820219,False,,0.42405441790985554,0.8363,1.0,0.10655338565557752,0.9886,0.049498990206921056,0.8363,valid,,,,,False,ok,False,,"Corpay, Inc.",Technology,Software - Infrastructure,general_dcf,23908736351.0,0.9886,0.3029615309342451,,0.07609537750396589,0.22686615343027922,0.43970602965951056,0.4299182874928168,0.09277496065239532,0.6245828700803341,0.029367564797265832,-0.037931964668205365,thin_interest_coverage,8.0,2025.0,ttm,2026-05-08,2026-07-17,True,,,,0.0,0.05327669282778876,0.0,0.08096960729773853,-0.03957360178769045,robust_return<=0,False
16,HPQ,24.84,0.09011008736561055,0.07289896225556733,0.07289896225556733,0.1237099540885538,0.25,0.12,0.0,0.0,0.04710103774443267,0.0,0.04710103774443267,21.901152968712147,21.901152968712147,28.23858462425934,23.956653094422432,28.23858462425934,True,"growth destroys value: forward ROIC 2.0% at/below WACC 9.1%, so higher-growth scenarios reinvest below the cost of capital and are worth less than the bear case",-0.1183110721130376,0.669951,1.0,0.03530696591649324,0.9686,-0.04710103774443267,0.669951,valid,,,forward_roic_floor_hit;reinvestment_cap_hit,,False,ok,False,,HP Inc.,Technology,Computer Hardware,general_dcf,22716751320.0,0.9686,0.48920776765767315,-0.3893044128646223,0.09068287577029757,0.3985248918873756,0.06576206509215812,0.055088214291934445,-0.007949026438381246,1.435138387484958,0.008439291248903079,-0.041370451935990316,incremental_roic_below_wacc,8.0,2025.0,ttm,2026-05-28,2026-07-17,True,,,,0.0,0.01765348295824662,0.0,0.04710103774443267,-0.04710103774443267,robust_return<=0; median_irr<=hurdle,False
17,EQR,69.0,0.15211682376743374,0.16123733159222398,0.04873126993375898,0.23726136195152803,0.75,0.12,0.0,0.0,0.07126873006624102,0.0,0.07126873006624102,87.53267048949857,145.69814968012673,200.0581941124523,87.53267048949857,200.0581941124523,False,,1.1115673866685034,0.6,0.8,0.11226504600888451,0.6007809342923869,0.04123733159222398,0.48,valid,,,specialist_model_v1,,False,specialist,False,,Equity Residential,Real Estate,REIT - Residential,reit,25855128000.0,,,,,,,,,,,,,,,,,2026-07-17,True,374712000.0,0.754,P/AFFO Gordon proxy; no property-level NOI or maintenance-capex detail,0.0,0.056132523004442256,0.0,0.07126873006624102,-0.051474810901973506,robust_return<=0,False
18,HUM,400.0,0.14776567113367495,0.15447595187724805,0.04319484265288341,0.23891593812732032,0.75,0.12,0.0,0.0,0.07680515734711658,0.0,0.07680515734711658,342.30508141236413,567.5807313805319,811.093214519841,342.30508141236413,811.093214519841,False,,0.41895182845132983,0.601344,1.0,0.10982022773721845,0.6612,0.03447595187724806,0.601344,valid,,,forward_roic_floor_hit;reinvestment_cap_hit,,False,ok,False,,Humana Inc.,Healthcare,Medical - Healthcare Plans,general_dcf,48024600000.0,0.6612,0.1021763675998857,-3.1877500630455566,0.0781031410713616,0.024073226528524103,0.03738824841318843,0.010087463556851311,0.12474239016717803,-3.6451760402377684,0.0017570515486669326,-0.017189413989020408,thin_interest_coverage;incremental_roic_below_wacc,8.0,2025.0,ttm,2026-04-29,2026-07-17,True,,,,0.0,0.05491011386860922,0.0,0.07680515734711658,-0.05607325054144473,robust_return<=0,False
19,HST,23.94,0.11213463728312972,0.13461154450460167,0.044703915618713896,0.13461154450460167,0.75,0.12,0.0,0.0,0.0752960843812861,0.0,0.0752960843812861,29.791355120543063,45.01529874934615,45.01529874934615,29.791355120543063,45.01529874934615,False,,0.8803382936234816,0.6,0.8,0.06295381444294387,0.6618051184426669,0.01461154450460167,0.48,valid,,,specialist_model_v1,,False,specialist,False,,"Host Hotels & Resorts, Inc.",Real Estate,REIT - Hotel & Motel,reit,16396009987.000002,,,,,,,,,,,,,,,,,2026-07-17,True,684879280.9941521,1.119,P/AFFO Gordon proxy; no property-level NOI or maintenance-capex detail,0.0,0.031476907221471936,0.0,0.0752960843812861,-0.0682825430190773,robust_return<=0,False
20,INVH,30.12,0.12486210799427216,0.1556445875478616,0.03251466933350389,0.1556445875478616,0.75,0.12,0.0,0.0,0.08748533066649611,0.0,0.08748533066649611,35.34566201819255,62.083531884715796,62.083531884715796,35.34566201819255,62.083531884715796,False,,1.0612062378723701,0.6,0.8,0.07956495910717884,0.5693242788413946,0.035644587547861595,0.48,valid,,,specialist_model_v1,,False,specialist,False,,Invitation Homes Inc.,Real Estate,REIT - Residential,reit,17892545040.0,,,,,,,,,,,,,,,,,2026-07-17,True,594042000.0,0.843,P/AFFO Gordon proxy; no property-level NOI or maintenance-capex detail,0.0,0.03978247955358942,0.0,0.08748533066649611,-0.07037592864352255,robust_return<=0,False
21,ADBE,237.25,0.12264103813286058,0.13243223347526512,0.03124757260957269,0.1944521129713394,0.75,0.12,0.0,0.0,0.08875242739042731,0.0,0.08875242739042731,170.60618177317974,250.59750888040625,313.0197560610924,170.60618177317974,313.0197560610924,False,,0.05625925766240791,0.78426,1.0,0.08807447018088335,0.9778,0.01243223347526512,0.78426,valid,,,share_change_floor_hit,,False,ok,False,,Adobe Inc.,Technology,Software - Application,general_dcf,94306875000.0,0.9778,0.5828394717436669,,0.11248835674804507,0.4703511149956218,0.33594547644152983,0.36074291610445275,0.14827553206887933,0.14610620367550006,0.08746803069053709,-0.05143219139045718,heavy_sbc,8.0,2025.0,ttm,2026-06-15,2026-07-17,True,,,,0.0,0.044037235090441676,0.0,0.08875242739042731,-0.07900232396511589,robust_return<=0,False
22,IT,140.19,0.16094657733774514,0.17875491534941831,-0.0076864074508193585,0.2939628861029633,0.75,0.12,0.0,0.0076864074508193585,0.12768640745081936,0.0076864074508193585,0.12768640745081936,93.76731455518892,195.89118388760568,294.9599648371295,93.76731455518892,294.9599648371295,False,,0.39732637055143516,0.741,1.0,0.1585946467768913,0.9097,0.05875491534941832,0.741,valid,,,,,False,ok,False,,"Gartner, Inc.",Technology,Consulting Services,general_dcf,9385986721.0,0.9097,0.4871764983225668,,0.08176949051622635,0.4054070078063405,0.17117715207499506,0.1643040718597466,0.07269833519446389,1.3412353262700285,0.02399120490250038,-0.04790800813604068,,8.0,2025.0,ttm,2026-05-05,2026-07-17,True,,,,0.0076864074508193585,0.07929732338844565,0.0,0.12768640745081936,-0.08414901517690038,robust_return<=0,False
23,MO,74.21,0.14321749293303584,0.16218011317541825,-0.0023099331301636716,0.2508196785114706,0.75,0.12,0.0,0.0023099331301636716,0.12230993313016367,0.0023099331301636716,0.12230993313016367,54.1883837164647,107.51252351537407,150.7470477519988,54.1883837164647,150.7470477519988,False,,0.44876059177164906,0.8869,1.0,0.12995780582081715,0.9577,0.042180113175418255,0.8869,valid,,,,,False,ok,False,,"Altria Group, Inc.",Consumer Defensive,Tobacco,general_dcf,123922628549.0,0.9577,0.4597417918845177,,0.06625740258695657,0.39348438929756113,0.5487126521180992,0.5073114829245932,0.003685641666252071,1.8617246863403427,0.0,-0.024816219778510784,,8.0,2025.0,ttm,2026-04-30,2026-07-17,True,,,,0.0023099331301636716,0.06497890291040857,0.0,0.12230993313016367,-0.08490039075488522,robust_return<=0,False
24,GIS,37.97,0.1526658793096431,0.17347921503242109,-0.001441105152480276,0.2651461923262104,0.75,0.12,0.0,0.001441105152480276,0.12144110515248027,0.001441105152480276,0.12144110515248027,27.149570686612467,57.05079270361752,82.86615137904359,27.149570686612467,82.86615137904359,False,,0.5025228523470509,0.7850699999999999,0.85,0.14424154873934533,0.8056,0.05347921503242109,0.6673094999999999,valid,,,wacc_floor_hit,,False,ok,False,,"General Mills, Inc.",Consumer Defensive,Packaged Foods,general_dcf,20264892722.0,0.8056,0.1098375745945436,,0.065,0.0448375745945436,0.17023929762976736,0.1506192807442224,0.01271362544800514,3.9288352400684623,0.004705797830303901,-0.03070705768587223,elevated_leverage;thin_interest_coverage,8.0,2026.0,annual,2026-07-01,2026-07-17,True,,,,0.001441105152480276,0.07212077436967267,0.0,0.12144110515248027,-0.08575391690880288,robust_return<=0,False
25,HCA,371.18,0.13207280863243798,0.14920487380586567,0.005867214473255474,0.22401427244476513,0.75,0.12,0.0,0.0,0.11413278552674452,0.0,0.11413278552674452,243.25532639827222,459.5498664778822,627.9050790386531,243.25532639827222,627.9050790386531,False,,0.23807820054389284,0.81135,1.0,0.11473302898575483,0.9684,0.029204873805865672,0.81135,valid,,,share_change_floor_hit,,False,ok,False,,"HCA Healthcare, Inc.",Healthcare,Medical - Care Facilities,general_dcf,82342496964.0,0.9684,0.22229449002053037,0.20581754978431388,0.0815201433938125,0.14077434662671787,0.1487826149175951,0.15673927842069435,0.07131449251891953,3.1417833740203007,0.0,-0.08375874484786883,elevated_leverage,8.0,2025.0,ttm,2026-04-29,2026-07-17,True,,,,0.0,0.05736651449287741,0.0,0.11413278552674452,-0.09043741116435541,robust_return<=0,False
26,EOG,139.89,0.21575032386463142,0.23396582550485626,-0.03542088016401974,0.4304905246128329,0.75,0.12,0.0,0.03542088016401974,0.15542088016401973,0.03542088016401974,0.15542088016401973,89.4708730321395,274.12330587130634,599.3174107321995,89.4708730321395,599.3174107321995,False,,0.9595632702216481,0.3996,1.0,0.2509677023884263,0.8308,0.11396582550485626,0.3996,valid,,,reinvestment_cap_hit,,False,ok,False,,"EOG Resources, Inc.",Energy,Oil & Gas Exploration & Production,general_dcf,74509470810.0,0.8308,0.1921508373909426,0.11979666979573474,0.06818502596439835,0.12396581142654425,0.3240782636756039,0.3692076821530469,0.03975957813758413,0.36241358830596976,0.00851227649927282,-0.03044624297727938,cyclical_revenue,8.0,2025.0,ttm,2026-05-05,2026-07-17,True,,,,0.03542088016401974,0.12548385119421315,0.0,0.15542088016401973,-0.10988013629227916,robust_return<=0,False
27,LDOS,106.48,0.176939968118677,0.20827639559283861,-0.046284012659452825,0.33749109394848353,0.75,0.12,0.0,0.046284012659452825,0.1662840126594528,0.046284012659452825,0.1662840126594528,62.759260776536706,185.42903981016724,301.788012788041,62.759260776536706,301.788012788041,False,,0.7414447765793317,0.6343920000000001,1.0,0.20285579330396816,0.792,0.08827639559283862,0.6343920000000001,valid,,,forward_roic_cap_hit;wacc_floor_hit,,False,ok,False,,"Leidos Holdings, Inc.",Technology,Information Technology Services,general_dcf,13393636420.0,0.792,0.14105264323409952,1.803534724862237,0.065,0.07605264323409952,0.08168230208944804,0.12032915921288015,0.07736031877777316,2.727711564790613,0.005101428399951986,-0.024762720249560388,,8.0,2025.0,ttm,2026-05-05,2026-07-17,True,,,,0.046284012659452825,0.10142789665198408,0.0,0.1662840126594528,-0.11028217350652073,robust_return<=0,False
28,O,65.71,0.10272941656271564,0.13825519432949362,-0.0038479167376183065,0.13825519432949362,0.75,0.12,0.0,0.0038479167376183065,0.1238479167376183,0.0038479167376183065,0.1238479167376183,64.45545891717002,125.55374503547397,125.55374503547397,64.45545891717002,125.55374503547397,False,,0.9107250804363716,0.6,0.8,0.08905155553355595,0.5133694649965141,0.01825519432949363,0.48,valid,,,specialist_model_v1,,False,specialist,False,,Realty Income Corporation,Real Estate,REIT - Retail,reit,61274084146.0,,,,,,,,,,,,,,,,,2026-07-17,True,932492529.9954345,0.729,P/AFFO Gordon proxy; no property-level NOI or maintenance-capex detail,0.0038479167376183065,0.04452577776677798,0.0,0.1238479167376183,-0.11508542345946136,robust_return<=0,False
29,TSN,57.77,0.12309130346984606,0.12340878117829565,-0.001582518033683272,0.2471301695564762,0.75,0.12,0.0,0.001582518033683272,0.12158251803368327,0.001582518033683272,0.12158251803368327,42.04573649972472,74.94919023964061,129.9621086778988,42.04573649972472,129.9621086778988,False,,0.29737216963199953,0.580446,1.0,0.13694296379507975,0.6055,0.0034087811782956556,0.580446,valid,,,forward_roic_floor_hit;reinvestment_cap_hit,,False,ok,False,,"Tyson Foods, Inc.",Consumer Defensive,Agricultural Farm Products,general_dcf,20566088631.0,0.6055,0.0388686065450989,-2.0474368084662204,0.06936239241227234,-0.03049378586717344,0.06748815026900128,0.0230479267635972,0.04482396796231858,2.8701741105223317,0.0018368509028122188,-0.00833372078387895,thin_interest_coverage;incremental_roic_below_wacc,8.0,2025.0,ttm,2026-05-04,2026-07-17,True,,,,0.001582518033683272,0.06847148189753988,0.0,0.12158251803368327,-0.11960390463386626,robust_return<=0,False
30,LEN,83.89,0.1001352911363938,0.10130841418867932,-2.3563380818786046e-05,0.19794789954903538,0.25,0.12,0.0,2.3563380818786046e-05,0.12002356338081878,2.3563380818786046e-05,0.12002356338081878,52.87781689544526,80.93303733368458,128.45090127081986,52.87781689544526,128.45090127081986,False,,-0.03524809472303514,0.45569790000000004,1.0,0.1153147944649271,0.4944,-0.018691585811320674,0.45569790000000004,valid,,,forward_roic_floor_hit;share_change_floor_hit;reinvestment_cap_hit,,False,ok,False,,Lennar Corporation,Consumer Cyclical,Residential Construction,general_dcf,20829490284.0,0.4944,0.057819436282628055,-39.218177040906106,0.09937039457064381,-0.041550958288015756,0.13824940334022323,0.06016531328928665,0.07525893763257141,2.0796652158213473,0.004782353398523541,-0.057554321947309584,weak_cash_conversion;incremental_roic_below_wacc,8.0,2025.0,ttm,2026-06-29,2026-07-17,True,,,,2.3563380818786046e-05,0.05765739723246355,0.0,0.12002356338081878,-0.12002356338081878,robust_return<=0; median_irr<=hurdle,False
31,INTU,291.09,0.09288880397289177,0.10426535769947806,-0.0002578259009169135,0.16328232639352788,0.25,0.12,0.0,0.0002578259009169135,0.12025782590091691,0.0002578259009169135,0.12025782590091691,192.76572737485995,303.7745530798989,386.28713922816723,192.76572737485995,386.28713922816723,False,,0.0435760523545945,0.831,1.0,0.0868400761472224,0.9444,-0.015734642300521934,0.831,valid,,,,,False,ok,False,,Intuit Inc.,Technology,Software - Application,general_dcf,79623885330.0,0.9444,0.2272296769211967,0.14923128059271104,0.09165756937188331,0.13557210754931337,0.25922285642412646,0.2746953405017921,0.17679911512930202,0.018226002430133656,0.11912803193122505,-0.009479243496282042,heavy_sbc,8.0,2025.0,ttm,2026-05-20,2026-07-17,True,,,,0.0002578259009169135,0.0434200380736112,0.0,0.12025782590091691,-0.12025782590091691,robust_return<=0; median_irr<=hurdle,False
32,PHM,126.08,0.08138127517304386,0.08987198586692102,-0.001668215327663319,0.14744934428599668,0.25,0.12,0.0,0.001668215327663319,0.12166821532766331,0.001668215327663319,0.12166821532766331,84.02656353866767,120.31602663761305,149.79951459554607,84.02656353866767,149.79951459554607,False,,-0.04571679380065796,0.6594300000000001,1.0,0.08477587980682999,0.7976,-0.030128014133078973,0.6594300000000001,valid,,,share_change_floor_hit,,False,ok,False,,"PulteGroup, Inc.",Consumer Cyclical,Residential Construction,general_dcf,24016519386.0,0.7976,0.16115075426634143,0.06851001784951659,0.0994535694872072,0.06169718477913423,0.17968502312346285,0.16402297759063325,0.0786780957076989,0.03128347128391695,0.0030473144461872353,-0.06369353690428192,incremental_roic_below_wacc,8.0,2025.0,ttm,2026-04-23,2026-07-17,True,,,,0.001668215327663319,0.042387939903414995,0.0,0.12166821532766331,-0.12166821532766331,robust_return<=0; median_irr<=hurdle,False
33,CPRT,27.61,0.06525407108129005,0.07192781073972584,-0.005379089107736918,0.12253975195344541,0.25,0.12,0.0,0.005379089107736918,0.1253790891077369,0.005379089107736918,0.1253790891077369,18.494742052433683,25.38385386317421,31.13383106714464,18.494742052433683,31.13383106714464,False,,-0.08062825558948894,0.8392,0.95,0.07028342053059115,0.978,-0.04807218926027415,0.79724,valid,,,,,False,ok,False,,"Copart, Inc.",Industrials,Specialty Business Services,general_dcf,25561655018.0,0.978,0.2961389065373297,0.3038365386306291,0.09655208501600657,0.19958682152132315,0.3705266255577967,0.36566622841310176,0.14458048241388965,-2.1418830709916064,0.00831613687897748,0.0002110956201459846,,8.0,2025.0,ttm,2026-05-29,2026-07-17,True,,,,0.005379089107736918,0.03514171026529558,0.0,0.1253790891077369,-0.1253790891077369,robust_return<=0; median_irr<=hurdle,False
34,REG,82.68,0.08502210619175998,0.11543120804944018,-0.006205199381280613,0.11543120804944018,0.0,0.12,0.0,0.006205199381280613,0.1262051993812806,0.006205199381280613,0.1262051993812806,80.14640916224594,142.76259187760957,142.76259187760957,80.14640916224594,142.76259187760957,False,,0.7266883391099366,0.6,0.8,0.07881820371536039,0.5613964282110786,-0.004568791950559814,0.48,valid,,,specialist_model_v1,,False,specialist,False,,Regency Centers Corporation,Real Estate,REIT - Retail,reit,15138442597.000002,,,,,,,,,,,,,,,,,2026-07-17,True,183096789.99758103,0.825,P/AFFO Gordon proxy; no property-level NOI or maintenance-capex detail,0.006205199381280613,0.03940910185768019,0.0,0.1262051993812806,-0.1262051993812806,robust_return<=0; median_irr<=hurdle,False
35,DECK,106.49,0.08136884292325705,0.08950602854019965,-0.007489099027588934,0.15395241364021786,0.25,0.12,0.0,0.007489099027588934,0.12748909902758893,0.007489099027588934,0.12748909902758893,69.74964211007688,102.60235846330878,129.95800468912694,69.74964211007688,129.95800468912694,False,,-0.03650710429797366,0.7479899999999999,1.0,0.0882810563339034,0.9559,-0.030493971459800345,0.7479899999999999,valid,,,forward_roic_cap_hit,,False,ok,False,,Deckers Outdoor Corporation,Consumer Cyclical,Apparel - Footwear & Accessories,general_dcf,14789437690.0,0.9559,1.0092935769104932,10.520224177237193,0.10244287804722291,0.9068506988632703,0.18901089246657682,0.23004941381117394,0.15243133665375241,-1.1484377459644957,0.008219898369165564,-0.04035792293318252,,8.0,2026.0,ttm,2026-05-22,2026-07-17,True,,,,0.007489099027588934,0.0441405281669517,0.0,0.12748909902758893,-0.12748909902758893,robust_return<=0; median_irr<=hurdle,False
36,BF-B,25.58,0.033512176928343275,0.044394415197894,-0.011812377208843799,0.0570722545264289,0.0,0.12,0.0,0.011812377208843799,0.13181237720884378,0.011812377208843799,0.13181237720884378,17.986120295973024,22.928670820040978,24.03233528258432,17.986120295973024,24.03233528258432,False,,-0.10364852149957082,0.683154,1.0,0.043947695867636354,0.8709,-0.075605584802106,0.683154,valid,,,forward_roic_floor_hit;reinvestment_cap_hit,,False,ok,False,,Brown-Forman Corporation,Consumer Defensive,Beverages - Wineries & Distilleries,general_dcf,11929032402.0,0.8709,0.15606011445148024,-0.044201954155991735,0.06714795730559583,0.08891215714588441,0.2998562717978978,0.29022403258655805,0.024138370352259964,1.4959415584415585,0.007044025157232704,-0.014965924395725527,weak_cash_conversion;incremental_roic_below_wacc,8.0,2026.0,ttm,2026-06-12,2026-07-17,True,,,,0.011812377208843799,0.021973847933818177,0.0,0.13181237720884378,-0.13181237720884378,robust_return<=0; median_irr<=hurdle,False
37,AZO,3046.44,0.11063014184774148,0.12753618834249209,-0.018710092386027076,0.20615828309200881,0.75,0.12,0.0,0.018710092386027076,0.13871009238602708,0.018710092386027076,0.13871009238602708,2028.0312086356712,3836.301442509076,5239.127951403255,2028.0312086356712,5239.127951403255,False,,0.25927359229430946,0.81,1.0,0.11813418773901795,0.98,0.0075361883424920895,0.81,valid,,,share_change_floor_hit,,False,ok,False,,"AutoZone, Inc.",Consumer Cyclical,Specialty Retail,general_dcf,49734348530.0,0.98,0.2991518828607477,0.1586407035521743,0.06598230500342227,0.2331695778573254,0.19519689421872288,0.1802466316602026,0.07764003168086742,2.902763589288981,0.0057460497597979655,-0.06675336159101442,,8.0,2025.0,ttm,2026-06-12,2026-07-17,True,,,,0.018710092386027076,0.05906709386950897,0.0,0.13871009238602708,-0.1326057798286085,robust_return<=0,False
38,MKC,51.7,0.12007363568700388,0.14007883816957475,-0.03549064699327571,0.2356275134021417,0.75,0.12,0.0,0.03549064699327571,0.1554906469932757,0.03549064699327571,0.1554906469932757,30.940545116781685,68.39420720691184,101.52463954941649,30.940545116781685,101.52463954941649,False,,0.32290536183581886,0.8503,1.0,0.1400500801977087,0.7391,0.02007883816957476,0.8503,valid,,,,,False,ok,False,,"McCormick & Company, Incorporated",Consumer Defensive,Packaged Foods,general_dcf,13899624670.0,0.7391,0.07875956249661487,0.32789539622469666,0.06945667257810888,0.009302889918505988,0.1601489888335239,0.15342955400904437,0.03704045899573383,3.3107690094237823,0.007049689902880854,-0.0012351791227026565,elevated_leverage,8.0,2025.0,ttm,2026-06-25,2026-07-17,True,,,,0.03549064699327571,0.07002504009885435,0.0,0.1554906469932757,-0.13841761089768628,robust_return<=0,False
39,UNH,426.09,0.02042171705215881,0.01514937489700972,-0.026652965148969053,0.07804108356358486,0.0,0.12,0.0,0.026652965148969053,0.14665296514896906,0.026652965148969053,0.14665296514896906,269.27595898098565,315.5300950222795,433.0685517569722,269.27595898098565,433.0685517569722,False,,-0.2594754746126886,0.6702750000000001,0.85,0.06673877435627695,0.7725,-0.10485062510299027,0.56973375,valid,,,forward_roic_floor_hit;reinvestment_cap_hit,,False,ok,False,,UnitedHealth Group Incorporated,Healthcare,Medical - Healthcare Plans,general_dcf,386951249100.0,0.7725,0.11664574601678894,-0.07804786860320123,0.07245105175606101,0.04419469426072793,0.08231835080659637,0.0481550844313519,0.10236402697783231,1.6797078768909754,0.0025432324534448558,-0.015683275784179607,incremental_roic_below_wacc,8.0,2025.0,ttm,2026-07-16,2026-07-17,True,,,,0.026652965148969053,0.03336938717813848,0.0,0.14665296514896906,-0.14665296514896906,robust_return<=0; median_irr<=hurdle,False
40,AFL,124.72,0.08255578184064755,0.10002536326319555,-0.026981821011467177,0.15715422184766625,0.25,0.12,0.0,0.026981821011467177,0.14698182101146717,0.026981821011467177,0.14698182101146717,108.77795094225688,200.88596525084222,258.75712860722996,108.77795094225688,258.75712860722996,False,,0.6106956803306784,0.6,0.8,0.1100680214295667,0.5414910434704986,-0.01997463673680444,0.48,valid,,,specialist_model_v1,,False,specialist,False,,Aflac Incorporated,Financial Services,Insurance - Life,insurance,63480609200.0,,,,,,,,,,,,,,,,,2026-07-17,True,508985000.0,0.603,Justified P/B residual-income proxy; no regulatory-capital or reserve-detail model,0.026981821011467177,0.05503401071478335,0.0,0.14698182101146717,-0.14698182101146717,robust_return<=0; median_irr<=hurdle,False
41,GL,184.76,0.07522822857582018,0.09221189708480249,-0.03068904510388526,0.147178165237561,0.25,0.12,0.0,0.03068904510388526,0.15068904510388526,0.03068904510388526,0.15068904510388526,158.0969744576091,287.1722479492084,367.08134555810074,158.0969744576091,367.08134555810074,False,,0.5542988089911691,0.6,0.8,0.10693360517072312,0.5505301281256516,-0.02778810291519751,0.48,valid,,,specialist_model_v1,,False,specialist,False,,Globe Life Inc.,Financial Services,Insurance - Life,insurance,14345653248.0,,,,,,,,,,,,,,,,,2026-07-17,True,77644800.0,0.47,Justified P/B residual-income proxy; no regulatory-capital or reserve-detail model,0.03068904510388526,0.05346680258536156,0.0,0.15068904510388526,-0.15068904510388526,robust_return<=0; median_irr<=hurdle,False
42,LMT,508.77,0.010186493682704197,0.008087000343948629,-0.03576996380870692,0.06034193785162645,0.0,0.12,0.0,0.03576996380870692,0.15576996380870692,0.03576996380870692,0.15576996380870692,302.1021714178801,371.09670612329745,485.40246392584004,302.1021714178801,485.40246392584004,False,,-0.27060025920691577,0.706806,1.0,0.05685177083016668,0.9652,-0.11191299965605137,0.706806,valid,,,forward_roic_floor_hit;reinvestment_cap_hit,,False,ok,False,,Lockheed Martin Corporation,Industrials,Aerospace & Defense,general_dcf,117303846842.0,0.9652,0.24169910069956116,-0.22619799174616526,0.06769548317571605,0.1740036175238451,0.129345407397142,0.09880849364308061,0.04882312670059519,2.063995609220637,0.003921800772520756,-0.04412001399874721,incremental_roic_below_wacc,8.0,2025.0,ttm,2026-04-23,2026-07-17,True,,,,0.03576996380870692,0.02842588541508334,0.0,0.15576996380870692,-0.15576996380870692,robust_return<=0; median_irr<=hurdle,False
43,REGN,676.69,0.08407892563955104,0.0796701649123861,-0.03590470599883697,0.2128800787322689,0.25,0.12,0.0,0.03590470599883697,0.15590470599883696,0.03590470599883697,0.15590470599883696,429.80495963140913,712.2428018691855,1285.1519548660258,429.80495963140913,1285.1519548660258,False,,0.052539274807054115,0.372519,1.0,0.14321682236555294,0.7708,-0.0403298350876139,0.372519,valid,,,forward_roic_floor_hit;reinvestment_cap_hit,,False,ok,False,,"Regeneron Pharmaceuticals, Inc.",Healthcare,Biotechnology,general_dcf,69713957180.0,0.7708,0.12871126768888835,-0.5041851875039128,0.06990024280958072,0.05881102487930763,0.3573214670473511,0.24324378669669428,0.1146107805044887,-1.450552877119762,0.06920152091254753,-0.01733245212203738,heavy_sbc;cyclical_revenue;incremental_roic_below_wacc,8.0,2025.0,ttm,2026-04-29,2026-07-17,True,,,,0.03590470599883697,0.07160841118277647,0.0,0.15590470599883696,-0.15590470599883696,robust_return<=0; median_irr<=hurdle,False
44,MCK,841.39,0.09328111431132131,0.10899017467672822,-0.03687004435632839,0.1920141522481572,0.25,0.12,0.0,0.03687004435632839,0.1568700443563284,0.03687004435632839,0.1568700443563284,522.8013123243968,979.9195845267188,1349.839415582683,522.8013123243968,1349.839415582683,False,,0.16464372589015652,0.7735500000000001,1.0,0.1212355983022428,0.9592,-0.011009825323271771,0.7735500000000001,valid,,,forward_roic_cap_hit,,False,ok,False,,McKesson Corporation,Healthcare,Medical - Distribution,general_dcf,98508258420.0,0.9592,2.07770431466415,4.1175891113896075,0.06874494302977098,2.008959371634379,0.01369892604062704,0.015792082889224898,0.09457098304352618,0.6866489046773239,0.0,-0.04797506777090055,,8.0,2026.0,ttm,2026-05-08,2026-07-17,True,,,,0.03687004435632839,0.0606177991511214,0.0,0.1568700443563284,-0.1568700443563284,robust_return<=0; median_irr<=hurdle,False
45,VZ,43.59,0.00790412676869894,-0.002540286269504549,-0.037312947644386404,0.07401002725819127,0.0,0.12,0.0,0.037312947644386404,0.1573129476443864,0.037312947644386404,0.1573129476443864,25.017083161653787,26.688933280390838,42.47066737511711,25.017083161653787,42.47066737511711,False,,-0.3877280734023667,0.6571206,1.0,0.06594786945128883,0.7606,-0.12254028626950454,0.6571206,valid,,,forward_roic_floor_hit;wacc_floor_hit;reinvestment_cap_hit,,False,ok,False,,Verizon Communications Inc.,Communication Services,Telecommunications Services,general_dcf,182012660400.0,0.7606,0.0784689418881008,-0.07161350908395321,0.065,0.0134689418881008,0.22817686263697068,0.2121728256651287,0.007814059039057186,3.891215473052898,0.0,0.0004755112461742872,elevated_leverage;thin_interest_coverage;incremental_roic_below_wacc,8.0,2025.0,ttm,2026-05-01,2026-07-17,True,,,,0.037312947644386404,0.032973934725644416,0.0,0.1573129476443864,-0.1573129476443864,robust_return<=0; median_irr<=hurdle,False
46,PEP,137.12,0.08539701557310765,0.10136966235586442,-0.038259441230911725,0.1771081788116135,0.25,0.12,0.0,0.038259441230911725,0.15825944123091173,0.038259441230911725,0.15825944123091173,84.1757011346601,157.59795056749047,216.89863883308453,84.1757011346601,216.89863883308453,False,,0.1493432801013015,0.8969,1.0,0.11077681002126262,0.9239,-0.018630337644135575,0.8969,valid,,,,,False,ok,False,,"PepsiCo, Inc.",Consumer Defensive,Beverages - Non-Alcoholic,general_dcf,187305920000.0,0.9239,0.18037599135706778,0.1883050065357062,0.06566178353224032,0.11471420782482745,0.14184361835179532,0.14958102864690828,0.054781936748586224,2.2964443964119745,0.003941036862847563,-0.004344732564134812,thin_interest_coverage,8.0,2025.0,ttm,2026-07-09,2026-07-17,True,,,,0.038259441230911725,0.05538840501063131,0.0,0.15825944123091173,-0.15825944123091173,robust_return<=0; median_irr<=hurdle,False
47,NVR,6490.04,0.06554535155355554,0.07431569984346427,-0.03996574407537987,0.15351575060267347,0.25,0.12,0.0,0.03996574407537987,0.15996574407537986,0.03996574407537987,0.15996574407537986,3817.4273318995492,6143.604178545444,8243.995727885314,3817.4273318995492,8243.995727885314,False,,-0.053379612676432875,0.67896,1.0,0.10637194733902666,0.9453,-0.045684300156535726,0.67896,valid,,,share_change_floor_hit,,False,ok,False,,"NVR, Inc.",Consumer Cyclical,Residential Construction,general_dcf,17518513052.0,0.9453,0.43890376158831373,0.15018659962693287,0.08824893141915693,0.3506548301691568,0.16300107727747046,0.1571284113498671,0.05334976012067316,-0.4386105831452657,0.007011381627723662,-0.05851037133837722,,8.0,2025.0,ttm,2026-05-06,2026-07-17,True,,,,0.03996574407537987,0.05318597366951333,0.0,0.15996574407537986,-0.15996574407537986,robust_return<=0; median_irr<=hurdle,False
48,STZ,132.87,0.10348665866040396,0.12186571028432813,-0.041960604663472595,0.21217581873643218,0.75,0.12,0.0,0.041960604663472595,0.1619606046634726,0.041960604663472595,0.1619606046634726,79.51833817315519,162.9916635291688,235.41717050868323,79.51833817315519,235.41717050868323,False,,0.2267002598718204,0.78615,1.0,0.13348371169995238,0.8291,0.001865710284328137,0.78615,valid,,,wacc_floor_hit,,False,ok,False,,"Constellation Brands, Inc.",Consumer Defensive,Beverages - Alcoholic,general_dcf,22694773320.0,0.8291,0.1193747389147867,,0.065,0.0543747389147867,0.32804807294105043,0.32137533538706153,0.017110861284923784,3.1415585588297263,0.006384324275489616,-0.036150883637098064,elevated_leverage,8.0,2026.0,ttm,2026-07-01,2026-07-17,True,,,,0.041960604663472595,0.06674185584997619,0.0,0.1619606046634726,-0.16049387652344801,robust_return<=0,False
49,TSCO,30.51,0.02553971615270713,0.03098883039783689,-0.04471575873903928,0.08489696255419402,0.0,0.12,0.0,0.04471575873903928,0.16471575873903926,0.04471575873903928,0.16471575873903926,17.87830431730776,25.072415136090754,32.73308306256447,17.87830431730776,32.73308306256447,False,,-0.17822303716516708,0.656586,1.0,0.07510878064661666,0.842,-0.0890111696021631,0.656586,valid,,,wacc_floor_hit;reinvestment_cap_hit,,False,ok,False,,Tractor Supply Company,Consumer Cyclical,Specialty Retail,general_dcf,16000969500.0,0.842,0.1298717697760939,0.03805267903443068,0.065,0.06487176977609391,0.096563335188451,0.09276439472073225,0.1010940863197809,3.1679429940129578,0.0036757814296607986,-0.019772715036902033,elevated_leverage;incremental_roic_below_wacc,8.0,2025.0,ttm,2026-05-07,2026-07-17,True,,,,0.04471575873903928,0.03755439032330833,0.0,0.16471575873903926,-0.16471575873903926,robust_return<=0; median_irr<=hurdle,False
50,META,646.01,0.06140221481764457,0.07431462111271683,-0.045008410153968705,0.1419880271991133,0.25,0.12,0.0,0.045008410153968705,0.1650084101539687,0.045008410153968705,0.1650084101539687,325.43262735915135,562.8311519315894,745.2885989445648,325.43262735915135,745.2885989445648,False,,-0.12875783357596726,0.7459,1.0,0.101121218676541,0.9547,-0.04568537888728316,0.7459,valid,,,,,False,ok,False,,"Meta Platforms, Inc.",Communication Services,Internet Content & Information,general_dcf,1639846785644.0,0.9547,0.2944559017512747,0.23494255125411584,0.10490156500455658,0.1895543367467181,0.3882502134788519,0.41213139005317195,0.20075970336662885,0.05113074980788231,0.10164405919409253,-0.01732277205233923,heavy_sbc,8.0,2025.0,ttm,2026-04-30,2026-07-17,True,,,,0.045008410153968705,0.0505606093382705,0.0,0.1650084101539687,-0.1650084101539687,robust_return<=0; median_irr<=hurdle,False
51,RMD,198.99,0.03737082150619246,0.04699298455379905,-0.04716324332985094,0.10266056024702268,0.0,0.12,0.0,0.04716324332985094,0.16716324332985094,0.04716324332985094,0.16716324332985094,112.2845937502771,170.9963171945756,216.71320411244417,112.2845937502771,216.71320411244417,False,,-0.1406788421801317,0.895,0.85,0.08256190178843681,0.9669,-0.07300701544620095,0.76075,valid,,,,,False,ok,False,,ResMed Inc.,Healthcare,Medical - Devices,general_dcf,28864769852.0,0.9669,0.27077765352323035,0.2842006080502414,0.08324857095112279,0.18752908257210757,0.276682754846858,0.34282310142188516,0.11915995881196073,-0.3780847543321518,0.017113963106287607,-1.3601648521488485e-05,,8.0,2025.0,ttm,2026-04-30,2026-07-17,True,,,,0.04716324332985094,0.041280950894218404,0.0,0.16716324332985094,-0.16716324332985094,robust_return<=0; median_irr<=hurdle,False
52,HIG,140.26,0.05783448552895204,0.07510338439095388,-0.04823414894992917,0.12936532228382958,0.25,0.12,0.0,0.04823414894992917,0.16823414894992916,0.04823414894992917,0.16823414894992916,109.54294859834884,201.45821406577753,257.69505005264745,109.54294859834884,257.69505005264745,False,,0.43631979228416906,0.6,0.8,0.10679973561687936,0.5437502218826495,-0.04489661560904612,0.48,valid,,,specialist_model_v1,,False,specialist,False,,"The Hartford Insurance Group, Inc.",Financial Services,Insurance - Diversified,insurance,38449588813.0,,,,,,,,,,,,,,,,,2026-07-17,True,274130819.9985741,0.468,Justified P/B residual-income proxy; no regulatory-capital or reserve-detail model,0.04823414894992917,0.05339986780843968,0.0,0.16823414894992916,-0.16823414894992916,robust_return<=0; median_irr<=hurdle,False
53,GD,368.58,0.06114194019974094,0.07374826530867722,-0.05010000460024454,0.14717123478185387,0.25,0.12,0.0,0.05010000460024454,0.17010000460024455,0.05010000460024454,0.17010000460024455,215.4073408625123,374.9602961969172,511.48248373191825,215.4073408625123,511.48248373191825,False,,0.01731047858515722,0.8608,1.0,0.1028116196910492,0.8664,-0.04625173469132278,0.8608,valid,,,,,False,ok,False,,General Dynamics Corporation,Industrials,Aerospace & Defense,general_dcf,99675158324.0,0.8664,0.1506532692968267,0.2569839233208686,0.06900195434216938,0.08165131495465733,0.10753809667743043,0.10236396074933095,0.054715790973965284,0.6769135227449153,0.0038351915500041914,-0.004899902567511161,,8.0,2025.0,ttm,2026-04-29,2026-07-17,True,,,,0.05010000460024454,0.0514058098455246,0.0,0.17010000460024455,-0.17010000460024455,robust_return<=0; median_irr<=hurdle,False
54,KDP,30.91,0.14144021274987606,0.16646883659996092,-0.07834998480975627,0.31117316260933875,0.75,0.12,0.25,0.07834998480975627,0.19834998480975627,0.07834998480975627,0.19834998480975627,13.503917974121693,48.00794542948736,88.93849467082991,13.503917974121693,88.93849467082991,False,,0.5531525535259578,0.4823064,1.0,0.2102923817095475,0.5562,0.04646883659996093,0.4823064,valid,,,base_growth_cap_hit;wacc_floor_hit;reinvestment_cap_hit,,False,ok,False,,Keurig Dr Pepper Inc.,Consumer Defensive,Beverages - Non-Alcoholic,general_dcf,42054893249.0,0.5562,0.0548537827757298,0.19519455993230328,0.065,-0.010146217224270206,0.2147024553505525,0.2129367327667611,0.12146383175230757,5.922415851038434,0.006383948928408573,-0.01535533550693835,elevated_leverage;thin_interest_coverage;cyclical_revenue,8.0,2025.0,ttm,2026-04-23,2026-07-17,True,,,,0.07834998480975627,0.10514619085477375,0.125,0.19834998480975627,-0.17593776751704088,robust_return<=0,False
55,PAYX,114.39,0.021173167083179602,0.030301043478539243,-0.058326178812421824,0.08241676018806175,0.0,0.12,0.0,0.058326178812421824,0.17832617881242183,0.058326178812421824,0.17832617881242183,58.247201775958445,89.22694041283995,112.92022695488015,58.247201775958445,112.92022695488015,False,,-0.21997604324818643,0.8931,1.0,0.07357846950024179,0.9848,-0.08969895652146076,0.8931,valid,,,,,False,ok,False,,"Paychex, Inc.",Technology,Staffing & Employment Services,general_dcf,40677084000.0,0.9848,0.2669146749755449,0.11548299094211043,0.08237201117841357,0.1845426637971313,0.39087679209438503,0.3855190417690418,0.08110856046543469,1.1618299414174935,0.01157569672053502,-0.003786515759150011,,8.0,2026.0,ttm,2026-07-17,2026-07-17,True,,,,0.058326178812421824,0.03678923475012089,0.0,0.17832617881242183,-0.17832617881242183,robust_return<=0; median_irr<=hurdle,False
56,YUM,147.92,0.09656305944008639,0.11803398105548699,-0.05907794739177914,0.20926222304115072,0.25,0.12,0.0,0.05907794739177914,0.17907794739177912,0.05907794739177914,0.17907794739177912,80.57863768562073,179.91468396746728,262.1095793102033,80.57863768562073,262.1095793102033,False,,0.21629721449072004,0.8471,1.0,0.13875708521646493,0.9664,-0.0019660189445130094,0.8471,valid,,,,,False,ok,False,,"Yum! Brands, Inc.",Consumer Cyclical,Restaurants,general_dcf,40769888200.020004,0.9664,0.5756180142001835,0.5520743240101674,0.06861113490553158,0.5070068792946519,0.32226093622302104,0.3146729522687095,0.05389975012472825,3.896575579384296,0.009140283481255795,-0.012806997138931409,elevated_leverage,8.0,2025.0,ttm,2026-05-06,2026-07-17,True,,,,0.05907794739177914,0.06937854260823247,0.0,0.17907794739177912,-0.17907794739177912,robust_return<=0; median_irr<=hurdle,False
57,DG,125.75,0.04133680448867384,0.0408906553173438,-0.05956065881182437,0.14312656613183214,0.25,0.12,0.0,0.05956065881182437,0.17956065881182437,0.05956065881182437,0.17956065881182437,66.52315544897081,106.25639856561222,178.60025833523247,66.52315544897081,178.60025833523247,False,,-0.1550186992794257,0.5347944000000001,1.0,0.11529978047182825,0.6944,-0.0791093446826562,0.5347944000000001,valid,,,forward_roic_floor_hit;wacc_floor_hit;reinvestment_cap_hit,,False,ok,False,,Dollar General Corporation,Consumer Defensive,Discount Stores,general_dcf,27738770860.0,0.6944,0.07596806166822054,-0.2711183121925683,0.065,0.010968061668220536,0.08277072295880822,0.05260713463649922,0.07576117177707786,4.016148906687545,0.001446310315582163,-0.007028310455815645,elevated_leverage;incremental_roic_below_wacc,8.0,2025.0,ttm,2026-06-02,2026-07-17,True,,,,0.05956065881182437,0.057649890235914124,0.0,0.17956065881182437,-0.17956065881182437,robust_return<=0; median_irr<=hurdle,False
58,JKHY,151.67,0.024171295388805473,0.034500152844702855,-0.06050783461250826,0.08819271047832444,0.0,0.12,0.0,0.06050783461250826,0.18050783461250824,0.06050783461250826,0.18050783461250824,82.85292791227025,127.82686983554741,161.05021847901122,82.85292791227025,161.05021847901122,False,,-0.15720399660086093,0.9255,1.0,0.07658527254541635,0.9852,-0.08549984715529714,0.9255,valid,,,,,False,ok,False,,"Jack Henry & Associates, Inc.",Technology,Information Technology Services,general_dcf,10776274836.0,0.9852,0.23084539916000513,0.22769864648284072,0.073826574786299,0.15701882437370612,0.22906459806807788,0.2599518461940248,0.06419713505886548,0.08034156186208843,0.013032019689981193,-0.006887635794286973,,8.0,2025.0,ttm,2026-05-07,2026-07-17,True,,,,0.06050783461250826,0.03829263627270817,0.0,0.18050783461250824,-0.18050783461250824,robust_return<=0; median_irr<=hurdle,False
59,CL,92.98,0.057284541096305513,0.07292970464914109,-0.06084311256418003,0.1441218676511199,0.25,0.12,0.0,0.06084311256418003,0.18084311256418,0.06084311256418003,0.18084311256418,51.3598538080698,94.12636839817068,126.56603470493722,51.3598538080698,126.56603470493722,False,,0.01232919335524496,0.9173,1.0,0.10496349010764995,0.9792,-0.04707029535085891,0.9173,valid,,,,,False,ok,False,,Colgate-Palmolive Company,Consumer Defensive,Household & Personal Products,general_dcf,74401602044.0,0.9792,0.4926913679182282,,0.06805892030451499,0.4246324476137132,0.22055648565468225,0.21207020918490022,0.03947009967583437,1.298335974643423,0.006270236932723441,-0.013575610736816568,,8.0,2025.0,ttm,2026-03-31,2026-07-17,True,,,,0.06084311256418003,0.052481745053824976,0.0,0.18084311256418,-0.18084311256418,robust_return<=0; median_irr<=hurdle,False
60,BRO,69.35,0.0491981153516817,0.06722400763270131,-0.06086500033333564,0.12320944647465981,0.25,0.12,0.0,0.06086500033333564,0.18086500033333563,0.06086500033333564,0.18086500033333563,50.662497585073034,96.0117525077226,123.97959178061383,50.662497585073034,123.97959178061383,False,,0.3844520909549043,0.6,0.8,0.11003722340399771,0.5276697514817058,-0.052775992367298685,0.48,valid,,,specialist_model_v1,,False,specialist,False,,"Brown & Brown, Inc.",Financial Services,Insurance - Brokers,insurance,23506043799.999996,,,,,,,,,,,,,,,,,2026-07-17,True,338948000.0,0.599,Justified P/B residual-income proxy; no regulatory-capital or reserve-detail model,0.06086500033333564,0.05501861170199886,0.0,0.18086500033333563,-0.18086500033333563,robust_return<=0; median_irr<=hurdle,False
61,CLX,96.32,0.10407554135454125,0.12582401264808146,-0.06633673574542624,0.2309908758674283,0.75,0.12,0.0,0.06633673574542624,0.18633673574542625,0.06633673574542624,0.18633673574542625,51.94896582535218,121.6122820489905,184.74783801741305,51.94896582535218,184.74783801741305,False,,0.2625859847278915,0.8093,1.0,0.15438480580642727,0.936,0.005824012648081467,0.8093,valid,,,,,False,ok,False,,The Clorox Company,Consumer Defensive,Household & Personal Products,general_dcf,11647110720.0,0.936,0.2552891596695252,,0.06511032031090584,0.19017883935861934,0.16627615240393642,0.15680473372781065,0.021432522079732008,2.5653188180404354,0.010432821091216692,-0.00573336662121704,,8.0,2025.0,ttm,2026-04-30,2026-07-17,True,,,,0.06633673574542624,0.07719240290321364,0.0,0.18633673574542625,-0.18162336230933393,robust_return<=0,False
62,SWKS,59.35,0.07326962536608336,0.09930791844381022,-0.06282951894681899,0.15729218352353203,0.25,0.12,0.0,0.06282951894681899,0.18282951894681898,0.06282951894681899,0.18282951894681898,28.951295114182482,56.20859815589373,71.27758288276705,28.951295114182482,71.27758288276705,False,,-0.05293010689311317,0.44172,1.0,0.1268092512351755,0.6714,-0.020692081556189776,0.44172,valid,,,reinvestment_cap_hit,,False,ok,False,,"Skyworks Solutions, Inc.",Technology,Semiconductors,general_dcf,8926596100.0,0.6714,0.06385357176294354,,0.1137315739064151,-0.04987800214347156,0.27206351044866306,0.09368741191306283,0.007895169321973539,-0.5052881758764112,0.04315461943513643,-0.026626326824619295,cyclical_revenue,8.0,2025.0,ttm,2026-05-05,2026-07-17,True,,,,0.06282951894681899,0.06340462561758775,0.0,0.18282951894681898,-0.18282951894681898,robust_return<=0; median_irr<=hurdle,False
63,HSY,171.42,-0.006645715208287557,-0.009024806370143749,-0.06334426283719949,0.05481101474433675,0.0,0.12,0.0,0.06334426283719949,0.18334426283719948,0.06334426283719949,0.18334426283719948,90.64432458524973,114.54953187326774,159.2629704591826,90.64432458524973,159.2629704591826,False,,-0.33176098545521093,0.655209,0.85,0.07392136879076812,0.8424,-0.12902480637014374,0.55692765,valid,,,forward_roic_floor_hit;reinvestment_cap_hit,,False,ok,False,,The Hershey Company,Consumer Defensive,Food Confectioners,general_dcf,34771413400.0,0.8424,0.15424605174584108,-0.4027921326222956,0.06788706382950044,0.08635898791634064,0.21786215855119656,0.14080405132911095,0.05971136737461946,2.0316431247126587,0.005598424162477114,-0.003725755580062051,incremental_roic_below_wacc,8.0,2025.0,ttm,2026-04-30,2026-07-17,True,,,,0.06334426283719949,0.03696068439538406,0.0,0.18334426283719948,-0.18334426283719948,robust_return<=0; median_irr<=hurdle,False
64,VEEV,195.38,0.0019141478842357434,0.008055365044856471,-0.0635258715774398,0.05507173302466983,0.0,0.12,0.0,0.0635258715774398,0.1835258715774398,0.0635258715774398,0.1835258715774398,104.08364156370544,142.80398562994296,174.7678495927075,104.08364156370544,174.7678495927075,False,,-0.2690961939300698,0.72972,0.95,0.06890720230105482,0.963,-0.11194463495514352,0.693234,valid,,,forward_roic_cap_hit,,False,ok,False,,Veeva Systems Inc.,Healthcare,Medical - Healthcare Information Services,general_dcf,31738170196.000004,0.963,9.082956009376781,2.3158502216989403,0.09249950431133994,8.990456505065442,0.2581749952379913,0.2879442012812664,0.2057893393406618,-7.174425570449095,0.0,0.007236486671113429,,8.0,2026.0,ttm,2026-06-05,2026-07-17,True,,,,0.0635258715774398,0.03445360115052741,0.0,0.1835258715774398,-0.1835258715774398,robust_return<=0; median_irr<=hurdle,False
65,HRL,25.39,0.0004906849469989809,-0.003927268693223569,-0.06622514934279021,0.07604242651723327,0.0,0.12,0.0,0.06622514934279021,0.18622514934279022,0.06622514934279021,0.18622514934279022,13.68098709402898,17.495316356529425,26.28707772714706,13.68098709402898,26.28707772714706,False,,-0.31093673270856936,0.6015870000000001,1.0,0.08308617793001173,0.6897,-0.12392726869322357,0.6015870000000001,valid,,,forward_roic_floor_hit;reinvestment_cap_hit,,False,ok,False,,Hormel Foods Corporation,Consumer Defensive,Packaged Foods,general_dcf,13972497061.155344,0.6897,0.056166924608703754,-0.8173585816308039,0.06669698837623955,-0.010530063767535798,0.1019744015582596,0.05751382294355734,0.0345289804796276,2.052479806562443,0.0019489468699114664,0.0007539661826108102,incremental_roic_below_wacc,8.0,2025.0,ttm,2026-05-28,2026-07-17,True,,,,0.06622514934279021,0.041543088965005866,0.0,0.18622514934279022,-0.18622514934279022,robust_return<=0; median_irr<=hurdle,False
66,ULTA,479.57,0.06474799225943575,0.07506273144099398,-0.06670690389437364,0.17557341005012866,0.25,0.12,0.0,0.06670690389437364,0.18670690389437364,0.06670690389437364,0.18670690389437364,240.46223187816366,449.333403109023,673.8064320303677,240.46223187816366,673.8064320303677,False,,-0.06304939193647852,0.5637599999999999,1.0,0.13422735697225116,0.9296,-0.04493726855900601,0.5637599999999999,valid,,,share_change_floor_hit,,False,ok,False,,"Ulta Beauty, Inc.",Consumer Cyclical,Specialty Retail,general_dcf,20616383876.0,0.9296,0.26004953487698196,0.14727490186479877,0.08508809872637874,0.17496143615060322,0.13493027782983869,0.1253874826786567,0.09144740440932342,1.0514073036716398,0.003787917016580005,-0.05282726615963795,cyclical_revenue,8.0,2025.0,ttm,2026-06-02,2026-07-17,True,,,,0.06670690389437364,0.06711367848612558,0.0,0.18670690389437364,-0.18670690389437364,robust_return<=0; median_irr<=hurdle,False
67,KIM,26.12,-0.0007707461299507334,-0.007897811963292534,-0.06678946132888874,0.07950210073567088,0.0,0.12,0.0,0.06678946132888874,0.18678946132888874,0.06678946132888874,0.18678946132888874,18.487208770764028,25.104710053415,38.29046422717415,18.487208770764028,38.29046422717415,False,,-0.0388702123501149,0.6,0.8,0.0911457810322798,0.7364039947654846,-0.12789781196329253,0.48,valid,,,specialist_model_v1,,False,specialist,False,,Kimco Realty Corporation,Real Estate,REIT - Retail,reit,17615066800.0,,,,,,,,,,,,,,,,,2026-07-17,True,674390000.0,0.969,P/AFFO Gordon proxy; no property-level NOI or maintenance-capex detail,0.06678946132888874,0.0455728905161399,0.0,0.18678946132888874,-0.18678946132888874,robust_return<=0; median_irr<=hurdle,False
68,WRB,71.61,0.02173884652515984,0.03637702947725785,-0.0668034406770579,0.08100476782318156,0.0,0.12,0.0,0.0668034406770579,0.1868034406770579,0.0668034406770579,0.1868034406770579,50.680316473542646,85.61750479505972,105.70894071829197,50.680316473542646,105.70894071829197,False,,0.19560822224633045,0.6,0.8,0.09190410425011972,0.5919387232185139,-0.08362297052274215,0.48,valid,,,specialist_model_v1,,False,specialist,False,,W. R. Berkley Corporation,Financial Services,Insurance - Property & Casualty,insurance,26658755970.0,,,,,,,,,,,,,,,,,2026-07-17,True,372277000.0,0.293,Justified P/B residual-income proxy; no regulatory-capital or reserve-detail model,0.0668034406770579,0.04595205212505986,0.0,0.1868034406770579,-0.1868034406770579,robust_return<=0; median_irr<=hurdle,False
69,GEHC,63.07,0.02627266202616742,0.03691124398028481,-0.07178534721606405,0.10305350736016412,0.0,0.12,0.0,0.07178534721606405,0.19178534721606405,0.07178534721606405,0.19178534721606405,30.823268529472852,50.76962011674209,68.76946982359149,30.823268529472852,68.76946982359149,False,,-0.19502742798886807,0.8667,0.95,0.09291842728811409,0.6509,-0.08308875601971519,0.823365,valid,,,,,False,ok,False,,GE HealthCare Technologies Inc.,Healthcare,Medical - Healthcare Information Services,general_dcf,28690024943.0,0.6509,0.10203341077046901,,0.07657585886160577,0.025457551908863243,0.13391515151515151,0.12458654906284454,0.036502995670744776,2.825212947189097,0.006303030303030303,0.002252164158787817,,7.0,2025.0,ttm,2026-04-29,2026-07-17,True,,,,0.07178534721606405,0.04645921364405704,0.0,0.19178534721606405,-0.19178534721606405,robust_return<=0; median_irr<=hurdle,False
70,AOS,58.85,0.012010455181007296,0.018765307578723904,-0.0721321039833128,0.08264330954989417,0.0,0.12,0.0,0.0721321039833128,0.1921321039833128,0.0721321039833128,0.1921321039833128,28.07340737932392,42.12571152213205,54.08241742325696,28.07340737932392,54.08241742325696,False,,-0.28418502086436614,0.818,1.0,0.08284770676660348,0.9535,-0.10123469242127608,0.818,valid,,,,,False,ok,False,,A. O. Smith Corporation,Industrials,Industrial - Machinery,general_dcf,8221744886.0,0.9535,0.23595830407238708,0.2108640304651065,0.09900218333706633,0.13695612073532076,0.17426573959201086,0.18547181195729165,0.026568913605153677,0.5690934238652081,0.0036029450159260614,-0.03689098878566355,,8.0,2025.0,ttm,2026-04-30,2026-07-17,True,,,,0.0721321039833128,0.04142385338330174,0.0,0.1921321039833128,-0.1921321039833128,robust_return<=0; median_irr<=hurdle,False
71,SNA,410.99,0.008810099465699764,0.0170888549735537,-0.07318196932756107,0.07424465724325273,0.0,0.12,0.0,0.07318196932756107,0.19318196932756107,0.07318196932756107,0.19318196932756107,210.56933643736048,315.2750166708465,402.2858631812627,210.56933643736048,402.2858631812627,False,,-0.232888837512235,0.8255,0.7,0.08794831328540689,0.9143,-0.1029111450264463,0.57785,valid,,,,,False,ok,False,,Snap-on Incorporated,Industrials,Manufacturing - Tools & Accessories,general_dcf,21290069457.0,0.9143,0.1826697670219214,0.16516481002067349,0.07951769288873592,0.10315207413318547,0.2560587847667042,0.2575008242664029,0.046911038224504376,-0.20915720095358295,0.005598621877691645,-0.007435219273921656,,8.0,2025.0,annual,2026-02-12,2026-07-17,True,,,,0.07318196932756107,0.043974156642703446,0.0,0.19318196932756107,-0.19318196932756107,robust_return<=0; median_irr<=hurdle,False
72,DLR,173.88,-0.0169374966685773,0.004236719854617155,-0.08046014623816067,0.004236719854617155,0.0,0.12,0.25,0.08046014623816067,0.20046014623816066,0.08046014623816067,0.20046014623816066,114.31478797564766,177.59474785842693,177.59474785842693,114.31478797564766,177.59474785842693,False,,0.021363859319225575,0.6,0.8,0.06034843304638891,0.6436833822742094,-0.11576328014538284,0.48,valid,,,specialist_model_v1,,False,specialist,False,,"Digital Realty Trust, Inc.",Real Estate,REIT - Industrial,reit,62190964080.0,,,,,,,,,,,,,,,,,2026-07-17,True,357666000.0,1.053,P/AFFO Gordon proxy; no property-level NOI or maintenance-capex detail,0.08046014623816067,0.030174216523194453,0.125,0.20046014623816066,-0.20046014623816066,robust_return<=0; median_irr<=hurdle,False
73,NKE,43.76,-0.04019100484147199,-0.04546682209474963,-0.0834626601543277,0.013632284977939006,0.0,0.12,0.25,0.0834626601543277,0.20346266015432768,0.0834626601543277,0.20346266015432768,20.131280721860893,21.814376014119183,29.138503297429427,20.131280721860893,29.138503297429427,False,,-0.5014996340466366,0.588951,1.0,0.06087894256613335,0.8414,-0.1654668220947496,0.588951,valid,,,forward_roic_floor_hit;reinvestment_cap_hit,,False,ok,False,,"NIKE, Inc.",Consumer Cyclical,Apparel - Footwear & Accessories,general_dcf,64756539206.0,0.8414,0.1903205635142238,-1.2394377554731943,0.0945078712115416,0.0958126923026822,0.11874099658327855,0.0819000819000819,0.024685360359247177,0.44078224566029445,0.015410146989094358,-0.01880382435635297,incremental_roic_below_wacc,8.0,2026.0,ttm,2026-07-15,2026-07-17,True,,,,0.0834626601543277,0.030439471283066673,0.125,0.20346266015432768,-0.20346266015432768,robust_return<=0; median_irr<=hurdle,False
74,DHI,149.39,-0.017898144164064406,-0.027821703348308774,-0.08395960740745065,0.06801043744781057,0.0,0.12,0.25,0.08395960740745065,0.20395960740745064,0.08395960740745065,0.20395960740745064,65.09671634759704,72.3841229734113,121.64209331664672,65.09671634759704,121.64209331664672,False,,-0.515468753106558,0.46233180000000007,1.0,0.0921150684276306,0.6827,-0.14782170334830877,0.46233180000000007,valid,,,forward_roic_floor_hit;share_change_floor_hit;reinvestment_cap_hit,,False,ok,False,,"D.R. Horton, Inc.",Consumer Cyclical,Residential Construction,general_dcf,42363958386.0,0.6827,0.10598139767609463,-0.07310092748107339,0.10452032480139649,0.001461072874698141,0.15579730005557357,0.11755286610452076,0.11418597975037237,1.1532294097204985,0.003209117044460265,-0.0660906060779104,incremental_roic_below_wacc,8.0,2025.0,ttm,2026-04-23,2026-07-17,True,,,,0.08395960740745065,0.0460575342138153,0.125,0.20395960740745064,-0.20395960740745064,robust_return<=0; median_irr<=hurdle,False
75,CCI,79.17,-0.07758228889688215,-0.08750649746781491,-0.08750649746781491,-0.04780966318408386,0.0,0.12,0.75,0.08750649746781491,0.2075064974678149,0.08750649746781491,0.2075064974678149,50.085215706644576,50.085215706644576,61.96971428710388,50.085215706644576,61.96971428710388,False,,-0.3673712807042494,0.6,0.8,0.03784841714186552,1.0,-0.2075064974678149,0.48,valid,,,specialist_model_v1,,False,specialist,False,,Crown Castle Inc.,Real Estate,REIT - Specialty,reit,34553903494.0,,,,,,,,,,,,,,,,,2026-07-17,True,436451982.99861056,0.972,P/AFFO Gordon proxy; no property-level NOI or maintenance-capex detail,0.08750649746781491,0.01892420857093276,0.375,0.2075064974678149,-0.2075064974678149,robust_return<=0; median_irr<=hurdle,False
76,COR,307.9,0.03627825561707144,0.052794542429910524,-0.08818943718797526,0.12771337479643996,0.25,0.12,0.25,0.08818943718797526,0.20818943718797525,0.08818943718797526,0.20818943718797525,145.3927141392768,281.31056740032136,384.2344843362108,145.3927141392768,384.2344843362108,False,,-0.08635736472776423,0.9128,1.0,0.11056740599220762,0.973,-0.06720545757008947,0.9128,valid,,,,,False,ok,False,,"Cencora, Inc.",Healthcare,Medical - Distribution,general_dcf,59905350373.99999,0.973,0.23676178645995674,0.5179923594370694,0.06969034670832933,0.16707143975162742,0.010527337797762354,0.012782797158055408,0.097128283927292,1.9227698549026733,0.0004753495006402461,-0.025629562300649278,,8.0,2025.0,ttm,2026-05-06,2026-07-17,True,,,,0.08818943718797526,0.05528370299610381,0.125,0.20818943718797525,-0.20818943718797525,robust_return<=0; median_irr<=hurdle,False
77,BIIB,205.99,0.0259176733568893,0.04539184715540616,-0.08942504516744519,0.10231204428419008,0.0,0.12,0.25,0.08942504516744519,0.2094250451674452,0.08942504516744519,0.2094250451674452,100.45455861210512,186.4499025362536,242.5805503046778,100.45455861210512,242.5805503046778,False,,-0.09485944688454007,0.545535,1.0,0.10950249472581763,0.6394,-0.07460815284459384,0.545535,valid,,,forward_roic_floor_hit;reinvestment_cap_hit,,False,ok,False,,Biogen Inc.,Healthcare,Drug Manufacturers - General,general_dcf,30411745630.0,0.6394,0.0623382006553154,-0.11553738708399777,0.0670717758249131,-0.004733575169597694,0.2706785477390644,0.15646113579645748,-0.04410238223859042,0.9726039088503883,0.029641408272684647,0.005449698886245358,incremental_roic_below_wacc,8.0,2025.0,ttm,2026-04-29,2026-07-17,True,,,,0.08942504516744519,0.05475124736290882,0.125,0.2094250451674452,-0.2094250451674452,robust_return<=0; median_irr<=hurdle,False
78,RSG,222.31,0.0035932069578848667,0.014249664236558627,-0.08988546245382162,0.07575896181224383,0.0,0.12,0.25,0.08988546245382162,0.20988546245382161,0.08988546245382162,0.20988546245382161,107.12886940615685,173.75139491258636,227.454212295721,107.12886940615685,227.454212295721,False,,-0.21842744405296044,0.8643,1.0,0.08689321213303274,0.9818,-0.10575033576344137,0.8643,valid,,,,,False,ok,False,,"Republic Services, Inc.",Industrials,Waste Management,general_dcf,68396803181.0,0.9818,0.22720087111398243,,0.07033547105343027,0.15686540006055216,0.1819383189583541,0.20047918538484577,0.0743948770161611,0.02582469368520264,0.002619760479041916,-0.00846042704530936,,8.0,2025.0,ttm,2026-05-08,2026-07-17,True,,,,0.08988546245382162,0.04344660606651637,0.125,0.20988546245382161,-0.20988546245382161,robust_return<=0; median_irr<=hurdle,False
79,BBY,85.41,-0.06238900898897552,-0.06195527790114282,-0.09253212988260195,-0.03311335027101447,0.0,0.12,0.25,0.09253212988260195,0.21253212988260195,0.09253212988260195,0.21253212988260195,36.17485786801755,38.76818604984849,40.752867667201585,36.17485786801755,40.752867667201585,False,,-0.5460931266848321,0.656829,1.0,0.04000451980579374,0.9551,-0.18195527790114283,0.656829,valid,,,forward_roic_floor_hit;reinvestment_cap_hit,,False,ok,False,,"Best Buy Co., Inc.",Consumer Cyclical,Specialty Retail,general_dcf,18001609470.0,0.9551,0.2511492854795664,-0.7173123244092846,0.09979212100175254,0.15135716447781383,0.043143110587273464,0.04259436215957955,-0.004005800635851875,0.915286869464767,0.0033370155573966675,-0.02173620837992507,incremental_roic_below_wacc,8.0,2026.0,ttm,2026-06-05,2026-07-17,True,,,,0.09253212988260195,0.02000225990289687,0.125,0.21253212988260195,-0.21253212988260195,robust_return<=0; median_irr<=hurdle,False
80,ORLY,86.05,0.013877327443333375,0.027345413569128167,-0.09263676707632834,0.09345524971140551,0.0,0.12,0.25,0.09263676707632834,0.21263676707632834,0.09263676707632834,0.21263676707632834,39.6819355046261,71.06994396662574,94.36436710424171,39.6819355046261,94.36436710424171,False,,-0.17408548557088033,0.9176,1.0,0.09551800839386693,0.9852,-0.09265458643087182,0.9176,valid,,,,,False,ok,False,,"O'Reilly Automotive, Inc.",Consumer Cyclical,Specialty Retail,general_dcf,71310932548.0,0.9852,0.37451865338884893,0.19740063058460058,0.06853335642536831,0.30598529696348065,0.19813277759802017,0.19558556877559755,0.09309116056016165,2.0754814848813536,0.0017398535945232336,-0.031709650607369966,,8.0,2025.0,ttm,2026-05-08,2026-07-17,True,,,,0.09263676707632834,0.04775900419693346,0.125,0.21263676707632834,-0.21263676707632834,robust_return<=0; median_irr<=hurdle,False
81,CDW,133.24,0.05872167956840716,0.0779640076158103,-0.09445834756479593,0.17341705060680399,0.25,0.12,0.25,0.09445834756479593,0.21445834756479593,0.09445834756479593,0.21445834756479593,56.564314044084114,125.57522138318463,188.9951046167203,56.564314044084114,188.9951046167203,False,,-0.05752610790164647,0.7954,1.0,0.14007569908579995,0.8481,-0.0420359923841897,0.7954,valid,,,,,False,ok,False,,CDW Corporation,Technology,Information Technology Services,general_dcf,17021869811.0,0.8481,0.156690489729125,0.3479403851802383,0.08099279241570485,0.07569769731342015,0.0706090264135506,0.07296287241102302,0.04716837528114315,2.8305541433655312,0.003081143118383519,-0.01859168381327636,,8.0,2025.0,ttm,2026-05-06,2026-07-17,True,,,,0.09445834756479593,0.07003784954289997,0.125,0.21445834756479593,-0.21445834756479593,robust_return<=0; median_irr<=hurdle,False
82,AVY,160.41,-0.021270839165663323,-0.013267679268028559,-0.09573865113197824,0.03719065300538207,0.0,0.12,0.25,0.09573865113197824,0.21573865113197824,0.09573865113197824,0.21573865113197824,69.63914396470186,100.89410029367991,127.38549726007179,69.63914396470186,127.38549726007179,False,,-0.37102362512511744,0.8279,1.0,0.07162765206868016,0.8491,-0.13326767926802854,0.8279,valid,,,,,False,ok,False,,Avery Dennison Corporation,Consumer Cyclical,Packaging & Containers,general_dcf,12269825064.0,0.8491,0.14469532757525053,0.0533767593904854,0.0770679923158776,0.06762733525937292,0.12112797327355174,0.12449892845642205,0.03084742229791626,2.424055406980731,0.0031505843825870928,-0.02154775086462868,incremental_roic_below_wacc,8.0,2025.0,ttm,2026-05-05,2026-07-17,True,,,,0.09573865113197824,0.03581382603434008,0.125,0.21573865113197824,-0.21573865113197824,robust_return<=0; median_irr<=hurdle,False
83,MTB,249.24,0.0033634905307760865,0.02123410782664581,-0.09943309513719323,0.07041884160700596,0.0,0.12,0.25,0.09943309513719323,0.21943309513719322,0.09943309513719323,0.21943309513719322,147.6378313591953,276.84985390732743,350.2567128277449,147.6378313591953,350.2567128277449,False,,0.11077617520192362,0.6,0.8,0.10292596837209958,0.533277620614586,-0.09876589217335419,0.48,valid,,,specialist_model_v1,,False,specialist,False,,M&T Bank Corporation,Financial Services,Banks - Regional,bank,36499951800.0,,,,,,,,,,,,,,,,,2026-07-17,True,146445000.0,0.569,Justified P/B residual-income proxy; no regulatory-capital or reserve-detail model,0.09943309513719323,0.05146298418604979,0.125,0.21943309513719322,-0.21943309513719322,robust_return<=0; median_irr<=hurdle,False
84,MSFT,393.82,-0.03011944886420676,-0.023203842672228317,-0.10047331037494583,0.026403200262575432,0.0,0.12,0.25,0.10047331037494583,0.22047331037494583,0.10047331037494583,0.22047331037494583,152.8294385261231,225.77060681351713,283.3239737909807,152.8294385261231,283.3239737909807,False,,-0.42671624901346517,0.8866,1.0,0.06684025531876063,0.9665,-0.1432038426722283,0.8866,valid,,,,,False,ok,False,,Microsoft Corporation,Technology,Software - Infrastructure,general_dcf,2925464302600.0,0.9665,0.26765942539591014,0.18198460153252746,0.09986924724965508,0.16779017814625508,0.416838797545377,0.4680164512855316,0.14325890661039442,0.2448776131182952,0.04379043904667879,-0.004217586191098577,,8.0,2025.0,ttm,2026-04-29,2026-07-17,True,,,,0.10047331037494583,0.033420127659380315,0.125,0.22047331037494583,-0.22047331037494583,robust_return<=0; median_irr<=hurdle,False
85,MAA,132.96,-0.09076177381164169,-0.10174229944657198,-0.10174229944657198,-0.05782019690685081,0.0,0.12,0.75,0.10174229944657198,0.22174229944657198,0.10174229944657198,0.22174229944657198,77.75453910914712,77.75453910914712,98.71654749722273,77.75453910914712,98.71654749722273,False,,-0.41520352655575277,0.6,0.8,0.03996105126986058,1.0,-0.22174229944657198,0.48,valid,,,specialist_model_v1,,False,specialist,False,,"Mid-America Apartment Communities, Inc.",Real Estate,REIT - Residential,reit,15474523274.0,,,,,,,,,,,,,,,,,2026-07-17,True,116384802.00060168,0.728,P/AFFO Gordon proxy; no property-level NOI or maintenance-capex detail,0.10174229944657198,0.01998052563493029,0.375,0.22174229944657198,-0.22174229944657198,robust_return<=0; median_irr<=hurdle,False
86,INCY,117.25,0.03253152197867168,0.040841563371941475,-0.10434386287815865,0.15278682404896243,0.25,0.12,0.25,0.10434386287815865,0.22434386287815866,0.10434386287815865,0.22434386287815866,53.18818109458157,100.9891807931265,155.53830782081462,53.18818109458157,155.53830782081462,False,,-0.13868502521853732,0.65844,1.0,0.13881214346356055,0.813,-0.07915843662805852,0.65844,valid,,,forward_roic_cap_hit,,False,ok,False,,Incyte Corporation,Healthcare,Biotechnology,general_dcf,23424457674.0,0.813,0.713941769836407,3.085292852414928,0.08334717579306872,0.6305945940433383,0.17580748591964146,0.27051643157458843,0.15439286151799103,-2.5773950303242135,0.05841707369936918,-0.026171866110031528,heavy_sbc;peak_cycle_margins,8.0,2025.0,ttm,2026-04-28,2026-07-17,True,,,,0.10434386287815865,0.06940607173178028,0.125,0.22434386287815866,-0.22434386287815866,robust_return<=0; median_irr<=hurdle,False
87,MRSH,182.18,-0.04257583098156792,-0.024191965256775583,-0.10503973640025188,-0.01687965701246863,0.0,0.12,0.25,0.10503973640025188,0.22503973640025188,0.10503973640025188,0.22503973640025188,104.59705640479048,161.18426621377668,167.31470475653242,104.59705640479048,167.31470475653242,False,,-0.1152471939083507,0.6,0.8,0.06208003969389162,0.6489284522725357,-0.14419196525677558,0.48,valid,,,specialist_model_v1,,False,specialist,False,,"Marsh & McLennan Companies, Inc.",Financial Services,Insurance - Brokers,insurance,87773413100.0,,,,,,,,,,,,,,,,,2026-07-17,True,481795000.0,0.603,Justified P/B residual-income proxy; no regulatory-capital or reserve-detail model,0.10503973640025188,0.03104001984694581,0.125,0.22503973640025188,-0.22503973640025188,robust_return<=0; median_irr<=hurdle,False
88,PG,149.98,0.014482788559689687,0.027109048428246782,-0.10614480591611933,0.10985786329838451,0.0,0.12,0.25,0.10614480591611933,0.22614480591611932,0.10614480591611933,0.22614480591611932,66.69011098027583,124.72625328268249,177.47764564337015,66.69011098027583,177.47764564337015,False,,-0.16838076221707898,0.837,1.0,0.11289133460725193,0.9096,-0.09289095157175321,0.837,valid,,,,,False,ok,False,,The Procter & Gamble Company,Consumer Defensive,Household & Personal Products,general_dcf,349243274720.56,0.9096,0.2036508111217449,0.2194914528090526,0.06838500122316826,0.13526580989857664,0.22124866058976383,0.23239696487465117,0.03369968261776646,1.0644161212538752,0.0066458551813281955,-0.01636116975751145,,8.0,2025.0,ttm,2026-04-24,2026-07-17,True,,,,0.10614480591611933,0.05644566730362596,0.125,0.22614480591611932,-0.22614480591611932,robust_return<=0; median_irr<=hurdle,False
89,AMGN,366.29,0.0327705998995953,0.04873443904943999,-0.10986611681728387,0.14347963831678506,0.25,0.12,0.25,0.10986611681728387,0.22986611681728386,0.10986611681728387,0.22986611681728386,158.12693653778734,333.5414253011467,507.6999327250298,158.12693653778734,507.6999327250298,False,,-0.08940613912160666,0.7779,1.0,0.13333587756703447,0.893,-0.07126556095056,0.7779,valid,,,,,False,ok,False,,Amgen Inc.,Healthcare,Drug Manufacturers - General,general_dcf,197689643320.0,0.893,0.19013813892861603,0.12051756984447885,0.06661228550460721,0.12352585342400882,0.3267543447010294,0.3162898114828938,0.06433283393956057,2.715905001799208,0.015289109613338063,0.0018450226334196795,thin_interest_coverage,8.0,2025.0,ttm,2026-04-30,2026-07-17,True,,,,0.10986611681728387,0.06666793878351723,0.125,0.22986611681728386,-0.22986611681728386,robust_return<=0; median_irr<=hurdle,False
90,BMY,60.74,0.09984794855990915,0.12472696042386817,-0.11288841646164652,0.2628262898535468,0.75,0.12,0.25,0.11288841646164652,0.2328884164616465,0.11288841646164652,0.2328884164616465,26.53593021784391,77.18835169965716,136.61002679851677,26.53593021784391,136.61002679851677,False,,0.2707993365106547,0.5352,1.0,0.20180135315759667,0.8827,0.004726960423868179,0.5352,valid,,,,,False,ok,False,,Bristol-Myers Squibb Company,Healthcare,Drug Manufacturers - General,general_dcf,124035331800.0,0.8827,0.1901788524522589,,0.06508011780592148,0.12509873464633742,0.20325958745177736,0.2567138319376263,0.11452717234836363,2.1182118585946754,0.011474457401336267,-0.016179757587517773,cyclical_revenue,8.0,2025.0,ttm,2026-04-30,2026-07-17,True,,,,0.11288841646164652,0.10090067657879834,0.125,0.2328884164616465,-0.23035854724279226,robust_return<=0,False
91,ADP,255.27,-0.026731652361922865,-0.017029227840248466,-0.11256187421677165,0.03969372044957713,0.0,0.12,0.25,0.11256187421677165,0.23256187421677166,0.11256187421677165,0.23256187421677166,102.82557821661756,163.28421171425111,209.0516929038727,102.82557821661756,209.0516929038727,False,,-0.36034703759058606,0.81504,1.0,0.0816765973331744,0.9696,-0.13702922784024846,0.81504,valid,,,forward_roic_cap_hit,,False,ok,False,,"Automatic Data Processing, Inc.",Technology,Software - Application,general_dcf,102040170166.41002,0.9696,0.4302288063895208,1.6727003162548022,0.08589391052077715,0.34433489586874366,0.22604047931542276,0.19199092613596908,0.06389343834085914,0.21501974691706294,0.012680574505535709,-0.015108784872464032,,8.0,2025.0,ttm,2026-04-30,2026-07-17,True,,,,0.11256187421677165,0.0408382986665872,0.125,0.23256187421677166,-0.23256187421677166,robust_return<=0; median_irr<=hurdle,False
92,DOC,22.51,-0.10424619551324724,-0.1137493195497935,-0.1137493195497935,-0.07573682340360843,0.0,0.12,1.0,0.1137493195497935,0.2337493195497935,0.1137493195497935,0.2337493195497935,12.307175769548579,12.307175769548579,15.182865635988,12.307175769548579,15.182865635988,False,,-0.4532574069503075,0.6,0.8,0.03700624807309253,1.0,-0.2337493195497935,0.48,valid,,,specialist_model_v1,,False,specialist,False,,"Healthpeak Properties, Inc.",Real Estate,REIT - Healthcare Facilities,reit,15518844200.000002,,,,,,,,,,,,,,,,,2026-07-17,True,689420000.0,1.004,P/AFFO Gordon proxy; no property-level NOI or maintenance-capex detail,0.1137493195497935,0.018503124036546265,0.5,0.2337493195497935,-0.2337493195497935,robust_return<=0; median_irr<=hurdle,False
93,JNJ,253.04,-0.03544858689347162,-0.027626807315391456,-0.11410321562143502,0.02756248267833146,0.0,0.12,0.25,0.11410321562143502,0.23410321562143502,0.11410321562143502,0.23410321562143502,106.57720030061655,164.69668991164787,209.92055671344983,106.57720030061655,209.92055671344983,False,,-0.3491278457490995,0.9166,0.7,0.08233484914988325,0.9579,-0.14762680731539146,0.64162,valid,,,,,False,ok,False,,Johnson & Johnson,Healthcare,Drug Manufacturers - General,general_dcf,609122948800.0,0.9579,0.20153840099255396,0.12066491948116082,0.06915788598005829,0.13238051501249568,0.26112666111616145,0.27173993821196907,0.020747946632048597,0.8408411130245627,0.013645063939219578,-0.030248701557488267,,8.0,2025.0,annual,2026-02-11,2026-07-17,True,,,,0.11410321562143502,0.04116742457494162,0.125,0.23410321562143502,-0.23410321562143502,robust_return<=0; median_irr<=hurdle,False
94,ERIE,227.31,-0.02991882441582769,-0.01617495369028954,-0.11511469091656201,0.02778930063383034,0.0,0.12,0.25,0.11511469091656201,0.235114690916562,0.11511469091656201,0.235114690916562,123.32566526003708,209.51152370331135,260.69878290815996,123.32566526003708,260.69878290815996,False,,-0.07830045443090339,0.6,0.8,0.08945199577519616,0.5886342816859954,-0.13617495369028954,0.48,valid,,,specialist_model_v1,,False,specialist,False,,Erie Indemnity Company,Financial Services,Insurance - Property & Casualty,insurance,10499244321.0,,,,,,,,,,,,,,,,,2026-07-17,True,46189100.0,0.286,Justified P/B residual-income proxy; no regulatory-capital or reserve-detail model,0.11511469091656201,0.04472599788759808,0.125,0.235114690916562,-0.235114690916562,robust_return<=0; median_irr<=hurdle,False
95,VRTX,485.65,0.022736240563244824,0.033486035402165756,-0.11631192285276482,0.1402848143014126,0.25,0.12,0.25,0.11631192285276482,0.2363119228527648,0.11631192285276482,0.2363119228527648,200.94603289880865,413.0569923341761,660.0650330975521,200.94603289880865,660.0650330975521,False,,-0.14947597583820427,0.6194,1.0,0.13971636857708872,0.8782,-0.08651396459783424,0.6194,valid,,,,,False,ok,False,,Vertex Pharmaceuticals Incorporated,Healthcare,Biotechnology,general_dcf,123260600766.0,0.8782,0.28702754980861045,0.13529162365860806,0.07019507650288671,0.21683247330572375,0.37779085295187886,0.3896989824644434,0.2173528009112493,-1.0534938214736336,0.05889028492684311,-0.0036152671940365977,heavy_sbc,8.0,2025.0,ttm,2026-05-05,2026-07-17,True,,,,0.11631192285276482,0.06985818428854436,0.125,0.2363119228527648,-0.2363119228527648,robust_return<=0; median_irr<=hurdle,False
96,VTR,96.1,-0.02184390574905276,0.009918315766539676,-0.11713057029583007,0.009918315766539676,0.0,0.12,0.25,0.11713057029583007,0.23713057029583007,0.11713057029583007,0.23713057029583007,51.54728353110774,100.96122946836338,100.96122946836338,51.54728353110774,100.96122946836338,False,,0.05058511413489475,0.6,0.8,0.08152444303118486,0.5105651327994207,-0.11008168423346032,0.48,valid,,,specialist_model_v1,,False,specialist,False,,"Ventas, Inc.",Real Estate,REIT - Healthcare Facilities,reit,46720910380.0,,,,,,,,,,,,,,,,,2026-07-17,True,486169722.99687827,0.724,P/AFFO Gordon proxy; no property-level NOI or maintenance-capex detail,0.11713057029583007,0.04076222151559243,0.125,0.23713057029583007,-0.23713057029583007,robust_return<=0; median_irr<=hurdle,False
97,FIS,41.91,0.027379368018591792,0.034940871433354934,-0.11747254874790085,0.15710827795555815,0.25,0.12,0.25,0.11747254874790085,0.23747254874790086,0.11747254874790085,0.23747254874790086,16.635722277242717,32.80319085461901,58.71471526124692,16.635722277242717,58.71471526124692,False,,-0.21729442007590039,0.457164,1.0,0.15357549335172951,0.253,-0.08505912856664506,0.457164,valid,,,share_change_floor_hit;reinvestment_cap_hit,,False,ok,False,,"Fidelity National Information Services, Inc.",Technology,Information Technology Services,general_dcf,21662398890.0,0.253,0.0717757196636924,,0.07864835688538602,-0.006872637221693623,0.16954243194082974,0.17901869960542116,0.03445541525790263,0.8243306716768436,0.016952327432799476,-0.05052281217146859,cyclical_revenue,8.0,2025.0,ttm,2026-05-08,2026-07-17,True,,,,0.11747254874790085,0.07678774667586476,0.125,0.23747254874790086,-0.23747254874790086,robust_return<=0; median_irr<=hurdle,False
98,EW,85.73,-0.08148414181923723,-0.08130886077415195,-0.11778477376792576,-0.04553407196071927,0.0,0.12,0.75,0.11778477376792576,0.23778477376792576,0.11778477376792576,0.23778477376792576,32.588881178853036,38.80691502755976,45.49623477194913,32.588881178853036,45.49623477194913,False,,-0.5473356464766155,0.7381800000000001,0.95,0.045479950903603246,0.9355,-0.20130886077415194,0.701271,valid,,,reinvestment_cap_hit,,False,ok,False,,Edwards Lifesciences Corporation,Healthcare,Medical - Devices,general_dcf,49363334000.0,0.9355,0.21134871678303058,0.01311753128077258,0.08808320708532909,0.12326550969770149,0.28914920347335843,0.27619576425795195,0.07227640149460335,-1.561385982438614,0.027824351297405188,-0.023791269762517775,weak_cash_conversion;incremental_roic_below_wacc,8.0,2025.0,ttm,2026-05-06,2026-07-17,True,,,,0.11778477376792576,0.022739975451801623,0.375,0.23778477376792576,-0.23778477376792576,robust_return<=0; median_irr<=hurdle,False
99,KMB,108.35,0.016055862796201865,0.03294711575144904,-0.11995164768886749,0.11828086737077687,0.0,0.12,0.25,0.11995164768886749,0.23995164768886748,0.11995164768886749,0.23995164768886748,44.41399694385532,92.04224771166828,133.31059379640948,44.41399694385532,133.31059379640948,False,,-0.15050994267034346,0.8322,1.0,0.12415025752982217,0.9435,-0.08705288424855095,0.8322,valid,,,,,False,ok,False,,Kimberly-Clark Corporation,Consumer Defensive,Household & Personal Products,general_dcf,35965699000.0,0.9435,0.20750129347232701,,0.06674609378434163,0.1407551996879854,0.13873102540272614,0.13271660922667633,-0.010116269221897567,2.1989915966386553,0.008131970260223048,-0.005050591154868278,,8.0,2025.0,ttm,2026-04-28,2026-07-17,True,,,,0.11995164768886749,0.062075128764911086,0.125,0.23995164768886748,-0.23995164768886748,robust_return<=0; median_irr<=hurdle,False
100,PM,192.98,-0.01622429751223532,-0.0031218898948281726,-0.12039191038056737,0.061738500121282444,0.0,0.12,0.25,0.12039191038056737,0.24039191038056737,0.12039191038056737,0.24039191038056737,78.17864783096654,138.91400008962972,188.05401713489286,78.17864783096654,188.05401713489286,False,,-0.28016374707415415,0.883,1.0,0.0945752052509249,0.9783,-0.12312188989482817,0.883,valid,,,,,False,ok,False,,Philip Morris International Inc.,Consumer Defensive,Tobacco,general_dcf,300770686101.0,0.9783,0.3218184560068495,0.0740186415125545,0.067100631864915,0.2547178241419345,0.375011668771804,0.3683030872677319,0.046226778751697895,2.686503351051537,0.0,0.0023186132197321463,,8.0,2025.0,ttm,2026-04-24,2026-07-17,True,,,,0.12039191038056737,0.04728760262546245,0.125,0.24039191038056737,-0.24039191038056737,robust_return<=0; median_irr<=hurdle,False
101,DPZ,322.18,0.029527663022599904,0.053097807314770776,-0.12205260440532581,0.13396764186618387,0.25,0.12,0.25,0.12205260440532581,0.2420526044053258,0.12205260440532581,0.2420526044053258,114.60133460694459,269.99369769041806,386.4632188286054,114.60133460694459,386.4632188286054,False,,-0.16197871472339054,0.8114399999999999,1.0,0.13366692313575482,0.9859,-0.06690219268522922,0.8114399999999999,valid,,,forward_roic_cap_hit,,False,ok,False,,"Domino's Pizza, Inc.",Consumer Cyclical,Restaurants,general_dcf,10716318620.0,0.9859,0.7953510962735598,,0.07963741248142789,0.715713683792132,0.17766900952576264,0.19588967189524945,0.05337097893699405,4.607327781442702,0.009036448222406748,-0.02150386947508398,elevated_leverage;thin_interest_coverage,8.0,2025.0,ttm,2026-04-27,2026-07-17,True,,,,0.12205260440532581,0.06683346156787741,0.125,0.2420526044053258,-0.2420526044053258,robust_return<=0; median_irr<=hurdle,False
102,L,114.45,-0.010230983559612578,0.010226351179537296,-0.1276382289480652,0.0662615923505403,0.0,0.12,0.25,0.1276382289480652,0.2476382289480652,0.1276382289480652,0.2476382289480652,57.82277424460057,120.42294954065882,157.73738116384314,57.82277424460057,157.73738116384314,False,,0.05218828781702767,0.6,0.8,0.11494991064930274,0.4801640755782823,-0.1097736488204627,0.48,valid,,,specialist_model_v1,,False,specialist,False,,Loews Corporation,Financial Services,Insurance - Property & Casualty,insurance,23550247515.0,,,,,,,,,,,,,,,,,2026-07-17,True,205768873.00131062,0.518,Justified P/B residual-income proxy; no regulatory-capital or reserve-detail model,0.1276382289480652,0.05747495532465137,0.125,0.2476382289480652,-0.2476382289480652,robust_return<=0; median_irr<=hurdle,False
103,MCD,267.71,0.007239337833016203,0.02485883654444481,-0.12895621606439817,0.10819589430757336,0.0,0.12,0.25,0.12895621606439817,0.24895621606439816,0.12895621606439817,0.24895621606439816,103.4598227563509,217.303769196438,318.3157463602147,103.4598227563509,318.3157463602147,False,,-0.18828669382377194,0.8182,1.0,0.12403005518598577,0.9388,-0.09514116345555518,0.8182,valid,,,,,False,ok,False,,McDonald's Corporation,Consumer Cyclical,Restaurants,general_dcf,190209561260.0,0.9388,0.18973077036347563,0.13139506502445034,0.06538339103820294,0.12434737932527269,0.43523389640373805,0.46012314642766056,0.03411765915312581,3.611066290170768,0.006635802469135803,-0.012660165475957386,elevated_leverage,8.0,2025.0,ttm,2026-05-07,2026-07-17,True,,,,0.12895621606439817,0.062015027592992884,0.125,0.24895621606439816,-0.24895621606439816,robust_return<=0; median_irr<=hurdle,False
104,BR,149.91,-0.03181577456271041,-0.021281667705625264,-0.12930671118665485,0.04460694834706375,0.0,0.12,0.25,0.12930671118665485,0.24930671118665484,0.12930671118665485,0.24930671118665484,52.939764385411436,90.41482478552864,122.47158275989823,52.939764385411436,122.47158275989823,False,,-0.3968726250048119,0.8728,1.0,0.0907728297668593,0.8646,-0.14128166770562525,0.8728,valid,,,,,False,ok,False,,"Broadridge Financial Solutions, Inc.",Technology,Information Technology Services,general_dcf,17338335303.0,0.8646,0.16823569567196237,,0.08364693677966395,0.08458875889229842,0.14387942785845714,0.17143520478538163,0.0685924193098515,1.9448971915747242,0.010850187496157866,-0.004237338963661075,,8.0,2025.0,ttm,2026-04-30,2026-07-17,True,,,,0.12930671118665485,0.04538641488342965,0.125,0.24930671118665484,-0.24930671118665484,robust_return<=0; median_irr<=hurdle,False
105,OTIS,73.45,-0.002445648243883592,0.016072626324603358,-0.12936814102577038,0.0874402954010293,0.0,0.12,0.25,0.12936814102577038,0.24936814102577037,0.12936814102577038,0.24936814102577037,26.243207442630528,53.06947930361789,73.21831095583667,26.243207442630528,73.21831095583667,False,,-0.2774747542053385,0.80559,1.0,0.11423651821339983,0.9848,-0.10392737367539664,0.80559,valid,,,forward_roic_cap_hit,,False,ok,False,,Otis Worldwide Corporation,Industrials,Industrial - Machinery,general_dcf,28183945782.0,0.9848,0.961473185663269,,0.07961755718312294,0.8818556284801461,0.1447580284207614,0.15436608179149314,0.015981973389793902,3.0324435318275156,0.0,-0.027044762448158233,elevated_leverage,8.0,2025.0,ttm,2026-04-23,2026-07-17,True,,,,0.12936814102577038,0.05711825910669992,0.125,0.24936814102577037,-0.24936814102577037,robust_return<=0; median_irr<=hurdle,False
106,RF,31.65,-0.03611276941886965,-0.020003007590966848,-0.1312171756545839,0.026772113161039002,0.0,0.12,0.25,0.1312171756545839,0.2512171756545839,0.1312171756545839,0.2512171756545839,15.664980061559914,28.608654219116936,36.11969201979415,15.664980061559914,36.11969201979415,False,,-0.09609307364559438,0.6,0.8,0.09699464440781144,0.5475608863520826,-0.14000300759096684,0.48,valid,,,specialist_model_v1,,False,specialist,False,,Regions Financial Corporation,Financial Services,Banks - Regional,bank,27009477000.0,,,,,,,,,,,,,,,,,2026-07-17,True,853380000.0,1.012,Justified P/B residual-income proxy; no regulatory-capital or reserve-detail model,0.1312171756545839,0.04849732220390572,0.125,0.2512171756545839,-0.2512171756545839,robust_return<=0; median_irr<=hurdle,False
107,HII,269.13,-0.015734024684934376,-0.005612722730438663,-0.13191723689087662,0.08020658361201645,0.0,0.12,0.25,0.13191723689087662,0.25191723689087664,0.13191723689087662,0.25191723689087664,100.74702389642705,183.6336294563543,283.6835861164499,100.74702389642705,283.6835861164499,False,,-0.3176768496401208,0.6581699999999999,1.0,0.11631681025144654,0.6448,-0.12561272273043866,0.6581699999999999,valid,,,reinvestment_cap_hit,,False,ok,False,,"Huntington Ingalls Industries, Inc.",Industrials,Aerospace & Defense,general_dcf,10604798520.0,0.6448,0.06621902324690654,0.04451518236260853,0.06611181029794108,0.00010721294896545719,0.06102485467315274,0.048797571795470465,0.06232886601518706,2.8488982161594962,0.002968395320412083,-0.006694761373249314,incremental_roic_below_wacc,8.0,2025.0,ttm,2026-05-05,2026-07-17,True,,,,0.13191723689087662,0.05815840512572327,0.125,0.25191723689087664,-0.25191723689087664,robust_return<=0; median_irr<=hurdle,False
108,EBAY,112.06,-0.032027971670322564,-0.02282007042085749,-0.1338525137864053,0.05138076794683004,0.0,0.12,0.25,0.1338525137864053,0.2538525137864053,0.1338525137864053,0.2538525137864053,37.015386260216125,64.25301096318329,87.38719798729988,37.015386260216125,87.38719798729988,False,,-0.42661957020182684,0.6684300000000001,1.0,0.10256374086661767,0.9507,-0.14282007042085748,0.6684300000000001,valid,,,share_change_floor_hit,,False,ok,False,,eBay Inc.,Consumer Cyclical,Specialty Retail,general_dcf,49754640000.0,0.9507,0.25351022037760845,,0.10598541296935453,0.1475248074082539,0.2318380411812394,0.19579455360220613,0.036268770373628634,1.240995172669885,0.0568631329113924,-0.06439184111788199,heavy_sbc,8.0,2025.0,ttm,2026-04-29,2026-07-17,True,,,,0.1338525137864053,0.051281870433308833,0.125,0.2538525137864053,-0.2538525137864053,robust_return<=0; median_irr<=hurdle,False
109,DRI,198.53,0.0650727624088177,0.08793882910686082,-0.13460357508156442,0.21901696650311356,0.25,0.12,0.25,0.13460357508156442,0.2546035750815644,0.13460357508156442,0.2546035750815644,74.43149627862245,210.89568895738708,366.4743455232722,74.43149627862245,366.4743455232722,False,,0.062286248714990666,0.6277,1.0,0.187979270792339,0.8263,-0.032061170893139174,0.6277,valid,,,,,False,ok,False,,"Darden Restaurants, Inc.",Consumer Cyclical,Restaurants,general_dcf,22738634145.329857,0.8263,0.17276114672245155,0.2681590505748327,0.07019866330773299,0.10256248341471856,0.11369714016231727,0.11981015676448993,0.06483717505613917,2.7212556555809506,0.006014047410008779,-0.021336182737631826,,8.0,2026.0,ttm,2026-06-25,2026-07-17,True,,,,0.13460357508156442,0.0939896353961695,0.125,0.2546035750815644,-0.2546035750815644,robust_return<=0; median_irr<=hurdle,False
110,HD,338.87,-0.09973553927011378,-0.10198195958946599,-0.13513598785502828,-0.059842250046494856,0.0,0.12,0.75,0.13513598785502828,0.2551359878550283,0.13513598785502828,0.2551359878550283,113.09785352059599,117.0078368928518,149.52757588137183,113.09785352059599,149.52757588137183,False,,-0.6547117275272175,0.7692300000000001,1.0,0.04456996890426671,0.9639,-0.22198195958946598,0.7692300000000001,valid,,,reinvestment_cap_hit,,False,ok,False,,"The Home Depot, Inc.",Consumer Cyclical,Home Improvement,general_dcf,337892930029.0,0.9639,0.22465481408068422,-0.04736403118234224,0.08616541344093667,0.13848940063974755,0.14279601693997807,0.12448376872839031,0.06183856728649273,2.259841257115369,0.002770916659352784,-0.009521261005304371,incremental_roic_below_wacc,8.0,2025.0,ttm,2026-05-27,2026-07-17,True,,,,0.13513598785502828,0.022284984452133356,0.375,0.2551359878550283,-0.2551359878550283,robust_return<=0; median_irr<=hurdle,False
111,FITB,58.01,-0.05369959439390726,-0.039033262223005516,-0.13899031675351403,0.0022584636238960343,0.0,0.12,0.25,0.13899031675351403,0.258990316753514,0.13899031675351403,0.258990316753514,27.45004394727065,47.53840905384412,58.66803295588104,27.45004394727065,58.66803295588104,False,,-0.18051354845984968,0.6,0.8,0.08862439018870502,0.5774287464306916,-0.1590332622230055,0.48,valid,,,specialist_model_v1,,False,specialist,False,,Fifth Third Bancorp,Financial Services,Banks - Regional,bank,52575132899.0,,,,,,,,,,,,,,,,,2026-07-17,True,906311547.9917256,0.922,Justified P/B residual-income proxy; no regulatory-capital or reserve-detail model,0.13899031675351403,0.04431219509435251,0.125,0.258990316753514,-0.258990316753514,robust_return<=0; median_irr<=hurdle,False
112,PLD,149.79,-0.09402020084381213,-0.07879536409247156,-0.13969471109783382,-0.07879536409247156,0.0,0.12,1.0,0.13969471109783382,0.2596947110978338,0.13969471109783382,0.2596947110978338,70.59042309040824,99.37185456211883,99.37185456211883,70.59042309040824,99.37185456211883,False,,-0.336592198664004,0.6,0.8,0.048449673502681125,0.7103663648169222,-0.19879536409247156,0.48,valid,,,specialist_model_v1,,False,specialist,False,,"Prologis, Inc.",Real Estate,REIT - Industrial,reit,139654909020.0,,,,,,,,,,,,,,,,,2026-07-17,True,932338000.0,1.3394185,P/AFFO Gordon proxy; no property-level NOI or maintenance-capex detail,0.13969471109783382,0.024224836751340562,0.5,0.2596947110978338,-0.2596947110978338,robust_return<=0; median_irr<=hurdle,False
113,GPC,124.82,-0.058521256860694815,-0.058402630413183915,-0.1397434270358644,0.02246366041945296,0.0,0.12,0.25,0.1397434270358644,0.2597434270358644,0.1397434270358644,0.2597434270358644,43.159415423411254,58.70198932536347,94.33650313630184,43.159415423411254,94.33650313630184,False,,-0.5297068632802158,0.7056,1.0,0.08993554372765869,0.7258,-0.1784026304131839,0.7056,valid,,,reinvestment_cap_hit,,False,ok,False,,Genuine Parts Company,Consumer Cyclical,Specialty Retail,general_dcf,17365223143.0,0.7258,0.07687457478450052,0.00652465213536238,0.06866480067979097,0.00820977410470955,0.061460954263392015,0.04418528967879363,0.053860976464620514,3.7774988768648754,0.002010152945203075,-0.010155099630790865,elevated_leverage;incremental_roic_below_wacc,8.0,2025.0,ttm,2026-04-21,2026-07-17,True,,,,0.1397434270358644,0.044967771863829345,0.125,0.2597434270358644,-0.2597434270358644,robust_return<=0; median_irr<=hurdle,False
114,UPS,117.72,-0.08326297437015451,-0.09104532680357802,-0.14008774033281948,-0.010873503540642532,0.0,0.12,0.75,0.14008774033281948,0.26008774033281945,0.14008774033281948,0.26008774033281945,39.63586541115667,41.27332626161442,68.01088141045686,39.63586541115667,68.01088141045686,False,,-0.6493941024327691,0.6144660000000001,1.0,0.07617313839608847,0.8121,-0.21104532680357801,0.6144660000000001,valid,,,forward_roic_floor_hit;reinvestment_cap_hit,,False,ok,False,,"United Parcel Service, Inc.",Industrials,Integrated Freight & Logistics,general_dcf,87887633040.0,0.8121,0.15050198608941556,-0.30342497292373505,0.08472636679987233,0.06577561928954323,0.10081949793917383,0.0845590316700069,0.030364868438471193,2.0253388854434307,0.0008233608914855461,-0.008102207860337884,incremental_roic_below_wacc,8.0,2025.0,ttm,2026-05-06,2026-07-17,True,,,,0.14008774033281948,0.038086569198044234,0.375,0.26008774033281945,-0.26008774033281945,robust_return<=0; median_irr<=hurdle,False
115,SPG,228.7,-0.09056152504891815,-0.09271521563575968,-0.14100349878429763,-0.035812170139855604,0.0,0.12,0.75,0.14100349878429763,0.2610034987842976,0.14100349878429763,0.2610034987842976,106.96042973985635,140.59967039641546,190.5787138978246,106.96042973985635,190.5787138978246,False,,-0.38522225449752745,0.6,0.8,0.070595664322221,0.760744526913082,-0.21271521563575968,0.48,valid,,,specialist_model_v1,,False,specialist,False,,"Simon Property Group, Inc.",Real Estate,REIT - Retail,reit,74163293400.0,,,,,,,,,,,,,,,,,2026-07-17,True,324282000.0,1.327,P/AFFO Gordon proxy; no property-level NOI or maintenance-capex detail,0.14100349878429763,0.0352978321611105,0.375,0.2610034987842976,-0.2610034987842976,robust_return<=0; median_irr<=hurdle,False
116,NOC,521.57,-0.07274019107899217,-0.0747621586473542,-0.14142249121796338,-1.3955803296966427e-05,0.0,0.12,0.75,0.14142249121796338,0.26142249121796335,0.14142249121796338,0.26142249121796335,188.59751706235517,237.40040812372243,363.95730659814143,188.59751706235517,363.95730659814143,False,,-0.5448350017759411,0.631476,1.0,0.0817599877073332,0.7765,-0.1947621586473542,0.631476,valid,,,forward_roic_floor_hit;reinvestment_cap_hit,,False,ok,False,,Northrop Grumman Corporation,Industrials,Aerospace & Defense,general_dcf,74080151810.0,0.7765,0.12393943707660934,-0.18236401268334634,0.06689506153602323,0.05704437554058611,0.10848230245639823,0.11084098472868034,0.048603467408775636,2.4156053522489116,0.002461433480369459,-0.028890005351792758,incremental_roic_below_wacc,8.0,2025.0,ttm,2026-04-21,2026-07-17,True,,,,0.14142249121796338,0.0408799938536666,0.375,0.26142249121796335,-0.26142249121796335,robust_return<=0; median_irr<=hurdle,False
117,MNST,97.5,-0.0533229334178031,-0.04477695092791689,-0.1428130909393075,0.01907525912392887,0.0,0.12,0.25,0.1428130909393075,0.2628130909393075,0.1428130909393075,0.2628130909393075,34.57986159489391,57.90939275776411,77.36493646644215,34.57986159489391,77.36493646644215,False,,-0.4060575101767784,0.8507,1.0,0.08542317503161818,0.9638,-0.1647769509279169,0.8507,valid,,,,,False,ok,False,,Monster Beverage Corporation,Consumer Defensive,Beverages - Non-Alcoholic,general_dcf,95355790725.0,0.9638,0.3448739651544251,0.23892665820974032,0.07185,0.27302396515442506,0.30803030191925174,0.29336332359688466,0.11766377971547848,-1.106553369175614,0.012143138082634732,-0.025060425936664577,,8.0,2025.0,ttm,2026-05-08,2026-07-17,True,,,,0.1428130909393075,0.04271158751580909,0.125,0.2628130909393075,-0.2628130909393075,robust_return<=0; median_irr<=hurdle,False
118,LOW,208.73,-0.09339950276771557,-0.10269884604203977,-0.14355961850669696,-0.02464070048008577,0.0,0.12,0.75,0.14355961850669696,0.26355961850669696,0.14355961850669696,0.26355961850669696,66.94149272847176,66.94149272847176,112.99675189412768,69.08869311693398,112.99675189412768,True,"growth destroys value: forward ROIC 2.0% at/below WACC 7.7%, so higher-growth scenarios reinvest below the cost of capital and are worth less than the bear case",-0.6792914639559634,0.6261300000000001,1.0,0.07067555901330559,0.9586,-0.22269884604203977,0.6261300000000001,valid,,,forward_roic_floor_hit;reinvestment_cap_hit,,False,ok,False,,"Lowe's Companies, Inc.",Consumer Cyclical,Home Improvement,general_dcf,117036372110.0,0.9586,0.24129120095403037,-0.15525800247472332,0.07674412714323293,0.16454707381079742,0.1211524623855642,0.11548725603274758,0.027609235184565373,3.292091836734694,0.002641202763104429,-0.039008478793996604,elevated_leverage;incremental_roic_below_wacc,8.0,2025.0,ttm,2026-05-28,2026-07-17,True,,,,0.14355961850669696,0.035337779506652796,0.375,0.26355961850669696,-0.26355961850669696,robust_return<=0; median_irr<=hurdle,False
119,EQIX,1020.0,-0.07912687888143452,-0.05751068450824459,-0.1439754620010043,-0.05751068450824459,0.0,0.12,0.25,0.1439754620010043,0.2639754620010043,0.1439754620010043,0.2639754620010043,468.8471079497977,758.5467456163947,758.5467456163947,468.8471079497977,758.5467456163947,False,,-0.25632671998392675,0.6,0.8,0.06123238874637985,0.618085979089941,-0.1775106845082446,0.48,valid,,,specialist_model_v1,,False,specialist,False,,"Equinix, Inc.",Real Estate,REIT - Specialty,reit,100596684000.0,,,,,,,,,,,,,,,,,2026-07-17,True,98624200.0,0.971,P/AFFO Gordon proxy; no property-level NOI or maintenance-capex detail,0.1439754620010043,0.030616194373189926,0.125,0.2639754620010043,-0.2639754620010043,robust_return<=0; median_irr<=hurdle,False
120,USB,63.14,-0.04704090470121211,-0.030289264835041685,-0.14625257168154226,0.018667482546777192,0.0,0.12,0.25,0.14625257168154226,0.26625257168154226,0.14625257168154226,0.26625257168154226,28.638589212210995,54.1396688428993,69.25749712609301,28.638589212210995,69.25749712609301,False,,-0.14254563124961517,0.6,0.8,0.10046002711415972,0.5289760691982345,-0.15028926483504168,0.48,valid,,,specialist_model_v1,,False,specialist,False,,U.S. Bancorp,Financial Services,Banks - Diversified,bank,98355181306.0,,,,,,,,,,,,,,,,,2026-07-17,True,1557731728.001267,0.979,Justified P/B residual-income proxy; no regulatory-capital or reserve-detail model,0.14625257168154226,0.05023001355707986,0.125,0.26625257168154226,-0.26625257168154226,robust_return<=0; median_irr<=hurdle,False
121,TRV,368.98,-0.034993418513224184,-0.01663425066226054,-0.14666165345095417,0.03995648072257851,0.0,0.12,0.25,0.14666165345095417,0.26666165345095416,0.14666165345095417,0.26666165345095416,166.95873154325042,339.2955901743248,448.8266693475984,166.95873154325042,448.8266693475984,False,,-0.08044991551215575,0.6,0.8,0.11130906708676633,0.4920745697209611,-0.13663425066226054,0.48,valid,,,specialist_model_v1,,False,specialist,False,,"The Travelers Companies, Inc.",Financial Services,Insurance - Property & Casualty,insurance,78461638823.0,,,,,,,,,,,,,,,,,2026-07-17,True,212644692.99962056,0.473,Justified P/B residual-income proxy; no regulatory-capital or reserve-detail model,0.14666165345095417,0.055654533543383164,0.125,0.26666165345095416,-0.26666165345095416,robust_return<=0; median_irr<=hurdle,False
122,FAST,45.49,-0.0666943356482079,-0.05623022253857922,-0.14801013864343981,-0.006306758872233302,0.0,0.12,0.25,0.14801013864343981,0.2680101386434398,0.14801013864343981,0.2680101386434398,15.365482657357669,24.18280855282698,30.643613488736328,15.365482657357669,30.643613488736328,False,,-0.46839286540279224,0.9132,1.0,0.07345568988560325,0.995,-0.17623022253857923,0.9132,valid,,,,,False,ok,False,,Fastenal Company,Industrials,Industrial - Distribution,general_dcf,52224339600.0,0.995,0.31318996629376483,0.4999846681073931,0.08085497373454122,0.23233499255922363,0.20204371901989834,0.20289623169853588,0.07431176869979028,0.1211377122979333,0.001024327784891165,-0.0002739811860511532,,8.0,2025.0,ttm,2026-07-16,2026-07-17,True,,,,0.14801013864343981,0.036727844942801624,0.125,0.2680101386434398,-0.2680101386434398,robust_return<=0; median_irr<=hurdle,False
123,HBAN,18.25,-0.02976467939969149,-0.009450430832215417,-0.1489522067824659,0.048794350848130774,0.0,0.12,0.25,0.1489522067824659,0.2689522067824659,0.1489522067824659,0.2689522067824659,8.147654759840226,17.403794070972463,23.15872074840059,8.147654759840226,23.15872074840059,False,,-0.046367448165892444,0.6,0.8,0.11687327881529833,0.4681539396877593,-0.1294504308322154,0.48,valid,,,specialist_model_v1,,False,specialist,False,,Huntington Bancshares Incorporated,Financial Services,Banks - Regional,bank,36995122500.0,,,,,,,,,,,,,,,,,2026-07-17,True,2027130000.0,0.952,Justified P/B residual-income proxy; no regulatory-capital or reserve-detail model,0.1489522067824659,0.05843663940764916,0.125,0.2689522067824659,-0.2689522067824659,robust_return<=0; median_irr<=hurdle,False
124,MAS,78.65,-0.13415166366467013,-0.14563112204778003,-0.14896028421353544,-0.0963841263495851,0.0,0.12,1.0,0.14896028421353544,0.26896028421353546,0.14896028421353544,0.26896028421353546,17.550104621402614,17.550104621402614,24.519555037149708,24.123664123465435,24.519555037149708,True,"growth destroys value: forward ROIC 2.0% at/below WACC 9.9%, so higher-growth scenarios reinvest below the cost of capital and are worth less than the bear case",-0.7768581739173221,0.6931170000000001,1.0,0.03549456893197517,0.9855,-0.26563112204778005,0.6931170000000001,valid,,,forward_roic_floor_hit;reinvestment_cap_hit,,False,ok,False,,Masco Corporation,Industrials,Construction Materials,general_dcf,15866413470.0,0.9855,0.3647712535529071,-0.24970968064271476,0.09860046238051337,0.26617079117239373,0.16795059838708515,0.16786039848938664,0.018441922577974612,2.0236111111111112,0.0,-0.043758825476734486,incremental_roic_below_wacc,8.0,2025.0,ttm,2026-04-22,2026-07-17,True,,,,0.14896028421353544,0.017747284465987584,0.5,0.26896028421353546,-0.26896028421353546,robust_return<=0; median_irr<=hurdle,False
125,SYK,319.87,-0.0749546794872003,-0.067934011327452,-0.14972791234031313,-0.014222782953584076,0.0,0.12,0.25,0.14972791234031313,0.2697279123403131,0.14972791234031313,0.2697279123403131,103.12485997725275,154.46438373284718,201.06830585958062,103.12485997725275,201.06830585958062,False,,-0.5171026237757614,0.8486,1.0,0.07229456469336452,0.8184,-0.187934011327452,0.8486,valid,,,,,False,ok,False,,Stryker Corporation,Healthcare,Medical - Devices,general_dcf,122625606941.0,0.8184,0.13148921238418004,0.09753873624329018,0.08081896773495424,0.0506702446492258,0.2154756628818411,0.21341511673921645,0.09157664076422001,1.84801928001205,0.010000975704946824,0.003736241152631381,,8.0,2025.0,ttm,2026-05-11,2026-07-17,True,,,,0.14972791234031313,0.03614728234668226,0.125,0.2697279123403131,-0.2697279123403131,robust_return<=0; median_irr<=hurdle,False
126,AMT,170.06,-0.11233793486567001,-0.11511321346992409,-0.15339431750297627,-0.06573099501985558,0.0,0.12,0.75,0.15339431750297627,0.27339431750297627,0.15339431750297627,0.27339431750297627,73.96190194619146,92.26579437913502,121.04918787267684,73.96190194619146,121.04918787267684,False,,-0.4574515207624661,0.6,0.8,0.061831661241560344,0.8016177874356133,-0.2351132134699241,0.48,valid,,,specialist_model_v1,,False,specialist,False,,American Tower Corporation,Real Estate,REIT - Specialty,reit,79229763580.0,,,,,,,,,,,,,,,,,2026-07-17,True,465893000.0,0.909,P/AFFO Gordon proxy; no property-level NOI or maintenance-capex detail,0.15339431750297627,0.030915830620780172,0.375,0.27339431750297627,-0.27339431750297627,robust_return<=0; median_irr<=hurdle,False
127,AIZ,276.84,-0.007978264811881464,0.016002516547192203,-0.15342822000035894,0.08951012765844868,0.0,0.12,0.25,0.15342822000035894,0.27342822000035893,0.15342822000035894,0.27342822000035893,120.3781813043734,299.7110525403358,424.9963485496272,120.3781813043734,424.9963485496272,False,,0.08261469636012064,0.6,0.8,0.1394691738294038,0.4016474543866634,-0.10399748345280779,0.48,valid,,,specialist_model_v1,,False,specialist,False,,"Assurant, Inc.",Financial Services,Insurance - Specialty,insurance,13716767827.0,,,,,,,,,,,,,,,,,2026-07-17,True,49547636.99971103,0.555,Justified P/B residual-income proxy; no regulatory-capital or reserve-detail model,0.15342822000035894,0.0697345869147019,0.125,0.27342822000035893,-0.27342822000035893,robust_return<=0; median_irr<=hurdle,False
128,CHD,98.07,-0.10209233335772294,-0.09943224684684535,-0.15475969696999525,-0.054745142767205796,0.0,0.12,0.75,0.15475969696999525,0.27475969696999525,0.15475969696999525,0.27475969696999525,33.51404227496279,41.465115121597094,51.402571828786954,33.51404227496279,51.402571828786954,False,,-0.5771885885429071,0.74313,1.0,0.05771337710139473,0.8157,-0.21943224684684534,0.74313,valid,,,reinvestment_cap_hit,,False,ok,False,,"Church & Dwight Co., Inc.",Consumer Defensive,Household & Personal Products,general_dcf,23237059048.0,0.8157,0.1400260760267632,-0.016516850136827292,0.06839604676978114,0.07163002925698206,0.18558024830582392,0.17296225867792567,0.05925266631317894,1.4624629311690338,0.009693635276972704,-0.01122306342429269,incremental_roic_below_wacc,8.0,2025.0,ttm,2026-05-01,2026-07-17,True,,,,0.15475969696999525,0.028856688550697365,0.375,0.27475969696999525,-0.27475969696999525,robust_return<=0; median_irr<=hurdle,False
129,PNC,252.86,-0.06348181922082627,-0.04773632046268694,-0.15503430569783738,-0.003420330260093807,0.0,0.12,0.25,0.15503430569783738,0.2750343056978374,0.15503430569783738,0.2750343056978374,108.91194604911949,198.000475993236,248.5651566768716,108.91194604911949,248.5651566768716,False,,-0.216956118036716,0.6,0.8,0.09380698771887178,0.5500590112361149,-0.16773632046268694,0.48,valid,,,specialist_model_v1,,False,specialist,False,,"The PNC Financial Services Group, Inc.",Financial Services,Banks - Regional,bank,101539725900.0,,,,,,,,,,,,,,,,,2026-07-17,True,401565000.0,0.897,Justified P/B residual-income proxy; no regulatory-capital or reserve-detail model,0.15503430569783738,0.04690349385943589,0.125,0.2750343056978374,-0.2750343056978374,robust_return<=0; median_irr<=hurdle,False
130,GILD,134.28,-0.0007166206749388768,0.016034647275228076,-0.15516969033633357,0.12023391308612191,0.25,0.12,0.25,0.15516969033633357,0.27516969033633354,0.15516969033633357,0.27516969033633354,46.986268820837324,106.23748860773065,166.9965692400661,46.986268820837324,166.9965692400661,False,,-0.20883609913813928,0.7626,1.0,0.14482380171122775,0.8797,-0.10396535272477192,0.7626,valid,,,,,False,ok,False,,"Gilead Sciences, Inc.",Healthcare,Drug Manufacturers - General,general_dcf,166718002681.0,0.8797,0.2432851750969466,,0.06767287736989744,0.17561229772704917,0.27457344275875006,0.3825586870249546,0.04164727434795856,0.8746460928652322,0.029039437991236,-0.0021175288352626165,,8.0,2025.0,ttm,2026-05-07,2026-07-17,True,,,,0.15516969033633357,0.07241190085561387,0.125,0.27516969033633354,-0.27516969033633354,robust_return<=0; median_irr<=hurdle,False
131,TXT,91.48,0.007219578091462654,0.02135904803290034,-0.15525489550200286,0.1414151118020528,0.25,0.12,0.25,0.15525489550200286,0.2752548955020029,0.15525489550200286,0.2752548955020029,30.240469055337556,69.76325837738817,112.59133919229215,30.240469055337556,112.59133919229215,False,,-0.2373933277504573,0.62217,0.7,0.16866990365202783,0.6853,-0.09864095196709965,0.435519,valid,,,share_change_floor_hit,,False,ok,False,,Textron Inc.,Industrials,Aerospace & Defense,general_dcf,15907365720.0,0.6853,0.10606703326884692,0.25759232874061827,0.08254326049581456,0.02352377277303236,0.07336775937487461,0.08439759443205622,0.008248732569438255,1.376219512195122,0.0,-0.05701769422892122,,8.0,2025.0,annual,2026-02-11,2026-07-17,True,,,,0.15525489550200286,0.08433495182601392,0.125,0.2752548955020029,-0.2752548955020029,robust_return<=0; median_irr<=hurdle,False
132,WFC,87.51,-0.054776133115432085,-0.0377186221001542,-0.15549127311422073,0.011823984852800784,0.0,0.12,0.25,0.15549127311422073,0.2754912731142207,0.15549127311422073,0.2754912731142207,37.59052513536705,72.20513608098081,92.80738451882983,37.59052513536705,92.80738451882983,False,,-0.17489274276104672,0.6,0.8,0.10165762898351074,0.5206073580861041,-0.1577186221001542,0.48,valid,,,specialist_model_v1,,False,specialist,False,,Wells Fargo & Company,Financial Services,Banks - Diversified,bank,267797231568.19983,,,,,,,,,,,,,,,,,2026-07-17,True,3060190053.3447585,0.917,Justified P/B residual-income proxy; no regulatory-capital or reserve-detail model,0.15549127311422073,0.05082881449175537,0.125,0.2754912731142207,-0.2754912731142207,robust_return<=0; median_irr<=hurdle,False
133,QCOM,171.78,-0.022141460209240883,-0.012049504238530035,-0.15559101244143675,0.09112418008153328,0.0,0.12,0.25,0.15559101244143675,0.27559101244143674,0.15559101244143675,0.27559101244143674,50.94125651807321,99.40481709169353,149.3478109154346,50.94125651807321,149.3478109154346,False,,-0.42132485102052897,0.5379,1.0,0.137220596261485,0.8972,-0.13204950423853004,0.5379,valid,,,,,False,ok,False,,QUALCOMM Incorporated,Technology,Semiconductors,general_dcf,181056120000.0,0.8972,0.30269917712161976,0.19884242462262983,0.12159906341692438,0.18110011370469536,0.27240711397066963,0.25524310472722367,0.09994948852052121,0.4231245166279969,0.06796365689646322,-0.01943111813623355,heavy_sbc;cyclical_revenue,8.0,2025.0,ttm,2026-04-29,2026-07-17,True,,,,0.15559101244143675,0.0686102981307425,0.125,0.27559101244143674,-0.27559101244143674,robust_return<=0; median_irr<=hurdle,False
134,MDLZ,61.0,-0.06781140681414398,-0.06710238780360667,-0.15578540123533455,0.01874454958597201,0.0,0.12,0.75,0.15578540123533455,0.27578540123533457,0.15578540123533455,0.27578540123533457,20.087575742275863,28.87003747225397,47.00946832032552,20.087575742275863,47.00946832032552,False,,-0.5267206971761644,0.623862,1.0,0.09854911541065328,0.5866,-0.18710238780360666,0.623862,valid,,,forward_roic_floor_hit;reinvestment_cap_hit,,False,ok,False,,"Mondelez International, Inc.",Consumer Defensive,Food Confectioners,general_dcf,78302635726.0,0.5866,0.062365886079228945,-0.5531695634595382,0.0652136401213478,-0.002847754042118851,0.1467575459152321,0.09553734988805211,0.05818855387889599,3.916212003117693,0.004033917839795834,-0.022903224484404072,elevated_leverage;incremental_roic_below_wacc,8.0,2025.0,ttm,2026-04-28,2026-07-17,True,,,,0.15578540123533455,0.04927455770532664,0.375,0.27578540123533457,-0.27578540123533457,robust_return<=0; median_irr<=hurdle,False
135,JPM,341.1,-0.07617206949076169,-0.06267399723542866,-0.15656553853366073,-0.022774744958528714,0.0,0.12,0.25,0.15656553853366073,0.2765655385336607,0.15656553853366073,0.2765655385336607,145.59230698807008,246.79425464273274,303.98708325738784,145.59230698807008,303.98708325738784,False,,-0.2764753601796167,0.6,0.8,0.084895396787566,0.5899339399080994,-0.18267399723542865,0.48,valid,,,specialist_model_v1,,False,specialist,False,,JPMorgan Chase & Co.,Financial Services,Banks - Diversified,bank,913980861000.0,,,,,,,,,,,,,,,,,2026-07-17,True,2679510000.0,0.982,Justified P/B residual-income proxy; no regulatory-capital or reserve-detail model,0.15656553853366073,0.042447698393783,0.125,0.2765655385336607,-0.2765655385336607,robust_return<=0; median_irr<=hurdle,False
136,IRM,123.82,-0.11250349532315129,-0.09608614306308083,-0.16175555210336268,-0.09608614306308083,0.0,0.12,1.0,0.16175555210336268,0.28175555210336267,0.16175555210336268,0.28175555210336267,51.24414218075939,74.71813452815579,74.71813452815579,51.24414218075939,74.71813452815579,False,,-0.3965584354049767,0.6,0.8,0.05083470452014092,0.6858327299572666,-0.21608614306308083,0.48,valid,,,specialist_model_v1,,False,specialist,False,,Iron Mountain Incorporated,Real Estate,REIT - Specialty,reit,36839506001.0,,,,,,,,,,,,,,,,,2026-07-17,True,297524680.996608,1.219,P/AFFO Gordon proxy; no property-level NOI or maintenance-capex detail,0.16175555210336268,0.02541735226007046,0.5,0.28175555210336267,-0.28175555210336267,robust_return<=0; median_irr<=hurdle,False
137,CINF,180.79,0.04449216318492222,0.08090152213882473,-0.1624016582405554,0.17856726670259482,0.25,0.12,0.25,0.1624016582405554,0.2824016582405554,0.1624016582405554,0.2824016582405554,74.53383182739198,266.75038005997504,411.09886651749065,74.53383182739198,411.09886651749065,False,,0.47547087814577726,0.6,0.8,0.1884844624715751,0.27941415420152016,-0.03909847786117526,0.48,valid,,,specialist_model_v1,,False,specialist,False,,Cincinnati Financial Corporation,Financial Services,Insurance - Property & Casualty,insurance,27965862730.0,,,,,,,,,,,,,,,,,2026-07-17,True,154687000.0,0.553,Justified P/B residual-income proxy; no regulatory-capital or reserve-detail model,0.1624016582405554,0.09424223123578755,0.125,0.2824016582405554,-0.2824016582405554,robust_return<=0; median_irr<=hurdle,False
138,PSA,318.04,-0.1539191070147462,-0.16310328010974728,-0.16310328010974728,-0.12636658772974296,0.0,0.12,1.0,0.16310328010974728,0.2831032801097473,0.16310328010974728,0.2831032801097473,130.5692992423711,130.5692992423711,161.85567136842295,130.5692992423711,161.85567136842295,False,,-0.5894563600730377,0.6,0.8,0.036368346190002156,1.0,-0.2831032801097473,0.48,valid,,,specialist_model_v1,,False,specialist,False,,Public Storage,Real Estate,REIT - Industrial,reit,55841353794.0,,,,,,,,,,,,,,,,,2026-07-17,True,175579655.99924538,0.952,P/AFFO Gordon proxy; no property-level NOI or maintenance-capex detail,0.16310328010974728,0.018184173095001078,0.5,0.2831032801097473,-0.2831032801097473,robust_return<=0; median_irr<=hurdle,False
139,SYY,81.69,0.04679326975019649,0.07381381916929966,-0.1637677011429332,0.20331314180511983,0.25,0.12,0.25,0.1637677011429332,0.2837677011429332,0.1637677011429332,0.2837677011429332,25.394875593355515,80.93229172847708,141.27001273969705,25.394875593355515,141.27001273969705,False,,-0.009275410350384594,0.6613,1.0,0.19370142147402652,0.8105,-0.046186180830700335,0.6613,valid,,,,,False,ok,False,,Sysco Corporation,Consumer Defensive,Food Distribution,general_dcf,39062737248.0,0.8105,0.14470530960124747,0.2579916819709189,0.06871466433575119,0.07599064526549629,0.03835616996896853,0.03588737180944631,0.04768810912481891,3.3451153657339225,0.0012577792335407795,-0.021751722499201764,elevated_leverage;thin_interest_coverage,8.0,2025.0,ttm,2026-04-29,2026-07-17,True,,,,0.1637677011429332,0.09685071073701326,0.125,0.2837677011429332,-0.2837677011429332,robust_return<=0; median_irr<=hurdle,False
140,EA,208.9,-0.06990195594407847,-0.05983715353067962,-0.16768822673475364,0.007754710019798975,0.0,0.12,0.25,0.16768822673475364,0.28768822673475364,0.16768822673475364,0.28768822673475364,63.079522037200476,112.70502519803586,153.22207954082543,63.079522037200476,153.22207954082543,False,,-0.46048336429853587,0.7649,0.95,0.09627446837727631,0.8403,-0.1798371535306796,0.7266549999999999,valid,,,,,False,ok,False,,Electronic Arts Inc.,Technology,Electronic Gaming & Multimedia,general_dcf,52381883900.0,0.8403,0.16002002404087398,,0.07716828029711142,0.08285174374376256,0.19328197964511903,0.15429557827645732,0.06178197842882893,-0.7582491582491583,0.08602438697574702,-0.030922355340933794,heavy_sbc,8.0,2026.0,ttm,2026-05-11,2026-07-17,True,,,,0.16768822673475364,0.048137234188638155,0.125,0.28768822673475364,-0.28768822673475364,robust_return<=0; median_irr<=hurdle,False
141,ABT,100.68,-0.10310180185333591,-0.1022371474362444,-0.16852206002804446,-0.039410852512810346,0.0,0.12,0.75,0.16852206002804446,0.2885220600280445,0.16852206002804446,0.2885220600280445,29.015702043638477,39.528224780376064,56.31944505885978,29.015702043638477,56.31944505885978,False,,-0.6073875170800948,0.603531,0.85,0.08094967375761705,0.7761,-0.2222371474362444,0.51300135,valid,,,forward_roic_floor_hit;reinvestment_cap_hit,,False,ok,False,,Abbott Laboratories,Healthcare,Medical - Devices,general_dcf,175365430800.0,0.7761,0.11880085864220892,-0.07363566932580261,0.07396525653359343,0.044835602108615494,0.16156574496594517,0.18155567587078145,0.05448021910170198,0.5489072017198137,0.01604290822407628,-0.003222771166020877,incremental_roic_below_wacc,8.0,2025.0,annual,2026-02-20,2026-07-17,True,,,,0.16852206002804446,0.040474836878808526,0.375,0.2885220600280445,-0.2885220600280445,robust_return<=0; median_irr<=hurdle,False
142,TGT,139.6,-0.08712517872190799,-0.08741489350795743,-0.1685669848520774,-0.005103943019639672,0.0,0.12,0.75,0.1685669848520774,0.28856698485207743,0.1685669848520774,0.28856698485207743,40.471925512661635,52.357010009931216,83.64033035301571,40.471925512661635,83.64033035301571,False,,-0.624949785029146,0.579312,1.0,0.09435216091621887,0.7303,-0.20741489350795744,0.579312,valid,,,forward_roic_floor_hit;reinvestment_cap_hit,,False,ok,False,,Target Corporation,Consumer Defensive,Discount Stores,general_dcf,63405063600.0,0.7303,0.11774949277174536,-0.3941557238297022,0.08371478296795926,0.0340347098037861,0.053836488804846115,0.044934525320323,0.048217746472034584,1.9265743073047858,0.0026818095056308456,-0.006425242375689977,incremental_roic_below_wacc,8.0,2025.0,ttm,2026-05-29,2026-07-17,True,,,,0.1685669848520774,0.047176080458109435,0.375,0.28856698485207743,-0.28856698485207743,robust_return<=0; median_irr<=hurdle,False
143,BRK-B,490.91,0.04493437148916021,0.0834124105796481,-0.17019934467701703,0.18311200947436168,0.25,0.12,0.25,0.17019934467701703,0.290199344677017,0.17019934467701703,0.290199344677017,193.13934145692895,732.7754480925179,1137.9709953822908,193.13934145692895,1137.9709953822908,False,,0.4926879633589005,0.6,0.8,0.19465567707568934,0.2635723426046662,-0.036587589420351896,0.48,valid,,,specialist_model_v1,,False,specialist,False,,Berkshire Hathaway Inc.,Financial Services,Insurance - Diversified,insurance,1058821045448.9999,,,,,,,,,,,,,,,,,2026-07-17,True,2156853691.0003867,0.607,Justified P/B residual-income proxy; no regulatory-capital or reserve-detail model,0.17019934467701703,0.09732783853784467,0.125,0.290199344677017,-0.290199344677017,robust_return<=0; median_irr<=hurdle,False
144,PPG,117.36,-0.052727655373746504,-0.04026886190986258,-0.1717500384838786,0.04137714080861772,0.0,0.12,0.25,0.1717500384838786,0.2917500384838786,0.1717500384838786,0.2917500384838786,33.00543282138835,63.99672520916673,91.84173572906776,33.00543282138835,91.84173572906776,False,,-0.45469729712707285,0.7544,1.0,0.11393158964624815,0.7607,-0.16026886190986256,0.7544,valid,,,,,False,ok,False,,"PPG Industries, Inc.",Basic Materials,Chemicals - Specialty,general_dcf,26159544000.0,0.7607,0.11179084222607207,,0.08607982628415065,0.02571101594192142,0.12688760969798327,0.12796972892500466,0.004591619879200204,2.344854070660522,0.0026506784474597664,-0.018459166786427894,,8.0,2025.0,ttm,2026-04-29,2026-07-17,True,,,,0.1717500384838786,0.056965794823124076,0.125,0.2917500384838786,-0.2917500384838786,robust_return<=0; median_irr<=hurdle,False
145,MMM,159.84,-0.05769889697403411,-0.04704014016315338,-0.17313732586917466,0.036422018299344966,0.0,0.12,0.25,0.17313732586917466,0.2931373258691746,0.17313732586917466,0.2931373258691746,45.39111970019056,86.2539897320748,123.59325629756627,45.39111970019056,123.59325629756627,False,,-0.4603729371116442,0.7419,1.0,0.11252267208425981,0.9489,-0.16704014016315338,0.7419,valid,,,,,False,ok,False,,3M Company,Industrials,Conglomerates,general_dcf,83367310998.0,0.9489,0.3375467097765881,,0.09287915015686798,0.24466755961972014,0.2067602674975359,0.19601182864450128,-0.0381898272428316,1.3453352536405825,0.011133685493701747,-0.020869430778441722,weak_cash_conversion,8.0,2025.0,ttm,2026-04-21,2026-07-17,True,,,,0.17313732586917466,0.056261336042129906,0.125,0.2931373258691746,-0.2931373258691746,robust_return<=0; median_irr<=hurdle,False
146,NTAP,163.88,-0.08611410123630774,-0.079591549327597,-0.17379374244192147,-0.011479563848115475,0.0,0.12,0.75,0.17379374244192147,0.29379374244192147,0.17379374244192147,0.29379374244192147,46.69300157939626,75.90778696454622,99.89563442899731,46.69300157939626,99.89563442899731,False,,-0.5368087200113119,0.7137,1.0,0.089746089296903,0.7371,-0.19959154932759698,0.7137,valid,,,forward_roic_cap_hit,,False,ok,False,,"NetApp, Inc.",Technology,Computer Hardware,general_dcf,32107369600.0,0.7371,2.861150546261354,0.538397152151984,0.11285517670703149,2.7482953695543224,0.1884048836470307,0.24115523465703972,0.017194231969849705,-0.4550802139037433,0.056955966815571156,-0.03288794110663151,heavy_sbc,8.0,2026.0,ttm,2026-06-05,2026-07-17,True,,,,0.17379374244192147,0.0448730446484515,0.375,0.29379374244192147,-0.29379374244192147,robust_return<=0; median_irr<=hurdle,False
147,PKG,233.07,-0.10594804774591463,-0.10748778423876496,-0.17487514168897178,-0.033941480817156824,0.0,0.12,0.75,0.17487514168897178,0.2948751416889718,0.17487514168897178,0.2948751416889718,65.55775300061916,78.79649237933184,124.09705995921615,65.55775300061916,124.09705995921615,False,,-0.6619191986127264,0.69768,1.0,0.07953643043590748,0.7699,-0.22748778423876495,0.69768,valid,,,reinvestment_cap_hit,,False,ok,False,,Packaging Corporation of America,Consumer Cyclical,Packaging & Containers,general_dcf,20766234009.0,0.7699,0.10895146025628281,-0.007728144868957102,0.07932942583928185,0.029622034417000967,0.1454775627681674,0.13161749546988422,0.03606975223775488,1.9576036866359448,0.005126627704296114,-0.013116268150041743,incremental_roic_below_wacc,8.0,2025.0,ttm,2026-05-08,2026-07-17,True,,,,0.17487514168897178,0.03976821521795374,0.375,0.2948751416889718,-0.2948751416889718,robust_return<=0; median_irr<=hurdle,False
148,ALGN,176.76,-0.12017597860976817,-0.12533860609401012,-0.17697326600609814,-0.0530534362449543,0.0,0.12,0.75,0.17697326600609814,0.29697326600609814,0.17697326600609814,0.29697326600609814,49.14481658833844,51.59851139088427,75.35917221371189,49.14481658833844,75.35917221371189,False,,-0.7080871724887743,0.42849000000000004,0.7999999999999999,0.08510521488057192,0.7137,-0.24533860609401012,0.342792,valid,,,forward_roic_floor_hit;reinvestment_cap_hit,,False,ok,False,,"Align Technology, Inc.",Healthcare,Medical - Devices,general_dcf,12659220128.999998,0.7137,0.14695696076029993,-0.5358257089366919,0.12835527884495085,0.018601681915349083,0.1693170094374621,0.15271908249986865,0.10813455367511038,-1.1485499946113873,0.04343647881026613,-0.025430839830211993,cyclical_revenue;incremental_roic_below_wacc,8.0,2025.0,annual,2026-02-27,2026-07-17,True,,,,0.17697326600609814,0.04255260744028596,0.375,0.29697326600609814,-0.29697326600609814,robust_return<=0; median_irr<=hurdle,False
149,EXPD,182.8,-0.06852480436718904,-0.06355860858457162,-0.1776398795598652,0.030657879260252253,0.0,0.12,0.25,0.1776398795598652,0.2976398795598652,0.1776398795598652,0.2976398795598652,52.49711717480986,94.67228010666972,139.3554222969814,52.49711717480986,139.3554222969814,False,,-0.48209912414294465,0.54099,0.95,0.11941917941005874,0.9805,-0.18355860858457163,0.5139404999999999,valid,,,share_change_floor_hit,,False,ok,False,,"Expeditors International of Washington, Inc.",Industrials,Integrated Freight & Logistics,general_dcf,23908619112.0,0.9805,0.5229825541212312,,0.09661453256992614,0.42636802155130504,0.09817747651779296,0.09668865693887972,0.04491666064397681,-0.6606408827345642,0.006254489448874782,-0.0657581801049153,cyclical_revenue,8.0,2025.0,ttm,2026-05-06,2026-07-17,True,,,,0.1776398795598652,0.05970958970502937,0.125,0.2976398795598652,-0.2976398795598652,robust_return<=0; median_irr<=hurdle,False
150,DGX,210.68,-0.08049001588733515,-0.07991887818789108,-0.1783749338064808,0.016252626632922356,0.0,0.12,0.75,0.1783749338064808,0.29837493380648084,0.1783749338064808,0.29837493380648084,61.09980345184663,89.39648949486528,157.0367373426168,61.09980345184663,157.0367373426168,False,,-0.5756764311046836,0.5631120000000001,1.0,0.11042042021970158,0.7229,-0.19991887818789106,0.5631120000000001,valid,,,forward_roic_floor_hit;reinvestment_cap_hit,,False,ok,False,,Quest Diagnostics Incorporated,Healthcare,Medical - Diagnostics & Research,general_dcf,23321433280.0,0.7229,0.09016698804137668,-0.182444261713831,0.06785566098113699,0.022311327060239694,0.14573039501972124,0.14311048058166342,0.056094577724565386,3.0063897763578273,0.00832252485948984,-0.017244827160577514,elevated_leverage;incremental_roic_below_wacc,8.0,2025.0,ttm,2026-04-22,2026-07-17,True,,,,0.1783749338064808,0.05521021010985079,0.375,0.29837493380648084,-0.29837493380648084,robust_return<=0; median_irr<=hurdle,False
151,GOOGL,346.77,-0.09947483453361197,-0.09226044543465828,-0.17998807786498214,-0.03339036940014918,0.0,0.12,0.75,0.17998807786498214,0.29998807786498216,0.17998807786498214,0.29998807786498216,86.17956807593123,141.1486823159809,185.43526016732247,86.17956807593123,185.43526016732247,False,,-0.5929616682066474,0.7447,1.0,0.08095785423241647,0.9495,-0.21226044543465827,0.7447,valid,,,,,False,ok,False,,Alphabet Inc.,Communication Services,Internet Content & Information,general_dcf,4194138171504.0,0.9495,0.26221298953631045,0.20436649731136108,0.10664483596448747,0.15556815357182296,0.2694154064384683,0.32704240284357944,0.16685519908060154,-0.2253545571754438,0.065096652172174,-0.02389653605051978,heavy_sbc,8.0,2025.0,ttm,2026-04-30,2026-07-17,True,,,,0.17998807786498214,0.040478927116208235,0.375,0.29998807786498216,-0.29998807786498216,robust_return<=0; median_irr<=hurdle,False
152,HON,225.02,-0.07945715979221855,-0.060323417856125126,-0.18028402143972924,-0.016897782016894746,0.0,0.12,0.25,0.18028402143972924,0.3002840214397292,0.18028402143972924,0.3002840214397292,62.529179865006874,113.05177643562118,131.3704237222499,62.529179865006874,131.3704237222499,False,,-0.49759231874668397,0.8129,1.0,0.08730611971141726,0.7554,-0.18032341785612513,0.8129,valid,,,,,False,ok,False,,Honeywell International Inc.,Industrials,Conglomerates,general_dcf,71292312306.0,0.7554,0.09635150290557949,0.031369920020666665,0.08410767847780065,0.01224382442777884,0.1807451473825378,0.14873650137366373,-0.01561271176106549,3.587593929571239,0.005588040441282369,-0.02230619279432655,elevated_leverage;thin_interest_coverage;incremental_roic_below_wacc,8.0,2025.0,ttm,2026-04-23,2026-07-17,True,,,,0.18028402143972924,0.04365305985570863,0.125,0.3002840214397292,-0.3002840214397292,robust_return<=0; median_irr<=hurdle,False
153,FFIV,409.1,-0.1017206831143994,-0.0945015248697018,-0.18147500534978458,-0.03640467736840943,0.0,0.12,0.75,0.18147500534978458,0.30147500534978455,0.18147500534978458,0.30147500534978455,113.61878847610656,181.4177307535932,234.12959557259072,113.61878847610656,234.12959557259072,False,,-0.5565442905069832,0.7338600000000001,0.95,0.08201936399068757,0.9286,-0.2145015248697018,0.697167,valid,,,forward_roic_cap_hit,,False,ok,False,,"F5, Inc.",Technology,Software - Infrastructure,general_dcf,23081113947.234993,0.9286,0.2622348993366424,1.0870605327209826,0.09669474073571364,0.16554015860092874,0.19959417324742823,0.2464835445982091,0.052290955682298135,-1.3272722795939251,0.07780492308566396,-0.021171680882617117,heavy_sbc,8.0,2025.0,ttm,2026-05-05,2026-07-17,True,,,,0.18147500534978458,0.041009681995343786,0.375,0.30147500534978455,-0.30147500534978455,robust_return<=0; median_irr<=hurdle,False
154,ROL,45.11,-0.10565549953025762,-0.09694196186028417,-0.1820441762101836,-0.04669389819027853,0.0,0.12,0.75,0.1820441762101836,0.3020441762101836,0.1820441762101836,0.3020441762101836,12.127985899787213,19.346117225797325,24.77353120282122,12.127985899787213,24.77353120282122,False,,-0.5711346214631495,0.924,1.0,0.06995513900995254,0.9778,-0.21694196186028417,0.924,valid,,,,,False,ok,False,,"Rollins, Inc.",Consumer Cyclical,Specialty Business Services,general_dcf,21718841040.0,0.9778,0.23191815668701563,0.2277945761618683,0.08106933519313941,0.1508488214938762,0.18720936478423789,0.18985583762682154,0.10912535473277218,1.1078922126796136,0.00884820999625816,-0.007512778424072053,,8.0,2025.0,ttm,2026-04-23,2026-07-17,True,,,,0.1820441762101836,0.03497756950497627,0.375,0.3020441762101836,-0.3020441762101836,robust_return<=0; median_irr<=hurdle,False
155,FISV,50.63,0.22164048724516766,0.3015452632447705,-0.2503168146242387,0.5337882371153684,0.75,0.12,0.25,0.2503168146242387,0.3703168146242387,0.2503168146242387,0.3703168146242387,10.293940467876125,118.83805016551254,264.2126815942161,10.293940467876125,264.2126815942161,False,,1.347186453989977,0.368307,1.0,0.41100331586980354,0.6667,0.1815452632447705,0.368307,valid,,,forward_roic_cap_hit;share_change_floor_hit;intrinsic_2x_price,,False,ok,False,,"Fiserv, Inc.",Technology,Information Technology Services,general_dcf,26998650020.0,0.6667,0.0767878766895658,1.0079318519076124,0.07780170225679642,-0.0010138255672306196,0.2367339951540479,0.24376481744902798,0.20267803207389457,3.4091943014485815,0.01791232388833604,-0.06159539790027424,elevated_leverage;thin_interest_coverage;cyclical_revenue,8.0,2025.0,ttm,2026-05-06,2026-07-17,True,,,,0.2503168146242387,0.20550165793490177,0.125,0.3703168146242387,-0.303452423354347,robust_return<=0,False
156,LLY,1179.09,-0.04826810119029684,-0.03482253511829182,-0.18465675370825912,0.06122941918365542,0.0,0.12,0.25,0.18465675370825912,0.3046567537082591,0.18465675370825912,0.3046567537082591,327.8653285320724,728.1988385916528,1128.3996579412265,327.8653285320724,1128.3996579412265,False,,-0.3824060601042729,0.5869800000000001,0.85,0.13983368644595728,0.9387,-0.1548225351182918,0.498933,valid,,,base_growth_cap_hit,,False,ok,False,,Eli Lilly and Company,Healthcare,Drug Manufacturers - General,general_dcf,1110397395690.0,0.9387,0.4095918883332159,0.46811342852770665,0.07008624659739526,0.33950564173582065,0.2985125860686211,0.45865507719776605,0.17173452760489116,1.0826359832635983,0.014333066179425301,-0.01941725719694465,peak_cycle_margins,8.0,2025.0,ttm,2026-04-30,2026-07-17,True,,,,0.18465675370825912,0.06991684322297864,0.125,0.3046567537082591,-0.3046567537082591,robust_return<=0; median_irr<=hurdle,False
157,ITW,276.05,-0.09406117232938412,-0.08482278775773011,-0.18504559654684266,-0.02155351725523357,0.0,0.12,0.75,0.18504559654684266,0.30504559654684266,0.18504559654684266,0.30504559654684266,73.03831141397453,124.74540341162769,165.9100012754743,73.03831141397453,165.9100012754743,False,,-0.5481057655800483,0.8504,1.0,0.08623403964580453,0.9848,-0.2048227877577301,0.8504,valid,,,,,False,ok,False,,Illinois Tool Works Inc.,Industrials,Industrial - Machinery,general_dcf,79419585000.0,0.9848,0.28815826409433676,0.4208160594421664,0.09098280936692262,0.19717545472741416,0.24190478911019891,0.2641637383638493,0.011909252837439377,1.7757148954332054,0.00428385174147886,-0.02373224311752742,,8.0,2025.0,ttm,2026-05-07,2026-07-17,True,,,,0.18504559654684266,0.04311701982290227,0.375,0.30504559654684266,-0.30504559654684266,robust_return<=0; median_irr<=hurdle,False
158,IEX,224.94,-0.13540136693045493,-0.1326995500508928,-0.18525770934356844,-0.09094865827646569,0.0,0.12,1.0,0.18525770934356844,0.30525770934356844,0.18525770934356844,0.30525770934356844,59.76434402198138,71.30594467371657,85.81182007044603,59.76434402198138,85.81182007044603,False,,-0.6830001570475834,0.73512,1.0,0.05510092553355138,0.7634,-0.2526995500508928,0.73512,valid,,,reinvestment_cap_hit,,False,ok,False,,IDEX Corporation,Industrials,Industrial - Machinery,general_dcf,16648945797.0,0.7634,0.10724302086651309,0.02470218066916018,0.08940569355013953,0.017837327316373566,0.2322517632887101,0.2080394323106994,0.048393072016545746,1.389965068275643,0.0078928046989721,-0.007067373967917012,incremental_roic_below_wacc,8.0,2025.0,ttm,2026-04-29,2026-07-17,True,,,,0.18525770934356844,0.02755046276677569,0.5,0.30525770934356844,-0.30525770934356844,robust_return<=0; median_irr<=hurdle,False
159,BSX,44.03,-0.025495289533864672,-0.008966385107487413,-0.18588067458476865,0.10183228666428479,0.0,0.12,0.25,0.18588067458476865,0.30588067458476864,0.18588067458476865,0.30588067458476864,13.219294959277333,31.069649511702245,52.04728518428484,13.219294959277333,52.04728518428484,False,,-0.29435272514871125,0.665,1.0,0.15390648062452672,0.5023,-0.1289663851074874,0.665,valid,,,,,False,ok,False,,Boston Scientific Corporation,Healthcare,Medical - Devices,general_dcf,65444218531.00001,0.5023,0.10017304374020378,0.16740732851380255,0.0710817670758284,0.029091276664375373,0.15840997764783987,0.20116420082464226,0.1074940369415851,1.7153943331528605,0.015883441810473516,0.012643072407720446,,8.0,2025.0,ttm,2026-03-31,2026-07-17,True,,,,0.18588067458476865,0.07695324031226336,0.125,0.30588067458476864,-0.30588067458476864,robust_return<=0; median_irr<=hurdle,False
160,VRSK,200.68,-0.050951663120940766,-0.036807662714272694,-0.18716865439200775,0.05697732733679007,0.0,0.12,0.25,0.18716865439200775,0.30716865439200775,0.18716865439200775,0.30716865439200775,54.86954343186415,121.30254559836233,181.84997528469208,54.86954343186415,181.84997528469208,False,,-0.3955424277538254,0.7063200000000001,1.0,0.1308833908643989,0.943,-0.15680766271427268,0.7063200000000001,valid,,,share_change_floor_hit,,False,ok,False,,"Verisk Analytics, Inc.",Technology,Software - Services,general_dcf,26293462851.0,0.943,0.3719066841025896,,0.07503842966663823,0.29686825443595133,0.42172227797197337,0.44866711794475067,0.03623115196750715,2.3841367680409373,0.017639209815471735,-0.05242106460720275,,8.0,2025.0,ttm,2026-04-29,2026-07-17,True,,,,0.18716865439200775,0.06544169543219945,0.125,0.30716865439200775,-0.30716865439200775,robust_return<=0; median_irr<=hurdle,False
161,ABBV,254.49,-0.028005434670922078,-0.011040911648888114,-0.1883448779728496,0.09840496258693751,0.0,0.12,0.25,0.1883448779728496,0.3083448779728496,0.1883448779728496,0.3083448779728496,70.69133472806315,173.64769188447934,289.59374458862237,70.69133472806315,289.59374458862237,False,,-0.3176639872510537,0.6373,1.0,0.15425592027989357,0.8456,-0.13104091164888812,0.6373,valid,,,,,False,ok,False,,AbbVie Inc.,Healthcare,Drug Manufacturers - General,general_dcf,449631105016.0,0.8456,0.17156849812017677,,0.06826192290179106,0.10330657521838571,0.28007514501636444,0.2760470558270587,0.09331472871090596,2.5009654411474957,0.015614780902550687,-0.000750469325035974,,8.0,2025.0,ttm,2026-05-08,2026-07-17,True,,,,0.1883448779728496,0.07712796013994679,0.125,0.3083448779728496,-0.3083448779728496,robust_return<=0; median_irr<=hurdle,False
162,KO,81.56,-0.06487523082614641,-0.049580014718230786,-0.19024334123241712,0.029902447364293067,0.0,0.12,0.25,0.19024334123241712,0.31024334123241715,0.19024334123241712,0.31024334123241715,22.909523192054383,46.868845369921665,68.08688226219479,22.909523192054383,68.08688226219479,False,,-0.4253452014477481,0.8095,1.0,0.11578789429835509,0.9088,-0.16958001471823078,0.8095,valid,,,,,False,ok,False,,The Coca-Cola Company,Consumer Defensive,Beverages - Non-Alcoholic,general_dcf,350910268800.0,0.9088,0.1777041809221706,0.3070694854507463,0.06815339134915782,0.10955078957301279,0.2667444120505345,0.29344209073938804,0.04899466931403018,2.115352376039719,0.0058196533238772654,-0.0027662658604344914,weak_cash_conversion,8.0,2025.0,ttm,2026-04-30,2026-07-17,True,,,,0.19024334123241712,0.057893947149177546,0.125,0.31024334123241715,-0.31024334123241715,robust_return<=0; median_irr<=hurdle,False
163,WM,239.31,-0.07638180632056898,-0.06329185357608362,-0.19065023381263013,0.01170671568252149,0.0,0.12,0.25,0.19065023381263013,0.3106502338126301,0.19065023381263013,0.3106502338126301,64.14859580038306,123.71718536827288,180.26451018300537,64.14859580038306,180.26451018300537,False,,-0.48302542573117346,0.8498,1.0,0.10568447474757581,0.8143,-0.18329185357608363,0.8498,valid,,,,,False,ok,False,,"Waste Management, Inc.",Industrials,Waste Management,general_dcf,96101152560.0,0.8143,0.11323527244135807,0.10289034716402387,0.06613795541183949,0.04709731702951858,0.18049160262802283,0.18462991382363358,0.07783831760085991,2.88197261663286,0.00455302065994321,-0.008587591856509813,,8.0,2025.0,ttm,2026-04-29,2026-07-17,True,,,,0.19065023381263013,0.052842237373787904,0.125,0.3106502338126301,-0.3106502338126301,robust_return<=0; median_irr<=hurdle,False
164,TPL,415.7,-0.08160491789385557,-0.07155293180840087,-0.1935883188154548,0.01027451085683427,0.0,0.12,0.75,0.1935883188154548,0.3135883188154548,0.1935883188154548,0.3135883188154548,108.51521382326978,205.57005003185913,306.76381965100086,108.51521382326978,306.76381965100086,False,,-0.5054846042052943,0.6166,1.0,0.11343341483614454,0.9816,-0.19155293180840088,0.6166,valid,,,,,False,ok,False,,Texas Pacific Land Corporation,Energy,Oil & Gas Exploration & Production,general_dcf,28672658080.0,0.9816,0.37095281994358054,0.16116902136869546,0.07518475430324661,0.2957680656403339,0.786585672348183,0.7442162033312476,0.14991745407168078,-0.33619581523426506,0.017706988862646867,-0.002553389969461861,cyclical_revenue,8.0,2025.0,ttm,2026-05-06,2026-07-17,True,,,,0.1935883188154548,0.05671670741807227,0.375,0.3135883188154548,-0.3135883188154548,robust_return<=0; median_irr<=hurdle,False
165,MRK,127.5,0.0005568645283347273,0.021848233533091864,-0.19469844145933163,0.1532294325064868,0.25,0.12,0.25,0.19469844145933163,0.3146984414593316,0.19469844145933163,0.3146984414593316,35.45373449379564,103.07552429353663,181.10367264212599,35.45373449379564,181.10367264212599,False,,-0.19156451534481078,0.675,1.0,0.18371393698290922,0.7935,-0.09815176646690812,0.675,valid,,,,,False,ok,False,,"Merck & Co., Inc.",Healthcare,Drug Manufacturers - General,general_dcf,314902612913.0,0.7935,0.16631601978689647,0.3538441559451518,0.06768605630632196,0.09862996348057451,0.24108456958368574,0.27591358834021923,0.0631423349445206,1.8632247543023905,0.01072943524910588,-0.009264693518373779,,8.0,2025.0,ttm,2026-05-04,2026-07-17,True,,,,0.19469844145933163,0.09185696849145461,0.125,0.3146984414593316,-0.3146984414593316,robust_return<=0; median_irr<=hurdle,False
166,ISRG,345.42,-0.12096943967371769,-0.11300097003550033,-0.19475980613351565,-0.06311601249035442,0.0,0.12,0.75,0.19475980613351565,0.3147598061335156,0.19475980613351565,0.3147598061335156,79.6721066036249,119.26892845023637,151.567147461485,79.6721066036249,151.567147461485,False,,-0.654713310027687,0.7582,0.6499999999999999,0.08357589682158062,0.8759,-0.23300097003550033,0.49282999999999993,valid,,,,,False,ok,False,,"Intuitive Surgical, Inc.",Healthcare,Medical - Devices,general_dcf,122334983460.0,0.8759,0.21297719085232558,0.22610213095241274,0.11840966009217886,0.09456753076014672,0.2869455859558496,0.29265651236499846,0.1526066469941605,-1.5547120852426435,0.08103351252978293,0.0006441521980056208,heavy_sbc,8.0,2025.0,annual,2026-02-03,2026-07-17,True,,,,0.19475980613351565,0.04178794841079031,0.375,0.3147598061335156,-0.3147598061335156,robust_return<=0; median_irr<=hurdle,False
167,BAC,61.27,-0.10529796084809134,-0.0895212771141427,-0.1964486958086783,-0.045700593355401664,0.0,0.12,0.75,0.1964486958086783,0.3164486958086783,0.1964486958086783,0.3164486958086783,20.526548600741073,38.33512521258754,48.492117554744304,20.526548600741073,48.492117554744304,False,,-0.374324706828994,0.6,0.8,0.0933740512266383,0.5354501514449488,-0.2095212771141427,0.48,valid,,,specialist_model_v1,,False,specialist,False,,Bank of America Corporation,Financial Services,Banks - Diversified,bank,434808069300.0,,,,,,,,,,,,,,,,,2026-07-17,True,7096590000.0,1.175,Justified P/B residual-income proxy; no regulatory-capital or reserve-detail model,0.1964486958086783,0.04668702561331915,0.375,0.3164486958086783,-0.3164486958086783,robust_return<=0; median_irr<=hurdle,False
168,A,131.46,-0.14787921753086258,-0.1464695675414986,-0.1997917558648623,-0.09878597917559086,0.0,0.12,1.0,0.1997917558648623,0.3197917558648623,0.1997917558648623,0.3197917558648623,31.31094640994854,40.4391349907529,49.2268329725201,31.31094640994854,49.2268329725201,False,,-0.6923844896489206,0.8056,1.0,0.05633488834463572,0.8022,-0.2664695675414986,0.8056,valid,,,,,False,ok,False,,"Agilent Technologies, Inc.",Healthcare,Medical - Diagnostics & Research,general_dcf,37128510720.0,0.8022,0.1563631525438916,0.06527467842826057,0.1036500922212152,0.052713060322676406,0.20521881264522696,0.215016592920354,0.05072541423244137,0.8449781659388647,0.018422567645365574,-0.01810353813094956,incremental_roic_below_wacc,8.0,2025.0,ttm,2026-06-01,2026-07-17,True,,,,0.1997917558648623,0.02816744417231786,0.5,0.3197917558648623,-0.3197917558648623,robust_return<=0; median_irr<=hurdle,False
169,UNP,301.75,-0.11343130619352448,-0.1042838224515435,-0.1998320358630735,-0.045325544007937396,0.0,0.12,0.75,0.1998320358630735,0.3198320358630735,0.1998320358630735,0.3198320358630735,72.1527012359304,115.75257541068926,154.0597106040389,72.1527012359304,154.0597106040389,False,,-0.6163957732868625,0.8275,0.7,0.09142824592756804,0.8526,-0.2242838224515435,0.5792499999999999,valid,,,,,False,ok,False,,Union Pacific Corporation,Industrials,Railroads,general_dcf,179152897750.0,0.8526,0.15539717537189446,0.0937992238101382,0.08663795236770735,0.0687592230041871,0.39960472465419883,0.4014279885760914,0.010182656377619725,2.461719765929779,0.0,-0.0165656401599229,,8.0,2025.0,annual,2026-02-06,2026-07-17,True,,,,0.1998320358630735,0.04571412296378402,0.375,0.3198320358630735,-0.3198320358630735,robust_return<=0; median_irr<=hurdle,False
170,GWW,1395.01,-0.1159758621975015,-0.109314895096395,-0.20327824034175127,-0.041995418255464725,0.0,0.12,0.75,0.20327824034175127,0.32327824034175123,0.20327824034175127,0.32327824034175123,331.3574487484071,559.2388774547042,761.4845699831603,331.3574487484071,761.4845699831603,False,,-0.5991147895321868,0.8166,1.0,0.08614341104314327,0.9434,-0.229314895096395,0.8166,valid,,,,,False,ok,False,,"W.W. Grainger, Inc.",Industrials,Industrial - Distribution,general_dcf,65862773136.00001,0.9434,0.3289200251333505,0.4509324118893471,0.09516408656145858,0.23375593857189192,0.13212734752047384,0.14234410708455764,0.06935006106097008,0.7265761058864507,0.0036113699906803356,-0.024742840573265146,,8.0,2025.0,ttm,2026-05-07,2026-07-17,True,,,,0.20327824034175127,0.043071705521571635,0.375,0.32327824034175123,-0.32327824034175123,robust_return<=0; median_irr<=hurdle,False
171,DOV,214.18,-0.15378099035733608,-0.15148301549779714,-0.2039367773075354,-0.10822115312621461,0.0,0.12,1.0,0.2039367773075354,0.3239367773075354,0.2039367773075354,0.3239367773075354,51.028949202108166,62.89023432070087,73.09658129998888,51.028949202108166,73.09658129998888,False,,-0.7063673810780611,0.72306,1.0,0.0561660120906604,0.7607,-0.27148301549779713,0.72306,valid,,,reinvestment_cap_hit,,False,ok,False,,Dover Corporation,Industrials,Industrial - Machinery,general_dcf,28841781651.0,0.7607,0.12229215992717236,0.0309088815527848,0.09790802334157121,0.02438413658560115,0.1572083358717778,0.16702155218483758,0.021099944953815397,0.929849859608325,0.005210363302744713,-0.018203709976368554,incremental_roic_below_wacc,8.0,2025.0,ttm,2026-04-23,2026-07-17,True,,,,0.2039367773075354,0.0280830060453302,0.5,0.3239367773075354,-0.3239367773075354,robust_return<=0; median_irr<=hurdle,False
172,ROP,363.14,-0.10685275532887314,-0.09475689078244609,-0.20524472145189065,-0.032652518298709736,0.0,0.12,0.75,0.20524472145189065,0.32524472145189065,0.20524472145189065,0.32524472145189065,86.41590488325284,143.49204508459727,197.87453069946628,86.41590488325284,197.87453069946628,False,,-0.6048575065137487,0.7126199999999999,1.0,0.09491750157659046,0.5733,-0.21475689078244609,0.7126199999999999,valid,,,reinvestment_cap_hit,,False,ok,False,,"Roper Technologies, Inc.",Technology,Software - Application,general_dcf,36647129747.0,0.5733,0.062017847482421465,0.07287317514358209,0.075209313365543,-0.013191465883121534,0.28084670952713225,0.2808626001232286,0.06186905149521538,3.1555701630826056,0.020726787134901694,-0.006914111743746454,elevated_leverage;incremental_roic_below_wacc,8.0,2025.0,ttm,2026-05-01,2026-07-17,True,,,,0.20524472145189065,0.04745875078829523,0.375,0.32524472145189065,-0.32524472145189065,robust_return<=0; median_irr<=hurdle,False
173,NFLX,68.95,-0.108799340443511,-0.10198364709503946,-0.20549670127802527,-0.025733366305939823,0.0,0.12,0.75,0.20549670127802527,0.32549670127802527,0.20549670127802527,0.32549670127802527,15.480422386179692,26.64380502704061,37.33953004765784,15.480422386179692,37.33953004765784,False,,-0.6135778821313908,0.6498,1.0,0.10038766748604273,0.9074,-0.22198364709503945,0.6498,valid,,,forward_roic_cap_hit,,False,ok,False,,"Netflix, Inc.",Communication Services,Entertainment,general_dcf,290334660000.0,0.9074,0.35333838294527087,1.526529513517013,0.11815179926065925,0.23518658368461162,0.19482409221340108,0.2967601876207703,0.16201185019113717,0.16269635813125016,0.00815458704457133,-0.018940231111423622,peak_cycle_margins,8.0,2025.0,ttm,2026-07-17,2026-07-17,True,,,,0.20549670127802527,0.05019383374302137,0.375,0.32549670127802527,-0.32549670127802527,robust_return<=0; median_irr<=hurdle,False
174,ADSK,218.35,-0.090126478215825,-0.07984010022482832,-0.20549953900044776,0.004673826586804381,0.0,0.12,0.75,0.20549953900044776,0.32549953900044776,0.20549953900044776,0.32549953900044776,50.36721883185283,97.5640966296208,141.20719363413627,50.36721883185283,141.20719363413627,False,,-0.5531756508833487,0.66267,1.0,0.11520658279362607,0.8164,-0.19984010022482832,0.66267,valid,,,forward_roic_cap_hit,,False,ok,False,,"Autodesk, Inc.",Technology,Software - Application,general_dcf,46103565556.0,0.8164,0.536810308317395,0.9112533635999258,0.10789705181033903,0.4289132565070559,0.1817827291442067,0.26601838284268015,0.1586991935968085,-0.09111617312072894,0.11140107649649324,-0.009259790999624373,heavy_sbc,8.0,2026.0,ttm,2026-05-29,2026-07-17,True,,,,0.20549953900044776,0.057603291396813035,0.375,0.32549953900044776,-0.32549953900044776,robust_return<=0; median_irr<=hurdle,False
175,COST,940.87,-0.1399923362489971,-0.1326185645077202,-0.20557184234676243,-0.0891603736337856,0.0,0.12,1.0,0.20557184234676243,0.3255718423467624,0.20557184234676243,0.3255718423467624,228.79016223207856,334.90789686228965,415.7506490352879,228.79016223207856,415.7506490352879,False,,-0.6440444515583559,0.8944,1.0,0.06137373435648842,0.981,-0.2526185645077202,0.8944,valid,,,,,False,ok,False,,Costco Wholesale Corporation,Consumer Defensive,Discount Stores,general_dcf,417256086730.0,0.981,0.38993330020520345,0.4250510050253514,0.08826033705394495,0.30167296315125847,0.03386284317762697,0.03823398174987312,0.09962564637566751,-0.8530819434372734,0.0031945189648768003,-0.0002451377367429508,,8.0,2025.0,ttm,2026-05-28,2026-07-17,True,,,,0.20557184234676243,0.03068686717824421,0.5,0.3255718423467624,-0.3255718423467624,robust_return<=0; median_irr<=hurdle,False
176,MTD,1310.02,-0.1319803912181669,-0.12719114026840542,-0.20602618663069733,-0.06751309770515942,0.0,0.12,0.75,0.20602618663069733,0.3260261866306973,0.20602618663069733,0.3260261866306973,292.1000347863681,466.2368640590842,611.2614594710043,292.1000347863681,611.2614594710043,False,,-0.6440994304979434,0.8528,1.0,0.07367254446276895,0.9773,-0.2471911402684054,0.8528,valid,,,,,False,ok,False,,Mettler-Toledo International Inc.,Healthcare,Medical - Diagnostics & Research,general_dcf,26472361462.0,0.9773,0.4376220756426632,0.26524520333931784,0.10320025811581046,0.33442181752685274,0.2726700953622288,0.28000612257572655,0.046172122400079285,1.753196375648433,0.005159384675137468,-0.03704082269681719,,8.0,2025.0,ttm,2026-05-08,2026-07-17,True,,,,0.20602618663069733,0.03683627223138448,0.375,0.3260261866306973,-0.3260261866306973,robust_return<=0; median_irr<=hurdle,False
177,ROST,233.46,-0.10037563204896284,-0.09431096852931656,-0.20946869325707668,-0.0034118978801415947,0.0,0.12,0.75,0.20946869325707668,0.3294686932570767,0.20946869325707668,0.3294686932570767,56.706939113347886,104.013656267187,156.21415557391245,56.706939113347886,156.21415557391245,False,,-0.5544690470864945,0.5573,1.0,0.11630939768846754,0.9243,-0.21431096852931655,0.5573,valid,,,,,False,ok,False,,"Ross Stores, Inc.",Consumer Cyclical,Apparel - Retail,general_dcf,74889550003.0,0.9243,0.3208454271649035,0.13945448458229762,0.08687731808407723,0.23396810908082627,0.12068597176322433,0.12217804427175162,0.061478219668546163,0.1725957565874324,0.007397244545574543,-0.02372314116180152,cyclical_revenue,8.0,2025.0,ttm,2026-06-02,2026-07-17,True,,,,0.20946869325707668,0.05815469884423377,0.375,0.3294686932570767,-0.3294686932570767,robust_return<=0; median_irr<=hurdle,False
178,AAPL,333.74,-0.1333419470625813,-0.12867270276474296,-0.20972610160533806,-0.06629628111550119,0.0,0.12,0.75,0.20972610160533806,0.32972610160533805,0.20972610160533806,0.32972610160533805,76.37381438115068,122.4899890130387,162.43766967062618,76.37381438115068,162.43766967062618,False,,-0.6329778000448292,0.69309,0.95,0.08242221024491844,0.9712,-0.24867270276474296,0.6584355,valid,,,forward_roic_cap_hit,,False,ok,False,,Apple Inc.,Technology,Consumer Electronics,general_dcf,4901758191440.0,0.9712,1.0115830694535688,,0.09986856764984667,0.9117145018037222,0.2980189489629316,0.32643396050876966,0.06625988170490915,0.10129019352902935,0.02988990755303234,-0.032873323384973285,,8.0,2025.0,ttm,2026-05-01,2026-07-17,True,,,,0.20972610160533806,0.04121110512245922,0.375,0.32972610160533805,-0.32972610160533805,robust_return<=0; median_irr<=hurdle,False
179,TYL,319.51,-0.14244566194975045,-0.13810140538262194,-0.20972657003731,-0.08385326699644788,0.0,0.12,1.0,0.20972657003731,0.32972657003731,0.20972657003731,0.32972657003731,75.54825852991031,104.7645038258374,137.20748646392997,75.54825852991031,137.20748646392997,False,,-0.6721088422088906,0.64125,1.0,0.07369915152043105,0.7383,-0.25810140538262194,0.64125,valid,,,reinvestment_cap_hit,,False,ok,False,,"Tyler Technologies, Inc.",Technology,Software - Application,general_dcf,13472937925.0,0.7383,0.10124837334196077,,0.08643530478186832,0.014813068560092443,0.14201850877509714,0.15471012879524237,0.13944339404503459,-0.5732371259187539,0.0574482307303339,0.006188189271232547,heavy_sbc,8.0,2025.0,ttm,2026-04-29,2026-07-17,True,,,,0.20972657003731,0.036849575760215525,0.5,0.32972657003731,-0.32972657003731,robust_return<=0; median_irr<=hurdle,False
180,CSCO,111.94,-0.1691671153224888,-0.16675423382548615,-0.21370643315021876,-0.12945356048876416,0.0,0.12,1.0,0.21370643315021876,0.33370643315021875,0.21370643315021876,0.33370643315021875,22.721476234585126,27.365219147851594,34.192006701212,22.721476234585126,34.192006701212,False,,-0.7555367237104557,0.76914,1.0,0.04905223633072729,0.8703,-0.28675423382548615,0.76914,valid,,,reinvestment_cap_hit,,False,ok,False,,"Cisco Systems, Inc.",Technology,Communication Equipment,general_dcf,441204196400.0,0.8703,0.18079819819324663,-0.02843197082884546,0.09274384294482997,0.08805435524841666,0.2606543314348322,0.23361208968491753,0.019972575142745974,0.8770261379269095,0.0571343605375165,-0.016574072843876686,heavy_sbc;incremental_roic_below_wacc,8.0,2025.0,ttm,2026-05-19,2026-07-17,True,,,,0.21370643315021876,0.024526118165363646,0.5,0.33370643315021875,-0.33370643315021875,robust_return<=0; median_irr<=hurdle,False
181,SWK,90.17,-0.02188783353049073,0.012023725645849508,-0.2143059965397697,0.10270721112610776,0.0,0.12,0.25,0.2143059965397697,0.33430599653976967,0.2143059965397697,0.33430599653976967,19.561984543565504,60.47022515700536,90.44515658418878,19.561984543565504,90.44515658418878,False,,-0.32937534482637953,0.6687,1.0,0.16844560383293875,0.6511,-0.10797627435415048,0.6687,valid,,,,,False,ok,False,,"Stanley Black & Decker, Inc.",Industrials,Manufacturing - Tools & Accessories,general_dcf,14017428206.0,0.6511,0.07053716551040634,,0.09522442852153505,-0.02468726301112871,0.11132867047083822,0.07787450269823137,0.011336139540656154,3.6586858365019013,0.0054724263733939614,-0.008945795663361622,elevated_leverage;thin_interest_coverage,8.0,2025.0,ttm,2026-04-29,2026-07-17,True,,,,0.2143059965397697,0.08422280191646937,0.125,0.33430599653976967,-0.33430599653976967,robust_return<=0; median_irr<=hurdle,False
182,AME,237.0,-0.1402533007705642,-0.13413439573050703,-0.21653639982978345,-0.07620801179145927,0.0,0.12,1.0,0.21653639982978345,0.33653639982978345,0.21653639982978345,0.33653639982978345,53.16166930380827,79.37743260616013,104.97225425300407,53.16166930380827,104.97225425300407,False,,-0.6650741240246408,0.7887,1.0,0.0765031940191621,0.789,-0.254134395730507,0.7887,valid,,,,,False,ok,False,,"AMETEK, Inc.",Industrials,Electrical Equipment & Parts,general_dcf,54321111000.0,0.789,0.12772128848845107,0.15542265014439383,0.09322847580233629,0.03449281268611479,0.23996926366993981,0.2616589067416449,0.062368142586528785,0.7038871290201842,0.006895513442959266,-0.002454884771549426,,8.0,2025.0,ttm,2026-04-30,2026-07-17,True,,,,0.21653639982978345,0.03825159700958105,0.5,0.33653639982978345,-0.33653639982978345,robust_return<=0; median_irr<=hurdle,False
183,WMT,114.24,-0.14811368048249274,-0.14211192091170227,-0.21775849917903542,-0.09047238092753102,0.0,0.12,1.0,0.21775849917903542,0.33775849917903544,0.21775849917903542,0.33775849917903544,25.927043479222814,39.47338708659947,51.238753053417184,25.927043479222814,51.238753053417184,False,,-0.6544696508525956,0.9075,1.0,0.0664180591257522,0.8415,-0.26211192091170227,0.9075,valid,,,,,False,ok,False,,Walmart Inc.,Consumer Defensive,Discount Stores,general_dcf,909131059200.0,0.8415,0.14254615440729357,0.09590727000201303,0.07334398797498605,0.06920216643230752,0.0417489397208882,0.041614217467134514,0.04777754991382177,1.4150943396226414,0.0,-0.008319034749429188,,8.0,2026.0,ttm,2026-05-29,2026-07-17,True,,,,0.21775849917903542,0.0332090295628761,0.5,0.33775849917903544,-0.33775849917903544,robust_return<=0; median_irr<=hurdle,False
184,TJX,154.46,-0.0681340538016229,-0.054924504132941324,-0.21947896069323175,0.05679175375262277,0.0,0.12,0.25,0.21947896069323175,0.33947896069323175,0.21947896069323175,0.33947896069323175,36.46399978469269,85.90160583077457,142.04978518866747,36.46399978469269,142.04978518866747,False,,-0.4438585664199497,0.541,1.0,0.15190535722292725,0.9153,-0.1749245041329413,0.541,valid,,,,,False,ok,False,,"The TJX Companies, Inc.",Consumer Cyclical,Apparel - Retail,general_dcf,170632648729.22003,0.9153,0.30122773677764214,0.3518534824190332,0.07425052370448651,0.22697721307315563,0.1063916885959994,0.12392829306313329,0.06451848879760735,0.9642336584818926,0.003246983676366217,-0.016688970043847173,cyclical_revenue,8.0,2026.0,ttm,2026-05-29,2026-07-17,True,,,,0.21947896069323175,0.07595267861146363,0.125,0.33947896069323175,-0.33947896069323175,robust_return<=0; median_irr<=hurdle,False
185,CMI,648.48,-0.12832207562769324,-0.12188857538640148,-0.22140214644605294,-0.0481090052919171,0.0,0.12,0.75,0.22140214644605294,0.34140214644605293,0.22140214644605294,0.34140214644605293,136.13079639795797,222.4528852277671,315.72649413430577,136.13079639795797,315.72649413430577,False,,-0.6569626122197029,0.6786,1.0,0.09628857057706793,0.8113,-0.24188857538640146,0.6786,valid,,,,,False,ok,False,,Cummins Inc.,Industrials,Industrial - Machinery,general_dcf,89483150168.0,0.8113,0.17083794841286554,0.13010139299735682,0.10159366198759781,0.06924428642526773,0.11359188026109883,0.11240927597804921,0.05099192828886134,1.02637987012987,0.0,-0.008266792915946009,,8.0,2025.0,ttm,2026-05-05,2026-07-17,True,,,,0.22140214644605294,0.04814428528853396,0.375,0.34140214644605293,-0.34140214644605293,robust_return<=0; median_irr<=hurdle,False
186,CTAS,204.45,-0.14189894907976847,-0.1333489044278394,-0.22208073832734954,-0.07881724913604557,0.0,0.12,1.0,0.22208073832734954,0.34208073832734953,0.22208073832734954,0.34208073832734953,43.897971810089516,71.54713616507746,93.65720149421175,43.897971810089516,93.65720149421175,False,,-0.6500506912933359,0.8754,1.0,0.07536974459565199,0.9645,-0.2533489044278394,0.8754,valid,,,,,False,ok,False,,Cintas Corporation,Industrials,Specialty Business Services,general_dcf,81810054150.0,0.9645,0.27611923547728706,0.5952256441099528,0.09075027431975136,0.1853689611575357,0.20328985325583016,0.2313863560886911,0.07270340712107148,0.7748193698831618,0.012190340031354805,-0.007472729589171112,,8.0,2026.0,ttm,2026-07-15,2026-07-17,True,,,,0.22208073832734954,0.037684872297825994,0.5,0.34208073832734953,-0.34208073832734953,robust_return<=0; median_irr<=hurdle,False
187,NDSN,288.98,-0.16075666082251697,-0.1564039516597404,-0.22295785281166902,-0.10726088715891816,0.0,0.12,1.0,0.22295785281166902,0.342957852811669,0.22295785281166902,0.342957852811669,60.9738573006681,82.5492178562328,101.45938047509374,60.9738573006681,101.45938047509374,False,,-0.714342799307105,0.7381800000000001,1.0,0.06570308282637544,0.7633,-0.2764039516597404,0.7381800000000001,valid,,,reinvestment_cap_hit,,False,ok,False,,Nordson Corporation,Industrials,Industrial - Machinery,general_dcf,16101387640.000002,0.7633,0.11998824591370559,0.03974633978397207,0.08894422045984961,0.031044025453855983,0.2532505691538013,0.2636817205456467,0.03099100141540756,2.046836845276565,0.007047418864717588,-0.012375917292465122,incremental_roic_below_wacc,8.0,2025.0,ttm,2026-05-21,2026-07-17,True,,,,0.22295785281166902,0.03285154141318772,0.5,0.342957852811669,-0.342957852811669,robust_return<=0; median_irr<=hurdle,False
188,WSM,228.41,-0.17045211471413493,-0.1709719594131457,-0.22381301435525525,-0.1160515256749931,0.0,0.12,1.0,0.22381301435525525,0.34381301435525524,0.22381301435525525,0.34381301435525524,47.32168152840298,61.63537141624665,74.95332401457526,47.32168152840298,74.95332401457526,False,,-0.7301546717908732,0.7133,0.95,0.06398174434013107,0.9245,-0.2909719594131457,0.677635,valid,,,,,False,ok,False,,"Williams-Sonoma, Inc.",Consumer Cyclical,Specialty Retail,general_dcf,26894503419.0,0.9245,0.3966256074794315,-0.06734620042273971,0.11686482044733754,0.27976078703209395,0.16663394849440455,0.1797346386948043,0.0467045849233334,0.47794949520752267,0.012835696522912865,-0.046260428596221814,incremental_roic_below_wacc,8.0,2025.0,ttm,2026-05-22,2026-07-17,True,,,,0.22381301435525525,0.031990872170065535,0.5,0.34381301435525524,-0.34381301435525524,robust_return<=0; median_irr<=hurdle,False
189,SLB,46.99,-0.008157947764266253,0.015005990583449631,-0.22457835767418144,0.16193458545021716,0.25,0.12,0.25,0.22457835767418144,0.34457835767418143,0.22457835767418144,0.34457835767418143,11.59251732314421,37.45823976468335,70.66891615338355,11.59251732314421,70.66891615338355,False,,-0.2028465681063344,0.5538,1.0,0.2066424715621993,0.6349,-0.10499400941655036,0.5538,valid,,,,,False,ok,False,,Slb N.V.,Energy,Oil & Gas Equipment & Services,general_dcf,70252869400.0,0.6349,0.12134802607850606,0.26793802341834855,0.07745841986799226,0.0438896062105138,0.13417969730870635,0.14321090706733444,0.012147044721517952,1.0492661135928525,0.008842613550626226,0.01777541240220315,cyclical_revenue,8.0,2025.0,ttm,2026-04-29,2026-07-17,True,,,,0.22457835767418144,0.10332123578109965,0.125,0.34457835767418143,-0.34457835767418143,robust_return<=0; median_irr<=hurdle,False
190,PGR,207.95,-0.048351639904310156,-0.018138843504356905,-0.22489889119634243,0.06777001858781562,0.0,0.12,0.25,0.22489889119634243,0.3448988911963424,0.22489889119634243,0.3448988911963424,58.1769187112724,189.76203134863172,288.6340321574665,58.1769187112724,288.6340321574665,False,,-0.08746318178104484,0.6,0.8,0.164334454892079,0.30657828806854137,-0.1381388435043569,0.48,valid,,,specialist_model_v1,,False,specialist,False,,The Progressive Corporation,Financial Services,Insurance - Property & Casualty,insurance,120902130000.0,,,,,,,,,,,,,,,,,2026-07-17,True,581400000.0,0.246,Justified P/B residual-income proxy; no regulatory-capital or reserve-detail model,0.22489889119634243,0.0821672274460395,0.125,0.3448988911963424,-0.3448988911963424,robust_return<=0; median_irr<=hurdle,False
191,KVUE,18.98,-0.021356195094995166,0.0039055210538208765,-0.2255509735550731,0.13231515106745068,0.25,0.12,0.25,0.2255509735550731,0.3455509735550731,0.2255509735550731,0.3455509735550731,4.48416455117451,14.071007564839656,25.034696951373295,4.48416455117451,25.034696951373295,False,,-0.2586402758250972,0.7411,0.95,0.18820006231126188,0.5188,-0.11609447894617912,0.7040449999999999,valid,,,,,False,ok,False,,Kenvue Inc.,Consumer Defensive,Household & Personal Products,general_dcf,36441764519.0,0.5188,0.12068022198095033,,0.06546200867215937,0.05521821330879095,0.16265216265216265,0.1962464033481559,0.009098884434247001,2.1279102384291724,0.012173012173012173,0.0012354431745782435,,7.0,2025.0,ttm,2026-05-07,2026-07-17,True,,,,0.2255509735550731,0.09410003115563094,0.125,0.3455509735550731,-0.3455509735550731,robust_return<=0; median_irr<=hurdle,False
192,PTC,124.37,-0.06750951674621317,-0.050946900929557136,-0.2261567560315597,0.05801249090582135,0.0,0.12,0.25,0.2261567560315597,0.3461567560315597,0.2261567560315597,0.3461567560315597,28.467771919081493,65.01338045901133,106.48833293344674,28.467771919081493,106.48833293344674,False,,-0.4772583383532095,0.6674,1.0,0.1520626234686905,0.5705,-0.17094690092955714,0.6674,valid,,,,,False,ok,False,,PTC Inc.,Technology,Software - Application,general_dcf,14365481220.0,0.5705,0.19333345910402724,0.29146960792156157,0.0910957975376505,0.10223766156637674,0.21465823542404253,0.38705276430520436,0.11964698925178596,0.7267853670731369,0.09722154544410373,0.0009013606968777399,heavy_sbc;peak_cycle_margins,8.0,2025.0,ttm,2026-05-07,2026-07-17,True,,,,0.2261567560315597,0.07603131173434526,0.125,0.3461567560315597,-0.3461567560315597,robust_return<=0; median_irr<=hurdle,False
193,MET,94.0,-0.08738929824868305,-0.06388378112348558,-0.22666979635262285,0.004880165604861819,0.0,0.12,0.25,0.22666979635262285,0.34666979635262285,0.22666979635262285,0.34666979635262285,25.998764879047805,67.57354488110012,96.31617440901907,25.998764879047805,96.31617440901907,False,,-0.2811325012648923,0.6,0.8,0.13377498097874232,0.3847476837983601,-0.18388378112348558,0.48,valid,,,specialist_model_v1,,False,specialist,False,,"MetLife, Inc.",Financial Services,Insurance - Life,insurance,60483057226.0,,,,,,,,,,,,,,,,,2026-07-17,True,643436779.0,0.778,Justified P/B residual-income proxy; no regulatory-capital or reserve-detail model,0.22666979635262285,0.06688749048937116,0.125,0.34666979635262285,-0.34666979635262285,robust_return<=0; median_irr<=hurdle,False
194,LII,543.93,-0.13914844097835152,-0.13098048700703652,-0.23052816087583775,-0.06410462902349534,0.0,0.12,0.75,0.23052816087583775,0.3505281608758377,0.23052816087583775,0.3505281608758377,108.2091272153977,182.34805422856428,252.14327101954137,108.2091272153977,252.14327101954137,False,,-0.6647582331760258,0.7943,1.0,0.0893827659261712,0.9501,-0.2509804870070365,0.7943,valid,,,,,False,ok,False,,Lennox International Inc.,Industrials,Construction,general_dcf,18928764000.0,0.9501,0.2652154711658351,0.1663844299821386,0.09851243520283143,0.16670303596300368,0.1496697217049871,0.19515767050857774,0.04243489707952652,1.6675713535282788,0.005601216484129886,-0.007504973290857975,,8.0,2025.0,ttm,2026-04-29,2026-07-17,True,,,,0.23052816087583775,0.0446913829630856,0.375,0.3505281608758377,-0.3505281608758377,robust_return<=0; median_irr<=hurdle,False
195,GDDY,94.35,-0.013028387715166859,0.020165144064230874,-0.23055848214426072,0.13811464315513156,0.25,0.12,0.25,0.23055848214426072,0.3505584821442607,0.23055848214426072,0.3505584821442607,21.23442251302679,70.4860911206823,117.0283699046243,21.23442251302679,117.0283699046243,False,,-0.2529296118634625,0.6130890000000001,1.0,0.19594389264969614,0.733,-0.09983485593576913,0.6130890000000001,valid,,,forward_roic_cap_hit;share_change_floor_hit,,False,ok,False,,GoDaddy Inc.,Technology,Software - Infrastructure,general_dcf,12492869064.0,0.733,0.3819031766830754,6.204132231404959,0.08155195500550028,0.3003512216775751,0.11102806941403387,0.23850946513525886,0.09280680491839521,1.9770677266473016,0.06557771363596607,-0.05956701407576903,heavy_sbc;peak_cycle_margins,8.0,2025.0,ttm,2026-05-01,2026-07-17,True,,,,0.23055848214426072,0.09797194632484807,0.125,0.3505584821442607,-0.3505584821442607,robust_return<=0; median_irr<=hurdle,False
196,ANET,168.61,-0.159388634825882,-0.15312342683027963,-0.23746552359079937,-0.0938421620521694,0.0,0.12,1.0,0.23746552359079937,0.35746552359079936,0.23746552359079937,0.35746552359079936,31.440612769289082,48.12786620384251,64.12530657323843,31.440612769289082,64.12530657323843,False,,-0.714561021268949,0.502281,1.0,0.086743250769315,0.9218,-0.2731234268302796,0.502281,valid,,,base_growth_cap_hit;forward_roic_cap_hit,,False,ok,False,,"Arista Networks, Inc.",Technology,Computer Hardware,general_dcf,212308558941.0,0.9218,3.1794789421061704,2.541673972213756,0.12555,3.0539289421061704,0.34139911629930414,0.4279240774879247,0.22695585796283524,-2.9154158406494854,0.05063950385040156,0.0020930458623871218,heavy_sbc;cyclical_revenue,8.0,2025.0,ttm,2026-05-06,2026-07-17,True,,,,0.23746552359079937,0.0433716253846575,0.5,0.35746552359079936,-0.35746552359079936,robust_return<=0; median_irr<=hurdle,False
197,APH,151.2,-0.12675060927576848,-0.1152407717570895,-0.23769435020512897,-0.03882654338376594,0.0,0.12,0.75,0.23769435020512897,0.35769435020512896,0.23769435020512897,0.35769435020512896,26.908911403480577,54.13996627748104,80.57668353074094,26.908911403480577,80.57668353074094,False,,-0.6419314399637497,0.59769,0.85,0.1160032034106815,0.8651,-0.2352407717570895,0.5080365,valid,,,base_growth_cap_hit,,False,ok,False,,Amphenol Corporation,Technology,"Hardware, Equipment & Parts",general_dcf,186010776000.0,0.8651,0.18794224474011875,0.4045780359553282,0.10214347140854727,0.08579877333157149,0.20659165612487077,0.26000046325249576,0.15938454986222794,1.7915744476343447,0.007193204884810185,0.012641452647415896,cyclical_revenue,8.0,2025.0,ttm,2026-05-01,2026-07-17,True,,,,0.23769435020512897,0.05800160170534075,0.375,0.35769435020512896,-0.35769435020512896,robust_return<=0; median_irr<=hurdle,False
198,MSI,413.31,-0.14233686810912327,-0.1309197642374783,-0.24168271000089592,-0.0658252339606406,0.0,0.12,0.75,0.24168271000089592,0.3616827100008959,0.24168271000089592,0.3616827100008959,74.40263170567488,138.47269751893356,195.09820823803935,74.40263170567488,195.09820823803935,False,,-0.6649664960467118,0.8341,1.0,0.09290573802012765,0.9196,-0.2509197642374783,0.8341,valid,,,,,False,ok,False,,"Motorola Solutions, Inc.",Technology,Communication Equipment,general_dcf,68607806760.0,0.9196,0.21194133906846221,0.15088799315472587,0.08474307496679223,0.12719826410166998,0.20223532193357102,0.24839905628581058,0.06857802574283212,2.533624454148472,0.022464638994175834,-0.007620460262660167,,8.0,2025.0,ttm,2026-05-07,2026-07-17,True,,,,0.24168271000089592,0.046452869010063826,0.375,0.3616827100008959,-0.3616827100008959,robust_return<=0; median_irr<=hurdle,False
199,EME,744.16,-0.147838844357102,-0.1433760352003446,-0.24537044434910055,-0.05923286267861838,0.0,0.12,0.75,0.24537044434910055,0.36537044434910054,0.24537044434910055,0.36537044434910054,145.56581128801218,259.9716762477545,378.3221863485951,145.56581128801218,378.3221863485951,False,,-0.6506508328212286,0.7287,0.85,0.10570779083524108,0.874,-0.2633760352003446,0.619395,valid,,,,,False,ok,False,,"EMCOR Group, Inc.",Industrials,Engineering & Construction,general_dcf,33139355058.999996,0.874,0.3670004557692413,0.5760422920959553,0.10091023637935971,0.2660902193898816,0.05229815894925574,0.09894669334631148,0.11102584323305242,-0.20471701686974453,0.0010918810036467824,-0.035021816601687794,peak_cycle_margins,8.0,2025.0,ttm,2026-04-29,2026-07-17,True,,,,0.24537044434910055,0.05285389541762054,0.375,0.36537044434910054,-0.36537044434910054,robust_return<=0; median_irr<=hurdle,False
200,TDY,635.52,-0.11465528769531373,-0.10248687387793323,-0.245529839660594,-0.00811756336479445,0.0,0.12,0.75,0.245529839660594,0.365529839660594,0.245529839660594,0.365529839660594,122.26950747021614,257.4883780813242,403.3408020817922,122.26950747021614,403.3408020817922,False,,-0.5948382771882487,0.6462,1.0,0.12932013814789978,0.6606,-0.22248687387793323,0.6462,valid,,,,,False,ok,False,,Teledyne Technologies Incorporated,Technology,"Hardware, Equipment & Parts",general_dcf,29443069632.0,0.6606,0.07977628073225122,0.28773128831523037,0.08858702757379518,-0.008810746841543954,0.1650039602819721,0.19029491133384735,0.11237458070703754,1.2798036006546645,0.005731523378582202,-0.006329283488911153,cyclical_revenue,8.0,2025.0,ttm,2026-04-24,2026-07-17,True,,,,0.245529839660594,0.06466006907394989,0.375,0.365529839660594,-0.365529839660594,robust_return<=0; median_irr<=hurdle,False
201,NTRS,184.68,-0.15802211392853233,-0.14325152435719757,-0.24701083201109808,-0.09857457498863609,0.0,0.12,1.0,0.24701083201109808,0.3670108320110981,0.24701083201109808,0.3670108320110981,44.70576282215948,85.24846501673461,109.91801642685338,44.70576282215948,109.91801642685338,False,,-0.538399041494831,0.6,0.8,0.09221812851123098,0.5244172175227267,-0.26325152435719756,0.48,valid,,,specialist_model_v1,,False,specialist,False,,Northern Trust Corporation,Financial Services,Banks - Diversified,bank,34174527606.999996,,,,,,,,,,,,,,,,,2026-07-17,True,185047257.99761748,1.26,Justified P/B residual-income proxy; no regulatory-capital or reserve-detail model,0.24701083201109808,0.04610906425561549,0.5,0.3670108320110981,-0.3670108320110981,robust_return<=0; median_irr<=hurdle,False
202,IDXX,567.44,-0.1938047824445675,-0.19045696286775637,-0.25112005843402585,-0.14318514560873147,0.0,0.12,1.0,0.25112005843402585,0.37112005843402585,0.25112005843402585,0.37112005843402585,92.75156925505281,135.58361902406767,171.03111783745527,92.75156925505281,171.03111783745527,False,,-0.7610608715915909,0.8727,1.0,0.05778645641264719,0.9662,-0.31045696286775637,0.8727,valid,,,,,False,ok,False,,"IDEXX Laboratories, Inc.",Healthcare,Medical - Diagnostics & Research,general_dcf,44761369519.99999,0.9662,0.46257641645358455,0.37422638754222093,0.12116729406969372,0.3414091223838908,0.27820512448371637,0.3162512272004984,0.09966155300662871,0.6247638812944276,0.01547015731093541,-0.01571045899589718,,8.0,2025.0,ttm,2026-05-05,2026-07-17,True,,,,0.25112005843402585,0.028893228206323594,0.5,0.37112005843402585,-0.37112005843402585,robust_return<=0; median_irr<=hurdle,False
203,AKAM,120.19,-0.14202372150757575,-0.12488922992779401,-0.2574746938364113,-0.06084173233830367,0.0,0.12,0.75,0.2574746938364113,0.3774746938364113,0.2574746938364113,0.3774746938364113,14.187477019766181,37.70377463742389,57.073593182368526,14.187477019766181,57.073593182368526,False,,-0.6862985719492147,0.673029,1.0,0.10812561074905382,0.6961,-0.244889229927794,0.673029,valid,,,forward_roic_floor_hit;reinvestment_cap_hit,,False,ok,False,,"Akamai Technologies, Inc.",Technology,Software - Infrastructure,general_dcf,17473877356.0,0.6961,0.05124025743522671,-0.030526924258574523,0.07090986104525582,-0.019669603610029104,0.17709245816795977,0.1367158184672457,0.06463602570036953,3.793054704077415,0.09856212517238061,-0.022185651472434675,elevated_leverage;heavy_sbc;incremental_roic_below_wacc,8.0,2025.0,ttm,2026-05-08,2026-07-17,True,,,,0.2574746938364113,0.05406280537452691,0.375,0.3774746938364113,-0.3774746938364113,robust_return<=0; median_irr<=hurdle,False
204,FICO,1257.11,-0.13638938463736844,-0.12121078589661916,-0.26168974023530606,-0.041446226520929455,0.0,0.12,0.75,0.26168974023530606,0.38168974023530605,0.26168974023530606,0.38168974023530605,180.53061701466544,412.378710247994,624.2000610448798,180.53061701466544,624.2000610448798,False,,-0.6719629067877958,0.69057,1.0,0.1194046568571883,0.9176,-0.24121078589661915,0.69057,valid,,,forward_roic_cap_hit,,False,ok,False,,Fair Isaac Corporation,Technology,Software - Application,general_dcf,29153519842.0,0.9176,0.6852768089297788,2.028945268637725,0.10317202571678082,0.582104783212998,0.3888932635167768,0.5036736380231953,0.09834200068390975,2.9834336578146767,0.08182513113150017,-0.03402632822753349,heavy_sbc,8.0,2025.0,ttm,2026-04-28,2026-07-17,True,,,,0.26168974023530606,0.05970232842859415,0.375,0.38168974023530605,-0.38168974023530605,robust_return<=0; median_irr<=hurdle,False
205,ODFL,233.84,-0.22357502657323486,-0.2249994793906807,-0.2639688439230667,-0.1803323035885114,0.0,0.12,1.0,0.2639688439230667,0.3839688439230667,0.2639688439230667,0.3839688439230667,39.098064979294605,45.687951650634204,53.77764545860136,39.098064979294605,53.77764545860136,False,,-0.8046187493558237,0.64053,1.0,0.05260237016727764,0.9392,-0.3449994793906807,0.64053,valid,,,reinvestment_cap_hit,,False,ok,False,,"Old Dominion Freight Line, Inc.",Industrials,Trucking,general_dcf,48631303297.0,0.9392,0.2413165278436665,-0.017990229634820724,0.10465112350386037,0.13666540433980612,0.2561866213225866,0.2456516196998402,0.044823000248298994,-0.145232918509256,0.0019517404695940195,-0.025461443284672147,incremental_roic_below_wacc,8.0,2025.0,ttm,2026-05-06,2026-07-17,True,,,,0.2639688439230667,0.02630118508363882,0.5,0.3839688439230667,-0.3839688439230667,robust_return<=0; median_irr<=hurdle,False
206,RL,380.45,-0.11893956695093946,-0.11068274261924668,-0.2655016437420272,0.011108861176762758,0.0,0.12,0.75,0.2655016437420272,0.3855016437420272,0.2655016437420272,0.3855016437420272,64.13380524972165,149.72643429019436,253.37096529608695,64.13380524972165,253.37096529608695,False,,-0.6064491147583273,0.5354,1.0,0.152243252459395,0.8599,-0.23068274261924668,0.5354,valid,,,,,False,ok,False,,Ralph Lauren Corporation,Consumer Cyclical,Apparel - Manufacturers,general_dcf,23207378475.0,0.8599,0.24913408189677175,0.696809468882311,0.10568565645594404,0.1434484254408277,0.11167506474262193,0.14532010598311665,0.03651392104845108,0.6540858235377426,0.015004373133878215,-0.033475237244851574,cyclical_revenue,8.0,2026.0,ttm,2026-05-21,2026-07-17,True,,,,0.2655016437420272,0.0761216262296975,0.375,0.3855016437420272,-0.3855016437420272,robust_return<=0; median_irr<=hurdle,False
207,WELL,243.25,-0.19162613137594592,-0.16690013304423612,-0.2658041263710753,-0.16690013304423612,0.0,0.12,1.0,0.2658041263710753,0.3858041263710753,0.2658041263710753,0.3858041263710753,51.89345011851577,97.61985865724536,97.61985865724536,51.89345011851577,97.61985865724536,False,,-0.5986850620462678,0.6,0.8,0.06745199666341958,0.5315870237091788,-0.2869001330442361,0.48,valid,,,specialist_model_v1,,False,specialist,False,,Welltower Inc.,Real Estate,REIT - Healthcare Facilities,reit,171713580500.0,,,,,,,,,,,,,,,,,2026-07-17,True,705914000.0,0.763,P/AFFO Gordon proxy; no property-level NOI or maintenance-capex detail,0.2658041263710753,0.03372599833170979,0.5,0.3858041263710753,-0.3858041263710753,robust_return<=0; median_irr<=hurdle,False
208,FDX,312.98,-0.1386812188611657,-0.1291709528872161,-0.26735116247145924,-0.029031807198771246,0.0,0.12,0.75,0.26735116247145924,0.38735116247145923,0.26735116247145924,0.38735116247145923,43.85398497810987,69.4437076034821,147.52439149660282,43.85398497810987,147.52439149660282,False,,-0.7781209419020957,0.65925,1.0,0.129382177636344,0.5949,-0.2491709528872161,0.65925,valid,,,reinvestment_cap_hit,,False,ok,False,,FedEx Corporation,Industrials,Integrated Freight & Logistics,general_dcf,74679142493.0,0.5949,0.07994678442098742,0.012706893705180085,0.08829279041061142,-0.008346005989623997,0.0694637784171968,0.06735641891891891,0.044807004966957775,2.7567215554935345,0.0017514728294247435,-0.01992564426454624,incremental_roic_below_wacc,8.0,2026.0,ttm,2026-06-23,2026-07-17,True,,,,0.26735116247145924,0.064691088818172,0.375,0.38735116247145923,-0.38735116247145923,robust_return<=0; median_irr<=hurdle,False
209,FSLR,211.99,-0.09461497690826946,-0.08595150069450028,-0.26737920236628276,0.06082229612220545,0.0,0.12,0.75,0.26737920236628276,0.38737920236628276,0.26737920236628276,0.38737920236628276,42.40167701636241,91.7378996195284,165.5294428068635,42.40167701636241,165.5294428068635,False,,-0.5672536458345752,0.475,1.0,0.1798507492442441,0.3806,-0.20595150069450027,0.475,valid,,,,,False,ok,False,,"First Solar, Inc.",Technology,Solar,general_dcf,22778961470.0,0.3806,0.2053476593605079,0.3726158317919293,0.13057706087635387,0.07477059848415402,0.15890352931345095,0.33168685717491336,0.1281571554750882,-0.8520650211229218,0.006681423934494278,0.0033424521659295436,cyclical_revenue;peak_cycle_margins,8.0,2025.0,ttm,2026-04-30,2026-07-17,True,,,,0.26737920236628276,0.08992537462212205,0.375,0.38737920236628276,-0.38737920236628276,robust_return<=0; median_irr<=hurdle,False
210,AJG,253.9,-0.15004314257219756,-0.1296521144958822,-0.2679606573568233,-0.07290768394020253,0.0,0.12,1.0,0.2679606573568233,0.3879606573568233,0.2679606573568233,0.3879606573568233,53.374622038961085,126.80228906337776,173.8912016829385,53.374622038961085,173.8912016829385,False,,-0.5005817681631439,0.6,0.8,0.11552648670831037,0.42092790621692655,-0.2496521144958822,0.48,valid,,,specialist_model_v1,,False,specialist,False,,Arthur J. Gallagher & Co.,Financial Services,Insurance - Brokers,insurance,65237573800.0,,,,,,,,,,,,,,,,,2026-07-17,True,256942000.0,0.508,Justified P/B residual-income proxy; no regulatory-capital or reserve-detail model,0.2679606573568233,0.05776324335415518,0.5,0.3879606573568233,-0.3879606573568233,robust_return<=0; median_irr<=hurdle,False
211,JBL,301.01,-0.147261656149567,-0.13968117349140813,-0.26797741334739844,-0.0417068642680533,0.0,0.12,0.75,0.26797741334739844,0.38797741334739844,0.26797741334739844,0.38797741334739844,43.724126908433725,98.09505716976739,156.06648997094354,43.724126908433725,156.06648997094354,False,,-0.6741136268902449,0.6168600000000001,1.0,0.12462947453967256,0.8832,-0.2596811734914081,0.6168600000000001,valid,,,share_change_floor_hit,,False,ok,False,,Jabil Inc.,Technology,"Hardware, Equipment & Parts",general_dcf,31541961660.0,0.8832,0.260780816077851,,0.10202910748450894,0.15875170859334203,0.037843518287798666,0.0432271509377791,0.0436702842341532,1.1782224290367613,0.0030813973617698992,-0.09650142586031651,thin_interest_coverage,8.0,2025.0,ttm,2026-06-30,2026-07-17,True,,,,0.26797741334739844,0.06231473726983628,0.375,0.38797741334739844,-0.38797741334739844,robust_return<=0; median_irr<=hurdle,False
212,PFE,25.05,0.01401536685880276,0.04765871842391793,-0.2682536167558283,0.2289976473432035,0.25,0.12,0.25,0.2682536167558283,0.3882536167558283,0.2682536167558283,0.3882536167558283,5.019805900839571,22.615232108257825,52.71896266004801,5.019805900839571,52.71896266004801,False,,-0.09719632302363979,0.361665,1.0,0.2677756820495159,0.7064,-0.07234128157608206,0.361665,valid,,,forward_roic_floor_hit;reinvestment_cap_hit,,False,ok,False,,Pfizer Inc.,Healthcare,Drug Manufacturers - General,general_dcf,142770972000.0,0.7064,0.09443317477258431,-0.08432284924605535,0.065507851863279,0.028925322909305315,0.251237204699979,0.23446260759693596,0.022244399137135495,2.3973497573721536,0.008815676792101153,-0.00011629935558732374,cyclical_revenue;incremental_roic_below_wacc,8.0,2025.0,ttm,2026-05-05,2026-07-17,True,,,,0.2682536167558283,0.13388784102475795,0.125,0.3882536167558283,-0.3882536167558283,robust_return<=0; median_irr<=hurdle,False
213,DXCM,76.65,-0.12822493520216077,-0.11877324765082445,-0.26954984082840366,-0.005803404678590567,0.0,0.12,0.75,0.26954984082840366,0.38954984082840366,0.26954984082840366,0.38954984082840366,12.540942779782485,28.47022322757302,46.56224033105014,12.540942779782485,46.56224033105014,False,,-0.6285685162743246,0.59121,1.0,0.14413691807490653,0.7084,-0.23877324765082444,0.59121,valid,,,forward_roic_cap_hit,,False,ok,False,,"DexCom, Inc.",Healthcare,Medical - Devices,general_dcf,29577163686.999996,0.7084,0.4530686126358633,0.8165646582952667,0.11515112684342801,0.3379174857924353,0.14160742777167754,0.21449179102928662,0.24045248560262444,-0.7973380793933297,0.041631007923142754,-0.02716394732763383,peak_cycle_margins,8.0,2025.0,ttm,2026-04-30,2026-07-17,True,,,,0.26954984082840366,0.07206845903745326,0.375,0.38954984082840366,-0.38954984082840366,robust_return<=0; median_irr<=hurdle,False
214,HSIC,87.82,-0.15457876194413983,-0.15177710371790454,-0.2701879904430825,-0.04457284989766774,0.0,0.12,0.75,0.2701879904430825,0.3901879904430825,0.2701879904430825,0.3901879904430825,13.959024723533284,19.553155889032926,42.70200762395146,13.959024723533284,42.70200762395146,False,,-0.7773496254949565,0.5078943,1.0,0.12757074127270737,0.7232,-0.27177710371790453,0.5078943,valid,,,forward_roic_floor_hit;share_change_floor_hit;reinvestment_cap_hit,,False,ok,False,,"Henry Schein, Inc.",Healthcare,Medical - Distribution,general_dcf,10004190940.0,0.7232,0.08389398884621356,-0.03311241926184948,0.0751149337245169,0.00877905512169666,0.05769458738710034,0.05596234309623431,-0.0001948354983694056,3.3810861423220975,0.003077408664089008,-0.05552040579331741,elevated_leverage;thin_interest_coverage;incremental_roic_below_wacc,8.0,2025.0,ttm,2026-05-05,2026-07-17,True,,,,0.2701879904430825,0.06378537063635369,0.375,0.3901879904430825,-0.3901879904430825,robust_return<=0; median_irr<=hurdle,False
215,SHW,331.32,-0.16831679409951902,-0.15585301676328525,-0.2735622269945452,-0.08799891587696038,0.0,0.12,1.0,0.2735622269945452,0.3935622269945452,0.2735622269945452,0.3935622269945452,47.70794845920862,92.1837275080454,132.51612486380543,47.70794845920862,132.51612486380543,False,,-0.7217682979957583,0.8558,1.0,0.0971076555587924,0.8382,-0.2758530167632852,0.8558,valid,,,,,False,ok,False,,The Sherwin-Williams Company,Basic Materials,Chemicals - Specialty,general_dcf,81715439520.0,0.8382,0.16762051245448076,0.17270819297715267,0.09281643952147366,0.0748040729330071,0.145467137345766,0.1613252282175012,0.04319057856107422,2.973094956399807,0.005238755763691817,-0.017756777877273366,,8.0,2025.0,ttm,2026-04-28,2026-07-17,True,,,,0.2735622269945452,0.0485538277793962,0.5,0.3935622269945452,-0.3935622269945452,robust_return<=0; median_irr<=hurdle,False
216,KLAC,212.75,-0.2163560731387406,-0.214167103197542,-0.2758418672412518,-0.16124821891862662,0.0,0.12,1.0,0.2758418672412518,0.3958418672412518,0.2758418672412518,0.3958418672412518,30.599713965105177,47.42146013215077,61.912996035780594,30.599713965105177,61.912996035780594,False,,-0.7771024200603959,0.68886,1.0,0.0666310241613126,0.9699,-0.334167103197542,0.68886,valid,,,forward_roic_cap_hit,,False,ok,False,,KLA Corporation,Technology,Semiconductors,general_dcf,277911070000.0,0.9699,0.6899220117264848,1.206275773051553,0.11450464967099766,0.5754173620554872,0.37555765765641247,0.41679264661427823,0.17056544479350988,0.20297062535810645,0.021676482461152884,-0.04560801163090278,,8.0,2025.0,ttm,2026-04-29,2026-07-17,True,,,,0.2758418672412518,0.0333155120806563,0.5,0.3958418672412518,-0.3958418672412518,robust_return<=0; median_irr<=hurdle,False
217,HUBB,488.67,-0.1533977941158809,-0.14161112300353118,-0.27686320528446223,-0.053505725171999044,0.0,0.12,0.75,0.27686320528446223,0.39686320528446223,0.27686320528446223,0.39686320528446223,78.15023123302939,160.87822157840193,249.8587474286102,78.15023123302939,249.8587474286102,False,,-0.6707835112071502,0.6974,0.85,0.1252567400562316,0.8077,-0.2616111230035312,0.59279,valid,,,,,False,ok,False,,Hubbell Incorporated,Industrials,Electrical Equipment & Parts,general_dcf,25822202406.0,0.8077,0.1630342726923971,0.2157911849580883,0.08601704137288692,0.07701723131951017,0.13879854972726194,0.20773502776804922,0.038659372864209285,1.5163800163800163,0.005436617215954517,-0.004867878368850498,,8.0,2025.0,ttm,2026-04-30,2026-07-17,True,,,,0.27686320528446223,0.0626283700281158,0.375,0.39686320528446223,-0.39686320528446223,robust_return<=0; median_irr<=hurdle,False
218,CFG,72.39,-0.14396545134911096,-0.11971589191116361,-0.2768915174236882,-0.059538504150428384,0.0,0.12,0.75,0.2768915174236882,0.3968915174236882,0.2768915174236882,0.3968915174236882,14.311852687188988,38.264221715956275,53.25785537461729,14.311852687188988,53.25785537461729,False,,-0.47141564144279213,0.6,0.8,0.1266765066366299,0.3740270165019693,-0.2397158919111636,0.48,valid,,,specialist_model_v1,,False,specialist,False,,"Citizens Financial Group, Inc.",Financial Services,Banks - Regional,bank,30612427980.0,,,,,,,,,,,,,,,,,2026-07-17,True,422882000.0,0.998,Justified P/B residual-income proxy; no regulatory-capital or reserve-detail model,0.2768915174236882,0.06333825331831495,0.375,0.3968915174236882,-0.3968915174236882,robust_return<=0; median_irr<=hurdle,False
219,GEN,26.74,-0.017727689101593565,0.019460304710082733,-0.2791207316098735,0.16928936578333378,0.25,0.12,0.25,0.2791207316098735,0.3991207316098735,0.2791207316098735,0.3991207316098735,3.980936382914119,17.495577599595627,37.0789127127885,3.980936382914119,37.0789127127885,False,,-0.3457151234257432,0.41165999999999997,1.0,0.24185524869660363,0.6408,-0.10053969528991727,0.41165999999999997,valid,,,reinvestment_cap_hit,,False,ok,False,,Gen Digital Inc.,Technology,Software - Infrastructure,general_dcf,16109085160.0,0.6408,0.15378059645713996,0.10027188194900236,0.09176371025623395,0.06201688620090601,0.355338434982158,0.4282,0.007931476795870251,2.9832953682612,0.03631578947368421,-0.008077897235781228,thin_interest_coverage;cyclical_revenue,8.0,2026.0,ttm,2026-05-21,2026-07-17,True,,,,0.2791207316098735,0.12092762434830182,0.125,0.3991207316098735,-0.3991207316098735,robust_return<=0; median_irr<=hurdle,False
220,WST,358.24,-0.22798281379727997,-0.2282134284978383,-0.279285373428138,-0.1762190247653052,0.0,0.12,1.0,0.279285373428138,0.39928537342813797,0.279285373428138,0.39928537342813797,48.25601760324415,57.777105309457674,80.65650443733247,48.25601760324415,80.65650443733247,False,,-0.8387195586493477,0.575505,1.0,0.06426802433141637,0.8471,-0.3482134284978383,0.575505,valid,,,forward_roic_floor_hit;reinvestment_cap_hit,,False,ok,False,,"West Pharmaceutical Services, Inc.",Healthcare,Medical - Instruments & Supplies,general_dcf,25308796224.0,0.8471,0.1978689502544038,-0.12951822220621453,0.10279159920699184,0.09507735104741195,0.20320865651832,0.2066823997019004,0.08665376290342741,-0.24399524375743162,0.007743110908676839,-0.015180921258852953,incremental_roic_below_wacc,8.0,2025.0,ttm,2026-04-23,2026-07-17,True,,,,0.279285373428138,0.03213401216570819,0.5,0.39928537342813797,-0.39928537342813797,robust_return<=0; median_irr<=hurdle,False
221,AMAT,529.66,-0.22988915309524593,-0.22988264856830934,-0.27939859882753804,-0.18039271641682714,0.0,0.12,1.0,0.27939859882753804,0.39939859882753803,0.27939859882753804,0.39939859882753803,72.11114789604935,102.3636527380805,130.24296793386233,72.11114789604935,130.24296793386233,False,,-0.806737052565645,0.7449,0.7,0.06615594120535545,0.9754,-0.3498826485683093,0.52143,valid,,,,,False,ok,False,,"Applied Materials, Inc.",Technology,Semiconductors,general_dcf,420528323940.0,0.9754,0.3789467821548689,0.19038816312622922,0.12266949019043301,0.2562772919644359,0.28906419392654936,0.2921954314720812,0.07858556936479122,-0.17457588262265017,0.02123196938475125,-0.026945297525425738,,8.0,2025.0,annual,2025-12-12,2026-07-17,True,,,,0.27939859882753804,0.033077970602677725,0.5,0.39939859882753803,-0.39939859882753803,robust_return<=0; median_irr<=hurdle,False
222,CSX,50.75,-0.20661415914073586,-0.20915997701231392,-0.28091080592712386,-0.12722587661119167,0.0,0.12,1.0,0.28091080592712386,0.40091080592712386,0.28091080592712386,0.40091080592712386,6.472982359464011,6.472982359464011,12.999794506139384,6.844235042141268,12.999794506139384,True,"growth destroys value: forward ROIC 2.0% at/below WACC 9.6%, so higher-growth scenarios reinvest below the cost of capital and are worth less than the bear case",-0.8724535495672117,0.6098490000000001,1.0,0.08854699465796609,0.7584,-0.3291599770123139,0.6098490000000001,valid,,,forward_roic_floor_hit;reinvestment_cap_hit,,False,ok,False,,CSX Corporation,Industrials,Railroads,general_dcf,94300605000.0,0.7584,0.11386407878473057,-0.12815277880637105,0.09588077026246239,0.017983308522268177,0.3882619842609072,0.33446399547735145,0.02021319242870323,2.8467905669217553,0.0,-0.04547420374920552,incremental_roic_below_wacc,8.0,2025.0,ttm,2026-04-22,2026-07-17,True,,,,0.28091080592712386,0.044273497328983044,0.5,0.40091080592712386,-0.40091080592712386,robust_return<=0; median_irr<=hurdle,False
223,WAT,368.98,-0.21196206810454893,-0.20465165747009448,-0.28246624691091704,-0.15607871056708972,0.0,0.12,1.0,0.28246624691091704,0.40246624691091704,0.28246624691091704,0.40246624691091704,44.8166143125834,90.03684459082136,128.86132053569585,44.8166143125834,128.86132053569585,False,,-0.7559844853628344,0.6139638000000001,0.85,0.07927485417191366,0.7389,-0.3246516574700945,0.5218692300000001,valid,,,base_growth_cap_hit;share_change_cap_hit;reinvestment_cap_hit,,False,ok,False,,Waters Corporation,Healthcare,Medical - Diagnostics & Research,general_dcf,24051453953.0,0.7389,0.027036962477932854,0.029667878242803907,0.09548780073619313,-0.06845083825826027,0.28803615176012815,0.17077049929440583,0.03910304855053126,5.068606788043327,0.015112627252621108,0.10833137896728617,elevated_leverage;ongoing_dilution;incremental_roic_below_wacc,8.0,2025.0,ttm,2026-05-12,2026-07-17,True,,,,0.28246624691091704,0.03963742708595683,0.5,0.40246624691091704,-0.40246624691091704,robust_return<=0; median_irr<=hurdle,False
224,TXN,284.02,-0.22286184121403493,-0.22286693090427434,-0.28343085128290113,-0.16228265176468992,0.0,0.12,1.0,0.28343085128290113,0.4034308512829011,0.28343085128290113,0.4034308512829011,33.62014865559497,42.298651425075995,64.19467819431915,33.62014865559497,64.19467819431915,False,,-0.851071574448715,0.560034,1.0,0.0737730797591056,0.8994,-0.34286693090427434,0.560034,valid,,,forward_roic_floor_hit;reinvestment_cap_hit,,False,ok,False,,Texas Instruments Incorporated,Technology,Semiconductors,general_dcf,258484613859.99997,0.8994,0.22154213793040595,-0.17168647586355487,0.10800935759645461,0.11353278033395134,0.41301948168070923,0.35291246339082327,0.016353768938195623,1.0350532161036556,0.023696414432756475,-0.004338449350777318,incremental_roic_below_wacc,8.0,2025.0,ttm,2026-04-24,2026-07-17,True,,,,0.28343085128290113,0.0368865398795528,0.5,0.4034308512829011,-0.4034308512829011,robust_return<=0; median_irr<=hurdle,False
225,CDNS,330.11,-0.21649678993999258,-0.2107567233761074,-0.2852433969412232,-0.15923031606653237,0.0,0.12,1.0,0.2852433969412232,0.4052433969412232,0.2852433969412232,0.4052433969412232,42.78971795164057,69.16087331158671,91.85840027732888,42.78971795164057,91.85840027732888,False,,-0.7904914322147566,0.8492,1.0,0.06753054043734541,0.837,-0.3307567233761074,0.8492,valid,,,,,False,ok,False,,"Cadence Design Systems, Inc.",Technology,Software - Application,general_dcf,91049619760.0,0.837,0.18238935683361482,0.26272291701168327,0.10123160756421101,0.0811577492694038,0.27587571713297987,0.31105975404681063,0.13837522331577512,0.7744199203135067,0.08429147749406196,-0.0015611614866534174,heavy_sbc,8.0,2025.0,ttm,2026-05-01,2026-07-17,True,,,,0.2852433969412232,0.033765270218672705,0.5,0.4052433969412232,-0.4052433969412232,robust_return<=0; median_irr<=hurdle,False
226,PODD,164.06,-0.1393922832692624,-0.12189574769290626,-0.2957659292529571,-0.01801170843828001,0.0,0.12,0.75,0.2957659292529571,0.4157659292529571,0.2957659292529571,0.4157659292529571,20.160155444632714,55.86346378723866,95.1226660980785,20.160155444632714,95.1226660980785,False,,-0.6594936987246212,0.6942,1.0,0.1480511104073385,0.5092,-0.24189574769290625,0.6942,valid,,,,,False,ok,False,,Insulet Corp.,Healthcare,Medical - Devices,general_dcf,11363562416.0,0.5092,0.2188662763781082,0.33265370660312693,0.09682740553881565,0.12203887083929256,0.09120143577728251,0.17484229032369264,0.2512966236922243,0.7767812655705032,0.028460314654410464,0.0013903323272508317,peak_cycle_margins,8.0,2025.0,ttm,2026-05-06,2026-07-17,True,,,,0.2957659292529571,0.07402555520366925,0.375,0.4157659292529571,-0.4157659292529571,robust_return<=0; median_irr<=hurdle,False
227,URI,1045.21,-0.16829136215419568,-0.1516395093385654,-0.29588387546100425,-0.07400255447864765,0.0,0.12,1.0,0.29588387546100425,0.41588387546100425,0.29588387546100425,0.41588387546100425,102.86201060537044,232.2603405554881,355.27038289626836,102.86201060537044,355.27038289626836,False,,-0.7777859563575855,0.7517,1.0,0.1183896604911783,0.6296,-0.2716395093385654,0.7517,valid,,,,,False,ok,False,,"United Rentals, Inc.",Industrials,Rental & Leasing Services,general_dcf,65478852786.0,0.6296,0.1276037586296446,0.14640983758377604,0.11847550787306968,0.009128250756574918,0.24881215862584077,0.2467461044912924,0.10413850897536503,2.0671766342141864,0.007298794395568589,-0.03590169898188733,,8.0,2025.0,ttm,2026-04-22,2026-07-17,True,,,,0.29588387546100425,0.05919483024558915,0.5,0.41588387546100425,-0.41588387546100425,robust_return<=0; median_irr<=hurdle,False
228,CMG,34.44,-0.17427673547063022,-0.16418961479794233,-0.29807192935841165,-0.0706557829282246,0.0,0.12,1.0,0.29807192935841165,0.41807192935841164,0.29807192935841165,0.41807192935841164,4.209994004964661,9.867701804764042,15.888306201350355,4.209994004964661,15.888306201350355,False,,-0.7134813645538896,0.7277,0.95,0.12337707321509352,0.8415,-0.28418961479794236,0.691315,valid,,,,,False,ok,False,,"Chipotle Mexican Grill, Inc.",Consumer Cyclical,Restaurants,general_dcf,44177358960.0,0.8415,0.21575282868818774,0.13387818191996204,0.09068433273522353,0.1250684959529642,0.12052278617695131,0.15786372222803471,0.13665429055320644,1.9126390606226489,0.011643248325747205,-0.024654596262011608,,8.0,2025.0,ttm,2026-04-29,2026-07-17,True,,,,0.29807192935841165,0.06168853660754676,0.5,0.41807192935841164,-0.41807192935841164,robust_return<=0; median_irr<=hurdle,False
229,LRCX,313.3,-0.24440564770193302,-0.2448009149098652,-0.2989236588822678,-0.18909710210573388,0.0,0.12,1.0,0.2989236588822678,0.4189236588822678,0.2989236588822678,0.4189236588822678,37.13039088179183,55.781486487288745,73.42359714224393,37.13039088179183,73.42359714224393,False,,-0.8219550383425192,0.6604,1.0,0.06510127838826696,0.9787,-0.3648009149098652,0.6604,valid,,,,,False,ok,False,,Lam Research Corporation,Technology,Semiconductors,general_dcf,391803581000.0,0.9787,0.6868702791765688,0.42787582267146246,0.13497375319369617,0.5518965259828726,0.29351875552048795,0.3425647125509845,0.0754865864010088,-0.12952184475452566,0.018625440323556754,-0.0366326643006597,cyclical_revenue,8.0,2025.0,ttm,2026-04-23,2026-07-17,True,,,,0.2989236588822678,0.03255063919413348,0.5,0.4189236588822678,-0.4189236588822678,robust_return<=0; median_irr<=hurdle,False
230,CBRE,140.96,-0.19346470785167186,-0.18361526356020474,-0.30019991604203833,-0.10642838824423956,0.0,0.12,1.0,0.30019991604203833,0.4201999160420383,0.30019991604203833,0.4201999160420383,7.084678171470482,24.73551452847088,43.602230123590594,7.084678171470482,43.602230123590594,False,,-0.824521037681109,0.613413,1.0,0.10848337389889938,0.6907,-0.30361526356020474,0.613413,valid,,,forward_roic_floor_hit;reinvestment_cap_hit,,False,ok,False,,"CBRE Group, Inc.",Real Estate,Real Estate - Services,general_dcf,41275484320.0,0.6907,0.08585613162797563,-0.04102788275435944,0.09651113020446617,-0.010654998576490535,0.04487385041355632,0.037564920435411576,0.09604354201767173,2.6547066272688897,0.0,-0.03226693695322658,incremental_roic_below_wacc,8.0,2025.0,ttm,2026-04-23,2026-07-17,True,,,,0.30019991604203833,0.05424168694944969,0.5,0.4201999160420383,-0.4201999160420383,robust_return<=0; median_irr<=hurdle,False
231,PCAR,126.2,-0.13580012084858026,-0.11727683107019399,-0.3009531531075482,-0.007693668146384849,0.0,0.12,0.75,0.3009531531075482,0.4209531531075482,0.3009531531075482,0.4209531531075482,17.216687430364416,45.434112904925364,78.88664738050102,17.216687430364416,78.88664738050102,False,,-0.6399832574887055,0.43776,1.0,0.1634969424805817,0.6287,-0.23727683107019398,0.43776,valid,,,reinvestment_cap_hit,,False,ok,False,,PACCAR Inc,Industrials,Industrial - Machinery,general_dcf,66417322100.0,0.6287,0.07973302626910145,,0.08566643521174484,-0.005933408942643395,0.11531679288096988,0.09676767973448273,0.027683097680262003,1.7603018998872213,0.0,0.0025729235493343605,cyclical_revenue,8.0,2025.0,ttm,2026-04-29,2026-07-17,True,,,,0.3009531531075482,0.08174847124029085,0.375,0.4209531531075482,-0.4209531531075482,robust_return<=0; median_irr<=hurdle,False
232,PH,953.21,-0.2148500379587858,-0.20780196074410917,-0.3010558868671069,-0.1427403434798179,0.0,0.12,1.0,0.3010558868671069,0.4210558868671069,0.3010558868671069,0.4210558868671069,121.39269265970171,204.78760276448435,287.1491411901546,121.39269265970171,287.1491411901546,False,,-0.7851600352865745,0.7868,1.0,0.08555377169364449,0.7913,-0.32780196074410917,0.7868,valid,,,,,False,ok,False,,Parker-Hannifin Corporation,Industrials,Industrial - Machinery,general_dcf,120186806859.0,0.7913,0.14533454152170117,0.15501181968334055,0.09705790427464724,0.04827663724705393,0.16818159133227,0.2086778747718715,0.047938934794694577,1.7152416341472099,0.00778615492950538,-0.0060610466495389925,,8.0,2025.0,ttm,2026-04-30,2026-07-17,True,,,,0.3010558868671069,0.042776885846822245,0.5,0.4210558868671069,-0.4210558868671069,robust_return<=0; median_irr<=hurdle,False
233,COO,71.71,-0.16840068265883015,-0.1515775468898937,-0.30290679054451175,-0.06754084631102156,0.0,0.12,1.0,0.30290679054451175,0.42290679054451175,0.30290679054451175,0.42290679054451175,8.883107173628218,18.950363898900648,31.300818193611253,8.883107173628218,31.300818193611253,False,,-0.7357361051610564,0.62811,1.0,0.1288396721167451,0.2599,-0.27157754688989366,0.62811,valid,,,reinvestment_cap_hit,,False,ok,False,,"The Cooper Companies, Inc.",Healthcare,Medical - Instruments & Supplies,general_dcf,13985673010.0,0.2599,0.035931474516320165,0.052212610579211796,0.08130795920217623,-0.04537648468585607,0.16301111144007413,0.11767625442974079,0.07094746791504969,2.6301835486063903,0.0,-0.006412596201342491,incremental_roic_below_wacc,8.0,2025.0,ttm,2026-06-05,2026-07-17,True,,,,0.30290679054451175,0.06441983605837255,0.5,0.42290679054451175,-0.42290679054451175,robust_return<=0; median_irr<=hurdle,False
234,ECL,272.83,-0.16614920207648534,-0.1491043927249847,-0.30401808950555276,-0.06236993335041914,0.0,0.12,0.75,0.30401808950555276,0.42401808950555275,0.30401808950555276,0.42401808950555275,35.15386997627261,84.28282080028683,132.4568919706968,35.15386997627261,132.4568919706968,False,,-0.6910793505102562,0.7571,1.0,0.1281110780775668,0.7765,-0.2691043927249847,0.7571,valid,,,,,False,ok,False,,Ecolab Inc.,Basic Materials,Chemicals - Specialty,general_dcf,76784729540.0,0.7765,0.12640814610997408,0.3991607246694041,0.08589651934813125,0.040511626761842834,0.14301889947341256,0.17494210535912913,0.013225117332945624,2.4447146291016826,0.008494390965848319,-0.003384318101478545,,8.0,2025.0,ttm,2026-05-07,2026-07-17,True,,,,0.30401808950555276,0.0640555390387834,0.375,0.42401808950555275,-0.42401808950555275,robust_return<=0; median_irr<=hurdle,False
235,MPWR,1312.0,-0.23711140438826983,-0.22985922727020802,-0.3067151084131182,-0.182012054599545,0.0,0.12,1.0,0.3067151084131182,0.4267151084131182,0.3067151084131182,0.4267151084131182,140.33016018999777,219.68673768697204,286.2455011172986,140.33016018999777,286.2455011172986,False,,-0.8325558401776127,0.58518,1.0,0.07479612690678661,0.9457,-0.349859227270208,0.58518,valid,,,base_growth_cap_hit,,False,ok,False,,"Monolithic Power Systems, Inc.",Technology,Semiconductors,general_dcf,64458560000.0,0.9457,0.30815612094581896,0.23276839249069248,0.131,0.17715612094581895,0.2308215064033451,0.2708842138724219,0.2508627848368101,-1.5948560369295812,0.08221036839839391,0.006056684480668428,heavy_sbc;cyclical_revenue,8.0,2025.0,ttm,2026-05-04,2026-07-17,True,,,,0.3067151084131182,0.037398063453393304,0.5,0.4267151084131182,-0.4267151084131182,robust_return<=0; median_irr<=hurdle,False
236,CTVA,87.3,-0.11255261358455752,-0.09610440171672963,-0.3095927980379201,0.05159114713314923,0.0,0.12,0.75,0.3095927980379201,0.4295927980379201,0.3095927980379201,0.4295927980379201,12.957447726620762,41.467953545574446,79.71659816101906,12.957447726620762,79.71659816101906,False,,-0.5249948047471427,0.58338,1.0,0.19309057258553466,0.2784,-0.21610440171672962,0.58338,valid,,,forward_roic_cap_hit,,False,ok,False,,"Corteva, Inc.",Basic Materials,Agricultural Inputs,general_dcf,58387986000.0,0.2784,0.09266578347916789,4.51371823474996,0.07208946302840592,0.020576320450761965,0.09729096702649447,0.16261389680809435,0.028568710822397314,0.2949185509360564,0.0,-0.023989335881232088,peak_cycle_margins,8.0,2025.0,ttm,2026-05-06,2026-07-17,True,,,,0.3095927980379201,0.09654528629276733,0.375,0.4295927980379201,-0.4295927980379201,robust_return<=0; median_irr<=hurdle,False
237,CASY,859.12,-0.18072035102213704,-0.16801149154416634,-0.3124033384417999,-0.07445508255841556,0.0,0.12,1.0,0.3124033384417999,0.4324033384417999,0.3124033384417999,0.4324033384417999,113.01878538072928,250.31190947609656,407.61237015477917,113.01878538072928,407.61237015477917,False,,-0.7086415058710116,0.6225,0.95,0.13179912794169218,0.7838,-0.28801149154416633,0.591375,valid,,,,,False,ok,False,,"Casey's General Stores, Inc.",Consumer Cyclical,Specialty Retail,general_dcf,31791649688.0,0.7838,0.12526980158853127,0.1604541009740596,0.07554404413828002,0.04972575745025125,0.04542217167062353,0.05886060333005317,0.09417408999463706,1.6055944433023392,0.0029943104212629412,-0.002122010404048913,cyclical_revenue,8.0,2026.0,ttm,2026-06-22,2026-07-17,True,,,,0.3124033384417999,0.06589956397084609,0.5,0.4324033384417999,-0.4324033384417999,robust_return<=0; median_irr<=hurdle,False
238,SBUX,105.49,-0.22028237544291182,-0.21910571262123987,-0.3128311317937914,-0.13008694473537616,0.0,0.12,1.0,0.3128311317937914,0.4328311317937914,0.3128311317937914,0.4328311317937914,11.178929764678793,14.230678756999476,29.162721547252183,11.178929764678793,29.162721547252183,False,,-0.865099262896962,0.5695920000000001,0.85,0.10878433352920762,0.8655,-0.3391057126212399,0.48415320000000006,valid,,,forward_roic_floor_hit;reinvestment_cap_hit,,False,ok,False,,Starbucks Corporation,Consumer Cyclical,Restaurants,general_dcf,120226953000.0,0.8655,0.19546857847923407,-0.297353315146048,0.0860508337984072,0.10941774468082688,0.1516728793480779,0.09283008665042675,0.060062777447075,2.8402573506402473,0.008522177564254952,-0.0044217674909690086,incremental_roic_below_wacc,8.0,2025.0,ttm,2026-04-28,2026-07-17,True,,,,0.3128311317937914,0.05439216676460381,0.5,0.4328311317937914,-0.4328311317937914,robust_return<=0; median_irr<=hurdle,False
239,CHRW,208.5,-0.18609682005189823,-0.1763802340487018,-0.31299446275806986,-0.07863234935211946,0.0,0.12,1.0,0.31299446275806986,0.43299446275806985,0.31299446275806986,0.43299446275806985,25.910558379165916,59.66628397747119,95.12251278920004,25.910558379165916,95.12251278920004,False,,-0.7138307722903061,0.5706,1.0,0.1300630567029752,0.8863,-0.2963802340487018,0.5706,valid,,,,,False,ok,False,,"C.H. Robinson Worldwide, Inc.",Industrials,Integrated Freight & Logistics,general_dcf,24576529257.0,0.8863,0.20038066020268494,,0.0885815677763068,0.11179909242637814,0.04790639549170544,0.049002784561993716,-0.0034578874655647462,1.657495573897493,0.0047723672769624925,-0.016362753358798665,cyclical_revenue,8.0,2025.0,ttm,2026-05-01,2026-07-17,True,,,,0.31299446275806986,0.0650315283514876,0.5,0.43299446275806985,-0.43299446275806985,robust_return<=0; median_irr<=hurdle,False
240,TFC,52.5,-0.07881396806871166,-0.03236217409316233,-0.3141563436226831,0.0636248195341611,0.0,0.12,0.25,0.3141563436226831,0.43415634362268307,0.3141563436226831,0.43415634362268307,7.966818691210216,44.53725932595362,71.46635268957225,7.966818691210216,71.46635268957225,False,,-0.15167125093421674,0.6,0.8,0.20689058157842208,0.1788798595105208,-0.15236217409316233,0.48,valid,,,specialist_model_v1,,False,specialist,False,,Truist Financial Corporation,Financial Services,Banks - Regional,bank,65408700000.0,,,,,,,,,,,,,,,,,2026-07-17,True,1245880000.0,0.875,Justified P/B residual-income proxy; no regulatory-capital or reserve-detail model,0.3141563436226831,0.10344529078921104,0.125,0.43415634362268307,-0.43415634362268307,robust_return<=0; median_irr<=hurdle,False
241,TER,322.36,-0.25539614615081524,-0.2533965869908571,-0.3148314117817791,-0.1999599988397676,0.0,0.12,1.0,0.3148314117817791,0.4348314117817791,0.3148314117817791,0.4348314117817791,24.119368762500702,37.64428589681765,53.87350722523183,24.119368762500702,53.87350722523183,False,,-0.8832228381411539,0.45402120000000007,1.0,0.07381507047100574,0.9442,-0.3733965869908571,0.45402120000000007,valid,,,base_growth_cap_hit;forward_roic_floor_hit;reinvestment_cap_hit,,False,ok,False,,"Teradyne, Inc.",Technology,Semiconductors,general_dcf,50462931342.81001,0.9442,0.29898942004408796,-0.32082571804789234,0.13247007262987445,0.1665193474142135,0.23338936981766334,0.26915040991983286,0.0614891194634577,-0.14207587002415828,0.0,-0.024346695038381383,cyclical_revenue;incremental_roic_below_wacc,8.0,2025.0,ttm,2026-05-01,2026-07-17,True,,,,0.3148314117817791,0.03690753523550287,0.5,0.4348314117817791,-0.4348314117817791,robust_return<=0; median_irr<=hurdle,False
242,TMO,532.48,-0.19907455365428176,-0.19226645178423496,-0.3163447330385679,-0.09542057801008919,0.0,0.12,1.0,0.3163447330385679,0.4363447330385679,0.3163447330385679,0.4363447330385679,59.75768514096511,93.717720565145,191.03969468781034,59.75768514096511,191.03969468781034,False,,-0.8239976702126934,0.5543640000000001,1.0,0.12383115751423936,0.6345,-0.31226645178423496,0.5543640000000001,valid,,,forward_roic_floor_hit;reinvestment_cap_hit,,False,ok,False,,Thermo Fisher Scientific Inc.,Healthcare,Medical - Diagnostics & Research,general_dcf,197880750080.0,0.6345,0.07863792258696717,-0.1729233713142559,0.08273137382006848,-0.004093451233101314,0.18034227974651323,0.17755603248003185,0.09010006871566945,3.6826319675156887,0.006957536583176228,-0.018091838162383578,elevated_leverage;incremental_roic_below_wacc,8.0,2025.0,ttm,2026-05-01,2026-07-17,True,,,,0.3163447330385679,0.06191557875711968,0.5,0.4363447330385679,-0.4363447330385679,robust_return<=0; median_irr<=hurdle,False
243,DHR,203.83,-0.20249109763608425,-0.19778811237047186,-0.31653878905344757,-0.09784937674994579,0.0,0.12,1.0,0.31653878905344757,0.43653878905344756,0.31653878905344757,0.43653878905344756,25.593910150841378,39.43275722746271,76.39224639173753,25.593910150841378,76.39224639173753,False,,-0.8065409545824329,0.491832,1.0,0.12458974615175089,0.4746,-0.3177881123704719,0.491832,valid,,,forward_roic_floor_hit;reinvestment_cap_hit,,False,ok,False,,Danaher Corporation,Healthcare,Medical - Diagnostics & Research,general_dcf,144264886901.0,0.4746,0.06604086454626092,-5.032108954031949,0.08255381132579329,-0.01651294677953237,0.2131120096631041,0.20954072160787796,0.053583813771420186,1.6877475574333245,0.012129599478997069,-0.011852493859673685,cyclical_revenue;incremental_roic_below_wacc,8.0,2025.0,ttm,2026-04-21,2026-07-17,True,,,,0.31653878905344757,0.062294873075875445,0.5,0.43653878905344756,-0.43653878905344756,robust_return<=0; median_irr<=hurdle,False
244,DVA,236.97,-0.10822181808325697,-0.07280443917261435,-0.31666543465107694,0.029387040663277762,0.0,0.12,0.75,0.31666543465107694,0.43666543465107693,0.31666543465107694,0.43666543465107693,26.226895132133407,107.52176227232441,180.94985918022732,26.226895132133407,180.94985918022732,False,,-0.5462642432699312,0.8733,0.7,0.18582723765717735,0.7845,-0.19280443917261436,0.6113099999999999,valid,,,,,False,ok,False,,DaVita Inc.,Healthcare,Medical - Care Facilities,general_dcf,15209919450.0,0.7845,0.11645443881875096,0.1227338483621266,0.07857489645983207,0.0378795423589189,0.14550525066336295,0.14737263294644334,0.025929444209832786,5.234091218406119,0.009256477701629148,-0.027658629253879186,elevated_leverage;thin_interest_coverage,8.0,2025.0,annual,2026-02-11,2026-07-17,True,,,,0.31666543465107694,0.09291361882858867,0.375,0.43666543465107693,-0.43666543465107693,robust_return<=0; median_irr<=hurdle,False
245,ROK,461.85,-0.21437768045434497,-0.2051106373502989,-0.3180582407934708,-0.12923120632331117,0.0,0.12,1.0,0.3180582407934708,0.4380582407934708,0.3180582407934708,0.4380582407934708,49.036137567587325,98.88672764924631,145.90181422810215,49.036137567587325,145.90181422810215,False,,-0.7858899477119274,0.67932,1.0,0.1040339172350798,0.8322,-0.3251106373502989,0.67932,valid,,,forward_roic_cap_hit,,False,ok,False,,"Rockwell Automation, Inc.",Industrials,Industrial - Machinery,general_dcf,51391896900.0,0.8322,0.19645237799480172,0.804075570656804,0.11724328658166729,0.07920909141313444,0.17226625135061094,0.19082235347569287,0.03261237098756298,1.81187624750499,0.010189403020858308,-0.011850827048212609,,8.0,2025.0,ttm,2026-05-05,2026-07-17,True,,,,0.3180582407934708,0.0520169586175399,0.5,0.4380582407934708,-0.4380582407934708,robust_return<=0; median_irr<=hurdle,False
246,JBHT,291.41,-0.24831312867390803,-0.24920878103584979,-0.3182851423378451,-0.17654981028608743,0.0,0.12,1.0,0.3182851423378451,0.4382851423378451,0.3182851423378451,0.4382851423378451,31.800624824962934,32.86752242823939,57.56335630754751,31.800624824962934,57.56335630754751,False,,-0.8872120983211305,0.561087,0.85,0.08853505602587884,0.7494,-0.36920878103584975,0.47692395,valid,,,forward_roic_floor_hit;reinvestment_cap_hit,,False,ok,False,,"J.B. Hunt Transport Services, Inc.",Industrials,Integrated Freight & Logistics,general_dcf,27479729871.999996,0.7494,0.12078253144568227,-0.11504860955793367,0.10606645171550876,0.014716079730173512,0.07823289501812905,0.07209451445342216,0.0484726000390483,1.1844847688457287,0.005979867149991966,-0.024627258565295684,incremental_roic_below_wacc,8.0,2025.0,annual,2026-02-24,2026-07-17,True,,,,0.3182851423378451,0.04426752801293942,0.5,0.4382851423378451,-0.4382851423378451,robust_return<=0; median_irr<=hurdle,False
247,GNRC,214.91,-0.20110027509617792,-0.19733376933145333,-0.3217999344095006,-0.08793362731230445,0.0,0.12,1.0,0.3217999344095006,0.4417999344095006,0.3217999344095006,0.4417999344095006,19.53320475486166,28.97780442402637,63.74385656151786,19.53320475486166,63.74385656151786,False,,-0.8651630709412016,0.40815900000000005,1.0,0.13468838354859808,0.5485,-0.3173337693314533,0.40815900000000005,valid,,,forward_roic_floor_hit;reinvestment_cap_hit,,False,ok,False,,Generac Holdings Inc.,Industrials,Industrial - Machinery,general_dcf,12651468234.0,0.5485,0.06778591412929326,-1.435172989305175,0.13145629557226007,-0.06367038144296681,0.1468885095320479,0.07462201174142605,0.11030592847427156,2.006299384658548,0.011866299751469835,-0.028904621280608445,thin_interest_coverage;cyclical_revenue;incremental_roic_below_wacc,8.0,2025.0,ttm,2026-05-05,2026-07-17,True,,,,0.3217999344095006,0.06734419177429904,0.5,0.4417999344095006,-0.4417999344095006,robust_return<=0; median_irr<=hurdle,False
248,BNY,157.13,-0.21393427951299973,-0.19410877087212075,-0.32778658560920193,-0.1397329906985555,0.0,0.12,1.0,0.32778658560920193,0.4477865856092019,0.32778658560920193,0.4477865856092019,21.567260527481483,53.412297142343405,74.03301765720705,21.567260527481483,74.03301765720705,False,,-0.6600757516556774,0.6,0.8,0.11202679745532321,0.4037882974777303,-0.31410877087212075,0.48,valid,,,specialist_model_v1,,False,specialist,False,,Bank of New York Mellon Corp,Financial Services,Investment - Banking & Investment Services,bank,107850739341.0,,,,,,,,,,,,,,,,,2026-07-17,True,686379045.0009546,1.058,Justified P/B residual-income proxy; no regulatory-capital or reserve-detail model,0.32778658560920193,0.056013398727661604,0.5,0.4477865856092019,-0.4477865856092019,robust_return<=0; median_irr<=hurdle,False
249,NSC,340.16,-0.236585110292799,-0.23582314391678655,-0.32843563569185785,-0.14625851764576503,0.0,0.12,1.0,0.32843563569185785,0.44843563569185785,0.32843563569185785,0.44843563569185785,30.52480922940879,30.52480922940879,73.1498680403924,32.76625766894669,73.1498680403924,True,"growth destroys value: forward ROIC 2.0% at/below WACC 9.7%, so higher-growth scenarios reinvest below the cost of capital and are worth less than the bear case",-0.9102633783237042,0.6024780000000001,1.0,0.10301421902304642,0.712,-0.35582314391678654,0.6024780000000001,valid,,,forward_roic_floor_hit;reinvestment_cap_hit,,False,ok,False,,Norfolk Southern Corporation,Industrials,Railroads,general_dcf,76397895380.0,0.712,0.09824994931150086,-0.0692751831503375,0.09747201486505039,0.0007779344464504678,0.3450790239831443,0.3239228559704555,0.008767797689063883,2.947998503554059,0.0,-0.015077809221265337,thin_interest_coverage;incremental_roic_below_wacc,8.0,2025.0,ttm,2026-04-24,2026-07-17,True,,,,0.32843563569185785,0.05150710951152321,0.5,0.44843563569185785,-0.44843563569185785,robust_return<=0; median_irr<=hurdle,False
250,NOW,103.24,-0.1955145180814725,-0.175321304082172,-0.3292726614658023,-0.10214280269574372,0.0,0.12,1.0,0.3292726614658023,0.4492726614658023,0.3292726614658023,0.4492726614658023,10.139290618814877,26.324707036602618,39.54149314282243,10.139290618814877,39.54149314282243,False,,-0.7450144610945116,0.61713,1.0,0.1250510293850293,0.3565,-0.295321304082172,0.61713,valid,,,reinvestment_cap_hit,,False,ok,False,,"ServiceNow, Inc.",Technology,Software - Application,general_dcf,106472237920.0,0.3565,0.17134313197529602,0.17653142927074073,0.09247125426403635,0.07887187771125967,0.04650028597992858,0.13438395415472779,0.26169854473332754,-1.0143805309734513,0.15895848506919155,0.007222139677373729,heavy_sbc;peak_cycle_margins,8.0,2025.0,ttm,2026-04-23,2026-07-17,True,,,,0.3292726614658023,0.06252551469251465,0.5,0.4492726614658023,-0.4492726614658023,robust_return<=0; median_irr<=hurdle,False
251,C,129.36,-0.1631098300493684,-0.13135736720567315,-0.33033712547413985,-0.059387460311987494,0.0,0.12,0.75,0.33033712547413985,0.45033712547413984,0.33033712547413985,0.45033712547413984,17.421322505928142,63.974324668559824,95.24755319059301,17.421322505928142,95.24755319059301,False,,-0.5054551277940644,0.6,0.8,0.15347483258107616,0.27231741165201934,-0.25135736720567314,0.48,valid,,,specialist_model_v1,,False,specialist,False,,Citigroup Inc.,Financial Services,Banks - Diversified,bank,221840749226.6473,,,,,,,,,,,,,,,,,2026-07-17,True,1714909935.2709284,1.094,Justified P/B residual-income proxy; no regulatory-capital or reserve-detail model,0.33033712547413985,0.07673741629053808,0.375,0.45033712547413984,-0.45033712547413984,robust_return<=0; median_irr<=hurdle,False
252,NWSA,28.43,-0.19165650914073923,-0.17472836570814249,-0.33130954534281054,-0.08585975980386135,0.0,0.12,1.0,0.33130954534281054,0.45130954534281054,0.33130954534281054,0.45130954534281054,3.534850481411464,8.415177588398807,11.950275530088815,3.534850481411464,11.950275530088815,False,,-0.7040036022371154,0.4968000000000001,0.7,0.1468208927694746,0.2107,-0.2947283657081425,0.34776,valid,,,reinvestment_cap_hit,,False,ok,False,,News Corporation,Communication Services,Entertainment,general_dcf,15958665547.000002,0.2107,0.06930110598314645,,0.08273158683704825,-0.013430480853901791,0.07525118018893645,0.11310932323710364,-0.009311320802890988,0.3795053003533569,0.0,-0.012879660099238022,peak_cycle_margins,8.0,2025.0,annual,2025-08-06,2026-07-17,True,,,,0.33130954534281054,0.0734104463847373,0.5,0.45130954534281054,-0.45130954534281054,robust_return<=0; median_irr<=hurdle,False
253,ZBRA,267.4,-0.2110848262953368,-0.20557849451433866,-0.33652343556314,-0.09665888058952986,0.0,0.12,1.0,0.33652343556314,0.45652343556314,0.33652343556314,0.45652343556314,25.353613049089265,28.124750228249038,74.26921151382784,25.353613049089265,74.26921151382784,False,,-0.894821427717842,0.524151,1.0,0.13420774748680508,0.5296,-0.3255784945143386,0.524151,valid,,,forward_roic_floor_hit;reinvestment_cap_hit,,False,ok,False,,Zebra Technologies Corporation,Technology,Communication Equipment,general_dcf,12737171160.0,0.5296,0.11102056464296949,-0.061870115414357205,0.11617165760276305,-0.00515109295979356,0.14730794126744565,0.14382948235715565,0.03581159084964791,2.7268195413758725,0.0178678980124473,-0.012240574462547227,thin_interest_coverage;incremental_roic_below_wacc,8.0,2025.0,ttm,2026-05-12,2026-07-17,True,,,,0.33652343556314,0.06710387374340254,0.5,0.45652343556314,-0.45652343556314,robust_return<=0; median_irr<=hurdle,False
254,FIX,1674.06,-0.25732277724719094,-0.2528036718838848,-0.3380827770308314,-0.18560098819016274,0.0,0.12,1.0,0.3380827770308314,0.4580827770308314,0.3380827770308314,0.4580827770308314,163.81025573445945,275.4142533222891,389.38826324073665,163.81025573445945,389.38826324073665,False,,-0.8354812531675752,0.540918,0.85,0.09451335442033433,0.8776,-0.3728036718838848,0.4597803,valid,,,base_growth_cap_hit;forward_roic_cap_hit,,False,ok,False,,"Comfort Systems USA, Inc.",Industrials,Engineering & Construction,general_dcf,58930929744.0,0.8776,0.6113593876091934,0.8890094250228319,0.12803614484563688,0.48332324276355654,0.06778238600945254,0.15692207148859272,0.22626488254906207,-0.46347231489451685,0.002396161307614748,-0.007406437133725352,peak_cycle_margins,8.0,2025.0,ttm,2026-04-23,2026-07-17,True,,,,0.3380827770308314,0.047256677210167165,0.5,0.4580827770308314,-0.4580827770308314,robust_return<=0; median_irr<=hurdle,False
255,TECH,72.12,-0.2740722942922729,-0.2742246662150137,-0.33921814620262,-0.2086216985364444,0.0,0.12,1.0,0.33921814620262,0.45921814620261997,0.33921814620262,0.45921814620261997,7.108136398179776,7.992273533223087,12.610588491029338,7.108136398179776,12.610588491029338,False,,-0.8891808994284098,0.5386500000000001,1.0,0.07913872383308777,0.5567,-0.3942246662150137,0.5386500000000001,valid,,,forward_roic_floor_hit;reinvestment_cap_hit,,False,ok,False,,Bio-Techne Corporation,Healthcare,Biotechnology,general_dcf,11291756280.0,0.5567,0.061430211697803015,-0.2604211226685503,0.10850621281614177,-0.047076001118338755,0.21244651555028604,0.12698431051584433,0.09576559931916306,0.3168374113970632,0.03347968859535845,-0.014786527152423234,incremental_roic_below_wacc,8.0,2025.0,ttm,2026-05-06,2026-07-17,True,,,,0.33921814620262,0.03956936191654389,0.5,0.45921814620261997,-0.45921814620261997,robust_return<=0; median_irr<=hurdle,False
256,KR,58.82,-0.14766363231901775,-0.11293279592646283,-0.3419968939328101,-0.022792043490335312,0.0,0.12,0.75,0.3419968939328101,0.46199689393281007,0.3419968939328101,0.46199689393281007,5.702787521976322,22.92999729811275,36.28622326045289,5.702787521976322,36.28622326045289,False,,-0.6101666559314392,0.71073,1.0,0.16828052522123738,0.6865,-0.23293279592646282,0.71073,valid,,,share_change_floor_hit,,False,ok,False,,The Kroger Co.,Consumer Defensive,Grocery Stores,general_dcf,36035913127.0,0.6865,0.05638680073292233,,0.06880504029909751,-0.01241823956617518,0.021216851165038214,0.013286689764203304,0.027805735425239453,3.627437203583348,0.0011463686108278514,-0.054241539698790975,elevated_leverage;thin_interest_coverage,8.0,2025.0,ttm,2026-06-26,2026-07-17,True,,,,0.3419968939328101,0.08414026261061869,0.375,0.46199689393281007,-0.46199689393281007,robust_return<=0; median_irr<=hurdle,False
257,IBKR,90.53,-0.27465429963931787,-0.2635417330605436,-0.34228431608888266,-0.22924941634730156,0.0,0.12,1.0,0.34228431608888266,0.46228431608888265,0.34228431608888266,0.46228431608888265,11.142522283578803,19.612512274231594,24.62418309427144,11.142522283578803,24.62418309427144,False,,-0.7833589718962599,0.6,0.8,0.07451744987079054,0.5681333491486806,-0.3835417330605436,0.48,valid,,,specialist_model_v1,,False,specialist,False,,"Interactive Brokers Group, Inc.",Financial Services,Investment - Banking & Investment Services,bank,155700612193.0,,,,,,,,,,,,,,,,,2026-07-17,True,1719878628.0017674,1.329,Justified P/B residual-income proxy; no regulatory-capital or reserve-detail model,0.34228431608888266,0.03725872493539527,0.5,0.46228431608888265,-0.46228431608888265,robust_return<=0; median_irr<=hurdle,False
258,TPR,141.46,-0.17071471925737566,-0.15633417100762015,-0.3442858565424103,-0.025904678471852065,0.0,0.12,0.75,0.3442858565424103,0.4642858565424103,0.3442858565424103,0.4642858565424103,11.974609101130083,40.69882974245664,75.61970298567208,11.974609101130083,75.61970298567208,False,,-0.7122944313413218,0.5829300000000001,1.0,0.1717026890352791,0.7288,-0.27633417100762014,0.5829300000000001,valid,,,share_change_floor_hit,,False,ok,False,,"Tapestry, Inc.",Consumer Cyclical,Luxury Goods,general_dcf,28581285700.0,0.7288,0.20571353778161833,,0.10947315575090043,0.0962403820307179,0.15222930660687622,0.1131859173587405,0.02544414133287609,2.678614994839073,0.012452394197441055,-0.08296010729535341,,8.0,2025.0,ttm,2026-05-07,2026-07-17,True,,,,0.3442858565424103,0.08585134451763955,0.375,0.4642858565424103,-0.4642858565424103,robust_return<=0; median_irr<=hurdle,False
259,TRMB,52.72,-0.22622068557684538,-0.2038256103987805,-0.34804807204636745,-0.14918344946345308,0.0,0.12,1.0,0.34804807204636745,0.46804807204636745,0.34804807204636745,0.46804807204636745,5.182306185245049,12.027606999793434,12.18157023648711,5.182306185245049,12.18157023648711,False,,-0.7718587443134781,0.6400800000000001,1.0,0.11022991129145718,0.2532,-0.3238256103987805,0.6400800000000001,valid,,,reinvestment_cap_hit,,False,ok,False,,Trimble Inc.,Technology,"Hardware, Equipment & Parts",general_dcf,12289639282.0,0.2532,0.08334873016012517,0.021094141713031075,0.10822355122961748,-0.024874821069492306,0.12922263775761822,0.17818586231215755,0.020681196117285916,1.3828015016424213,0.04083851364536002,-0.018042740614959585,incremental_roic_below_wacc,8.0,2025.0,ttm,2026-05-06,2026-07-17,True,,,,0.34804807204636745,0.05511495564572859,0.5,0.46804807204636745,-0.46804807204636745,robust_return<=0; median_irr<=hurdle,False
260,KEYS,315.9,-0.24309848997982042,-0.23412024001590903,-0.350311624367896,-0.15384185551956764,0.0,0.12,1.0,0.350311624367896,0.470311624367896,0.350311624367896,0.470311624367896,19.80309622017644,47.712244637143165,80.2695548876787,19.80309622017644,80.2695548876787,False,,-0.8489640878849536,0.5422140000000001,1.0,0.11196846442416417,0.6292,-0.354120240015909,0.5422140000000001,valid,,,forward_roic_floor_hit;reinvestment_cap_hit,,False,ok,False,,"Keysight Technologies, Inc.",Technology,"Hardware, Equipment & Parts",general_dcf,53985846751.0,0.6292,0.13645567318738172,-0.033775434415324726,0.10346004776098412,0.0329956254263976,0.1788043833986215,0.1816688567674113,0.047738618867254834,0.2689922480620155,0.027515565374573208,-0.016762942620847432,incremental_roic_below_wacc,8.0,2025.0,ttm,2026-06-04,2026-07-17,True,,,,0.350311624367896,0.05598423221208208,0.5,0.470311624367896,-0.470311624367896,robust_return<=0; median_irr<=hurdle,False
261,BKR,55.95,-0.1700677497108699,-0.1506226860918104,-0.35682976450771087,-0.022195862152148006,0.0,0.12,0.75,0.35682976450771087,0.47682976450771086,0.35682976450771087,0.47682976450771086,5.927167283028205,18.22135939867718,33.87620761351852,5.927167283028205,33.87620761351852,False,,-0.6743278034195321,0.6023,0.7,0.18824795117778143,0.3627,-0.2706226860918104,0.42160999999999993,valid,,,,,False,ok,False,,Baker Hughes Company,Energy,Oil & Gas Equipment & Services,general_dcf,55506260550.0,0.3627,0.10998239939111407,0.44018987341772153,0.08732243271452764,0.02265996667658643,0.07661628186406616,0.12825875311001333,0.027880293666787903,0.46111696522655427,0.0073197995168211155,0.002358499301831074,peak_cycle_margins,8.0,2025.0,annual,2026-02-05,2026-07-17,True,,,,0.35682976450771087,0.09412397558889071,0.375,0.47682976450771086,-0.47682976450771086,robust_return<=0; median_irr<=hurdle,False
262,ADI,375.36,-0.22125787336954086,-0.21412920408038183,-0.3583246209935169,-0.09844846432388288,0.0,0.12,1.0,0.3583246209935169,0.4783246209935169,0.3583246209935169,0.4783246209935169,33.6635010419962,67.42037975200816,132.86682996737548,33.6635010419962,132.86682996737548,False,,-0.8203847513000635,0.42543000000000003,1.0,0.14717517833481703,0.4345,-0.3341292040803818,0.42543000000000003,valid,,,reinvestment_cap_hit,,False,ok,False,,"Analog Devices, Inc.",Technology,Semiconductors,general_dcf,182832991334.0,0.4345,0.09556764162858658,,0.10261222027521884,-0.007044578646632257,0.27015266265536875,0.32495151368586017,0.08501578301136647,0.8593589859528546,0.027867362344766295,-0.021297307348000838,cyclical_revenue,8.0,2025.0,ttm,2026-05-20,2026-07-17,True,,,,0.3583246209935169,0.07358758916740851,0.5,0.4783246209935169,-0.4783246209935169,robust_return<=0; median_irr<=hurdle,False
263,AMZN,247.23,-0.24311342521978074,-0.22872327514487548,-0.3634816631820286,-0.15152548740734342,0.0,0.12,1.0,0.3634816631820286,0.4834816631820286,0.3634816631820286,0.4834816631820286,19.532110031128244,43.563072093132654,67.25818715466166,19.532110031128244,67.25818715466166,False,,-0.8237953642635091,0.6507,0.85,0.12095708788734261,0.6548,-0.34872327514487544,0.5530949999999999,valid,,,,,False,ok,False,,"Amazon.com, Inc.",Consumer Cyclical,Specialty Retail,general_dcf,2659477833000.0,0.6548,0.14521036249502256,0.1686968132723965,0.11370531388013543,0.031505048614887135,0.05632443944936712,0.11500371579049404,0.17425150285834046,0.42858059424743844,0.03450221722712588,0.02192554537473068,peak_cycle_margins,8.0,2025.0,ttm,2026-04-30,2026-07-17,True,,,,0.3634816631820286,0.060478543943671303,0.5,0.4834816631820286,-0.4834816631820286,robust_return<=0; median_irr<=hurdle,False
264,EMR,139.54,-0.25033314144457103,-0.23300875620625439,-0.36639950035023505,-0.1689155530155403,0.0,0.12,1.0,0.36639950035023505,0.48639950035023505,0.36639950035023505,0.48639950035023505,10.771391136499632,23.191747050643887,30.040170504850817,10.771391136499632,30.040170504850817,False,,-0.8337985735226896,0.7361,1.0,0.10665897366734739,0.7259,-0.3530087562062544,0.7361,valid,,,,,False,ok,False,,Emerson Electric Co.,Industrials,Industrial - Machinery,general_dcf,78156354000.0,0.7259,0.08967687613346981,0.07087532184363748,0.09865194864369056,-0.008975072510220755,0.16970042527951743,0.19955230399650578,0.00491638614415546,2.3891702376314763,0.014863937800137205,-0.017100800193298404,incremental_roic_below_wacc,8.0,2025.0,ttm,2026-05-05,2026-07-17,True,,,,0.36639950035023505,0.053329486833673695,0.5,0.48639950035023505,-0.48639950035023505,robust_return<=0; median_irr<=hurdle,False
265,LH,283.36,-0.16654548380538475,-0.14412108711258043,-0.3697383166276269,-0.008201444368751224,0.0,0.12,0.75,0.3697383166276269,0.4897383166276269,0.3697383166276269,0.4897383166276269,23.81272660335037,69.837409014273,171.6207576002399,23.81272660335037,171.6207576002399,False,,-0.7535382234109507,0.5068980000000001,1.0,0.19556149612943785,0.451,-0.2641210871125804,0.5068980000000001,valid,,,forward_roic_floor_hit;reinvestment_cap_hit,,False,ok,False,,Labcorp Holdings Inc.,Healthcare,Medical - Diagnostics & Research,general_dcf,23235520000.0,0.451,0.07847412560497373,-7.794511381847969,0.07834720579432833,0.00012691981064540114,0.11604691500812825,0.11031376818766703,0.030137680570719194,2.7845989590284264,0.009016822322727696,-0.03271819414794375,incremental_roic_below_wacc,8.0,2025.0,ttm,2026-05-04,2026-07-17,True,,,,0.3697383166276269,0.09778074806471893,0.375,0.4897383166276269,-0.4897383166276269,robust_return<=0; median_irr<=hurdle,False
266,KEY,23.55,-0.11716083141436306,-0.06527935979521227,-0.37190609409537223,0.033821488028344504,0.0,0.12,0.25,0.37190609409537223,0.4919060940953722,0.37190609409537223,0.4919060940953722,2.30204500494423,16.803512570431433,27.81113320915014,2.30204500494423,27.81113320915014,False,,-0.28647505008783725,0.6,0.8,0.22086379106185836,0.13699784466463635,-0.18527935979521226,0.48,valid,,,specialist_model_v1,,False,specialist,False,,KeyCorp,Financial Services,Banks - Regional,bank,25419163500.0,,,,,,,,,,,,,,,,,2026-07-17,True,1079370000.0,1.024,Justified P/B residual-income proxy; no regulatory-capital or reserve-detail model,0.37190609409537223,0.11043189553092918,0.125,0.4919060940953722,-0.4919060940953722,robust_return<=0; median_irr<=hurdle,False
267,DELL,396.34,-0.21558154650119826,-0.20159295252233272,-0.374615167468437,-0.08452511349169069,0.0,0.12,1.0,0.374615167468437,0.494615167468437,0.374615167468437,0.494615167468437,31.736347612450842,95.76755830960708,168.9259257147338,31.736347612450842,168.9259257147338,False,,-0.758370191478006,0.5747399999999999,1.0,0.15780282698837317,0.6976,-0.3215929525223327,0.5747399999999999,valid,,,forward_roic_cap_hit,,False,ok,False,,Dell Technologies Inc.,Technology,Computer Hardware,general_dcf,263269218748.42004,0.6976,0.49027977219777913,1.8342847668362352,0.1075157424778724,0.38276402971990675,0.05122543748972912,0.08016298264205012,0.03273164337374879,1.419984047567254,0.008214132493433926,-0.0449276156905386,peak_cycle_margins,8.0,2026.0,ttm,2026-06-09,2026-07-17,True,,,,0.374615167468437,0.07890141349418658,0.5,0.494615167468437,-0.494615167468437,robust_return<=0; median_irr<=hurdle,False
268,RTX,193.51,-0.1841698914366134,-0.1607797796488739,-0.37498985517886474,-0.040130151269840986,0.0,0.12,0.75,0.37498985517886474,0.49498985517886473,0.37498985517886474,0.49498985517886473,16.748497877609744,54.93741310012293,110.06156563707947,16.748497877609744,110.06156563707947,False,,-0.7161003922271565,0.55917,1.0,0.1806547519545119,0.448,-0.2807797796488739,0.55917,valid,,,reinvestment_cap_hit,,False,ok,False,,RTX Corporation,Industrials,Aerospace & Defense,general_dcf,260596046800.0,0.448,0.08096890432951227,,0.06771626821125873,0.013252636118253544,0.0815182999861138,0.10866077257587996,0.1432943634046051,2.259056059646902,0.006166569936157864,-0.027987325139707364,,8.0,2025.0,ttm,2026-04-21,2026-07-17,True,,,,0.37498985517886474,0.09032737597725594,0.375,0.49498985517886473,-0.49498985517886473,robust_return<=0; median_irr<=hurdle,False
269,FTV,61.78,-0.20750488794437835,-0.17833987661870193,-0.37871545091038555,-0.09462434762972405,0.0,0.12,1.0,0.37871545091038555,0.49871545091038555,0.37871545091038555,0.49871545091038555,4.771045423888148,15.992252151815965,22.793991278133227,4.771045423888148,22.793991278133227,False,,-0.7411419204950476,0.5740200000000001,1.0,0.15482495164033075,0.5398,-0.2983398766187019,0.5740200000000001,valid,,,reinvestment_cap_hit,,False,ok,False,,Fortive Corporation,Technology,Industrial - Machinery,general_dcf,18834313877.0,0.5398,0.07854780003766418,,0.08775241305686196,-0.009204613019197783,0.17465117318383777,0.177297479880387,-0.03190008590079263,2.4938310912998487,0.018680032314972055,-0.0464720994483494,,8.0,2025.0,ttm,2026-04-30,2026-07-17,True,,,,0.37871545091038555,0.07741247582016537,0.5,0.49871545091038555,-0.49871545091038555,robust_return<=0; median_irr<=hurdle,False
270,AVGO,370.83,-0.2658831737702713,-0.2520360720038298,-0.3822131189430366,-0.1772474321303889,0.0,0.12,1.0,0.3822131189430366,0.5022131189430366,0.3822131189430366,0.5022131189430366,25.30026050538018,62.4313650213473,98.79402956747776,25.30026050538018,98.79402956747776,False,,-0.8316442439356382,0.4887540000000001,1.0,0.11782022340632385,0.6457,-0.3720360720038298,0.4887540000000001,valid,,,base_growth_cap_hit;reinvestment_cap_hit,,False,ok,False,,Broadcom Inc.,Technology,Semiconductors,general_dcf,1764253391400.0,0.6457,0.2229863879070467,0.1979041101217094,0.11632366378061952,0.10666272412642717,0.2856942347434634,0.4365599946995296,0.17348704517829217,1.0858794186771548,0.11131577926862372,0.048514505916566586,heavy_sbc;ongoing_dilution;peak_cycle_margins,8.0,2025.0,ttm,2026-06-09,2026-07-17,True,,,,0.3822131189430366,0.058910111703161926,0.5,0.5022131189430366,-0.5022131189430366,robust_return<=0; median_irr<=hurdle,False
271,VMC,288.33,-0.21095290070697956,-0.18329020972014404,-0.396946394063707,-0.08028478932392316,0.0,0.12,1.0,0.396946394063707,0.516946394063707,0.396946394063707,0.516946394063707,20.214639736662466,70.22261900953637,117.45609412486196,20.214639736662466,117.45609412486196,False,,-0.7564505288747742,0.6618,1.0,0.16847680236989193,0.3302,-0.30329020972014403,0.6618,valid,,,,,False,ok,False,,Vulcan Materials Company,Basic Materials,Construction Materials,general_dcf,37412259150.0,0.3302,0.09769614388186953,0.1569505195752272,0.09433516875372414,0.0033609751281453992,0.18273980107251592,0.20621795110564806,0.0884530894949942,2.0664354656750095,0.007954316256555063,-0.004166104781237356,thin_interest_coverage,8.0,2025.0,ttm,2026-04-29,2026-07-17,True,,,,0.396946394063707,0.08423840118494597,0.5,0.516946394063707,-0.516946394063707,robust_return<=0; median_irr<=hurdle,False
272,FLEX,119.25,-0.29352625026294843,-0.286402775516035,-0.39980945723073086,-0.2014899927889928,0.0,0.12,1.0,0.39980945723073086,0.5198094572307308,0.39980945723073086,0.5198094572307308,7.8302769382708775,17.479263361480555,27.50162123416313,7.8302769382708775,27.50162123416313,False,,-0.8534233680378989,0.61524,1.0,0.11070253222086904,0.6746,-0.406402775516035,0.61524,valid,,,share_change_floor_hit,,False,ok,False,,Flex Ltd.,Technology,"Hardware, Equipment & Parts",general_dcf,43691954315.0,0.6746,0.16864668870927016,0.4429837451465646,0.11992984084960187,0.04871684785966829,0.034318220210944134,0.05130042272694705,0.009033296901042487,0.9846704138988247,0.005087053091638604,-0.06801295495152604,,8.0,2026.0,ttm,2026-05-20,2026-07-17,True,,,,0.39980945723073086,0.05535126611043452,0.5,0.5198094572307308,-0.5198094572307308,robust_return<=0; median_irr<=hurdle,False
273,ON,87.37,-0.2882943438278744,-0.284218622156186,-0.40675291256629864,-0.17798721843282692,0.0,0.12,1.0,0.40675291256629864,0.5267529125662986,0.40675291256629864,0.5267529125662986,5.178719515004777,7.146604222315921,15.518263871336295,5.178719515004777,15.518263871336295,False,,-0.9182029961964527,0.417312,1.0,0.13186348706673587,0.4362,-0.404218622156186,0.417312,valid,,,forward_roic_floor_hit;reinvestment_cap_hit,,False,ok,False,,ON Semiconductor Corporation,Technology,Semiconductors,general_dcf,34003180820.0,0.4362,0.07147640398640859,-0.20507036683135024,0.1384553981040959,-0.06697899411768732,0.16852792331505653,0.10842817087250536,0.0028218172896363747,0.41240850947397223,0.01467345207803223,-0.04197201773083803,cyclical_revenue;incremental_roic_below_wacc,8.0,2025.0,ttm,2026-05-04,2026-07-17,True,,,,0.40675291256629864,0.06593174353336793,0.5,0.5267529125662986,-0.5267529125662986,robust_return<=0; median_irr<=hurdle,False
274,CAT,880.28,-0.2638146563864211,-0.24371524761736502,-0.4204410393307626,-0.1473870909801917,0.0,0.12,1.0,0.4204410393307626,0.5404410393307626,0.4204410393307626,0.5404410393307626,38.9485078552553,128.90509956451015,227.80818596922362,38.9485078552553,227.80818596922362,False,,-0.8535635257366858,0.6387,1.0,0.14736597417528544,0.7069,-0.363715247617365,0.6387,valid,,,,,False,ok,False,,Caterpillar Inc.,Industrials,Agricultural - Machinery,general_dcf,405489538360.0,0.7069,0.1585949719709314,0.35038510576386805,0.11640199874222062,0.04219297322871077,0.15281852143765806,0.16558547099144938,0.030628169211895928,2.778735836955747,0.0034408801246740423,-0.04236798600512226,,8.0,2025.0,ttm,2026-05-06,2026-07-17,True,,,,0.4204410393307626,0.07368298708764272,0.5,0.5404410393307626,-0.5404410393307626,robust_return<=0; median_irr<=hurdle,False
275,MLM,562.59,-0.2169342730017888,-0.18440494756941914,-0.42092115183768325,-0.07800604503063367,0.0,0.12,1.0,0.42092115183768325,0.5409211518376833,0.42092115183768325,0.5409211518376833,29.63648102254476,126.48879990313057,224.51471553236337,29.63648102254476,224.51471553236337,False,,-0.7751669956751266,0.6427,1.0,0.1821765534035248,0.3595,-0.30440494756941916,0.6427,valid,,,,,False,ok,False,,"Martin Marietta Materials, Inc.",Basic Materials,Construction Materials,general_dcf,33781222881.000004,0.3595,0.07207327114833631,0.12745319670657848,0.09310762119129401,-0.0210343500429577,0.20423619418469918,0.22737677399664277,0.06380605907772896,2.5303738317757007,0.007377895824110963,-0.01132783532441528,,8.0,2025.0,ttm,2026-04-30,2026-07-17,True,,,,0.42092115183768325,0.0910882767017624,0.5,0.5409211518376833,-0.5409211518376833,robust_return<=0; median_irr<=hurdle,False
276,HPE,45.82,-0.2303288584400434,-0.20103083055000745,-0.4231614220771008,-0.09609235058305785,0.0,0.12,1.0,0.4231614220771008,0.5431614220771008,0.4231614220771008,0.5431614220771008,-2.1343770742433885,6.354779990435563,15.361209622399304,-2.1343770742433885,15.361209622399304,False,,-0.8613099085457101,0.569268,1.0,0.1764564957470215,0.254,-0.3210308305500075,0.569268,valid,,,forward_roic_floor_hit;reinvestment_cap_hit,,False,ok,False,,Hewlett Packard Enterprise Company,Technology,Computer Hardware,general_dcf,60675003505.53208,0.254,0.05594724336905397,-0.03986654875793874,0.10107408060486364,-0.04512683723580967,0.07724874801730915,0.06595159091493685,0.015120249641591421,2.71465033180194,0.014704366647198269,0.027000182898342162,incremental_roic_below_wacc,8.0,2025.0,ttm,2026-06-02,2026-07-17,True,,,,0.4231614220771008,0.08822824787351075,0.5,0.5431614220771008,-0.5431614220771008,robust_return<=0; median_irr<=hurdle,False
277,PWR,628.53,-0.30185537466768436,-0.28645321124131445,-0.4303062268772918,-0.20420884931081668,0.0,0.12,1.0,0.4303062268772918,0.5503062268772918,0.4303062268772918,0.5503062268772918,25.27625468526958,61.77013506468232,112.83844889633419,25.27625468526958,112.83844889633419,False,,-0.9017228532215131,0.60327,1.0,0.12495058878323756,0.2837,-0.40645321124131445,0.60327,valid,,,reinvestment_cap_hit,,False,ok,False,,"Quanta Services, Inc.",Industrials,Engineering & Construction,general_dcf,94317211800.0,0.2837,0.08654623463711195,0.11935196509498437,0.10243349157215537,-0.01588725693504342,0.05513084108909788,0.05758286076370985,0.1423022663027309,2.2092779171710735,0.006358607000145103,0.009137471473922076,,8.0,2025.0,ttm,2026-04-30,2026-07-17,True,,,,0.4303062268772918,0.06247529439161878,0.5,0.5503062268772918,-0.5503062268772918,robust_return<=0; median_irr<=hurdle,False
278,DIS,97.67,-0.11484667004842772,-0.061168625735444924,-0.4349425558873917,0.09789312716457066,0.0,0.12,0.25,0.4349425558873917,0.5549425558873917,0.4349425558873917,0.5549425558873917,4.894907365986095,43.54989428527534,91.8545096166068,4.894907365986095,91.8545096166068,False,,-0.55411186356839,0.6222,1.0,0.2777518415259812,0.4227,-0.18116862573544493,0.6222,valid,,,,,False,ok,False,,The Walt Disney Company,Communication Services,Entertainment,general_dcf,169605070782.0,0.4227,0.07240391744062347,0.42600419020964775,0.10054649180694619,-0.028142574366322726,0.11577769258226561,0.14303486423408696,0.06837008516307796,2.152797148613048,0.014434736563410114,-0.010137078334304772,,8.0,2025.0,ttm,2026-05-06,2026-07-17,True,,,,0.4349425558873917,0.1388759207629906,0.125,0.5549425558873917,-0.5549425558873917,robust_return<=0; median_irr<=hurdle,False
279,ADM,85.9,-0.18041220691302437,-0.1377715176611673,-0.4458029497385722,-0.00030284259119068256,0.0,0.12,0.75,0.4458029497385722,0.5658029497385721,0.4458029497385722,0.5658029497385721,4.201488270058305,26.506179015545758,57.994277540509486,4.201488270058305,57.994277540509486,False,,-0.6914298135559283,0.47934,1.0,0.23836985357369075,0.4412,-0.2577715176611673,0.47934,valid,,,reinvestment_cap_hit,,False,ok,False,,Archer-Daniels-Midland Company,Consumer Defensive,Agricultural Farm Products,general_dcf,41400065669.0,0.4412,0.03150652178244641,,0.07518424078438443,-0.04367771900193802,0.029387294404086977,0.01519737984765402,0.03210258008547795,4.159618573797678,0.0010340230973352104,-0.04914931813618828,elevated_leverage;thin_interest_coverage,8.0,2025.0,ttm,2026-05-05,2026-07-17,True,,,,0.4458029497385722,0.11918492678684538,0.375,0.5658029497385721,-0.5658029497385721,robust_return<=0; median_irr<=hurdle,False
280,CIEN,374.41,-0.36192505996150437,-0.3534769175937982,-0.4533603786709136,-0.2873860259875073,0.0,0.12,1.0,0.4533603786709136,0.5733603786709136,0.4533603786709136,0.5733603786709136,8.843873457033,22.793008240473302,38.337245993138154,8.843873457033,38.337245993138154,False,,-0.9391228646658121,0.4945050000000001,1.0,0.09815202634170316,0.4832,-0.4734769175937982,0.4945050000000001,valid,,,forward_roic_floor_hit;reinvestment_cap_hit,,False,ok,False,,Ciena Corporation,Technology,Communication Equipment,general_dcf,52998829526.0,0.4832,0.15063105331717072,-0.18621580215313555,0.10742311274322773,0.04320794057394299,0.08102395252304644,0.11184507510122729,0.06376260613059448,0.46823469621751607,0.038688484994361054,-0.01304564321384205,incremental_roic_below_wacc,8.0,2025.0,ttm,2026-06-04,2026-07-17,True,,,,0.4533603786709136,0.04907601317085158,0.5,0.5733603786709136,-0.5733603786709136,robust_return<=0; median_irr<=hurdle,False
281,BALL,62.71,-0.1896036297199316,-0.13675875880871896,-0.45971309879096217,-0.025183902471326264,0.0,0.12,0.75,0.45971309879096217,0.5797130987909622,0.45971309879096217,0.5797130987909622,2.607552418359462,17.55922350752092,32.7791155930879,2.607552418359462,32.7791155930879,False,,-0.7199932465711861,0.533223,1.0,0.23126790815981796,0.6476,-0.25675875880871896,0.533223,valid,,,share_change_floor_hit;reinvestment_cap_hit,,False,ok,False,,Ball Corporation,Consumer Cyclical,Packaging & Containers,general_dcf,16696318705.0,0.6476,0.07962489247493586,,0.08657607152311694,-0.006951179048181086,0.08794729929249331,0.09168865435356201,0.017786620061432057,3.7603613177470776,0.0,-0.0580970780100033,elevated_leverage;thin_interest_coverage,8.0,2025.0,ttm,2026-05-05,2026-07-17,True,,,,0.45971309879096217,0.11563395407990898,0.375,0.5797130987909622,-0.5797130987909622,robust_return<=0; median_irr<=hurdle,False
282,DD,135.29,-0.284055611993972,-0.23911553829384496,-0.5100854487274775,-0.1479059226607205,0.0,0.12,1.0,0.5100854487274775,0.6300854487274775,0.5100854487274775,0.6300854487274775,4.248569207116746,27.552666246517745,33.74597107912194,4.248569207116746,33.74597107912194,False,,-0.7963436599414757,0.43011000000000005,0.85,0.2026864630333785,0.4309,-0.35911553829384496,0.3655935,valid,,,base_growth_floor_hit;share_change_floor_hit;reinvestment_cap_hit,,False,ok,False,,"DuPont de Nemours, Inc.",Basic Materials,Chemicals - Specialty,general_dcf,18266774761.0,0.4309,0.03700941347828496,,0.09377579164383044,-0.056766378165545486,0.1422084324504564,0.12556577602569718,-0.15676675554909192,1.617120106171201,0.0,-0.05668318057452093,thin_interest_coverage;cyclical_revenue,8.0,2025.0,annual,2026-02-17,2026-07-17,True,,,,0.5100854487274775,0.10134323151668925,0.5,0.6300854487274775,-0.6300854487274775,robust_return<=0; median_irr<=hurdle,False
283,MAR,366.24,-0.20484152640201497,-0.1519525532130501,-0.5128787384543102,-0.0025822607276495264,0.0,0.12,0.75,0.5128787384543102,0.6328787384543102,0.5128787384543102,0.6328787384543102,8.611602160683868,105.22028341763169,228.62167282031908,8.611602160683868,228.62167282031908,False,,-0.7127012794407173,0.38296800000000003,1.0,0.27365919886333034,0.891,-0.2719525532130501,0.38296800000000003,valid,,,forward_roic_cap_hit;share_change_floor_hit,,False,ok,False,,"Marriott International, Inc.",Consumer Cyclical,Travel Lodging,general_dcf,96573321288.0,0.891,0.2635376211998751,1.12170246356831,0.09276207206049228,0.17077554913938284,0.13818482151354172,0.16017609210971892,0.033741498293627714,3.4723473986071283,0.009012449400442985,-0.06139649755319576,elevated_leverage;cyclical_revenue,8.0,2025.0,ttm,2026-05-06,2026-07-17,True,,,,0.5128787384543102,0.13682959943166517,0.375,0.6328787384543102,-0.6328787384543102,robust_return<=0; median_irr<=hurdle,False
284,EL,82.13,-0.2920901882142061,-0.25907840984291397,-0.516942583967466,-0.1332613492035306,0.0,0.12,1.0,0.516942583967466,0.636942583967466,0.516942583967466,0.636942583967466,1.0198904308241283,5.704994238161517,20.030130395317315,1.0198904308241283,20.030130395317315,False,,-0.9305370237652317,0.5350860000000001,0.7,0.21478803738196767,0.628,-0.37907840984291397,0.3745602,valid,,,forward_roic_floor_hit;reinvestment_cap_hit,,False,ok,False,,The Estée Lauder Companies Inc.,Consumer Defensive,Household & Personal Products,general_dcf,29704338347.0,0.628,0.06670641833661942,-1.0127790412849715,0.09728025568196974,-0.030573837345350324,0.12251618571963457,0.06704927211646136,0.006199974731573077,3.6474538332400672,0.0,-0.0044041308425162295,elevated_leverage;thin_interest_coverage;incremental_roic_below_wacc,8.0,2025.0,annual,2025-08-20,2026-07-17,True,,,,0.516942583967466,0.10739401869098383,0.5,0.636942583967466,-0.636942583967466,robust_return<=0; median_irr<=hurdle,False
285,WAB,262.08,-0.21594976223495901,-0.1570160317816771,-0.5536413424822967,0.0038743571058148796,0.0,0.12,0.75,0.5536413424822967,0.6736413424822967,0.5536413424822967,0.6736413424822967,5.286942906278181,73.8262682686883,172.33391694833466,5.286942906278181,172.33391694833466,False,,-0.7183063634436497,0.4611,1.0,0.29492484979405575,0.5122,-0.2770160317816771,0.4611,valid,,,,,False,ok,False,,Westinghouse Air Brake Technologies Corporation,Industrials,Railroads,general_dcf,44469038840.0,0.5122,0.07956794814663004,0.3547289909129661,0.0860515206721173,-0.006483572525487258,0.11644795394000608,0.16103241505170765,0.143668657691588,3.158259149357072,0.006354096466737268,-0.02256974795321809,elevated_leverage;cyclical_revenue,8.0,2025.0,ttm,2026-04-22,2026-07-17,True,,,,0.5536413424822967,0.14746242489702788,0.375,0.6736413424822967,-0.6736413424822967,robust_return<=0; median_irr<=hurdle,False
286,GLW,154.61,-0.3950633632593962,-0.3539467051508836,-0.6221165296446997,-0.2502435130911181,0.0,0.12,1.0,0.6221165296446997,0.7421165296446997,0.6221165296446997,0.7421165296446997,1.6065061876918119,9.057017715818104,19.913679008936374,1.6065061876918119,19.913679008936374,False,,-0.9414202333884089,0.49050000000000005,1.0,0.20122150827679078,0.2121,-0.4739467051508836,0.49050000000000005,valid,,,reinvestment_cap_hit,,False,ok,False,,Corning Inc,Technology,"Hardware, Equipment & Parts",general_dcf,133063241180.0,0.2121,0.10397779129905689,0.06963985974859185,0.09652149829921504,0.0074562929998418515,0.10744085629756046,0.1531156179155689,0.0475547969063439,1.8583934088568486,0.01829931537526393,0.002247259151031855,incremental_roic_below_wacc,8.0,2025.0,ttm,2026-05-01,2026-07-17,True,,,,0.6221165296446997,0.10061075413839539,0.5,0.7421165296446997,-0.7421165296446997,robust_return<=0; median_irr<=hurdle,False
287,HLT,321.32,-0.26256601270542884,-0.19578782242315357,-0.6362139821998423,-0.022474423775565786,0.0,0.12,0.75,0.6362139821998423,0.7562139821998423,0.6362139821998423,0.7562139821998423,-8.511799385776849,70.23677587309993,183.01188406214243,-8.511799385776849,183.01188406214243,False,,-0.7814117519198931,0.42399000000000003,1.0,0.32415007921213823,0.8425,-0.31578782242315356,0.42399000000000003,valid,,,share_change_floor_hit,,False,ok,False,,Hilton Worldwide Holdings Inc.,Consumer Cyclical,Travel Lodging,general_dcf,73147855360.0,0.8425,0.3095148652999893,0.6733492050774321,0.08977770563744648,0.2197371596625428,0.19370316505405474,0.23084439377900823,0.044001453671123514,4.196693657219973,0.01575085018793628,-0.057381254969486206,elevated_leverage;thin_interest_coverage;cyclical_revenue,8.0,2025.0,ttm,2026-04-28,2026-07-17,True,,,,0.6362139821998423,0.16207503960606912,0.375,0.7562139821998423,-0.7562139821998423,robust_return<=0; median_irr<=hurdle,False
288,WDC,477.22,-0.4753653565049717,-0.4622774502473475,-0.6478305323809763,-0.3290759931442153,0.0,0.12,1.0,0.6478305323809763,0.7678305323809763,0.6478305323809763,0.7678305323809763,8.497388647631414,23.408218390059158,52.39567337098176,8.497388647631414,52.39567337098176,False,,-0.9509487900966868,0.37602,1.0,0.1780966696183805,0.475,-0.5822774502473476,0.37602,valid,,,wacc_cap_hit,,False,ok,False,,Western Digital Corporation,Technology,Computer Hardware,general_dcf,164489144040.0,0.475,0.35459195087079776,,0.14,0.21459195087079774,0.04605611369385074,0.3078033455039484,-0.10470002969905501,-0.37948332079257585,0.04669938261833149,0.05966092682862967,ongoing_dilution;cyclical_revenue;peak_cycle_margins,8.0,2025.0,ttm,2026-04-30,2026-07-17,True,,,,0.6478305323809763,0.08904833480919025,0.5,0.7678305323809763,-0.7678305323809763,robust_return<=0; median_irr<=hurdle,False
289,VRT,289.56,-0.44043501492160436,-0.40693291493516887,-0.647927671422076,-0.29994655839400375,0.0,0.12,1.0,0.647927671422076,0.767927671422076,0.647927671422076,0.767927671422076,2.697968679450918,14.76757360859578,30.363298750241636,2.697968679450918,30.363298750241636,False,,-0.9489999530025011,0.502281,0.7,0.19792212651403612,0.43,-0.5269329149351689,0.3515967,valid,,,forward_roic_cap_hit;wacc_cap_hit,,False,ok,False,,Vertiv Holdings Co,Industrials,Electrical Equipment & Parts,general_dcf,111222548761.0,0.43,0.2552732521708003,0.8519918106941591,0.14,0.11527325217080031,0.06545753986066255,0.18543680778893246,0.13234812422476638,0.790080738177624,0.004318630020719439,0.010835786410082093,peak_cycle_margins,8.0,2025.0,annual,2026-02-13,2026-07-17,True,,,,0.647927671422076,0.09896106325701806,0.5,0.767927671422076,-0.767927671422076,robust_return<=0; median_irr<=hurdle,False
290,HAL,35.22,-0.09414267953543459,0.023128019901923855,-0.6726842346019113,0.2498574766563252,0.25,0.12,0.25,0.6726842346019113,0.7926842346019113,0.6726842346019113,0.7926842346019113,0.5209010779819034,27.765641365076416,70.7891286166263,0.5209010779819034,70.7891286166263,False,,-0.21165129571049357,0.4753,1.0,0.47701185562911824,0.469,-0.09687198009807614,0.4753,valid,,,,,False,ok,False,,Halliburton Company,Energy,Oil & Gas Equipment & Services,general_dcf,29422708227.0,0.469,0.11644098717542561,0.14439759535311975,0.07436546277367503,0.04207552440175058,0.11024930210138989,0.11313094862194957,-0.011147990725109747,1.6597487711632988,0.0,-0.02600056690526298,cyclical_revenue,8.0,2025.0,ttm,2026-04-24,2026-07-17,True,,,,0.6726842346019113,0.23850592781455912,0.125,0.7926842346019113,-0.7926842346019113,robust_return<=0; median_irr<=hurdle,False
291,PRU,119.07,-0.15907398994340652,-0.019259233231226802,-0.7003533549627482,0.10257586165157573,0.0,0.12,0.25,0.7003533549627482,0.8203533549627482,0.7003533549627482,0.8203533549627482,0.2876401133734529,108.03724334669015,194.01922053776295,0.2876401133734529,194.01922053776295,False,,-0.0926577362333908,0.6,0.8,0.419464608307162,0.002662416260015256,-0.1392592332312268,0.48,valid,,,specialist_model_v1,,False,specialist,False,,"Prudential Financial, Inc.",Financial Services,Insurance - Life,insurance,41356000490.0,,,,,,,,,,,,,,,,,2026-07-17,True,347325106.9958848,0.84,Justified P/B residual-income proxy; no regulatory-capital or reserve-detail model,0.7003533549627482,0.209732304153581,0.125,0.8203533549627482,-0.8203533549627482,robust_return<=0; median_irr<=hurdle,False
292,DLTR,125.94,-0.20683820231424754,-0.09938209200045091,-0.7133561752358217,0.08476754997973329,0.0,0.12,0.75,0.7133561752358217,0.8333561752358217,0.7133561752358217,0.8333561752358217,-2.0086096006531555,54.61207122651113,130.8028238296617,-2.0086096006531555,130.8028238296617,False,,-0.5663643701245742,0.48924,1.0,0.41438466260777757,0.6594,-0.2193820920004509,0.48924,valid,,,base_growth_floor_hit,,False,ok,False,,"Dollar Tree, Inc.",Consumer Defensive,Discount Stores,general_dcf,24202519500.0,0.6594,0.12719708134444005,,0.07040300488676093,0.056794076457679116,0.07816983415618828,0.08544706019374212,-0.022863270003800173,2.6073874658537552,0.005762435120462902,-0.04140513713567551,cyclical_revenue,8.0,2025.0,ttm,2026-05-28,2026-07-17,True,,,,0.7133561752358217,0.20719233130388878,0.375,0.8333561752358217,-0.8333561752358217,robust_return<=0; median_irr<=hurdle,False
293,UAL,115.41,0.0033043609088054815,0.1629582535475493,-0.95,0.6373009365401232,0.75,0.12,0.25,0.95,1.0699999999999998,0.95,1.0699999999999998,-56.34779074686344,151.334709557227,794.9193575793516,-56.34779074686344,794.9193575793516,False,,0.3112790014489819,0.4087,1.0,0.8113894682700615,0.4885,0.04295825354754931,0.4087,valid,,,,,False,ok,True,bear,"United Airlines Holdings, Inc.",Industrials,"Airlines, Airports & Air Services",general_dcf,37458623700.0,0.4885,0.11139724115697172,0.5465351348676303,0.08828682217884336,0.023110418978128364,0.07828532791915829,0.0774856125401418,0.05244136817293299,2.3960326392796847,0.0,-0.003546847796669028,thin_interest_coverage;cyclical_revenue,8.0,2025.0,ttm,2026-07-16,2026-07-17,True,,,,0.95,0.40569473413503077,0.125,1.0699999999999998,-1.0524429617751165,robust_return<=0,False
294,LVS,45.36,-0.041479074454400605,0.13743169887457052,-0.95,0.5092203044332565,0.75,0.12,0.25,0.95,1.0699999999999998,0.95,1.0699999999999998,-10.85641701889713,57.00593755006068,246.36613717638792,-10.85641701889713,246.36613717638792,False,,0.25674465498370114,0.4431,1.0,0.7463171522166283,0.6899,0.017431698874570523,0.4431,valid,,,,,False,ok,True,bear,Las Vegas Sands Corp.,Consumer Cyclical,"Gambling, Resorts & Casinos",general_dcf,30057229062.0,0.6899,0.21912608503751654,,0.07520784369970744,0.14391824133780912,0.22266116299469607,0.24636098981077148,-0.007578875588428513,2.5083991094920055,0.004242190512919399,-0.04234358866962151,thin_interest_coverage;cyclical_revenue,8.0,2025.0,ttm,2026-04-24,2026-07-17,True,,,,0.95,0.37315857610831416,0.125,1.0699999999999998,-1.0622760142286776,robust_return<=0,False
295,DAL,84.17,-0.044025469280313645,0.10394128141924741,-0.95,0.5660155600402506,0.25,0.12,0.25,0.95,1.0699999999999998,0.95,1.0699999999999998,-40.704954471086786,87.19991388974162,512.5944206380025,-40.704954471086786,512.5944206380025,False,,0.03599755126222659,0.3979,1.0,0.7760707800201253,0.4841,-0.016058718580752585,0.3979,valid,,,,,False,ok,True,bear,"Delta Air Lines, Inc.",Industrials,"Airlines, Airports & Air Services",general_dcf,55352127910.0,0.4841,0.11347644226181147,0.2925212432198165,0.09300735334257158,0.02046908891923989,0.09349638415522864,0.08077672177720503,0.05199235309385486,2.2694814814814817,0.0,0.008252049186159294,cyclical_revenue,8.0,2025.0,ttm,2026-07-10,2026-07-17,True,,,,0.95,0.38803539001006265,0.125,1.0699999999999998,-1.0699999999999998,robust_return<=0; median_irr<=hurdle,False
296,PEG,78.64,-0.15350894617149605,0.041419107024557915,-0.95,0.2531260012648999,0.25,0.12,0.25,0.95,1.0699999999999998,0.95,1.0699999999999998,1.2488768886702117,68.74549842253542,165.93697328135246,1.2488768886702117,165.93697328135246,False,,-0.12582021334517524,0.5913,1.0,0.6138240006324499,0.3381,-0.07858089297544207,0.5913,valid,,,,,False,ok,True,bear,Public Service Enterprise Group Incorporated,Utilities,Regulated Electric,general_dcf,39187995053.0,0.3381,0.08395750519997351,0.4178713766367468,0.07256437651625892,0.011393128683714587,0.23252653674492513,0.25465061747694234,0.0329742925901062,3.7970342910101946,0.0,-0.0006657791581933248,elevated_leverage;thin_interest_coverage,8.0,2025.0,ttm,2026-05-05,2026-07-17,True,,,,0.95,0.30691200031622495,0.125,1.0699999999999998,-1.0699999999999998,robust_return<=0; median_irr<=hurdle,False
297,ZBH,91.12,-0.15572453615895937,0.03409745692042636,-0.95,0.2589069415233098,0.25,0.12,0.25,0.95,1.0699999999999998,0.95,1.0699999999999998,-2.1161938349355935,77.58174144697881,198.93184976540456,-2.1161938349355935,198.93184976540456,False,,-0.14857614742121594,0.51129,1.0,0.6191147707616549,0.2145,-0.08590254307957364,0.51129,valid,,,forward_roic_cap_hit,,False,ok,True,bear,"Zimmer Biomet Holdings, Inc.",Healthcare,Medical - Devices,general_dcf,17628257440.0,0.2145,0.058761228839764416,1.620416730156763,0.06541666946294908,-0.006655440623184662,0.13425669510777075,0.15605527279646103,0.005292468669956474,2.909856712226948,0.013153439429062589,-0.02353247349355425,thin_interest_coverage,8.0,2025.0,ttm,2026-05-01,2026-07-17,True,,,,0.95,0.30955738538082744,0.125,1.0699999999999998,-1.0699999999999998,robust_return<=0; median_irr<=hurdle,False
298,NRG,129.11,-0.1832891105877934,-0.05461300374008711,-0.95,0.3260695651290007,0.25,0.12,0.25,0.95,1.0699999999999998,0.95,1.0699999999999998,-64.41637240930565,47.70216346746956,365.9985346520104,-64.41637240930565,365.9985346520104,False,,-0.6305308382970369,0.35802,1.0,0.6572941825645003,0.5741,-0.1746130037400871,0.35802,valid,,,reinvestment_cap_hit,,False,ok,True,bear,"NRG Energy, Inc.",Utilities,Independent Power Producers,general_dcf,27240463142.0,0.5741,0.030341420498202175,,0.08749027065579187,-0.0571488501575897,0.09488985175466122,0.030004934007647713,0.18287155276652345,8.986995515695067,0.0036260220405261285,-0.041224096277523326,elevated_leverage;thin_interest_coverage;cyclical_revenue,8.0,2025.0,ttm,2026-05-06,2026-07-17,True,,,,0.95,0.32864709128225017,0.125,1.0699999999999998,-1.0699999999999998,robust_return<=0; median_irr<=hurdle,False
299,T,21.81,-0.1910101403307635,0.009931638743728427,-0.95,0.16609616118948908,0.25,0.12,0.25,0.95,1.0699999999999998,0.95,1.0699999999999998,-2.968245691540832,16.718793248620017,34.14630013117689,-2.968245691540832,34.14630013117689,False,,-0.23343451404768378,0.6333,1.0,0.5690490805947446,0.5229,-0.11006836125627156,0.6333,valid,,,,,False,ok,True,bear,AT&T Inc.,Communication Services,Telecommunications Services,general_dcf,151543295400.0,0.5229,0.07543117481009164,,0.06969837114016694,0.005732803669924694,0.17997454287874726,0.19353028578654527,-0.042875319057744776,3.3701964606082084,0.0,-0.02523493375363184,elevated_leverage;thin_interest_coverage,8.0,2025.0,ttm,2026-04-27,2026-07-17,True,,,,0.95,0.2845245402973723,0.125,1.0699999999999998,-1.0699999999999998,robust_return<=0; median_irr<=hurdle,False
300,AIG,80.5,-0.19179518176981575,0.008396522015160945,-0.95,0.16602622889041507,0.25,0.12,0.25,0.95,1.0699999999999998,0.95,1.0699999999999998,0.0,83.93683242285633,173.51518143099116,0.0,173.51518143099116,False,,0.0426935704702649,0.6,0.8,0.5760131144452075,0.0,-0.11160347798483905,0.48,valid,,,specialist_model_v1,,False,specialist,False,,"American International Group, Inc.",Financial Services,Insurance - Diversified,insurance,42681600791.0,,,,,,,,,,,,,,,,,2026-07-17,True,530206221.00621116,0.541,Justified P/B residual-income proxy; no regulatory-capital or reserve-detail model,0.95,0.28800655722260377,0.125,1.0699999999999998,-1.0699999999999998,robust_return<=0; median_irr<=hurdle,False
301,TMUS,192.43,-0.19381481168384196,-0.017746836773585503,-0.95,0.2102344268118032,0.25,0.12,0.25,0.95,1.0699999999999998,0.95,1.0699999999999998,-31.379882319045993,123.81448863325365,347.08189174642933,-31.379882319045993,347.08189174642933,False,,-0.3565738781205964,0.41204700000000005,1.0,0.5977558034059016,0.4858,-0.1377468367735855,0.41204700000000005,valid,,,forward_roic_cap_hit;wacc_floor_hit,,False,ok,True,bear,"T-Mobile US, Inc.",Communication Services,Telecommunications Services,general_dcf,208248653692.0,0.4858,0.08348408532410032,1.990527861070957,0.065,0.018484085324100313,0.12487129857199122,0.20364520048602675,0.10713963255832692,3.507324263734914,0.008490542019908858,-0.04249120632732084,elevated_leverage;thin_interest_coverage;cyclical_revenue;peak_cycle_margins,8.0,2025.0,ttm,2026-04-28,2026-07-17,True,,,,0.95,0.2988779017029508,0.125,1.0699999999999998,-1.0699999999999998,robust_return<=0; median_irr<=hurdle,False
302,HAS,81.55,-0.20024525339104,-0.03336953138932582,-0.95,0.21575804921449165,0.25,0.12,0.25,0.95,1.0699999999999998,0.95,1.0699999999999998,-7.4413370560719185,51.62720740195385,153.78946859918418,-7.4413370560719185,153.78946859918418,False,,-0.3669257216192048,0.5839,0.85,0.5998620246072458,0.7,-0.15336953138932582,0.49631499999999995,valid,,,,,False,ok,True,bear,"Hasbro, Inc.",Consumer Cyclical,Leisure,general_dcf,11538591050.0,0.7,0.2716024684617174,,0.06526120123256421,0.20634126722915316,0.10535031530997216,0.22504413672813903,0.00375236020630787,2.0492150004067353,0.0,0.0031100678704076845,peak_cycle_margins,8.0,2025.0,annual,2026-02-25,2026-07-17,True,,,,0.95,0.2999310123036229,0.125,1.0699999999999998,-1.0699999999999998,robust_return<=0; median_irr<=hurdle,False
303,LYV,180.22,-0.20676337687473278,-0.2005619339237455,-0.95,0.5240703603485599,0.25,0.12,0.75,0.95,1.0699999999999998,0.95,1.0699999999999998,-16.84620206440961,42.23430252407737,922.7727192095509,-16.84620206440961,922.7727192095509,False,,-0.7656514120293121,0.4205,1.0,0.7544201801742799,0.5312,-0.3205619339237455,0.4205,valid,,,,,False,ok,True,bear,"Live Nation Entertainment, Inc.",Communication Services,Entertainment,general_dcf,41939500636.0,0.5312,0.742449845013421,0.38241129362642984,0.08938346256273771,0.6530663824506833,0.031868649483831786,0.05452177346853182,0.12886419341228894,0.717585798478136,0.005102410566569146,0.0012136706823184795,thin_interest_coverage;cyclical_revenue;peak_cycle_margins,8.0,2025.0,ttm,2026-05-05,2026-07-17,True,,,,0.95,0.37721009008713996,0.375,1.0699999999999998,-1.0699999999999998,robust_return<=0; median_irr<=hurdle,False
304,KMI,32.3,-0.2926810689561534,-0.12763006815221156,-0.95,0.03453586047980936,0.0,0.12,0.75,0.95,1.0699999999999998,0.95,1.0699999999999998,-2.8696419463820964,11.094858320087129,26.5943262182016,-2.8696419463820964,26.5943262182016,False,,-0.6565059343626276,0.45566999999999996,1.0,0.5085978302399047,0.2768,-0.24763006815221156,0.45566999999999996,valid,,,reinvestment_cap_hit,,False,ok,True,bear,"Kinder Morgan, Inc.",Energy,Oil & Gas Midstream,general_dcf,71861871951.0,0.2768,0.06191373921626637,,0.07051503387373594,-0.008601294657469567,0.28441380746680256,0.2860648253823328,0.024819864010472203,4.270797169181466,0.0,-0.0048954945173924624,elevated_leverage;thin_interest_coverage;cyclical_revenue,8.0,2025.0,ttm,2026-04-24,2026-07-17,True,,,,0.95,0.25429891511995234,0.375,1.0699999999999998,-1.0699999999999998,robust_return<=0; median_irr<=hurdle,False
305,CVS,107.47,-0.3000462722440716,-0.1365191776625579,-0.95,0.02285326634882951,0.0,0.12,0.75,0.95,1.0699999999999998,0.95,1.0699999999999998,-0.5261006684487356,26.85747763603633,81.34446609810541,-0.5261006684487356,81.34446609810541,False,,-0.7500932573179834,0.5256090000000001,0.7,0.5096583631744147,0.5851,-0.2565191776625579,0.36792630000000004,valid,,,forward_roic_floor_hit;reinvestment_cap_hit,,False,ok,True,bear,CVS Health Corp.,Healthcare,Medical - Healthcare Plans,general_dcf,137124197100.0,0.5851,0.0488343256646087,-0.11097765204606212,0.07060707387314394,-0.02177274820853524,0.032120665582538864,0.025829028495250792,0.10924868668053822,5.532386098325662,0.0014484628858208895,-0.013277036450652147,elevated_leverage;thin_interest_coverage;incremental_roic_below_wacc,8.0,2025.0,annual,2026-02-10,2026-07-17,True,,,,0.95,0.25482918158720735,0.375,1.0699999999999998,-1.0699999999999998,robust_return<=0; median_irr<=hurdle,False
306,ALL,249.9,-0.3098920101616047,-0.16842006601829373,-0.95,0.047272091390168525,0.0,0.12,0.75,0.95,1.0699999999999998,0.95,1.0699999999999998,0.0,99.37708703244107,314.82115456119504,0.0,314.82115456119504,False,,-0.6023325849041974,0.6,0.8,0.5166360456950843,0.0,-0.28842006601829373,0.48,valid,,,specialist_model_v1,,False,specialist,False,,The Allstate Corporation,Financial Services,Insurance - Property & Casualty,insurance,64329507900.0,,,,,,,,,,,,,,,,,2026-07-17,True,257421000.0,0.166,Justified P/B residual-income proxy; no regulatory-capital or reserve-detail model,0.95,0.25831802284754213,0.375,1.0699999999999998,-1.0699999999999998,robust_return<=0; median_irr<=hurdle,False
307,SO,95.3,-0.314651527980459,-0.17665952321840456,-0.95,0.04471293451497335,0.0,0.12,0.75,0.95,1.0699999999999998,0.95,1.0699999999999998,-25.539218685093278,26.13767192430814,89.56662637959033,-25.539218685093278,89.56662637959033,False,,-0.7257327185277215,0.5673,1.0,0.5103374672574866,0.3365,-0.29665952321840455,0.5673,valid,,,,,False,ok,True,bear,The Southern Company,Utilities,Regulated Electric,general_dcf,107431690000.0,0.3365,0.054290078300704425,0.16261594866140794,0.07088812625155357,-0.01659804795084914,0.23522993198402714,0.2414993040365878,0.033313976114662136,5.563102476642444,0.004939380332285586,0.014293274404168832,elevated_leverage;thin_interest_coverage,8.0,2025.0,ttm,2026-03-31,2026-07-17,True,,,,0.95,0.2551687336287433,0.375,1.0699999999999998,-1.0699999999999998,robust_return<=0; median_irr<=hurdle,False
308,CAH,228.52,-0.31493410385810416,-0.20092800234851887,-0.95,0.09211958926462105,0.0,0.12,0.75,0.95,1.0699999999999998,0.95,1.0699999999999998,-52.52992251720556,57.8122786860508,253.49136769520527,-52.52992251720556,253.49136769520527,False,,-0.7470143589792981,0.5860350000000001,1.0,0.5334787446323106,0.6438,-0.32092800234851887,0.5860350000000001,valid,,,forward_roic_cap_hit;share_change_floor_hit,,False,ok,True,bear,"Cardinal Health, Inc.",Healthcare,Medical - Distribution,general_dcf,53520755120.0,0.6438,0.8041789047600153,,0.06688438099656632,0.737294523763449,0.0032869369312651603,0.009227735891981208,0.0720014350924516,1.538627935723115,0.0005334461946770006,-0.05426542517926303,peak_cycle_margins,8.0,2025.0,ttm,2026-04-30,2026-07-17,True,,,,0.95,0.2667393723161553,0.375,1.0699999999999998,-1.0699999999999998,robust_return<=0; median_irr<=hurdle,False
309,BDX,158.17,-0.33393143717621565,-0.16694902374001686,-0.95,-0.05182770122482905,0.0,0.12,0.75,0.95,1.0699999999999998,0.95,1.0699999999999998,-1.5066333497444064,48.80899590835888,84.80275649855778,-1.5066333497444064,84.80275649855778,False,,-0.6914143269371,0.6942,1.0,0.45826014938758547,0.4155,-0.28694902374001685,0.6942,valid,,,,,False,ok,True,bear,"Becton, Dickinson and Company",Healthcare,Medical - Instruments & Supplies,general_dcf,57304216124.99999,0.4155,0.05025864617203665,0.07352428393524284,0.0667816305811323,-0.01652298440909565,0.11329093663343556,0.10610812075824948,0.04560530592574796,3.5773576705780097,0.01224105461393597,-0.00786126920640362,elevated_leverage;thin_interest_coverage,8.0,2025.0,ttm,2026-05-07,2026-07-17,True,,,,0.95,0.22913007469379273,0.375,1.0699999999999998,-1.0699999999999998,robust_return<=0; median_irr<=hurdle,False
310,ED,112.37,-0.3456436718210171,-0.19267254461301492,-0.95,-0.04722959805803835,0.0,0.12,0.75,0.95,1.0699999999999998,0.95,1.0699999999999998,-2.974471272063072,17.296388780697562,59.424735629368186,-2.974471272063072,59.424735629368186,False,,-0.8460764547415007,0.6649200000000001,1.0,0.4614376009709808,0.4356,-0.3126725446130149,0.6649200000000001,valid,,,reinvestment_cap_hit,,False,ok,True,bear,"Consolidated Edison, Inc.",Utilities,Regulated Electric,general_dcf,41411682951.0,0.4356,0.047254411350166795,0.01581143566133083,0.07080827302182378,-0.02355386167165699,0.19193011684904407,0.1732791170490851,0.04619218097214417,5.088478915662651,0.0,0.00799290411037279,elevated_leverage;thin_interest_coverage;incremental_roic_below_wacc,8.0,2025.0,ttm,2026-05-07,2026-07-17,True,,,,0.95,0.2307188004854904,0.375,1.0699999999999998,-1.0699999999999998,robust_return<=0; median_irr<=hurdle,False
311,IQV,206.26,-0.354942049512465,-0.2084259741619462,-0.95,-0.05291624972596761,0.0,0.12,0.75,0.95,1.0699999999999998,0.95,1.0699999999999998,-16.483454496952298,36.77581313563613,93.36926938354313,-16.483454496952298,93.36926938354313,False,,-0.8217016719885769,0.6701,1.0,0.45843887513701614,0.3854,-0.3284259741619462,0.6701,valid,,,,,False,ok,True,bear,IQVIA Holdings Inc.,Healthcare,Medical - Diagnostics & Research,general_dcf,34424794000.0,0.3854,0.09353255896292795,0.2088408077754411,0.09438418245192394,-0.0008516234889959923,0.11262374556294646,0.1385882635882636,0.06621720428944555,4.066244239631336,0.014482114255205552,-0.03778616609216234,elevated_leverage;thin_interest_coverage,8.0,2025.0,ttm,2026-05-05,2026-07-17,True,,,,0.95,0.22921943756850807,0.375,1.0699999999999998,-1.0699999999999998,robust_return<=0; median_irr<=hurdle,False
312,J,131.75,-0.35766081588517407,-0.20234829083492512,-0.95,-0.07594668187084608,0.0,0.12,1.0,0.95,1.0699999999999998,0.95,1.0699999999999998,0.6278117040961883,32.310907211577195,60.84094602946552,0.6278117040961883,60.84094602946552,False,,-0.7547559224927727,0.52083,1.0,0.4514017590645769,0.5192,-0.3223482908349251,0.52083,valid,,,base_growth_floor_hit,,False,ok,True,bear,Jacobs Solutions Inc.,Industrials,Engineering & Construction,general_dcf,15557155808.0,0.5192,0.07799016421150091,,0.072392370789651,0.00559779342184992,0.052005834956734234,0.046887960756679295,-0.030890069801322917,4.013784189627718,0.006451037354247796,-0.027638266062380956,elevated_leverage;thin_interest_coverage,8.0,2025.0,ttm,2026-05-05,2026-07-17,True,,,,0.95,0.22570087953228846,0.5,1.0699999999999998,-1.0699999999999998,robust_return<=0; median_irr<=hurdle,False
313,WMB,73.38,-0.3693037828692468,-0.2514291503001005,-0.95,-0.02435683087678623,0.0,0.12,0.75,0.95,1.0699999999999998,0.95,1.0699999999999998,-11.189310451705813,11.76480653428169,43.83758316048023,-11.189310451705813,43.83758316048023,False,,-0.8396728463575676,0.42696,1.0,0.4800127845616069,0.335,-0.3714291503001005,0.42696,valid,,,reinvestment_cap_hit,,False,ok,True,bear,"The Williams Companies, Inc.",Energy,Oil & Gas Midstream,general_dcf,89743612686.0,0.335,0.08283339259965206,0.1539877216489435,0.07262616787432444,0.010207224725327618,0.28025475539685774,0.38788692223806726,0.046628563535081824,4.254529641977098,0.007059686439900981,8.94136432536552e-05,elevated_leverage;thin_interest_coverage,8.0,2025.0,ttm,2026-05-04,2026-07-17,True,,,,0.95,0.24000639228080345,0.375,1.0699999999999998,-1.0699999999999998,robust_return<=0; median_irr<=hurdle,False
314,EFX,177.08,-0.37007186805203673,-0.2233323051041225,-0.95,-0.0836228619999019,0.0,0.12,1.0,0.95,1.0699999999999998,0.95,1.0699999999999998,-4.903836611196592,16.279117041723687,58.14074306510897,-4.903836611196592,58.14074306510897,False,,-0.9080691380069816,0.534357,1.0,0.44715785900004906,0.4206,-0.3433323051041225,0.534357,valid,,,forward_roic_floor_hit;reinvestment_cap_hit,,False,ok,True,bear,Equifax Inc.,Industrials,Consulting Services,general_dcf,21361975322.0,0.4206,0.09113329555073894,-0.03812143496395194,0.09839521007654226,-0.007261914525803312,0.17880493808027148,0.18260260451491706,0.08588569570479487,2.7251794735442703,0.013636708956924714,-0.0068047834466663515,incremental_roic_below_wacc,8.0,2025.0,ttm,2026-04-21,2026-07-17,True,,,,0.95,0.22357892950002453,0.5,1.0699999999999998,-1.0699999999999998,robust_return<=0; median_irr<=hurdle,False
315,ATO,177.68,-0.3827790894240024,-0.23190589820733287,-0.95,-0.1173045612813439,0.0,0.12,1.0,0.95,1.0699999999999998,0.95,1.0699999999999998,2.791271698738825,41.40753141432208,85.50326075160615,2.791271698738825,85.50326075160615,False,,-0.7669544607478496,0.5787,1.0,0.42898671935932803,0.5371,-0.35190589820733287,0.5787,valid,,,reinvestment_cap_hit,,False,ok,True,bear,Atmos Energy Corporation,Utilities,Regulated Gas,general_dcf,29658313973.0,0.5371,0.059406914641302246,0.07424817774024534,0.06919963736398821,-0.009792722722685963,0.26134417377789865,0.35874483558586845,0.06058493797688347,3.781317227728446,0.0025710730394577722,0.06712174906577117,elevated_leverage;ongoing_dilution,8.0,2025.0,ttm,2026-05-06,2026-07-17,True,,,,0.95,0.21449335967966401,0.5,1.0699999999999998,-1.0699999999999998,robust_return<=0; median_irr<=hurdle,False
316,DE,597.24,-0.38945974465714245,-0.2518473851843737,-0.95,-0.10414420825982229,0.0,0.12,1.0,0.95,1.0699999999999998,0.95,1.0699999999999998,-32.81731776370439,52.851737754163985,191.38516564277546,-32.81731776370439,191.38516564277546,False,,-0.9115067012354096,0.51246,1.0,0.4375540958700888,0.5075,-0.3718473851843737,0.51246,valid,,,reinvestment_cap_hit,,False,ok,True,bear,Deere & Company,Industrials,Agricultural - Machinery,general_dcf,161217427707.0,0.5075,0.08170265368566916,0.02696339984426077,0.08361361711808023,-0.001910963432411067,0.1770399089665699,0.1838359263290437,0.029428901014733944,5.019408587384418,0.0033807231613119893,-0.04022988902685265,elevated_leverage;thin_interest_coverage;cyclical_revenue;incremental_roic_below_wacc,8.0,2025.0,ttm,2026-05-28,2026-07-17,True,,,,0.95,0.2187770479350444,0.5,1.0699999999999998,-1.0699999999999998,robust_return<=0; median_irr<=hurdle,False
317,WEC,113.35,-0.40137101933942176,-0.26560121464135594,-0.95,-0.12428164807497522,0.0,0.12,1.0,0.95,1.0699999999999998,0.95,1.0699999999999998,-12.578508586848315,12.009985335379481,36.63941257438777,-12.578508586848315,36.63941257438777,False,,-0.8940451227580107,0.65088,1.0,0.4233327759625124,0.4397,-0.38560121464135594,0.65088,valid,,,reinvestment_cap_hit,,False,ok,True,bear,"WEC Energy Group, Inc.",Utilities,Regulated Electric,general_dcf,36921005601.0,0.4397,0.05749906289040306,0.06076045036824309,0.07185384745507319,-0.014354784564670126,0.21038385074284094,0.23970728224654927,0.03544783221141867,5.687777721027632,0.0,0.012703075648047957,elevated_leverage;thin_interest_coverage;incremental_roic_below_wacc,8.0,2025.0,ttm,2026-05-07,2026-07-17,True,,,,0.95,0.2116663879812562,0.5,1.0699999999999998,-1.0699999999999998,robust_return<=0; median_irr<=hurdle,False
318,AEP,132.14,-0.40499647254036963,-0.2820198253175476,-0.95,-0.10594623952638352,0.0,0.12,1.0,0.95,1.0699999999999998,0.95,1.0699999999999998,-25.682677160753343,12.359925925533076,50.82949063657983,-25.682677160753343,50.82949063657983,False,,-0.9064634030154906,0.63936,1.0,0.4328460802368082,0.4842,-0.4020198253175476,0.63936,valid,,,reinvestment_cap_hit,,False,ok,True,bear,"American Electric Power Company, Inc.",Utilities,Regulated Electric,general_dcf,71898034700.0,0.4842,0.056381285000301075,0.08173681135634871,0.0733165556964723,-0.016935270696171227,0.19810734374412714,0.23469802109746524,0.04351225641155998,5.844895258089544,0.0,0.021333592798721934,elevated_leverage;thin_interest_coverage,8.0,2025.0,ttm,2026-05-05,2026-07-17,True,,,,0.95,0.2164230401184041,0.5,1.0699999999999998,-1.0699999999999998,robust_return<=0; median_irr<=hurdle,False
319,CRL,224.35,-0.42289946321616295,-0.291719357855618,-0.95,-0.1581591371534159,0.0,0.12,1.0,0.95,1.0699999999999998,0.95,1.0699999999999998,-3.9171501910355158,3.941777942206888,39.24706849179277,-3.9171501910355158,39.24706849179277,False,,-0.9824302298096417,0.5426190000000001,0.85,0.414141861423292,0.4019,-0.411719357855618,0.46122615000000006,valid,,,forward_roic_floor_hit;reinvestment_cap_hit,,False,ok,True,bear,"Charles River Laboratories International, Inc.",Healthcare,Medical - Diagnostics & Research,general_dcf,10806430226.0,0.4019,0.06896517348144895,-0.1283123019166573,0.10086055039985718,-0.03189537691840823,0.14711536221006205,0.1264733965535533,0.0851571891397469,3.1298248040116294,0.017447533048918138,-0.011416162516314277,elevated_leverage;thin_interest_coverage;incremental_roic_below_wacc,8.0,2025.0,annual,2026-02-18,2026-07-17,True,,,,0.95,0.207070930711646,0.5,1.0699999999999998,-1.0699999999999998,robust_return<=0; median_irr<=hurdle,False
320,RVTY,110.15,-0.43708511822333096,-0.31972562036244206,-0.95,-0.15888923216843975,0.0,0.12,1.0,0.95,1.0699999999999998,0.95,1.0699999999999998,-9.17511637266751,9.88510071305566,23.7457881841784,-9.17511637266751,23.7457881841784,False,,-0.9102578237580058,0.47439000000000003,1.0,0.4113236839157801,0.3116,-0.43972562036244206,0.47439000000000003,valid,,,reinvestment_cap_hit,,False,ok,True,bear,"Revvity, Inc.",Healthcare,Medical - Diagnostics & Research,general_dcf,12288334000.0,0.3116,0.03351006242660167,,0.09509463721941118,-0.06158457479280951,0.14712330139003132,0.12413524360987277,0.003966430835526502,3.219929778277822,0.01372364543928079,-0.0399360164596676,elevated_leverage;thin_interest_coverage,8.0,2025.0,ttm,2026-05-12,2026-07-17,True,,,,0.95,0.20566184195789006,0.5,1.0699999999999998,-1.0699999999999998,robust_return<=0; median_irr<=hurdle,False
321,CARR,68.69,-0.4433112187602091,-0.3178081758203916,-0.95,-0.18762852340005337,0.0,0.12,1.0,0.95,1.0699999999999998,0.95,1.0699999999999998,-1.324420379015312,1.9401876184253983,10.512454845668863,-1.324420379015312,10.512454845668863,False,,-0.9717544385146979,0.48729600000000006,1.0,0.3965668582999733,0.6046,-0.4378081758203916,0.48729600000000006,valid,,,forward_roic_floor_hit;reinvestment_cap_hit,,False,ok,True,bear,Carrier Global Corporation,Industrials,Industrial - Machinery,general_dcf,57052569256.0,0.6046,0.04691045978115132,-0.049360741584424696,0.09889043163216434,-0.05197997185101302,0.11922563929220478,0.07242798353909465,0.020139172074632672,3.9020905923344946,0.003746504142261622,-0.007173176923426783,elevated_leverage;thin_interest_coverage;incremental_roic_below_wacc,8.0,2025.0,ttm,2026-04-30,2026-07-17,True,,,,0.95,0.19828342914998665,0.5,1.0699999999999998,-1.0699999999999998,robust_return<=0; median_irr<=hurdle,False
322,XEL,78.77,-0.547766713683086,-0.5088683048321401,-0.95,-0.22333024506806393,0.0,0.12,1.0,0.95,1.0699999999999998,0.95,1.0699999999999998,-21.63017013685294,-10.413768389469165,8.7932120614323,-21.63017013685294,8.7932120614323,False,,-1.1322047529448922,0.66618,0.85,0.37784947746596803,0.4498,-0.6288683048321401,0.566253,valid,,,reinvestment_cap_hit,,False,ok,True,bear,Xcel Energy Inc.,Utilities,Regulated Electric,general_dcf,49173713241.0,0.4498,0.0445849679950444,0.03392438942790231,0.07317212454595631,-0.028587156550911916,0.17608053511468033,0.19626423069057194,0.03490643646473668,5.788793826539171,0.0024551744661855516,0.024965677922967222,elevated_leverage;thin_interest_coverage;incremental_roic_below_wacc,8.0,2025.0,annual,2026-02-25,2026-07-17,True,,,,0.95,0.18892473873298402,0.5,1.0699999999999998,-1.0699999999999998,robust_return<=0; median_irr<=hurdle,False
323,MCHP,80.96,-0.6030351457564392,-0.5807709081098438,-0.95,-0.30059876680606984,0.0,0.12,1.0,0.95,1.0699999999999998,0.95,1.0699999999999998,-6.775481462033129,-2.059708436213895,3.5067403056176967,-6.775481462033129,3.5067403056176967,False,,-1.0254410627002704,0.3852,1.0,0.34314461659696505,0.3807,-0.7007709081098438,0.3852,valid,,,reinvestment_cap_hit,,False,ok,True,bear,Microchip Technology Incorporated,Technology,Semiconductors,general_dcf,43961927680.0,0.3807,0.035691234785719554,,0.12527110172263264,-0.08957986693691308,0.15852737070229608,0.10398676030638009,-0.017931178829099226,4.489486179413261,0.04098509632860778,-0.005654256190469442,elevated_leverage;thin_interest_coverage;cyclical_revenue,8.0,2026.0,ttm,2026-05-21,2026-07-17,True,,,,0.95,0.17157230829848252,0.5,1.0699999999999998,-1.0699999999999998,robust_return<=0; median_irr<=hurdle,False
324,CRM,170.77,-0.6059691491078412,-0.663317225917126,-0.95,-0.14724214459711216,0.0,0.12,1.0,0.95,1.0699999999999998,0.95,1.0699999999999998,-30.78411240723758,-1.5978689660696561,49.514839173013506,-30.78411240723758,49.514839173013506,False,,-1.0093568481938846,0.5479200000000001,0.85,0.4194413277014439,0.1625,-0.783317225917126,0.46573200000000003,valid,,,forward_roic_cap_hit,,False,ok,True,bear,"Salesforce, Inc.",Technology,Software - Application,general_dcf,139860630000.0,0.1625,0.12198230527609223,1.3495777818937513,0.09197350069627566,0.03000880457981657,0.036566423432434825,0.21943075953209273,0.17684937422531677,2.2812998253739276,0.08399525003298589,-0.04403718618447794,heavy_sbc;peak_cycle_margins,8.0,2026.0,ttm,2026-05-28,2026-07-17,True,,,,0.95,0.20972066385072194,0.5,1.0699999999999998,-1.0699999999999998,robust_return<=0; median_irr<=hurdle,False
