ticker,scenario,probability,revenue_growth_y1,terminal_growth,operating_margin,forward_roic,terminal_roic,share_change_rate,sbc_fade_speed,reinvestment_rate_y1,intrinsic_value_per_share,irr_3y,irr_5y,exit_value_per_share,total_return_5y,irr_5y_status,scenario_is_finite
LLY,bear,0.25,0.1602115080841679,0.02,0.2428805385203756,0.3379177248520196,0.07008624659739526,0.0,0.5,0.39112836275520513,327.8653285320724,-0.3346762744047737,-0.18465675370825912,356.7905566717186,-0.617056793766878,valid,True
LLY,base,0.5,0.25,0.025,0.2985125860686211,0.45055696646935944,0.42723411134120803,-0.020397576285876812,1.0,0.4549924099640822,728.1988385916528,-0.13232502199025475,-0.03482253511829182,928.2415509713773,-0.1606717808361361,valid,True
LLY,bull,0.25,0.3218307935326657,0.030000000000000002,0.34692212159693625,0.4956126631162954,0.45055696646935944,-0.020397576285876812,1.5,0.5315938321057601,1128.3996579412265,0.0004075152195582913,0.06122941918365542,1483.3839463192364,0.34129994229419447,valid,True
JNJ,bear,0.25,0.009759054024341421,0.02,0.2343630975791533,0.10869522295093406,0.06915788598005829,0.0,0.5,0.10862706657129748,106.57720030061655,-0.21113110818550918,-0.11410321562143502,112.17935091821965,-0.42708956447528024,valid,True
JNJ,base,0.5,0.05023915827105452,0.025,0.26112666111616145,0.14492696393457874,0.14173708575269342,-0.03233947029767365,1.0,0.3118213849925357,164.69668991164787,-0.08636633275018536,-0.027626807315391456,208.80209181350864,-0.12914344097030372,valid,True
JNJ,bull,0.25,0.082623241668425,0.030000000000000002,0.2823243098714786,0.15941966032803662,0.14492696393457874,-0.03233947029767365,1.5,0.45225659863020207,209.92055671344983,-0.00775494619156231,0.02756248267833146,275.532465690724,0.14398572175087998,valid,True
ABBV,bear,0.25,0.006976527958774903,0.02,0.21682144803989928,0.12867637359013256,0.06826192290179106,0.0,0.5,0.07445984138112709,70.69133472806315,-0.3176246612420072,-0.1883448779728496,73.91981015881775,-0.6170180826182821,valid,True
ABBV,base,0.5,0.09876360988900468,0.025,0.28007514501636444,0.17156849812017677,0.15561796290645802,-0.0029231833928190223,1.0,0.4896638300835246,173.64769188447934,-0.07299812257115261,-0.011040911648888114,212.08872090868766,-0.05210765823979724,valid,True
ABBV,bull,0.25,0.1721932754331885,0.030000000000000002,0.33264117445900515,0.18872534793219448,0.17156849812017677,-0.0029231833928190223,1.5,0.7617133677146494,289.59374458862237,0.08748956111958255,0.09840496258693751,369.29524906841675,0.5842732241796076,valid,True
CAT,bear,0.25,-0.02446683712850857,0.02,0.12008528676170699,0.21963604921949026,0.11640199874222062,0.0,0.5,0.0,38.9485078552553,-0.6124761433828096,-0.4204410393307626,36.87234249708055,-0.8991504325816607,valid,True
CAT,base,0.5,0.09547548545946738,0.025,0.15281852143765806,0.29284806562598703,0.2411317234223551,-0.0429617397462016,1.0,0.2778928663695168,128.90509956451015,-0.41898191546424635,-0.24371524761736502,168.24460109469982,-0.7237518464501282,valid,True
CAT,bull,0.25,0.19142934352984814,0.030000000000000002,0.17654081199703764,0.3221328721885858,0.2764209367991084,-0.0429617397462016,1.5,0.4940305338683703,227.80818596922362,-0.3057456586335321,-0.1473870909801917,318.7457838745371,-0.5293041002963442,valid,True
UNH,bear,0.25,-0.007913176460102783,0.02,0.06631487124425267,0.02,0.07245105175606101,0.0,0.5,0.0,269.27595898098565,-0.05277848487894514,-0.026652965148969053,325.0833374245488,-0.1168288304152898,valid,True
UNH,base,0.5,0.048138815085940034,0.025,0.08231835080659637,0.02,0.07245105175606101,-0.018648745621741725,1.0,1.2,315.5300950222795,0.015663254214450747,0.01514937489700972,505.27222402666763,0.08103363324830481,valid,True
UNH,bull,0.25,0.0929804083227743,0.030000000000000002,0.09427794138556603,0.022000000000000002,0.07245105175606101,-0.018648745621741725,1.5,1.2,433.0685517569722,0.11060507926158608,0.07804108356358486,681.385009563787,0.47455047913306214,valid,True
KO,bear,0.25,-0.0353551730110387,0.02,0.23252844326187552,0.2011949205691302,0.06815339134915782,0.0,0.5,0.0,22.909523192054383,-0.31314665747340775,-0.19024334123241712,22.745105473310574,-0.6161696689351587,valid,True
KO,base,0.5,0.0326373792865311,0.025,0.2667444120505345,0.2682598940921736,0.25001018104201056,-0.0035814312003248465,1.0,0.11596926754371853,46.868845369921665,-0.11794709643581879,-0.049580014718230786,54.57743159747034,-0.21399223899819908,valid,True
KO,bull,0.25,0.08703142112458694,0.030000000000000002,0.29331015110158415,0.295085883501391,0.2682598940921736,-0.0035814312003248465,1.5,0.25628178482252967,68.08688226219479,-0.005262314924038919,0.029902447364293067,82.87455672852073,0.1516468004331739,valid,True
PG,bear,0.25,-0.0068369550186754835,0.02,0.177387518839916,0.1610544452271452,0.06838500122316826,0.0,0.5,0.0,66.69011098027583,-0.19820585229317653,-0.10614480591611933,67.26627918608708,-0.3977466695504276,valid,True
PG,base,0.5,0.03436765696382693,0.025,0.22124866058976383,0.21473926030286028,0.20150883528205613,-0.017951326656324717,1.0,0.1513189787709664,124.72625328268249,0.0002927006629761588,0.027109048428246782,151.66132235324554,0.13725096503418754,valid,True
PG,bull,0.25,0.06733134654982886,0.030000000000000002,0.25879094059316804,0.23621318633314634,0.21473926030286028,-0.017951326656324717,1.5,0.253436644114489,177.47764564337015,0.12707430119626223,0.10985786329838451,224.51464468062466,0.6553685779189371,valid,True
HD,bear,0.25,-0.003446078979435885,0.02,0.1272769029421605,0.02568121679742428,0.08616541344093667,0.0,0.5,0.04840646088763108,113.09785352059599,-0.22474329500983004,-0.13513598785502828,140.9105192577767,-0.4829242017554398,valid,True
HD,base,0.5,0.04898224493067871,0.025,0.14279601693997807,0.0342416223965657,0.08616541344093667,-0.01088894304788701,1.0,1.2,117.0078368928518,-0.1926200228801463,-0.10198195958946599,206.64908692002325,-0.4283224629155902,valid,True
HD,bull,0.25,0.09092490405877038,0.030000000000000002,0.15539995025196598,0.03766578463622228,0.08616541344093667,-0.01088894304788701,1.5,1.2,149.52757588137183,-0.1317788713931804,-0.059842250046494856,270.7180144730481,-0.2766543913440084,valid,True
MRK,bear,0.25,-0.033720286343820405,0.02,0.16695929329584996,0.22318928632325638,0.06768605630632196,0.0,0.5,0.0,35.45373449379564,-0.31923891439219,-0.19469844145933163,33.91971419259103,-0.6194155286480918,valid,True
MRK,base,0.5,0.046376798710250244,0.025,0.24108456958368574,0.2975857150976752,0.25011143555726073,-0.01149762659247303,1.0,0.14147667993533036,103.07552429353663,-0.01118453000672159,0.021848233533091864,123.7278654805653,0.10862942459296554,valid,True
MRK,bull,0.25,0.11045446675350676,0.030000000000000002,0.30412598278491154,0.3273442866074427,0.29609136731553143,-0.01149762659247303,1.5,0.28827010967803435,181.10367264212599,0.18945914466166874,0.1532294325064868,227.92718593582865,0.9871282857239683,valid,True
PM,bear,0.25,0.012861371833476062,0.02,0.3321265371633962,0.11126893939563225,0.067100631864915,0.0023186132197321463,0.5,0.12841946318885966,78.17864783096654,-0.2219869782682508,-0.12039191038056737,82.86110035837314,-0.4463368193370981,valid,True
PM,base,0.5,0.05665573035468052,0.025,0.375011668771804,0.148358585860843,0.14659528825913137,0.0023186132197321463,1.0,0.33920911278399307,138.91400008962972,-0.05078745650826019,-0.0031218898948281726,163.75025894588993,-0.014766099451226533,valid,True
PM,bull,0.25,0.0916912171716441,0.030000000000000002,0.4110509623667825,0.1631944444469273,0.148358585860843,0.0023186132197321463,1.5,0.48624800927657663,188.05401713489286,0.045486663246993006,0.061738500121282444,229.43060468184106,0.33459436395917885,valid,True
DELL,bear,0.25,0.00014760723910121898,0.02,0.03364605021821081,0.44999999999999996,0.1075157424778724,0.0,0.5,0.009151301758402168,31.736347612450842,-0.559793840817292,-0.374615167468437,26.467291203283704,-0.8612902164862184,valid,True
DELL,base,0.5,0.09728557444001784,0.025,0.05122543748972912,0.6,0.45107276052530854,-0.0491611320234648,1.0,0.13804743258669047,95.76755830960708,-0.35029480494704324,-0.20159295252233272,121.84309459890682,-0.6675051493077784,valid,True
DELL,bull,0.25,0.17499594820075115,0.030000000000000002,0.06571285735436738,0.6,0.5495696120297341,-0.0491611320234648,1.5,0.24332793093433489,168.9259257147338,-0.20590723871573569,-0.08452511349169069,237.35812622174225,-0.3521119601584112,valid,True
RTX,bear,0.25,-0.005145882359433404,0.02,0.04755613276279932,0.06072667824713421,0.06771626821125873,0.0,0.5,0.0,16.748497877609744,-0.550095040461747,-0.37498985517886474,15.902851621575957,-0.8758786224440296,valid,True
RTX,base,0.5,0.11284343740485236,0.025,0.0815182999861138,0.08096890432951227,0.07365344919223632,-0.030097767914537932,1.0,1.1766832058903791,54.93741310012293,-0.30038073919713504,-0.1607797796488739,77.26229584153805,-0.5894710615547065,valid,True
RTX,bull,0.25,0.20723489321628097,0.030000000000000002,0.10750797747078636,0.08906579476246351,0.07630397641588703,-0.030097767914537932,1.5,1.2,110.06156563707947,-0.1386766599345719,-0.040130151269840986,156.96077925005753,-0.18949734788458494,valid,True
ANET,bear,0.25,0.16165841429359798,0.02,0.2672687626081644,0.44999999999999996,0.12555,0.0,0.5,0.2962816254108409,31.440612769289082,-0.40139227856125215,-0.23746552359079937,34.15872234266112,-0.7124874661751202,valid,True
ANET,base,0.5,0.25,0.025,0.34139911629930414,0.6,0.56289801,0.0,1.0,0.34166666666666673,48.12786620384251,-0.3050224805454491,-0.15312342683027963,58.22682638523474,-0.5385915787879445,valid,True
ANET,bull,0.25,0.3206732685651216,0.030000000000000002,0.4064038716117635,0.6,0.6,0.0,1.5,0.4375643580868288,64.12530657323843,-0.23325201646657656,-0.0938421620521694,82.03017044674586,-0.37023839068049635,valid,True
TMO,bear,0.25,-0.01874106158242063,0.02,0.13910636345584054,0.02,0.08273137382006848,0.0,0.5,0.0,59.75768514096511,-0.44977905208797897,-0.3163447330385679,76.97968480510018,-0.8147506744605224,valid,True
TMO,base,0.5,0.08421067995967435,0.025,0.18034227974651323,0.02,0.08273137382006848,-0.019675100844554153,1.0,1.2,93.717720565145,-0.31523042730404993,-0.19226645178423496,219.7025183056441,-0.6871323562330884,valid,True
TMO,bull,0.25,0.16657207319335032,0.030000000000000002,0.20898579635388567,0.022000000000000002,0.08273137382006848,-0.019675100844554153,1.5,1.2,191.03969468781034,-0.18958194722654292,-0.09542057801008919,373.88698439205655,-0.413207979219236,valid,True
MCD,bear,0.25,-0.014645281332915677,0.02,0.3852500300770058,0.11167183246961843,0.06538339103820294,0.0,0.5,0.0,103.4598227563509,-0.2305279028776567,-0.12895621606439817,106.0515783840942,-0.4631939260135487,valid,True
MCD,base,0.5,0.04952799193460866,0.025,0.43523389640373805,0.1488957766261579,0.14378481862817505,-0.013613685374398728,1.0,0.2996887793515004,217.303769196438,-0.007958155346568643,0.02485883654444481,260.63478759910043,0.123760563604012,valid,True
MCD,bull,0.25,0.10086661054862814,0.030000000000000002,0.47469380711542797,0.16378535428877372,0.1488957766261579,-0.013613685374398728,1.5,0.5293103819652372,318.3157463602147,0.11707533571170645,0.10819589430757336,398.73576118657877,0.6450220781793747,valid,True
APH,bear,0.25,0.1422734281874794,0.02,0.1773112312046719,0.25469047394307404,0.10214347140854727,0.011685920246956364,0.5,0.46259579608900975,26.908911403480577,-0.4097324754344299,-0.23769435020512897,30.709405404227105,-0.7169529987320941,valid,True
APH,base,0.5,0.25,0.025,0.20659165612487077,0.33958729859076536,0.3075561263038841,0.011685920246956364,1.0,0.6036739325961784,54.13996627748104,-0.2568201985559427,-0.1152407717570895,67.8760732318766,-0.44202147876708286,valid,True
APH,bull,0.25,0.3361812574500165,0.030000000000000002,0.22859282404150982,0.3735460284498419,0.33958729859076536,0.011685920246956364,1.5,0.7360405010889617,80.57668353074094,-0.1610242036054842,-0.03882654338376594,104.78303030459425,-0.17383435618359766,valid,True
VZ,bear,0.25,-0.03373391849191981,0.02,0.19836943258862164,0.02,0.065,0.0004755112461742872,0.5,0.0,25.017083161653787,-0.047671520523726904,-0.037312947644386404,30.121559723445934,-0.1515417778595335,valid,True
VZ,base,0.5,0.020317087981009507,0.025,0.22817686263697068,0.02,0.065,0.0004755112461742872,1.0,1.0626835192403803,26.688933280390838,0.010653632530011265,-0.002540286269504549,57.908437809989316,-0.014229016498623182,valid,True
VZ,bull,0.25,0.06355789315935297,0.030000000000000002,0.24636780860847157,0.022000000000000002,0.065,0.0004755112461742872,1.5,1.2,42.47066737511711,0.12173009407706561,0.07401002725819127,82.611649803373,0.4915225308526243,valid,True
UNP,bear,0.25,-0.031083289291469626,0.02,0.3528342152425109,0.0842089569589988,0.08663795236770735,0.0,0.5,0.0,72.1527012359304,-0.32875280998414386,-0.1998320358630735,74.11341019428686,-0.6249553163040485,valid,True
UNP,base,0.5,0.040263239273699014,0.025,0.39960472465419883,0.11227860927866506,0.1084991764499899,-0.0165656401599229,1.0,0.3314130060749682,115.75257541068926,-0.2113678126304876,-0.1042838224515435,141.32790197469026,-0.40094993982907234,valid,True
UNP,bull,0.25,0.09734046212583393,0.030000000000000002,0.4315459027339694,0.12350647020653158,0.11227860927866506,-0.0165656401599229,1.5,0.6790929216940053,154.0597106040389,-0.13636365738930173,-0.045325544007937396,205.7593731110738,-0.20030747427728857,valid,True
ABT,bear,0.25,0.009756176951963375,0.02,0.13093326543824668,0.02,0.07396525653359343,0.0,0.5,0.5902470780785349,29.015702043638477,-0.27086991165997465,-0.16852206002804446,38.69712784355887,-0.5907986205289144,valid,True
ABT,base,0.5,0.09033225371383757,0.025,0.16156574496594517,0.02,0.07396525653359343,-0.007265970232954471,1.0,1.2,39.528224780376064,-0.18269661231315695,-0.1022371474362444,63.12771848240404,-0.4263890860523809,valid,True
ABT,bull,0.25,0.15479311512333693,0.030000000000000002,0.18434855277447323,0.022000000000000002,0.07396525653359343,-0.007265970232954471,1.5,1.2,56.31944505885978,-0.09794925269670782,-0.039410852512810346,88.49061671439695,-0.1867253131778499,valid,True
TJX,bear,0.25,-0.03855582666337831,0.02,0.08204816938969176,0.2524993190449619,0.07425052370448651,0.0,0.5,0.0,36.46399978469269,-0.35331680941744703,-0.21947896069323175,35.36198733954376,-0.6718040746209419,valid,True
TJX,base,0.5,0.06577316469110916,0.025,0.1063916885959994,0.33666575872661586,0.31443918832024154,-0.017844853228613785,1.0,0.17114461527308322,85.90160583077457,-0.1333478102751541,-0.054924504132941324,105.47572650469058,-0.240176599065548,valid,True
TJX,bull,0.25,0.14923635777469915,0.030000000000000002,0.12778762606975488,0.3703323345992775,0.33666575872661586,-0.017844853228613785,1.5,0.3385853043468054,142.04978518866747,0.022421864885836862,0.05679175375262277,183.8557125500767,0.30956824574328645,valid,True
DIS,bear,0.25,-0.050319450193439155,0.02,0.06647152086838154,0.23994308128420533,0.10054649180694619,0.0,0.5,0.0,4.894907365986095,-0.6207796570786737,-0.4349425558873917,2.3478221623010485,-0.8714468028092142,valid,True
DIS,base,0.5,0.07119024931572149,0.025,0.11577769258226561,0.3199241083789404,0.19327741033192816,-0.018249146996706208,1.0,0.19364654875960985,43.54989428527534,-0.1648675121017732,-0.061168625735444924,52.412369487087844,-0.24712581256519717,valid,True
DIS,bull,0.25,0.16839800892305,0.030000000000000002,0.15332142961825443,0.3519165192168345,0.237152933646327,-0.018249146996706208,1.5,0.3998630341411621,91.8545096166068,0.05923010632395748,0.09789312716457066,119.53234250260118,0.5432590778749764,valid,True
DE,bear,0.25,-0.09001251731664428,0.02,0.12893263297566876,0.03253888199751247,0.08361361711808023,0.0,0.5,0.0,-32.81731776370439,-0.8778752717931638,-0.95,0.0,-0.9953509155993517,below_lower_bound,True
DE,base,0.5,0.05883742905382272,0.025,0.1770399089665699,0.04338517599668329,0.08361361711808023,-0.04120934865963709,1.0,1.2,52.851737754163985,-0.4249341100214224,-0.2518473851843737,162.99714958294726,-0.8114845398649878,valid,True
DE,bull,0.25,0.1779173861501963,0.030000000000000002,0.20941276304806716,0.047723693596351625,0.08361361711808023,-0.04120934865963709,1.5,1.2,191.38516564277546,-0.22821524890896394,-0.10414420825982229,405.54938899556316,-0.4557453121942481,valid,True
T,bear,0.25,-0.1182958019298696,0.02,0.1163497644153536,0.056573381107568724,0.06969837114016694,0.0,0.5,0.0,-2.968245691540832,,-0.95,0.0,-1.017579891816865,below_lower_bound,True
T,base,0.5,-0.0029687568281361876,0.025,0.17997454287874726,0.07543117481009164,0.07269605417917056,-0.02523493375363184,1.0,0.034799862843179034,16.718793248620017,-0.018521158257499313,0.009931638743728427,19.306081715728688,0.046472814878457225,valid,True
T,bull,0.25,0.08929287925325055,0.030000000000000002,0.22801982503784218,0.0829742922911008,0.07384261491315551,-0.02523493375363184,1.5,0.9332324659177051,34.14630013117689,0.2172893784008921,0.16609616118948908,48.38130911539402,1.220576069238391,valid,True
DHR,bear,0.25,-0.10320201252227917,0.02,0.16243109192412702,0.02,0.08255381132579329,0.0,0.5,0.0,25.593910150841378,-0.45157336023694367,-0.31653878905344757,26.18558522455373,-0.8121921988237167,valid,True
DHR,base,0.5,0.04934001779915331,0.025,0.2131120096631041,0.02,0.08255381132579329,-0.013925749505966397,1.0,1.2,39.43275722746271,-0.3169596202322282,-0.19778811237047186,75.61329656373582,-0.6858165072601137,valid,True
DHR,bull,0.25,0.1713736420562993,0.030000000000000002,0.24380088977558537,0.022000000000000002,0.08255381132579329,-0.013925749505966397,1.5,1.2,76.39224639173753,-0.19209147226647474,-0.09784937674994579,134.11534810332031,-0.4142820989266274,valid,True
PFE,bear,0.25,-0.23719188736458655,0.02,0.18287150491065937,0.02,0.065507851863279,0.0,0.5,0.0,5.019805900839571,-0.3226228453218937,-0.2682536167558283,4.5572407708431335,-0.7255798585435338,valid,True
PFE,base,0.5,0.00976975857045459,0.025,0.251237204699979,0.02,0.065507851863279,-0.004004280337207294,1.0,0.6407903428181836,22.615232108257825,0.08250386174768208,0.04765871842391793,33.4816664480983,0.2626306180563436,valid,True
PFE,bull,0.25,0.2073390753184875,0.030000000000000002,0.30476985992381195,0.022000000000000002,0.065507851863279,-0.004004280337207294,1.5,1.2,52.71896266004801,0.35565774850547316,0.2289976473432035,80.89723625061607,1.9483183116177831,valid,True
CRM,bear,0.25,0.002326902047142143,0.02,-0.009824912252910434,0.44999999999999996,0.09197350069627566,0.0,0.5,0.013025603639363812,-30.78411240723758,,-0.95,0.0,-1.008243122551121,below_lower_bound,True
CRM,base,0.5,0.1351314515343085,0.025,0.036566423432434825,0.6,0.17452780683313088,-0.05,1.0,0.18850860204574466,-1.5978689660696561,-0.8513104580022628,-0.663317225917126,0.0,-0.9551636468252417,valid,True
CRM,bull,0.25,0.2413750911240416,0.030000000000000002,0.07781560582259395,0.6,0.27613310669387575,-0.05,1.5,0.33183345483205545,49.514839173013506,-0.3177605935721658,-0.14724214459711216,62.834032520200886,-0.521543321848919,valid,True
COP,bear,0.25,-0.33734166879376376,0.02,0.15049785170446062,0.02,0.06614237512704042,0.0,0.5,0.0,11.792670287067823,-0.46037623155862084,-0.3675803294347133,9.98713306977255,-0.8538495013157237,valid,True
COP,base,0.5,0.10284579451886222,0.025,0.24257084433533482,0.02,0.06614237512704042,-0.014071951486317569,1.0,1.2,99.96556891161762,0.046097945678047855,0.0412062706309371,153.3849439191161,0.2320266167035423,valid,True
COP,bull,0.25,0.454995765168963,0.030000000000000002,0.31769541207249924,0.022000000000000002,0.06614237512704042,-0.014071951486317569,1.5,1.2,354.95495278722194,0.4748983508558012,0.32939051771536465,520.2542903059751,3.305035494527792,valid,True
CVS,bear,0.25,-0.03763370317550818,0.02,0.02189348331170021,0.02,0.07060707387314394,0.0,0.5,0.0,-0.5261006684487356,-0.6506014602549838,-0.95,3.8376956102054334,-0.988370440028604,below_lower_bound,True
CVS,base,0.5,0.0649980122019247,0.025,0.032120665582538864,0.02,0.07060707387314394,-0.017540602563320976,1.0,1.2,26.85747763603633,-0.22238234378164629,-0.1365191776625579,74.04696767657126,-0.5836009913296734,valid,True
CVS,bull,0.25,0.147103384503871,0.030000000000000002,0.03986700824711013,0.022000000000000002,0.07060707387314394,-0.017540602563320976,1.5,1.2,81.34446609810541,0.007083224121015546,0.02285326634882951,154.85724085878482,0.13323226009183609,valid,True
GLW,bear,0.25,-0.0718650618419307,0.02,0.06871662477530377,0.05995592941029852,0.09652149829921504,8.339166403986947e-06,0.5,0.0,1.6065061876918119,-0.7831086478588988,-0.6221165296446997,0.7138302275689188,-0.9741197526261449,valid,True
GLW,base,0.5,0.10456654927729458,0.025,0.10744085629756046,0.07994123921373136,0.09652149829921504,8.339166403986947e-06,1.0,1.1089800495187703,9.057017715818104,-0.5546230404142989,-0.3539467051508836,15.883806079927163,-0.8895861716774427,valid,True
GLW,bull,0.25,0.2457118381726748,0.030000000000000002,0.13185557737382658,0.08793536313510451,0.09652149829921504,8.339166403986947e-06,1.5,1.2,19.913679008936374,-0.4459644409740577,-0.2502435130911181,35.48264946864391,-0.7737805816147387,valid,True
BMY,bear,0.25,-0.0639088282939768,0.02,0.1587582919849005,0.14263413933919417,0.06508011780592148,0.0,0.5,0.0,26.53593021784391,-0.1962743963464163,-0.11288841646164652,25.09912386152116,-0.40775365020986176,valid,True
BMY,base,0.5,0.05118992972023079,0.025,0.20325958745177736,0.1901788524522589,0.1755047708782435,-0.020661644744064882,1.0,0.2416248872240938,77.18835169965716,0.1542548987781629,0.12472696042386817,89.97943527805946,0.7319216862125015,valid,True
BMY,bull,0.25,0.14326893613159686,0.030000000000000002,0.24113563666566357,0.2091967376974848,0.1901788524522589,-0.020661644744064882,1.5,0.5765632401003147,136.61002679851677,0.373677614890039,0.2628262898535468,169.39404659952535,2.078003801091938,valid,True
MO,bear,0.25,-0.02353976657289008,0.02,0.4653839144253422,0.34480634391338827,0.06625740258695657,0.0,0.5,0.0,54.1883837164647,-0.04396025214809922,-0.0023099331301636716,54.59400748175683,-0.010282521223295094,valid,True
MO,base,0.5,0.01245223834274567,0.025,0.5487126521180992,0.4597417918845177,0.4430974022172309,-0.024816219778510784,1.0,0.03254389950686663,107.51252351537407,0.22415796893183146,0.16218011317541825,133.91496209680625,1.0424641522146278,valid,True
MO,bull,0.25,0.04124584227525427,0.030000000000000002,0.6203291182513954,0.5057159710729695,0.4597417918845177,-0.024816219778510784,1.5,0.07711180989096468,150.7470477519988,0.37111971394624554,0.2508196785114706,193.93446626325854,1.9097625672039635,valid,True
SYK,bear,0.25,0.026482346627759126,0.02,0.1876772388766554,0.08079290931416785,0.08081896773495424,0.001692035402454118,0.5,0.3117337587667573,103.12485997725275,-0.26727872173360084,-0.14972791234031313,117.02766033259256,-0.5292574806093318,valid,True
SYK,base,0.5,0.08971253396282541,0.025,0.2154756628818411,0.10772387908555714,0.10283794718428765,0.001692035402454118,1.0,0.7126556137965246,154.46438373284718,-0.1614167501131305,-0.067934011327452,195.71465311624806,-0.28808345523912493,valid,True
SYK,bull,0.25,0.14029668383087845,0.030000000000000002,0.23417239488689787,0.11849626699411286,0.10772387908555714,0.001692035402454118,1.5,0.9978149528590384,201.06830585958062,-0.08985164468758736,-0.014222782953584076,269.8890532043698,-0.06833913871740549,valid,True
PH,bear,0.25,-0.006514064738310857,0.02,0.13933834864683156,0.11408147717613654,0.09705790427464724,0.0,0.5,0.0,121.39269265970171,-0.4663370991474947,-0.3010558868671069,121.67913516259381,-0.7944757790435387,valid,True
PH,base,0.5,0.06469335411111876,0.025,0.16818159133227,0.15210863623484872,0.14061954847475466,-0.007400342044187357,1.0,0.37311940132885285,204.78760276448435,-0.35919588926481083,-0.20780196074410917,257.21717867494,-0.6726839198975523,valid,True
PH,bull,0.25,0.12165928919066246,0.030000000000000002,0.1892371854310677,0.1673194998583336,0.15162969486679495,-0.007400342044187357,1.5,0.6175456622809382,287.1491411901546,-0.2805811829006415,-0.1427403434798179,389.7416267818866,-0.5281950865429619,valid,True
LMT,bear,0.25,0.012762325429948998,0.02,0.1114668473425531,0.02,0.06769548317571605,0.0,0.5,0.71049301719796,302.1021714178801,-0.0674256346261245,-0.03576996380870692,423.7893251626587,-0.16495440099767744,valid,True
LMT,base,0.5,0.05499121114545735,0.025,0.129345407397142,0.02,0.06769548317571605,-0.04662549295223362,1.0,1.2,371.09670612329745,0.0027367408707505373,0.008087000343948629,591.2392734094053,0.042936605837399,valid,True
LMT,bull,0.25,0.08877431971786404,0.030000000000000002,0.1446086033141607,0.022000000000000002,0.06769548317571605,-0.04662549295223362,1.5,1.2,485.40246392584004,0.08093441682867707,0.06034193785162645,758.0951898563611,0.35618527074870165,valid,True
LOW,bear,0.25,-0.03193768489397876,0.02,0.10294884992690792,0.02,0.07674412714323293,0.0,0.5,0.0,69.08869311693398,-0.2169762394216377,-0.14355961850669696,80.74108462571891,-0.49042713700295815,valid,True
LOW,base,0.5,0.02961743997612698,0.025,0.1211524623855642,0.02,0.07674412714323293,-0.041006720927993845,1.0,1.2,66.94149272847176,-0.16726731742674017,-0.10269884604203977,147.98076529962103,-0.44671481197599305,valid,True
LOW,bull,0.25,0.07886153987221158,0.030000000000000002,0.13678643111702266,0.022000000000000002,0.07674412714323293,-0.041006720927993845,1.5,1.2,112.99675189412768,-0.05785956321633418,-0.02464070048008577,218.74100991983772,-0.1252670707014969,valid,True
VRT,bear,0.25,0.1218253973420989,0.02,0.02362653028224196,0.44999999999999996,0.14,0.01044522632948095,0.5,0.2254673730526203,2.697968679450918,-0.8483888413538806,-0.647927671422076,0.8546068497334451,-0.9814616439331716,valid,True
VRT,base,0.5,0.24452838209800498,0.025,0.06545753986066255,0.6,0.3378,0.01044522632948095,1.0,0.3343711761306733,14.76757360859578,-0.6164486205787396,-0.40693291493516887,16.670253815513405,-0.9084253420333284,valid,True
VRT,bull,0.25,0.34269076990272984,0.030000000000000002,0.10071006668308657,0.6,0.4298,0.01044522632948095,1.5,0.46692102653697315,30.363298750241636,-0.5046874911000487,-0.29994655839400375,38.93047362318058,-0.8122811051580696,valid,True
SO,bear,0.25,-0.1074524277851357,0.02,0.1643786935354301,0.09758864066489766,0.07088812625155357,0.01290682714405719,0.5,0.0,-25.539218685093278,,-0.95,0.0,-1.0821805818579961,below_lower_bound,True
SO,base,0.5,0.05763575686472078,0.025,0.23522993198402714,0.13011818755319687,0.09081904187955654,0.01290682714405719,1.0,0.3927860236362548,26.13767192430814,-0.32342770692193884,-0.17665952321840456,36.874545971938105,-0.6342783850073195,valid,True
SO,bull,0.25,0.18970630458460597,0.030000000000000002,0.2791414624721535,0.14313000630851658,0.10266505413988519,0.01290682714405719,1.5,1.1022499595760682,89.56662637959033,-0.012541485391557191,0.04471293451497335,125.55232212509527,0.2613970593134136,valid,True
NOW,bear,0.25,0.15218213086803567,0.02,0.013851279498444495,0.13123120506158048,0.09247125426403635,0.0,0.5,0.9581997257086996,10.139290618814877,-0.5607324982993304,-0.3292726614658023,12.439290917889885,-0.8567382863208761,valid,True
NOW,base,0.5,0.2424264307562517,0.025,0.04650028597992858,0.1749749400821073,0.12188381825817864,0.0,1.0,1.1369693540780632,26.324707036602618,-0.39822050833608946,-0.175321304082172,35.14782636720936,-0.6130232127507709,valid,True
NOW,bull,0.25,0.3146218706668245,0.030000000000000002,0.07396334806750113,0.19247243409031803,0.13838455542179284,0.0,1.5,1.2,39.54149314282243,-0.2725277205696329,-0.10214280269574372,54.23363844328746,-0.41338112809233274,valid,True
GD,bear,0.25,0.003420125313290806,0.02,0.09378814673488531,0.16881354533524204,0.06900195434216938,0.0,0.5,0.03990260519234765,215.4073408625123,-0.11788901241670824,-0.05010000460024454,222.2896798096789,-0.20818626302710364,valid,True
GD,base,0.5,0.06046623395115691,0.025,0.10753809667743043,0.22508472711365604,0.2042320686713854,-0.0069425485705008096,1.0,0.23712398368981719,374.9602961969172,0.06930329870083371,0.07374826530867722,444.77928239155284,0.40071704505052996,valid,True
GD,bull,0.25,0.1061031208614498,0.030000000000000002,0.1175199117123984,0.24759319982502168,0.22508472711365604,-0.0069425485705008096,1.5,0.36706378346977236,511.48248373191825,0.1814458272769116,0.14717123478185387,631.1545046392076,0.9298900909363899,valid,True
MCK,bear,0.25,0.06758181050757642,0.02,0.011657262852150418,0.44999999999999996,0.06874494302977098,0.0,0.5,0.129034329791247,522.8013123243968,-0.11085256483493136,-0.03687004435632839,541.874401079163,-0.15732166617652266,valid,True
MCK,base,0.5,0.11060884945006477,0.025,0.01369892604062704,0.6,0.5783247936756146,-0.04797506777090055,1.0,0.15581179926675304,979.9195845267188,0.11397426720504883,0.10899017467672822,1309.5849251489228,0.6622357727826411,valid,True
MCK,bull,0.25,0.14503048060405546,0.030000000000000002,0.01545126791112562,0.6,0.6,-0.04797506777090055,1.5,0.20337397413874064,1349.839415582683,0.24383353430748686,0.1920141522481572,1870.0381923198306,1.3702980082463694,valid,True
WM,bear,0.25,-0.0011624660961847,0.02,0.15765542208577743,0.0794953685604181,0.06613795541183949,0.0,0.5,0.03861894319942622,64.14859580038306,-0.31866041275497986,-0.19065023381263013,69.03238533732532,-0.6208061371827813,valid,True
WM,base,0.5,0.06389288395852344,0.025,0.18049160262802283,0.10599382474722413,0.0985925898116432,-0.009783185407379385,1.0,0.529411098246913,123.71718536827288,-0.14838594471802935,-0.06329185357608362,154.8704179990678,-0.2716912814768443,valid,True
WM,bull,0.25,0.11593716400228996,0.030000000000000002,0.19559281553964433,0.11659320722194655,0.10599382474722413,-0.009783185407379385,1.5,0.8469595575482559,180.26451018300537,-0.04267216313164679,0.01170671568252149,237.26652352910364,0.059443900849917464,valid,True
PWR,bear,0.25,0.016385656392026438,0.02,0.04357909036795225,0.08213268446821698,0.10243349157215537,0.007142366731903774,0.5,0.20830349360176661,25.27625468526958,-0.6238318969612009,-0.4303062268772918,30.025226297763272,-0.9224620180133892,valid,True
PWR,base,0.5,0.19501915501930323,0.025,0.05513084108909788,0.10951024595762264,0.10444116679131243,0.007142366731903774,1.0,1.2,61.77013506468232,-0.48683954826410625,-0.28645321124131445,105.93254843620882,-0.8209014327852415,valid,True
PWR,bull,0.25,0.3379259539211247,0.030000000000000002,0.05993209597308893,0.12046127055338492,0.10585651766840588,0.007142366731903774,1.5,1.2,112.83844889633419,-0.3998705399957542,-0.20420884931081668,190.33158577001223,-0.6905154312013444,valid,True
WMB,bear,0.25,-0.17863232134292498,0.02,0.18715094595194595,0.09948106720061706,0.07262616787432444,0.0,0.5,0.0,-11.189310451705813,,-0.95,0.0,-1.0292243576943858,below_lower_bound,True
WMB,base,0.5,0.05539114926726074,0.025,0.28025475539685774,0.13264142293415607,0.09273127831936803,0.0,1.0,0.3717761640591552,11.76480653428169,-0.4248199597350322,-0.2514291503001005,16.24355704231541,-0.7596969722111192,valid,True
WMB,bull,0.25,0.24260992575540932,0.030000000000000002,0.3411993316599801,0.1459055652275717,0.10473432933133436,0.0,1.5,1.2,43.83758316048023,-0.13698007952189067,-0.02435683087678623,65.7961587366521,-0.12080307095949405,valid,True
CMI,bear,0.25,-0.012236402233760546,0.02,0.09162287171015607,0.10674176971650706,0.10159366198759781,0.0,0.5,0.0,136.13079639795797,-0.3623332521485281,-0.22140214644605294,139.44965153368767,-0.6694007396653879,valid,True
CMI,base,0.5,0.08322944218096595,0.025,0.11359188026109883,0.14232235962200943,0.13463685437839595,-0.008266792915946009,1.0,0.5029677271715409,222.4528852277671,-0.24425496706244296,-0.12188857538640148,286.930440460181,-0.4638098611228425,valid,True
CMI,bull,0.25,0.15960211771274715,0.030000000000000002,0.1306417924373347,0.1565545955842104,0.14232235962200943,-0.008266792915946009,1.5,0.8538982434296579,315.72649413430577,-0.15180495103704741,-0.0481090052919171,443.6099639627828,-0.21442735095776855,valid,True
UPS,bear,0.25,-0.050615229249000554,0.02,0.08243716634680018,0.02,0.08472636679987233,0.0,0.5,0.0,39.63586541115667,-0.21669223193312065,-0.14008774033281948,44.709528358517844,-0.4809384629052931,valid,True
UPS,base,0.5,0.027500696614107922,0.025,0.10081949793917383,0.02,0.08472636679987233,-0.008828924934285326,1.0,1.2,41.27332626161442,-0.1493485614308156,-0.09104532680357802,85.52864619883422,-0.399972931471974,valid,True
UPS,bull,0.25,0.08999343730459469,0.030000000000000002,0.11484793951304426,0.022000000000000002,0.08472636679987233,-0.008828924934285326,1.5,1.2,68.01088141045686,-0.03713384762522761,-0.010873503540642532,128.4353979990839,-0.05616145276075912,valid,True
FCX,bear,0.25,-0.10432953932550168,0.02,0.188685230867173,0.02,0.10473541412076018,0.0,0.5,0.0,10.705885693889165,-0.36509103832067913,-0.2478250958374701,10.874536736256418,-0.6994528067498902,valid,True
FCX,base,0.5,0.0858322390144648,0.025,0.26877164318609914,0.02,0.10473541412076018,-0.0031496246047476558,1.0,1.2,17.023655552031475,-0.19604961974546314,-0.11298893667408261,35.91560691583992,-0.4665957524141263,valid,True
FCX,bull,0.25,0.23796166168643798,0.030000000000000002,0.3316593580575468,0.022000000000000002,0.10473541412076018,-0.0031496246047476558,1.5,1.2,37.25452929486419,-0.014842686988413307,0.020301656611263777,71.99560824535342,0.11010006922717608,valid,True
MMM,bear,0.25,-0.06701669928402577,0.02,0.172065593670078,0.2531600323324411,0.09287915015686798,0.0,0.5,0.0,45.39111970019056,-0.2914992377569433,-0.17313732586917466,44.63504747350415,-0.5651459422902883,valid,True
MMM,base,0.5,-0.0010209050213998427,0.025,0.2067602674975359,0.3375467097765881,0.32504419748002045,-0.024140923763947785,1.0,0.012393176593689536,86.2539897320748,-0.11825303471414368,-0.04704014016315338,106.48342740059365,-0.2042785583544583,valid,True
MMM,bull,0.25,0.051775730388700904,0.030000000000000002,0.23676871986216214,0.37130138075424696,0.3375467097765881,-0.024140923763947785,1.5,0.12771453802469687,123.59325629756627,-0.0025718934077303573,0.036422018299344966,161.47081357900126,0.18599303764851793,valid,True
HCA,bear,0.25,0.011317381085488167,0.02,0.13290487292779016,0.15807047389138412,0.0815201433938125,0.0,0.5,0.08258281605051895,243.25532639827222,-0.05351518069801384,0.005867214473255474,261.28855144602005,0.0257441606144011,valid,True
HCA,base,0.5,0.0538030101900655,0.025,0.1487826149175951,0.21076063185517882,0.20667663241979964,-0.05,1.0,0.2279477325967786,459.5498664778822,0.1742845758009935,0.14920487380586567,561.8375969568561,0.8870199134170076,valid,True
HCA,bull,0.25,0.08779151347372738,0.030000000000000002,0.1617233880889267,0.23183669504069673,0.21076063185517882,-0.05,1.5,0.3288228844256078,627.9050790386531,0.29402256172616037,0.22401427244476513,794.8716557944373,1.5574558616232355,valid,True
SHW,bear,0.25,-0.004212445473674359,0.02,0.12217778622530565,0.12838641661526332,0.09281643952147366,0.0,0.5,0.0049074009359461315,47.70794845920862,-0.4363351606967626,-0.2735622269945452,49.31163183156777,-0.7528594780876574,valid,True
SHW,base,0.5,0.04687772098746379,0.025,0.145467137345766,0.1711818888203511,0.15850235912379274,-0.0192822217709893,1.0,0.24828664459109603,92.1837275080454,-0.2886555412813323,-0.15585301676328525,113.61608010967915,-0.5427674576151036,valid,True
SHW,bull,0.25,0.0877498541563743,0.030000000000000002,0.16304399398265815,0.18830007770238621,0.1711818888203511,-0.0192822217709893,1.5,0.4046726069095712,132.51612486380543,-0.1998195168125676,-0.08799891587696038,172.5325272243468,-0.35222766685655604,valid,True
ELV,bear,0.25,-0.009044693783182914,0.02,0.048566469450896176,0.02,0.07051388212831082,0.0,0.5,0.0,463.8040144621414,0.1854436881025322,0.12230327116412809,536.5895498900682,0.6843545106034419,valid,True
ELV,base,0.5,0.05378557813003432,0.025,0.05862056864328994,0.02,0.07051388212831082,-0.038853296678352245,1.0,1.2,525.0008158881728,0.23591480489412792,0.14313841550319928,776.2910882391262,0.9804636019153163,valid,True
ELV,bull,0.25,0.1040497956606081,0.030000000000000002,0.06627151762415204,0.022000000000000002,0.07051388212831082,-0.038853296678352245,1.5,1.2,686.9596597999521,0.3355135815916582,0.20502191827690697,1016.238509020345,1.5938741817822928,valid,True
ITW,bear,0.25,-0.027936168330481556,0.02,0.21706851132199254,0.2857640406283631,0.09098280936692262,0.0,0.5,0.0,73.03831141397453,-0.31396471123734965,-0.18504559654684266,72.65929731864176,-0.5940289900406396,valid,True
ITW,base,0.5,0.02434695796138575,0.025,0.24190478911019891,0.38101872083781746,0.37661017498345983,-0.024602958492426337,1.0,0.06424242440183825,124.74540341162769,-0.17794852557417473,-0.08482278775773011,156.4000867912582,-0.3478570253976987,valid,True
ITW,bull,0.25,0.0661734589948796,0.030000000000000002,0.262560952142581,0.41912059292159926,0.38101872083781746,-0.024602958492426337,1.5,0.14062484208913298,165.9100012754743,-0.0928592617885442,-0.02155351725523357,217.68347779896936,-0.09997203236415064,valid,True
EMR,bear,0.25,-0.0750237180608164,0.02,0.14317154044375957,0.057386841097940386,0.09865194864369056,0.0,0.5,0.0,10.771391136499632,-0.5286137875431449,-0.36639950035023505,10.020238275011737,-0.8500026336190407,valid,True
EMR,base,0.5,0.02379977295326785,0.025,0.16970042527951743,0.07651578813058718,0.09865194864369056,-0.02056623234714917,1.0,0.31418115071344815,23.191747050643887,-0.3885283819341565,-0.23300875620625439,29.892124441588035,-0.7041672763817233,valid,True
EMR,bull,0.25,0.10285856576453525,0.030000000000000002,0.18670657075071517,0.0841673669436459,0.09865194864369056,-0.02056623234714917,1.5,1.048943976954162,30.040170504850817,-0.32192436517216266,-0.1689155530155403,50.46620128157653,-0.6051610518983359,valid,True
RCL,bear,0.25,-1.4244839087813739,0.02,-0.1,0.44999999999999996,0.11621180367381413,0.018170384467207354,0.5,0.0,-82.14369259017796,,-0.95,0.0,-1.0841328851383245,below_lower_bound,True
RCL,base,0.5,0.09316847631669956,0.025,0.1948857423143996,0.6,0.19656902308359359,0.018170384467207354,1.0,0.13255796842226608,66.94637431741508,-0.3347106839355547,-0.17529213337402322,74.89695055434676,-0.5689917754734921,valid,True
RCL,bull,0.25,1.3072903843951582,0.030000000000000002,0.7481553323528385,0.6,0.29332666234883076,0.018170384467207354,1.5,1.2,5298.537935651661,1.3509968872764146,0.9602249671879689,7472.013984036697,28.283516841883166,valid,True
ECL,bear,0.25,-0.023840721892083513,0.02,0.1177210176328111,0.2380012133261813,0.08589651934813125,0.0,0.5,0.0,35.15386997627261,-0.46892347699467796,-0.30401808950555276,33.825787981624394,-0.7979473579577231,valid,True
ECL,base,0.5,0.06157125516649764,0.025,0.14301889947341256,0.31733495110157506,0.2656084616046803,-0.0051898593200806935,1.0,0.17097708255852065,84.28282080028683,-0.276263059102348,-0.1491043927249847,100.12930670089429,-0.528127411895695,valid,True
ECL,bull,0.25,0.12990083681336256,0.030000000000000002,0.16137678921706666,0.3490684462117326,0.31189614795536913,-0.0051898593200806935,1.5,0.31489718031980485,132.4568919706968,-0.1634521615545964,-0.06236993335041914,166.2721051045615,-0.26266788244953176,valid,True
NSC,bear,0.25,-0.0587683974902464,0.02,0.2816975075695616,0.02,0.09747201486505039,0.0,0.5,0.0,32.76625766894669,-0.458529090018419,-0.32843563569185785,39.03532037933511,-0.8095000376175167,valid,True
NSC,base,0.5,0.03404912443664543,0.025,0.3450790239831443,0.02,0.09747201486505039,-0.015077809221265337,1.0,1.2,30.52480922940879,-0.3661677281779703,-0.23582314391678655,109.27459821849801,-0.7745322348049914,valid,True
NSC,bull,0.25,0.10830314197815889,0.030000000000000002,0.388376941200908,0.022000000000000002,0.09747201486505039,-0.015077809221265337,1.5,1.2,73.1498680403924,-0.2543280810525175,-0.14625851764576503,182.62349956385336,-0.572892293504011,valid,True
FDX,bear,0.25,-0.043189478957076824,0.02,0.0550984804156038,0.02465914568994171,0.08829279041061142,0.0,0.5,0.0,43.85398497810987,-0.3846851776674156,-0.26735116247145924,52.40130447021339,-0.7211803823152607,valid,True
FDX,base,0.5,0.058508803705294654,0.025,0.0694637784171968,0.03287886091992228,0.08829279041061142,-0.022125080952573335,1.0,1.2,69.4437076034821,-0.24112612610333597,-0.1291709528872161,180.4239892182229,-0.5336286153618215,valid,True
FDX,bull,0.25,0.13986742983519185,0.030000000000000002,0.07856615324701088,0.03616674701191451,0.08829279041061142,-0.022125080952573335,1.5,1.2,147.52439149660282,-0.09507657954818566,-0.029031807198771246,313.4466297682908,-0.14728195173461534,valid,True
EOG,bear,0.25,-0.07929790348307753,0.02,0.22358824776411068,0.10612719005572283,0.06818502596439835,0.0,0.5,0.0,89.4708730321395,-0.08060615752474404,-0.03542088016401974,85.4968945081724,-0.14549558982328104,valid,True
EOG,base,0.5,0.1597548412687787,0.025,0.3240782636756039,0.1415029200742971,0.12909753239090221,-0.033117150479802036,1.0,0.9385239042791016,274.12330587130634,0.31669593091355636,0.23396582550485626,369.5118408292079,1.828334610137174,valid,True
EOG,bull,0.25,0.3509970370702637,0.030000000000000002,0.4114819992998762,0.15565321208172683,0.1415029200742971,-0.033117150479802036,1.5,1.2,599.3174107321995,0.6348656617454254,0.4304905246128329,827.3366025793596,5.125193904225955,valid,True
CI,bear,0.25,-0.22711518799942665,0.02,0.033513184855809064,0.08636259814923906,0.065,0.0,0.5,0.0,138.45936396763514,-0.12008690570364702,-0.08904744143364945,129.15828260143246,-0.3313371581389214,valid,True
CI,base,0.5,0.1634577236183793,0.025,0.046214788416645225,0.11515013086565208,0.10197569148724528,-0.05,1.0,1.1790362535766852,887.8256890797002,0.5299419555871283,0.3538014827587176,1243.3180236812304,3.609995391613249,valid,True
CI,bull,0.25,0.47591605291262407,0.030000000000000002,0.056402076413673806,0.1266651439522173,0.1120057176603757,-0.05,1.5,1.2,2614.8183789381696,1.0600960864219815,0.6548727403598609,3652.6676220987565,12.18213448293332,valid,True
CL,bear,0.25,0.010154362598606095,0.02,0.19567318862630395,0.3695185259386712,0.06805892030451499,0.0,0.5,0.03280888298655155,51.3598538080698,-0.13765621230704705,-0.06084311256418003,52.65634693863439,-0.24803305364336936,valid,True
CL,base,0.5,0.04888845261156538,0.025,0.22055648565468225,0.4926913679182282,0.48385901300786294,-0.015317431679607415,1.0,0.08953021092217177,94.12636839817068,0.0699312836164609,0.07292970464914109,114.34429615669626,0.39940192747003644,valid,True
CL,bull,0.25,0.0798757246219328,0.030000000000000002,0.24144329916299773,0.5419605047100511,0.4926913679182282,-0.015317431679607415,1.5,0.1289772577338326,126.56603470493722,0.1806691279169172,0.1441218676511199,158.474884698983,0.9069489499770351,valid,True
NOC,bear,0.25,-0.009327260202500978,0.02,0.0843142960693013,0.02,0.06689506153602323,0.0,0.5,0.0,188.59751706235517,-0.2215233917682781,-0.14142249121796338,222.5155499742185,-0.5016166893515025,valid,True
NOC,base,0.5,0.049787521952574965,0.025,0.10848230245639823,0.02,0.06689506153602323,-0.03029310445995523,1.0,1.2,237.40040812372243,-0.13092550261499122,-0.0747621586473542,403.8583112116791,-0.33714361081732924,valid,True
NOC,bull,0.25,0.09707934767663572,0.030000000000000002,0.12738620511679843,0.022000000000000002,0.06689506153602323,-0.03029310445995523,1.5,1.2,363.95730659814143,-0.023128291618195334,-1.3955803296966427e-05,588.0057461257258,-7.316086361641716e-05,valid,True
HLT,bear,0.25,-0.09318107749503285,0.02,0.1237636964357573,0.4231491773581495,0.08977770563744648,0.0,0.5,0.0,-8.511799385776849,-0.8128531567977917,-0.6362139821998423,0.0,-0.965556539601627,valid,True
HLT,base,0.5,0.06892049652289733,0.025,0.19370316505405474,0.5641989031441993,0.48947756453688573,-0.05,1.0,0.10658722816224275,70.23677587309993,-0.3479978303133976,-0.19578782242315357,87.41314359639114,-0.6349049614459163,valid,True
HLT,bull,0.25,0.19860175573724148,0.030000000000000002,0.25616084892213936,0.6,0.5641989031441993,-0.05,1.5,0.2748023409829886,183.01188406214243,-0.12224315387720705,-0.022474423775565786,237.3376753198215,-0.10197967204036895,valid,True
KMI,bear,0.25,-0.19386418904071254,0.02,0.22121026852827663,0.04643530441219978,0.07051503387373594,0.0,0.5,0.0,-2.8696419463820964,,-0.95,0.0,-1.01326959096574,below_lower_bound,True
KMI,base,0.5,0.04718492244321815,0.025,0.28441380746680256,0.06191373921626637,0.07051503387373594,-0.0048954945173924624,1.0,0.6904434863036589,11.094858320087129,-0.24268862593453375,-0.12763006815221156,16.345633034717633,-0.5022441566196783,valid,True
KMI,bull,0.25,0.2400242116303627,0.030000000000000002,0.31249792945932775,0.06810511313789301,0.07051503387373594,-0.0048954945173924624,1.5,1.2,26.5943262182016,-0.030029564723372433,0.03453586047980936,43.27301542618281,0.20119728828000616,valid,True
SLB,bear,0.25,-0.11704650772931488,0.02,0.08724287253292044,0.16797076816229684,0.07745841986799226,0.013311243268408001,0.5,0.0,11.59251732314421,-0.34131346507929256,-0.22457835767418144,9.860859670203197,-0.6672104279950415,valid,True
SLB,base,0.5,0.017861018915472537,0.025,0.13417969730870635,0.22396102421639577,0.17047292336879366,0.013311243268408001,1.0,0.08612576764134092,37.45823976468335,-0.01443168395198879,0.015005990583449631,39.55898119485414,0.07028739534014483,valid,True
SLB,bull,0.25,0.1257870402313025,0.030000000000000002,0.17175547550175038,0.24635712663803536,0.19977344423847435,0.013311243268408001,1.5,0.43282544182985827,70.66891615338355,0.2035696007544175,0.16193458545021716,81.5463275454458,1.0307708695424878,valid,True
MSI,bear,0.25,0.034397182944977074,0.02,0.1703243130021826,0.12690299769663507,0.08474307496679223,0.0,0.5,0.2483609286466633,74.40263170567488,-0.3997523506855941,-0.24168271000089592,83.04992249729477,-0.7182539510106636,valid,True
MSI,base,0.5,0.08394853395931356,0.025,0.20223532193357102,0.16920399692884677,0.16241333880309758,-0.011460111573374695,1.0,0.42646053566804865,138.47269751893356,-0.2553383850157842,-0.1309197642374783,172.84854340320473,-0.485219185405389,valid,True
MSI,bull,0.25,0.12358961477078276,0.030000000000000002,0.22867384305343702,0.18612439662173147,0.16920399692884677,-0.011460111573374695,1.5,0.5634494656268055,195.09820823803935,-0.16827791201358194,-0.0658252339606406,253.38629542887634,-0.27875103361302167,valid,True
GM,bear,0.25,-0.18647691041915426,0.02,0.03426668860734129,0.02,0.08684329095724297,0.0,0.5,0.0,-75.23983611159377,,-0.95,0.0,-1.3703524690249995,below_lower_bound,True
GM,base,0.5,0.016934857800574687,0.025,0.054134788670623685,0.02,0.08684329095724297,-0.05,1.0,0.9273943120229874,-34.60936759072688,,-0.95,10.139169437622664,-1.4703232159537007,below_lower_bound,True
GM,bull,0.25,0.17966427237635785,0.030000000000000002,0.06709014689461079,0.022000000000000002,0.08684329095724297,-0.05,1.5,1.2,36.03199059586198,-0.04344846343155947,-0.0057532154896761944,129.90612286075037,-0.03641504330723133,valid,True
RSG,bear,0.25,0.0031837498675955506,0.02,0.16229213919350347,0.17040065333548682,0.07033547105343027,0.0,0.5,0.0384212135688625,107.12886940615685,-0.17580335561069663,-0.08988546245382162,109.39408544283555,-0.34815376220810357,valid,True
RSG,base,0.5,0.053183944901299185,0.025,0.1819383189583541,0.22720087111398243,0.22434592083288038,-0.009096914731312087,1.0,0.2092736514957543,173.75139491258636,-0.022852428629994363,0.014249664236558627,205.10822162193847,0.06953953975019167,valid,True
RSG,bull,0.25,0.0931841009282621,0.030000000000000002,0.19835873232807313,0.24992095822538068,0.22720087111398243,-0.009096914731312087,1.5,0.32229102078734634,227.454212295721,0.06720023112138736,0.07575896181224383,279.07572494113987,0.4192181084903637,valid,True
GWW,bear,0.25,0.028539551705464142,0.02,0.10863473294108898,0.3107465218969111,0.09516408656145858,0.0,0.5,0.08634574958580744,331.3574487484071,-0.34543612301640675,-0.20327824034175127,342.58235421154313,-0.6406829228529842,valid,True
GWW,base,0.5,0.07769174095244413,0.025,0.13212734752047384,0.4143286958625481,0.39626397897610643,-0.02574656517625142,1.0,0.16207758099437355,559.2388774547042,-0.2206199828047829,-0.109314895096395,708.4271546401596,-0.43184888513143926,valid,True
GWW,bull,0.25,0.11701349235002813,0.030000000000000002,0.15251629070660278,0.455761565448803,0.4143286958625481,-0.02574656517625142,1.5,0.21855900416247817,761.4845699831603,-0.1307182013340934,-0.041995418255464725,1006.313842719044,-0.1887190867029569,valid,True
URI,bear,0.25,-0.014254013684380826,0.02,0.20674637225761244,0.10557601042315246,0.11847550787306968,0.0,0.5,0.0,102.86201060537044,-0.46977048281223677,-0.29588387546100425,110.18422310473454,-0.7636946305845822,valid,True
URI,base,0.5,0.08727406047653219,0.025,0.24881215862584077,0.1407680138975366,0.13251086966607406,-0.03769852682111666,1.0,0.5315074519392297,232.2603405554881,-0.30707590167658055,-0.1516395093385654,346.35566717843795,-0.5338598122921221,valid,True
URI,bull,0.25,0.1684965198052626,0.030000000000000002,0.2733217590814298,0.15484481528729027,0.13696937087096744,-0.03769852682111666,1.5,0.909279497560076,355.27038289626836,-0.21368163647712202,-0.07400255447864765,586.5496387891665,-0.31260055200794024,valid,True
BSX,bear,0.25,-0.02095213996951975,0.02,0.11590522476098995,0.11042778231129219,0.0710817670758284,0.007668702501478175,0.5,0.0,13.219294959277333,-0.30419501658761866,-0.18588067458476865,12.30686379885038,-0.5972700944019662,valid,True
BSX,base,0.5,0.09155769434037331,0.025,0.15840997764783987,0.14723704308172292,0.10933456221358923,0.007668702501478175,1.0,0.5314298211549158,31.069649511702245,-0.0667360163060948,-0.008966385107487413,36.059158856665775,-0.04203071157291405,valid,True
BSX,bull,0.25,0.18156556178828775,0.030000000000000002,0.18671248398867274,0.16196074738989522,0.12456561741476811,0.007668702501478175,1.5,0.9338833752508783,52.04728518428484,0.09374286350794139,0.10183228666428479,64.93793019627552,0.6122887400922952,valid,True
NKE,bear,0.25,-0.05529908024316589,0.02,0.0934898367822188,0.02,0.0945078712115416,0.0,0.5,0.0,20.131280721860893,-0.14188176472671327,-0.0834626601543277,22.102051462668356,-0.31764760433525197,valid,True
NKE,base,0.5,0.016158250966344045,0.025,0.11874099658327855,0.02,0.0945078712115416,-0.02982218195719514,1.0,0.8963300386537618,21.814376014119183,-0.07732847891747949,-0.04546682209474963,36.30392728743385,-0.20878040400478226,valid,True
NKE,bull,0.25,0.073324115933952,0.030000000000000002,0.13938619312687292,0.022000000000000002,0.0945078712115416,-0.02982218195719514,1.5,1.2,29.138503297429427,0.0071092880330980105,0.013632284977939006,51.367966241511404,0.07252944060947986,valid,True
TGT,bear,0.25,-0.05995050087195507,0.02,0.04076096799569828,0.02,0.08371478296795926,0.0,0.5,0.0,40.471925512661635,-0.2555065865220968,-0.1685669848520774,44.85555531937335,-0.5494039263406656,valid,True
TGT,base,0.5,0.01678906721329415,0.025,0.053836488804846115,0.02,0.08371478296795926,-0.010908729480771952,1.0,0.921562688531766,52.357010009931216,-0.14004098161822182,-0.08741489350795743,99.08830173694459,-0.3768592476466246,valid,True
TGT,bull,0.25,0.07818072168149354,0.030000000000000002,0.06392650712732122,0.022000000000000002,0.08371478296795926,-0.010908729480771952,1.5,1.2,83.64033035301571,-0.024690437549725143,-0.005103943019639672,157.15317061794676,-0.026709615083026383,valid,True
TRGP,bear,0.25,-0.21921493093945205,0.02,0.08264339659489985,0.09208681612423791,0.07390065756248473,0.0,0.5,0.0,-42.856207557815516,,-0.95,0.0,-1.0036778760644585,below_lower_bound,True
TRGP,base,0.5,0.11895076320722975,0.025,0.12727401277133776,0.12278242149898388,0.10618706264254242,-0.02480692535879938,1.0,0.8157569246719303,73.43268796515723,-0.3175269910294446,-0.16200081189017504,109.86714923675171,-0.5885442649385868,valid,True
TRGP,bull,0.25,0.3894833185245752,0.030000000000000002,0.16351408965582526,0.13506066364888228,0.11596341542984226,-0.02480692535879938,1.5,1.2,309.9625277795701,0.03228020118549469,0.09803379223740198,464.09323390891626,0.6256712996710976,valid,True
HPE,bear,0.25,0.03160727133288735,0.02,0.05689089178254892,0.02,0.10107408060486364,0.018287719534549073,0.5,1.2,-2.1343770742433885,-0.6157179347006604,-0.4231614220771008,4.459606216317768,-0.9886542425408924,valid,True
HPE,base,0.5,0.15850646707753513,0.025,0.07724874801730915,0.02,0.10107408060486364,0.018287719534549073,1.0,1.2,6.354779990435563,-0.33462893946561967,-0.20103083055000745,18.55580259621273,-0.7117594504204505,valid,True
HPE,bull,0.25,0.26002582367325333,0.030000000000000002,0.08780373812867283,0.022000000000000002,0.10107408060486364,0.018287719534549073,1.5,1.2,15.361209622399304,-0.19905262653483075,-0.09609235058305785,32.89809848170525,-0.4188191408546732,valid,True
COR,bear,0.25,0.0390493484561137,0.02,0.009220858630676433,0.32521739065795174,0.06969034670832933,0.0,0.5,0.10835668625714477,145.3927141392768,-0.18588000885501965,-0.08818943718797526,150.35853979496514,-0.34181976795771507,valid,True
COR,base,0.5,0.07429008820303384,0.025,0.010527337797762354,0.43362318754393564,0.4237970008413743,-0.028226669532242392,1.0,0.1485900025950496,281.31056740032136,0.02952123749419118,0.052794542429910524,361.5239048149579,0.28488456553644226,valid,True
COR,bull,0.25,0.10248268000056995,0.030000000000000002,0.011633271179800902,0.47698550629832925,0.4336231875439356,-0.028226669532242392,1.5,0.1844629298765847,384.2344843362108,0.1450359607872088,0.12771337479643996,508.53503542358504,0.7966118696002724,valid,True
FIX,bear,0.25,0.17373075809180963,0.02,0.047626388139860594,0.44999999999999996,0.12803614484563688,0.0,0.5,0.31774356994099495,163.81025573445945,-0.525876251437876,-0.3380827770308314,166.99992632953462,-0.8453379024982564,valid,True
FIX,base,0.5,0.25,0.025,0.06778238600945254,0.6,0.542231624129106,-0.007817991089729338,1.0,0.34166666666666673,275.4142533222891,-0.4328324119887838,-0.2528036718838848,332.8437681504583,-0.7511877486398175,valid,True
FIX,bull,0.25,0.3110153935265523,0.030000000000000002,0.08567716348176915,0.6,0.6,-0.007817991089729338,1.5,0.4246871913687364,389.38826324073665,-0.35665061580803015,-0.18560098819016274,506.7439076605037,-0.6260916735402433,valid,True
CTVA,bear,0.25,-0.08681436754274692,0.02,0.05215996741881316,0.44999999999999996,0.07208946302840592,0.0,0.5,0.0,12.957447726620762,-0.4621007466921583,-0.3095927980379201,10.912101230126485,-0.8021123398615172,valid,True
CTVA,base,0.5,0.03182098515118503,0.025,0.09729096702649447,0.6,0.21905975652129772,-0.023989335881232088,1.0,0.05076131353491338,41.467953545574446,-0.18679485289030703,-0.09610440171672963,48.865540553612476,-0.3891614079071929,valid,True
CTVA,bull,0.25,0.1267292673063306,0.030000000000000002,0.1304318278578306,0.6,0.3246418639156165,-0.023989335881232088,1.5,0.1789723564084408,79.71659816101906,0.01962334651034328,0.05159114713314923,101.55643897095071,0.2774746214789281,valid,True
BDX,bear,0.25,-0.16063618031139365,0.02,0.08479935073554618,0.04990844445471074,0.0667816305811323,0.0,0.5,0.0,-1.5066333497444064,-0.769008918995678,-0.95,0.0,-0.974038096772871,below_lower_bound,True
BDX,base,0.5,-0.03799461381062513,0.025,0.11329093663343556,0.06654459260628098,0.0667816305811323,-0.013753069889073176,1.0,0.0,48.80899590835888,-0.2739357219892554,-0.16694902374001686,52.95634516409037,-0.5648318454779081,valid,True
BDX,bull,0.25,0.060118639389989695,0.030000000000000002,0.13015037561248696,0.07319905186690909,0.0667816305811323,-0.013753069889073176,1.5,0.739011095530956,84.80275649855778,-0.13348187145311383,-0.05182770122482905,115.23927927260407,-0.2333057202280462,valid,True
CARR,bear,0.25,-0.10167058544960321,0.02,0.08549807678128847,0.02,0.09889043163216434,0.0,0.5,0.0,-1.324420379015312,-0.765559223256423,-0.95,0.0,-0.9686629882222296,below_lower_bound,True
CARR,base,0.5,0.019095228372364437,0.025,0.11922563929220478,0.02,0.09889043163216434,-0.008588504461489628,1.0,1.0138091348945775,1.9401876184253983,-0.4719502579944673,-0.3178081758203916,12.744321460480924,-0.8784317255326269,valid,True
CARR,bull,0.25,0.11570787942993856,0.030000000000000002,0.14409354454731738,0.022000000000000002,0.09889043163216434,-0.008588504461489628,1.5,1.2,10.512454845668863,-0.31744836786529046,-0.18762852340005337,28.710907937802123,-0.6722838622245637,valid,True
DAL,bear,0.25,-0.2567661681474326,0.02,-0.05787733050657781,0.17910585219931122,0.09300735334257158,0.008252049186159294,0.5,0.0,-40.704954471086786,,-0.95,0.0,-1.1168933271085173,below_lower_bound,True
DAL,base,0.5,0.09400353428988284,0.025,0.09349638415522864,0.23880780293241496,0.16358935098901478,0.008252049186159294,1.0,0.33584676232126504,87.19991388974162,0.09243045655312021,0.10394128141924741,102.9821382944549,0.5733066830724121,valid,True
DAL,bull,0.25,0.37461929623973517,0.030000000000000002,0.2362324353668543,0.26268858322565647,0.19274944090698343,0.008252049186159294,1.5,1.163718016360032,512.5944206380025,0.8610244412906467,0.5660155600402506,685.5023738538683,8.146652452772742,valid,True
OXY,bear,0.25,-0.22978105625887435,0.02,0.08757351200821548,0.02,0.06870449557118556,0.0,0.5,0.0,-0.5706470151597054,-0.8048694084514865,-0.95,0.0,-0.99295478901697,below_lower_bound,True
OXY,base,0.5,0.026691840489233565,0.025,0.18189802822830284,0.02,0.06870449557118556,-0.0006324691278082328,1.0,1.2,23.07347228394316,-0.14426132565131405,-0.08795944910962133,40.38860466718682,-0.38830141433400645,valid,True
OXY,bull,0.25,0.23187015788771992,0.030000000000000002,0.2577589850930763,0.022000000000000002,0.06870449557118556,-0.0006324691278082328,1.5,1.2,77.11754766161405,0.18935057627968493,0.14156250165542594,119.58058760296814,0.9914031654980013,valid,True
AME,bear,0.25,-0.007257142443571063,0.02,0.2069908037803159,0.11033418123570825,0.09322847580233629,0.0,0.5,0.0,53.16166930380827,-0.3546150912938174,-0.21653639982978345,54.40123012912131,-0.6651271991163415,valid,True
AME,base,0.5,0.07638993158170582,0.025,0.23996926366993981,0.147112241647611,0.13574276705425803,-0.0034166686529228706,1.0,0.4493979870399063,79.37743260616013,-0.25603806054277817,-0.13413439573050703,97.07799546302748,-0.49488816527345625,valid,True
AME,bull,0.25,0.14330759080192731,0.030000000000000002,0.26175315740936106,0.1618234658123721,0.146519520223313,-0.0034166686529228706,1.5,0.7455412726200425,104.97225425300407,-0.18484904365905086,-0.07620801179145927,138.88283020147625,-0.31931446120188267,valid,True
KEYS,bear,0.25,0.07990873756481941,0.02,0.10304962799202118,0.02,0.10346004776098412,0.0,0.5,1.2,19.80309622017644,-0.5291108880497634,-0.350311624367896,38.05022652586641,-0.8917865623775503,valid,True
KEYS,base,0.5,0.16998125530768549,0.025,0.1788043833986215,0.02,0.10346004776098412,-0.01982813230735468,1.0,1.2,47.712244637143165,-0.3870552114618475,-0.23412024001590903,88.68136321944031,-0.7454014749409879,valid,True
KEYS,bull,0.25,0.24203926950197835,0.030000000000000002,0.2419319732496112,0.022000000000000002,0.10346004776098412,-0.01982813230735468,1.5,1.2,80.2695548876787,-0.28313624243019153,-0.15384185551956764,146.42319457363487,-0.5748929406636055,valid,True
NUE,bear,0.25,-0.21319194363185323,0.02,0.054591710829329974,0.02,0.130617815830058,0.0,0.5,0.0,9.596342277506169,-0.6098746449104511,-0.495742835740384,5.736112878357733,-0.9102347439616981,valid,True
NUE,base,0.5,0.11185033861575289,0.025,0.11697359193322268,0.02,0.130617815830058,-0.04746884954276743,1.0,1.2,52.09693414797949,-0.2238824839500012,-0.1299271956959273,135.36334336663936,-0.5213492145525735,valid,True
NUE,bull,0.25,0.37188416441383776,0.030000000000000002,0.1655274398667295,0.022000000000000002,0.130617815830058,-0.04746884954276743,1.5,1.2,187.74587318271222,0.0758197860210203,0.08837203063303604,412.3419296064364,0.555552934547642,valid,True
CAH,bear,0.25,0.03880023744087113,0.02,-0.002945902493140191,0.44999999999999996,0.06688438099656632,0.0,0.5,0.07786708878377091,-52.52992251720556,,-0.95,0.0,-1.0328759694179954,below_lower_bound,True
CAH,base,0.5,0.10917642755545431,0.025,0.0032869369312651603,0.6,0.41010421651097695,-0.05,1.0,0.15390190340727242,57.8122786860508,-0.3484953601873713,-0.20092800234851887,64.9734418039303,-0.6498326651736681,valid,True
CAH,bull,0.25,0.16547737964712086,0.030000000000000002,0.009294851261464036,0.6,0.5167273403116637,-0.05,1.5,0.23063650619616113,253.49136769520527,0.07913588120136414,0.09211958926462105,306.451987489723,0.5230002641491869,valid,True
CIEN,bear,0.25,0.08169710241997878,0.02,0.05329181632536148,0.02,0.10742311274322773,0.0,0.5,1.2,8.843873457033,-0.65105832742629,-0.4533603786709136,19.03006205688459,-0.9560457952377918,valid,True
CIEN,base,0.5,0.20419775707143317,0.025,0.08102395252304644,0.02,0.10742311274322773,-0.01697876428962563,1.0,1.2,22.793008240473302,-0.5469264575658599,-0.3534769175937982,44.873340484616506,-0.8931600044335611,valid,True
CIEN,bull,0.25,0.3021982807925967,0.030000000000000002,0.10125975263329914,0.022000000000000002,0.10742311274322773,-0.01697876428962563,1.5,1.2,38.337245993138154,-0.47167304122413034,-0.2873860259875073,73.00529487414302,-0.8231873463601682,valid,True
LHX,bear,0.25,,0.02,0.05941037672205949,0.02,0.08074900756247949,0.0,0.5,,,,,,,non_finite_input,False
LHX,base,0.5,0.10684905238308928,0.025,0.09833066544706151,0.024780364618550238,0.08074900756247949,-0.01613021532142897,1.0,1.2,55.004375408749446,-0.3168522897263755,-0.18735888619557947,120.19393627912308,-0.681159233837852,valid,True
LHX,bull,0.25,,0.030000000000000002,0.12674333926239054,0.027258401080405264,0.08074900756247949,-0.01613021532142897,1.5,,,,,,,non_finite_input,False
ROK,bear,0.25,-0.012863230104237011,0.02,0.1407016919132794,0.44999999999999996,0.11724328658166729,0.0,0.5,0.0,49.036137567587325,-0.4926091642482787,-0.3180582407934708,47.90393884324551,-0.8103461688756532,valid,True
ROK,base,0.5,0.061570206867507915,0.025,0.17226625135061094,0.6,0.5189934234884038,-0.013575828383594937,1.0,0.09042694249001056,98.88672764924631,-0.35823024792043734,-0.2051106373502989,123.11452378954122,-0.6640569075549994,valid,True
ROK,bull,0.25,0.12111695644490386,0.030000000000000002,0.19691087547118846,0.6,0.6,-0.013575828383594937,1.5,0.17148927525987182,145.90181422810215,-0.26522880796110254,-0.12923120632331117,192.9499250634486,-0.4829101174709478,valid,True
AZO,bear,0.25,0.03890071487208602,0.02,0.17346712026693517,0.15059554300855973,0.06598230500342227,0.0,0.5,0.23321123053205228,2028.0312086356712,-0.08038327508547809,-0.018710092386027076,2221.44646143245,-0.083719325962481,valid,True
AZO,base,0.5,0.0797433368838848,0.025,0.19519689421872288,0.2007940573447463,0.19809782229791983,-0.05,1.0,0.34261307539093766,3836.301442509076,0.14973541201434273,0.12753618834249209,5236.843630912797,0.8092123598202219,valid,True
AZO,bull,0.25,0.11241743449332382,0.030000000000000002,0.2134131240745736,0.22087346307922096,0.2007940573447463,-0.05,1.5,0.4343389479987024,5239.127951403255,0.27486084986812787,0.20615828309200881,7325.651556573585,1.5259847733097387,valid,True
EW,bear,0.25,0.031701701345549935,0.02,0.25504128948354154,0.05444016519858748,0.08808320708532909,0.0,0.5,0.539332696169,32.588881178853036,-0.21961212776368483,-0.11778477376792576,38.17538825226436,-0.4440484559012834,valid,True
EW,base,0.5,0.09493261483878279,0.025,0.28914920347335843,0.07258688693144998,0.08808320708532909,-0.027314346925775904,1.0,1.1151613644413567,38.80691502755976,-0.1764741944964044,-0.08130886077415195,53.22431511385119,-0.3440274310622303,valid,True
EW,bull,0.25,0.14551734563336907,0.030000000000000002,0.3161223608674702,0.07984557562459497,0.08808320708532909,-0.027314346925775904,1.5,1.2,45.49623477194913,-0.13082351657794783,-0.04553407196071927,65.44235334656325,-0.20851388005290572,valid,True
HUM,bear,0.25,0.12426206798878014,0.02,0.0246488768214589,0.02,0.0781031410713616,0.0,0.5,1.2,342.30508141236413,0.04096502816537398,0.04319484265288341,491.52030964408846,0.23530146853902,valid,True
HUM,base,0.5,0.1900186940400177,0.025,0.03738824841318843,0.02,0.0781031410713616,-0.022184512961211156,1.0,1.2,567.5807313805319,0.2242711196362507,0.15447595187724805,847.2648842209281,1.061586050670746,valid,True
HUM,bull,0.25,0.24262399488100775,0.030000000000000002,0.047666725494361885,0.022000000000000002,0.0781031410713616,-0.022184512961211156,1.5,1.2,811.093214519841,0.3637229038635268,0.23891593812732032,1221.8108327350935,1.9526690622984937,valid,True
XYZ,bear,0.25,-0.21965193874405015,0.02,-0.016203470417892406,0.10852572510152664,0.14,0.0,0.5,0.0,9.694277843728946,-0.5413943135819862,-0.36594589850865306,6.981528235770115,-0.857407193262701,valid,True
XYZ,base,0.5,0.1990270955482215,0.025,0.007378305230987299,0.1447009668020355,0.14065390448216314,0.0,1.0,1.134903795516777,13.497856859457933,-0.4307241683476604,-0.24586750420276074,16.664087040313436,-0.7442019960043376,valid,True
XYZ,bull,0.25,0.5339703229820388,0.030000000000000002,0.029896608855398653,0.15917106348223908,0.14159409784257024,0.0,1.5,1.2,31.81073957433547,-0.22847579547669736,-0.0650751474779099,51.7252581406383,-0.2878877895148151,valid,True
WAB,bear,0.25,-0.10109886983423544,0.02,0.08579731910004586,0.20413550856229895,0.0860515206721173,0.0,0.5,0.0,5.286942906278181,-0.7144014627650903,-0.5536413424822967,1.8512999742548328,-0.9468052384690587,valid,True
WAB,base,0.5,0.13152406251905924,0.025,0.11644795394000608,0.2721806780830653,0.18138687509800486,-0.024204110930584007,1.0,0.4049488405698299,73.8262682686883,-0.3040469771454809,-0.1570160317816771,93.33802147839212,-0.5539715354598527,valid,True
WAB,bull,0.25,0.317622408401695,0.030000000000000002,0.13683137268107598,0.29939874589137183,0.21861270658019444,-0.024204110930584007,1.5,0.868734189072806,172.33391694833466,-0.10223176716535817,0.0038743571058148796,236.39830552245365,0.019141761105733845,valid,True
CMG,bear,0.25,0.0511299436405948,0.02,0.08513667536123057,0.11883043196282231,0.09068433273522353,0.0,0.5,0.37788261955089625,4.209994004964661,-0.4744102089200169,-0.29807192935841165,4.880936057849055,-0.8068661281220751,valid,True
CMG,base,0.5,0.11337946916142783,0.025,0.12052278617695131,0.15844057595042974,0.14770121140081954,-0.027806807479949226,1.0,0.6040345079222913,9.867701804764042,-0.30217466743197297,-0.16418961479794233,13.43374477865392,-0.5890019193570785,valid,True
CMG,bull,0.25,0.16317908957809424,0.030000000000000002,0.15123562595866077,0.17428463354547272,0.15844057595042974,-0.027806807479949226,1.5,0.7834498594900497,15.888306201350355,-0.18071506780106575,-0.0706557829282246,22.538345920202467,-0.3050729877807071,valid,True
DHI,bear,0.25,-0.0648179029512935,0.02,0.11857804128616081,0.02,0.10452032480139649,0.0,0.5,0.0,65.09671634759704,-0.14246974575798954,-0.08395960740745065,71.03105368303297,-0.3112257281265577,valid,True
DHI,base,0.5,0.04899934889861679,0.025,0.15579730005557357,0.02,0.10452032480139649,-0.05,1.0,1.2,72.3841229734113,-0.05191822518827392,-0.027821703348308774,147.37988790494546,-0.13790304153932975,valid,True
DHI,bull,0.25,0.14005315037854502,0.030000000000000002,0.1832644268280077,0.022000000000000002,0.10452032480139649,-0.05,1.5,1.2,121.64209331664672,0.08768488488858565,0.06801043744781057,235.34708298951605,0.41059429915362444,valid,True
LYV,bear,0.25,-0.5530778512242096,0.02,-0.1,0.3678171442818954,0.08938346256273771,0.0,0.5,0.0,-16.84620206440961,,-0.95,0.0,-1.0313056451058629,below_lower_bound,True
LYV,base,0.5,0.11988864105337171,0.025,0.031868649483831786,0.49042285904252714,0.3024155899728018,0.0,1.0,0.20576306952679557,42.23430252407737,-0.35171734553005085,-0.2005619339237455,48.66999404231191,-0.6466876754871089,valid,True
LYV,bull,0.25,0.6582618348754368,0.030000000000000002,0.18581556706804608,0.5394651449467799,0.3826234692687598,0.0,1.5,0.9872917145608976,922.7727192095509,0.6965876808390021,0.5240703603485599,1252.4376185461795,6.804868912854019,valid,True
ED,bear,0.25,-0.05604729228735825,0.02,0.1506898447743912,0.02,0.07080827302182378,0.00799290411037279,0.5,0.0,-2.974471272063072,-0.774639814380498,-0.95,0.7829866240383213,-1.0394777698649322,below_lower_bound,True
ED,base,0.5,0.059123917958483374,0.025,0.19193011684904407,0.025244328367981617,0.07080827302182378,0.00799290411037279,1.0,1.2,17.296388780697562,-0.30795064863050353,-0.19267254461301492,60.02500031995089,-0.7533431729788006,valid,True
ED,bull,0.25,0.15126088615515668,0.030000000000000002,0.2140426334785212,0.027768761204779783,0.07080827302182378,0.00799290411037279,1.5,1.2,59.424735629368186,-0.10917883636429901,-0.04722959805803835,120.42199776501977,-0.24377848318727213,valid,True
ADM,bear,0.25,-0.1452636846991752,0.02,0.020617501326140122,0.023629891336834807,0.07518424078438443,0.0,0.5,0.0,4.201488270058305,-0.5538637676509098,-0.4458029497385722,5.1516284241285835,-0.9304816840252097,valid,True
ADM,base,0.5,0.03269538113183157,0.025,0.029387294404086977,0.03150652178244641,0.07518424078438443,-0.05,1.0,0.9888843053067103,26.506179015545758,-0.23654947636532594,-0.1377715176611673,44.47562490171984,-0.5406236883215776,valid,True
ADM,bull,0.25,0.17506263379663697,0.030000000000000002,0.035253035049021955,0.034657173960691054,0.07518424078438443,-0.05,1.5,1.2,57.994277540509486,-0.048477053863462044,-0.00030284259119068256,97.0120549246853,-0.0016039305925561465,valid,True
CBRE,bear,0.25,0.039351867258692275,0.02,0.03499480016881225,0.02,0.09651113020446617,0.0,0.5,1.2,7.084678171470482,-0.46056702657951964,-0.30019991604203833,28.06790673409588,-0.8622955305570666,valid,True
CBRE,base,0.5,0.1207170607921324,0.025,0.04487385041355632,0.02,0.09651113020446617,-0.03226693695322658,1.0,1.2,24.73551452847088,-0.3090609089878852,-0.18361526356020474,59.405707157720116,-0.6615325827236722,valid,True
CBRE,bull,0.25,0.1858092156188845,0.030000000000000002,0.0519978706121601,0.022000000000000002,0.09651113020446617,-0.03226693695322658,1.5,1.2,43.602230123590594,-0.20841677122516555,-0.10642838824423956,91.59220026048165,-0.44732859608255104,valid,True
YUM,bear,0.25,0.035024593247751035,0.02,0.2784237566382741,0.41935307330037913,0.06861113490553158,0.0,0.5,0.07635493009792586,80.57863768562073,-0.1450330480933189,-0.05907794739177914,84.2969307333974,-0.24193074819508853,valid,True
YUM,base,0.5,0.08531247682392762,0.025,0.32226093622302104,0.5591374310671722,0.5426557475161411,-0.014686229188669991,1.0,0.13100532604182277,179.91468396746728,0.1326603730674833,0.11803398105548699,213.31330938937072,0.6886207080531737,valid,True
YUM,bull,0.25,0.12554278368486887,0.030000000000000002,0.35964000664585866,0.6,0.5591374310671722,-0.014686229188669991,1.5,0.17739037824649184,262.1095793102033,0.2782154738786631,0.20926222304115072,319.3247829776816,1.458475737024017,valid,True
PEG,bear,0.25,-0.10374617087104215,0.02,0.1340070536004305,0.2382729114042861,0.07256437651625892,0.0,0.5,0.0,1.2488768886702117,,-0.95,0.0,-0.9753882251072666,below_lower_bound,True
PEG,base,0.5,0.04957116126488936,0.025,0.23252653674492513,0.3176972152057148,0.15544378927716396,-0.0006657791581933248,1.0,0.14056443328593643,68.74549842253542,0.01336846917402002,0.041419107024557915,80.72617490923618,0.21026378352955732,valid,True
PEG,bull,0.25,0.17222502697363457,0.030000000000000002,0.30447172463752603,0.3494669367262863,0.20447035701505517,-0.0006657791581933248,1.5,0.41142668009111477,165.93697328135246,0.3389530907385051,0.2531260012648999,207.49459682863142,1.9580937405946015,valid,True
SYY,bear,0.25,-0.04947591543470936,0.02,0.030162636605328585,0.16800432769501308,0.06871466433575119,0.0,0.5,0.0,25.394875593355515,-0.2759158622357063,-0.1637677011429332,25.16951346216742,-0.54638709369341,valid,True
SYY,base,0.5,0.042946680202376575,0.025,0.03835616996896853,0.22400577026001744,0.194578105687369,-0.02442568318945191,1.0,0.17569790330051202,80.93229172847708,0.06790709084598351,0.07381381916929966,96.35969522144573,0.396341403370986,valid,True
SYY,bull,0.25,0.11688475671204532,0.030000000000000002,0.044884086651706026,0.2464063472860192,0.22400577026001744,-0.02442568318945191,1.5,0.40383620984459195,141.27001273969705,0.26970937224104996,0.20331314180511983,176.2076121653991,1.4258145574556274,valid,True
VMC,bear,0.25,-0.10664704716469872,0.02,0.14103395034571473,0.10438065515041492,0.09433516875372414,0.0,0.5,0.0,20.214639736662466,-0.5582398561280567,-0.396946394063707,17.3129126220828,-0.8838564918644352,valid,True
VMC,base,0.5,0.05533980056627397,0.025,0.18273980107251592,0.1391742068672199,0.10914101913880044,-0.0058501853647716625,1.0,0.35402997122898866,70.22261900953637,-0.3267537308682221,-0.18329020972014404,86.27648761780821,-0.612634246727701,valid,True
VMC,bull,0.25,0.1849292787510521,0.030000000000000002,0.2033446869694737,0.1530916275539419,0.11810882676149959,-0.0058501853647716625,1.5,1.0055639583987024,117.45609412486196,-0.20690177087672051,-0.08028478932392316,170.34540056851708,-0.3405023813560527,valid,True
A,bear,0.25,-0.003995664307798866,0.02,0.17155105914073962,0.06945091549721241,0.1036500922212152,0.0,0.5,0.011568869150373647,31.31094640994854,-0.33167398610385135,-0.1997917558648623,33.08555583169627,-0.6283060924954158,valid,True
A,base,0.5,0.06345513936567504,0.025,0.20521881264522696,0.09260122066294987,0.1036500922212152,-0.021672127762757547,1.0,0.6021962895663154,40.4391349907529,-0.2729141717951279,-0.1464695675414986,54.49621279036702,-0.5411551473940287,valid,True
A,bull,0.25,0.11741578230445417,0.030000000000000002,0.229719441788852,0.10186134272924487,0.1036500922212152,-0.021672127762757547,1.5,0.981065271338429,49.2268329725201,-0.2155199153290595,-0.09878597917559086,72.35564672254627,-0.40359163675630216,valid,True
WEC,bear,0.25,-0.057345226512486705,0.02,0.16672178454606415,0.04483652559366831,0.07185384745507319,0.012703075648047957,0.5,0.0,-12.578508586848315,,-0.95,0.0,-1.0468816652547335,below_lower_bound,True
WEC,base,0.5,0.06113084649894063,0.025,0.21038385074284094,0.05978203412489108,0.07185384745507319,0.012703075648047957,1.0,0.9016869029002903,12.009985335379481,-0.4506140474462882,-0.26560121464135594,30.50814846651907,-0.8472749091007177,valid,True
WEC,bull,0.25,0.15591170490808248,0.030000000000000002,0.23320844844279306,0.0657602375373802,0.07185384745507319,0.012703075648047957,1.5,1.2,36.63941257438777,-0.27167893145233385,-0.12428164807497522,73.93116563962407,-0.54421381951993,valid,True
KVUE,bear,0.25,-0.04138760947690154,0.02,0.0968405354364059,0.09051016648571275,0.06546200867215937,0.0,0.5,0.0,4.48416455117451,-0.3556262569967658,-0.2255509735550731,4.115684975391883,-0.6709625820287605,valid,True
KVUE,base,0.5,0.025297057893132968,0.025,0.16265216265216265,0.12068022198095033,0.09410921773676012,0.0,1.0,0.2091282722241777,14.071007564839656,-0.0368474340997636,0.0039055210538208765,15.998626424111798,0.01829306703910638,valid,True
KVUE,bull,0.25,0.07864479178916058,0.030000000000000002,0.21428377432790385,0.13274824417904538,0.10515286039851832,0.0,1.5,0.5191468546911823,25.034696951373295,0.1615045456681401,0.13231515106745068,30.557632226744577,0.8141154558121877,valid,True
KR,bear,0.25,-0.046123491563959895,0.02,0.016380753328872514,0.04229010054969175,0.06880504029909751,0.0,0.5,0.0,5.702787521976322,-0.47756386707187637,-0.3419968939328101,7.5355573019324265,-0.8610374537829995,valid,True
KR,base,0.5,0.01552729977291245,0.025,0.021216851165038214,0.05638680073292233,0.06880504029909751,-0.05,1.0,0.3089701772733835,22.92999729811275,-0.20875974379014225,-0.11293279592646283,31.515792350216763,-0.4489031085203363,valid,True
KR,bull,0.25,0.06484793284241033,0.030000000000000002,0.02473697380769242,0.06202548080621457,0.06880504029909751,-0.05,1.5,0.9331382122575859,36.28622326045289,-0.08628172222524878,-0.022792043490335312,55.24228041537732,-0.11394340000444814,valid,True
HSY,bear,0.25,0.0013907662416377253,0.02,0.17767673180653049,0.02,0.06788706382950044,0.0,0.5,0.255630649665509,90.64432458524973,-0.10988187170587477,-0.06334426283719949,115.90657447940073,-0.2675864830550113,valid,True
HSY,base,0.5,0.05864866540271485,0.025,0.21786215855119656,0.02,0.06788706382950044,-0.005642909471930984,1.0,1.2,114.54953187326774,-0.027241016668267518,-0.009024806370143749,180.77281634471112,-0.04599243509993778,valid,True
HSY,bull,0.25,0.10445498473157655,0.030000000000000002,0.24962939148944444,0.022000000000000002,0.06788706382950044,-0.005642909471930984,1.5,1.2,159.2629704591826,0.06732161784893836,0.05481101474433675,246.0918229734426,0.31799352553946636,valid,True
IQV,bear,0.25,-0.036279759829462715,0.02,0.07814902738697521,0.13068624984876537,0.09438418245192394,0.0,0.5,0.0,-16.483454496952298,-0.9072876786907726,-0.95,0.0,-0.9823003521820179,below_lower_bound,True
IQV,base,0.5,0.06714147728018494,0.025,0.11262374556294646,0.17424833313168714,0.12516382612390467,-0.04466355757538582,1.0,0.33695118207974945,36.77581313563613,-0.3816749388584867,-0.2084259741619462,54.369921213397824,-0.6721868542083997,valid,True
IQV,bull,0.25,0.14987846696790305,0.030000000000000002,0.1350263244520255,0.19167316644485588,0.14113665625985733,-0.04466355757538582,1.5,0.656861760618665,93.36926938354313,-0.17444887082674537,-0.05291624972596761,139.72825658074112,-0.235566933482256,valid,True
MLM,bear,0.25,-0.04665428412924057,0.02,0.13209695392010884,0.08312941427932936,0.09310762119129401,0.0,0.5,0.0,29.63648102254476,-0.597994778501743,-0.42092115183768325,24.97081593055654,-0.8922545065320022,valid,True
MLM,base,0.5,0.06773763640974828,0.025,0.20423619418469918,0.11083921903910582,0.09948213061758235,-0.012750634941683263,1.0,0.5340177388557332,126.48879990313057,-0.3343023413282935,-0.18440494756941914,168.6443187572871,-0.6193601899264342,valid,True
MLM,bull,0.25,0.15925117284093937,0.030000000000000002,0.25368989918022405,0.12192314094301641,0.10302845018714471,-0.012750634941683263,1.5,1.0941396132100918,224.51471553236337,-0.2017680128308711,-0.07800604503063367,338.15400314441115,-0.33372607315439684,valid,True
EME,bear,0.25,0.06243900315614039,0.02,0.03640404004207042,0.3849973058984558,0.10091023637935971,0.0,0.5,0.14013397418199622,145.56581128801218,-0.40019011963813683,-0.24537044434910055,140.0014418833403,-0.713207258009372,valid,True
EME,base,0.5,0.12235465912271426,0.025,0.05229815894925574,0.5133297411979411,0.4613648835907998,-0.03559994456459081,1.0,0.2004242478880631,259.9716762477545,-0.26926196289496146,-0.1433760352003446,321.75680287767625,-0.531578903448171,valid,True
EME,bull,0.25,0.17028718389597336,0.030000000000000002,0.0664193702680613,0.5646627153177353,0.5133297411979411,-0.03559994456459081,1.5,0.2518844316411898,378.3221863485951,-0.16243477925454494,-0.05923286267861838,501.95813199370923,-0.2586153411133323,valid,True
IR,bear,0.25,-0.23471768451105507,0.02,0.09616680615569534,0.12074375818888622,0.0963698676115904,0.0,0.5,0.0,-0.3223786756194172,-0.8101543450175088,-0.6630409295263234,0.0,-0.9641144744145134,valid,True
IR,base,0.5,0.10299412023294197,0.025,0.15142001611754555,0.16099167758518163,0.11251239574299349,-0.01680127669053001,1.0,0.5428559879445458,21.19053180504806,-0.3237095151154791,-0.17360969658475367,28.48842853529728,-0.6077671703842533,valid,True
IR,bull,0.25,0.3731635640281396,0.030000000000000002,0.18736263142392517,0.17709084534369982,0.12543675773771173,-0.01680127669053001,1.5,1.2,56.395111920995596,-0.0851199498050846,0.023844514077063676,87.7265459690222,0.12720696654202746,valid,True
ZTS,bear,0.25,0.010047872947727764,0.02,0.3221330529656844,0.18588991683769907,0.07532643142746868,0.0,0.5,0.06476036227770696,65.11441919627478,0.015296183503232922,0.04287731583463031,67.71045735815495,0.20413526915580205,valid,True
ZTS,base,0.5,0.05134369158510621,0.025,0.359833772599066,0.24785322245026542,0.24502378307749156,-0.03758149481565532,1.0,0.1858961235709995,110.17309914867957,0.22836716744350272,0.17549055820563814,146.37809638363257,1.165725403572639,valid,True
ZTS,bull,0.25,0.08438034649500897,0.030000000000000002,0.39125179456286796,0.272638544695292,0.24785322245026542,-0.03758149481565532,1.5,0.26960339477368284,144.590286225515,0.34417761967051774,0.2475906821433455,198.96532969716762,1.897872726411293,valid,True
VEEV,bear,0.25,0.12753229956328302,0.02,0.2214598477817807,0.44999999999999996,0.09249950431133994,0.007236486671113429,0.5,0.23561297700139208,104.08364156370544,-0.14908577727619557,-0.0635258715774398,105.37539039262359,-0.25636628758857305,valid,True
VEEV,base,0.5,0.18418176409255838,0.025,0.2581749952379913,0.6,0.5812224816595196,0.007236486671113429,1.0,0.2539090187900779,142.80398562994296,-0.04954057542490769,0.008055365044856471,156.4759040114836,0.037411374426299826,valid,True
VEEV,bull,0.25,0.22950133571597867,0.030000000000000002,0.28958464654206123,0.6,0.6,0.007236486671113429,1.5,0.3160017809546382,174.7678495927075,0.014463064534356845,0.05507173302466983,199.0429841260747,0.280846064641572,valid,True
JBL,bear,0.25,0.054094198860974385,0.02,0.026975360237794527,0.19558561205838823,0.10202910748450894,0.0,0.5,0.241711844706994,43.724126908433725,-0.4389816753013292,-0.26797741334739844,48.01528453343404,-0.7544516909445889,valid,True
JBL,base,0.5,0.12293305554996337,0.025,0.037843518287798666,0.260780816077851,0.24223861651414863,-0.05,1.0,0.39629619231315943,98.09505716976739,-0.27059483391349215,-0.13968117349140813,134.66340164928002,-0.523371156327506,valid,True
JBL,bull,0.25,0.17800414090115455,0.030000000000000002,0.04748100512308359,0.2868588976856361,0.260780816077851,-0.05,1.5,0.5173390608352555,156.06648997094354,-0.14497580426395867,-0.0417068642680533,226.7635522220435,-0.18968998182584673,valid,True
LVS,bear,0.25,-0.3226793103627894,0.02,0.061875272559393596,0.16434456377813741,0.07520784369970744,0.0,0.5,0.0,-10.85641701889713,,-0.95,0.0,-1.0073939196548842,below_lower_bound,True
LVS,base,0.5,0.05206756499612297,0.025,0.22266116299469607,0.21912608503751654,0.17449703839866193,-0.04425864403880622,1.0,0.21290962227938653,57.00593755006068,0.16391258272342385,0.13743169887457052,67.40763514620498,0.8091841530243293,valid,True
LVS,bull,0.25,0.3518650652832529,0.030000000000000002,0.36975005198837985,0.24103869354126822,0.2032806866662238,-0.04425864403880622,1.5,1.1927215834223763,246.36613717638792,0.773754531890154,0.5092203044332565,330.8566310379069,6.847171681612257,valid,True
EL,bear,0.25,-0.06790945650045632,0.02,0.08157250537967238,0.02,0.09728025568196974,0.0,0.5,0.0,1.0198904308241283,-0.6285227592743466,-0.516942583967466,2.6380080152307066,-0.9433544163032799,valid,True
EL,base,0.5,0.0257544482961497,0.025,0.12251618571963457,0.02,0.09728025568196974,-0.0044041308425162295,1.0,1.2,5.704994238161517,-0.3935834600648377,-0.25907840984291397,23.88928814200337,-0.8194223854512648,valid,True
EL,bull,0.25,0.10068557213343451,0.030000000000000002,0.15478572011064667,0.022000000000000002,0.09728025568196974,-0.0044041308425162295,1.5,1.2,20.030130395317315,-0.23070302328560496,-0.1332613492035306,48.525853857845526,-0.5390336023182334,valid,True
ATO,bear,0.25,-0.0919527036582648,0.02,0.20435657621872005,0.0523468491079218,0.06919963736398821,0.0667008450145549,0.5,0.0,2.791271698738825,-0.7379561544687022,-0.95,0.14851724778354852,-0.9591142179913337,below_lower_bound,True
ATO,base,0.5,0.06864676313308882,0.025,0.26134417377789865,0.0697957988105624,0.06951983567694321,0.0667008450145549,1.0,0.8584672935558347,41.40753141432208,-0.37134064923156984,-0.23190589820733287,45.85833614115075,-0.7388186756653514,valid,True
ATO,bull,0.25,0.1971263365661717,0.030000000000000002,0.2962651760241404,0.07677537869161864,0.06963906796625804,0.0667008450145549,1.5,1.2,85.50326075160615,-0.22850083117373288,-0.1173045612813439,100.94596267516613,-0.4872869389364126,valid,True
TDY,bear,0.25,-0.044151597405056586,0.02,0.13512523694811582,0.16900858953025247,0.08858702757379518,0.0,0.5,0.0,122.26950747021614,-0.38890892658964726,-0.245529839660594,118.80340586320528,-0.7132047876725169,valid,True
TDY,base,0.5,0.08519530675729103,0.025,0.1650039602819721,0.22534478604033661,0.17892920281679242,-0.007528993287956572,1.0,0.3246413937118469,257.4883780813242,-0.21285836960450977,-0.10248687387793323,314.9707053483204,-0.40225069584968387,valid,True
TDY,bull,0.25,0.18867283008716912,0.030000000000000002,0.18400727259364358,0.2478792646443703,0.20628075451010075,-0.007528993287956572,1.5,0.6331238084593035,403.3408020817922,-0.09219419699657005,-0.00811756336479445,534.8197622065813,-0.03886214873044591,valid,True
HAL,bear,0.25,-0.18068982373533926,0.02,0.03901133269684241,0.10200795967485862,0.07436546277367503,0.0,0.5,0.0,0.5209010779819034,-0.7855107466632034,-0.6726842346019113,0.0,-0.9407675337636924,valid,True
HAL,base,0.5,0.0016188725228566403,0.025,0.11024930210138989,0.1360106128998115,0.10327703818283304,-0.02600056690526298,1.0,0.04628387361890961,27.765641365076416,-0.007036427524872095,0.023128019901923855,33.583535413167986,0.114107839724642,valid,True
HAL,bull,0.25,0.14746582952941337,0.030000000000000002,0.17105217506204082,0.14961167418979268,0.11560606820806034,-0.02600056690526298,1.5,0.8286296125946887,70.7891286166263,0.3388244519010187,0.2498574766563252,97.13768508026875,1.999560552682515,valid,True
FICO,bear,0.25,0.13684992365448145,0.02,0.30153188868834924,0.44999999999999996,0.10317202571678082,0.0,0.5,0.2521776420524115,180.53061701466544,-0.45071129910938906,-0.26168974023530606,205.5908032065518,-0.7462862210558303,valid,True
FICO,base,0.5,0.19081364753017915,0.025,0.3888932635167768,0.6,0.5590613749190627,-0.04020915908824892,1.0,0.2627515300402389,412.378710247994,-0.26496003275387925,-0.12121078589661916,522.4809000615668,-0.45128167563442556,valid,True
FICO,bull,0.25,0.23398462663073732,0.030000000000000002,0.46561451865538533,0.6,0.6,-0.04020915908824892,1.5,0.3219795021743164,624.2000610448798,-0.15778852881921918,-0.041446226520929455,817.4593342602535,-0.18014224084835806,valid,True
RMD,bear,0.25,0.07355024635124219,0.02,0.2392812702022626,0.21013029126910354,0.08324857095112279,0.0,0.5,0.29905349058179054,112.2845937502771,-0.12737578411470166,-0.04716324332985094,120.71917441042126,-0.19778231409374103,valid,True
RMD,base,0.5,0.1105199201783802,0.025,0.276682754846858,0.28017372169213806,0.27365549920261045,-0.003252737108461325,1.0,0.33342147714107156,170.9963171945756,0.012805719248717682,0.04699298455379905,202.29989607947888,0.2389095422529477,valid,True
RMD,bull,0.25,0.1400956592400906,0.030000000000000002,0.30856026829093597,0.3081910938613519,0.28017372169213806,-0.003252737108461325,1.5,0.38312764302394925,216.71320411244417,0.09520536169875415,0.10266056024702268,264.9043392867743,0.5829654696424262,valid,True
DOV,bear,0.25,-0.024964708288318288,0.02,0.1319419127035008,0.0437428987988258,0.09790802334157121,0.0,0.5,0.0,51.028949202108166,-0.32826082865940415,-0.2039367773075354,53.19314098359114,-0.6338619883995402,valid,True
DOV,base,0.5,0.04728768633988256,0.025,0.1572083358717778,0.058323865065101066,0.09790802334157121,-0.019685965344259877,1.0,0.7343503216753392,62.89023432070087,-0.2713232195295858,-0.15148301549779714,89.38545147231422,-0.5567323980393875,valid,True
DOV,bull,0.25,0.10508960204244325,0.030000000000000002,0.17447364078586067,0.06415625157161117,0.09790802334157121,-0.019685965344259877,1.5,1.2,73.09658129998888,-0.2199149716092506,-0.10822115312621461,119.59295328385362,-0.4430100312240308,valid,True
TPL,bear,0.25,0.0696266040249287,0.02,0.701320041117578,0.16807812070587075,0.07518475430324661,0.0,0.5,0.3551996117592103,108.51521382326978,-0.33208255597273817,-0.1935883188154548,119.32725566099116,-0.6371315915221447,valid,True
TPL,base,0.5,0.20279248018445495,0.025,0.786585672348183,0.22410416094116098,0.22136404385902336,-0.003071268525823445,1.0,0.7462332847602575,205.57005003185913,-0.17772829077148344,-0.07155293180840087,257.7661520845109,-0.30428540277411964,valid,True
TPL,bull,0.25,0.30932518111207596,0.030000000000000002,0.8578815420378842,0.2465145770352771,0.22410416094116098,-0.003071268525823445,1.5,1.0281750796967668,306.76381965100086,-0.0734401970024919,0.01027451085683427,401.0182840666361,0.05174583765033036,valid,True
TPR,bear,0.25,-0.0060681160928602595,0.02,0.08854256148357081,0.15428515333621373,0.10947315575090043,0.0,0.5,0.0,11.974609101130083,-0.5247091032972093,-0.3442858565424103,12.312146863426047,-0.8409887200483068,valid,True
TPR,base,0.5,0.08532169650870447,0.025,0.15222930660687622,0.20571353778161833,0.17961314617488763,-0.05,1.0,0.35611344784091087,40.69882974245664,-0.29056502024759534,-0.15633417100762015,57.030307960343684,-0.5668836036870033,valid,True
TPR,bull,0.25,0.15843354658995626,0.030000000000000002,0.2074399239383108,0.22628489155978018,0.19886122258103123,-0.05,1.5,0.5866358834517938,75.61970298567208,-0.12385386528330852,-0.025904678471852065,113.67552171688975,-0.12150117641777247,valid,True
OTIS,bear,0.25,-0.013556380356792061,0.02,0.12991219804550586,0.44999999999999996,0.07961755718312294,0.0,0.5,0.0,26.243207442630528,-0.24200271789450198,-0.12936814102577038,26.346239854969753,-0.455589150034333,valid,True
OTIS,base,0.5,0.029900567426615954,0.025,0.1447580284207614,0.6,0.5920901868691835,-0.027044762448158233,1.0,0.04820075656882128,53.06947930361789,-0.026702462078537756,0.016072626324603358,62.39993986619406,0.07576645476729471,valid,True
OTIS,bull,0.25,0.06466612565334237,0.030000000000000002,0.1571024400649062,0.6,0.6,-0.027044762448158233,1.5,0.09622150087112316,73.21831095583667,0.07949985284358266,0.0874402954010293,89.15313600902458,0.47471666212571173,valid,True
DG,bear,0.25,-0.010669503890439705,0.02,0.06257618132380742,0.02,0.065,0.0,0.5,0.0,66.52315544897081,-0.09420945255551483,-0.05956065881182437,85.01949513111214,-0.24601806249098723,valid,True
DG,base,0.5,0.06321153293636028,0.025,0.08277072295880822,0.02,0.065,-0.009264419401511882,1.0,1.2,106.25639856561222,0.06085701177362354,0.0408906553173438,185.10431204366398,0.24057764989404884,valid,True
DG,bull,0.25,0.12231636239780028,0.030000000000000002,0.09792949380899514,0.022000000000000002,0.065,-0.009264419401511882,1.5,1.2,178.60025833523247,0.22092262537917123,0.14312656613183214,289.10556161728886,1.032217848053702,valid,True
NRG,bear,0.25,-0.3098635225671981,0.02,0.06279065324657312,0.02275606537365163,0.08749027065579187,0.0,0.5,0.0,-64.41637240930565,,-0.95,0.0,-1.145668611059964,below_lower_bound,True
NRG,base,0.5,0.1710965846550193,0.025,0.09488985175466122,0.030341420498202175,0.08749027065579187,-0.04560261678218323,1.0,1.2,47.70216346746956,-0.14423372868914155,-0.05461300374008711,132.49000230155926,-0.27997387124556095,valid,True
NRG,bull,0.25,0.5558646704327932,0.030000000000000002,0.11950366430708288,0.033375562548022396,0.08749027065579187,-0.04560261678218323,1.5,1.2,365.9985346520104,0.4234243904124014,0.3260695651290007,632.3360627004116,3.4902688842757996,valid,True
DVN,bear,0.25,-0.19641136709057772,0.02,0.14453314225308567,0.05282924652946335,0.065,0.0,0.5,0.0,16.502196635370694,-0.20552873495034868,-0.144274276215583,15.24102757441605,-0.4890365826425902,valid,True
DVN,base,0.5,0.2471934809619596,0.025,0.24335070512560336,0.0704389953726178,0.0682943994971946,-0.01978023607528469,1.0,1.2,115.05796778761622,0.41519049857743084,0.286190280248411,161.13572170804184,2.6690530357028788,valid,True
DVN,bull,0.25,0.6020773594039894,0.030000000000000002,0.3241250299665832,0.07748289490987958,0.06938219857171816,-0.01978023607528469,1.5,1.2,380.23303999521414,0.9781139717437327,0.6228472887771203,526.0206516451893,11.054294427295893,valid,True
WSM,bear,0.25,-0.025106595881056765,0.02,0.13129290312012917,0.053884006460933734,0.11686482044733754,0.0,0.5,0.0,47.32168152840298,-0.3583611400565132,-0.22381301435525525,48.158318243211106,-0.667844397451421,valid,True
WSM,base,0.5,0.040782120448498715,0.025,0.16663394849440455,0.07184534194791165,0.11686482044733754,-0.04995489794834762,1.0,0.5237040473142692,61.63537141624665,-0.29601859198010055,-0.1709719594131457,85.64833423473162,-0.6026805065596494,valid,True
WSM,bull,0.25,0.0934930935121431,0.030000000000000002,0.19758835517456474,0.07902987614270282,0.11686482044733754,-0.04995489794834762,1.5,1.0223282479125408,74.95332401457526,-0.22939698858535845,-0.1160515256749931,119.62452914124518,-0.4599652874526903,valid,True
MTD,bear,0.25,0.0021737299741989846,0.02,0.24098788145378072,0.23771869877274107,0.10320025811581046,0.0,0.5,0.02414191230638383,292.1000347863681,-0.3489639779952996,-0.20602618663069733,301.7561796827988,-0.6394947774558541,valid,True
MTD,base,0.5,0.052327992497926856,0.025,0.2726700953622288,0.31695826503032143,0.312105958273362,-0.03783482337613527,1.0,0.14785036128923298,466.2368640590842,-0.24493908701624606,-0.12719114026840542,610.8572027643133,-0.48611440282414164,valid,True
MTD,bull,0.25,0.09245140251690916,0.030000000000000002,0.29933381616553506,0.3486540915333536,0.31695826503032143,-0.03783482337613527,1.5,0.22934227348907488,611.2614594710043,-0.16903039354365315,-0.06751309770515942,840.5119194210371,-0.2899043724249222,valid,True
PPG,bear,0.25,-0.061261982216696056,0.02,0.10600695563966345,0.08384313166955405,0.08607982628415065,0.0,0.5,0.0,33.00543282138835,-0.2855968434596433,-0.1717500384838786,32.759669716928705,-0.5562084956372778,valid,True
PPG,base,0.5,0.0314788165405111,0.025,0.12688760969798327,0.11179084222607207,0.10563819611117027,-0.02008174661042188,1.0,0.2699957584304659,63.99672520916673,-0.11634664502926167,-0.04026886190986258,81.84531021255786,-0.17817043713378478,valid,True
PPG,bull,0.25,0.10567145554627683,0.030000000000000002,0.14131031886072423,0.12296992644867928,0.11078039929955455,-0.02008174661042188,1.5,0.7362545221559238,91.84173572906776,-0.006595971656497539,0.04137714080861772,129.7167995109468,0.22081571032065272,valid,True
HUBB,bear,0.25,-0.005329046531332482,0.02,0.10804243411160364,0.14997308345878568,0.08601704137288692,0.0,0.5,0.0,78.15023123302939,-0.43469723687885564,-0.27686320528446223,74.23355142018127,-0.7590813351515168,valid,True
HUBB,base,0.5,0.07774249773622177,0.025,0.13879854972726194,0.19996411127838093,0.17805208973555442,-0.006119123628769538,1.0,0.33603028943245217,160.87822157840193,-0.2670850694150431,-0.14161112300353118,195.4085389486603,-0.5156862378251805,valid,True
HUBB,bull,0.25,0.14419973315026519,0.030000000000000002,0.16346904293012846,0.21996052240621905,0.19996411127838093,-0.006119123628769538,1.5,0.5517343984848659,249.8587474286102,-0.15184415680123492,-0.053505725171999044,325.2181964500989,-0.23344123012902918,valid,True
WST,bear,0.25,0.008161230377806514,0.02,0.1625343122683081,0.02,0.10279159920699184,0.0,0.5,0.5264492151122605,48.25601760324415,-0.42433699950343,-0.279285373428138,66.16193425819147,-0.7911618531374144,valid,True
WST,base,0.5,0.08698865191789984,0.025,0.20320865651832,0.02,0.10279159920699184,-0.016142340158953834,1.0,1.2,57.777105309457674,-0.3641962437919574,-0.2282134284978383,103.6717603145382,-0.7343998546094679,valid,True
WST,bull,0.25,0.1500505891499745,0.030000000000000002,0.23617428038330945,0.022000000000000002,0.10279159920699184,-0.016142340158953834,1.5,1.2,80.65650443733247,-0.3004497350368184,-0.1762190247653052,144.16621082866178,-0.6290113082707163,valid,True
WAT,bear,0.25,0.17883959490330426,0.02,0.24984161929676618,0.02165895263500694,0.09548780073619313,0.08,0.5,1.2,44.8166143125834,-0.4333457593835191,-0.28246624691091704,80.42758618460351,-0.8373937742279001,valid,True
WAT,base,0.5,0.25,0.025,0.28803615176012815,0.02887860351334259,0.09548780073619313,0.08,1.0,1.2,90.03684459082136,-0.3362585632115952,-0.20465165747009448,130.15835792627067,-0.7056070645908388,valid,True
WAT,bull,0.25,0.3069283240773566,0.030000000000000002,0.3106292060634028,0.03176646386467685,0.09548780073619313,0.08,1.5,1.2,128.86132053569585,-0.2724329029326326,-0.15607871056708972,174.89995698913032,-0.5924705216965489,valid,True
PHM,bear,0.25,-0.05931813369221424,0.02,0.14420283991139127,0.07222667908092303,0.0994535694872072,0.0,0.5,0.0,84.02656353866767,-0.04171528264996593,-0.001668215327663319,84.43156274546435,-0.007120455668640058,valid,True
PHM,base,0.5,0.020350748176890976,0.025,0.17968502312346285,0.09630223877456404,0.0994535694872072,-0.05,1.0,0.22097719442773275,120.31602663761305,0.0842542855651118,0.08987198586692102,161.61177455404157,0.5057345405792679,valid,True
PHM,bull,0.25,0.08408585367217515,0.030000000000000002,0.20701669368665418,0.10593246265202044,0.0994535694872072,-0.05,1.5,0.6916546741523588,149.79951459554607,0.1643292302964255,0.14744934428599668,219.9540445506054,0.9578734767946138,valid,True
CPAY,bear,0.25,0.07692193019766776,0.02,0.39762198677780647,0.22722114820068384,0.07609537750396589,0.0,0.5,0.2884306530316924,309.1828350734583,-0.00026277963770550677,0.039030392702261475,338.2836010470147,0.1915543266469555,valid,True
CPAY,base,0.5,0.133497359156873,0.025,0.43970602965951056,0.3029615309342451,0.30037525678513993,-0.04354338877859359,1.0,0.36901677576273884,520.9048655272461,0.2027571793354582,0.16949899020692105,715.0172502348319,1.1475244159820752,valid,True
CPAY,bull,0.25,0.17875770232423718,0.030000000000000002,0.47444258478560425,0.33325768402766964,0.3029615309342451,-0.04354338877859359,1.5,0.4471199585214008,686.5447178820219,0.3156575899745804,0.24231516401341652,968.9828814872429,1.889299504251439,valid,True
EXPD,bear,0.25,-0.08230361199295783,0.02,0.08733244003857879,0.3922369155909234,0.09661453256992614,0.0,0.5,0.0,52.49711717480986,-0.29545860061771234,-0.1776398795598652,51.655424887416906,-0.5814129164498134,valid,True
EXPD,base,0.5,0.05605587036726589,0.025,0.09817747651779296,0.5229825541212312,0.5146683777009807,-0.05,1.0,0.09530852587916029,94.67228010666972,-0.1473819548846222,-0.06355860858457162,122.55420602829012,-0.27520201066092054,valid,True
EXPD,bull,0.25,0.16674345625544487,0.030000000000000002,0.10726268173042569,0.5752808095333544,0.5229825541212312,-0.05,1.5,0.24230734398637002,139.3554222969814,-0.029410723847104206,0.030657879260252253,193.749588128624,0.15960826094968383,valid,True
DGX,bear,0.25,-0.022773102173697435,0.02,0.11313185329669273,0.02,0.06785566098113699,0.0,0.5,0.0,61.09980345184663,-0.2689779504697071,-0.1783749338064808,70.88453699230406,-0.5848554404927593,valid,True
DGX,base,0.5,0.06772075796942068,0.025,0.14573039501972124,0.02,0.06785566098113699,-0.021222653864809322,1.0,1.2,89.39648949486528,-0.14300158501137042,-0.07991887818789108,162.3054757230812,-0.3593404238551361,valid,True
DGX,bull,0.25,0.14011584608391517,0.030000000000000002,0.17008569694845924,0.022000000000000002,0.06785566098113699,-0.021222653864809322,1.5,1.2,157.0367373426168,-0.006738388026133151,0.016252626632922356,261.1196110443551,0.08863096594119102,valid,True
OMC,bear,0.25,0.18350678021624245,0.02,0.12739973396423077,0.036852502102053424,0.06636388283648179,0.0,0.5,1.2,121.37213741134856,0.20674730725586418,0.1537750304036308,182.97552474235923,1.1222087963695584,valid,True
OMC,base,0.5,0.25,0.025,0.14642359336986555,0.049136669469404565,0.06636388283648179,-0.009401625706672509,1.0,1.2,180.50750534444649,0.34835812775418173,0.24409495772561057,265.2439960884737,2.1319016467924525,valid,True
OMC,bull,0.25,0.30319457582700604,0.030000000000000002,0.15888914002846408,0.054050336416345025,0.06636388283648179,-0.009401625706672509,1.5,1.2,234.06018400805465,0.45064573676791053,0.30749171040952206,340.4603851773296,3.042380594653756,valid,True
CHD,bear,0.25,-0.025558005569616356,0.02,0.14991368076138661,0.02283452078418739,0.06839604676978114,0.0,0.5,0.0,33.51404227496279,-0.24608607408008532,-0.15475969696999525,36.51190599226006,-0.5342095227112088,valid,True
CHD,base,0.5,0.027643067515681297,0.025,0.18558024830582392,0.030446027712249853,0.06839604676978114,-0.013799152559800191,1.0,0.8905744377824247,41.465115121597094,-0.17813908139942214,-0.09943224684684535,57.89633931816246,-0.4074047579209401,valid,True
CHD,bull,0.25,0.07020392598391942,0.030000000000000002,0.21333274616125938,0.033490630483474844,0.06839604676978114,-0.013799152559800191,1.5,1.2,51.402571828786954,-0.11525086931651453,-0.054745142767205796,78.37114477584647,-0.2520773287107304,valid,True
LH,bear,0.25,-0.07602501957765835,0.02,0.07255448980720856,0.02,0.07834720579432833,0.0,0.5,0.0,23.81272660335037,-0.49779708019050295,-0.3697383166276269,24.587503422487856,-0.8456753319441506,valid,True
LH,base,0.5,0.04043552289608421,0.025,0.11604691500812825,0.02,0.07834720579432833,-0.038147431474125935,1.0,1.2,69.837409014273,-0.23500976262439505,-0.14412108711258043,155.56935681679275,-0.5698799564274195,valid,True
LH,bull,0.25,0.13360395687507826,0.030000000000000002,0.14824217303300663,0.022000000000000002,0.07834720579432833,-0.038147431474125935,1.5,1.2,171.6207576002399,-0.04443198838562236,-0.008201444368751224,313.29516123642753,-0.042583418351543445,valid,True
RL,bear,0.25,-0.026081796662268772,0.02,0.07691065854811255,0.42188013958998694,0.10568565645594404,0.0,0.5,0.0,64.13380524972165,-0.4198167194059352,-0.2655016437420272,59.13222258646068,-0.737039933964669,valid,True
RL,base,0.5,0.08603184065074887,0.025,0.11167506474262193,0.5625068527866492,0.4985062031807174,-0.03861205295687186,1.0,0.13124368557444052,149.72643429019436,-0.22617466385272564,-0.11068274261924668,193.35030355051444,-0.4361762441760155,valid,True
RL,bull,0.25,0.17572275050116298,0.030000000000000002,0.1424174934804258,0.6,0.5625068527866492,-0.03861205295687186,1.5,0.24429700066821733,253.37096529608695,-0.06771067573863546,0.011108861176762758,354.2770771258249,0.055282483061346754,valid,True
DRI,bear,0.25,-0.009256361661337295,0.02,0.08428216766553948,0.17965475956433877,0.07019866330773299,0.0,0.5,0.0,74.43149627862245,-0.24210194991901512,-0.13460357508156442,74.1183320305261,-0.47463066597438486,valid,True
DRI,base,0.5,0.08000299208784523,0.025,0.11369714016231727,0.23953967941911836,0.21012514492057072,-0.024810109280398458,1.0,0.288062478156464,210.89568895738708,0.08400936329853723,0.08793882910686082,252.30949037731483,0.48805865308335084,valid,True
DRI,bull,0.25,0.15141047508719124,0.030000000000000002,0.13844427656973113,0.2634936473610302,0.23953967941911836,-0.024810109280398458,1.5,0.4824722771990246,366.4743455232722,0.28973963634925903,0.21901696650311356,457.6955401923463,1.5865885493210001,valid,True
HPQ,bear,0.25,-0.03559186855801013,0.02,0.05708248398505336,0.02,0.09068287577029757,0.0,0.5,0.0,23.956653094422432,0.12950854296796027,0.09093247086275372,27.06915574628888,0.44464943218081565,valid,True
HPQ,base,0.5,0.018368524392322616,0.025,0.06576206509215812,0.02,0.09068287577029757,-0.05,1.0,0.9847409756929046,21.901152968712147,0.12941186740063138,0.07289896225556733,39.630625477080095,0.43873956062897146,valid,True
HPQ,bull,0.25,0.061536838752588814,0.030000000000000002,0.07314547589629646,0.022000000000000002,0.09068287577029757,-0.05,1.5,1.2,28.23858462425934,0.20781868947669865,0.1237099540885538,52.47563129370003,0.8581617363701974,valid,True
STZ,bear,0.25,-0.10134448162749869,0.02,0.2887384357869511,0.08953105418609003,0.065,0.0,0.5,0.0,79.51833817315519,-0.08179169393843037,-0.041960604663472595,78.1300161016974,-0.17055543144348906,valid,True
STZ,base,0.5,-0.04399910560587522,0.025,0.32804807294105043,0.1193747389147867,0.11008209603424965,-0.03867496348820587,1.0,0.0,162.9916635291688,0.16741096181795004,0.12186571028432813,180.12435527159357,0.6802392774528265,valid,True
STZ,bull,0.25,0.0018771952114235574,0.030000000000000002,0.3540274766511902,0.13131221280626537,0.1193747389147867,-0.03867496348820587,1.5,0.05712915812489385,235.41717050868323,0.31207405825844037,0.21217581873643218,274.71967019062686,1.4250075693184323,valid,True
ROL,bear,0.25,0.0645108139287786,0.02,0.16562677064677486,0.17177373773955934,0.08106933519313941,0.0,0.5,0.3237319736695481,12.127985899787213,-0.32021952624199923,-0.1820441762101836,13.514566847467684,-0.6082996693794838,valid,True
ROL,base,0.5,0.10076255042319704,0.025,0.18720936478423789,0.22903165031941247,0.2257468869236092,-0.009079425845237297,1.0,0.3737913088394727,19.346117225797325,-0.20357582694850856,-0.09694196186028417,24.04065831901822,-0.3898466070521114,valid,True
ROL,bull,0.25,0.12976393961873178,0.030000000000000002,0.20536041126520585,0.25193481535135376,0.22903165031941247,-0.009079425845237297,1.5,0.43587128496647204,24.77353120282122,-0.1350929395062848,-0.04669389819027853,31.67950047394054,-0.2074459155343038,valid,True
FIS,bear,0.25,-0.02284618789770737,0.02,0.12453747368775098,0.053831789747769296,0.07864835688538602,0.0,0.5,0.0,16.635722277242717,-0.20878268047235904,-0.11747254874790085,16.922014081380436,-0.4207194134851202,valid,True
FIS,base,0.5,0.1675421595716189,0.025,0.16954243194082974,0.0717757196636924,0.07864835688538602,-0.05,1.0,1.2,32.80319085461901,-0.01632560112047938,0.034940871433354934,51.074721676119765,0.19425897084581933,valid,True
FIS,bull,0.25,0.3198528375470799,0.030000000000000002,0.1930070242158261,0.07895329163006164,0.07864835688538602,-0.05,1.5,1.2,58.71471526124692,0.1609653955791146,0.15710827795555815,90.55873603952482,1.1249767002479185,valid,True
EFX,bear,0.25,-0.0032372596939493625,0.02,0.10198494436412293,0.02,0.09839521007654226,0.0,0.5,0.0705096122420255,-4.903836611196592,,-0.95,1.0833988878720722,-0.9806223276464403,below_lower_bound,True
EFX,base,0.5,0.10201918485943162,0.025,0.17880493808027148,0.02,0.09839521007654226,-0.010809110803947666,1.0,1.2,16.279117041723687,-0.3647325257654301,-0.2233323051041225,62.38135934067804,-0.7547421936468437,valid,True
EFX,bull,0.25,0.1862243405021364,0.030000000000000002,0.23740292055665957,0.022000000000000002,0.09839521007654226,-0.010809110803947666,1.5,1.2,58.14074306510897,-0.1755469492054545,-0.0836228619999019,134.71433960999735,-0.3727918120223882,valid,True
SNA,bear,0.25,-0.038317725872596936,0.02,0.23029607826087045,0.1278122228407859,0.07951769288873592,0.0,0.5,0.0,210.56933643736048,-0.1468405027306289,-0.07318196932756107,212.02877310510073,-0.28767508046722357,valid,True
SNA,base,0.5,0.02777691043942876,0.025,0.2560587847667042,0.17041629712104786,0.16262628673833873,-0.008760461740160144,1.0,0.15973547607484612,315.2750166708465,-0.01832904808979944,0.0170888549735537,366.7112138564689,0.08227749453696354,valid,True
SNA,bull,0.25,0.08065261948904931,0.030000000000000002,0.2746889738228614,0.18745792683315265,0.17041629712104786,-0.008760461740160144,1.5,0.37620225926219597,402.2858631812627,0.06218701789621266,0.07424465724325273,495.77798094363516,0.4051018717053696,valid,True
LEN,bear,0.25,-0.10649527595420208,0.02,0.09737431702087898,0.02,0.09937039457064381,0.0,0.5,0.0,52.87781689544526,-0.013125229929573807,-2.3563380818786046e-05,58.87901928176653,-0.00010011292388789617,valid,True
LEN,base,0.5,0.01369758685859318,0.025,0.13824940334022323,0.02,0.09937039457064381,-0.05,1.0,0.7979034743437273,80.93303733368458,0.1764341594651342,0.10130841418867932,144.26745908486535,0.6254377262788222,valid,True
LEN,bull,0.25,0.10985187710882939,0.030000000000000002,0.1665659138601416,0.022000000000000002,0.09937039457064381,-0.05,1.5,1.2,128.45090127081986,0.33252455564215777,0.19794789954903538,240.43450947034268,1.5813640320480657,valid,True
PKG,bear,0.25,-0.019193055320981367,0.02,0.12239527769035466,0.020456802501461153,0.07932942583928185,0.0,0.5,0.0,65.55775300061916,-0.2691789884906029,-0.17487514168897178,77.88272676981754,-0.5765302440371105,valid,True
PKG,base,0.5,0.0706096684484453,0.025,0.1454775627681674,0.027275736668614874,0.07932942583928185,-0.0153914435240371,1.0,1.2,78.79649237933184,-0.19467178634076837,-0.10748778423876496,146.6066949188939,-0.4521504908721874,valid,True
PKG,bull,0.25,0.14245184746398662,0.030000000000000002,0.16135652632551434,0.030003310335476364,0.07932942583928185,-0.0153914435240371,1.5,1.2,124.09705995921615,-0.09410014769819096,-0.033941480817156824,217.18573345469537,-0.16557797378496075,valid,True
TSN,bear,0.25,-0.035819976705939505,0.02,0.04217585249379675,0.02,0.06936239241227234,0.0,0.5,0.0,42.04573649972472,-0.004175150254741282,-0.001582518033683272,49.429231545552476,-0.007224558197187814,valid,True
TSN,base,0.5,0.03899710792832134,0.025,0.06748815026900128,0.02,0.06936239241227234,-0.013337537976137983,1.0,1.2,74.94919023964061,0.2169204119825736,0.12340878117829565,122.36814312618247,0.8560205118766597,valid,True
TSN,bull,0.25,0.09885077563573001,0.030000000000000002,0.08779451449800264,0.022000000000000002,0.06936239241227234,-0.013337537976137983,1.5,1.2,129.9621086778988,0.4274060587398708,0.2471301695564762,203.47119385791623,2.1944881445239663,valid,True
GIS,bear,0.25,-0.07984025357492604,0.02,0.14708696889031286,0.08237818094590771,0.065,0.0,0.5,0.0,27.149570686612467,-0.024966845382004943,-0.001441105152480276,27.285274307125018,-0.006287457548692643,valid,True
GIS,base,0.5,-0.02229152736348461,0.025,0.17023929762976736,0.1098375745945436,0.10112115009336432,-0.03487773521928745,1.0,0.0,57.05079270361752,0.24799120933748786,0.17347921503242109,64.02142819284619,1.0607487787717207,valid,True
GIS,bull,0.25,0.02374745360566853,0.030000000000000002,0.18587385898589132,0.12082133205399798,0.1098375745945436,-0.03487773521928745,1.5,0.20690024236252114,82.86615137904359,0.40072245923802263,0.2651461923262104,99.39481454602897,1.9982684857980644,valid,True
IFF,bear,0.25,-0.36572541934544794,0.02,0.0028503937226789233,0.026086291770429138,0.08305771635110734,0.0,0.5,0.0,-18.752065236276625,,-0.95,0.0,-1.0445281235706216,below_lower_bound,True
IFF,base,0.5,0.06611179162268138,0.025,0.07201006934549255,0.034781722360572184,0.08305771635110734,0.0,1.0,1.2,5.1450774173331055,-0.44902578385663205,-0.2708408032834996,18.7964306709631,-0.8333542554343161,valid,True
IFF,bull,0.25,0.41158156039718485,0.030000000000000002,0.1317184233667103,0.03825989459662941,0.08305771635110734,0.0,1.5,1.2,93.8950918732193,0.10529348654672507,0.1276244793552906,155.35501931611844,0.8692741180153989,valid,True
LII,bear,0.25,-0.0015755625960261824,0.02,0.12487838816015821,0.14702530675293563,0.09851243520283143,0.0,0.5,0.01863318624311834,108.2091272153977,-0.3783247399245738,-0.23052816087583775,107.73360685458998,-0.6813431706793802,valid,True
LII,base,0.5,0.05449023808552533,0.025,0.1496697217049871,0.19603374233724752,0.19116742911124016,-0.009051920037170294,1.0,0.247876665971231,182.34805422856428,-0.2522342313488479,-0.13098048700703652,222.95989082296967,-0.4821642313694161,valid,True
LII,bull,0.25,0.09934287863076655,0.030000000000000002,0.17109573155727936,0.2156371165709723,0.19603374233724752,-0.009051920037170294,1.5,0.3963802904797293,252.14327101954137,-0.16509964675933586,-0.06410462902349534,327.90784633303485,-0.27029767081363065,valid,True
FTV,bear,0.25,-0.1335695467827727,0.02,0.13744074772752884,0.058910850028248134,0.08775241305686196,0.0,0.5,0.0,4.771045423888148,-0.5261755120707675,-0.37871545091038555,4.246425430611848,-0.8646126227809527,valid,True
FTV,base,0.5,0.008691181655879954,0.025,0.17465117318383777,0.07854780003766418,0.08775241305686196,-0.05,1.0,0.15217415788822156,15.992252151815965,-0.3076790899620391,-0.17833987661870193,18.69944334757233,-0.5926466568804835,valid,True
FTV,bull,0.25,0.12249976440680206,0.030000000000000002,0.19718566055750883,0.0864025800414306,0.08775241305686196,-0.05,1.5,1.2,22.793991278133227,-0.2153855368262156,-0.09462434762972405,35.44964492789588,-0.3969166016063984,valid,True
CF,bear,0.25,-0.0773170277197886,0.02,0.2276359016091426,0.13475001550580507,0.06707639177742501,0.0,0.5,0.0,105.19153816022259,0.02399821677245202,0.03353805333026688,101.05337213359198,0.1534928757463072,valid,True
CF,base,0.5,0.14957427216317487,0.025,0.31057439237664275,0.17966668734107344,0.1677658930999958,-0.05,1.0,0.6938371245966732,323.95998271687307,0.4823315317276866,0.3293424350966233,456.78590382240145,3.050037405124317,valid,True
CF,bull,0.25,0.33108731206954567,0.030000000000000002,0.38393011026736157,0.1976333560751808,0.17966668734107344,-0.05,1.5,1.2,675.5641340690536,0.8018922211602333,0.5207499462529088,956.5916155812608,7.23790743088205,valid,True
DD,bear,0.25,-0.22393396706859664,0.02,0.11044339443968584,0.02775706010871372,0.09377579164383044,0.0,0.5,0.0,4.248569207116746,-0.6150186021695843,-0.5100854487274775,3.324112261771887,-0.9372926787846101,valid,True
DD,base,0.5,-0.05,0.025,0.1422084324504564,0.03700941347828496,0.09377579164383044,-0.05,1.0,0.0,27.552666246517745,-0.36981828069547185,-0.23911553829384496,33.139257627779564,-0.7358906602803672,valid,True
DD,bull,0.25,0.08914717365487733,0.030000000000000002,0.1597007211383369,0.04071035482611346,0.09377579164383044,-0.05,1.5,1.2,33.74597107912194,-0.268158688879339,-0.1479059226607205,65.89797397559543,-0.5706902205465982,valid,True
BBY,bear,0.25,-0.049073473241923675,0.02,0.0363861178952154,0.02,0.09979212100175254,0.0,0.5,0.0,36.17485786801755,-0.15229196059517563,-0.09253212988260195,39.544066315165566,-0.33776226499897366,valid,True
BBY,base,0.5,0.004010908219523324,0.025,0.043143110587273464,0.02,0.09979212100175254,-0.0294763558721957,1.0,0.410436328780933,38.76818604984849,-0.10047055206960064,-0.06195527790114282,63.83723688663165,-0.27138775674711535,valid,True
BBY,bull,0.25,0.046478413388680924,0.030000000000000002,0.048962387770717146,0.022000000000000002,0.09979212100175254,-0.0294763558721957,1.5,1.2,40.752867667201585,-0.06292713069124148,-0.03311335027101447,82.37424143366869,-0.16275126631737047,valid,True
ZBH,bear,0.25,-0.1341841807183618,0.02,0.07665225462618466,0.44999999999999996,0.06541666946294908,0.0,0.5,0.0,-2.1161938349355935,-0.8335179763613267,-0.95,0.0,-0.9596942388184833,below_lower_bound,True
ZBH,base,0.5,0.023033293923539144,0.025,0.13425669510777075,0.6,0.1800847938631465,-0.02973212977675661,1.0,0.03904439189805219,77.58174144697881,0.009433073271065979,0.03409745692042636,89.09888930125872,0.16896417616749826,valid,True
ZBH,bull,0.25,0.1488072736370599,0.030000000000000002,0.1740284900616672,0.6,0.28700145997055665,-0.02973212977675661,1.5,0.20840969818274654,198.93184976540456,0.35831701483111833,0.2589069415233098,241.78695124741122,1.9865724910904556,valid,True
NVR,bear,0.25,-0.06671953899850432,0.02,0.13457830358203945,0.17760131116151034,0.08824893141915693,0.0,0.5,0.0,3817.4273318995492,-0.09752065299308012,-0.03996574407537987,3775.1924077339086,-0.16350805699224913,valid,True
NVR,base,0.5,-0.0045291649973507875,0.025,0.16300107727747046,0.2368017482153471,0.22867590913659552,-0.05,1.0,0.005813588845921147,6143.604178545444,0.07128744982092032,0.07431569984346427,8047.68126172697,0.41086773419547606,valid,True
NVR,bull,0.25,0.04522313420357203,0.030000000000000002,0.18764141097467776,0.26048192303688184,0.2368017482153471,-0.05,1.5,0.16192489241138447,8243.995727885314,0.1880895435346247,0.15351575060267347,11431.488540066559,0.990161296528006,valid,True
GPC,bear,0.25,-0.026889642013605553,0.02,0.05044539169225957,0.02072222169757787,0.06866480067979097,0.0,0.5,0.0,43.159415423411254,-0.21451055295183322,-0.1397434270358644,51.8627157086884,-0.49258039385047414,valid,True
GPC,base,0.5,0.050400167037699894,0.025,0.061460954263392015,0.027629628930103824,0.06866480067979097,-0.013036814566713493,1.0,1.2,58.70198932536347,-0.11591312841046597,-0.058402630413183915,105.53283825742955,-0.27561871356699763,valid,True
GPC,bull,0.25,0.11223201427874424,0.030000000000000002,0.06902671347172028,0.03039259182311421,0.06866480067979097,-0.013036814566713493,1.5,1.2,94.33650313630184,0.00390672235516834,0.02246366041945296,159.10100113128115,0.12488444378741881,valid,True
BR,bear,0.25,0.024852887676671397,0.02,0.12384818059911651,0.12617677175397177,0.08364693677966395,0.0,0.5,0.189276598294213,52.939764385411436,-0.24448079377179965,-0.12930671118665485,57.48264697783917,-0.46386397394817425,valid,True
BR,base,0.5,0.0740970174732084,0.025,0.14387942785845714,0.16823569567196237,0.15678237771794518,-0.008767027027389154,1.0,0.3820688214937434,90.41482478552864,-0.09316229589167047,-0.021281667705625264,113.57905212770119,-0.09710264424186288,valid,True
BR,bull,0.25,0.11349232131043802,0.030000000000000002,0.15883029252011568,0.1850592652391586,0.16823569567196237,-0.008767027027389154,1.5,0.523042480057728,122.47158275989823,0.0009792059194296877,0.04460694834706375,160.88262808594698,0.2338047251190889,valid,True
BALL,bear,0.25,-0.06632673546707091,0.02,0.06993084160780669,0.05971866935620189,0.08657607152311694,0.0,0.5,0.0,2.607552418359462,-0.6016506454383488,-0.45971309879096217,2.3478838297338918,-0.9088730225884039,valid,True
BALL,base,0.5,0.06910847930482844,0.025,0.08794729929249331,0.07962489247493586,0.08657607152311694,-0.05,1.0,0.7571348804375426,17.55922350752092,-0.27300443733111024,-0.13675875880871896,28.608330780505103,-0.5263556751001692,valid,True
BALL,bull,0.25,0.17745665112234793,0.030000000000000002,0.09999565324719135,0.08758738172242946,0.08657607152311694,-0.05,1.5,1.2,32.7791155930879,-0.1316373525653034,-0.025183902471326264,58.964825836871285,-0.12877779677703483,valid,True
IEX,bear,0.25,-0.023365802771053032,0.02,0.20025707501138912,0.03709832454627454,0.08940569355013953,0.0,0.5,0.0,59.76434402198138,-0.3003064209537115,-0.18525770934356844,64.68818128644254,-0.5994138319014967,valid,True
IEX,base,0.5,0.05197013521589966,0.025,0.2322517632887101,0.04946443272836605,0.08940569355013953,-0.008732237875941315,1.0,0.9416080525676387,71.30594467371657,-0.24480513002490617,-0.1326995500508928,105.05469377964887,-0.5080774313851345,valid,True
IEX,bull,0.25,0.11223888560546182,0.030000000000000002,0.25252006003758415,0.05441087600120266,0.08940569355013953,-0.008732237875941315,1.5,1.2,85.81182007044603,-0.1943100658507319,-0.09094865827646569,141.46931688984833,-0.388338715945874,valid,True
TXT,bear,0.25,-0.042423481912487696,0.02,0.051694037860040856,0.15910105507431513,0.08254326049581456,0.0,0.5,0.0,30.240469055337556,-0.26576103940606116,-0.15525489550200286,28.767031304418293,-0.5190126061572968,valid,True
TXT,base,0.5,0.037609147964855594,0.025,0.07336775937487461,0.21213474009908684,0.17135230146793706,-0.05,1.0,0.16540109533919528,69.76325837738817,-0.01955115362070498,0.02135904803290034,93.11654589948708,0.10883021978097052,valid,True
TXT,bull,0.25,0.10163525186673023,0.030000000000000002,0.09047763941779428,0.23334821410899553,0.19727059738859148,-0.05,1.5,0.37415414481210924,112.59133919229215,0.15711874212138355,0.1414151118020528,160.29473718298667,0.9114714275342113,valid,True
MAS,bear,0.25,-0.03195551035623518,0.02,0.1509305979796456,0.02,0.09860046238051337,0.0,0.5,0.0,24.123664123465435,-0.22990415651584045,-0.14896028421353544,27.861030965871997,-0.49826152517041333,valid,True
MAS,base,0.5,0.021045611544750042,0.025,0.16795059838708515,0.02,0.09860046238051337,-0.043758825476734486,1.0,1.0918244617900017,17.550104621402614,-0.2310863510589115,-0.14563112204778003,41.524776344315015,-0.5660777037682247,valid,True
MAS,bull,0.25,0.06344650906553823,0.030000000000000002,0.18208604726722652,0.022000000000000002,0.09860046238051337,-0.043758825476734486,1.5,1.2,24.519555037149708,-0.16787426153896373,-0.0963841263495851,55.130000656454214,-0.4175645685914625,valid,True
J,bear,0.25,-0.20571787745578235,0.02,0.038163756602567954,0.05849262315862569,0.072392370789651,0.0,0.5,0.0,0.6278117040961883,-0.712117228648276,-0.95,0.0,-0.9683798631129042,below_lower_bound,True
J,base,0.5,-0.05,0.025,0.052005834956734234,0.07799016421150091,0.07529874513427548,-0.03305778751225416,1.0,0.0,32.310907211577195,-0.32519949831184936,-0.20234829083492512,34.65644934112474,-0.6419227231791353,valid,True
J,bull,0.25,0.07457430196462587,0.030000000000000002,0.06131716496946983,0.08578918063265101,0.07641830381864546,-0.03305778751225416,1.5,0.7653580683192932,60.84094602946552,-0.1731166451470926,-0.07594668187084608,81.18081136681583,-0.3222328931243784,valid,True
DVA,bear,0.25,-0.01922752783382061,0.02,0.12294891346613211,0.09063751912433543,0.07857489645983207,0.0,0.5,0.0,26.226895132133407,-0.4804655230749631,-0.31666543465107694,29.49755813705795,-0.809995910536198,valid,True
DVA,base,0.5,0.03384234502958994,0.025,0.14550525066336295,0.1208500254991139,0.11173973519114866,-0.03370769852548619,1.0,0.26540231076663795,107.52176227232441,-0.16723587684973606,-0.07280443917261435,144.4670998983567,-0.30508818679516336,valid,True
DVA,bull,0.25,0.07629824332031837,0.030000000000000002,0.16117555187295016,0.1329350280490253,0.12019476099900503,-0.03370769852548619,1.5,0.5042959379489613,180.94985918022732,-0.019592124246992138,0.029387040663277762,252.6859106815352,0.1538732561529217,valid,True
DECK,bear,0.25,0.0745784013875801,0.02,0.15968332213430872,0.44999999999999996,0.10244287804722291,0.0,0.5,0.14147271357792018,69.74964211007688,-0.07265187424491157,-0.007489099027588934,72.47049808216472,-0.03265644565169412,valid,True
DECK,base,0.5,0.12303092983563213,0.025,0.18901089246657682,0.6,0.5780577309218825,-0.04334022523160034,1.0,0.17237457311417617,102.60235846330878,0.06790474113076929,0.08950602854019965,136.87229895766382,0.5057771967997042,valid,True
DECK,bull,0.25,0.16179295259407375,0.030000000000000002,0.21425299235817988,0.6,0.6,-0.04334022523160034,1.5,0.22572393679209835,129.95800468912694,0.16116171047324318,0.15395241364021786,181.01682345090254,0.982017003034305,valid,True
SWK,bear,0.25,-0.08581788053015037,0.02,0.07879497753595707,0.052902874132804756,0.09522442852153505,0.0,0.5,0.0,19.561984543565504,-0.32384324935264897,-0.2143059965397697,20.23173212152944,-0.64359169414956,valid,True
SWK,base,0.5,0.002782897074002144,0.025,0.11132867047083822,0.07053716551040634,0.09522442852153505,-0.015012137398962587,1.0,0.1024469527080106,60.47022515700536,-0.02817328558303413,0.012023725645849508,73.8198067793479,0.055687424845408895,valid,True
SWK,bull,0.25,0.07366351915732415,0.030000000000000002,0.13636604737956548,0.07759088206144699,0.09522442852153505,-0.015012137398962587,1.5,0.8368356384251218,90.44515658418878,0.10234675134997817,0.10270721112610776,133.93955373073547,0.6263737814173655,valid,True
HRL,bear,0.25,-0.057019743311312474,0.02,0.07933221617550011,0.02,0.06669698837623955,0.0,0.5,0.0,13.68098709402898,-0.11099105817265806,-0.06622514934279021,15.085154992132713,-0.26710144276727843,valid,True
HRL,base,0.5,0.02283695046237333,0.025,0.1019744015582596,0.02,0.06669698837623955,0.0,1.0,1.1634780184949332,17.495316356529425,-0.010768977273255561,-0.003927268693223569,27.44406070956595,-0.020200114183781426,valid,True
HRL,bull,0.25,0.08672230548132197,0.030000000000000002,0.118340572397116,0.022000000000000002,0.06669698837623955,0.0,1.5,1.2,26.28707772714706,0.10796582638286058,0.07604242651723327,40.303271764861066,0.46101444732665087,valid,True
MKC,bear,0.25,0.03571062682742561,0.02,0.1348247163786005,0.18986598457970405,0.06945667257810888,0.0,0.5,0.17153415623148927,30.940545116781685,-0.11019575959071515,-0.03549064699327571,33.52243416621014,-0.152101875702644,valid,True
MKC,base,0.5,0.09757663958795404,0.025,0.1601489888335239,0.2531546461062721,0.20522784481277428,-0.00497630187661046,1.0,0.32810502571418276,68.39420720691184,0.16413481454364953,0.14007883816957475,82.71068458718753,0.8586298099255294,valid,True
MKC,bull,0.25,0.1470694497963768,0.030000000000000002,0.17680359577794452,0.2784701107168993,0.24196743951840693,-0.00497630187661046,1.5,0.4440532577042468,101.52463954941649,0.3179475543554872,0.2356275134021417,126.74222773493717,1.7540405538282555,valid,True
TYL,bear,0.25,0.015699659108390093,0.02,0.11717600094359641,0.07593628000647057,0.08643530478186832,0.0,0.5,0.218073986311958,75.54825852991031,-0.34499797874304927,-0.20972657003731,81.36805760222217,-0.6625741805241587,valid,True
TYL,base,0.5,0.11442509570804638,0.025,0.14201850877509714,0.10124837334196077,0.09737179329978457,0.0,1.0,0.9534975563545929,104.7645038258374,-0.26323795799980854,-0.13810140538262194,133.75413363094435,-0.5147701347013044,valid,True
TYL,bull,0.25,0.1934054449877714,0.030000000000000002,0.15915580241300498,0.11137321067615685,0.10033440701180306,0.0,1.5,1.2,137.20748646392997,-0.1988848087203223,-0.08385326699644788,189.84611968305856,-0.35414066179274395,valid,True
LDOS,bear,0.25,0.015391665588327733,0.02,0.06146508951916095,0.44999999999999996,0.065,0.0,0.5,0.03625184993480486,62.759260776536706,-0.12408305180724705,-0.046284012659452825,59.96185957255006,-0.1850683799954126,valid,True
LDOS,base,0.5,0.06447995299468345,0.025,0.08168230208944804,0.6,0.48871999999999993,-0.031248874687510003,1.0,0.09430660399291127,185.42903981016724,0.2878046280122362,0.20827639559283861,214.53287581310786,1.3826081268200205,valid,True
LDOS,bull,0.25,0.10375058291976803,0.030000000000000002,0.09812579230320265,0.6,0.59572,-0.031248874687510003,1.5,0.14833411055969073,301.788012788041,0.5091270631179214,0.33749109394848353,362.10913268953504,2.8711954906814463,valid,True
GNRC,bear,0.25,-0.030818850820442445,0.02,0.10414507945871958,0.02,0.13145629557226007,0.0,0.5,0.0,19.53320475486166,-0.4604271233954932,-0.3217999344095006,25.99535594860647,-0.8138089844113443,valid,True
GNRC,base,0.5,0.1299899541781252,0.025,0.1468885095320479,0.02,0.13145629557226007,-0.03293754188464466,1.0,1.2,28.97780442402637,-0.3264516767289024,-0.19733376933145333,81.9079601437688,-0.6866901523287525,valid,True
GNRC,bull,0.25,0.2586369981769793,0.030000000000000002,0.1774805876543376,0.022000000000000002,0.13145629557226007,-0.03293754188464466,1.5,1.2,63.74385656151786,-0.1876640964124817,-0.08793362731230445,153.26345636279905,-0.38157943378367065,valid,True
GDDY,bear,0.25,0.020427207714655803,0.02,0.0696592029552601,0.44999999999999996,0.08155195500550028,0.0,0.5,0.045203924826054766,21.23442251302679,-0.40871495018363935,-0.23055848214426072,18.238976325160888,-0.6669405965968258,valid,True
GDDY,base,0.5,0.0765563700809675,0.025,0.11102806941403387,0.6,0.46157437198646856,-0.05,1.0,0.11040849344129,70.4860911206823,-0.05945630872156469,0.020165144064230874,81.32736090143142,0.0949702525041447,valid,True
GDDY,bull,0.25,0.12145969997401684,0.030000000000000002,0.14628484065156508,0.6,0.5652639809853686,-0.05,1.5,0.17194626663202245,117.0283699046243,0.1368785741273314,0.13811464315513156,141.40189033697646,0.8158613535856394,valid,True
RVTY,bear,0.25,-0.17186657623566248,0.02,0.08236551307657695,0.02513254681995125,0.09509463721941118,0.0,0.5,0.0,-9.17511637266751,,-0.95,0.0,-1.0195628673849373,below_lower_bound,True
RVTY,base,0.5,-0.0013571107774613678,0.025,0.14712330139003132,0.03351006242660167,0.09509463721941118,-0.043168277073709294,1.0,0.11681002942338789,9.88510071305566,-0.4734787316003347,-0.31972562036244206,16.482004436450715,-0.8425612965657138,valid,True
RVTY,bull,0.25,0.13505046158909953,0.030000000000000002,0.1944822880811006,0.036861068669261844,0.09509463721941118,-0.043168277073709294,1.5,1.2,23.7457881841784,-0.28933118382701656,-0.15888923216843975,54.30514818559515,-0.6126167506906512,valid,True
AVY,bear,0.25,-0.030349038212266158,0.02,0.10655758158497884,0.060579247384436194,0.0770679923158776,0.0,0.5,0.0,69.63914396470186,-0.17806851816712876,-0.09573865113197824,72.03562903798587,-0.3561004258771988,valid,True
AVY,base,0.5,0.03750324544248307,0.025,0.12112797327355174,0.08077232984591493,0.0802133453126323,-0.02384488538066709,1.0,0.43334885128061856,100.89410029367991,-0.07275991546921429,-0.013267679268028559,123.72487581735687,-0.06065822738603055,valid,True
AVY,bull,0.25,0.09178507236628244,0.030000000000000002,0.13113971368797453,0.08884956283050642,0.08077232984591493,-0.02384488538066709,1.5,0.8939611559434077,127.38549726007179,-0.005499276594491648,0.03719065300538207,173.75643886818196,0.19721324197687307,valid,True
BF-B,bear,0.25,-0.06384022312407747,0.02,0.2579091137417508,0.02,0.06714795730559583,0.0,0.5,0.0,17.986120295973024,-0.02774109458550808,-0.011812377208843799,19.009015995681743,-0.051070373420810555,valid,True
BF-B,base,0.5,-0.0062531807834905195,0.025,0.2998562717978978,0.02,0.06714795730559583,-0.01732089741833607,1.0,0.0,22.928670820040978,0.06987305106595162,0.044394415197894,29.627815031075805,0.22704513706768292,valid,True
BF-B,bull,0.25,0.03981645308897904,0.030000000000000002,0.33149886907371007,0.022000000000000002,0.06714795730559583,-0.01732089741833607,1.5,1.2,24.03233528258432,0.0867997318506241,0.0570722545264289,37.618680282237555,0.33550800892547494,valid,True
CLX,bear,0.25,-0.06158448023533301,0.02,0.134479455280383,0.1914668697521439,0.06511032031090584,0.0,0.5,0.0,51.94896582535218,-0.13125556608429167,-0.06633673574542624,51.38881694400796,-0.2629105890578135,valid,True
CLX,base,0.5,-0.014937234128370058,0.025,0.16627615240393642,0.2552891596695252,0.24311771395057358,-0.011745533813285493,1.0,0.0,121.6122820489905,0.17052841368131338,0.12582401264808146,144.02332976033358,0.740396213920403,valid,True
CLX,bull,0.25,0.022380562757200302,0.030000000000000002,0.19398245617835302,0.28081807563647776,0.2552891596695252,-0.011745533813285493,1.5,0.08512432880818124,184.74783801741305,0.3427295673172921,0.2309908758674283,227.76912046694753,1.6703125794019988,valid,True
CRL,bear,0.25,-0.09657081921272063,0.02,0.10648112378315928,0.02,0.10086055039985718,0.0,0.5,0.0,-3.9171501910355158,-0.7399512968157069,-0.95,0.0,-0.9541886246895682,below_lower_bound,True
CRL,base,0.5,0.023192079062393012,0.025,0.14711536221006205,0.02,0.10086055039985718,-0.017716567629379905,1.0,1.1776831624957205,3.941777942206888,-0.4391112396697281,-0.291719357855618,53.83628652477187,-0.867667386646316,valid,True
CRL,bull,0.25,0.11900239768248393,0.030000000000000002,0.1723444154831382,0.022000000000000002,0.10086055039985718,-0.017716567629379905,1.5,1.2,39.24706849179277,-0.27476735821983306,-0.1581591371534159,116.11260323868535,-0.6098155211494312,valid,True
HII,bear,0.25,-0.0024586860974238622,0.02,0.04247456404023888,0.038269750970923444,0.06611181029794108,0.0,0.5,0.05312423181445784,100.74702389642705,-0.2258426318701822,-0.13191723689087662,114.67740434830864,-0.4788548940773779,valid,True
HII,base,0.5,0.06854629012569502,0.025,0.06102485467315274,0.05102633462789793,0.06611181029794108,-0.010300850078450935,1.0,1.1726696133851042,183.6336294563543,-0.054154011153150314,-0.005612722730438663,260.3778430662367,-0.02840742601209545,valid,True
HII,bull,0.25,0.12535027110419011,0.030000000000000002,0.07540836822898372,0.05612896809068772,0.06611181029794108,-0.010300850078450935,1.5,1.2,283.6835861164499,0.07771676139091147,0.08020658361201645,414.64472366459876,0.4933515930502552,valid,True
UHS,bear,0.25,0.017059211151712023,0.02,0.08861417094847814,0.14815327213386822,0.0806525669604862,0.0,0.5,0.11911562037876439,178.45562464794716,0.15769726590951905,0.14008993011666465,189.12892996349086,0.7560223061176199,valid,True
UHS,base,0.5,0.06866242574267822,0.025,0.10734202554714209,0.19753769617849096,0.17219700016402753,-0.05,1.0,0.3033848311159361,330.8547559982058,0.44526375356363146,0.3135969422757627,470.7192346220581,2.612717433103951,valid,True
UHS,bull,0.25,0.10994499741545119,0.030000000000000002,0.12096898709180587,0.21729146579634007,0.19557402600762847,-0.05,1.5,0.43239617160308874,467.85753725466424,0.6155078526819125,0.4120955613267142,695.4375897813735,4.197392943866678,valid,True
IT,bear,0.25,-0.022575957397347857,0.02,0.13024561768064044,0.3653823737419251,0.08176949051622635,0.0,0.5,0.0,93.76731455518892,-0.059352997492533144,-0.0076864074508193585,93.12568748306664,-0.03292617753427707,valid,True
IT,base,0.5,0.031460210046294734,0.025,0.17117715207499506,0.4871764983225668,0.45056824551765423,-0.05,1.0,0.06192451430007404,195.89118388760568,0.2318857138394379,0.17875491534941831,267.88004002547393,1.189110964928723,valid,True
IT,bull,0.25,0.07468914400120881,0.030000000000000002,0.20722243466336898,0.5358941481548235,0.4871764983225668,-0.05,1.5,0.12269459449661885,294.9599648371295,0.41740120900794875,0.2939628861029633,420.5306546682753,2.412181186961301,valid,True
AOS,bear,0.25,-0.036737178269762714,0.02,0.15277462009068898,0.163794234410468,0.09900218333706633,0.0,0.5,0.0,28.07340737932392,-0.15308314837748183,-0.0721321039833128,27.97121507891368,-0.2764443774485503,valid,True
AOS,base,0.5,0.0223326001444214,0.025,0.17426573959201086,0.21839231254729066,0.21284067153901523,-0.03856792444898954,1.0,0.10470185442349624,42.12571152213205,-0.025931691611185637,0.018765307578723904,54.399968610504956,0.09244303673419396,valid,True
AOS,bull,0.25,0.06958842287576869,0.030000000000000002,0.1919273694657983,0.24023154380201975,0.21839231254729066,-0.03856792444898954,1.5,0.2567137409375315,54.08241742325696,0.06286426337901507,0.08264330954989417,74.2921070351309,0.4641328710061803,valid,True
BLDR,bear,0.25,-0.2928037280711297,0.02,0.04909860115326589,0.02,0.09647531913486493,0.0,0.5,0.0,-25.536117232022686,,-0.95,0.0,-1.0718916047969882,below_lower_bound,True
BLDR,base,0.5,0.03539241244486874,0.025,0.08040553338465037,0.02,0.09647531913486493,-0.05,1.0,1.2,12.267706013598728,-0.1874877657741308,-0.12497613041196015,57.09690848848512,-0.5560687972116546,valid,True
BLDR,bull,0.25,0.2979493248576675,0.030000000000000002,0.1056531046201676,0.022000000000000002,0.09647531913486493,-0.05,1.5,1.2,115.59599168112041,0.2832093694363721,0.19876998701365667,232.76870322152095,1.6684472054859456,valid,True
NVDA,bear,0.25,0.02596843084886763,0.02,0.23378824992801261,0.44999999999999996,0.14,0.0,0.5,0.05505498817576469,22.909114040731968,-0.4999667109572327,-0.3263935420545749,20.79875756544648,-0.820087060088233,valid,True
NVDA,base,0.5,0.25,0.025,0.3488807007223773,0.6,0.535462,-0.01097095296420343,1.0,0.34166666666666673,50.1734675862826,-0.3378110866266069,-0.1744021074759075,63.400711218032725,-0.5958272296820939,valid,True
NVDA,bull,0.25,0.4292252553209059,0.030000000000000002,0.45139774665920396,0.6,0.6,-0.01097095296420343,1.5,0.5823003404278746,90.6108350143437,-0.1918745992530603,-0.046106729187886206,129.7528046196176,-0.20246056791340494,valid,True
AAPL,bear,0.25,0.0403142697785531,0.02,0.26009972589562264,0.44999999999999996,0.09986856764984667,0.0,0.5,0.08055870182853885,76.37381438115068,-0.3547906892345054,-0.20972610160533806,79.0301303479449,-0.6550147735691297,valid,True
AAPL,base,0.5,0.10856454542458593,0.025,0.2980189489629316,0.6,0.5855962147483156,-0.035611069717960984,1.0,0.1530860605661146,122.4899890130387,-0.2492776979735936,-0.12867270276474296,156.4331745846829,-0.49155417339573504,valid,True
AAPL,bull,0.25,0.16316476594141222,0.030000000000000002,0.3301804459362767,0.6,0.6,-0.035611069717960984,1.5,0.22755302125521631,162.43766967062618,-0.17215182201325657,-0.06629628111550119,218.37294979739494,-0.2861940196307211,valid,True
GOOGL,bear,0.25,0.12338380541625842,0.02,0.22451162851151493,0.16629033373413438,0.10664483596448747,0.0,0.5,0.6176368886072184,86.17956807593123,-0.33608948803157557,-0.17998807786498214,104.36453144120581,-0.6072344628087398,valid,True
GOOGL,base,0.5,0.19176446136034553,0.025,0.2694154064384683,0.22172044497884585,0.21590912672362075,-0.03037841978941547,1.0,0.7144653218758888,141.1486823159809,-0.23222298664331897,-0.09226044543465828,196.5078242327579,-0.3801208720874053,valid,True
GOOGL,bull,0.25,0.2464689861156152,0.030000000000000002,0.30823713156507326,0.24389248947673045,0.22172044497884585,-0.03037841978941547,1.5,0.8330522572810792,185.43526016732247,-0.1492819742037681,-0.03339036940014918,267.18110198103824,-0.15458448710830985,valid,True
MSFT,bear,0.25,0.12277733935579428,0.02,0.36017443021934825,0.15576528651865668,0.09986924724965508,0.0,0.5,0.6562557920913392,152.8294385261231,-0.21853610707039478,-0.10047331037494583,186.42564436447827,-0.3924413664948516,valid,True
MSFT,base,0.5,0.16152850617608994,0.025,0.416838797545377,0.20768704869154225,0.20407515234323903,-0.00897112043987058,1.0,0.6462743141014068,225.77060681351713,-0.11106390380882655,-0.023203842672228317,296.6373032518404,-0.10690513898781517,valid,True
MSFT,bull,0.25,0.19252943963232647,0.030000000000000002,0.4651559679505597,0.2284557535606965,0.20768704869154225,-0.00897112043987058,1.5,0.7004575249769136,283.3239737909807,-0.04240376380330414,0.026403200262575432,382.51614488621476,0.13431408816783552,valid,True
AMZN,bear,0.25,0.06482626907137203,0.02,0.03531459396858985,0.12123815852938821,0.11370531388013543,0.012392879514581373,0.5,0.46075440220049924,19.532110031128244,-0.5643835301525538,-0.3634816631820286,20.88394502634395,-0.8736642512883052,valid,True
AMZN,base,0.5,0.16381910803555721,0.025,0.05632443944936712,0.1616508780391843,0.14510006929148062,0.012392879514581373,1.0,0.8416612893093341,43.563072093132654,-0.41946184028929573,-0.22872327514487548,56.93958464658251,-0.7142271713833377,valid,True
AMZN,bull,0.25,0.24301337920690536,0.030000000000000002,0.07357293886371565,0.17781596584310275,0.15468918212329041,0.012392879514581373,1.5,1.1270681033353225,67.25818715466166,-0.3166575923649361,-0.15152548740734342,94.49278697559484,-0.5555425120817556,valid,True
AVGO,bear,0.25,0.13435795341671392,0.02,0.1951207159363589,0.15407159509298293,0.11632366378061952,0.04386867126144905,0.5,0.7236010159178827,25.30026050538018,-0.5882819237274817,-0.3822131189430366,27.71348103775904,-0.8994896652530943,valid,True
AVGO,base,0.5,0.25,0.025,0.2856942347434634,0.20542879345731058,0.17385884601285895,0.04386867126144905,1.0,0.9979126905722704,62.4313650213473,-0.45010096796613647,-0.2520360720038298,74.41741559948353,-0.7587830614590175,valid,True
AVGO,bull,0.25,0.34251363726662887,0.030000000000000002,0.3567991199239746,0.22597167280304165,0.19167987194819716,0.04386867126144905,1.5,1.2,98.79402956747776,-0.35190131351555465,-0.1772474321303889,122.38250101749082,-0.6201960557068589,valid,True
META,bear,0.25,0.16430571593750215,0.02,0.3272097835146345,0.1895974173024476,0.10490156500455658,0.0,0.5,0.7143798405963475,325.43262735915135,-0.16182679061457744,-0.045008410153968705,408.85834036961984,-0.19563707960678633,valid,True
META,base,0.5,0.23412590867149052,0.025,0.3882502134788519,0.2527965564032635,0.24609691329290206,-0.030514098051612988,1.0,0.7606936173229847,562.8311519315894,-0.008993823407217834,0.07431462111271683,811.390059769639,0.42142765349540334,valid,True
META,bull,0.25,0.2899820628586812,0.030000000000000002,0.4408287300402978,0.27807621204358984,0.2527965564032635,-0.030514098051612988,1.5,0.855828869855432,745.2885989445648,0.1005781500367448,0.1419880271991133,1097.8355866470642,0.9186089295910083,valid,True
MU,bear,0.25,-0.033123379006119336,0.02,0.09366042187811793,0.250649597779853,0.14,0.0037061231031522168,0.5,0.0,94.34443417932425,-0.5356283182009065,-0.3681310542837309,61.59492379212392,-0.8412923085418026,valid,True
MU,base,0.5,0.25,0.025,0.24542062073250998,0.3341994637064707,0.2660937117846114,0.0037061231031522168,1.0,0.6134061309567291,248.2672007879128,-0.28845876722771213,-0.13896998819764123,304.6291163321528,-0.4966427271222055,valid,True
MU,bull,0.25,0.4764987032048955,0.030000000000000002,0.3805891585222807,0.3676194100771178,0.30493360452590557,0.0037061231031522168,1.5,1.053260388189762,552.2414681155417,-0.08101615647174182,0.0369787715484563,821.7251161591913,0.19224818700304414,valid,True
WMT,bear,0.25,0.006030363575820055,0.02,0.03596910233437735,0.08242420149269788,0.07334398797498605,0.0,0.5,0.10705946434237286,25.927043479222814,-0.3558915217116009,-0.21775849917903542,27.87426282971551,-0.6784032458559182,valid,True
WMT,base,0.5,0.04761627171993876,0.025,0.0417489397208882,0.10989893532359718,0.10410497616884232,-0.008319034749429188,1.0,0.3921149668016684,39.47338708659947,-0.2584929917939006,-0.14211192091170227,48.31094895572028,-0.5262762322813486,valid,True
WMT,bull,0.25,0.08088499823523373,0.030000000000000002,0.04590996196972162,0.1208888288559569,0.10989893532359718,-0.008319034749429188,1.5,0.5849010140749891,51.238753053417184,-0.19014784017927008,-0.09047238092753102,65.61784495272953,-0.37265713205411755,valid,True
AMD,bear,0.25,-0.009642914830626848,0.02,0.04048063878490142,0.02,0.14,0.013990328591890505,0.5,0.0,12.243300225249838,-0.7043733416830948,-0.517521350471361,11.976236467039929,-0.9654372247449934,valid,True
AMD,base,0.5,0.25,0.025,0.08371580449937913,0.02159935659655469,0.14,0.013990328591890505,1.0,1.2,19.920243747447845,-0.6160859663585141,-0.4133202964454541,35.36537193114626,-0.9323834619182518,valid,True
AMD,bull,0.25,0.4577143318645015,0.030000000000000002,0.11781925025906455,0.023759292256210162,0.14,0.013990328591890505,1.5,1.2,38.200313352333396,-0.5251680585366559,-0.32631926673930134,72.10096733584909,-0.865023825721386,valid,True
CSCO,bear,0.25,0.012213789642902713,0.02,0.22455016319583865,0.02575280990833663,0.09274384294482997,0.0,0.5,0.5347389959906569,22.721476234585126,-0.3483508253993932,-0.21370643315021876,31.123775260040084,-0.6842569869375816,valid,True
CSCO,base,0.5,0.06549920327834513,0.025,0.2606543314348322,0.03433707987778217,0.09274384294482997,-0.024350561066144832,1.0,1.2,27.365219147851594,-0.29968263132032014,-0.16675423382548615,46.36720559233082,-0.6082077246636555,valid,True
CSCO,bull,0.25,0.10812753418669907,0.030000000000000002,0.2877776546842386,0.037770787865560394,0.09274384294482997,-0.024350561066144832,1.5,1.2,34.192006701212,-0.24165728915249923,-0.12945356048876416,58.917677343035606,-0.5103754923973158,valid,True
AMAT,bear,0.25,0.05541419588332967,0.02,0.25446708287712283,0.18521681162611583,0.12266949019043301,0.0,0.5,0.26094476134394784,72.11114789604935,-0.44798611141522987,-0.27939859882753804,80.39727292083796,-0.7772368261214708,valid,True
AMAT,base,0.5,0.13018144431839163,0.025,0.28906419392654936,0.2469557488348211,0.24389830687216918,-0.028352674561961562,1.0,0.4419624000238041,102.3636527380805,-0.3885009091201936,-0.22988264856830934,134.80900834461062,-0.7238702776757109,valid,True
AMAT,bull,0.25,0.1899952430664412,0.030000000000000002,0.3182586951914887,0.27165132371830325,0.2469557488348211,-0.028352674561961562,1.5,0.5816139317509518,130.24296793386233,-0.3347174737093156,-0.18039271641682714,181.64726268863052,-0.6253965732153952,valid,True
COST,bear,0.25,0.05584988324084127,0.02,0.03015302589423727,0.31088677018448024,0.08826033705394495,0.0,0.5,0.15658404043306942,228.79016223207856,-0.34702723544687614,-0.20557184234676243,239.51738254986137,-0.6533565913171815,valid,True
COST,base,0.5,0.0989251086090096,0.025,0.03386284317762697,0.414515693579307,0.4083168418053251,-0.002488034600746475,1.0,0.20298408043532765,334.90789686228965,-0.25108003377245036,-0.1326185645077202,388.77137600705225,-0.48831600913030937,valid,True
COST,bull,0.25,0.13338528890354429,0.030000000000000002,0.03696820871029604,0.45596726293723777,0.41451569357930707,-0.002488034600746475,1.5,0.24718491936634782,415.7506490352879,-0.19490008343636872,-0.0891603736337856,499.61975561263586,-0.35737727659034957,valid,True
LRCX,bear,0.25,0.07984349377669016,0.02,0.2601267184670652,0.37918061971724576,0.13497375319369617,0.0,0.5,0.17900386119935727,37.13039088179183,-0.47585533666424457,-0.2989236588822678,40.15469849446002,-0.7996402573347499,valid,True
LRCX,base,0.5,0.1724844842748302,0.025,0.29351875552048795,0.5055741596229943,0.4976803709660502,-0.03765783182097497,1.0,0.28282218285540883,55.781486487288745,-0.41060242787207235,-0.2448009149098652,72.99221292153963,-0.7480104123276354,valid,True
LRCX,bull,0.25,0.24659727667334225,0.030000000000000002,0.3215702188172154,0.5561315755852938,0.5055741596229943,-0.03765783182097497,1.5,0.36552109296210444,73.42359714224393,-0.35217934978427357,-0.18909710210573388,102.3635438332442,-0.6436248968788512,valid,True
NFLX,bear,0.25,0.0910875670666039,0.02,0.14742679160187308,0.44999999999999996,0.11815179926065925,0.0,0.5,0.17082234145174027,15.480422386179692,-0.3585877395584248,-0.20549670127802527,15.848981749337279,-0.6374217461377418,valid,True
NFLX,base,0.5,0.14998693285042242,0.025,0.19482409221340108,0.6,0.555380856611537,-0.02028271332129039,1.0,0.2083159104672299,26.64380502704061,-0.22643142304150388,-0.10198364709503946,33.588682560698324,-0.39998841685499853,valid,True
NFLX,bull,0.25,0.19710642547747723,0.030000000000000002,0.23659292480088392,0.6,0.6,-0.02028271332129039,1.5,0.272808567303303,37.33953004765784,-0.12658723212080075,-0.025733366305939823,49.87453610184828,-0.11660823897241168,valid,True
KLAC,bear,0.25,0.07921261797571624,0.02,0.32685728007270487,0.44999999999999996,0.11450464967099766,0.0,0.5,0.14971132084571778,30.599713965105177,-0.4463471342693083,-0.2758418672412518,32.714827164414466,-0.7699253956781769,valid,True
KLAC,base,0.5,0.1460563948089154,0.025,0.37555765765641247,0.6,0.585386589955097,-0.046620824479601516,1.0,0.20307519307855387,47.42146013215077,-0.36747489789850074,-0.214167103197542,60.80254069100373,-0.6941556888893536,valid,True
KLAC,bull,0.25,0.19953141627547474,0.030000000000000002,0.41692902755095523,0.6,0.6,-0.046620824479601516,1.5,0.27604188836729965,61.912996035780594,-0.3059378706268035,-0.16124821891862662,84.16053878443404,-0.5795000916552844,valid,True
TXN,bear,0.25,0.007693847995083297,0.02,0.3484226103355127,0.02,0.10800935759645461,0.0,0.5,0.5077539198033318,33.62014865559497,-0.4283834760295576,-0.28343085128290113,52.10613772840578,-0.7983580743126634,valid,True
TXN,base,0.5,0.10363625536027787,0.025,0.41301948168070923,0.02,0.10800935759645461,-0.006021516055140619,1.0,1.2,42.298651425075995,-0.3591483434196561,-0.22286693090427434,88.22924640355285,-0.7303552631284598,valid,True
TXN,bull,0.25,0.18039018125243353,0.030000000000000002,0.46518859682213326,0.022000000000000002,0.10800935759645461,-0.006021516055140619,1.5,1.2,64.19467819431915,-0.2857697568455478,-0.16228265176468992,127.98921044094439,-0.60003057056916,valid,True
TMUS,bear,0.25,-0.07431813260975573,0.02,0.07959081667201759,0.44999999999999996,0.065,0.0,0.5,0.0,-31.379882319045993,,-0.95,0.0,-0.9769549902045828,below_lower_bound,True
TMUS,base,0.5,0.09030774826737509,0.025,0.12487129857199122,0.6,0.32490299999999994,-0.04611574447534766,1.0,0.12874366435650011,123.81448863325365,-0.09281246718601319,-0.017746836773585503,151.23313466601056,-0.08091179664011816,valid,True
TMUS,bull,0.25,0.22200845296907973,0.030000000000000002,0.15864738773452733,0.6,0.4319029999999999,-0.04611574447534766,1.5,0.3060112706254397,347.08189174642933,0.25222036188351926,0.2102344268118032,434.7704546110833,1.5019041010914784,valid,True
AMGN,bear,0.25,-0.007443214968661772,0.02,0.26274781410855147,0.10605280542729,0.06661228550460721,0.0,0.5,0.0,158.12693653778734,-0.20311887602438208,-0.10986611681728387,163.22489542247015,-0.4096796680970195,valid,True
AMGN,base,0.5,0.05128290767264765,0.025,0.3267543447010294,0.14140374056972,0.13340105487775294,0.0,1.0,0.3254958175270092,333.5414253011467,0.03039019837742674,0.04873443904943999,397.482150005618,0.2535694048891586,valid,True
AMGN,bull,0.25,0.09826380578569519,0.030000000000000002,0.3806151528905403,0.15554411462669201,0.14140374056972,0.0,1.5,0.5439681522610084,507.6999327250298,0.17741806441918018,0.14347963831678506,631.6261936852686,0.9121312098171539,valid,True
PEP,bear,0.25,0.011424914268423209,0.02,0.12549896213022915,0.13944472648658598,0.06566178353224032,0.0,0.5,0.09423039325909952,84.1757011346601,-0.1030325562576763,-0.038259441230911725,88.36827575357891,-0.16247398716262185,valid,True
PEP,base,0.5,0.05699600852664133,0.025,0.14184361835179532,0.18592630198211466,0.17677417212807922,-0.006379186910358986,1.0,0.2721336695341806,157.59795056749047,0.11461004967568444,0.10136966235586442,189.79464585476114,0.5821861711696732,valid,True
PEP,bull,0.25,0.09345288393321582,0.030000000000000002,0.15444147539459882,0.20451893218032613,0.18592630198211466,-0.006379186910358986,1.5,0.3948891493104601,216.89863883308453,0.23473403298994527,0.1771081788116135,270.35521831207893,1.1900473052566283,valid,True
ADI,bear,0.25,-0.05686372239362092,0.02,0.2115453690504407,0.07167573122143994,0.10261222027521884,0.0,0.5,0.0,33.6635010419962,-0.5264259486299125,-0.3583246209935169,32.31894556432479,-0.8601037702123426,valid,True
ADI,base,0.5,0.21408542270704756,0.025,0.27015266265536875,0.09556764162858658,0.10261222027521884,-0.02322581807285281,1.0,1.2,67.42037975200816,-0.38265533538069574,-0.21412920408038183,110.97854556326212,-0.7082903584730067,valid,True
ADI,bull,0.25,0.43084473878758234,0.030000000000000002,0.3017919667107246,0.10512440579144525,0.10261222027521884,-0.02322581807285281,1.5,1.2,132.86682996737548,-0.2551210458026617,-0.09844846432388288,221.20520947296978,-0.41168433201363575,valid,True
QCOM,bear,0.25,-0.07088522933918684,0.02,0.2011057023994602,0.1724995877792451,0.12159906341692438,0.0,0.5,0.0,50.94125651807321,-0.2796578139357734,-0.15559101244143675,50.50037221082274,-0.5168270299513062,valid,True
QCOM,base,0.5,0.03763292790655448,0.025,0.27240711397066963,0.2299994503723268,0.21885589059331145,-0.03584995829381622,1.0,0.15263663573288055,99.40481709169353,-0.10054534527007486,-0.012049504238530035,132.9486379444418,-0.05612972942043304,valid,True
QCOM,bull,0.25,0.12444745370314754,0.030000000000000002,0.3354219011348913,0.2529993954095595,0.2299994503723268,-0.03584995829381622,1.5,0.4172261470887671,149.3478109154346,0.04682251893100332,0.09112418008153328,216.7784536003189,0.5190187740021652,valid,True
GILD,bear,0.25,-0.00876278648960821,0.02,0.19398676970677511,0.18246388132270996,0.06767287736989744,0.0,0.5,0.0,46.986268820837324,-0.2701108523353468,-0.15516969033633357,45.31696887477917,-0.528569839984143,valid,True
GILD,base,0.5,0.0420119164112448,0.025,0.27457344275875006,0.2432851750969466,0.2221590156803826,-0.007245347692378358,1.0,0.15870072277774566,106.23748860773065,-0.023477730707963905,0.016034647275228076,123.88390591703514,0.07789663435294014,valid,True
GILD,bull,0.25,0.0826316787319272,0.030000000000000002,0.3460868363947621,0.2676136926066413,0.2432851750969466,-0.007245347692378358,1.5,0.269438167693189,166.9965692400661,0.13931638477370148,0.12023391308612191,203.73102215962354,0.7179446555376758,valid,True
WDC,bear,0.25,-0.13164709342043351,0.02,-0.015197086987121605,0.2659439631530983,0.14,0.056595864341859606,0.5,0.0,8.497388647631414,-0.8239437583692052,-0.6478305323809763,2.369744822445255,-0.9820271721113114,valid,True
WDC,base,0.5,0.13262079339665478,0.025,0.04605611369385074,0.35459195087079776,0.24193117666362896,0.056595864341859606,1.0,0.313308394182371,23.408218390059158,-0.6588127820570662,-0.4622774502473475,17.498146669007767,-0.9377326572436873,valid,True
WDC,bull,0.25,0.3440351028503254,0.030000000000000002,0.10299155371602459,0.39005114595787754,0.2848495668377885,0.056595864341859606,1.5,0.7210030920166319,52.39567337098176,-0.5236892615146644,-0.3290759931442153,53.24326470305012,-0.8486484673387383,valid,True
APP,bear,0.25,-0.08305024287180407,0.02,0.12258761311839864,0.44999999999999996,0.14,0.0,0.5,0.0,18.74573287469243,-0.6752082392209557,-0.4875162865937453,10.935811370111843,-0.9323552371261571,valid,True
APP,base,0.5,0.25,0.025,0.30745539335669747,0.6,0.39553,-0.0352839208904518,1.0,0.34166666666666673,77.58178065334685,-0.42451266913412833,-0.2396294110003509,100.50329111081305,-0.7383381889016192,valid,True
APP,bull,0.25,0.5164401942974433,0.030000000000000002,0.4672117543425881,0.6,0.48753,-0.0352839208904518,1.5,0.6985869257299243,193.56670790329167,-0.20516170441987922,-0.04035574144509152,301.40851366335005,-0.1832647037911217,valid,True
VRTX,bear,0.25,0.0659992024057985,0.02,0.2658445136478966,0.13560930112770658,0.07019507650288671,0.0,0.5,0.4188456208556776,200.94603289880865,-0.22128255866555258,-0.11631192285276482,218.05702838410403,-0.4394426519428125,valid,True
VRTX,base,0.5,0.15353072232769804,0.025,0.37779085295187886,0.18081240150360878,0.1673392113185208,-0.009413404767015947,1.0,0.7069458554788745,413.0569923341761,-0.00909213573904705,0.033486035402165756,515.8947849339935,0.17473362595688235,valid,True
VRTX,bull,0.25,0.2235559382652177,0.030000000000000002,0.4771680905781522,0.19889364165396967,0.18081240150360878,-0.009413404767015947,1.5,0.9293648056068206,660.0650330975521,0.14972804895660374,0.1402848143014126,855.8541664083073,0.9088363007292766,valid,True
ISRG,bear,0.25,0.08154334337284022,0.02,0.24492243350324291,0.16662348669178995,0.11840966009217886,0.0,0.5,0.41551569993453735,79.6721066036249,-0.3483970888089971,-0.19475980613351565,91.6861461816454,-0.6323501301177743,valid,True
ISRG,base,0.5,0.16641943848140683,0.025,0.2869455859558496,0.22216464892238658,0.2092886548085578,0.0,1.0,0.6217710668873482,119.26892845023637,-0.258239356658305,-0.11300097003550033,152.6029046051969,-0.4320457269454969,valid,True
ISRG,bull,0.25,0.23432031456826014,0.030000000000000002,0.31932306253655046,0.24438111381462527,0.22216464892238658,0.0,1.5,0.7916170306079949,151.567147461485,-0.19006182023731522,-0.06311601249035442,203.82387500996958,-0.26743505134072687,valid,True
SBUX,bear,0.25,-0.03914917928991325,0.02,0.12032994141200432,0.02,0.0860508337984072,0.0,0.5,0.0,11.178929764678793,-0.4453554596635513,-0.3128311317937914,14.69389794743227,-0.8111750590987957,valid,True
SBUX,base,0.5,0.04215191963043208,0.025,0.1516728793480779,0.02,0.0860508337984072,-0.007139969182015364,1.0,1.2,14.230678756999476,-0.34523343397886497,-0.21910571262123987,36.451991043863764,-0.737818486641557,valid,True
SBUX,bull,0.25,0.10719279876670834,0.030000000000000002,0.1776807237530829,0.022000000000000002,0.0860508337984072,-0.007139969182015364,1.5,1.2,29.162721547252183,-0.23037236732197924,-0.13008694473537616,60.56357233470348,-0.5222458489715901,valid,True
ADP,bear,0.25,0.03150549380444086,0.02,0.1965870201723643,0.44999999999999996,0.08589391052077715,0.0,0.5,0.06489865565233931,102.82557821661756,-0.2191064197337254,-0.11256187421677165,107.48576188749453,-0.4183411583757507,valid,True
ADP,base,0.5,0.06692973451139195,0.025,0.22604047931542276,0.6,0.5843711748798316,-0.0177759685413632,1.0,0.0975729793485226,163.28421171425111,-0.08038397910713682,-0.017029227840248466,201.22243586172172,-0.07888128739641387,valid,True
ADP,bull,0.25,0.09526912707695281,0.030000000000000002,0.2510725866830716,0.6,0.6,-0.0177759685413632,1.5,0.13702550276927042,209.0516929038727,0.0011921724712010751,0.03969372044957713,266.41117915573426,0.20512211122307256,valid,True
MAR,bear,0.25,-0.09653541499629359,0.02,0.10046009103107052,0.44999999999999996,0.09276207206049228,0.0,0.5,0.0,8.611602160683868,-0.6838418333427396,-0.5128787384543102,4.032828859278063,-0.9318687450810984,valid,True
MAR,base,0.5,0.04949535970327712,0.025,0.13818482151354172,0.6,0.5447110658545937,-0.05,1.0,0.07432714627103616,105.22028341763169,-0.28320911176269875,-0.1519525532130501,127.34387393954042,-0.5303555318896024,valid,True
MAR,bull,0.25,0.1663199794629337,0.030000000000000002,0.17157745784156342,0.6,0.6,-0.05,1.5,0.23175997261724493,228.62167282031908,-0.08693286378693298,-0.0025822607276495264,292.888647361699,-0.012054740027355959,valid,True
MNST,bear,0.25,0.09111894220385053,0.02,0.2646753996699817,0.2030331377198593,0.07185,0.0,0.5,0.37873203668446814,34.57986159489391,-0.2635801630094647,-0.1428130909393075,37.76954119437093,-0.5158990103880063,valid,True
MNST,base,0.5,0.1422850520587271,0.025,0.30803030191925174,0.27071085029314573,0.26351208751253385,-0.026168571484654214,1.0,0.43894820439707494,57.90939275776411,-0.12626542072976005,-0.04477695092791689,73.29151918351474,-0.20269037753823615,valid,True
MNST,bull,0.25,0.18321793994262836,0.030000000000000002,0.3450921451003115,0.29778193532246033,0.27071085029314573,-0.026168571484654214,1.5,0.512369401417463,77.36493646644215,-0.037408545543439635,0.01907525912392887,100.87380780289473,0.09793282289081073,valid,True
ADBE,bear,0.25,0.08597436932975618,0.02,0.2972106805186948,0.4371296038077502,0.11248835674804507,0.0,0.5,0.16649408969293555,170.60618177317974,-0.028089779685251386,0.03124757260957269,184.2166154400277,0.1439032366751103,valid,True
ADBE,base,0.5,0.13346474164001165,0.025,0.33594547644152983,0.5828394717436669,0.572397676990764,-0.05,1.0,0.1917711457970139,250.59750888040625,0.11966913454816677,0.13243223347526512,354.784156073144,0.8029342019640346,valid,True
ADBE,bull,0.25,0.17145703948821603,0.030000000000000002,0.3685223917811916,0.6,0.5828394717436669,-0.05,1.5,0.23860938598428805,313.0197560610924,0.21038111230009243,0.1944521129713394,460.8712013410795,1.323591451537523,valid,True
CSX,bear,0.25,-0.05707864997553093,0.02,0.3310907930690273,0.02,0.09588077026246239,0.0,0.5,0.0,6.844235042141268,-0.4042558174580335,-0.28091080592712386,8.118262674789639,-0.7554414010986708,valid,True
CSX,base,0.5,0.04146563112938384,0.025,0.3882619842609072,0.02,0.09588077026246239,-0.04547420374920552,1.0,1.2,6.472982359464011,-0.3302410169853829,-0.20915997701231392,18.856901380555655,-0.7214501634065212,valid,True
CSX,bull,0.25,0.12030105601331566,0.030000000000000002,0.42553863137925824,0.022000000000000002,0.09588077026246239,-0.04547420374920552,1.5,1.2,12.999794506139384,-0.2281087192706763,-0.12722587661119167,29.973226273762574,-0.5161465492447497,valid,True
CDNS,bear,0.25,0.10969848888850414,0.02,0.22625296680292314,0.17896713671869705,0.10123160756421101,0.0,0.5,0.512713075669479,42.78971795164057,-0.46246996192203366,-0.2852433969412232,50.7717012576904,-0.7944928172492745,valid,True
CDNS,base,0.5,0.15674971720062747,0.025,0.27587571713297987,0.23862284895826272,0.21622807661103227,-0.006718512751118064,1.0,0.5464680952799706,69.16087331158671,-0.3723598753815167,-0.2107567233761074,89.3779452947956,-0.6847037010072079,valid,True
CDNS,bull,0.25,0.19439069985032614,0.030000000000000002,0.31461517042214054,0.262485133854089,0.23862284895826272,-0.006718512751118064,1.5,0.6153207898243982,91.85840027732888,-0.3091544885770417,-0.15923031606653237,122.75955273249915,-0.5713515951809031,valid,True
CMCSA,bear,0.25,-0.05999412788620648,0.02,0.16099366545075774,0.02,0.065,0.0,0.5,0.0,30.908232925861878,0.23536169817671185,0.14883840889669953,34.22754757560232,0.8099419243714963,valid,True
CMCSA,base,0.5,0.011564971098486698,0.025,0.1873066409912772,0.02,0.065,-0.05,1.0,0.7125988439394679,38.98314372159771,0.33525764876976605,0.18434173210989688,61.233590996846644,1.362778373250559,valid,True
CMCSA,bull,0.25,0.06881225028624124,0.030000000000000002,0.20417374262660654,0.022000000000000002,0.065,-0.05,1.5,1.2,52.20771811955724,0.4246277516242117,0.2374332128791139,87.1166881657661,2.1770962159419223,valid,True
CTAS,bear,0.25,0.041099600940155315,0.02,0.17493998340975764,0.37462029114011475,0.09075027431975136,0.0,0.5,0.09844549701214819,43.897971810089516,-0.3714120545424521,-0.22208073832734954,45.51860095757197,-0.6805077167858644,valid,True
CTAS,base,0.5,0.08182191081965873,0.025,0.20328985325583016,0.49949372152015303,0.4849833291445388,-0.009133996543389093,1.0,0.14105788645610481,71.54713616507746,-0.25374825636972664,-0.1333489044278394,85.91070718863773,-0.4940968195825052,valid,True
CTAS,bull,0.25,0.11439975872326145,0.030000000000000002,0.22750785683447794,0.5494430936721684,0.49949372152015303,-0.009133996543389093,1.5,0.17748845713364358,93.65720149421175,-0.18163817344466227,-0.07881724913604557,116.58657721036377,-0.32432527346170137,valid,True
INTU,bear,0.25,0.10512633977535521,0.02,0.22400835637868927,0.12947309961844256,0.09165756937188331,0.0,0.5,0.6804585051251433,192.76572737485995,-0.07565545833203938,-0.0002578259009169135,234.00974802719938,-0.00121482303394016,valid,True
INTU,base,0.5,0.1581330568734869,0.025,0.25922285642412646,0.17263079949125673,0.16812868789661956,-0.04050647781647193,1.0,0.7617785811473922,303.7745530798989,0.06678522924194115,0.10426535769947806,430.7766047258187,0.6293559404889049,valid,True
INTU,bull,0.25,0.20053843055199222,0.030000000000000002,0.2883870950006246,0.1898938794403824,0.17263079949125673,-0.04050647781647193,1.5,0.8764408043696061,386.28713922816723,0.16339210036967422,0.16328232639352788,559.4943068630639,1.1077114781062423,valid,True
MDLZ,bear,0.25,-0.03372153161776589,0.02,0.11420841642742509,0.02,0.0652136401213478,0.0,0.5,0.0,20.087575742275863,-0.23845754917711015,-0.15578540123533455,23.33153712344355,-0.5380619263616948,valid,True
MDLZ,base,0.5,0.049944940313747965,0.025,0.1467575459152321,0.02,0.0652136401213478,-0.024914962630566275,1.0,1.2,28.87003747225397,-0.11889961782144379,-0.06710238780360667,49.43709452129298,-0.307521832819204,valid,True
MDLZ,bull,0.25,0.11687811785895905,0.030000000000000002,0.16800487679210707,0.022000000000000002,0.0652136401213478,-0.024914962630566275,1.5,1.2,47.00946832032552,0.0026926476508379255,0.01874454958597201,75.53690666490084,0.10207833463936655,valid,True
ROST,bear,0.25,-0.039471425422336726,0.02,0.09504592956039447,0.14540382551780953,0.08687731808407723,0.0,0.5,0.0,56.706939113347886,-0.34028475824743515,-0.20946869325707668,56.248328862542444,-0.6519296581802724,valid,True
ROST,base,0.5,0.06364292982379083,0.025,0.12068597176322433,0.19387176735707937,0.1857722875471131,-0.026068341815271054,1.0,0.28840890358237564,104.013656267187,-0.19317116434685883,-0.09431096852931656,131.1351320345386,-0.3849185238381537,valid,True
ROST,bull,0.25,0.14613441402069288,0.030000000000000002,0.14314533518023442,0.2132589440927873,0.19387176735707937,-0.026068341815271054,1.5,0.5763300186044163,156.21415557391245,-0.07386958410497751,-0.0034118978801415947,210.3533301041853,-0.01668372479819724,valid,True
AEP,bear,0.25,-0.06601214971693889,0.02,0.15446616833752042,0.05559761508715081,0.0733165556964723,0.021333592798721934,0.5,0.0,-25.682677160753343,,-0.95,0.0,-1.074128472116069,below_lower_bound,True
AEP,base,0.5,0.06789119416577238,0.025,0.19810734374412714,0.07413015344953441,0.07371049972850498,0.021333592798721934,1.0,0.800119149530648,12.359925925533076,-0.48391069993958824,-0.2820198253175476,32.4086453468087,-0.8759924688599868,valid,True
AEP,bull,0.25,0.1750138692719414,0.030000000000000002,0.22344934380908885,0.08154316879448786,0.0738732192791174,0.021333592798721934,1.5,1.2,50.82949063657983,-0.2529094451281707,-0.10594623952638352,95.17427058522885,-0.48711876524022957,valid,True
ORLY,bear,0.25,0.04440401643963954,0.02,0.17794514848385065,0.18790202806940628,0.06853335642536831,0.0,0.5,0.2103394708284508,39.6819355046261,-0.19041709824232383,-0.09263676707632834,42.82422136523451,-0.36262939220628065,valid,True
ORLY,base,0.5,0.08285958994381326,0.025,0.19813277759802017,0.25053603742587505,0.24784239774706754,-0.0321465574398285,1.0,0.2845405901980954,71.06994396662574,-0.010126838774885957,0.027345413569128167,92.30946756483368,0.14220823748509326,valid,True
ORLY,bull,0.25,0.11362404874715223,0.030000000000000002,0.2149085602819518,0.2755896411684626,0.25053603742587505,-0.0321465574398285,1.5,0.35160697109979244,94.36436710424171,0.0889325960306451,0.09345524971140551,125.956154117442,0.5537706245898848,valid,True
HON,bear,0.25,-0.08128684064531694,0.02,0.15605029616205193,0.03814829616460538,0.08410767847780065,0.0,0.5,0.0,62.529179865006874,-0.27826875481987373,-0.18028402143972924,65.81812500649153,-0.582302881509601,valid,True
HON,base,0.5,-0.0018322431543058015,0.025,0.1807451473825378,0.050864394886140515,0.08410767847780065,-0.0251663274593664,1.0,0.0694828963259397,113.05177643562118,-0.12605692007928151,-0.060323417856125126,137.0520992437143,-0.24815376001660472,valid,True
HON,bull,0.25,0.0617314348385031,0.030000000000000002,0.19609728193482032,0.05595083437475457,0.08410767847780065,-0.0251663274593664,1.5,0.9898895787654718,131.3704237222499,-0.07506597842148037,-0.016897782016894746,206.38561797723187,-0.08365596591534541,valid,True
REGN,bear,0.25,-0.09437521501010707,0.02,0.2722747997172394,0.02,0.06990024280958072,0.0,0.5,0.0,429.80495963140913,-0.07098687564284772,-0.03590470599883697,448.5671313933464,-0.15124978188039984,valid,True
REGN,base,0.5,0.1151897433507697,0.025,0.3573214670473511,0.02,0.06990024280958072,-0.03149910841414026,1.0,1.2,712.2428018691855,0.10348412392486356,0.0796701649123861,1038.921664606472,0.4755131134182451,valid,True
REGN,bull,0.25,0.2828417100394711,0.030000000000000002,0.42472360033466466,0.022000000000000002,0.06990024280958072,-0.03149910841414026,1.5,1.2,1285.1519548660258,0.3031637405249058,0.2128800787322689,1881.9767465239984,1.6676424752024066,valid,True
PCAR,bear,0.25,-0.10029505284109769,0.02,0.07692404625654557,0.059799769701826086,0.08566643521174484,0.0025729235493343605,0.5,0.0,17.216687430364416,-0.4463398306455929,-0.3009531531075482,16.442934285011965,-0.792969634113283,valid,True
PCAR,base,0.5,0.06685191612580443,0.025,0.11531679288096988,0.07973302626910145,0.08566643521174484,0.0025729235493343605,1.0,0.7334668660796413,45.434112904925364,-0.23031452696304766,-0.11727683107019399,58.813814684964235,-0.4526773586771734,valid,True
PCAR,bull,0.25,0.20056949129932614,0.030000000000000002,0.14555721883267403,0.0877063288960116,0.08566643521174484,0.0025729235493343605,1.5,1.2,78.88664738050102,-0.09059031417127694,-0.007693668146384849,117.88182386308071,-0.03870563169550323,valid,True
MPWR,bear,0.25,0.16122443939977543,0.02,0.19072396812973413,0.1915385332704228,0.131,0.0022937936550321693,0.5,0.6942704908994671,140.33016018999777,-0.49792101923267185,-0.3067151084131182,172.48128026707468,-0.8242280855938755,valid,True
MPWR,base,0.5,0.25,0.025,0.2308215064033451,0.2553847110272304,0.2486306212184518,0.0022937936550321693,1.0,0.802710542755012,219.68673768697204,-0.42099462821715866,-0.22985922727020802,295.17413289772446,-0.7146217136054525,valid,True
MPWR,bull,0.25,0.32102044848017963,0.030000000000000002,0.2655766809112506,0.2809231821299535,0.2553847110272304,0.0022937936550321693,1.5,0.9355452860510685,286.2455011172986,-0.36196063876923285,-0.182012054599545,402.0016169176966,-0.6216428108658631,valid,True
BKR,bear,0.25,-0.11999630669655043,0.02,0.045183130156294854,0.25584572340730444,0.08732243271452764,0.0,0.5,0.0,5.927167283028205,-0.5169537470035721,-0.35682976450771087,4.6444131415605945,-0.8459973629689265,valid,True
BKR,base,0.5,0.015507879636057376,0.025,0.07661628186406616,0.34112763120973927,0.1793775782087409,0.0,1.0,0.05102578072353157,18.22135939867718,-0.2680477354093454,-0.1506226860918104,19.4385852477369,-0.5212277937942251,valid,True
BKR,bull,0.25,0.1239112287021436,0.030000000000000002,0.09957605587908107,0.3752403943307132,0.23013861790778323,0.0,1.5,0.2801643547710933,33.87620761351852,-0.10027344111585988,-0.022195862152148006,40.42980469529332,-0.09915563925412796,valid,True
EA,bear,0.25,0.031256155758446535,0.02,0.15875713447664866,0.12001501803065548,0.07716828029711142,0.0,0.5,0.24167745906056934,63.079522037200476,-0.306779495551018,-0.16768822673475364,69.57461525841701,-0.5770909535320433,valid,True
EA,base,0.5,0.1034203999681842,0.025,0.19328197964511903,0.16002002404087398,0.1467886005649951,-0.04318023272830924,1.0,0.5482833820355935,112.70502519803586,-0.17442211783200035,-0.05983715353067962,147.64332473237752,-0.26357698276947183,valid,True
EA,bull,0.25,0.16115179533597432,0.030000000000000002,0.22027752529651382,0.1760220264449614,0.16002002404087398,-0.04318023272830924,1.5,0.7665031416449845,153.22207954082543,-0.06870687411283138,0.007754710019798975,208.31491677449512,0.03912731582042417,valid,True
FAST,bear,0.25,0.05396710135787514,0.02,0.1850675106445722,0.3329596931724785,0.08085497373454122,0.0,0.5,0.14167985511046044,15.365482657357669,-0.2700141777982935,-0.14801013864343981,16.232102187287918,-0.5212101273335326,valid,True
FAST,base,0.5,0.10158743072860166,0.025,0.20204371901989834,0.44394625756330464,0.4421308011441608,-0.0004452527267745232,1.0,0.19432519840665544,24.18280855282698,-0.1419612662866711,-0.05623022253857922,28.280523787639734,-0.2378152704131432,valid,True
FAST,bull,0.25,0.13968369422518287,0.030000000000000002,0.21583773882066112,0.48834088331963516,0.44394625756330464,-0.0004452527267745232,1.5,0.24111631731451214,30.643613488736328,-0.07368989854585378,-0.006306758872233302,36.98648975150405,-0.02944913772149893,valid,True
TER,bear,0.25,0.15026082568418758,0.02,0.19224202109648128,0.02,0.13247007262987445,0.0,0.5,1.2,24.119368762500702,-0.48816941349650733,-0.3148314117817791,50.55067373854301,-0.8570297602163219,valid,True
TER,base,0.5,0.25,0.025,0.23338936981766334,0.02,0.13247007262987445,-0.024346695038381383,1.0,1.2,37.64428589681765,-0.4156112661177759,-0.2533965869908571,80.10541049020831,-0.7772387426384757,valid,True
TER,bull,0.25,0.32979133945264993,0.030000000000000002,0.26908240896620667,0.022000000000000002,0.13247007262987445,-0.024346695038381383,1.5,1.2,53.87350722523183,-0.3543536663302802,-0.1999599988397676,113.56392650645026,-0.6818281419283672,valid,True
EBAY,bear,0.25,-0.0001436850059316208,0.02,0.195267428983884,0.19013266528320633,0.10598541296935453,0.0,0.5,0.020433374714796337,37.015386260216125,-0.2609584790770895,-0.1338525137864053,39.68118118168345,-0.47224471416476577,valid,True
EBAY,base,0.5,0.06980796503782982,0.025,0.2318380411812394,0.25351022037760845,0.2462372473723815,-0.05,1.0,0.240015459493633,64.25301096318329,-0.12259597021038643,-0.02282007042085749,90.07993708379092,-0.10687906832076777,valid,True
EBAY,bull,0.25,0.12576928507283897,0.030000000000000002,0.26321664044634097,0.2788612424153693,0.25351022037760845,-0.05,1.5,0.3823242955342837,87.38719798729988,-0.011349106917623402,0.05138076794683004,127.77370123213947,0.2777341220795695,valid,True
XEL,bear,0.25,-0.07216487947281011,0.02,0.14277118937463365,0.027841922248533702,0.07317212454595631,0.024189418782388897,0.5,0.0,-21.63017013685294,,-0.95,0.0,-1.1127515238541712,below_lower_bound,True
XEL,base,0.5,0.05400752408697995,0.025,0.17608053511468033,0.037122562998044936,0.07317212454595631,0.024189418782388897,1.0,1.2,-10.413768389469165,-0.9031595707030646,-0.5088683048321401,8.384738268499104,-1.1510875385285593,valid,True
XEL,bull,0.25,0.154945446934812,0.030000000000000002,0.19221674626499227,0.040834819297849434,0.07317212454595631,0.024189418782388897,1.5,1.2,8.7932120614323,-0.4068974478694145,-0.22333024506806393,36.4323046787375,-0.8392191574527631,valid,True
ODFL,bear,0.25,-0.029059545474106996,0.02,0.21816173479045467,0.04485134820654408,0.10465112350386037,0.0,0.5,0.0,39.098064979294605,-0.408449272843427,-0.2639688439230667,40.677956638036285,-0.7478680471416718,valid,True
ODFL,base,0.5,0.0554733114036855,0.025,0.2561866213225866,0.05980179760872544,0.10465112350386037,-0.025679009368077814,1.0,0.8257050974625512,45.687951650634204,-0.3671864536998327,-0.2249994793906807,63.673131851727135,-0.7178289508700737,valid,True
ODFL,bull,0.25,0.1230995969059195,0.030000000000000002,0.28803228654841784,0.065781977369598,0.10465112350386037,-0.025679009368077814,1.5,1.2,53.77764545860136,-0.31823584991798276,-0.1803323035885114,85.86645595505912,-0.6348182687814696,valid,True
ADSK,bear,0.25,0.10272645446142217,0.02,0.1245601902073513,0.44999999999999996,0.10789705181033903,0.0,0.5,0.1915136968203061,50.36721883185283,-0.36541185978858265,-0.20549953900044776,52.59530375277818,-0.644719665340873,valid,True
ADSK,base,0.5,0.16450303612616957,0.025,0.1817827291442067,0.6,0.5096498987123782,-0.027325988191668794,1.0,0.22767071483489276,97.5640966296208,-0.21001501715509224,-0.07984010022482832,127.33120119582867,-0.33304384533265474,valid,True
ADSK,bull,0.25,0.21392430145796748,0.030000000000000002,0.23127223078326758,0.6,0.6,-0.027325988191668794,1.5,0.29523240194395667,141.20719363413627,-0.08808250557049177,0.004673826586804381,193.11167478852184,0.02285501045685745,valid,True
IDXX,bear,0.25,0.057255085612369735,0.02,0.24023840773372773,0.30054854716172247,0.12116729406969372,0.0,0.5,0.16571056143916965,92.75156925505281,-0.41498478218491075,-0.25112005843402585,99.78974124076332,-0.7273303481613889,valid,True
IDXX,base,0.5,0.0992193966141317,0.025,0.27820512448371637,0.40073139621563,0.3912821295630973,-0.017212959225577647,1.0,0.21055379760138299,135.58361902406767,-0.3407888762187212,-0.19045696286775637,171.2833808127819,-0.6399266919676363,valid,True
IDXX,bull,0.25,0.1327908454155413,0.030000000000000002,0.31058826438531684,0.44080453583719303,0.40073139621563,-0.017212959225577647,1.5,0.25460871476577795,171.03111783745527,-0.2828777294547762,-0.14318514560873147,225.2723944950396,-0.5258733179399373,valid,True
MCHP,bear,0.25,-0.19518033399898801,0.02,0.07891137274893448,0.026768426089289664,0.12527110172263264,0.0,0.5,0.0,-6.775481462033129,,-0.95,0.0,-1.021401757575597,below_lower_bound,True
MCHP,base,0.5,0.021955004946000112,0.025,0.15852737070229608,0.035691234785719554,0.12527110172263264,-0.010008981993751245,1.0,0.6322001492038093,-2.059708436213895,-0.825702705248841,-0.5807709081098438,1.5482887081036878,-1.0000585116966496,valid,True
MCHP,bull,0.25,0.1956632761019906,0.030000000000000002,0.22103905799373347,0.039260358264291514,0.12527110172263264,-0.010008981993751245,1.5,1.2,3.5067403056176967,-0.504469975194661,-0.30059876680606984,15.628038677978338,-0.8629659391208483,valid,True
FLEX,bear,0.25,-0.04358903809941883,0.02,0.024329806773696443,0.27051197116153214,0.11992984084960187,0.0,0.5,0.0,7.8302769382708775,-0.5812025891209486,-0.39980945723073086,6.573094500653696,-0.88516081708006,valid,True
FLEX,base,0.5,0.03851920028342659,0.025,0.034318220210944134,0.3606826282153762,0.28234167120655324,-0.05,1.0,0.09929882235790594,17.479263361480555,-0.45116523527540264,-0.286402775516035,20.83263988423852,-0.8069100552738534,valid,True
FLEX,bull,0.25,0.10420579098970292,0.030000000000000002,0.04211678801653148,0.39675089103691386,0.3304922286797081,-0.05,1.5,0.22524116469708902,27.50162123416313,-0.35114604242844516,-0.2014899927889928,36.7215760288129,-0.6682084812768794,valid,True
KDP,bear,0.25,0.10991390800583917,0.02,0.17534377416877867,0.1148192450889984,0.065,0.0,0.5,0.8006595613254024,13.503917974121693,-0.20336014905478797,-0.07834998480975627,18.9354279475859,-0.33620602977416925,valid,True
KDP,base,0.5,0.25,0.025,0.2147024553505525,0.15309232678533122,0.11399695215800124,-0.017921517783626762,1.0,1.2,48.00794542948736,0.1726650733966381,0.16646883659996092,66.49350431430521,1.2074984566740068,valid,True
KDP,bull,0.25,0.3620688735953287,0.030000000000000002,0.23654785724938177,0.16840155946386434,0.13161541751506745,-0.017921517783626762,1.5,1.2,88.93849467082991,0.4084417043719441,0.31117316260933875,122.4030142227143,3.029127785553772,valid,True
PAYX,bear,0.25,0.07915939311303427,0.02,0.35078843190960984,0.12068437211410557,0.08237201117841357,0.0,0.5,0.5578809692672559,58.247201775958445,-0.1483843093272298,-0.058326178812421824,69.19120875841408,-0.2464958942405745,valid,True
PAYX,base,0.5,0.12287013906354527,0.025,0.39087679209438503,0.16091249615214076,0.1597186807805401,-0.00562621949497428,1.0,0.641939648696836,89.22694041283995,-0.018880541739054,0.030301043478539243,114.32676336755831,0.15482628998810166,valid,True
PAYX,bull,0.25,0.15783873582395408,0.030000000000000002,0.42421080131176925,0.17700374576735486,0.16091249615214076,-0.00562621949497428,1.5,0.7472779069490079,112.92022695488015,0.056743792362976844,0.08241676018806175,148.8815918393906,0.4699149438885426,valid,True
UAL,bear,0.25,-0.24324078960565165,0.02,-0.01505479702093361,0.3119953250658245,0.08828682217884336,0.0,0.5,0.0,-56.34779074686344,,-0.95,0.0,-1.119102345019182,below_lower_bound,True
UAL,base,0.5,0.09787679883025469,0.025,0.07828532791915829,0.41599376675443267,0.24837166460401872,-0.003546847796669028,1.0,0.20024684435566995,151.334709557227,0.18363871393958114,0.1629582535475493,183.6693778964839,0.9953144778372418,valid,True
UAL,bull,0.25,0.37077086957897976,0.030000000000000002,0.16444473115586541,0.45759314342987595,0.31391305351913656,-0.003546847796669028,1.5,0.6613226181557907,794.9193575793516,0.9694593915948644,0.6373009365401232,1049.4606396147335,9.441826331396326,valid,True
ROP,bear,0.25,-0.03008972399671997,0.02,0.23810923499227907,0.05221243263392542,0.075209313365543,0.0,0.5,0.0,86.41590488325284,-0.32870604440104223,-0.20524472145189065,90.82660696445652,-0.637751529816013,valid,True
ROP,base,0.5,0.06948277015400739,0.025,0.28084670952713225,0.0696165768452339,0.075209313365543,-0.011342184393690394,1.0,0.8702843326797931,143.49204508459727,-0.20220818288362347,-0.09475689078244609,203.93915674842762,-0.39051481750942696,valid,True
ROP,bull,0.25,0.14914076547458927,0.030000000000000002,0.30139588977579435,0.07657823452975729,0.075209313365543,-0.011342184393690394,1.5,1.2,197.87453069946628,-0.12570844498404765,-0.032652518298709736,310.958750882536,-0.15883937650463797,valid,True
KMB,bear,0.25,-0.04323240387122455,0.02,0.11765850102122659,0.15562597010424525,0.06674609378434163,0.0,0.5,0.0,44.41399694385532,-0.21282711318926884,-0.11995164768886749,44.572973028433104,-0.4374540062080966,valid,True
KMB,base,0.5,0.007268762765847703,0.025,0.13873102540272614,0.20750129347232701,0.19954862468995585,-0.008775975802511249,1.0,0.05212020624883712,92.04224771166828,0.014522530324757126,0.03294711575144904,108.71775527893541,0.16546910423072148,valid,True
KMB,bull,0.25,0.04766969607550551,0.030000000000000002,0.1565468389628967,0.22825142281955974,0.20750129347232701,-0.008775975802511249,1.5,0.19336465164247923,133.31059379640948,0.14504644864937294,0.11828086737077687,164.34387059649058,0.7065051553025103,valid,True
ON,bear,0.25,-0.12766975199791783,0.02,0.10089396836804485,0.02,0.1384553981040959,0.0,0.5,0.0,5.178719515004777,-0.5644314418314024,-0.40675291256629864,5.324108743291161,-0.8953822756902707,valid,True
ON,base,0.5,0.04136167679134772,0.025,0.16852792331505653,0.02,0.1384553981040959,-0.04455577133645185,1.0,1.2,7.146604222315921,-0.43306588175473737,-0.284218622156186,18.044021001331277,-0.824579843766869,valid,True
ON,bull,0.25,0.17658681982276017,0.030000000000000002,0.21938155293758804,0.022000000000000002,0.1384553981040959,-0.04455577133645185,1.5,1.2,15.518263871336295,-0.3051261075539514,-0.17798721843282692,36.02298692005379,-0.6373623078589602,valid,True
STLD,bear,0.25,-0.12687329336726494,0.02,0.08249844188871358,0.02,0.11426538768374153,0.0,0.5,0.0,26.401744392061858,-0.4456508104864042,-0.3173365735186962,27.22372231636824,-0.7946937665047106,valid,True
STLD,base,0.5,0.14918514831461183,0.025,0.1282361152060176,0.02,0.11426538768374153,-0.05,1.0,1.2,71.65652022123685,-0.1791286053048679,-0.09522495898127087,162.42269626938662,-0.4093194881559855,valid,True
STLD,bull,0.25,0.37003190166011324,0.030000000000000002,0.16465615239245238,0.022000000000000002,0.11426538768374153,-0.05,1.5,1.2,199.1214966331034,0.06797040471574294,0.08544169725209941,400.4143131520453,0.5315510143770545,valid,True
NTAP,bear,0.25,-0.043366535932310254,0.02,0.15495648141133667,0.44999999999999996,0.11285517670703149,0.0,0.5,0.0,46.69300157939626,-0.3037846385850571,-0.17379374244192147,45.592202720208654,-0.5664167306670641,valid,True
NTAP,base,0.5,0.03027364485717643,0.025,0.1884048836470307,0.6,0.4719296259562786,-0.04498221986550491,1.0,0.04869819314290191,75.90778696454622,-0.18856311661656944,-0.079591549327597,97.74894438155408,-0.33231845855690934,valid,True
NTAP,bull,0.25,0.08918578948876577,0.030000000000000002,0.21159746604139865,0.6,0.5693585906148723,-0.04498221986550491,1.5,0.12891438598502103,99.89563442899731,-0.09302664877614002,-0.011479563848115475,136.418194557867,-0.054552518405606265,valid,True
CASY,bear,0.25,-0.024276127581169926,0.02,0.036825758535237035,0.11242410836880082,0.07554404413828002,0.0,0.5,0.0,113.01878538072928,-0.4730677209656278,-0.3124033384417999,109.9922681955352,-0.817193636901589,valid,True
CASY,base,0.5,0.09295016291407421,0.025,0.04542217167062353,0.1498988111584011,0.13382331052865093,-0.0037637322346148277,1.0,0.5294246813431891,250.31190947609656,-0.30308215912009473,-0.16801149154416634,312.1422496507939,-0.5929204061547485,valid,True
CASY,bull,0.25,0.18673119531026952,0.030000000000000002,0.05186421120367236,0.16488869227424122,0.14869426393267512,-0.0037637322346148277,1.5,0.9423627181770654,407.61237015477917,-0.185303189829574,-0.07445508255841556,545.5175951069123,-0.31935616846052906,valid,True
BIIB,bear,0.25,-0.10689797816138683,0.02,0.18585216101658056,0.02,0.0670717758249131,0.0,0.5,0.0,100.45455861210512,-0.1456853021809365,-0.08942504516744519,106.26564923097453,-0.3444742768958513,valid,True
BIIB,base,0.5,-0.0132469305009556,0.025,0.2706785477390644,0.02,0.0670717758249131,0.0,1.0,0.0,186.4499025362536,0.06258820171933624,0.04539184715540616,227.78590466384702,0.22812955115990285,valid,True
BIIB,bull,0.25,0.06167390762738938,0.030000000000000002,0.33680375359825626,0.022000000000000002,0.0670717758249131,0.0,1.5,1.2,242.5805503046778,0.15665912209660748,0.10231204428419008,364.3418153323216,0.6507400594628789,valid,True
DXCM,bear,0.25,0.09160738776383676,0.02,0.06924178235313105,0.44999999999999996,0.11515112684342801,0.0,0.5,0.17174646713570982,12.540942779782485,-0.441081828402821,-0.26954984082840366,12.404893631758616,-0.7554151040336042,valid,True
DXCM,base,0.5,0.1815859939525899,0.025,0.14160742777167754,0.6,0.4586180685875436,-0.033812199104031056,1.0,0.2504479919367866,28.47022322757302,-0.2614463028963654,-0.11877324765082445,37.05253271510867,-0.4617753857431641,valid,True
DXCM,bull,0.25,0.2535688789035924,0.030000000000000002,0.2056550528829157,0.6,0.555587843218858,-0.033812199104031056,1.5,0.3480918385381232,46.56224033105014,-0.10863943214062596,-0.005803404678590567,65.14011184018088,-0.02798072697987941,valid,True
GEHC,bear,0.25,-0.007284774452247927,0.02,0.11038836548339556,0.07652505807785176,0.07657585886160577,0.0,0.5,0.0,30.823268529472852,-0.15033558125142005,-0.07178534721606405,32.72152069356517,-0.28108869244095547,valid,True
GEHC,base,0.5,0.048987568495317046,0.025,0.13391515151515151,0.10203341077046901,0.09314617939908486,0.0,1.0,0.4330939685595939,50.76962011674209,0.0029048596974462545,0.03691124398028481,62.10255601655063,0.1857517004168674,valid,True
GEHC,bull,0.25,0.09400544285336902,0.030000000000000002,0.14842074336508929,0.11223675184751593,0.0982376897808575,0.0,1.5,0.7235094828209114,68.76946982359149,0.10118702780455355,0.10305350736016412,89.61983691389962,0.6082724865264055,valid,True
JBHT,bear,0.25,-0.029028386994879085,0.02,0.06614344281840702,0.02,0.10606645171550876,0.0,0.5,0.0,31.800624824962934,-0.459545259855804,-0.3182851423378451,37.37962485450822,-0.8149187154056591,valid,True
JBHT,base,0.5,0.0937077099042819,0.025,0.07823289501812905,0.02,0.10606645171550876,-0.027147803211965454,1.0,1.2,32.86752242823939,-0.3951746001839638,-0.24920878103584979,77.8927263516786,-0.7785765706229074,valid,True
JBHT,bull,0.25,0.19189658742361068,0.030000000000000002,0.08620807926884769,0.022000000000000002,0.10606645171550876,-0.027147803211965454,1.5,1.2,57.56335630754751,-0.30994201905268703,-0.17654981028608743,122.25066853077665,-0.6366379379853565,valid,True
FISV,bear,0.25,-0.07153551280924034,0.02,0.17427680432605264,0.44999999999999996,0.07780170225679642,0.0,0.5,0.0,10.293940467876125,-0.37239512016531073,-0.2503168146242387,8.235760734920936,-0.6892873547875615,valid,True
FISV,base,0.5,0.10711687048321339,0.025,0.2367339951540479,0.6,0.4259513073621902,-0.05,1.0,0.15115582731095117,118.83805016551254,0.42372706546448174,0.3015452632447705,145.6884279431871,2.3901118738331886,valid,True
FISV,bull,0.25,0.25003877711717637,0.030000000000000002,0.2838046599670058,0.6,0.530390966910831,-0.05,1.5,0.34338503615623517,264.2126815942161,0.8132254093419764,0.5337882371153684,337.23405979498057,6.540954587460112,valid,True
VRSK,bear,0.25,-0.011311440316624857,0.02,0.346393612796958,0.2789300130769422,0.07503842966663823,0.0,0.5,0.0,54.86954343186415,-0.3170432700251695,-0.18716865439200775,54.81361106535737,-0.604596707146035,valid,True
VRSK,base,0.5,0.0434138326676462,0.025,0.42172227797197337,0.3719066841025896,0.35498519359974035,-0.05,1.0,0.10683073962488193,121.30254559836233,-0.10304179937520529,-0.036807662714272694,159.01302988879377,-0.1686972946572739,valid,True
VRSK,bull,0.25,0.08719405105506305,0.030000000000000002,0.48711938350074874,0.40909735251284857,0.37190668410258954,-0.05,1.5,0.18517656097926272,181.84997528469208,0.030442265758756578,0.05697732733679007,250.36025369093286,0.31444514057456674,valid,True
CPRT,bear,0.25,0.01760470476345779,0.02,0.3279084781789815,0.22614543675197946,0.09655208501600657,0.0,0.5,0.07996519439213466,18.494742052433683,-0.059237202070653416,-0.005379089107736918,19.128198736003075,-0.023567153881163816,valid,True
CPRT,base,0.5,0.07208359590841151,0.025,0.3705266255577967,0.3015272490026393,0.29701779539493334,0.0,1.0,0.20783155397733452,25.38385386317421,0.05379589707590643,0.07192781073972584,28.921028623830253,0.3691640975791797,valid,True
CPRT,bull,0.25,0.11566670882437449,0.030000000000000002,0.4063641356889042,0.3316799739029032,0.3015272490026393,0.0,1.5,0.2970736095400939,31.13383106714464,0.12619812735356395,0.12253975195344541,37.015117031279146,0.6968196338008246,valid,True
FOXA,bear,0.25,-0.00971999054647367,0.02,0.17512577098348353,0.44999999999999996,0.06713308694247724,0.0,0.5,0.0,66.99467799636992,0.12359097648877654,0.10708771218778568,67.5455628723562,0.5661987153117076,valid,True
FOXA,base,0.5,0.048156876635858104,0.025,0.2005283937430593,0.6,0.545594288176827,-0.05,1.0,0.07254250218114414,130.10889805821174,0.43779786899685863,0.29399153806734835,176.93438685168928,2.422284370275795,valid,True
FOXA,bull,0.25,0.09445837038172353,0.030000000000000002,0.21985199824631424,0.6,0.6,-0.05,1.5,0.13594449384229806,182.41940177755308,0.606789218238555,0.3932779212947934,257.0451694870009,3.903671674175534,valid,True
CHRW,bear,0.25,-0.10335615892054337,0.02,0.039498772493257985,0.1502854951520137,0.0885815677763068,0.0,0.5,0.0,25.910558379165916,-0.4670990813639946,-0.31299446275806986,24.733572064786074,-0.8114466476691105,valid,True
CHRW,base,0.5,0.02179314882466904,0.025,0.04790639549170544,0.20038066020268494,0.18766910339380574,-0.019426787439170663,1.0,0.11195950266379363,59.66628397747119,-0.304666576476302,-0.1763802340487018,72.88227727507447,-0.6130595279684855,valid,True
CHRW,bull,0.25,0.12191259502083897,0.030000000000000002,0.05477837898266628,0.22041872622295344,0.20038066020268494,-0.019426787439170663,1.5,0.46969727931351235,95.12251278920004,-0.1842460042913444,-0.07863234935211946,126.93701254242261,-0.33157553423070696,valid,True
DLTR,bear,0.25,-0.18195496797571564,0.02,0.04418130702780572,0.09539781100833003,0.07040300488676093,0.0,0.5,0.0,-2.0086096006531555,-0.7993079186126126,-0.7133561752358217,0.0,-0.9560002374473248,valid,True
DLTR,base,0.5,-0.05,0.025,0.07816983415618828,0.12719708134444005,0.10785301890295454,-0.04598250831415556,1.0,0.0,54.61207122651113,-0.17973856984172012,-0.09938209200045091,59.7961869128595,-0.37822909262994664,valid,True
DLTR,bull,0.25,0.05556397438057252,0.030000000000000002,0.10699211694518836,0.13991678947888406,0.11921183419449036,-0.04598250831415556,1.5,0.36057988245986733,130.8028238296617,0.08348217986058445,0.08476754997973329,160.53016167869865,0.4718761039943178,valid,True
INCY,bear,0.25,0.08119725056493521,0.02,0.10291049903748972,0.44999999999999996,0.08334717579306872,0.0,0.5,0.15323955655988483,53.18818109458157,-0.20189668892999177,-0.10434386287815865,52.479976231226864,-0.3907159421621613,valid,True
INCY,base,0.5,0.1495803706632005,0.025,0.17580748591964146,0.6,0.5033859218733038,-0.03908586789342675,1.0,0.20777382755093401,100.9891807931265,0.0014258516835980394,0.040841563371941475,129.15851633090404,0.21535111041473898,valid,True
INCY,bull,0.25,0.20428686674181276,0.030000000000000002,0.24113596053295264,0.6,0.6,-0.03908586789342675,1.5,0.2823824889890837,155.53830782081462,0.16569311256753283,0.15278682404896243,210.615812064145,0.9950209713914053,valid,True
FFIV,bear,0.25,0.024354845536692066,0.02,0.15875086075367556,0.44999999999999996,0.09669474073571364,0.0,0.5,0.05218639206523035,113.61878847610656,-0.3200614247849444,-0.18147500534978458,115.60403457588612,-0.5946287799167371,valid,True
FFIV,base,0.5,0.06731413934061525,0.025,0.19959417324742823,0.6,0.56406400448853,-0.03187497234300081,1.0,0.09808551912082034,181.4177307535932,-0.21161890564690114,-0.0945015248697018,227.9902429543307,-0.3848175360354553,valid,True
FFIV,bull,0.25,0.1016815743837538,0.030000000000000002,0.23530591954698954,0.6,0.6,-0.03187497234300081,1.5,0.14557543251167174,234.12959557259072,-0.12500662948878016,-0.03640467736840943,306.2898750629641,-0.16564526724412842,valid,True
FSLR,bear,0.25,-0.1376191149390475,0.02,0.060983437955204695,0.24182653504687712,0.13057706087635387,0.0017554717857244666,0.5,0.0,42.40167701636241,-0.4071815494564362,-0.26737920236628276,32.869010877528595,-0.7258459608511075,valid,True
FSLR,base,0.5,0.060614357135754304,0.025,0.15890352931345095,0.32243538006250283,0.20359833715860215,0.0017554717857244666,1.0,0.16589831332477947,91.7378996195284,-0.18545155775791494,-0.08595150069450028,94.6653463822461,-0.32327804251874326,valid,True
FSLR,bull,0.25,0.21920113479559575,0.030000000000000002,0.23967634082348271,0.3546789180687531,0.24197000099583196,0.0017554717857244666,1.5,0.5113382797714537,165.5294428068635,0.00040885187336246493,0.06082229612220545,206.25881548393764,0.3086395006598788,valid,True
CTSH,bear,0.25,-0.0003284581320539687,0.02,0.1284183767820208,0.11265054491636353,0.0863498630538932,0.0,0.5,0.03317545864630751,52.46444517926414,0.15033502981532368,0.12701890808530153,54.169011453822804,0.6746705605643839,valid,True
CTSH,base,0.5,0.048399795863746764,0.025,0.14961661544644123,0.15020072655515138,0.14161278541423217,-0.03662529090613505,1.0,0.29107606663236857,73.89493640980443,0.3027518602088094,0.22348366316873583,96.42018410065766,1.5605449137179401,valid,True
CTSH,bull,0.25,0.08738239906038735,0.030000000000000002,0.16555208966253307,0.1652207992106665,0.15020072655515138,-0.03662529090613505,1.5,0.45942108748381755,92.74601035181956,0.40215554099995643,0.2853774237097241,127.5974184723678,2.2893751768103514,valid,True
ULTA,bear,0.25,0.003620564460120518,0.02,0.1075647745505987,0.13583046882634028,0.08508809872637874,0.0,0.5,0.05077249329760873,240.46223187816366,-0.14825737765640953,-0.06670690389437364,250.954866271549,-0.2642107166712434,valid,True
ULTA,base,0.5,0.09264420132009099,0.025,0.13493027782983869,0.18110729176845372,0.17434754057829166,-0.05,1.0,0.43684249421178495,449.333403109023,0.05258527671394406,0.07506273144099398,626.8108309096348,0.42644248399457463,valid,True
ULTA,bull,0.25,0.16386311080806737,0.030000000000000002,0.15884696320774802,0.1992180209452991,0.18110729176845372,-0.05,1.5,0.6881430103358769,673.8064320303677,0.19997195992909844,0.17557341005012866,980.081696929323,1.2185623946845188,valid,True
AKAM,bear,0.25,0.016153338434288456,0.02,0.13984080685678468,0.02,0.07090986104525582,0.0,0.5,0.8461335373715382,14.187477019766181,-0.43488960659014997,-0.2574746938364113,31.682061995811658,-0.7961833506732907,valid,True
AKAM,base,0.5,0.06933572786135878,0.025,0.17709245816795977,0.02,0.07090986104525582,-0.04550805924202509,1.0,1.2,37.70377463742389,-0.26601173258968625,-0.12488922992779401,73.07696436514814,-0.511718882670864,valid,True
AKAM,bull,0.25,0.11188163940301503,0.030000000000000002,0.20361496290102904,0.022000000000000002,0.07090986104525582,-0.04550805924202509,1.5,1.2,57.073593182368526,-0.14802402263740072,-0.06084173233830367,102.03834496650958,-0.2833655704292437,valid,True
CDW,bear,0.25,-0.02202451647206527,0.02,0.060396658344981716,0.21792406240867818,0.08099279241570485,0.0,0.5,0.0,56.564314044084114,-0.18970732112065886,-0.09445834756479593,56.787946853759486,-0.3497419315665178,valid,True
CDW,base,0.5,0.05273526833712139,0.025,0.0706090264135506,0.29056541654490425,0.25873133493967887,-0.022681784348783502,1.0,0.16240134573071122,125.57522138318463,0.06339582239743324,0.0779640076158103,149.86597210519741,0.4107484647042736,valid,True
CDW,bull,0.25,0.11254309618447071,0.030000000000000002,0.07815343241908349,0.3196219581993947,0.29056541654490425,-0.022681784348783502,1.5,0.30046270127556723,188.9951046167203,0.20770777790457945,0.17341705060680399,236.26011693013714,1.111224589171885,valid,True
GEN,bear,0.25,-0.02847771621944073,0.02,0.2503096889359569,0.08724337222608272,0.09176371025623395,0.0,0.5,0.0,3.980936382914119,-0.4297616457333788,-0.2791207316098735,3.499762613974745,-0.7284332077567139,valid,True
GEN,base,0.5,0.13670611488344397,0.025,0.355338434982158,0.11632449630144363,0.10750226195400431,-0.019228203558935723,1.0,0.9831539834085306,17.495577599595627,-0.05806644908152518,0.019460304710082733,27.152860076842234,0.10260604867188006,valid,True
GEN,bull,0.25,0.26885317976575174,0.030000000000000002,0.4358914696267881,0.12795694593158802,0.11241441916304626,-0.019228203558935723,1.5,1.2,37.0789127127885,0.16425855476409196,0.16928936578333378,59.651292543195254,1.2735467954305704,valid,True
NDSN,bear,0.25,-0.014438732070767846,0.02,0.20902032340537896,0.0478641837171691,0.08894422045984961,0.0,0.5,0.0,60.9738573006681,-0.356301889239694,-0.22295785281166902,64.92460717040296,-0.6731759575773342,valid,True
NDSN,base,0.5,0.0479568482672772,0.025,0.2532505691538013,0.06381891162289213,0.08894422045984961,-0.01363786433881285,1.0,0.6795082760118141,82.5492178562328,-0.28206554809003137,-0.1564039516597404,115.7514587427121,-0.5688019815709411,valid,True
NDSN,bull,0.25,0.09787331253771323,0.030000000000000002,0.2846903949071109,0.07020080278518136,0.08894422045984961,-0.01363786433881285,1.5,1.2,101.45938047509374,-0.22140900052618231,-0.10726088715891816,159.8423950174037,-0.4388738389631397,valid,True
TSCO,bear,0.25,-0.00511587174223041,0.02,0.08443396345547091,0.04919880469269723,0.065,0.0,0.5,0.0,17.87830431730776,-0.1008515486726537,-0.04471575873903928,19.597531172726754,-0.18685222804423463,valid,True
TSCO,base,0.5,0.06767176957087806,0.025,0.096563335188451,0.06559840625692964,0.06550385806833475,-0.023342583190100595,1.0,0.9015068967541467,25.072415136090754,-0.00234502775128928,0.03098883039783689,33.43139141791559,0.16454423209188307,valid,True
TSCO,bull,0.25,0.12590188262136484,0.030000000000000002,0.10495570584963805,0.07215824688262261,0.06559840625692964,-0.023342583190100595,1.5,1.2,32.73308306256447,0.07453193122055382,0.08489696255419402,46.99628760116413,0.5271478592223375,valid,True
NWSA,bear,0.25,-0.14961963909006062,0.02,0.04949307811677891,0.05197582948735984,0.08273158683704825,0.0,0.5,0.0,3.534850481411464,-0.47819630277808756,-0.33130954534281054,3.0177283786791635,-0.8239438425399777,valid,True
NWSA,base,0.5,0.01902644994371161,0.025,0.07525118018893645,0.06930110598314645,0.08273158683704825,-0.012879660099238022,1.0,0.2917869732105997,8.415177588398807,-0.2977055764058605,-0.17472836570814249,9.852819867730803,-0.6025717535732964,valid,True
NWSA,bull,0.25,0.1539433211707294,0.030000000000000002,0.09097115107979081,0.0762312165814611,0.08273158683704825,-0.012879660099238022,1.5,1.2,11.950275530088815,-0.19456837603356686,-0.08585975980386135,17.846091778570884,-0.3672476174165823,valid,True
PTC,bear,0.25,-0.012590001800708961,0.02,0.1400453367815651,0.19652157245722596,0.0910957975376505,0.0,0.5,0.0,28.467771919081493,-0.3707060482294763,-0.2261567560315597,25.130875853788574,-0.6638402322794161,valid,True
PTC,base,0.5,0.08479420975888219,0.025,0.21465823542404253,0.26202876327630126,0.18861305449155075,0.0,1.0,0.27796707085284034,65.01338045901133,-0.14536538065876806,-0.050946900929557136,74.65515219201339,-0.2122060592720466,valid,True
PTC,bull,0.25,0.1627015790065551,0.030000000000000002,0.2722219037179654,0.2882316396039314,0.2227996476392809,0.0,1.5,0.47240220883573975,106.48833293344674,0.009489008306991335,0.05801249090582135,132.4419025917868,0.3019916770809381,valid,True
COO,bear,0.25,-0.06569737410583787,0.02,0.12178188177687964,0.03549620232025823,0.08130795920217623,0.0,0.5,0.0,8.883107173628218,-0.44739832927007217,-0.30290679054451175,9.597766469847917,-0.7975715819720618,valid,True
COO,base,0.5,0.06220902894274283,0.025,0.16301111144007413,0.04732826976034431,0.08130795920217623,-0.006412596201342491,1.0,1.1571778015870537,18.950363898900648,-0.27751297486247495,-0.1515775468898937,30.905131430663953,-0.568701510080038,valid,True
COO,bull,0.25,0.16453415138160737,0.030000000000000002,0.1836984958951477,0.052061096736378744,0.08130795920217623,-0.006412596201342491,1.5,1.2,31.300818193611253,-0.16682793012587355,-0.06754084631102156,52.95796007034961,-0.305649259911733,valid,True
ZBRA,bear,0.25,-0.04757988518473549,0.02,0.11318629729262021,0.02,0.11617165760276305,0.0,0.5,0.0,25.353613049089265,-0.4587738229718523,-0.33652343556314,30.62863013470262,-0.81410106934714,valid,True
ZBRA,base,0.5,0.0809001971376937,0.025,0.14730794126744565,0.02,0.11617165760276305,-0.019605721614742118,1.0,1.2,28.124750228249038,-0.3280689564853674,-0.20557849451433866,109.25056342029539,-0.7284707665704768,valid,True
ZBRA,bull,0.25,0.18368426299563706,0.030000000000000002,0.16882591778742842,0.022000000000000002,0.11617165760276305,-0.019605721614742118,1.5,1.2,74.26921151382784,-0.18923563759890374,-0.09665888058952986,196.97087092877535,-0.42508706026810494,valid,True
ALGN,bear,0.25,-0.06964188598507465,0.02,0.1303504533159414,0.02,0.12835527884495085,0.0,0.5,0.0,49.14481658833844,-0.2879015727201476,-0.17697326600609814,51.78080426632804,-0.5730103328067705,valid,True
ALGN,base,0.5,0.07421803057412191,0.025,0.1693170094374621,0.02,0.12835527884495085,-0.039090674805539974,1.0,1.2,51.59851139088427,-0.22547303835744967,-0.12533860609401012,94.0830209988098,-0.49267257751836946,valid,True
ALGN,bull,0.25,0.18930596382147916,0.030000000000000002,0.1984724914471291,0.022000000000000002,0.12835527884495085,-0.039090674805539974,1.5,1.2,75.35917221371189,-0.12537239672965367,-0.0530534362449543,142.4122067771874,-0.24228300248324763,valid,True
APA,bear,0.25,-0.17226254035619298,0.02,0.21129171334618999,0.0486732147862415,0.065,0.020593996919940682,0.5,0.0,24.23314386132419,-0.04334269671235231,-0.03714858365710821,19.924658396866754,-0.14483410049306578,valid,True
APA,base,0.5,0.08353135975188519,0.025,0.3184182911929025,0.06489761971498867,0.065,0.020593996919940682,1.0,1.1067445634669328,78.74217431577081,0.35261417152360086,0.22822186767589306,92.95942466244355,1.8060780854144136,valid,True
APA,bull,0.25,0.28816647983834776,0.030000000000000002,0.40757652486759954,0.07138738168648755,0.065,0.020593996919940682,1.5,1.2,174.14360753930887,0.6954011000692846,0.41936009810306135,219.96609445948945,5.188379496768176,valid,True
TRMB,bear,0.25,-0.11523590164167273,0.02,0.09497091363094821,0.02982788868536948,0.10822355122961748,0.0,0.5,0.0,5.182306185245049,-0.506796366686467,-0.34804807204636745,4.73535607464233,-0.8300766011046601,valid,True
TRMB,base,0.5,-0.0002694490346770717,0.025,0.12922263775761822,0.039770518247159305,0.10822355122961748,-0.030097414991195778,1.0,0.12030119251966455,12.027606999793434,-0.352175359870307,-0.2038256103987805,16.231828079219017,-0.6717561653876907,valid,True
TRMB,bull,0.25,0.09170371305091946,0.030000000000000002,0.14706050243631558,0.04374757007187524,0.10822355122961748,-0.030097414991195778,1.5,1.2,12.18157023648711,-0.2826238623354584,-0.14918344946345308,24.963693942499,-0.5713879065807578,valid,True
HAS,bear,0.25,-0.06763418636518453,0.02,0.016991957131736735,0.20370185134628804,0.06526120123256421,0.0031100678704076845,0.5,0.0,-7.4413370560719185,,-0.95,0.0,-0.9673049747715375,below_lower_bound,True
HAS,base,0.5,0.05328466157724476,0.025,0.10535031530997216,0.2716024684617174,0.2097000882929714,0.0031100678704076845,1.0,0.1753582341557731,51.62720740195385,-0.09672214981401338,-0.03336953138932582,57.490403671794354,-0.14527099865889614,valid,True
HAS,bull,0.25,0.1500197399311882,0.030000000000000002,0.18738765456960926,0.2987627153078891,0.250968341738802,0.0031100678704076845,1.5,0.4217922300481347,153.78946859918418,0.29050139843020595,0.21575804921449165,184.8196977015631,1.5399821212156501,valid,True
PODD,bear,0.25,0.15268107142055093,0.02,0.05288533174400441,0.22388810815171598,0.09682740553881565,0.0,0.5,0.5634281256732032,20.160155444632714,-0.48886189263430413,-0.2957659292529571,23.124329770657408,-0.8037407373239666,valid,True
PODD,base,0.5,0.2428967474340773,0.025,0.09120143577728251,0.2985174775356213,0.1995279901995891,0.0,1.0,0.6676908822649348,55.86346378723866,-0.27405492590623914,-0.12189574769290626,71.74572844678313,-0.4621016699481979,valid,True
PODD,bull,0.25,0.3150692882448984,0.030000000000000002,0.12143526857197785,0.32836922528918344,0.23986600459895024,0.0,1.5,0.785869718359442,95.1226660980785,-0.13273924777167848,-0.01801170843828001,127.3743789781729,-0.08397805656125856,valid,True
TECH,bear,0.25,-0.05858963251412795,0.02,0.15377637051377788,0.02,0.10850621281614177,0.0,0.5,0.0,7.108136398179776,-0.4918656834634021,-0.33921814620262,7.885499522772129,-0.8464260504526034,valid,True
TECH,base,0.5,0.044094105027012775,0.025,0.21244651555028604,0.02,0.10850621281614177,-0.0183679871074059,1.0,1.2,7.992273533223087,-0.42137380634085275,-0.2742246662150137,15.510447993421218,-0.8072052724374135,valid,True
TECH,bull,0.25,0.12624109505992537,0.030000000000000002,0.25380333180202364,0.022000000000000002,0.10850621281614177,-0.0183679871074059,1.5,1.2,12.610588491029338,-0.3431134904851205,-0.2086216985364444,23.94073228933545,-0.6986409312720968,valid,True
JKHY,bear,0.25,0.030053659044395074,0.02,0.20573195476628658,0.17148200421449253,0.073826574786299,0.0,0.5,0.16353277047333492,82.85292791227025,-0.13828185334568832,-0.06050783461250826,86.93219498293375,-0.24762692881510273,valid,True
JKHY,base,0.5,0.06688470198479946,0.025,0.22906459806807788,0.22864267228599003,0.2263513940429946,-0.0098907318006419,1.0,0.25589169774335513,127.82686983554741,0.00443426192505288,0.034500152844702855,152.55474597574826,0.17438259832320635,valid,True
JKHY,bull,0.25,0.09634953633712295,0.030000000000000002,0.2484527489911369,0.2515069395145891,0.22864267228599003,-0.0098907318006419,1.5,0.3303273827356131,161.05021847901122,0.08432108107954266,0.08819271047832444,198.7297998883402,0.49699253725774395,valid,True
DPZ,bear,0.25,0.01077720419385822,0.02,0.15979682369482598,0.44999999999999996,0.07963741248142789,0.0,0.5,0.028048363011303503,114.60133460694459,-0.24352081456454466,-0.12205260440532581,118.01425583844448,-0.4337087433897051,valid,True
DPZ,base,0.5,0.055801431187487815,0.025,0.17766900952576264,0.6,0.5926628875159881,-0.025633308887627642,1.0,0.08273524158331709,269.99369769041806,0.021869140228955093,0.053097807314770776,327.2968547434436,0.26836267586140594,valid,True
DPZ,bull,0.25,0.09182081278239149,0.030000000000000002,0.1925003902586659,0.6,0.6,-0.025633308887627642,1.5,0.132427750376522,386.4632188286054,0.1454387377598324,0.13396764186618387,482.537901174199,0.7945039667129166,valid,True
HSIC,bear,0.25,-0.07715277521662689,0.02,0.04698815142721298,0.02,0.0751149337245169,0.0,0.5,0.0,13.959024723533284,-0.3799764271941966,-0.2701879904430825,15.41773922228434,-0.7359533223595576,valid,True
HSIC,base,0.5,0.02502973226483185,0.025,0.05769458738710034,0.02,0.0751149337245169,-0.05,1.0,1.2,19.553155889032926,-0.24156155182281508,-0.15177710371790454,48.01627072571899,-0.5983164351720107,valid,True
HSIC,bull,0.25,0.10677573824999884,0.030000000000000002,0.0651401252678688,0.022000000000000002,0.0751149337245169,-0.05,1.5,1.2,42.70200762395146,-0.0980728431837633,-0.04457284989766774,83.24270309596797,-0.2173464684367572,valid,True
SWKS,bear,0.25,-0.1677833565355627,0.02,0.20259971227721946,0.047890178822207655,0.1137315739064151,0.0,0.5,0.0,28.951295114182482,-0.12120928210206326,-0.06282951894681899,30.256973603121466,-0.2467869557431529,valid,True
SWKS,base,0.5,-0.009260746278396015,0.025,0.27206351044866306,0.06385357176294354,0.1137315739064151,-0.04615285171427967,1.0,0.0,56.20859815589373,0.0997219745302573,0.09930791844381022,76.84299223691079,0.5603935592695981,valid,True
SWKS,bull,0.25,0.11755734192733733,0.030000000000000002,0.32403634553336214,0.0702389289392379,0.1137315739064151,-0.04615285171427967,1.5,1.2,71.27758288276705,0.1829911479493603,0.15729218352353203,117.56054654598361,1.0898256193614233,valid,True
TTD,bear,0.25,0.13516997523773255,0.02,0.13084381195061373,0.3305021447327149,0.09524200879832215,0.0,0.5,0.33928972013441283,17.542083379892052,-0.014446385297924254,0.07637862055562437,20.26157096616851,0.4036461632096118,valid,True
TTD,base,0.5,0.19770900498534427,0.025,0.1711063344506371,0.44066952631028655,0.4102028192657313,-0.05,1.0,0.37027113119091715,36.465835674921166,0.24483527736738325,0.2776529591996223,53.985641429314626,2.2890591983612936,valid,True
TTD,bull,0.25,0.24774022878343366,0.030000000000000002,0.206538525129119,0.4847364789413153,0.44066952631028655,-0.05,1.5,0.42124368991727457,48.287612562380566,0.43375545218586925,0.36107523157261306,72.356277291701,3.437016792594103,valid,True
